forecast_id,forecast_kst_dtm,kpx_group_1,kpx_group_2,kpx_group_3
forecast_0001,2025-01-01 01:00:00,17913.097241158463,18874.403708344493,16043.982495754746
forecast_0002,2025-01-01 02:00:00,17659.02933927079,18744.343113358333,15994.170836720445
forecast_0003,2025-01-01 03:00:00,17395.759906578685,18835.328897529125,16940.925613273223
forecast_0004,2025-01-01 04:00:00,17549.533640290625,18983.002091655344,17635.845052644952
forecast_0005,2025-01-01 05:00:00,17165.851968178635,18465.69286661415,17487.97222343006
forecast_0006,2025-01-01 06:00:00,16564.421625067294,18514.154999935115,17038.626590160016
forecast_0007,2025-01-01 07:00:00,16532.847949658833,17809.598136374345,14612.193176080204
forecast_0008,2025-01-01 08:00:00,15735.39354176326,17560.745527839084,13859.04162164725
forecast_0009,2025-01-01 09:00:00,14570.132612572716,17377.29494172911,13052.045224357273
forecast_0010,2025-01-01 10:00:00,14341.427305015255,17082.502036561036,11421.584152445039
forecast_0011,2025-01-01 11:00:00,15043.68983437789,17077.35510951349,11662.023830144699
forecast_0012,2025-01-01 12:00:00,15135.619961116807,16326.741103314835,11406.477174816235
forecast_0013,2025-01-01 13:00:00,15508.25479804082,16140.530241235036,11255.16840058259
forecast_0014,2025-01-01 14:00:00,15441.869458884787,16015.5949341039,11124.53544365721
forecast_0015,2025-01-01 15:00:00,13902.204670718062,15788.850859753593,10566.961703856105
forecast_0016,2025-01-01 16:00:00,14042.612097546,15918.21175815734,10740.770844034978
forecast_0017,2025-01-01 17:00:00,14291.719838456265,15920.275760864664,10508.893333090444
forecast_0018,2025-01-01 18:00:00,13185.602341311082,16078.824243129498,11252.518694071878
forecast_0019,2025-01-01 19:00:00,13794.011951579754,17455.861939780894,13012.042366641681
forecast_0020,2025-01-01 20:00:00,14649.714332767617,17940.73970221752,13771.213760204395
forecast_0021,2025-01-01 21:00:00,15607.166236714675,17986.10324270344,14112.354408748597
forecast_0022,2025-01-01 22:00:00,15437.017160205658,17970.754773521814,14370.173451459348
forecast_0023,2025-01-01 23:00:00,17700.91009059316,18044.56432621241,13949.184000672793
forecast_0024,2025-01-02 00:00:00,17241.825985186682,17109.172343418562,13897.650384701454
forecast_0025,2025-01-02 01:00:00,12526.30773525483,13050.369757909948,9988.817642762926
forecast_0026,2025-01-02 02:00:00,12317.023704435253,12647.85715999364,9738.009553724098
forecast_0027,2025-01-02 03:00:00,11856.097824441844,12687.786091108654,9044.335999701156
forecast_0028,2025-01-02 04:00:00,10977.047245756981,12688.432994064422,8645.348403516347
forecast_0029,2025-01-02 05:00:00,10079.127468529363,10140.805696782689,7818.963701453964
forecast_0030,2025-01-02 06:00:00,8750.298347382124,8562.451529252823,7095.12346709083
forecast_0031,2025-01-02 07:00:00,6473.249487831114,7056.502134243748,6492.546355186523
forecast_0032,2025-01-02 08:00:00,5418.782180637763,6546.474511599785,5174.34659190137
forecast_0033,2025-01-02 09:00:00,6169.548678598182,6283.832615728392,5176.223976312218
forecast_0034,2025-01-02 10:00:00,5063.072390662801,5398.860320083757,4262.851947874863
forecast_0035,2025-01-02 11:00:00,5041.666598027822,5003.8847855645035,4119.787184167077
forecast_0036,2025-01-02 12:00:00,5043.122311270232,5172.373150400588,3805.4759817806303
forecast_0037,2025-01-02 13:00:00,4890.426065667147,5078.131142093518,4219.022028304386
forecast_0038,2025-01-02 14:00:00,6258.092146132627,6144.475535288617,4440.379242888275
forecast_0039,2025-01-02 15:00:00,6927.139564341987,6875.671875170158,5051.006832080114
forecast_0040,2025-01-02 16:00:00,8326.066800590328,8425.183434312874,6429.548260737096
forecast_0041,2025-01-02 17:00:00,8841.370579877232,9380.913993252538,6828.311404422259
forecast_0042,2025-01-02 18:00:00,10182.164480503732,10404.775636668746,7374.722488429651
forecast_0043,2025-01-02 19:00:00,9797.848848837355,11336.925000265805,6875.587825008658
forecast_0044,2025-01-02 20:00:00,10454.404293861126,11225.928813348757,7375.868662611068
forecast_0045,2025-01-02 21:00:00,10023.129946213618,13482.568982538305,7401.219054562127
forecast_0046,2025-01-02 22:00:00,9308.986231313122,12696.269071036064,7692.92550162747
forecast_0047,2025-01-02 23:00:00,9424.744312173307,12131.117601497048,9267.35162813212
forecast_0048,2025-01-03 00:00:00,10481.918221653408,12736.782493879447,9444.3663999852
forecast_0049,2025-01-03 01:00:00,11465.578924439595,12737.27020768777,9422.740056615332
forecast_0050,2025-01-03 02:00:00,11248.316462231473,13198.068373007427,9675.074561935273
forecast_0051,2025-01-03 03:00:00,12547.999768203808,13672.75258885074,9754.146802564592
forecast_0052,2025-01-03 04:00:00,14484.20736356506,13788.0484413206,9843.76421789527
forecast_0053,2025-01-03 05:00:00,12806.646706573705,14969.684899938195,9874.898216743131
forecast_0054,2025-01-03 06:00:00,12441.28855157124,13148.018138409281,9701.695393151933
forecast_0055,2025-01-03 07:00:00,12128.948279220036,12134.012445824814,10990.29353466643
forecast_0056,2025-01-03 08:00:00,11538.009282902964,11986.28545521335,9917.111393211271
forecast_0057,2025-01-03 09:00:00,11155.639727942336,13270.44492259224,9816.856480295926
forecast_0058,2025-01-03 10:00:00,11961.15492772819,11196.27162906917,9398.059709545847
forecast_0059,2025-01-03 11:00:00,11108.1913330984,10529.887129517512,9426.633374199268
forecast_0060,2025-01-03 12:00:00,11494.01096191879,11204.387712667914,9361.489107536105
forecast_0061,2025-01-03 13:00:00,11902.286299862899,11391.421439261054,9429.381335339074
forecast_0062,2025-01-03 14:00:00,12783.213129421252,12259.725956913177,9796.081752626842
forecast_0063,2025-01-03 15:00:00,12531.019971847694,12222.911155458676,10423.779441062163
forecast_0064,2025-01-03 16:00:00,13310.322901142727,13728.59048677295,10271.532760505697
forecast_0065,2025-01-03 17:00:00,11922.592909115312,13397.270026154049,9555.753981413576
forecast_0066,2025-01-03 18:00:00,11178.385610852163,11331.58007220807,8935.31430338306
forecast_0067,2025-01-03 19:00:00,11080.53786761372,11306.322689228633,9038.993959832133
forecast_0068,2025-01-03 20:00:00,12491.291875941637,12821.530841974185,10353.299051160004
forecast_0069,2025-01-03 21:00:00,13197.290640210596,15623.621568572864,10957.528907364242
forecast_0070,2025-01-03 22:00:00,13484.4166265516,16391.758296911143,10837.344073267048
forecast_0071,2025-01-03 23:00:00,16070.279271037118,15494.00592402151,10499.709284485009
forecast_0072,2025-01-04 00:00:00,15361.442553360184,14759.733517203113,10310.307777723368
forecast_0073,2025-01-04 01:00:00,15114.891941198206,16153.198837585158,12754.585182941857
forecast_0074,2025-01-04 02:00:00,15183.039101238099,15979.89026512151,12355.497496618293
forecast_0075,2025-01-04 03:00:00,15291.38257437035,15941.918119815688,12361.307591670296
forecast_0076,2025-01-04 04:00:00,15688.012123460536,16068.447341298852,12608.5650740598
forecast_0077,2025-01-04 05:00:00,17608.168232821175,16952.385529540203,12957.901027905975
forecast_0078,2025-01-04 06:00:00,17151.985048417628,17507.230809252167,12514.704082562019
forecast_0079,2025-01-04 07:00:00,16758.494196156345,17802.41276601446,12385.910853028248
forecast_0080,2025-01-04 08:00:00,15264.646470845719,17900.842906310492,11718.444509654475
forecast_0081,2025-01-04 09:00:00,14212.09996781657,15143.625911416271,10805.079710999393
forecast_0082,2025-01-04 10:00:00,12529.035306586185,13561.877873644,9759.448894666953
forecast_0083,2025-01-04 11:00:00,11239.026679616476,11668.631109774546,9134.304906723484
forecast_0084,2025-01-04 12:00:00,10737.272903275083,12344.444583241606,8884.51843898136
forecast_0085,2025-01-04 13:00:00,11544.441972312363,11016.176081656267,9687.094872126274
forecast_0086,2025-01-04 14:00:00,11182.405908081957,11930.71408690597,9527.456023676148
forecast_0087,2025-01-04 15:00:00,11241.956139614556,9957.844028259979,9496.313098673038
forecast_0088,2025-01-04 16:00:00,11026.952502282254,11966.628593403948,8650.196690458035
forecast_0089,2025-01-04 17:00:00,11706.029662396011,12954.348212560673,9691.332418278924
forecast_0090,2025-01-04 18:00:00,12940.980903312304,13686.266665982404,10552.297833141076
forecast_0091,2025-01-04 19:00:00,13880.088622169642,15177.13587109515,11233.023246396157
forecast_0092,2025-01-04 20:00:00,14419.796738266094,17740.492102643704,12474.038658119909
forecast_0093,2025-01-04 21:00:00,17841.867064229264,18165.643537905362,13948.136461153505
forecast_0094,2025-01-04 22:00:00,18257.297352126556,18504.06475908086,16004.39014728387
forecast_0095,2025-01-04 23:00:00,19872.83036566884,19881.459465826043,17016.955729016754
forecast_0096,2025-01-05 00:00:00,18635.780932013957,19278.584475100015,17050.32739717739
forecast_0097,2025-01-05 01:00:00,17910.935748315685,17954.79552864739,14707.872011285977
forecast_0098,2025-01-05 02:00:00,17980.22567033452,18034.314669560354,14404.896428086171
forecast_0099,2025-01-05 03:00:00,17888.563507650484,18386.149482198183,13318.752869599475
forecast_0100,2025-01-05 04:00:00,16754.238231680036,17965.064447942794,13269.642803085133
forecast_0101,2025-01-05 05:00:00,15483.613654754263,16016.314427166362,11041.049710745885
forecast_0102,2025-01-05 06:00:00,14286.755904611113,15097.210352239372,9833.607157693354
forecast_0103,2025-01-05 07:00:00,13229.96011492577,16608.84661180649,8797.197446867985
forecast_0104,2025-01-05 08:00:00,13717.55805709131,16157.067768891182,9817.076596598677
forecast_0105,2025-01-05 09:00:00,13888.494325011483,17561.220592001016,10804.973250444667
forecast_0106,2025-01-05 10:00:00,16279.173093011352,15618.12215478524,13844.311144679077
forecast_0107,2025-01-05 11:00:00,17206.170516264712,17674.6616967679,15014.465611935197
forecast_0108,2025-01-05 12:00:00,16881.350001955303,17338.76980027343,14719.351252050536
forecast_0109,2025-01-05 13:00:00,16278.185433549423,16889.193392933143,13392.700711978207
forecast_0110,2025-01-05 14:00:00,12939.106957695303,14598.683350313966,12367.398890282477
forecast_0111,2025-01-05 15:00:00,12182.649169545157,13588.38446492594,11864.98404325768
forecast_0112,2025-01-05 16:00:00,12890.5819486148,13504.097395829522,10856.086796001844
forecast_0113,2025-01-05 17:00:00,11064.700624657058,12738.2241717115,11553.768521888007
forecast_0114,2025-01-05 18:00:00,11091.673965390542,12794.37576825473,11002.596921629574
forecast_0115,2025-01-05 19:00:00,12947.013856220856,15813.319169018765,10905.2573334989
forecast_0116,2025-01-05 20:00:00,12101.499689202477,13804.350252880171,12559.38156342453
forecast_0117,2025-01-05 21:00:00,14447.135004581754,12814.549894735748,11948.037468690653
forecast_0118,2025-01-05 22:00:00,13949.986593418495,13384.996911675535,11554.605719677806
forecast_0119,2025-01-05 23:00:00,14223.589184714448,13360.387203999588,10958.77194889086
forecast_0120,2025-01-06 00:00:00,14106.403288264595,14377.320660184007,9791.881997114207
forecast_0121,2025-01-06 01:00:00,11201.393439974789,11521.782574336994,8221.181060500034
forecast_0122,2025-01-06 02:00:00,10934.007013734645,11299.230174413333,8132.7291037876175
forecast_0123,2025-01-06 03:00:00,10000.064375107777,11358.847059483052,7294.98341031599
forecast_0124,2025-01-06 04:00:00,9176.131091768006,10399.36707312849,6213.093181912599
forecast_0125,2025-01-06 05:00:00,7927.513506252554,8725.21820162264,5546.461564591912
forecast_0126,2025-01-06 06:00:00,5664.095025511037,6683.48775512385,4564.797016877601
forecast_0127,2025-01-06 07:00:00,4118.365165722311,4168.67987791669,3799.7041668843585
forecast_0128,2025-01-06 08:00:00,4499.100496298688,4293.560804783727,3474.319343120927
forecast_0129,2025-01-06 09:00:00,3867.0565838508096,4168.5078616309665,3766.1043706900296
forecast_0130,2025-01-06 10:00:00,7671.956877944507,7680.346236912824,5324.909514847562
forecast_0131,2025-01-06 11:00:00,8223.143650001462,7874.157505975832,6935.2288890630325
forecast_0132,2025-01-06 12:00:00,7545.556711405001,7599.130317179734,5988.73768385957
forecast_0133,2025-01-06 13:00:00,7782.720289869173,7685.518209183621,6371.629264044819
forecast_0134,2025-01-06 14:00:00,7850.438442841818,7721.132642276784,6844.614975216606
forecast_0135,2025-01-06 15:00:00,8101.277066816959,8108.97092444121,7604.057747427323
forecast_0136,2025-01-06 16:00:00,8918.799985377042,8563.558759488493,7851.704200408409
forecast_0137,2025-01-06 17:00:00,9640.386687043603,9832.295023233944,9264.858458731405
forecast_0138,2025-01-06 18:00:00,10918.1291377851,10925.14463356821,9788.542357338772
forecast_0139,2025-01-06 19:00:00,12972.922728472886,12495.938606800633,11566.147075556783
forecast_0140,2025-01-06 20:00:00,13923.355476777597,14494.304627010386,11890.55873277559
forecast_0141,2025-01-06 21:00:00,13458.242447719078,14730.184053682435,11909.386740875661
forecast_0142,2025-01-06 22:00:00,13316.511239292988,15109.869978679286,12241.932250347498
forecast_0143,2025-01-06 23:00:00,14559.976847833303,15606.227058030907,13314.085748464582
forecast_0144,2025-01-07 00:00:00,15162.04127504189,15925.637503143616,14368.352177078545
forecast_0145,2025-01-07 01:00:00,16388.212268125673,18313.79611944456,16596.080517062426
forecast_0146,2025-01-07 02:00:00,16444.111121812766,18398.846972586627,16954.61903729743
forecast_0147,2025-01-07 03:00:00,16361.043912077053,18397.331113525466,17380.370744739797
forecast_0148,2025-01-07 04:00:00,16472.508189879267,18228.19484655928,16671.313890199443
forecast_0149,2025-01-07 05:00:00,16178.006581533768,18039.07915139066,16124.621173523721
forecast_0150,2025-01-07 06:00:00,15690.342063203627,17805.600453401774,15735.596086557896
forecast_0151,2025-01-07 07:00:00,15454.096510496185,16844.562108088547,15600.792936533002
forecast_0152,2025-01-07 08:00:00,14864.3160300288,17046.194267467512,15432.438424665575
forecast_0153,2025-01-07 09:00:00,14723.01325100228,17268.766808981985,15491.437092226548
forecast_0154,2025-01-07 10:00:00,14779.449518355013,17404.288115651187,15220.072746643153
forecast_0155,2025-01-07 11:00:00,15058.834078678714,17226.933526379828,15275.348948302399
forecast_0156,2025-01-07 12:00:00,15725.796770380452,17460.681049784267,14922.20126184363
forecast_0157,2025-01-07 13:00:00,15465.160139515725,17225.584045289834,14922.592783860842
forecast_0158,2025-01-07 14:00:00,15322.532730352557,17281.182564643863,14432.936731613123
forecast_0159,2025-01-07 15:00:00,15156.433215622541,17082.187965745125,14623.579139192805
forecast_0160,2025-01-07 16:00:00,15252.724537369377,17578.683755030594,14842.614329499133
forecast_0161,2025-01-07 17:00:00,15674.18174319539,17388.52062911932,15095.17276993537
forecast_0162,2025-01-07 18:00:00,16006.678891220157,18161.97202518847,15704.451111957635
forecast_0163,2025-01-07 19:00:00,16663.881055205216,18065.840383242816,16248.222967701313
forecast_0164,2025-01-07 20:00:00,17372.716517377463,18328.22865824469,16488.485482712815
forecast_0165,2025-01-07 21:00:00,16496.91550985925,19897.08890943165,17660.74469108066
forecast_0166,2025-01-07 22:00:00,16409.258492875822,19881.168998372632,17738.696099503035
forecast_0167,2025-01-07 23:00:00,15929.486295780142,18466.262112761222,17750.54373915528
forecast_0168,2025-01-08 00:00:00,15644.865140719321,18832.62716859039,16869.937446534343
forecast_0169,2025-01-08 01:00:00,14814.809707839962,17597.44627948919,15921.036040696172
forecast_0170,2025-01-08 02:00:00,14633.828960854964,17656.61233794603,15948.61644278405
forecast_0171,2025-01-08 03:00:00,13972.359969475092,17277.499357364093,15563.904574841703
forecast_0172,2025-01-08 04:00:00,14040.44081785252,17039.83484135954,15133.257478184742
forecast_0173,2025-01-08 05:00:00,13778.547389488234,16316.516817816053,14631.363428366458
forecast_0174,2025-01-08 06:00:00,13121.815838367336,16095.024961623298,14587.65575535828
forecast_0175,2025-01-08 07:00:00,13452.106685820438,16989.198033432753,14553.405388648831
forecast_0176,2025-01-08 08:00:00,13315.520006059134,17248.984704967614,14220.516910759037
forecast_0177,2025-01-08 09:00:00,13231.090813607998,15489.585146766238,14476.918989532685
forecast_0178,2025-01-08 10:00:00,13794.457665557406,15823.378458877562,13635.926286105807
forecast_0179,2025-01-08 11:00:00,14476.052996636921,16925.435738203392,14653.904069692151
forecast_0180,2025-01-08 12:00:00,15153.36183437793,17474.843743584075,16176.201181766466
forecast_0181,2025-01-08 13:00:00,15899.616319935243,17761.107807316883,16637.67407115253
forecast_0182,2025-01-08 14:00:00,15790.067012018571,17836.769698414613,16606.413419153792
forecast_0183,2025-01-08 15:00:00,15406.69266442016,17666.375405158517,16627.2996252938
forecast_0184,2025-01-08 16:00:00,15565.910355841144,17182.742340020865,16447.433292266527
forecast_0185,2025-01-08 17:00:00,15447.42717821964,17092.65206297399,15884.757940222424
forecast_0186,2025-01-08 18:00:00,15425.41659062484,17166.999966409392,15620.852604930391
forecast_0187,2025-01-08 19:00:00,15580.585404329026,17451.046327417745,15940.93606192593
forecast_0188,2025-01-08 20:00:00,15568.604191191776,17782.427316798898,16354.711437080818
forecast_0189,2025-01-08 21:00:00,15547.040609007774,17968.39487857829,16230.187530268617
forecast_0190,2025-01-08 22:00:00,15940.892389817023,17594.827159988174,16172.312030900297
forecast_0191,2025-01-08 23:00:00,15885.687841783372,17575.14576277344,16173.40711679949
forecast_0192,2025-01-09 00:00:00,15514.473916109504,18065.098347891675,16301.315238483601
forecast_0193,2025-01-09 01:00:00,15641.985387167579,17850.440172494797,15761.424438950957
forecast_0194,2025-01-09 02:00:00,15801.506123106605,17717.377965252435,15687.384073668543
forecast_0195,2025-01-09 03:00:00,15772.689955341733,17800.604421870798,15642.613696174043
forecast_0196,2025-01-09 04:00:00,14939.881239430391,17175.185760595043,15168.341166004979
forecast_0197,2025-01-09 05:00:00,16160.938764023796,17003.876205969893,14944.000377452587
forecast_0198,2025-01-09 06:00:00,15928.573759008163,16697.875028307233,14711.97798819046
forecast_0199,2025-01-09 07:00:00,14229.329685182573,16925.35295110486,13499.38858248056
forecast_0200,2025-01-09 08:00:00,13722.333759203164,16825.434413820218,13455.851596296685
forecast_0201,2025-01-09 09:00:00,13720.89205750851,16677.807453352736,13048.998505027243
forecast_0202,2025-01-09 10:00:00,13848.520840260564,16712.315703670756,13363.12242215932
forecast_0203,2025-01-09 11:00:00,14100.093552175687,16436.642469378847,13591.638120233025
forecast_0204,2025-01-09 12:00:00,14270.01138455396,16585.540760575714,13448.439023938441
forecast_0205,2025-01-09 13:00:00,15781.116241546406,16558.713425041733,13338.431667041406
forecast_0206,2025-01-09 14:00:00,13523.646764287883,16511.24516617023,13272.345274377498
forecast_0207,2025-01-09 15:00:00,13788.722977868656,16367.739736511372,12134.024770915275
forecast_0208,2025-01-09 16:00:00,13488.982595778281,14717.307032929559,11566.068954546527
forecast_0209,2025-01-09 17:00:00,13673.449084013722,14737.86856786094,11353.098492711793
forecast_0210,2025-01-09 18:00:00,12114.875740379648,13809.356732548826,10281.871105051341
forecast_0211,2025-01-09 19:00:00,11067.499616606863,12351.320818515715,9643.354024334687
forecast_0212,2025-01-09 20:00:00,11438.734415400704,17214.550376190175,9727.292123040785
forecast_0213,2025-01-09 21:00:00,17041.801933124665,17868.081038912063,11873.297842303993
forecast_0214,2025-01-09 22:00:00,18043.049262506433,18978.13367851912,14340.994490209327
forecast_0215,2025-01-09 23:00:00,19881.771016343617,19874.748224504314,16915.998106884086
forecast_0216,2025-01-10 00:00:00,20324.335612515948,20317.02625947557,17909.456117019665
forecast_0217,2025-01-10 01:00:00,13564.723031875139,15670.956041828174,10958.12469354864
forecast_0218,2025-01-10 02:00:00,15646.148675780001,16104.113501693493,10753.99456593787
forecast_0219,2025-01-10 03:00:00,14248.481856806779,17424.099410652612,11420.787515933536
forecast_0220,2025-01-10 04:00:00,14040.047131814557,15386.70190838313,11635.932642676045
forecast_0221,2025-01-10 05:00:00,14651.06020786157,16053.613861051179,12020.093166622344
forecast_0222,2025-01-10 06:00:00,14627.138207299862,15845.244371755525,12061.129918297393
forecast_0223,2025-01-10 07:00:00,13877.90858214799,17166.288959312133,10868.946939935135
forecast_0224,2025-01-10 08:00:00,11976.336522973455,11086.27051993697,9816.872124208288
forecast_0225,2025-01-10 09:00:00,9059.840825913177,8571.565139154563,8350.797364817405
forecast_0226,2025-01-10 10:00:00,7787.1192558982275,7620.497386062053,6457.663511682639
forecast_0227,2025-01-10 11:00:00,5039.295415047818,4516.050381962457,4202.7153394457355
forecast_0228,2025-01-10 12:00:00,4119.242173503233,4068.475909125423,3730.3105602963124
forecast_0229,2025-01-10 13:00:00,3469.279253172628,3451.650084718109,3358.848613037636
forecast_0230,2025-01-10 14:00:00,3665.1282353044576,3729.8178946952207,3088.0088920060275
forecast_0231,2025-01-10 15:00:00,3906.034564125642,3875.7654992767684,3348.3979730020505
forecast_0232,2025-01-10 16:00:00,5018.6827999399275,4745.240817381224,3802.8996103908667
forecast_0233,2025-01-10 17:00:00,6953.648148451136,6609.068135613558,5942.318360186315
forecast_0234,2025-01-10 18:00:00,8437.065792872487,9549.074752294375,7159.212491643441
forecast_0235,2025-01-10 19:00:00,8472.86919737026,10011.93829500198,7662.070208132642
forecast_0236,2025-01-10 20:00:00,9981.42258859274,10081.107559076756,7669.088487964953
forecast_0237,2025-01-10 21:00:00,10390.509416957944,9948.473911193172,7607.185358354931
forecast_0238,2025-01-10 22:00:00,10540.554123368109,10435.818593966851,7597.332421278308
forecast_0239,2025-01-10 23:00:00,10996.470735427909,11079.955444820127,8608.273375889707
forecast_0240,2025-01-11 00:00:00,11824.70863400009,11867.560287863325,8709.841652331523
forecast_0241,2025-01-11 01:00:00,8414.525657571987,8452.607503399484,6411.820877968752
forecast_0242,2025-01-11 02:00:00,8365.944726693784,8587.567198454564,6225.9528442653755
forecast_0243,2025-01-11 03:00:00,7863.579725239602,7808.527083462109,6106.43102936614
forecast_0244,2025-01-11 04:00:00,7787.880382759751,8289.16311446109,6945.010052219377
forecast_0245,2025-01-11 05:00:00,8700.28112547484,8502.000010977823,7277.356882100713
forecast_0246,2025-01-11 06:00:00,7106.381220827113,7914.516298520156,6427.151804059704
forecast_0247,2025-01-11 07:00:00,5491.704569871632,5771.5315174111165,5839.3806803855105
forecast_0248,2025-01-11 08:00:00,4868.382768404872,4772.930596494654,5077.492280073603
forecast_0249,2025-01-11 09:00:00,5031.572200223153,4624.792631910956,4365.74554460829
forecast_0250,2025-01-11 10:00:00,4233.190478097966,4102.128135452509,3839.898464318962
forecast_0251,2025-01-11 11:00:00,4198.936679743458,3885.990412111694,3607.7173809611454
forecast_0252,2025-01-11 12:00:00,3839.83079111943,3879.8796961564603,3798.526716147533
forecast_0253,2025-01-11 13:00:00,3871.212562326756,3794.8401614516833,3325.573055247199
forecast_0254,2025-01-11 14:00:00,3762.4826577870163,3792.1799385551526,3804.9439247747905
forecast_0255,2025-01-11 15:00:00,3766.701164155427,3915.8224170409476,3752.4360048777544
forecast_0256,2025-01-11 16:00:00,3852.562403132896,3778.9953498949353,3804.2737737516245
forecast_0257,2025-01-11 17:00:00,5580.28378383259,5472.340254559624,3811.4194778828114
forecast_0258,2025-01-11 18:00:00,7807.47195608348,7677.708392014036,5733.9277747991155
forecast_0259,2025-01-11 19:00:00,9643.315917731572,9612.88653530924,7352.343598314806
forecast_0260,2025-01-11 20:00:00,10936.256157494901,10930.181133408447,8124.479675393338
forecast_0261,2025-01-11 21:00:00,11987.0060848377,9598.141836587747,9235.444951137062
forecast_0262,2025-01-11 22:00:00,10927.811232348,9905.39402329044,8847.663078986547
forecast_0263,2025-01-11 23:00:00,13113.867537686308,14399.760349186345,9456.682785518251
forecast_0264,2025-01-12 00:00:00,13765.002226720726,14927.714622090101,9811.275472358626
forecast_0265,2025-01-12 01:00:00,10759.25148741284,11178.011249650484,9203.643045196639
forecast_0266,2025-01-12 02:00:00,12226.908043006739,12329.518518209223,9572.257881436946
forecast_0267,2025-01-12 03:00:00,12927.810868796032,12234.113959579803,9322.422544130524
forecast_0268,2025-01-12 04:00:00,15305.039551885498,16850.744295246404,10895.785508703355
forecast_0269,2025-01-12 05:00:00,16504.94970515724,17278.211747767262,12339.626303469919
forecast_0270,2025-01-12 06:00:00,16678.449048262664,16976.80424018994,12976.033392478403
forecast_0271,2025-01-12 07:00:00,17272.855239395827,17237.998780355338,12656.120391654566
forecast_0272,2025-01-12 08:00:00,17473.726516483697,17271.023917750987,13220.717857885706
forecast_0273,2025-01-12 09:00:00,17269.10496661182,17675.899775149286,13331.110372672605
forecast_0274,2025-01-12 10:00:00,15423.35695162484,15650.19698425451,12778.598918269021
forecast_0275,2025-01-12 11:00:00,12781.504122141729,13851.401303259745,10948.329363628915
forecast_0276,2025-01-12 12:00:00,11792.202867708545,12459.834796692689,9187.151659618847
forecast_0277,2025-01-12 13:00:00,11304.17180749617,11077.638692851047,8170.124268626034
forecast_0278,2025-01-12 14:00:00,11154.310206580962,11657.282921811831,8979.314973667313
forecast_0279,2025-01-12 15:00:00,12546.259888828494,13868.835462411267,9300.33699329269
forecast_0280,2025-01-12 16:00:00,12810.956558658861,14640.557545114973,9720.519415414512
forecast_0281,2025-01-12 17:00:00,13591.252912762588,14653.187559787468,11029.509064130309
forecast_0282,2025-01-12 18:00:00,14364.491152153649,15281.843340156342,12198.20802328888
forecast_0283,2025-01-12 19:00:00,15666.699604426392,16541.450446733506,13279.230642679313
forecast_0284,2025-01-12 20:00:00,17896.460827779614,19061.740821399537,13479.287186125139
forecast_0285,2025-01-12 21:00:00,17931.498288337934,19184.519685152547,13574.935776655506
forecast_0286,2025-01-12 22:00:00,16594.26768857604,19892.577986619362,13776.140619375648
forecast_0287,2025-01-12 23:00:00,18699.669950953154,18605.34911945388,13933.953423073079
forecast_0288,2025-01-13 00:00:00,18722.131612946454,19034.886839597966,13955.259661478256
forecast_0289,2025-01-13 01:00:00,20317.62575612394,19905.019412591155,17399.34491108207
forecast_0290,2025-01-13 02:00:00,20324.14715850147,20309.38005756684,17873.816737915524
forecast_0291,2025-01-13 03:00:00,20313.818761870985,20322.365430548532,19324.947296147096
forecast_0292,2025-01-13 04:00:00,20306.282953133858,20334.34324026924,19325.008170900895
forecast_0293,2025-01-13 05:00:00,20335.86934424005,20317.879927903145,19333.594951877552
forecast_0294,2025-01-13 06:00:00,20354.43060443715,20333.37174431761,19335.18968024431
forecast_0295,2025-01-13 07:00:00,20315.03041535349,20305.39296028632,18138.312420280676
forecast_0296,2025-01-13 08:00:00,20333.13674787358,20313.138877252546,17141.1587970381
forecast_0297,2025-01-13 09:00:00,20315.487683388495,20314.576533277803,17106.72838556992
forecast_0298,2025-01-13 10:00:00,19881.00758818921,20325.580226111128,16488.99193382223
forecast_0299,2025-01-13 11:00:00,19872.041242291092,19878.890174927936,16027.294034528792
forecast_0300,2025-01-13 12:00:00,17385.2030814131,17950.189949376974,15022.197944912325
forecast_0301,2025-01-13 13:00:00,14450.556035819312,16922.898667873287,13168.29423996023
forecast_0302,2025-01-13 14:00:00,13248.283768095176,15650.389482989374,11488.870464387657
forecast_0303,2025-01-13 15:00:00,12650.488206481627,15578.58697623368,10496.492509359676
forecast_0304,2025-01-13 16:00:00,12253.402852558436,12692.804417331316,10967.405149603544
forecast_0305,2025-01-13 17:00:00,12024.536002788189,13238.28429595123,10722.110837536451
forecast_0306,2025-01-13 18:00:00,12677.072834628956,13061.827816007,11070.816266880036
forecast_0307,2025-01-13 19:00:00,13417.238893575273,14117.193230608373,11870.236637824988
forecast_0308,2025-01-13 20:00:00,14441.93921165766,16251.686390054414,12841.98358437857
forecast_0309,2025-01-13 21:00:00,16909.30898773765,16781.842189616127,13871.189247708504
forecast_0310,2025-01-13 22:00:00,17023.76074568703,17461.34928261694,14330.637541299151
forecast_0311,2025-01-13 23:00:00,17309.306704440758,18198.031586828223,15613.617478461312
forecast_0312,2025-01-14 00:00:00,17503.394917727703,18501.556209447124,16366.70175177364
forecast_0313,2025-01-14 01:00:00,17236.152490371554,18412.611717491876,17189.430141409197
forecast_0314,2025-01-14 02:00:00,17414.128079804323,17751.197879677544,16956.327623897825
forecast_0315,2025-01-14 03:00:00,17588.835217897704,18036.555696812233,17095.584653778857
forecast_0316,2025-01-14 04:00:00,17820.184363126365,18249.690154986853,17203.06340888573
forecast_0317,2025-01-14 05:00:00,18521.44783811277,18815.7828892517,18019.86196928539
forecast_0318,2025-01-14 06:00:00,18541.40571500689,18915.72755554309,18122.700360898758
forecast_0319,2025-01-14 07:00:00,18849.00324973818,18714.446194539738,17929.660914817505
forecast_0320,2025-01-14 08:00:00,18067.901234382876,18293.804877014696,17161.6285487863
forecast_0321,2025-01-14 09:00:00,17785.707986824105,18082.163210193958,15286.020410937337
forecast_0322,2025-01-14 10:00:00,17159.51688816009,17508.207443609645,14738.955965446263
forecast_0323,2025-01-14 11:00:00,16320.527320988085,16552.152466298037,14222.603160973233
forecast_0324,2025-01-14 12:00:00,15504.777053655414,15776.95000760511,12973.742990526931
forecast_0325,2025-01-14 13:00:00,15083.613857285407,14704.486471056516,12010.147648357246
forecast_0326,2025-01-14 14:00:00,14825.023597229292,14466.478993042281,11213.413737406021
forecast_0327,2025-01-14 15:00:00,14079.194709173182,14096.42441074394,10839.153991721236
forecast_0328,2025-01-14 16:00:00,13311.608017376753,13749.367971523861,10828.408815478388
forecast_0329,2025-01-14 17:00:00,13151.428798463596,14582.18812572745,10711.826759573452
forecast_0330,2025-01-14 18:00:00,13543.679934397414,14624.10396336118,11086.821079527434
forecast_0331,2025-01-14 19:00:00,13002.291552934812,13307.629525452483,11078.444106694258
forecast_0332,2025-01-14 20:00:00,13009.515856768016,13163.005027215908,12126.69656531984
forecast_0333,2025-01-14 21:00:00,13152.885739792719,13560.441214665929,12280.460719912682
forecast_0334,2025-01-14 22:00:00,13224.288128401871,13430.338129502878,11877.746278084162
forecast_0335,2025-01-14 23:00:00,13105.150483839145,12939.594656706193,12141.612215818053
forecast_0336,2025-01-15 00:00:00,13251.330626696534,13542.304866491793,12182.646558084592
forecast_0337,2025-01-15 01:00:00,14862.825558018685,15533.349222674065,11781.81700804547
forecast_0338,2025-01-15 02:00:00,13776.699084287278,13592.349597134473,10700.540357369391
forecast_0339,2025-01-15 03:00:00,12932.318321787283,11860.874204111327,9963.724096479247
forecast_0340,2025-01-15 04:00:00,12506.28451010669,11285.118049050285,8867.558749695872
forecast_0341,2025-01-15 05:00:00,12256.577129800382,11041.092239373707,8945.255244484239
forecast_0342,2025-01-15 06:00:00,12666.462175182967,12366.558007720017,9680.746302204978
forecast_0343,2025-01-15 07:00:00,13311.398037855004,15613.191992665856,10188.720713845136
forecast_0344,2025-01-15 08:00:00,14021.118536264585,15813.579405940127,10943.738338956333
forecast_0345,2025-01-15 09:00:00,13699.243742727822,14198.26973225588,10791.462507502105
forecast_0346,2025-01-15 10:00:00,12983.215351564122,14749.266157378595,10412.860943730882
forecast_0347,2025-01-15 11:00:00,12105.662219336826,13123.567303255328,10099.47277939023
forecast_0348,2025-01-15 12:00:00,12091.414842951486,14047.862377381172,9831.371479785152
forecast_0349,2025-01-15 13:00:00,11779.352942434525,11482.712304666707,9383.848283746294
forecast_0350,2025-01-15 14:00:00,11502.622954319484,11164.241539046201,9055.757213149927
forecast_0351,2025-01-15 15:00:00,11146.317395448928,10644.493612381522,9162.487630266474
forecast_0352,2025-01-15 16:00:00,12036.442468798172,11621.478234495164,9728.654354455377
forecast_0353,2025-01-15 17:00:00,12312.37383082717,12716.273227032314,10228.627704986084
forecast_0354,2025-01-15 18:00:00,12374.222916618506,12468.214520712787,11224.10255961694
forecast_0355,2025-01-15 19:00:00,12749.961335976575,12815.546930273322,11148.51920208453
forecast_0356,2025-01-15 20:00:00,13691.98335612136,14489.522839466266,12416.78644349959
forecast_0357,2025-01-15 21:00:00,15348.795402459064,16222.337184423208,13707.28167987668
forecast_0358,2025-01-15 22:00:00,16999.24376749568,18720.313928094543,15424.349527354052
forecast_0359,2025-01-15 23:00:00,19913.50649809235,19877.512460500795,16391.95339427304
forecast_0360,2025-01-16 00:00:00,20336.92984096664,19911.323575846476,16966.320241560494
forecast_0361,2025-01-16 01:00:00,19896.404460123333,20317.00902184901,16228.751749572646
forecast_0362,2025-01-16 02:00:00,20319.949939788836,19882.63061799457,16355.817021262363
forecast_0363,2025-01-16 03:00:00,20344.515922524613,20318.179271946035,19328.69873026137
forecast_0364,2025-01-16 04:00:00,20304.057317343584,20314.66366534918,19324.474684079196
forecast_0365,2025-01-16 05:00:00,20307.166482205273,20331.425299847677,19335.066879961552
forecast_0366,2025-01-16 06:00:00,20305.198988654567,20314.499286680468,19743.574006009956
forecast_0367,2025-01-16 07:00:00,19876.977726542355,20315.12094950368,19325.097919649394
forecast_0368,2025-01-16 08:00:00,19893.77408292621,20309.504138577213,19322.414944248478
forecast_0369,2025-01-16 09:00:00,19874.54586956195,20312.674746623856,19324.66628679215
forecast_0370,2025-01-16 10:00:00,20312.717717356558,20317.560422813007,19323.85374326904
forecast_0371,2025-01-16 11:00:00,19878.92275851746,19883.06496474292,17646.553567129806
forecast_0372,2025-01-16 12:00:00,19876.40743923656,19881.821195567565,17200.162388020723
forecast_0373,2025-01-16 13:00:00,18237.16685467742,18648.412349349703,16296.39419993429
forecast_0374,2025-01-16 14:00:00,17708.830996399098,18245.99702391019,14610.842462908498
forecast_0375,2025-01-16 15:00:00,16792.899885993276,18568.90654596208,14202.46542515038
forecast_0376,2025-01-16 16:00:00,16712.469260099748,18708.676023106647,14702.040536182443
forecast_0377,2025-01-16 17:00:00,17030.673294596058,18660.475596826323,14897.214608412532
forecast_0378,2025-01-16 18:00:00,17458.781835739468,18726.01424490327,15433.106565474905
forecast_0379,2025-01-16 19:00:00,17222.858092339276,18075.380740313773,13982.458749388063
forecast_0380,2025-01-16 20:00:00,14695.232561727533,16096.735450903507,11394.473882722448
forecast_0381,2025-01-16 21:00:00,12539.016534056042,15107.255014293305,9974.220691069868
forecast_0382,2025-01-16 22:00:00,10722.78481162758,10841.651030124936,7249.461860748178
forecast_0383,2025-01-16 23:00:00,7376.487931382864,7852.5852486112235,5345.753381470216
forecast_0384,2025-01-17 00:00:00,6511.774737218443,6476.649808843614,4248.804169900536
forecast_0385,2025-01-17 01:00:00,3486.154879896446,3586.522700369955,3245.7517454659896
forecast_0386,2025-01-17 02:00:00,3958.6185907358386,3692.747111547401,3460.906983596461
forecast_0387,2025-01-17 03:00:00,3823.013667406104,3518.2223173596403,3339.155587055792
forecast_0388,2025-01-17 04:00:00,3951.601995040194,3401.6942954528276,3286.122467548985
forecast_0389,2025-01-17 05:00:00,3419.7112878424336,3593.758343396392,3258.3083311514765
forecast_0390,2025-01-17 06:00:00,3232.7392119890105,3837.9594419663936,3337.9488888533415
forecast_0391,2025-01-17 07:00:00,3084.456997377313,2886.380009626852,2488.10117688702
forecast_0392,2025-01-17 08:00:00,3356.8378383035642,3225.8826608741365,2806.90956348105
forecast_0393,2025-01-17 09:00:00,3092.010225014445,2964.5687037215157,2776.7682886793073
forecast_0394,2025-01-17 10:00:00,2954.276543645729,3134.8340475818027,2587.253426481325
forecast_0395,2025-01-17 11:00:00,2402.884034709318,3388.7558356659006,2828.35206115491
forecast_0396,2025-01-17 12:00:00,2829.640610791215,3318.9329469280183,2840.5252128827
forecast_0397,2025-01-17 13:00:00,2342.0811300088753,3406.8155251189237,2856.716125163062
forecast_0398,2025-01-17 14:00:00,3058.185242115225,3346.2924195115984,2654.810369202034
forecast_0399,2025-01-17 15:00:00,3543.851323550136,3384.34303310369,3131.866668923249
forecast_0400,2025-01-17 16:00:00,3918.8689058873138,3882.4637413512683,3718.925377204077
forecast_0401,2025-01-17 17:00:00,4649.4504228304395,4772.344518807612,3972.7830778183793
forecast_0402,2025-01-17 18:00:00,7291.425210000517,7606.045071937678,5776.791872439414
forecast_0403,2025-01-17 19:00:00,9052.901624756149,8970.890986063978,7096.95353890245
forecast_0404,2025-01-17 20:00:00,11045.387120564817,11120.126812838998,8537.428358879866
forecast_0405,2025-01-17 21:00:00,12513.937051582385,12529.87554922803,9417.642768524842
forecast_0406,2025-01-17 22:00:00,13866.994720830937,15335.748008708011,10505.947395417794
forecast_0407,2025-01-17 23:00:00,15864.42987900519,15384.558430431758,10080.573422371614
forecast_0408,2025-01-18 00:00:00,15451.370930822892,15188.799263423814,10109.09704950525
forecast_0409,2025-01-18 01:00:00,9827.720420156438,9630.28362476182,7764.415305728214
forecast_0410,2025-01-18 02:00:00,10427.683297861844,10758.160564971977,8452.818055389882
forecast_0411,2025-01-18 03:00:00,13114.635386664771,13207.635015610394,8925.609344834322
forecast_0412,2025-01-18 04:00:00,15042.426397639754,15100.507168435106,10265.939435995313
forecast_0413,2025-01-18 05:00:00,15542.600017760116,15211.487207696166,10451.575457674173
forecast_0414,2025-01-18 06:00:00,15178.57218401218,14732.924305292472,9711.265494541258
forecast_0415,2025-01-18 07:00:00,10690.0035588931,10899.331525160198,8562.679456073354
forecast_0416,2025-01-18 08:00:00,8163.378793534267,7358.296757316747,6844.190629606122
forecast_0417,2025-01-18 09:00:00,6241.81562634363,5725.2646348648095,4958.010399600932
forecast_0418,2025-01-18 10:00:00,4883.771956542498,4721.859574642252,3935.3240370304366
forecast_0419,2025-01-18 11:00:00,4018.4613067638343,3965.035782693506,3757.492922181397
forecast_0420,2025-01-18 12:00:00,4082.934896369073,3981.4480363645057,3775.545957206065
forecast_0421,2025-01-18 13:00:00,3860.9597765974117,3964.0749052998704,3801.6860926329377
forecast_0422,2025-01-18 14:00:00,3902.03878461502,3861.425212389307,3589.0560011838106
forecast_0423,2025-01-18 15:00:00,3929.0634489680288,3849.834213094675,3783.300302598459
forecast_0424,2025-01-18 16:00:00,5476.167874166901,5639.022794679337,3779.693936962001
forecast_0425,2025-01-18 17:00:00,8663.480083853017,8053.057035653301,6521.966029073808
forecast_0426,2025-01-18 18:00:00,12315.663489207058,12554.25465502628,9711.803322868467
forecast_0427,2025-01-18 19:00:00,14725.520717916685,15562.432221563906,12973.328791545244
forecast_0428,2025-01-18 20:00:00,19895.232204079024,17399.389676490737,14348.452883827016
forecast_0429,2025-01-18 21:00:00,19891.073572654248,19204.108146694303,16020.005532398582
forecast_0430,2025-01-18 22:00:00,19364.67582681757,19195.11098483755,16538.03450832608
forecast_0431,2025-01-18 23:00:00,18512.06996450325,18538.62262836805,15962.515386661256
forecast_0432,2025-01-19 00:00:00,18842.614143367267,18836.68052013052,15385.059400944712
forecast_0433,2025-01-19 01:00:00,17032.431500337574,17815.888637716907,14220.049976328097
forecast_0434,2025-01-19 02:00:00,17629.2589972309,18194.566984666748,14605.8328493756
forecast_0435,2025-01-19 03:00:00,18604.93860265391,19223.264324882755,15561.307746990718
forecast_0436,2025-01-19 04:00:00,19888.67205611831,19571.049313341417,15259.266584246541
forecast_0437,2025-01-19 05:00:00,19920.291425927724,19892.69549213124,16765.14679644691
forecast_0438,2025-01-19 06:00:00,19924.280813877016,19874.768966021802,16566.061316692096
forecast_0439,2025-01-19 07:00:00,19005.166061570595,19471.689773831855,16350.943555526761
forecast_0440,2025-01-19 08:00:00,19738.032802164907,19532.656726008336,16185.030498421342
forecast_0441,2025-01-19 09:00:00,18819.54567969848,18866.784493546205,15569.089426462227
forecast_0442,2025-01-19 10:00:00,15465.409066010136,16882.912691606944,13502.51880049216
forecast_0443,2025-01-19 11:00:00,13509.989525854504,13775.046627064517,11293.204075693588
forecast_0444,2025-01-19 12:00:00,10982.196178641767,12268.148454427883,9251.762607161043
forecast_0445,2025-01-19 13:00:00,10000.674449552327,11256.479841053064,7859.4246364254595
forecast_0446,2025-01-19 14:00:00,8952.529350728597,8772.20221375311,5813.8278894421
forecast_0447,2025-01-19 15:00:00,8203.870602205287,6924.2227680062115,5824.011482154675
forecast_0448,2025-01-19 16:00:00,8558.687384069886,7588.141623754682,5788.504526808454
forecast_0449,2025-01-19 17:00:00,9026.815899973697,8248.660220764883,6386.263493581556
forecast_0450,2025-01-19 18:00:00,9582.90665522928,11207.192126386684,7621.934894318515
forecast_0451,2025-01-19 19:00:00,12597.527342064841,11371.69746711614,8539.831085819093
forecast_0452,2025-01-19 20:00:00,13225.166074123183,15718.313284219956,9153.819645404636
forecast_0453,2025-01-19 21:00:00,14998.85330936932,15600.32093311811,10080.822098177287
forecast_0454,2025-01-19 22:00:00,15410.2695828111,15449.624316940488,9622.543749392318
forecast_0455,2025-01-19 23:00:00,15487.061135887709,15898.137798708209,9480.401418246096
forecast_0456,2025-01-20 00:00:00,12135.539257370514,13143.681447413546,8794.430144799866
forecast_0457,2025-01-20 01:00:00,8457.11658272122,8431.672079486714,6191.868109986879
forecast_0458,2025-01-20 02:00:00,7882.217009896347,7956.7115989900985,5379.68354126441
forecast_0459,2025-01-20 03:00:00,6745.797791718485,6825.4202236648935,4823.206834219891
forecast_0460,2025-01-20 04:00:00,6240.6647381142075,5507.0260788886435,3774.5540189287676
forecast_0461,2025-01-20 05:00:00,5431.526310223601,4901.4515191409555,3588.965861698086
forecast_0462,2025-01-20 06:00:00,3894.1286588964667,3963.088507671411,3526.4478790403036
forecast_0463,2025-01-20 07:00:00,3880.152813697461,3754.850008580741,3284.034910671321
forecast_0464,2025-01-20 08:00:00,3567.3855693720625,3623.7432532666207,2825.8800972129707
forecast_0465,2025-01-20 09:00:00,3405.831933096108,3297.6440413145133,2401.3720164323454
forecast_0466,2025-01-20 10:00:00,2946.966595065094,3291.181377829968,2791.1437103695152
forecast_0467,2025-01-20 11:00:00,3008.5738286215783,3772.0262168343156,62.69961948614375
forecast_0468,2025-01-20 12:00:00,2592.0254303537654,3742.3421666666673,0.08422431941463451
forecast_0469,2025-01-20 13:00:00,2834.779,4174.06725,3557.937
forecast_0470,2025-01-20 14:00:00,3437.213348278876,4547.397368513017,2921.5826612479173
forecast_0471,2025-01-20 15:00:00,3449.878498963115,4177.213064943296,3572.0260679660787
forecast_0472,2025-01-20 16:00:00,2778.9215717646007,4181.534994254407,3582.7072460757977
forecast_0473,2025-01-20 17:00:00,5060.000481596739,4275.520848917906,3513.783630178172
forecast_0474,2025-01-20 18:00:00,5575.249033915686,5558.334406119589,3629.887473460011
forecast_0475,2025-01-20 19:00:00,5228.921970955442,5651.662042681817,3635.2129698273884
forecast_0476,2025-01-20 20:00:00,6351.51369682298,4083.132679901156,4276.3179438320285
forecast_0477,2025-01-20 21:00:00,6700.299361560337,4150.906886778004,4289.457284174459
forecast_0478,2025-01-20 22:00:00,4097.623484552669,3882.7408671268686,3351.4277611642196
forecast_0479,2025-01-20 23:00:00,3759.90563636164,3551.836960514929,3333.911503277029
forecast_0480,2025-01-21 00:00:00,3897.828957911418,3249.6982750091775,3233.209164293362
forecast_0481,2025-01-21 01:00:00,3866.646368694077,3735.3057404625642,3610.8457801481513
forecast_0482,2025-01-21 02:00:00,3845.5584891239037,3864.7600054966597,3731.798920818239
forecast_0483,2025-01-21 03:00:00,3972.4250639230672,3640.6451698930287,3779.4635889275605
forecast_0484,2025-01-21 04:00:00,3908.446418710878,3930.9361819494034,4012.9288695857267
forecast_0485,2025-01-21 05:00:00,4053.165468197282,3869.820447227052,3774.6498512530306
forecast_0486,2025-01-21 06:00:00,3923.008621406307,3914.778855028264,4216.039932326293
forecast_0487,2025-01-21 07:00:00,5084.302555166691,3836.3316147786295,3709.5700115473055
forecast_0488,2025-01-21 08:00:00,3781.859374168736,3874.071351403032,3353.5610661222286
forecast_0489,2025-01-21 09:00:00,3686.836920366286,3571.547289639999,3261.13702106254
forecast_0490,2025-01-21 10:00:00,3733.016199229626,3878.9004720839266,3412.1487295924044
forecast_0491,2025-01-21 11:00:00,3956.3850782940854,3875.2067604052536,3380.158788400362
forecast_0492,2025-01-21 12:00:00,4039.5412912452966,4071.6245752904697,3436.9990337343465
forecast_0493,2025-01-21 13:00:00,4243.854926113567,3613.209654435681,3638.4552819907594
forecast_0494,2025-01-21 14:00:00,4074.220216860576,3738.166871574393,3724.1047878782647
forecast_0495,2025-01-21 15:00:00,3697.873031211844,4577.892404876919,3760.4688986159654
forecast_0496,2025-01-21 16:00:00,3905.6088046636983,3932.2333543382906,3467.7808658646054
forecast_0497,2025-01-21 17:00:00,4574.59462871414,4411.1979525192755,3764.9339234223808
forecast_0498,2025-01-21 18:00:00,6322.314075847453,5432.6095198004205,4325.440347982616
forecast_0499,2025-01-21 19:00:00,8592.851597145365,8210.24553222595,5761.231581047932
forecast_0500,2025-01-21 20:00:00,11061.185401526647,10947.715197460337,7870.022720673209
forecast_0501,2025-01-21 21:00:00,11341.729514524424,12468.752654428423,8856.112112652945
forecast_0502,2025-01-21 22:00:00,11452.445406210607,12310.433534712387,9344.202571856218
forecast_0503,2025-01-21 23:00:00,9624.085341826161,15724.727902051573,9463.127725221784
forecast_0504,2025-01-22 00:00:00,11138.201447208876,11985.784330327577,10248.661281005356
forecast_0505,2025-01-22 01:00:00,7869.587289943535,8472.28084759399,6962.294393355951
forecast_0506,2025-01-22 02:00:00,8575.43390220017,10359.268615471943,6831.584741062921
forecast_0507,2025-01-22 03:00:00,11623.978845425047,10148.772720616542,9082.266956411651
forecast_0508,2025-01-22 04:00:00,10712.97435671423,12294.791240358041,10471.128125543737
forecast_0509,2025-01-22 05:00:00,14572.400280605696,14643.037850373868,9972.979587413613
forecast_0510,2025-01-22 06:00:00,14972.28321333077,15193.02684990339,10272.252679536316
forecast_0511,2025-01-22 07:00:00,14230.815375084778,13972.526596166335,10620.512239198986
forecast_0512,2025-01-22 08:00:00,12264.808486110764,14816.335932980175,9931.316529899337
forecast_0513,2025-01-22 09:00:00,11866.060529839317,11934.902983542479,9752.449967634366
forecast_0514,2025-01-22 10:00:00,11295.175526764659,11732.14642630799,9370.30167681628
forecast_0515,2025-01-22 11:00:00,10965.682543969488,11616.804630846987,8283.488094164666
forecast_0516,2025-01-22 12:00:00,9861.415322904546,12801.533661850837,6270.952962218968
forecast_0517,2025-01-22 13:00:00,9765.79606657258,6749.072251418222,4990.232744000892
forecast_0518,2025-01-22 14:00:00,7689.2178686420775,6222.691519461691,4689.066631821487
forecast_0519,2025-01-22 15:00:00,5234.028821746037,5377.28575987548,4496.556170847359
forecast_0520,2025-01-22 16:00:00,5635.469650932233,5446.636192851194,3785.6745715260163
forecast_0521,2025-01-22 17:00:00,6367.072858334479,6106.851541769489,5237.997462889729
forecast_0522,2025-01-22 18:00:00,6657.289848912338,6617.2196230057925,4863.016409795575
forecast_0523,2025-01-22 19:00:00,5924.053837975155,5005.519288195495,4745.9996052935385
forecast_0524,2025-01-22 20:00:00,5405.088333480635,5534.174885124587,4226.804456296231
forecast_0525,2025-01-22 21:00:00,6203.7269615245805,6435.351905038006,4302.420210173862
forecast_0526,2025-01-22 22:00:00,7075.884493875009,6381.726630705506,4519.767176353816
forecast_0527,2025-01-22 23:00:00,6637.814509382214,7037.1307593622,4550.373597154055
forecast_0528,2025-01-23 00:00:00,7687.102005852528,6959.4593969216585,5316.913135263109
forecast_0529,2025-01-23 01:00:00,11313.23344516349,11993.176227923035,8552.802249412965
forecast_0530,2025-01-23 02:00:00,12131.336998878374,11631.536915482095,8217.80955744949
forecast_0531,2025-01-23 03:00:00,11656.413536986322,11366.625604750512,7972.318045404332
forecast_0532,2025-01-23 04:00:00,11528.406915474687,11491.302434322515,7499.991647043349
forecast_0533,2025-01-23 05:00:00,10185.028167852955,10582.010016273682,7503.068383817978
forecast_0534,2025-01-23 06:00:00,8600.697012255945,9980.363797463755,6837.51332850303
forecast_0535,2025-01-23 07:00:00,8860.490329823815,9247.201505627549,6447.7779097702305
forecast_0536,2025-01-23 08:00:00,9049.928527112808,9701.380615366259,5923.48630722076
forecast_0537,2025-01-23 09:00:00,7934.185343774946,8426.59649047735,6130.36995293875
forecast_0538,2025-01-23 10:00:00,6808.702239308184,6865.855396194938,4833.758497955316
forecast_0539,2025-01-23 11:00:00,5238.219048032823,5225.894122885583,3900.809607597663
forecast_0540,2025-01-23 12:00:00,4134.047121807732,3896.8331524486107,3674.252476558866
forecast_0541,2025-01-23 13:00:00,3867.7132221613674,3891.2139059581204,3375.0938972576814
forecast_0542,2025-01-23 14:00:00,3478.215738777198,3739.230926219944,3327.502311763905
forecast_0543,2025-01-23 15:00:00,3481.28393513345,3390.7776846113247,3340.4848576712384
forecast_0544,2025-01-23 16:00:00,3757.832038535115,3523.9444872606928,2961.8631080343034
forecast_0545,2025-01-23 17:00:00,3415.1079838412816,3435.451673797504,2862.817164174274
forecast_0546,2025-01-23 18:00:00,3508.738827733724,3799.6564843866418,3312.201889671808
forecast_0547,2025-01-23 19:00:00,3895.285891135392,3899.374387061327,3373.9791364552957
forecast_0548,2025-01-23 20:00:00,4247.3471997192355,4272.371415048737,3406.6538177432344
forecast_0549,2025-01-23 21:00:00,3876.8262730535366,3887.3512078304,3595.7236078429064
forecast_0550,2025-01-23 22:00:00,3803.226093671132,3923.4405836268024,3773.448031576051
forecast_0551,2025-01-23 23:00:00,5177.2855373752645,3877.270257941794,3753.8678139309504
forecast_0552,2025-01-24 00:00:00,3851.2310610591194,3816.2334398826506,3574.8066009243985
forecast_0553,2025-01-24 01:00:00,3587.8984173080817,3520.001106432871,3492.1777279060366
forecast_0554,2025-01-24 02:00:00,3501.3631198825206,3124.409234738897,3568.989499032943
forecast_0555,2025-01-24 03:00:00,3159.025977217023,2759.234670512401,2653.762835783512
forecast_0556,2025-01-24 04:00:00,3620.125768770224,3011.896282090992,4710.220242438721
forecast_0557,2025-01-24 05:00:00,4104.272049938922,3488.6200159026193,2552.344290102435
forecast_0558,2025-01-24 06:00:00,3912.7091913712557,3803.538821373116,2594.165360968263
forecast_0559,2025-01-24 07:00:00,3762.6155626099653,3485.488608552433,2627.548936239183
forecast_0560,2025-01-24 08:00:00,3742.4504007106557,3478.388635617237,2123.37425091623
forecast_0561,2025-01-24 09:00:00,2956.1396662854954,3792.2436467780053,96.80413606028324
forecast_0562,2025-01-24 10:00:00,3407.9128465451827,3186.682655937412,2467.274252603615
forecast_0563,2025-01-24 11:00:00,5942.5820527732685,3455.0565316220554,2459.9659992899255
forecast_0564,2025-01-24 12:00:00,3032.025547988904,3147.252151457512,47.93634642858062
forecast_0565,2025-01-24 13:00:00,85.70016605042207,4943.919192392625,92.33295261005783
forecast_0566,2025-01-24 14:00:00,2791.7465318107656,3656.470981561274,2875.279741747978
forecast_0567,2025-01-24 15:00:00,2712.664735428871,3602.8826718001433,3209.256086551244
forecast_0568,2025-01-24 16:00:00,4113.449362107616,3411.2584494344183,2935.891147893666
forecast_0569,2025-01-24 17:00:00,4250.871703767725,3922.6091110882826,2933.96464025947
forecast_0570,2025-01-24 18:00:00,3234.5638888772983,3706.5012143280373,3407.5381078080723
forecast_0571,2025-01-24 19:00:00,3596.3337401222693,3439.893206173298,3447.315995299302
forecast_0572,2025-01-24 20:00:00,3257.3753422928908,3441.3897704221413,3413.4422726167113
forecast_0573,2025-01-24 21:00:00,3656.0505293096894,3868.4121700492146,3261.64698570744
forecast_0574,2025-01-24 22:00:00,4349.075468536253,4609.357289189475,3652.7629782803688
forecast_0575,2025-01-24 23:00:00,4195.912134997381,4912.196170850076,3747.5168485837726
forecast_0576,2025-01-25 00:00:00,5008.0550412493285,6499.485098167312,3817.0344962872587
forecast_0577,2025-01-25 01:00:00,3723.435475963724,4122.246215179137,3371.166563243444
forecast_0578,2025-01-25 02:00:00,4573.120269985559,4896.415893721138,3817.1463856725527
forecast_0579,2025-01-25 03:00:00,6109.894336812105,6952.530359135316,3916.0330976765463
forecast_0580,2025-01-25 04:00:00,7140.3251606235835,3835.12991227526,4030.1976454616197
forecast_0581,2025-01-25 05:00:00,3828.787347990877,4388.781349041751,4139.134737367439
forecast_0582,2025-01-25 06:00:00,3976.143821512896,4473.791556860069,3959.355086513716
forecast_0583,2025-01-25 07:00:00,3812.888897748108,4401.219715178066,4202.780549484973
forecast_0584,2025-01-25 08:00:00,3579.1821866613946,4041.1875833294807,4441.020435852965
forecast_0585,2025-01-25 09:00:00,5583.54356854652,3830.3617052311133,3959.0664097823183
forecast_0586,2025-01-25 10:00:00,4923.971338400628,3866.3149385192332,3726.090047969582
forecast_0587,2025-01-25 11:00:00,5162.256286686208,3903.87299416874,3646.0204205308373
forecast_0588,2025-01-25 12:00:00,4069.2597576134667,4001.843421882081,3752.450677461031
forecast_0589,2025-01-25 13:00:00,3461.256655962711,3961.3337742167228,3256.2823558316622
forecast_0590,2025-01-25 14:00:00,3595.113559621336,3693.5507240509805,2838.0532029505175
forecast_0591,2025-01-25 15:00:00,3467.8897676610754,3851.932013794692,2979.238238699607
forecast_0592,2025-01-25 16:00:00,3890.225617758916,4245.851493438039,3145.5541032169926
forecast_0593,2025-01-25 17:00:00,4149.381612869836,4225.826303685423,3578.658102032852
forecast_0594,2025-01-25 18:00:00,4024.5457558382504,3894.883669844177,3738.3507660431023
forecast_0595,2025-01-25 19:00:00,3970.5766472778396,4092.960519424376,3741.051362886824
forecast_0596,2025-01-25 20:00:00,3889.1732478264857,3685.1760058476325,4094.783361296129
forecast_0597,2025-01-25 21:00:00,3903.468992422046,4684.523596450505,4332.301540662776
forecast_0598,2025-01-25 22:00:00,3997.652448217548,4628.237008455017,3810.8748656925077
forecast_0599,2025-01-25 23:00:00,4311.483462917671,4832.573513837603,4681.546188870029
forecast_0600,2025-01-26 00:00:00,4518.851523581444,5505.631151406758,4900.893528303328
forecast_0601,2025-01-26 01:00:00,5830.932122380528,6366.2584075726145,5423.7764939392555
forecast_0602,2025-01-26 02:00:00,4259.7732737181805,5189.161048380952,5245.493819025603
forecast_0603,2025-01-26 03:00:00,4204.801390456542,4563.624857173311,4779.103042436724
forecast_0604,2025-01-26 04:00:00,3963.8914356291284,4143.810621479053,3867.923420708162
forecast_0605,2025-01-26 05:00:00,3500.563379874631,3951.834204593614,3400.9490994709
forecast_0606,2025-01-26 06:00:00,3846.4772205475274,4052.3610966283172,3298.383325278217
forecast_0607,2025-01-26 07:00:00,3606.170616785805,3916.4958531765806,3087.4682190600597
forecast_0608,2025-01-26 08:00:00,3469.9145904698776,3728.5114737941667,2884.21267251496
forecast_0609,2025-01-26 09:00:00,3294.71096953308,3818.0043868982916,3070.4622533580846
forecast_0610,2025-01-26 10:00:00,3279.957790075357,3944.1297187384534,2797.77339557709
forecast_0611,2025-01-26 11:00:00,3586.051031014783,3290.301797900364,3285.9601170843084
forecast_0612,2025-01-26 12:00:00,3498.9561044236843,3542.9389108549244,3217.1288479932455
forecast_0613,2025-01-26 13:00:00,2550.2873644709193,3012.753387371906,2685.316282574267
forecast_0614,2025-01-26 14:00:00,2221.3436160872498,2319.693313898113,2447.152063437126
forecast_0615,2025-01-26 15:00:00,2806.585246572105,2271.8316028405084,2419.270085789886
forecast_0616,2025-01-26 16:00:00,67.09835880693466,50.47871054183517,36.7484415062779
forecast_0617,2025-01-26 17:00:00,3156.2567805732897,2264.8830693132127,18.313543383853812
forecast_0618,2025-01-26 18:00:00,3977.736378118648,3820.960546469035,2896.4684190673465
forecast_0619,2025-01-26 19:00:00,4303.476927351043,3802.610933261381,3635.60848918222
forecast_0620,2025-01-26 20:00:00,3967.043067026314,3922.4255254728478,4140.771302986598
forecast_0621,2025-01-26 21:00:00,3913.1162827539256,3263.9312401633915,4542.102917969992
forecast_0622,2025-01-26 22:00:00,4034.6392094392695,4015.370543918326,4110.04572548991
forecast_0623,2025-01-26 23:00:00,3423.4496802088956,3449.363339262151,2838.949787259026
forecast_0624,2025-01-27 00:00:00,3490.993690952325,3283.106720091512,3739.434790537043
forecast_0625,2025-01-27 01:00:00,3520.1785227995188,3714.396268538889,2845.825799262637
forecast_0626,2025-01-27 02:00:00,3516.4839864515184,3886.213543693486,2641.699158368305
forecast_0627,2025-01-27 03:00:00,3849.5023607978983,3446.138835254613,3332.8869301781515
forecast_0628,2025-01-27 04:00:00,3912.994716783317,3829.784407485903,3725.198370608826
forecast_0629,2025-01-27 05:00:00,3578.5469170291963,3748.596671250029,3620.702197103722
forecast_0630,2025-01-27 06:00:00,3869.0187693363932,3830.4752515451873,3512.712677918644
forecast_0631,2025-01-27 07:00:00,3932.017784388148,3881.4639727758276,3699.4021255318257
forecast_0632,2025-01-27 08:00:00,4177.469714423426,4614.070900119842,3345.377013856502
forecast_0633,2025-01-27 09:00:00,4726.609931892806,5077.5180424103655,3716.1773429093673
forecast_0634,2025-01-27 10:00:00,5138.741603975788,5547.558233434114,3783.8818232503377
forecast_0635,2025-01-27 11:00:00,5803.471064448861,5975.798705901785,4683.108673453527
forecast_0636,2025-01-27 12:00:00,8582.552648205212,9242.006892620526,6968.017082014355
forecast_0637,2025-01-27 13:00:00,12269.96486028958,13997.088393519098,9560.654746444745
forecast_0638,2025-01-27 14:00:00,13547.111043361285,14510.994414567716,12843.285102910493
forecast_0639,2025-01-27 15:00:00,15466.926884806275,18197.050061271235,15108.899791143052
forecast_0640,2025-01-27 16:00:00,18303.11726468092,18875.058799808907,17306.20427161917
forecast_0641,2025-01-27 17:00:00,18315.324293916852,18734.046779052187,17927.274649905634
forecast_0642,2025-01-27 18:00:00,16387.695771211904,18604.387075103146,18127.9395057013
forecast_0643,2025-01-27 19:00:00,18551.030582097726,17188.80431206377,18011.77292817456
forecast_0644,2025-01-27 20:00:00,18188.47245426946,17283.201501930045,18018.141286155944
forecast_0645,2025-01-27 21:00:00,17947.32591010992,17386.58352987536,18081.700021352946
forecast_0646,2025-01-27 22:00:00,16650.206229263946,17206.98217516379,17980.018609438353
forecast_0647,2025-01-27 23:00:00,16561.529098766303,17260.526985697696,17725.859503133026
forecast_0648,2025-01-28 00:00:00,16774.820247997584,17195.30545719134,17665.906595803513
forecast_0649,2025-01-28 01:00:00,16344.726728025626,16529.446695527025,18429.26721581833
forecast_0650,2025-01-28 02:00:00,16506.444897980215,16355.634138042604,18179.473816863032
forecast_0651,2025-01-28 03:00:00,14884.74905206141,17016.820985044673,18337.58142247184
forecast_0652,2025-01-28 04:00:00,14977.947459573978,16837.573708692595,18128.702343323785
forecast_0653,2025-01-28 05:00:00,15215.420294308633,16818.187628729705,18666.472560418042
forecast_0654,2025-01-28 06:00:00,15407.465048196587,16712.25279465165,18378.49842077155
forecast_0655,2025-01-28 07:00:00,16853.849615240026,16286.862894435784,18560.32428188363
forecast_0656,2025-01-28 08:00:00,16524.095650946954,15894.070853881189,18475.59335843843
forecast_0657,2025-01-28 09:00:00,16542.64970083591,15738.615888552424,18393.005467647374
forecast_0658,2025-01-28 10:00:00,16512.66268595664,15887.548725702236,18300.113055070888
forecast_0659,2025-01-28 11:00:00,16569.94571122252,15779.116234040102,18309.420412010044
forecast_0660,2025-01-28 12:00:00,16302.78478430891,15469.534230126355,18222.41832175903
forecast_0661,2025-01-28 13:00:00,15995.623284411666,15222.823961031607,18240.45825061857
forecast_0662,2025-01-28 14:00:00,15756.879947780173,14897.663575401197,17154.28355876067
forecast_0663,2025-01-28 15:00:00,15617.227919845978,14690.182141105277,17046.685414806085
forecast_0664,2025-01-28 16:00:00,15726.695935615235,14776.272488907252,18069.313605022067
forecast_0665,2025-01-28 17:00:00,15997.407047157958,15563.080015663843,18121.623564790476
forecast_0666,2025-01-28 18:00:00,15693.109417868836,16115.30597381519,18103.000678209606
forecast_0667,2025-01-28 19:00:00,14800.224087105316,16482.351735687902,18181.5868761773
forecast_0668,2025-01-28 20:00:00,15011.210596980587,16910.383647769253,18242.804313205314
forecast_0669,2025-01-28 21:00:00,15517.40794963781,17198.982960367903,18494.714156885377
forecast_0670,2025-01-28 22:00:00,16126.979206545675,17644.203875303225,18566.320723277626
forecast_0671,2025-01-28 23:00:00,14991.584611988734,17867.51892165524,18629.653808848543
forecast_0672,2025-01-29 00:00:00,15111.169912114288,18077.967589923348,18585.57603523446
forecast_0673,2025-01-29 01:00:00,15586.240695604834,18547.38960554,16707.309403411058
forecast_0674,2025-01-29 02:00:00,16030.173105917373,18632.440510536777,16613.768594322293
forecast_0675,2025-01-29 03:00:00,15982.684609295417,18698.140387978303,16669.155622600112
forecast_0676,2025-01-29 04:00:00,16315.791636651065,19027.540371876566,16935.62006249479
forecast_0677,2025-01-29 05:00:00,16787.90956688334,19888.467540241723,17034.69374864532
forecast_0678,2025-01-29 06:00:00,17233.003701326816,19878.891510343514,17239.46859233929
forecast_0679,2025-01-29 07:00:00,17137.836999747797,19873.62180262406,16395.882368498867
forecast_0680,2025-01-29 08:00:00,17096.677068610476,19879.082039244837,17777.08384957199
forecast_0681,2025-01-29 09:00:00,16684.718174852733,19892.02596904521,17082.854994481477
forecast_0682,2025-01-29 10:00:00,16549.99958178866,18703.87284284689,17371.435788707386
forecast_0683,2025-01-29 11:00:00,16592.354487618206,18556.016556925897,16706.022947301855
forecast_0684,2025-01-29 12:00:00,16896.638024437063,18339.318208724253,16000.957272083906
forecast_0685,2025-01-29 13:00:00,16209.134686877718,18830.53920358311,15840.32586224432
forecast_0686,2025-01-29 14:00:00,15832.445599678917,18499.267288354877,15638.622313674048
forecast_0687,2025-01-29 15:00:00,16364.253756171984,18488.679417704123,15174.560402282399
forecast_0688,2025-01-29 16:00:00,15699.22904462254,17916.759377902337,14765.3502901814
forecast_0689,2025-01-29 17:00:00,14616.204876414826,17456.630146330408,14444.241078650275
forecast_0690,2025-01-29 18:00:00,14804.923027313762,17151.3929595547,14431.070762323156
forecast_0691,2025-01-29 19:00:00,14668.542328563226,17748.18241444298,14851.202270121365
forecast_0692,2025-01-29 20:00:00,14548.796978919892,17472.415055090958,14621.928669196657
forecast_0693,2025-01-29 21:00:00,14665.135381611139,17343.651839718892,15059.463647929448
forecast_0694,2025-01-29 22:00:00,14880.419672918808,17370.491697852096,15084.157877592936
forecast_0695,2025-01-29 23:00:00,15333.150135166223,17230.310283342013,14902.72689484881
forecast_0696,2025-01-30 00:00:00,16104.549156993446,17006.39733770165,14974.827857272636
forecast_0697,2025-01-30 01:00:00,16753.08704385895,17403.41889446232,15364.018507180363
forecast_0698,2025-01-30 02:00:00,16074.712479643073,17358.87375849272,15266.065315765634
forecast_0699,2025-01-30 03:00:00,16727.586765908793,17366.467389748876,15325.521352946424
forecast_0700,2025-01-30 04:00:00,16793.5821439767,17518.629503977518,15568.89160159166
forecast_0701,2025-01-30 05:00:00,16889.852292541327,17603.916138068595,15876.439320302286
forecast_0702,2025-01-30 06:00:00,16395.61076505883,17508.93249609629,15502.60264477639
forecast_0703,2025-01-30 07:00:00,16300.514711829339,16888.590763941043,15411.803958000188
forecast_0704,2025-01-30 08:00:00,16329.185689866168,16937.693240098055,14775.985651674284
forecast_0705,2025-01-30 09:00:00,16639.464787866946,16276.480847896024,14542.863196266802
forecast_0706,2025-01-30 10:00:00,16165.239664406854,15848.135303675554,13576.49858017276
forecast_0707,2025-01-30 11:00:00,14154.681868475664,16150.05680249001,12619.166247302595
forecast_0708,2025-01-30 12:00:00,13934.66588768953,14050.943145710064,12067.92778320529
forecast_0709,2025-01-30 13:00:00,13747.68913597941,13806.95689672586,10975.080313079878
forecast_0710,2025-01-30 14:00:00,13388.957331140933,14885.991911801902,11097.828512374555
forecast_0711,2025-01-30 15:00:00,13364.84654493028,15394.413807906261,11455.469807328353
forecast_0712,2025-01-30 16:00:00,13468.202964865266,16619.460455547563,11346.246677247735
forecast_0713,2025-01-30 17:00:00,13104.468215319866,16142.55272118412,11899.866720198866
forecast_0714,2025-01-30 18:00:00,13709.474784560034,16056.936093412362,12337.483881599941
forecast_0715,2025-01-30 19:00:00,13755.37294707289,16316.838077201,13108.8961704858
forecast_0716,2025-01-30 20:00:00,17631.115616349416,16270.635406741983,13622.756208914314
forecast_0717,2025-01-30 21:00:00,18305.03838831667,16263.687618620035,13411.407512300755
forecast_0718,2025-01-30 22:00:00,18013.34956377614,17356.876989480228,13726.523408427654
forecast_0719,2025-01-30 23:00:00,17021.557954970405,16623.940203459206,12688.602575035844
forecast_0720,2025-01-31 00:00:00,15422.072452943643,15860.324119107785,13001.474062435149
forecast_0721,2025-01-31 01:00:00,15459.001282835558,16012.046718382704,12795.495154041968
forecast_0722,2025-01-31 02:00:00,16356.312679643994,16086.47763611424,12537.565197312797
forecast_0723,2025-01-31 03:00:00,15903.2757228402,17789.408340607944,13616.375749637224
forecast_0724,2025-01-31 04:00:00,16723.590551993788,16715.268430211047,13101.007010536227
forecast_0725,2025-01-31 05:00:00,17657.24726430935,17614.739687913654,13276.033763114268
forecast_0726,2025-01-31 06:00:00,17436.81060354929,17312.195505604912,12680.273806263578
forecast_0727,2025-01-31 07:00:00,17481.671223312915,17976.62642665442,13255.700908277377
forecast_0728,2025-01-31 08:00:00,18056.337551134122,17978.699311838263,12342.805107174347
forecast_0729,2025-01-31 09:00:00,13912.609465323598,18207.455379363277,11970.589383137123
forecast_0730,2025-01-31 10:00:00,12589.972185912246,13211.228434863848,10451.439803166824
forecast_0731,2025-01-31 11:00:00,10654.403876855487,11908.686943026752,8914.162716087707
forecast_0732,2025-01-31 12:00:00,9215.458346844991,9824.803707589583,7359.3664455154085
forecast_0733,2025-01-31 13:00:00,8151.034069906267,9007.134902880809,6188.168929457654
forecast_0734,2025-01-31 14:00:00,7557.716714291907,8463.717545621397,4496.291102302604
forecast_0735,2025-01-31 15:00:00,8267.114299954386,5971.969741935235,3839.7988105949144
forecast_0736,2025-01-31 16:00:00,5824.069143431279,4900.771953684496,3798.6793782096224
forecast_0737,2025-01-31 17:00:00,3842.379552927496,3941.495843941363,3643.653177812969
forecast_0738,2025-01-31 18:00:00,4748.913519281779,4697.2116314308805,3501.4494182496337
forecast_0739,2025-01-31 19:00:00,4324.185482486526,5497.153745674336,3797.308851827811
forecast_0740,2025-01-31 20:00:00,6119.382497307963,5687.545190941241,3809.315491325465
forecast_0741,2025-01-31 21:00:00,5749.111489987244,5151.4244918286095,3752.6407383813066
forecast_0742,2025-01-31 22:00:00,5250.105147914997,5747.8376366674665,3839.87291495206
forecast_0743,2025-01-31 23:00:00,4811.010762663483,4774.20137228022,3745.7168092044944
forecast_0744,2025-02-01 00:00:00,3880.117618729847,3883.5883307584136,3786.401411385543
forecast_0745,2025-02-01 01:00:00,5879.134369614065,5889.366512534606,3776.95370844713
forecast_0746,2025-02-01 02:00:00,5698.89329059528,5736.539923321117,3785.439237735938
forecast_0747,2025-02-01 03:00:00,4172.312078474188,4177.74963318269,3533.3214127138904
forecast_0748,2025-02-01 04:00:00,3860.0994624306636,3884.748140342915,3589.1466825220928
forecast_0749,2025-02-01 05:00:00,3653.72270499337,3541.713056697775,3393.2072494575477
forecast_0750,2025-02-01 06:00:00,3729.664051554479,3927.1366359252015,2253.2517516035214
forecast_0751,2025-02-01 07:00:00,3855.462963936925,3130.9366125341567,2900.672624868754
forecast_0752,2025-02-01 08:00:00,3544.028195856566,3724.2382191158176,2156.213985692243
forecast_0753,2025-02-01 09:00:00,2650.9132463007027,3801.838189346261,2403.948667297845
forecast_0754,2025-02-01 10:00:00,2696.828782163578,3593.9175485998576,24.344991859768662
forecast_0755,2025-02-01 11:00:00,2724.279267595905,3518.8533967493872,2354.8575678766965
forecast_0756,2025-02-01 12:00:00,5887.116717349121,3512.4712222541934,15.844446837492569
forecast_0757,2025-02-01 13:00:00,2.453948392993021,2215.8055638259048,13.850901613245941
forecast_0758,2025-02-01 14:00:00,2.610705668921585,2206.684655234077,33.3431900165585
forecast_0759,2025-02-01 15:00:00,3946.4679440453756,3213.119170459672,3137.478044007686
forecast_0760,2025-02-01 16:00:00,3954.6658064936446,3645.362045090106,2496.597848558744
forecast_0761,2025-02-01 17:00:00,4892.61152836323,5599.653159681429,3117.8332039698807
forecast_0762,2025-02-01 18:00:00,4921.890843286311,3258.43901938102,3125.2430148462295
forecast_0763,2025-02-01 19:00:00,4398.0108580005,3700.6362222313355,3345.103586083362
forecast_0764,2025-02-01 20:00:00,4951.762258410428,3787.924234505023,3130.3202930788725
forecast_0765,2025-02-01 21:00:00,4837.3191046300035,3816.415544964731,3596.546115019874
forecast_0766,2025-02-01 22:00:00,4699.145454869479,4042.550174326112,3381.7841590135718
forecast_0767,2025-02-01 23:00:00,5415.814397030718,3880.0769414725028,3495.8896022124427
forecast_0768,2025-02-02 00:00:00,5143.100381620879,3905.5884324711283,4300.802049792257
forecast_0769,2025-02-02 01:00:00,4990.351536318036,4176.164042530855,3469.3649254599213
forecast_0770,2025-02-02 02:00:00,4030.7809121273663,4015.1213196494186,3382.695026433366
forecast_0771,2025-02-02 03:00:00,3597.824641917696,3640.094583211152,3048.3449938572253
forecast_0772,2025-02-02 04:00:00,3873.687687774946,3881.448263827202,3055.858857519671
forecast_0773,2025-02-02 05:00:00,3779.876219411037,3890.096906089824,2222.5571359579862
forecast_0774,2025-02-02 06:00:00,3690.070968844009,3846.2639141324607,2778.0561562291537
forecast_0775,2025-02-02 07:00:00,2951.424971554066,3345.703178310349,2784.7225995299095
forecast_0776,2025-02-02 08:00:00,3473.489307651706,3746.6175365028203,2717.2411071415236
forecast_0777,2025-02-02 09:00:00,4424.308534346579,3369.0663454620453,2166.957077452853
forecast_0778,2025-02-02 10:00:00,2587.107406085165,2670.2102734517375,141.8286872449877
forecast_0779,2025-02-02 11:00:00,4692.489518252962,3682.3747483345874,2607.768209644181
forecast_0780,2025-02-02 12:00:00,2797.3281442714024,2925.42541810066,2651.964701994071
forecast_0781,2025-02-02 13:00:00,340.15837678392063,2852.9727178892613,244.44608913036924
forecast_0782,2025-02-02 14:00:00,2495.2475104910345,2229.356847086788,2207.6710458079933
forecast_0783,2025-02-02 15:00:00,2914.0420360684816,2888.657568144488,2457.9749385744135
forecast_0784,2025-02-02 16:00:00,3000.752833519597,3139.423561987611,3378.066104298734
forecast_0785,2025-02-02 17:00:00,3240.895277880568,3554.5048050827054,3342.059109659926
forecast_0786,2025-02-02 18:00:00,4495.340282651048,4908.042939257497,3506.114426821509
forecast_0787,2025-02-02 19:00:00,6088.6162157190365,6734.5411453097895,4614.495915256571
forecast_0788,2025-02-02 20:00:00,8772.195509673445,9934.50577195821,5986.081482485119
forecast_0789,2025-02-02 21:00:00,8796.17716525301,11109.230429098867,6217.323733451308
forecast_0790,2025-02-02 22:00:00,12604.851243261137,10372.407654581359,8026.335410568679
forecast_0791,2025-02-02 23:00:00,13942.268020175132,12439.515276849099,9741.644120146586
forecast_0792,2025-02-03 00:00:00,13614.578095289427,13509.419557412948,10091.178218834899
forecast_0793,2025-02-03 01:00:00,16210.24327322888,18243.44987633729,14631.605854056483
forecast_0794,2025-02-03 02:00:00,16156.760838870137,18260.49815887561,14255.107770903367
forecast_0795,2025-02-03 03:00:00,16478.23441771845,18173.391780543643,13165.570041156405
forecast_0796,2025-02-03 04:00:00,15188.606823140995,17077.520682292943,14377.152743423401
forecast_0797,2025-02-03 05:00:00,15602.81039743316,16031.367082515926,14212.177857438048
forecast_0798,2025-02-03 06:00:00,14245.066060062072,15481.724861803481,13951.131396097962
forecast_0799,2025-02-03 07:00:00,14589.765623485204,17168.70712988472,13950.591840765508
forecast_0800,2025-02-03 08:00:00,15083.688150252652,15177.729576334332,14310.175954409719
forecast_0801,2025-02-03 09:00:00,15260.667067481838,15541.9251112317,14177.26703020476
forecast_0802,2025-02-03 10:00:00,14622.542947757349,15392.598802519191,13697.98818229058
forecast_0803,2025-02-03 11:00:00,14223.459278460237,14972.69327697956,13116.39015008931
forecast_0804,2025-02-03 12:00:00,13636.735500620956,14379.600673700263,11639.685031693201
forecast_0805,2025-02-03 13:00:00,13216.65108284277,13912.995375237202,11578.419696626928
forecast_0806,2025-02-03 14:00:00,12953.9457178021,13811.99853767601,10398.124726859944
forecast_0807,2025-02-03 15:00:00,12882.132630228109,14734.172282137533,10354.176469521757
forecast_0808,2025-02-03 16:00:00,12964.26065446728,13296.259960666901,10871.175596673766
forecast_0809,2025-02-03 17:00:00,13517.105937148914,13834.873375120445,11814.223591224247
forecast_0810,2025-02-03 18:00:00,14364.571613401406,14530.800574069333,12416.289242255298
forecast_0811,2025-02-03 19:00:00,14617.615174674256,14558.329457488066,13406.508465355928
forecast_0812,2025-02-03 20:00:00,14935.464394029033,15214.94111370967,14017.966073400257
forecast_0813,2025-02-03 21:00:00,15252.765085983385,15261.810977165906,14314.596939761948
forecast_0814,2025-02-03 22:00:00,15160.798143078855,15314.035609768456,14264.097404603715
forecast_0815,2025-02-03 23:00:00,15135.811974561335,15787.810417616276,13901.686933406554
forecast_0816,2025-02-04 00:00:00,14818.629633989258,16733.412609117997,13672.10075979391
forecast_0817,2025-02-04 01:00:00,14988.866006815322,16045.303863681647,13543.555288078873
forecast_0818,2025-02-04 02:00:00,15603.178875061827,16089.211760997527,13488.571909532135
forecast_0819,2025-02-04 03:00:00,14821.432964580417,16377.578371515126,13735.92046243159
forecast_0820,2025-02-04 04:00:00,14999.970905779715,16496.38734533015,13563.13220256489
forecast_0821,2025-02-04 05:00:00,15021.007698281122,16775.650195116476,13756.742041536696
forecast_0822,2025-02-04 06:00:00,15969.39521852074,17113.768221031125,14003.281661751582
forecast_0823,2025-02-04 07:00:00,15701.085765966202,16921.03297248204,13476.084151463336
forecast_0824,2025-02-04 08:00:00,15246.989098097747,16838.495768560864,13221.164247609591
forecast_0825,2025-02-04 09:00:00,14867.679499487202,15833.295742096978,13026.203169084427
forecast_0826,2025-02-04 10:00:00,14907.181642142037,16633.165961702536,12418.10790260963
forecast_0827,2025-02-04 11:00:00,15980.685496567181,16845.05218213446,14332.682863158847
forecast_0828,2025-02-04 12:00:00,15824.844247523011,16363.767512623741,12812.809703284422
forecast_0829,2025-02-04 13:00:00,15436.211518034257,16011.107641725885,11896.987202601322
forecast_0830,2025-02-04 14:00:00,14839.412492356765,14336.820806207794,11140.386681729531
forecast_0831,2025-02-04 15:00:00,14432.460083451151,13780.649084056518,11015.939283600088
forecast_0832,2025-02-04 16:00:00,14710.216065750685,15310.381119404887,11225.246993534252
forecast_0833,2025-02-04 17:00:00,15458.020337309408,16185.29556692179,11573.990795011781
forecast_0834,2025-02-04 18:00:00,15923.792733923468,16893.641554584494,13787.196801555667
forecast_0835,2025-02-04 19:00:00,16184.118534813264,17251.35117004027,12724.250901565378
forecast_0836,2025-02-04 20:00:00,15637.090365098946,17071.872162931293,12641.573423570124
forecast_0837,2025-02-04 21:00:00,15250.926856225658,16221.986164520738,13062.62161412759
forecast_0838,2025-02-04 22:00:00,14662.607231473541,15747.123802485581,13200.935528197135
forecast_0839,2025-02-04 23:00:00,14973.2939785446,16639.52634764441,14871.069599178232
forecast_0840,2025-02-05 00:00:00,14888.727047166241,16989.709766571646,13944.358395476629
forecast_0841,2025-02-05 01:00:00,14885.072309832469,17553.328271707705,15120.575944457154
forecast_0842,2025-02-05 02:00:00,16221.814516044382,17540.616489446522,16427.903979705618
forecast_0843,2025-02-05 03:00:00,16061.166446477202,17472.968888609572,16412.915864768504
forecast_0844,2025-02-05 04:00:00,15937.351505604385,17155.94121545227,15455.566102669538
forecast_0845,2025-02-05 05:00:00,15445.878409421503,16883.240834604003,15120.98154955819
forecast_0846,2025-02-05 06:00:00,15895.369308596131,16575.995810215456,14766.579802964738
forecast_0847,2025-02-05 07:00:00,15589.135893526942,16258.88987380502,14564.451936053121
forecast_0848,2025-02-05 08:00:00,15868.492547912643,16187.785789156516,14040.428422954938
forecast_0849,2025-02-05 09:00:00,15335.064193807018,16235.338796171582,13642.55789060348
forecast_0850,2025-02-05 10:00:00,15808.631225220379,16130.814141900093,13018.773409474328
forecast_0851,2025-02-05 11:00:00,13512.671081332599,15103.473620592304,12073.283552412517
forecast_0852,2025-02-05 12:00:00,13962.263994907988,15090.399101681647,12288.223555785456
forecast_0853,2025-02-05 13:00:00,15980.758452359858,15375.095744430208,13027.053577231602
forecast_0854,2025-02-05 14:00:00,14547.256196756804,15690.399219318728,12836.917330306655
forecast_0855,2025-02-05 15:00:00,14400.823154439531,15527.757485766324,12894.621505917217
forecast_0856,2025-02-05 16:00:00,14350.503919372197,15518.740416996958,12897.946604117125
forecast_0857,2025-02-05 17:00:00,14167.50501029852,15430.513219113227,13306.552749548899
forecast_0858,2025-02-05 18:00:00,13892.703407393985,15518.42256173429,13214.898070071311
forecast_0859,2025-02-05 19:00:00,13878.844520626004,15618.801411891813,13142.477109672662
forecast_0860,2025-02-05 20:00:00,13715.970827650965,14589.585072081627,13387.316179457595
forecast_0861,2025-02-05 21:00:00,14144.409772172887,15123.092989347895,13477.9759844711
forecast_0862,2025-02-05 22:00:00,14216.807762020111,15541.315413243461,13948.61649117441
forecast_0863,2025-02-05 23:00:00,14229.675630733704,15767.11119274042,15856.246459407354
forecast_0864,2025-02-06 00:00:00,14273.17016901973,16207.06614357944,14917.851180138807
forecast_0865,2025-02-06 01:00:00,15367.270550130628,15920.029654236901,14832.195066657412
forecast_0866,2025-02-06 02:00:00,15656.207241328371,16731.384950226442,16630.752349565824
forecast_0867,2025-02-06 03:00:00,16021.785841411955,17561.819523496466,16553.968442683068
forecast_0868,2025-02-06 04:00:00,16908.658548575637,17945.964998200125,16903.985521924078
forecast_0869,2025-02-06 05:00:00,17307.797875993307,17732.071739633546,17431.811847071123
forecast_0870,2025-02-06 06:00:00,16887.227811885445,17314.54448417028,16530.608203690143
forecast_0871,2025-02-06 07:00:00,16318.818328920408,16939.151873806142,15967.85137020878
forecast_0872,2025-02-06 08:00:00,15684.338927201927,16255.982756494579,15036.389483433823
forecast_0873,2025-02-06 09:00:00,14006.172029469459,14437.485180878279,14392.128452939272
forecast_0874,2025-02-06 10:00:00,13178.66700962381,13021.611379872676,12518.822697859181
forecast_0875,2025-02-06 11:00:00,13233.372194410256,12733.87180987088,10497.784581199963
forecast_0876,2025-02-06 12:00:00,13741.424515066012,12648.344867300517,9997.59863393469
forecast_0877,2025-02-06 13:00:00,13628.633914616017,12116.696711519015,10204.257945025209
forecast_0878,2025-02-06 14:00:00,13830.408405319353,12542.073353353488,12245.350943828189
forecast_0879,2025-02-06 15:00:00,13341.599184117098,13261.292852744125,12747.057241979395
forecast_0880,2025-02-06 16:00:00,14212.581219480468,13567.951088984193,13654.828032213178
forecast_0881,2025-02-06 17:00:00,14074.286369297073,14137.903797349933,13972.94563953781
forecast_0882,2025-02-06 18:00:00,14222.944991948225,16309.451625566722,14288.289136244612
forecast_0883,2025-02-06 19:00:00,14334.29916222494,14125.676842646753,13806.1177028264
forecast_0884,2025-02-06 20:00:00,14181.942314835693,14306.730847962439,13968.00348393779
forecast_0885,2025-02-06 21:00:00,14020.088958345319,13869.314655535158,12565.991134605603
forecast_0886,2025-02-06 22:00:00,13367.51037024962,13170.202247308474,12229.788107751858
forecast_0887,2025-02-06 23:00:00,12744.149448580223,12929.287553601334,11267.540168700083
forecast_0888,2025-02-07 00:00:00,13306.091049335468,13336.490027159396,11416.70104466415
forecast_0889,2025-02-07 01:00:00,10202.074875183383,10299.094957525373,7896.781791995865
forecast_0890,2025-02-07 02:00:00,9487.447921689864,9840.596768904983,7517.748912123763
forecast_0891,2025-02-07 03:00:00,9609.878144263408,10300.771332232574,6465.082178769083
forecast_0892,2025-02-07 04:00:00,10446.596117446454,11491.138432332793,7007.9211713852255
forecast_0893,2025-02-07 05:00:00,8813.59732593491,10632.195133016285,7499.957531835939
forecast_0894,2025-02-07 06:00:00,8268.496345133937,10362.87572427027,6807.072747291179
forecast_0895,2025-02-07 07:00:00,6817.533793446237,8487.956900402638,5283.758109493087
forecast_0896,2025-02-07 08:00:00,6097.4003149479295,9430.573711070563,5901.413643899785
forecast_0897,2025-02-07 09:00:00,7098.401014512217,6222.490938118137,7136.337837541478
forecast_0898,2025-02-07 10:00:00,9390.44346306024,9676.331690273297,7343.6960238310485
forecast_0899,2025-02-07 11:00:00,11327.12640821985,11657.349783775295,9512.70548027363
forecast_0900,2025-02-07 12:00:00,13933.339255636838,14649.034246297457,10651.558195756346
forecast_0901,2025-02-07 13:00:00,14563.43670225174,14650.559322021667,12200.736321008279
forecast_0902,2025-02-07 14:00:00,14591.213030147022,14652.209288984344,12185.491732611996
forecast_0903,2025-02-07 15:00:00,14823.81784723357,14962.123537080472,11758.376287054272
forecast_0904,2025-02-07 16:00:00,14897.380615734353,14454.287027609504,11451.537056670786
forecast_0905,2025-02-07 17:00:00,13477.13249545208,15333.560601177029,10733.072060055923
forecast_0906,2025-02-07 18:00:00,13091.28080437202,13068.980413374982,10054.884013797593
forecast_0907,2025-02-07 19:00:00,12737.700431692012,14037.561159329094,10072.338222777158
forecast_0908,2025-02-07 20:00:00,14517.664359215634,13496.722946456515,11238.61280640764
forecast_0909,2025-02-07 21:00:00,15635.533471603145,16732.439089848285,11582.159751961457
forecast_0910,2025-02-07 22:00:00,16373.814909792936,17245.480715944945,13644.211674393617
forecast_0911,2025-02-07 23:00:00,16753.313226264094,17857.135753623475,13698.433087742256
forecast_0912,2025-02-08 00:00:00,16914.65360301528,18522.147187542014,15053.597663947166
forecast_0913,2025-02-08 01:00:00,17845.7010726427,18616.17287701309,16581.626127399042
forecast_0914,2025-02-08 02:00:00,19096.370598390968,18964.923515474096,17206.23287301247
forecast_0915,2025-02-08 03:00:00,19807.76043998201,18794.25240023418,17629.443228637203
forecast_0916,2025-02-08 04:00:00,19844.421755937852,19082.93623124926,17718.648189816726
forecast_0917,2025-02-08 05:00:00,19885.37664297097,19095.72814877788,17867.482489244165
forecast_0918,2025-02-08 06:00:00,19723.369625957894,18991.347981616596,14797.190508949408
forecast_0919,2025-02-08 07:00:00,19878.787960479025,18851.79286202889,14704.287799825639
forecast_0920,2025-02-08 08:00:00,17924.212930424907,18302.909029654402,15027.973736957982
forecast_0921,2025-02-08 09:00:00,17489.3719926179,18518.191397030863,14436.621226885682
forecast_0922,2025-02-08 10:00:00,15425.3789927956,15829.882072100752,12396.95260804071
forecast_0923,2025-02-08 11:00:00,11315.982645141694,13217.864789195555,10120.988444413008
forecast_0924,2025-02-08 12:00:00,8340.882759691194,10001.213215648608,6857.836417984424
forecast_0925,2025-02-08 13:00:00,6087.309984021303,6024.572710407417,5058.353126266871
forecast_0926,2025-02-08 14:00:00,4631.7137352183145,4264.3521870791965,3809.7916547311856
forecast_0927,2025-02-08 15:00:00,4056.765526679947,3951.888586885011,3767.3957529337354
forecast_0928,2025-02-08 16:00:00,4505.725313156651,4261.281882188943,3803.6099447206598
forecast_0929,2025-02-08 17:00:00,6173.132238542981,6199.645811989601,4890.610737813377
forecast_0930,2025-02-08 18:00:00,8365.365910214316,7827.131989469068,6529.159071722744
forecast_0931,2025-02-08 19:00:00,9235.66797047928,9658.978900984477,7741.19459039465
forecast_0932,2025-02-08 20:00:00,10132.122517016345,10573.11061344311,8581.005905446607
forecast_0933,2025-02-08 21:00:00,11383.868908351815,11883.248503935854,9708.079529822195
forecast_0934,2025-02-08 22:00:00,13344.342791982283,17845.907485999513,11235.776645501122
forecast_0935,2025-02-08 23:00:00,18192.779442346404,18398.81255631175,13819.35337180727
forecast_0936,2025-02-09 00:00:00,18479.71083386225,18671.851850436517,14544.89121928491
forecast_0937,2025-02-09 01:00:00,19255.100292313084,18459.836412902405,12446.876781755653
forecast_0938,2025-02-09 02:00:00,19275.481363943956,18493.94236588559,13897.117763566797
forecast_0939,2025-02-09 03:00:00,19901.820565082657,19197.67609454215,14336.605506185793
forecast_0940,2025-02-09 04:00:00,19878.38541783335,19892.580516221413,17477.063148307818
forecast_0941,2025-02-09 05:00:00,20314.1751990817,19876.549419755567,17868.90576081247
forecast_0942,2025-02-09 06:00:00,19897.521194801626,19885.841485156332,19322.435770126838
forecast_0943,2025-02-09 07:00:00,20314.651906868814,19881.074548487362,15739.047376034818
forecast_0944,2025-02-09 08:00:00,19876.90622880177,19878.281154576598,15691.992839535993
forecast_0945,2025-02-09 09:00:00,18937.750528324363,19228.507224318557,14474.924011256078
forecast_0946,2025-02-09 10:00:00,17251.62008123205,17436.414283230748,13002.38184858093
forecast_0947,2025-02-09 11:00:00,12782.97936036066,14676.008868568073,11961.407114259655
forecast_0948,2025-02-09 12:00:00,12212.88565361692,14671.525919178901,10528.454718533867
forecast_0949,2025-02-09 13:00:00,10235.98920694882,10419.594484206467,10123.50782312137
forecast_0950,2025-02-09 14:00:00,9254.695936077182,9395.55123000117,9294.405769590256
forecast_0951,2025-02-09 15:00:00,9533.129270266312,9320.57049211107,9639.70563413297
forecast_0952,2025-02-09 16:00:00,11205.181199432329,11827.737082017275,9966.051588769054
forecast_0953,2025-02-09 17:00:00,13099.552350538808,13640.922731489845,11060.837198793424
forecast_0954,2025-02-09 18:00:00,13219.755322279947,14587.64934847206,12662.03543090394
forecast_0955,2025-02-09 19:00:00,13982.475663889347,16536.752572769696,13245.729627519484
forecast_0956,2025-02-09 20:00:00,16606.83790047676,16894.809334532918,14125.334930223777
forecast_0957,2025-02-09 21:00:00,16193.408011034586,16599.717823315455,13791.543806677868
forecast_0958,2025-02-09 22:00:00,16459.180953268784,17293.65696287349,13565.133866003704
forecast_0959,2025-02-09 23:00:00,17139.122894406602,17507.590817380264,14052.540961465538
forecast_0960,2025-02-10 00:00:00,17656.59564016614,18025.820019640338,14479.774973898184
forecast_0961,2025-02-10 01:00:00,17779.906398754563,18800.453186258525,14981.22665890713
forecast_0962,2025-02-10 02:00:00,17808.768384577023,18743.87977355168,14935.939142550766
forecast_0963,2025-02-10 03:00:00,17968.170576877033,18984.875513845258,15713.244273481752
forecast_0964,2025-02-10 04:00:00,18468.827751222794,19884.728659039065,16426.14192513224
forecast_0965,2025-02-10 05:00:00,19883.075665050714,19872.579651931414,17918.68558654586
forecast_0966,2025-02-10 06:00:00,19886.47072827067,19878.113695071348,19326.028232073422
forecast_0967,2025-02-10 07:00:00,18580.0948225626,19876.85676834224,16329.642941957602
forecast_0968,2025-02-10 08:00:00,18648.894392925482,19888.39184774355,16151.470486315931
forecast_0969,2025-02-10 09:00:00,17950.4942919506,18667.52580803179,15481.001741571388
forecast_0970,2025-02-10 10:00:00,16798.067550350628,17253.231811498586,14459.815129179286
forecast_0971,2025-02-10 11:00:00,14554.547536021699,15998.538420000015,12469.17365561767
forecast_0972,2025-02-10 12:00:00,13164.975822631934,15101.635172491724,11148.627612403037
forecast_0973,2025-02-10 13:00:00,12761.765908460724,14246.310676218289,10190.401866960845
forecast_0974,2025-02-10 14:00:00,12093.948123255102,12740.838539764678,10174.956241508376
forecast_0975,2025-02-10 15:00:00,11955.024665697707,12576.867941849063,9849.533812206397
forecast_0976,2025-02-10 16:00:00,12094.789541948945,12133.847472890835,9768.7086094634
forecast_0977,2025-02-10 17:00:00,12413.89090352401,12542.665342755472,10796.319054663138
forecast_0978,2025-02-10 18:00:00,12357.422893820656,12462.544893697495,10765.180732808762
forecast_0979,2025-02-10 19:00:00,12047.140455046603,12095.679913264941,9748.501816889668
forecast_0980,2025-02-10 20:00:00,10216.614379322047,10791.975296022443,8875.151955755193
forecast_0981,2025-02-10 21:00:00,9949.677186590312,10056.585275558822,8140.204011089099
forecast_0982,2025-02-10 22:00:00,9285.279153082032,9952.40377448052,7610.619390098232
forecast_0983,2025-02-10 23:00:00,8783.655436119787,9420.746798390963,7701.25394937978
forecast_0984,2025-02-11 00:00:00,8968.00171863108,9338.386341066129,7670.971209595663
forecast_0985,2025-02-11 01:00:00,10996.465825360909,11113.200193042252,8740.76216401718
forecast_0986,2025-02-11 02:00:00,11721.708572784533,11974.253022441973,9564.602007479185
forecast_0987,2025-02-11 03:00:00,11878.192137678561,12646.678660998818,10059.408806867577
forecast_0988,2025-02-11 04:00:00,11270.91702977532,12485.735148113063,9424.617095034064
forecast_0989,2025-02-11 05:00:00,10689.61692279885,10709.083818341449,8803.849313746285
forecast_0990,2025-02-11 06:00:00,9104.512388616398,10288.194853436113,7123.545876724205
forecast_0991,2025-02-11 07:00:00,7927.212904782861,7648.556065067175,6120.226225258161
forecast_0992,2025-02-11 08:00:00,6985.888448898585,6527.97935608639,5046.934872786845
forecast_0993,2025-02-11 09:00:00,6315.238764517058,6244.245954878226,5129.403477530134
forecast_0994,2025-02-11 10:00:00,4564.998449623335,5637.502963422781,4354.007576086572
forecast_0995,2025-02-11 11:00:00,4036.8593065942873,3936.2159255053743,3761.865906238058
forecast_0996,2025-02-11 12:00:00,3771.3873668893348,5095.788930855918,4191.112135586525
forecast_0997,2025-02-11 13:00:00,3982.7570044438953,4257.412884155947,3685.879576507891
forecast_0998,2025-02-11 14:00:00,5777.999549296983,5657.973716683018,3779.5124779399803
forecast_0999,2025-02-11 15:00:00,3453.353085697832,3522.3768027054925,3428.7259862038245
forecast_1000,2025-02-11 16:00:00,3478.438124694052,3850.3337614509237,3283.464510001759
forecast_1001,2025-02-11 17:00:00,3773.467990494485,3875.0394454254074,3106.986552768423
forecast_1002,2025-02-11 18:00:00,5888.018032921654,3961.5911824324867,3866.8267317906634
forecast_1003,2025-02-11 19:00:00,6586.828362770393,6758.881371674163,5060.869352163323
forecast_1004,2025-02-11 20:00:00,8628.591090088536,10896.647775044376,7107.655551572255
forecast_1005,2025-02-11 21:00:00,9282.152058795857,10440.018637616053,8786.293778535199
forecast_1006,2025-02-11 22:00:00,12157.062368189012,12467.735703289776,10619.88087277616
forecast_1007,2025-02-11 23:00:00,15308.772248464555,15489.667584026822,12829.549957734222
forecast_1008,2025-02-12 00:00:00,16659.413857191532,16793.8897080311,14100.200818090885
forecast_1009,2025-02-12 01:00:00,13484.25091974361,14668.19910643293,12125.505404816187
forecast_1010,2025-02-12 02:00:00,14319.259516557011,15216.490565675984,13088.868451813243
forecast_1011,2025-02-12 03:00:00,15199.09840141633,16465.81852581357,13870.321318400956
forecast_1012,2025-02-12 04:00:00,15406.234328876217,16441.468467374194,14040.495549063608
forecast_1013,2025-02-12 05:00:00,13919.574855365683,15946.837892215864,13300.648535218897
forecast_1014,2025-02-12 06:00:00,11870.166874064187,13813.387155295008,11157.944259555492
forecast_1015,2025-02-12 07:00:00,9553.010795930517,12327.301709938876,8364.899435958689
forecast_1016,2025-02-12 08:00:00,7357.477902252598,8503.920564779432,5927.631333253117
forecast_1017,2025-02-12 09:00:00,7497.519703252718,8087.544134253767,4934.356406765993
forecast_1018,2025-02-12 10:00:00,7059.0797404268205,9996.49116760257,5734.56410986964
forecast_1019,2025-02-12 11:00:00,8805.283256236085,9857.687566721193,7353.231742168714
forecast_1020,2025-02-12 12:00:00,10907.638040194211,13415.57012722586,10019.934022194328
forecast_1021,2025-02-12 13:00:00,13014.960295673396,14020.852192891552,12215.675152216369
forecast_1022,2025-02-12 14:00:00,14880.018688537199,15666.034144447834,12853.70005565335
forecast_1023,2025-02-12 15:00:00,17321.94338340128,17871.982238658336,14095.528910366449
forecast_1024,2025-02-12 16:00:00,18022.947679743087,18433.040766403115,14982.739249263153
forecast_1025,2025-02-12 17:00:00,18002.97605954364,18955.330032830923,15141.634314339903
forecast_1026,2025-02-12 18:00:00,18329.05339214086,18709.79909946665,15403.877615145671
forecast_1027,2025-02-12 19:00:00,17734.741315021925,18291.0416889528,15731.084439548726
forecast_1028,2025-02-12 20:00:00,17232.446637566376,17768.07327622189,15794.326194240604
forecast_1029,2025-02-12 21:00:00,17273.945027387806,17644.48118073913,15561.038001608198
forecast_1030,2025-02-12 22:00:00,16918.089932375355,17040.870238585012,15154.11542365026
forecast_1031,2025-02-12 23:00:00,16648.677667917742,16689.72702371749,15015.820176872692
forecast_1032,2025-02-13 00:00:00,15665.476415324434,15910.083545720689,14245.199260711435
forecast_1033,2025-02-13 01:00:00,12706.776516974089,12727.829891688398,10668.462604218043
forecast_1034,2025-02-13 02:00:00,13243.040403911093,13701.811734888504,11679.082660704775
forecast_1035,2025-02-13 03:00:00,13377.834091196093,14534.773931416803,11362.360260931808
forecast_1036,2025-02-13 04:00:00,13004.989366348456,13981.750264959508,10840.275555423143
forecast_1037,2025-02-13 05:00:00,12661.044235864667,13048.803581086477,10284.720257501536
forecast_1038,2025-02-13 06:00:00,13629.175179233936,14485.458449733795,12382.824130753512
forecast_1039,2025-02-13 07:00:00,14792.558482807794,16860.449817028282,13176.805042148962
forecast_1040,2025-02-13 08:00:00,16176.841332179074,17764.48772504995,13891.333747258335
forecast_1041,2025-02-13 09:00:00,15988.981360995422,16498.279667357667,13356.138803288168
forecast_1042,2025-02-13 10:00:00,16428.116875096173,17445.883158822555,12520.3293703856
forecast_1043,2025-02-13 11:00:00,14222.352423540973,15572.515095729896,11818.887013021362
forecast_1044,2025-02-13 12:00:00,13513.172604899642,16230.329146311364,10988.31834122522
forecast_1045,2025-02-13 13:00:00,13631.56813756397,13410.653579109769,10938.181566174457
forecast_1046,2025-02-13 14:00:00,13665.421957992734,14332.738079274046,10474.504923112114
forecast_1047,2025-02-13 15:00:00,14082.318788048284,14650.53982079121,11707.25078615088
forecast_1048,2025-02-13 16:00:00,14738.595446402782,14888.730585105986,13084.627237103923
forecast_1049,2025-02-13 17:00:00,15479.124918465932,16313.610948034637,14312.707321995893
forecast_1050,2025-02-13 18:00:00,16836.56365287087,18079.268248433385,15924.335239772341
forecast_1051,2025-02-13 19:00:00,18060.2094867047,18391.540889541597,17798.76102347667
forecast_1052,2025-02-13 20:00:00,18334.6897179462,19081.395666721954,18290.706142415573
forecast_1053,2025-02-13 21:00:00,18694.505823303443,19355.153972389664,18744.718270900503
forecast_1054,2025-02-13 22:00:00,18904.3022887102,19491.863710307574,19366.072450747277
forecast_1055,2025-02-13 23:00:00,18966.694754125343,19609.477846965143,19330.990319231994
forecast_1056,2025-02-14 00:00:00,18971.53360565376,19557.218366980767,19341.124377062803
forecast_1057,2025-02-14 01:00:00,19015.18892695689,19754.00556787925,19329.624590567495
forecast_1058,2025-02-14 02:00:00,19885.01702309515,19215.06706773206,18712.594524539913
forecast_1059,2025-02-14 03:00:00,19873.385977932656,19176.224672305016,18702.171278114314
forecast_1060,2025-02-14 04:00:00,19879.468136680363,19224.78291999817,19332.242664716097
forecast_1061,2025-02-14 05:00:00,19893.926572805754,19643.438774085153,16881.013607207038
forecast_1062,2025-02-14 06:00:00,19880.643033738834,19900.639415389647,19332.421772486967
forecast_1063,2025-02-14 07:00:00,19892.99655803953,19384.06140920171,17547.97378743402
forecast_1064,2025-02-14 08:00:00,19918.386203063623,19656.9537393705,17019.712945320658
forecast_1065,2025-02-14 09:00:00,16276.030840482032,18904.70637072854,15337.554993526275
forecast_1066,2025-02-14 10:00:00,13736.088805971845,14603.737435833233,12884.024791538566
forecast_1067,2025-02-14 11:00:00,11808.26293886612,13243.129104868824,11216.755979733687
forecast_1068,2025-02-14 12:00:00,10944.021847979597,12427.441430743755,9791.773855518288
forecast_1069,2025-02-14 13:00:00,10796.071701515963,11472.831234007896,9389.745754498645
forecast_1070,2025-02-14 14:00:00,10310.857355100627,10303.533456121762,8877.268160015801
forecast_1071,2025-02-14 15:00:00,9360.986501084191,10031.567500500068,8627.515736506733
forecast_1072,2025-02-14 16:00:00,10240.950525331747,10541.801243983507,9337.100983807384
forecast_1073,2025-02-14 17:00:00,11113.596362827102,12490.242852206484,9764.017491362436
forecast_1074,2025-02-14 18:00:00,13007.48101462242,13744.248645841559,11739.340316841293
forecast_1075,2025-02-14 19:00:00,17196.972313041857,15499.702329157295,12874.445211952721
forecast_1076,2025-02-14 20:00:00,14190.163161128037,17924.475498039705,11678.534879541789
forecast_1077,2025-02-14 21:00:00,18551.29482558087,18092.202491850614,11852.972901335743
forecast_1078,2025-02-14 22:00:00,14826.731865284903,19897.6673111793,11711.98897072404
forecast_1079,2025-02-14 23:00:00,19880.987502224725,18323.46909935494,12426.639164364906
forecast_1080,2025-02-15 00:00:00,18499.16690498107,18520.53371182565,14430.090679283707
forecast_1081,2025-02-15 01:00:00,17624.635177926913,17648.409382129023,12368.355158995735
forecast_1082,2025-02-15 02:00:00,17540.244896783515,18361.534838370608,12370.849760469602
forecast_1083,2025-02-15 03:00:00,16328.693110723969,18276.726156913708,12084.071871280326
forecast_1084,2025-02-15 04:00:00,16586.482194563105,16425.38840207331,11700.749941145756
forecast_1085,2025-02-15 05:00:00,16665.51371086343,16241.859722924322,11270.934426253725
forecast_1086,2025-02-15 06:00:00,16254.161972295122,16540.011676015318,11772.835633193634
forecast_1087,2025-02-15 07:00:00,16093.399659283754,16087.172983037954,11079.347712417615
forecast_1088,2025-02-15 08:00:00,13353.872672911535,14350.313557176996,10243.425095676115
forecast_1089,2025-02-15 09:00:00,12582.579933693085,14317.148051928665,9552.689797736344
forecast_1090,2025-02-15 10:00:00,11240.278844747165,13450.943033099196,8171.155362903038
forecast_1091,2025-02-15 11:00:00,10659.038997073472,12580.465304927295,7915.912271438369
forecast_1092,2025-02-15 12:00:00,9658.952914534786,11644.654132337617,9363.789014786315
forecast_1093,2025-02-15 13:00:00,10959.708980813562,12358.754563477334,10482.907850252383
forecast_1094,2025-02-15 14:00:00,11618.861197929551,13040.746357941242,11485.493299156333
forecast_1095,2025-02-15 15:00:00,12444.316917236605,13948.965908093898,11960.25955280307
forecast_1096,2025-02-15 16:00:00,13955.844062996666,13921.928015238318,12203.7229793304
forecast_1097,2025-02-15 17:00:00,14462.631732578817,15320.017949165534,12470.020994400524
forecast_1098,2025-02-15 18:00:00,15267.918372153576,16040.670132312374,13826.840561042394
forecast_1099,2025-02-15 19:00:00,16943.609751366646,18095.75488424403,15039.414145416833
forecast_1100,2025-02-15 20:00:00,18352.3123550031,18544.306190853997,16256.498449622013
forecast_1101,2025-02-15 21:00:00,18515.628845378607,18740.454939476276,15807.900800224506
forecast_1102,2025-02-15 22:00:00,17780.549838854087,18757.43220262993,15835.301873062457
forecast_1103,2025-02-15 23:00:00,18585.891144539557,18930.701580922294,16381.156079017263
forecast_1104,2025-02-16 00:00:00,18597.297599896596,19896.126857521398,16549.445497291123
forecast_1105,2025-02-16 01:00:00,18824.46836775841,19893.21000484102,17098.94183385728
forecast_1106,2025-02-16 02:00:00,19884.43152464534,19890.786555601462,17743.81785635868
forecast_1107,2025-02-16 03:00:00,18587.848106460704,19425.895819917794,16566.06575107666
forecast_1108,2025-02-16 04:00:00,16933.43101938792,18573.126664012136,14850.446689024648
forecast_1109,2025-02-16 05:00:00,15397.62511948672,17965.329408778864,13994.2017858915
forecast_1110,2025-02-16 06:00:00,15922.76272458905,17373.53149204695,11603.542939038234
forecast_1111,2025-02-16 07:00:00,15221.641964177217,17205.643657960754,10559.704492101724
forecast_1112,2025-02-16 08:00:00,14719.279316407265,17057.210433385604,10433.584119802359
forecast_1113,2025-02-16 09:00:00,14196.657112645851,15145.26081759489,11122.528038488106
forecast_1114,2025-02-16 10:00:00,12483.117558271917,13157.393792093468,10407.779657457631
forecast_1115,2025-02-16 11:00:00,10785.011820706506,11140.797804404921,9242.52313236329
forecast_1116,2025-02-16 12:00:00,8672.366578160558,10158.063429217429,8683.321701172506
forecast_1117,2025-02-16 13:00:00,11289.202379297345,10556.173389023776,8759.87964743257
forecast_1118,2025-02-16 14:00:00,13051.445508164925,12609.126124488132,10643.944533956022
forecast_1119,2025-02-16 15:00:00,13982.727969229816,14373.759197917556,12128.421397857537
forecast_1120,2025-02-16 16:00:00,16075.122024756412,16463.148663242417,14338.849807086695
forecast_1121,2025-02-16 17:00:00,16763.88595270173,17349.059006141426,15709.905288502923
forecast_1122,2025-02-16 18:00:00,17304.62722900073,17971.836695383354,16527.52883225286
forecast_1123,2025-02-16 19:00:00,17399.624061755407,17948.59470308859,16632.81652077892
forecast_1124,2025-02-16 20:00:00,17419.460616237604,17927.82775374511,15782.802764545662
forecast_1125,2025-02-16 21:00:00,17337.217482847023,17864.364265956785,15409.581791842853
forecast_1126,2025-02-16 22:00:00,17380.162408629018,17802.76974094822,15057.6560374134
forecast_1127,2025-02-16 23:00:00,16993.02411591258,17642.8467474929,14653.49234216683
forecast_1128,2025-02-17 00:00:00,16828.950289567954,17508.464889557024,14486.336212469654
forecast_1129,2025-02-17 01:00:00,12653.47181786282,11736.880595729883,11127.764231322399
forecast_1130,2025-02-17 02:00:00,12637.238346941263,11884.049593086927,11245.79817519775
forecast_1131,2025-02-17 03:00:00,12919.791156699293,12838.691978192608,11352.749199144782
forecast_1132,2025-02-17 04:00:00,12080.162351347712,11821.311570527445,10808.02567328158
forecast_1133,2025-02-17 05:00:00,11678.06786217129,11026.28890647777,10017.771042667318
forecast_1134,2025-02-17 06:00:00,11660.325016971363,11156.808704547995,9590.780376907624
forecast_1135,2025-02-17 07:00:00,11475.18496496325,11733.152876421876,10175.17905429903
forecast_1136,2025-02-17 08:00:00,11859.235067632217,11342.470008509792,10730.027488488751
forecast_1137,2025-02-17 09:00:00,12277.608539776049,12072.525528743596,9217.600676459213
forecast_1138,2025-02-17 10:00:00,11671.531037642315,11545.76297798015,8980.453724819869
forecast_1139,2025-02-17 11:00:00,11996.852220104418,11891.815408900096,8928.52255587196
forecast_1140,2025-02-17 12:00:00,12515.45001759515,12194.244916312826,9590.965923593674
forecast_1141,2025-02-17 13:00:00,12383.117704723303,12230.610008033165,9698.98940524303
forecast_1142,2025-02-17 14:00:00,12349.724185135137,12194.884214768823,9562.112949829223
forecast_1143,2025-02-17 15:00:00,11175.097227220269,11413.067376190877,9283.087311336292
forecast_1144,2025-02-17 16:00:00,10509.31549523405,10631.39338180106,8606.311845231266
forecast_1145,2025-02-17 17:00:00,8971.322054001495,8869.906208549615,8149.930543173212
forecast_1146,2025-02-17 18:00:00,8304.445692901625,8451.768876828424,7007.461631639525
forecast_1147,2025-02-17 19:00:00,7801.220173224165,7805.430518720594,6721.841573848503
forecast_1148,2025-02-17 20:00:00,8685.441441637031,9100.621544477397,6818.59192946772
forecast_1149,2025-02-17 21:00:00,8556.83434952463,10994.80249067984,5678.608198799807
forecast_1150,2025-02-17 22:00:00,8600.049345244026,10571.258690154202,5184.883360660816
forecast_1151,2025-02-17 23:00:00,5109.62159296956,4973.72479876088,5745.113753262112
forecast_1152,2025-02-18 00:00:00,5300.897609553991,5443.890582719767,5830.687883951958
forecast_1153,2025-02-18 01:00:00,8292.390377505055,8908.545457060221,7095.054650072694
forecast_1154,2025-02-18 02:00:00,9145.829007457814,10348.728275376632,7973.186395599259
forecast_1155,2025-02-18 03:00:00,10478.602904664633,11413.901469589982,8929.75163495228
forecast_1156,2025-02-18 04:00:00,10659.038109855532,12019.598812776056,9366.272256698905
forecast_1157,2025-02-18 05:00:00,11098.40706511236,12414.10640607811,9781.235784130562
forecast_1158,2025-02-18 06:00:00,11742.144174243738,13083.730806968382,9877.468631179778
forecast_1159,2025-02-18 07:00:00,11824.899772905732,12767.349084823476,9991.236457100413
forecast_1160,2025-02-18 08:00:00,11375.962730895635,11434.652901286565,9775.567968818952
forecast_1161,2025-02-18 09:00:00,11196.068920561884,10952.543688819305,9853.446880562064
forecast_1162,2025-02-18 10:00:00,10808.031895585793,10143.318814688368,9294.763614567808
forecast_1163,2025-02-18 11:00:00,11076.580904189943,11189.104494568208,9073.195668880833
forecast_1164,2025-02-18 12:00:00,11133.52171882592,10941.552176623749,9185.881627985184
forecast_1165,2025-02-18 13:00:00,11761.363636780576,11396.719587350079,8931.086098994943
forecast_1166,2025-02-18 14:00:00,12232.495963796327,11267.476929129694,9133.620738661819
forecast_1167,2025-02-18 15:00:00,12994.330373634237,11377.996592759635,8596.225153638552
forecast_1168,2025-02-18 16:00:00,12990.308900114249,11797.547300582806,9245.98322900008
forecast_1169,2025-02-18 17:00:00,11847.286166773354,11158.104566047827,9062.131456142655
forecast_1170,2025-02-18 18:00:00,11452.695747479229,10834.712905891685,9407.757229326184
forecast_1171,2025-02-18 19:00:00,11995.225797721034,9635.10118221301,9654.250390849918
forecast_1172,2025-02-18 20:00:00,10902.88038192941,9554.690800678733,9911.530062721738
forecast_1173,2025-02-18 21:00:00,10731.043720879039,13557.940110004205,9484.003790971425
forecast_1174,2025-02-18 22:00:00,12539.294483399175,13488.483705473878,8388.278243950783
forecast_1175,2025-02-18 23:00:00,11488.025320189348,12425.73342305468,8274.794570134496
forecast_1176,2025-02-19 00:00:00,12027.252843284905,13133.99223528578,8196.292404316007
forecast_1177,2025-02-19 01:00:00,12299.059980309397,12864.210048469984,9611.832406683045
forecast_1178,2025-02-19 02:00:00,12661.777800699416,13349.251595420941,10503.42044127014
forecast_1179,2025-02-19 03:00:00,14364.603667217903,14270.248247375719,10997.43034995652
forecast_1180,2025-02-19 04:00:00,14462.584633286731,14737.708269783769,9357.587608345324
forecast_1181,2025-02-19 05:00:00,14671.348801037298,17278.758276120097,10822.904045939142
forecast_1182,2025-02-19 06:00:00,16691.054951188507,16196.920093895187,11175.946341755236
forecast_1183,2025-02-19 07:00:00,16656.41251154662,16868.068144651534,11299.85883860589
forecast_1184,2025-02-19 08:00:00,16024.281606055973,16413.342565847135,10193.394137447043
forecast_1185,2025-02-19 09:00:00,14539.397591177982,13155.873208438274,9360.936011760723
forecast_1186,2025-02-19 10:00:00,10458.958959961721,10482.794702224666,8483.530097778674
forecast_1187,2025-02-19 11:00:00,8565.06169177,8476.089792727293,6144.15708601233
forecast_1188,2025-02-19 12:00:00,6787.278014491857,6465.413206968175,5623.297801843342
forecast_1189,2025-02-19 13:00:00,5329.160845113607,5211.206343148696,4469.726575715093
forecast_1190,2025-02-19 14:00:00,4751.618946466514,4586.006156037937,4131.486173811487
forecast_1191,2025-02-19 15:00:00,5054.097121029609,4693.804838160424,4256.894735713743
forecast_1192,2025-02-19 16:00:00,5372.060459487279,5001.602422191271,4510.645717299491
forecast_1193,2025-02-19 17:00:00,5569.670496895797,5482.948757385563,4596.537595029902
forecast_1194,2025-02-19 18:00:00,5973.215159750577,6094.330450236055,5104.716450184034
forecast_1195,2025-02-19 19:00:00,7007.1418949744375,7013.587171685985,5283.3614357330625
forecast_1196,2025-02-19 20:00:00,7266.330330952192,7208.506800559285,5766.543752002544
forecast_1197,2025-02-19 21:00:00,7576.6728001813335,8075.937532395899,6229.353704652876
forecast_1198,2025-02-19 22:00:00,8921.027442024508,8608.489918247049,6826.09889985741
forecast_1199,2025-02-19 23:00:00,9747.7586699738,9786.157742261794,7228.992893657607
forecast_1200,2025-02-20 00:00:00,9817.483265377856,12136.377680916212,7172.172736057132
forecast_1201,2025-02-20 01:00:00,8773.2559982093,8851.460817727975,6218.2563060972425
forecast_1202,2025-02-20 02:00:00,8947.409017024334,9062.821590556534,6801.597863804241
forecast_1203,2025-02-20 03:00:00,9548.053341649105,9741.316207425654,7315.7489239847
forecast_1204,2025-02-20 04:00:00,10375.614494518293,10119.206032224854,7278.145239526805
forecast_1205,2025-02-20 05:00:00,10494.451495737285,10616.374088704693,7481.835640168065
forecast_1206,2025-02-20 06:00:00,10704.570312396621,11691.474343619071,8652.563051743035
forecast_1207,2025-02-20 07:00:00,12231.204022641035,12594.746869593373,9291.100373084342
forecast_1208,2025-02-20 08:00:00,13131.45667839633,13813.136035575499,9918.38186175648
forecast_1209,2025-02-20 09:00:00,12009.058342620641,11906.732855539172,9598.707350586159
forecast_1210,2025-02-20 10:00:00,11559.314822149308,12027.776283655423,8272.889936954683
forecast_1211,2025-02-20 11:00:00,10252.434794351335,11296.93139139202,8863.594923342662
forecast_1212,2025-02-20 12:00:00,7627.502821376681,7627.553198229791,7245.962117036501
forecast_1213,2025-02-20 13:00:00,6905.266780739527,6623.180763934004,6342.933108701761
forecast_1214,2025-02-20 14:00:00,7339.850757540429,6961.851076103383,7277.500270700488
forecast_1215,2025-02-20 15:00:00,7638.676479763681,7003.272727945057,7607.811778173419
forecast_1216,2025-02-20 16:00:00,8624.950290632662,6649.291430129739,7206.742312931287
forecast_1217,2025-02-20 17:00:00,7278.778206646551,6696.679501071511,6678.9695216732825
forecast_1218,2025-02-20 18:00:00,8010.411935275164,8043.48952508971,7709.291321687997
forecast_1219,2025-02-20 19:00:00,10698.687144527845,11056.922342911672,8997.136919808754
forecast_1220,2025-02-20 20:00:00,10198.921851983308,9915.014772439114,8626.978075875537
forecast_1221,2025-02-20 21:00:00,9615.832337496075,9900.07541399471,7291.1125900765155
forecast_1222,2025-02-20 22:00:00,8861.115984747908,11388.418283449777,6838.555105910258
forecast_1223,2025-02-20 23:00:00,7892.611250299393,10886.505582632857,6403.788248900346
forecast_1224,2025-02-21 00:00:00,10199.649710485604,11531.883451875237,6704.4287598221745
forecast_1225,2025-02-21 01:00:00,10500.924788868293,11243.723473380998,8012.391740530681
forecast_1226,2025-02-21 02:00:00,11454.500452327848,11890.625374269428,8103.966754311583
forecast_1227,2025-02-21 03:00:00,11738.821914074771,11710.029515178278,8150.740991893086
forecast_1228,2025-02-21 04:00:00,11585.491733004728,11718.611248546538,8251.045363057301
forecast_1229,2025-02-21 05:00:00,11369.095203076296,11765.117326605376,8566.041115704671
forecast_1230,2025-02-21 06:00:00,12176.621192667411,12860.27680682048,9220.070341173681
forecast_1231,2025-02-21 07:00:00,12941.45682234421,13507.236953370098,10281.02600749821
forecast_1232,2025-02-21 08:00:00,12550.1146252068,13179.891885452711,10215.278464985724
forecast_1233,2025-02-21 09:00:00,10665.139176880388,11366.465169769292,9069.891526705698
forecast_1234,2025-02-21 10:00:00,8575.075903429799,8777.03556843646,7070.731628046791
forecast_1235,2025-02-21 11:00:00,6602.287576462727,6615.196908480928,5533.449402794883
forecast_1236,2025-02-21 12:00:00,5292.205931606747,5442.606023247684,4566.7831408532775
forecast_1237,2025-02-21 13:00:00,5196.50020072151,5172.916432559111,4310.942562370275
forecast_1238,2025-02-21 14:00:00,5490.878430401217,5272.270368716048,4826.60157809521
forecast_1239,2025-02-21 15:00:00,5562.046583360692,5773.895619956156,5251.516520151942
forecast_1240,2025-02-21 16:00:00,5864.895143279852,6499.870949695925,5562.202634611228
forecast_1241,2025-02-21 17:00:00,7105.7882010204685,7201.78345232582,6213.047016915528
forecast_1242,2025-02-21 18:00:00,8141.525925279435,7808.147887245861,7107.1218079977425
forecast_1243,2025-02-21 19:00:00,8695.472584916672,8496.434476738028,8050.110249765413
forecast_1244,2025-02-21 20:00:00,10701.70725802247,11293.798839721612,8489.489424316806
forecast_1245,2025-02-21 21:00:00,10401.284349320404,12622.605496929398,9058.02771780303
forecast_1246,2025-02-21 22:00:00,11250.787851577923,12357.415382329022,9702.382545342289
forecast_1247,2025-02-21 23:00:00,10646.209081368856,11943.073341812315,9587.55864102284
forecast_1248,2025-02-22 00:00:00,10102.207411967764,11425.80196407751,9529.715931173181
forecast_1249,2025-02-22 01:00:00,14042.436467406336,13155.323230988783,12454.230607504978
forecast_1250,2025-02-22 02:00:00,14234.956841294612,13566.661977750178,12626.245511760406
forecast_1251,2025-02-22 03:00:00,14553.193087468077,14241.581390467862,13127.79899027742
forecast_1252,2025-02-22 04:00:00,14342.507762500263,14105.440779255463,12444.433725338995
forecast_1253,2025-02-22 05:00:00,13661.733586467864,13376.989755642917,11135.57470938216
forecast_1254,2025-02-22 06:00:00,12386.493146859304,12480.392073313309,10169.799378900818
forecast_1255,2025-02-22 07:00:00,13636.792740087632,14203.229457155594,9208.656656840118
forecast_1256,2025-02-22 08:00:00,10545.83560188504,10976.20121602361,8915.452788514756
forecast_1257,2025-02-22 09:00:00,7976.312811948514,8739.83004752289,6737.899280341329
forecast_1258,2025-02-22 10:00:00,5424.529003221062,5667.264371513441,4472.48243278579
forecast_1259,2025-02-22 11:00:00,4267.075120747216,4900.9885246242875,3782.3535804731982
forecast_1260,2025-02-22 12:00:00,4953.702139592437,4991.326831025525,4059.443435827798
forecast_1261,2025-02-22 13:00:00,6359.447931356031,5748.701877996307,4732.559203398161
forecast_1262,2025-02-22 14:00:00,6900.6181589369535,6184.911986023708,4947.388451851238
forecast_1263,2025-02-22 15:00:00,6685.445391073781,6559.074392088191,5651.689105634417
forecast_1264,2025-02-22 16:00:00,7178.120215970765,6943.089053408128,5900.910476741406
forecast_1265,2025-02-22 17:00:00,7747.970359392772,7787.688223162614,6456.983995209296
forecast_1266,2025-02-22 18:00:00,8711.742536827584,9979.17087504884,7923.609186295135
forecast_1267,2025-02-22 19:00:00,10324.04966151364,10379.394084327501,9207.161704241162
forecast_1268,2025-02-22 20:00:00,11212.93766495955,11808.180811706821,10716.520499772518
forecast_1269,2025-02-22 21:00:00,12527.371412379714,17201.930511757422,11968.937507642824
forecast_1270,2025-02-22 22:00:00,15462.858499395217,16706.77204809348,13688.697140629582
forecast_1271,2025-02-22 23:00:00,16852.663878958287,18423.68724585968,14694.264331569644
forecast_1272,2025-02-23 00:00:00,17621.40682438754,18788.334070404017,15732.396131706182
forecast_1273,2025-02-23 01:00:00,15826.202955491888,17732.727449756352,14809.222865634069
forecast_1274,2025-02-23 02:00:00,17281.00942409485,18107.526269840724,14782.619730371156
forecast_1275,2025-02-23 03:00:00,17856.913347926926,18729.24915724909,15273.073922749176
forecast_1276,2025-02-23 04:00:00,17188.93735696899,17955.560691440085,15715.446906389298
forecast_1277,2025-02-23 05:00:00,17133.178829411147,18240.929309132203,16123.575716234212
forecast_1278,2025-02-23 06:00:00,17251.783809207627,18483.977003530334,15220.631924370115
forecast_1279,2025-02-23 07:00:00,17319.87767473862,17934.987131448448,15757.88692316199
forecast_1280,2025-02-23 08:00:00,17551.760902078073,18316.077380424427,17376.367292380295
forecast_1281,2025-02-23 09:00:00,17265.838300800322,18250.86608681162,16120.79119845595
forecast_1282,2025-02-23 10:00:00,16779.821668459073,17145.38781095347,14570.39923013486
forecast_1283,2025-02-23 11:00:00,15643.873204908301,16379.103129711548,12780.777712179344
forecast_1284,2025-02-23 12:00:00,14716.572093094044,15247.347534804583,12092.892837768843
forecast_1285,2025-02-23 13:00:00,14111.500613306749,14506.510390862779,11848.759249942741
forecast_1286,2025-02-23 14:00:00,14020.75284150364,14068.987620252641,12167.252446984765
forecast_1287,2025-02-23 15:00:00,13986.950338519884,13638.553422399318,11699.481267630943
forecast_1288,2025-02-23 16:00:00,13184.342763169372,13314.655181332664,11324.713839423319
forecast_1289,2025-02-23 17:00:00,12315.205535941364,11601.6516147393,10823.622596788384
forecast_1290,2025-02-23 18:00:00,11294.933896635574,10758.519383225517,9569.59577484344
forecast_1291,2025-02-23 19:00:00,10883.202547212168,10312.210454719107,9061.999060758983
forecast_1292,2025-02-23 20:00:00,9763.151916718623,9456.222090066793,8192.48662870959
forecast_1293,2025-02-23 21:00:00,9623.55437821197,10031.992503750835,8944.063597493781
forecast_1294,2025-02-23 22:00:00,12165.879089142867,12623.193758493957,9123.304150553144
forecast_1295,2025-02-23 23:00:00,12923.650957919734,15499.883087075767,9824.75794256951
forecast_1296,2025-02-24 00:00:00,13038.642100573841,13893.398584029866,10931.470424358453
forecast_1297,2025-02-24 01:00:00,15834.696480840383,17150.056819389032,11803.051398409318
forecast_1298,2025-02-24 02:00:00,17097.437371153646,17163.76999875209,12198.583260200963
forecast_1299,2025-02-24 03:00:00,18076.32061214648,18133.83271306057,13037.804111141033
forecast_1300,2025-02-24 04:00:00,18302.653845078923,18389.365794223955,13922.03842651206
forecast_1301,2025-02-24 05:00:00,17066.328808740145,18517.859575242477,13623.670312176335
forecast_1302,2025-02-24 06:00:00,17021.617799214484,18002.114124933803,13179.658725698308
forecast_1303,2025-02-24 07:00:00,16791.32403490925,16675.129206328103,13128.468813585689
forecast_1304,2025-02-24 08:00:00,16481.949313363963,16521.85699662387,12467.551450127587
forecast_1305,2025-02-24 09:00:00,14918.469965709717,14858.53714191806,10582.806499631926
forecast_1306,2025-02-24 10:00:00,13736.267543249856,12417.679605864834,9191.468903859039
forecast_1307,2025-02-24 11:00:00,9789.23079497595,10070.325028304129,7380.462812349226
forecast_1308,2025-02-24 12:00:00,8046.647661967671,7287.316481506282,6069.605707254011
forecast_1309,2025-02-24 13:00:00,7000.130036357496,7106.7799653544735,5675.253129024031
forecast_1310,2025-02-24 14:00:00,7287.255345423341,7855.797026121343,5968.3625680330415
forecast_1311,2025-02-24 15:00:00,8452.22014481498,8572.325789133756,6382.538660939576
forecast_1312,2025-02-24 16:00:00,9388.848615217368,8988.687703541178,7483.030326063605
forecast_1313,2025-02-24 17:00:00,10990.711129410502,11395.249235083562,8978.483620755598
forecast_1314,2025-02-24 18:00:00,12579.614084059067,12978.065758923463,11021.347083829893
forecast_1315,2025-02-24 19:00:00,14566.100453543813,15066.599376037895,13436.252043528488
forecast_1316,2025-02-24 20:00:00,17604.588605778226,17869.612579820605,15082.249027247972
forecast_1317,2025-02-24 21:00:00,18353.799335362113,19005.192346938195,16394.882349473475
forecast_1318,2025-02-24 22:00:00,19895.996035314904,19897.03294403941,18073.35650756505
forecast_1319,2025-02-24 23:00:00,19886.275174885657,19873.3854417835,18428.495339624293
forecast_1320,2025-02-25 00:00:00,19876.47781984423,19886.325046432838,18524.140102061247
forecast_1321,2025-02-25 01:00:00,20315.984153843838,20306.957405275898,19334.60260409084
forecast_1322,2025-02-25 02:00:00,20309.487212984262,20306.751839538978,19325.179307105584
forecast_1323,2025-02-25 03:00:00,20314.60859570393,20321.820075067724,19336.120726334462
forecast_1324,2025-02-25 04:00:00,20307.397337020684,20309.35794592653,19740.982060977458
forecast_1325,2025-02-25 05:00:00,20314.045336760057,20315.302021932286,19776.12304883767
forecast_1326,2025-02-25 06:00:00,20355.597121279192,20331.06761332632,19745.85876572342
forecast_1327,2025-02-25 07:00:00,20332.156077149964,20332.28933172647,19741.570499558195
forecast_1328,2025-02-25 08:00:00,20349.58733897344,20344.523008597007,19743.992303148283
forecast_1329,2025-02-25 09:00:00,20331.250199429676,20326.386180436446,19743.25943472225
forecast_1330,2025-02-25 10:00:00,20310.324945593944,20307.954188980933,19324.37784285482
forecast_1331,2025-02-25 11:00:00,19875.707690913074,19878.130879622302,17498.1159287281
forecast_1332,2025-02-25 12:00:00,16688.45275214815,17000.985089959337,13995.847437443284
forecast_1333,2025-02-25 13:00:00,14605.848886857715,16268.608925579212,13460.463666808047
forecast_1334,2025-02-25 14:00:00,14174.813990405684,14467.7364334936,13331.19666677605
forecast_1335,2025-02-25 15:00:00,15254.091881342572,15696.04343452005,14777.052944369158
forecast_1336,2025-02-25 16:00:00,16278.62043079286,16551.84199077124,15129.040664635068
forecast_1337,2025-02-25 17:00:00,18094.552114699167,18001.50689506988,16581.40722752416
forecast_1338,2025-02-25 18:00:00,18804.81548433362,19024.040034935457,18366.000210109538
forecast_1339,2025-02-25 19:00:00,19882.50006160076,19433.430202353982,19334.151148636436
forecast_1340,2025-02-25 20:00:00,19890.13531894129,19745.14497500399,19343.373192985626
forecast_1341,2025-02-25 21:00:00,19908.312882418435,19695.287034998724,19351.106775354765
forecast_1342,2025-02-25 22:00:00,19899.066636969103,19778.137283374796,19363.54085034918
forecast_1343,2025-02-25 23:00:00,19875.119673092904,19723.89688708148,19329.229720484796
forecast_1344,2025-02-26 00:00:00,19584.937523697972,19887.49376279002,19332.73930468106
forecast_1345,2025-02-26 01:00:00,19878.42817404677,19882.58917574254,18322.661342220017
forecast_1346,2025-02-26 02:00:00,19225.164384012474,19876.174903125877,18275.278173317576
forecast_1347,2025-02-26 03:00:00,18782.419336596144,19473.45707544424,18170.308777224447
forecast_1348,2025-02-26 04:00:00,18944.40149554475,19392.23171641065,17707.815988235812
forecast_1349,2025-02-26 05:00:00,18741.95905278385,19093.237790027273,17735.97063820785
forecast_1350,2025-02-26 06:00:00,18125.905859066104,19149.236268813158,18167.357183529017
forecast_1351,2025-02-26 07:00:00,17856.201104000866,18909.233890729032,17012.03611797543
forecast_1352,2025-02-26 08:00:00,17423.01387711916,18521.12283769726,16270.970902414989
forecast_1353,2025-02-26 09:00:00,15985.38276935837,17813.598667626604,15417.43874333633
forecast_1354,2025-02-26 10:00:00,15830.136790041019,16910.82630698992,13454.09769935721
forecast_1355,2025-02-26 11:00:00,14244.490187876261,14614.759493805625,12608.148462773273
forecast_1356,2025-02-26 12:00:00,13271.36273709999,13876.777686494563,10723.9512384909
forecast_1357,2025-02-26 13:00:00,13749.215894262261,14325.772831438946,10345.408427350068
forecast_1358,2025-02-26 14:00:00,13550.826110096574,14134.076366915497,10758.857424938784
forecast_1359,2025-02-26 15:00:00,13920.141964176213,14448.497143931098,10280.888814899583
forecast_1360,2025-02-26 16:00:00,14343.27130156967,14848.396802705032,10749.698821506965
forecast_1361,2025-02-26 17:00:00,13897.43285530126,14358.52784195816,11339.919115607554
forecast_1362,2025-02-26 18:00:00,14233.186861749959,14898.181627696456,12382.138910829392
forecast_1363,2025-02-26 19:00:00,14935.879672401104,15730.818136770871,14579.146726994904
forecast_1364,2025-02-26 20:00:00,16347.20736846076,17759.313472661375,15956.368779670685
forecast_1365,2025-02-26 21:00:00,17334.25222967427,18452.13603757254,17327.85203614516
forecast_1366,2025-02-26 22:00:00,17697.76457100349,18602.13399985814,17523.085515022598
forecast_1367,2025-02-26 23:00:00,18213.436352363726,19168.086660795536,17419.90473149108
forecast_1368,2025-02-27 00:00:00,17865.05096688508,18766.787984783972,17529.195391752633
forecast_1369,2025-02-27 01:00:00,19888.446277567313,19882.998101611713,19321.54857068508
forecast_1370,2025-02-27 02:00:00,19880.83158380204,20330.29606688765,19320.82013319488
forecast_1371,2025-02-27 03:00:00,20305.050571332038,20307.45057703922,19320.092769131363
forecast_1372,2025-02-27 04:00:00,20325.808196641974,20307.75994936638,19354.091975564093
forecast_1373,2025-02-27 05:00:00,19928.6122326853,20315.01613174667,19322.378873231675
forecast_1374,2025-02-27 06:00:00,19879.10912592835,20306.50527312728,18452.57182695262
forecast_1375,2025-02-27 07:00:00,19879.44215167952,19880.29766567331,18050.75793351205
forecast_1376,2025-02-27 08:00:00,19891.211040570186,19883.36123649324,16546.89175943269
forecast_1377,2025-02-27 09:00:00,18811.288113366,19889.51577401541,15835.4046763508
forecast_1378,2025-02-27 10:00:00,18188.532874926506,18328.626069915204,15368.672478529905
forecast_1379,2025-02-27 11:00:00,17930.884012537143,17098.150674259705,15042.307068773665
forecast_1380,2025-02-27 12:00:00,17675.209094443067,18067.7992867518,14525.558764511878
forecast_1381,2025-02-27 13:00:00,14572.361912260218,17108.021014044767,13618.202930977266
forecast_1382,2025-02-27 14:00:00,13396.078483088364,13797.879512262065,11716.72525151627
forecast_1383,2025-02-27 15:00:00,8829.45167469524,9045.308183929053,7665.01911514179
forecast_1384,2025-02-27 16:00:00,7365.98383044882,7446.725388992935,6636.119270588885
forecast_1385,2025-02-27 17:00:00,7829.823733365533,8666.949623546914,6834.606003894427
forecast_1386,2025-02-27 18:00:00,9596.230110567747,10142.72350876928,7580.8615428699995
forecast_1387,2025-02-27 19:00:00,9877.544770656013,12136.785358843075,8208.891978278827
forecast_1388,2025-02-27 20:00:00,10854.515292623713,16213.517044279635,10079.447982273972
forecast_1389,2025-02-27 21:00:00,11073.943026677582,16429.814981282536,10498.324127571352
forecast_1390,2025-02-27 22:00:00,11942.094401006436,16455.412125778697,10918.289859511331
forecast_1391,2025-02-27 23:00:00,11232.785048636053,14422.04783805424,10291.684251829207
forecast_1392,2025-02-28 00:00:00,10917.00100193894,14065.630275241027,10573.28006014321
forecast_1393,2025-02-28 01:00:00,11968.383505462778,13248.541346560196,10449.68833127256
forecast_1394,2025-02-28 02:00:00,13661.798517278454,13960.129833644976,12672.398470905157
forecast_1395,2025-02-28 03:00:00,15159.702627761972,15492.594568800487,14005.419467720782
forecast_1396,2025-02-28 04:00:00,16948.92038143568,16509.909440583535,15256.915155520788
forecast_1397,2025-02-28 05:00:00,17530.08250363527,17124.490557509416,16146.139201546319
forecast_1398,2025-02-28 06:00:00,19144.13707685881,18803.344098961166,16768.76886171695
forecast_1399,2025-02-28 07:00:00,18737.79726666685,18902.52361478645,16869.61574744992
forecast_1400,2025-02-28 08:00:00,19883.050742685045,19836.84413252243,18518.849815807527
forecast_1401,2025-02-28 09:00:00,18711.70150506542,19876.292819829567,18228.65600781645
forecast_1402,2025-02-28 10:00:00,18184.399356841448,19878.282211549904,17547.459170205588
forecast_1403,2025-02-28 11:00:00,16438.503940103834,17027.593993262162,16642.591717779753
forecast_1404,2025-02-28 12:00:00,14064.054256727968,15986.114929819916,14541.720894347654
forecast_1405,2025-02-28 13:00:00,11968.465032204747,12543.148683921881,12796.936550182365
forecast_1406,2025-02-28 14:00:00,10645.62404335651,11182.00910001897,11464.770568250897
forecast_1407,2025-02-28 15:00:00,11163.857032277148,12944.413533324503,10312.981107300811
forecast_1408,2025-02-28 16:00:00,12069.38884930016,13424.207289604115,12123.126883259662
forecast_1409,2025-02-28 17:00:00,14199.925268078983,14800.500206488077,13476.86908749816
forecast_1410,2025-02-28 18:00:00,15334.38787735064,16047.24430359294,14443.515184388702
forecast_1411,2025-02-28 19:00:00,17901.59776401073,17150.30282696199,14043.01516609853
forecast_1412,2025-02-28 20:00:00,17644.527787973697,17184.557436261934,12846.46953563895
forecast_1413,2025-02-28 21:00:00,14291.612886715951,13984.38137815267,9796.197555853507
forecast_1414,2025-02-28 22:00:00,10463.330904928807,11215.80599526713,8329.477887176969
forecast_1415,2025-02-28 23:00:00,8696.36383953367,9754.096566364242,6593.580720387515
forecast_1416,2025-03-01 00:00:00,8696.646094494587,9165.797012236155,6267.707299555551
forecast_1417,2025-03-01 01:00:00,7077.9595430121935,12760.168537072599,6388.225116900693
forecast_1418,2025-03-01 02:00:00,6873.5767736646,6825.244413289216,5151.689665911273
forecast_1419,2025-03-01 03:00:00,5338.521867980587,5487.6312006595845,3811.7992037288896
forecast_1420,2025-03-01 04:00:00,4330.578009969836,3959.1161080360375,3769.1449716098405
forecast_1421,2025-03-01 05:00:00,4265.670251377227,3492.4529910337938,3389.100076717698
forecast_1422,2025-03-01 06:00:00,3643.4988140615483,3805.236100225305,3869.6651967473285
forecast_1423,2025-03-01 07:00:00,4487.312575190487,4383.040497609274,3478.562916624809
forecast_1424,2025-03-01 08:00:00,3891.674401086823,3964.790865154362,3466.9337898417944
forecast_1425,2025-03-01 09:00:00,3436.7285630933793,3798.727196789465,3119.60182217981
forecast_1426,2025-03-01 10:00:00,3513.3818883179592,3800.8997383331066,3000.5701586260266
forecast_1427,2025-03-01 11:00:00,3411.5895440614154,3300.7120716666414,2809.1949778232292
forecast_1428,2025-03-01 12:00:00,3903.8647112649846,3734.7428770425536,3313.4985274273845
forecast_1429,2025-03-01 13:00:00,3919.7240070103435,3951.043875249335,3744.7935092308057
forecast_1430,2025-03-01 14:00:00,5415.747250617208,5255.491230121951,4091.560114484919
forecast_1431,2025-03-01 15:00:00,5600.163912760998,5420.809669542577,3765.465934639263
forecast_1432,2025-03-01 16:00:00,4275.090026103206,4133.8337744748105,3617.3005624745874
forecast_1433,2025-03-01 17:00:00,4488.065425106142,4309.746304636541,3738.7860909021692
forecast_1434,2025-03-01 18:00:00,3942.452247143007,3965.0859429807288,3796.1193470111593
forecast_1435,2025-03-01 19:00:00,6480.632592570681,6499.732939974547,4336.661413630536
forecast_1436,2025-03-01 20:00:00,4997.039792192994,5012.775638377398,3649.9465538746736
forecast_1437,2025-03-01 21:00:00,3630.8868388901087,3900.19451383259,3886.151440132176
forecast_1438,2025-03-01 22:00:00,3401.1973782975747,3528.1751513868985,3402.6798082583196
forecast_1439,2025-03-01 23:00:00,3566.0334240783645,3572.8769894849343,3188.1997880554063
forecast_1440,2025-03-02 00:00:00,3412.9611474386247,3697.0422561431124,3236.1294731675453
forecast_1441,2025-03-02 01:00:00,4218.383679813944,4251.422142503752,3785.355114232976
forecast_1442,2025-03-02 02:00:00,3865.61815644419,3922.8954357162256,3740.5041653501876
forecast_1443,2025-03-02 03:00:00,4049.41344603782,4106.487805378054,3658.9323422710604
forecast_1444,2025-03-02 04:00:00,4050.8287718451943,4050.7335900868366,3649.212701535341
forecast_1445,2025-03-02 05:00:00,4001.549327190807,3973.227783898782,3386.0946754166243
forecast_1446,2025-03-02 06:00:00,3675.12568926513,3846.874619145467,3038.0412763055456
forecast_1447,2025-03-02 07:00:00,3840.348299836146,3415.640107508627,3571.0799444477325
forecast_1448,2025-03-02 08:00:00,3489.31702018887,3450.0400207685716,3421.174796995758
forecast_1449,2025-03-02 09:00:00,3266.783831096131,3164.7372269416082,2397.026319164172
forecast_1450,2025-03-02 10:00:00,3509.1203666448914,3732.7511792298114,3580.463056651198
forecast_1451,2025-03-02 11:00:00,4215.040634196302,3813.6749070479937,3345.2529019004132
forecast_1452,2025-03-02 12:00:00,3918.0281411285896,4431.365685982594,3447.3901035044614
forecast_1453,2025-03-02 13:00:00,4060.9680962988346,4835.631257098786,3699.469625358747
forecast_1454,2025-03-02 14:00:00,4084.0335678511424,4909.817246624103,3847.437436060944
forecast_1455,2025-03-02 15:00:00,3719.2010488242017,4262.347847757711,3888.201384797411
forecast_1456,2025-03-02 16:00:00,4390.361282988239,5035.410291751808,4154.513389722014
forecast_1457,2025-03-02 17:00:00,5322.3439739541645,7640.20997598846,5401.954215871993
forecast_1458,2025-03-02 18:00:00,5296.567575165742,5836.65057727927,6962.364223214772
forecast_1459,2025-03-02 19:00:00,12110.341102035116,11517.646059436676,9829.403835609268
forecast_1460,2025-03-02 20:00:00,4640.422249579875,14468.165628371919,10244.143531263151
forecast_1461,2025-03-02 21:00:00,6160.528155025532,6458.156561018171,7423.782812145759
forecast_1462,2025-03-02 22:00:00,12137.771607322145,15012.520237035395,8456.397925367453
forecast_1463,2025-03-02 23:00:00,12116.990864309533,14007.250277011106,8402.974009686344
forecast_1464,2025-03-03 00:00:00,7439.424277251485,8587.871770709864,8484.01783312757
forecast_1465,2025-03-03 01:00:00,14759.681521922135,17098.943956442345,12363.946728502713
forecast_1466,2025-03-03 02:00:00,13867.183980771832,16200.682559829185,12094.70569602874
forecast_1467,2025-03-03 03:00:00,12648.976972141401,14536.77337428393,11421.326423237848
forecast_1468,2025-03-03 04:00:00,11568.626534212695,12863.197560737488,11384.309243579759
forecast_1469,2025-03-03 05:00:00,13332.694965765664,17849.85420845319,12056.314637675432
forecast_1470,2025-03-03 06:00:00,13774.879823210164,14839.492119055243,12515.006506711014
forecast_1471,2025-03-03 07:00:00,14811.624909275684,15740.765925514428,12738.303983441137
forecast_1472,2025-03-03 08:00:00,14435.002395791682,15417.709444001433,12764.645369757975
forecast_1473,2025-03-03 09:00:00,13938.788223684745,15244.065708878252,12645.45551650314
forecast_1474,2025-03-03 10:00:00,13418.932551721331,17637.74636729096,12326.344522177784
forecast_1475,2025-03-03 11:00:00,13569.20489461098,14829.322309110115,12389.633123397323
forecast_1476,2025-03-03 12:00:00,12986.646634718323,14190.157556516346,11891.239430269115
forecast_1477,2025-03-03 13:00:00,12728.321818300235,16409.41380095295,11881.429981107873
forecast_1478,2025-03-03 14:00:00,12725.015483093814,16162.174920004025,12298.022620758631
forecast_1479,2025-03-03 15:00:00,12434.468789157057,16008.843543575811,12364.971619770538
forecast_1480,2025-03-03 16:00:00,12732.070272365809,16752.983038087914,12439.59208663585
forecast_1481,2025-03-03 17:00:00,12941.930535347443,17870.262881851384,12553.557677220651
forecast_1482,2025-03-03 18:00:00,12468.480480920625,13980.65581834985,12330.019072367362
forecast_1483,2025-03-03 19:00:00,12280.711742022015,13701.787154240286,12223.978659094177
forecast_1484,2025-03-03 20:00:00,10578.392482552626,11176.531164639691,12047.501821589027
forecast_1485,2025-03-03 21:00:00,13312.371479738817,16577.58586485908,12997.746396852162
forecast_1486,2025-03-03 22:00:00,14243.520696044423,15761.435302754113,13796.74624359134
forecast_1487,2025-03-03 23:00:00,15752.816641516389,16937.715648170753,13879.879670035234
forecast_1488,2025-03-04 00:00:00,15739.873194500366,17050.8998573851,13994.299239089427
forecast_1489,2025-03-04 01:00:00,13969.407613597206,17546.527885579653,13505.629974672975
forecast_1490,2025-03-04 02:00:00,14040.532936504162,17704.099643328485,13546.918673431934
forecast_1491,2025-03-04 03:00:00,13888.873110100658,17346.741800896816,12269.77341114371
forecast_1492,2025-03-04 04:00:00,14033.571425542566,17124.031143477172,12473.450297994968
forecast_1493,2025-03-04 05:00:00,13953.427043911932,17131.42399482305,11661.667038232425
forecast_1494,2025-03-04 06:00:00,12781.265252348103,16558.871297985082,11646.36338236969
forecast_1495,2025-03-04 07:00:00,12776.734491346904,16538.94548978435,12008.470907449077
forecast_1496,2025-03-04 08:00:00,12504.36353904008,16546.33190079937,11945.375055473743
forecast_1497,2025-03-04 09:00:00,13149.636692345555,16636.624440523374,11874.78308795871
forecast_1498,2025-03-04 10:00:00,13071.602387288402,16590.79596655115,11865.347960993662
forecast_1499,2025-03-04 11:00:00,13475.507019484045,16763.45106298999,11763.964158766352
forecast_1500,2025-03-04 12:00:00,13875.469922494889,15339.162028194994,11953.844255887176
forecast_1501,2025-03-04 13:00:00,14014.12143985754,15218.18275670647,12164.799244352727
forecast_1502,2025-03-04 14:00:00,14274.242067999669,16390.778530150485,12315.755152638176
forecast_1503,2025-03-04 15:00:00,14910.235350691915,16303.048126079724,12058.487892472795
forecast_1504,2025-03-04 16:00:00,14536.56415618972,16374.112889976786,12331.973373270053
forecast_1505,2025-03-04 17:00:00,14456.780291632664,17290.34792021805,13139.45084818051
forecast_1506,2025-03-04 18:00:00,14162.759894414517,17290.451457818184,13272.657021291825
forecast_1507,2025-03-04 19:00:00,14271.036323996579,17278.898735996845,13410.799493548613
forecast_1508,2025-03-04 20:00:00,14791.341102940372,17190.985298715266,13438.429244891067
forecast_1509,2025-03-04 21:00:00,14674.780087868809,17147.64058030163,13345.723939653542
forecast_1510,2025-03-04 22:00:00,15024.199035786638,16943.044155585627,13717.448895157513
forecast_1511,2025-03-04 23:00:00,13671.691378952219,16588.83463545228,13293.770774512179
forecast_1512,2025-03-05 00:00:00,13260.771210722763,15761.349397384194,12623.280020090862
forecast_1513,2025-03-05 01:00:00,8026.053691805525,6775.041062354905,5131.302893157962
forecast_1514,2025-03-05 02:00:00,5872.750811243098,6886.796412986496,4749.9301512009615
forecast_1515,2025-03-05 03:00:00,4034.7517685074836,5540.724489019468,4286.875350221561
forecast_1516,2025-03-05 04:00:00,4815.04903566358,5763.317417164502,4010.5024838789927
forecast_1517,2025-03-05 05:00:00,4644.209053123187,7012.763086105479,3930.950260644864
forecast_1518,2025-03-05 06:00:00,6160.412364460356,6649.105243299384,4001.598684288517
forecast_1519,2025-03-05 07:00:00,5621.674580411429,6121.719443696056,3755.477369301092
forecast_1520,2025-03-05 08:00:00,5601.823497204209,6218.148963993484,3607.7406409443465
forecast_1521,2025-03-05 09:00:00,4590.421445943031,5060.422946552684,3355.0821871998633
forecast_1522,2025-03-05 10:00:00,4058.127269079666,4868.475452339774,3744.596239482461
forecast_1523,2025-03-05 11:00:00,4005.90209641504,4546.547896632051,3301.301896121212
forecast_1524,2025-03-05 12:00:00,4005.2314978983404,4110.845418069478,3378.428277608319
forecast_1525,2025-03-05 13:00:00,3924.154604090961,3920.301133747763,3919.028581320803
forecast_1526,2025-03-05 14:00:00,3835.745162342493,3802.710104868751,3377.700178409663
forecast_1527,2025-03-05 15:00:00,3546.3664,4013.285,3363.4076499999996
forecast_1528,2025-03-05 16:00:00,3525.395,3392.961075602987,3518.153715092283
forecast_1529,2025-03-05 17:00:00,4104.391245794951,3518.137365223476,3226.99230774593
forecast_1530,2025-03-05 18:00:00,3443.1879390339013,4714.62595388942,2950.4710775477606
forecast_1531,2025-03-05 19:00:00,3263.693680749886,3702.362714992322,3185.676620889293
forecast_1532,2025-03-05 20:00:00,3530.465377509703,3948.8616861489645,3293.1591259550946
forecast_1533,2025-03-05 21:00:00,3339.756276564994,3434.099520267475,3277.699788859685
forecast_1534,2025-03-05 22:00:00,3236.295777421581,3435.306013562874,3067.932927838561
forecast_1535,2025-03-05 23:00:00,3571.6512052372336,3587.3285686491654,3129.999011140675
forecast_1536,2025-03-06 00:00:00,3669.5793703204736,3305.5637623459443,3189.5314822930973
forecast_1537,2025-03-06 01:00:00,3764.7770492619843,3450.447542561443,3428.681940158345
forecast_1538,2025-03-06 02:00:00,3682.5121145776134,3246.976553002093,3262.724424855958
forecast_1539,2025-03-06 03:00:00,3556.1282409062023,3189.6585210087474,3249.820534873766
forecast_1540,2025-03-06 04:00:00,3604.519154890179,3220.3663706371017,3144.8585710782663
forecast_1541,2025-03-06 05:00:00,3699.2484526792623,3717.9851316655277,3039.5904238739836
forecast_1542,2025-03-06 06:00:00,3869.6976184331434,3901.38702603141,3043.092525575065
forecast_1543,2025-03-06 07:00:00,3386.139689523678,3782.0788262343435,2774.0811913858424
forecast_1544,2025-03-06 08:00:00,3849.781209878831,3646.3577128454017,2309.6229138822323
forecast_1545,2025-03-06 09:00:00,3775.787749256613,3628.9338616322957,78.66963333918844
forecast_1546,2025-03-06 10:00:00,3738.624121883461,3586.9363724814875,2264.0741108520365
forecast_1547,2025-03-06 11:00:00,2715.4334305909674,3599.906879706563,47.19342902908937
forecast_1548,2025-03-06 12:00:00,2698.2114481884123,4484.289369088659,2619.2195359773195
forecast_1549,2025-03-06 13:00:00,3730.4010367314277,3452.679317838662,2626.436116980954
forecast_1550,2025-03-06 14:00:00,3702.871186709529,3346.824570263024,2377.15075132095
forecast_1551,2025-03-06 15:00:00,3700.67910633043,4377.162522845349,2962.5506335898153
forecast_1552,2025-03-06 16:00:00,3945.528129885405,3683.6624394014816,3145.7424646177606
forecast_1553,2025-03-06 17:00:00,3979.109784952374,3303.632794768687,2907.345810789288
forecast_1554,2025-03-06 18:00:00,3568.8887642432205,3259.8849535607524,2857.3600124560426
forecast_1555,2025-03-06 19:00:00,4868.375023104251,3952.74264803637,3485.5390653759096
forecast_1556,2025-03-06 20:00:00,5696.454417675828,4420.915547083123,3787.130825906189
forecast_1557,2025-03-06 21:00:00,6788.0117487940715,5828.898664303358,5821.074242636508
forecast_1558,2025-03-06 22:00:00,2949.9979063333208,2968.6974134879397,3974.6834245424443
forecast_1559,2025-03-06 23:00:00,3565.7447492602178,3511.9359056958183,3435.186250620208
forecast_1560,2025-03-07 00:00:00,3490.4746288199017,3583.121011825629,3485.9841868209687
forecast_1561,2025-03-07 01:00:00,3021.1009877375923,2948.101213018992,3750.5669398867403
forecast_1562,2025-03-07 02:00:00,3594.8435487601473,3726.533911915393,4130.945986686292
forecast_1563,2025-03-07 03:00:00,2787.8156765167378,3408.9221985894674,2679.6872794034243
forecast_1564,2025-03-07 04:00:00,2848.2390998593046,3607.984073730776,5610.920828286345
forecast_1565,2025-03-07 05:00:00,3198.563136075204,3647.8539814536384,2496.85114301591
forecast_1566,2025-03-07 06:00:00,2905.340751442526,3717.913598431162,2550.7819268987428
forecast_1567,2025-03-07 07:00:00,2705.5361049036605,3247.671880553027,166.66408544596442
forecast_1568,2025-03-07 08:00:00,3256.8579033360884,3622.9680338872067,137.4126445997834
forecast_1569,2025-03-07 09:00:00,3131.608587984371,3568.9232285308153,2475.4352725986273
forecast_1570,2025-03-07 10:00:00,3085.5352749167464,3465.44754762644,16.134770847771037
forecast_1571,2025-03-07 11:00:00,3054.0725268259453,3455.0437775478163,3573.6339005928753
forecast_1572,2025-03-07 12:00:00,4896.6787934926115,3546.4031608811497,3573.596393160022
forecast_1573,2025-03-07 13:00:00,0.35352031855744737,3.6859945863113825,13.306673386849004
forecast_1574,2025-03-07 14:00:00,4.711702078016049,20.112056972107844,2238.6698448049688
forecast_1575,2025-03-07 15:00:00,4980.077042761099,4612.4665763209105,2203.5627528404816
forecast_1576,2025-03-07 16:00:00,3726.4401346180366,5011.487672219491,3308.930082150137
forecast_1577,2025-03-07 17:00:00,3527.9368024407245,3438.1445098350823,3624.003051133198
forecast_1578,2025-03-07 18:00:00,3559.476365928923,3193.877064661735,5946.316121733071
forecast_1579,2025-03-07 19:00:00,3699.4951096881514,3665.652513000029,5774.289104727592
forecast_1580,2025-03-07 20:00:00,3542.846846630673,3600.7727685545,4265.2209560094125
forecast_1581,2025-03-07 21:00:00,3760.3459777389485,3569.7824257370457,5709.141131619577
forecast_1582,2025-03-07 22:00:00,3715.3576712263502,3745.583432697676,3393.35266332469
forecast_1583,2025-03-07 23:00:00,3920.0864952881802,4172.634895190421,3171.63251546439
forecast_1584,2025-03-08 00:00:00,3941.8605099302054,4179.835755963787,3302.404910352184
forecast_1585,2025-03-08 01:00:00,4724.138213691293,4988.825137838545,3731.16491314178
forecast_1586,2025-03-08 02:00:00,4848.067499373515,5240.382835925967,3566.944452943629
forecast_1587,2025-03-08 03:00:00,4340.853128028141,5815.527160039086,3765.1611348333345
forecast_1588,2025-03-08 04:00:00,5001.50979989689,5426.942449438227,3835.4544489455434
forecast_1589,2025-03-08 05:00:00,5169.483309054471,6179.8310199893895,3808.64716802283
forecast_1590,2025-03-08 06:00:00,6187.66566358316,6441.709250899622,3852.8134247929465
forecast_1591,2025-03-08 07:00:00,6581.544871255522,6942.073083198576,3785.889752097428
forecast_1592,2025-03-08 08:00:00,6645.657384457524,6382.4237739971695,3953.7459326078033
forecast_1593,2025-03-08 09:00:00,5888.393302451069,6134.321516077915,4411.347154891284
forecast_1594,2025-03-08 10:00:00,6066.494861096582,6441.496871713656,5357.656067481879
forecast_1595,2025-03-08 11:00:00,6233.378926699177,6457.756133977322,6009.977582873436
forecast_1596,2025-03-08 12:00:00,6583.885456607038,6781.780173652032,5698.448854947658
forecast_1597,2025-03-08 13:00:00,6982.84949127235,7234.610527037438,5378.397294637898
forecast_1598,2025-03-08 14:00:00,6378.123796694723,6529.495386462511,6223.463577075746
forecast_1599,2025-03-08 15:00:00,6784.865042242968,6948.366233180971,6901.4153327081185
forecast_1600,2025-03-08 16:00:00,6831.277548601609,6915.216642805858,6586.312273478463
forecast_1601,2025-03-08 17:00:00,7176.088637684794,8284.906415240292,6335.311183417177
forecast_1602,2025-03-08 18:00:00,9699.887481841244,9925.386086374581,6794.591195084583
forecast_1603,2025-03-08 19:00:00,10804.653975986568,11123.559107297582,6871.2017785926
forecast_1604,2025-03-08 20:00:00,10215.591219036369,11645.740860150061,8201.301507784032
forecast_1605,2025-03-08 21:00:00,10074.612123571751,12151.503769031919,8048.217210006523
forecast_1606,2025-03-08 22:00:00,7619.862529759871,7775.090583854289,7545.768144623876
forecast_1607,2025-03-08 23:00:00,9202.743585945285,8480.212897315909,7856.93615713599
forecast_1608,2025-03-09 00:00:00,9891.477118260584,10459.338334805514,8523.402899590905
forecast_1609,2025-03-09 01:00:00,6765.253537744504,6924.1129503817,5591.593534931293
forecast_1610,2025-03-09 02:00:00,7009.134549351007,6909.806216525305,5251.810493951678
forecast_1611,2025-03-09 03:00:00,6902.149380873624,6829.263885386033,5146.190737909168
forecast_1612,2025-03-09 04:00:00,5400.795428117355,5415.735871359568,4683.046694979855
forecast_1613,2025-03-09 05:00:00,4962.7114068472465,4868.5690112417215,3914.0577239033437
forecast_1614,2025-03-09 06:00:00,4343.8610623556115,4019.331440115768,3939.353204936281
forecast_1615,2025-03-09 07:00:00,3903.495892259812,3839.7527439128157,3952.48685192374
forecast_1616,2025-03-09 08:00:00,3944.491044060507,3723.257690564499,3284.691083214584
forecast_1617,2025-03-09 09:00:00,3572.6617498458772,3787.717119828446,2586.451252750452
forecast_1618,2025-03-09 10:00:00,3953.215278771542,3305.4297866485294,189.83366226846618
forecast_1619,2025-03-09 11:00:00,2600.2116035972085,3473.358420589638,2435.056572439561
forecast_1620,2025-03-09 12:00:00,2273.064189556852,2597.619620493289,8.201101002275953
forecast_1621,2025-03-09 13:00:00,3145.6248357365193,2940.127144841947,44.24513109338528
forecast_1622,2025-03-09 14:00:00,2758.185379462982,2976.6073051006283,107.98879847964
forecast_1623,2025-03-09 15:00:00,2286.950479032487,2344.7028269800835,105.60023138453089
forecast_1624,2025-03-09 16:00:00,3475.618553644204,2487.324830052009,2253.173038135211
forecast_1625,2025-03-09 17:00:00,3742.397186726984,3642.6439119644015,2248.3242018952315
forecast_1626,2025-03-09 18:00:00,3512.8407680816817,3574.784430405981,4065.8520179034185
forecast_1627,2025-03-09 19:00:00,3408.85429713344,2859.66437593042,3894.311012871427
forecast_1628,2025-03-09 20:00:00,3618.072300630265,3624.5052646061285,5137.467955762185
forecast_1629,2025-03-09 21:00:00,3675.7672289198545,3705.5343652116544,5689.196793220497
forecast_1630,2025-03-09 22:00:00,3272.018341262515,3420.065326012013,4246.315235956246
forecast_1631,2025-03-09 23:00:00,3394.7550212438537,3403.1254766981474,3323.245498227549
forecast_1632,2025-03-10 00:00:00,3446.848352568328,3803.967918311171,3400.6230238685366
forecast_1633,2025-03-10 01:00:00,5279.8677335267685,5398.354864580471,3786.7677277120706
forecast_1634,2025-03-10 02:00:00,6222.259037921794,7301.262631952705,3975.8435274973267
forecast_1635,2025-03-10 03:00:00,7175.7796413448,6869.197506197621,4194.833991795634
forecast_1636,2025-03-10 04:00:00,7531.647080739701,7044.148875403378,4153.408954820076
forecast_1637,2025-03-10 05:00:00,7997.16655793342,6723.791061390192,4221.286759714239
forecast_1638,2025-03-10 06:00:00,7157.863644077416,8732.222329576703,4376.342938460184
forecast_1639,2025-03-10 07:00:00,7356.930613176829,7032.348238712899,4597.266206044821
forecast_1640,2025-03-10 08:00:00,6823.609639185584,6637.267564520898,4503.69397922333
forecast_1641,2025-03-10 09:00:00,4963.798373467983,4586.865244722181,3779.997535467148
forecast_1642,2025-03-10 10:00:00,3915.763819129597,3916.7866720860993,3641.559042226023
forecast_1643,2025-03-10 11:00:00,3840.6928662211567,4174.294652059202,3382.754223429161
forecast_1644,2025-03-10 12:00:00,3585.3942462520595,3789.0115950277186,3546.619605031073
forecast_1645,2025-03-10 13:00:00,3957.790853512077,3874.240921026709,3630.825901131783
forecast_1646,2025-03-10 14:00:00,4071.9494118905077,3881.364262459469,3791.0758867752143
forecast_1647,2025-03-10 15:00:00,4553.166870863549,4205.50089451641,4360.6501555564855
forecast_1648,2025-03-10 16:00:00,4674.9868259875075,4761.181990087431,4086.683007461801
forecast_1649,2025-03-10 17:00:00,5056.295616957432,5399.79887047273,4212.855550906609
forecast_1650,2025-03-10 18:00:00,5683.811034361617,5711.444244729361,4315.369578227096
forecast_1651,2025-03-10 19:00:00,6073.701822723466,6320.056351744652,4951.436273501511
forecast_1652,2025-03-10 20:00:00,7203.456379692696,7359.642123143062,6047.670352889823
forecast_1653,2025-03-10 21:00:00,8877.05959757434,9811.230493787287,7645.630027906599
forecast_1654,2025-03-10 22:00:00,11280.429157148901,12118.047327690858,10139.71948037367
forecast_1655,2025-03-10 23:00:00,13209.253971704316,13995.98170175633,12709.330197310712
forecast_1656,2025-03-11 00:00:00,14871.299656788899,15981.079627207902,14370.249455967469
forecast_1657,2025-03-11 01:00:00,16246.671855059822,16570.592746527516,15585.25724909912
forecast_1658,2025-03-11 02:00:00,15911.028480366595,16726.032063558217,14677.030006624922
forecast_1659,2025-03-11 03:00:00,18502.855728833038,18412.5191509475,14916.806768078137
forecast_1660,2025-03-11 04:00:00,18793.08608203449,18321.493055421124,17216.05260897945
forecast_1661,2025-03-11 05:00:00,18627.57845924794,17999.74242243402,15258.0759280558
forecast_1662,2025-03-11 06:00:00,17851.534127778214,16841.33432896266,13306.849330450415
forecast_1663,2025-03-11 07:00:00,12814.603733802003,12253.699335184247,10377.940274108152
forecast_1664,2025-03-11 08:00:00,8533.349113397404,9374.204473944821,6675.88425875262
forecast_1665,2025-03-11 09:00:00,5231.231656869,4523.878121350158,3988.3199164494517
forecast_1666,2025-03-11 10:00:00,4295.867499024562,4187.09901150761,3369.21105070291
forecast_1667,2025-03-11 11:00:00,3963.8819922604685,3804.0285091905034,3344.8613501120885
forecast_1668,2025-03-11 12:00:00,3564.0518296586247,3436.628742890488,3180.0593099072676
forecast_1669,2025-03-11 13:00:00,2987.634880946805,3394.887608180029,2713.304424217594
forecast_1670,2025-03-11 14:00:00,2920.3448656939427,3444.9455887251715,2691.2695152076835
forecast_1671,2025-03-11 15:00:00,3474.2987153251047,3488.8183853169458,2779.215692704278
forecast_1672,2025-03-11 16:00:00,3824.2532195164504,3480.609953502495,2969.8922302050296
forecast_1673,2025-03-11 17:00:00,3490.456026441712,3536.1148991712903,3153.228975188853
forecast_1674,2025-03-11 18:00:00,3885.3796682742595,4593.042533573052,3689.009711129861
forecast_1675,2025-03-11 19:00:00,4636.46633521616,4582.776355204167,3854.6314090247465
forecast_1676,2025-03-11 20:00:00,6030.782521701117,5759.740272082803,5112.297358614738
forecast_1677,2025-03-11 21:00:00,6827.023268732016,6502.049085388485,5625.391221574769
forecast_1678,2025-03-11 22:00:00,9510.379242545594,10623.291583250699,7774.030677643368
forecast_1679,2025-03-11 23:00:00,16749.737084545377,14007.876414028278,10944.822231792308
forecast_1680,2025-03-12 00:00:00,18322.662775714336,16909.577989228736,14169.347661436615
forecast_1681,2025-03-12 01:00:00,14211.842139891509,18050.734918728016,10998.107257002059
forecast_1682,2025-03-12 02:00:00,12286.805417274054,14062.22877067339,10117.90576138876
forecast_1683,2025-03-12 03:00:00,12338.762429735689,14666.546660104339,9958.144566646653
forecast_1684,2025-03-12 04:00:00,13751.298193626852,13891.733495533728,11636.929106062458
forecast_1685,2025-03-12 05:00:00,17777.846559173602,17214.85483627717,13705.956062873065
forecast_1686,2025-03-12 06:00:00,17203.741911079407,18659.400063384273,15434.243686583255
forecast_1687,2025-03-12 07:00:00,18664.87748055189,19276.329099043094,16588.608280001677
forecast_1688,2025-03-12 08:00:00,19885.588265211747,19881.758934578913,18077.200011531415
forecast_1689,2025-03-12 09:00:00,20323.706104696095,19888.944574932586,18575.55403887589
forecast_1690,2025-03-12 10:00:00,19887.286221591872,19241.807271486377,18284.748590396695
forecast_1691,2025-03-12 11:00:00,17229.485164547885,18092.935270453738,16380.645889283998
forecast_1692,2025-03-12 12:00:00,15739.1502679164,16719.826821676306,15047.17734971377
forecast_1693,2025-03-12 13:00:00,15660.808570871028,16405.99903271838,14971.57266982281
forecast_1694,2025-03-12 14:00:00,15937.36837364032,16649.46341064015,15166.28777373413
forecast_1695,2025-03-12 15:00:00,17578.007296694348,17876.931829596655,15928.061405767232
forecast_1696,2025-03-12 16:00:00,17861.599391539778,18200.228833334375,17209.40124177879
forecast_1697,2025-03-12 17:00:00,18002.417453953283,18885.75223228354,17956.694737985214
forecast_1698,2025-03-12 18:00:00,18194.982560210985,18554.006465810515,16442.001446213617
forecast_1699,2025-03-12 19:00:00,17610.777638162275,17872.39192450045,15291.756183480116
forecast_1700,2025-03-12 20:00:00,16571.39089486954,17038.311912674708,13411.559842263861
forecast_1701,2025-03-12 21:00:00,14293.314628890255,16051.84267044162,12559.33200038421
forecast_1702,2025-03-12 22:00:00,13329.588125312986,14902.357342880523,11735.629678110436
forecast_1703,2025-03-12 23:00:00,12606.460588064108,15044.34898932254,11365.68074415777
forecast_1704,2025-03-13 00:00:00,11466.615777130923,14242.475898940256,11564.743990457499
forecast_1705,2025-03-13 01:00:00,12371.389718874643,14702.427757475038,11112.80822550596
forecast_1706,2025-03-13 02:00:00,12827.691349721723,15883.342638671977,11459.503054665465
forecast_1707,2025-03-13 03:00:00,13278.041309824228,14273.04910932618,12643.887981649485
forecast_1708,2025-03-13 04:00:00,14051.305971762655,16752.786367110406,12404.222291390677
forecast_1709,2025-03-13 05:00:00,13930.481159095298,15596.203778196048,11335.444411375898
forecast_1710,2025-03-13 06:00:00,11740.61031815649,13331.394193496471,9721.367514254393
forecast_1711,2025-03-13 07:00:00,11296.2388855539,11926.510778960579,7919.418958941044
forecast_1712,2025-03-13 08:00:00,10954.04727495163,11561.630024829627,6973.015211636818
forecast_1713,2025-03-13 09:00:00,10560.21165823771,9744.648034021544,6675.498631832663
forecast_1714,2025-03-13 10:00:00,8692.703752370706,8791.828290259655,4678.4551460154225
forecast_1715,2025-03-13 11:00:00,6254.465303626617,6403.492841451341,3862.715814255251
forecast_1716,2025-03-13 12:00:00,4655.98159507596,4353.497615272076,4196.362277475916
forecast_1717,2025-03-13 13:00:00,4378.348646093936,4272.310628860709,3751.1494866417684
forecast_1718,2025-03-13 14:00:00,3818.061837876951,3779.356402626303,3312.8243062794304
forecast_1719,2025-03-13 15:00:00,3526.24573125636,3179.3202545204003,3157.5342853134935
forecast_1720,2025-03-13 16:00:00,3715.562844776743,3518.818283338106,2585.367146248368
forecast_1721,2025-03-13 17:00:00,3569.642803059698,3446.345785869158,2996.876008163026
forecast_1722,2025-03-13 18:00:00,4056.7996431536503,3485.072282089678,5184.510556957572
forecast_1723,2025-03-13 19:00:00,3724.5922426791285,3888.04812680996,3780.866685615348
forecast_1724,2025-03-13 20:00:00,4069.447425807749,3869.589624482087,3434.9348172265745
forecast_1725,2025-03-13 21:00:00,4217.240599854224,3679.3412063008323,3385.5086602382416
forecast_1726,2025-03-13 22:00:00,4136.691902058983,4169.377013349186,3551.0289338062303
forecast_1727,2025-03-13 23:00:00,4287.93693546543,3979.50891939706,3474.899009122415
forecast_1728,2025-03-14 00:00:00,4138.557317902661,4102.47465480664,3671.2106702806477
forecast_1729,2025-03-14 01:00:00,4356.589713833798,3732.0698627087722,3620.8919678489087
forecast_1730,2025-03-14 02:00:00,3999.7986842218847,3851.9467972336624,3173.928583625463
forecast_1731,2025-03-14 03:00:00,3723.552056086883,3584.021700942767,3215.3789615780624
forecast_1732,2025-03-14 04:00:00,3095.8753547036795,3389.6182403603807,2786.995086474589
forecast_1733,2025-03-14 05:00:00,3278.7074327978753,3577.051687438615,3051.622690496138
forecast_1734,2025-03-14 06:00:00,3393.4912461353047,3681.605788464473,3268.213946402159
forecast_1735,2025-03-14 07:00:00,3636.1455845893156,3257.912144002123,3293.1784552017252
forecast_1736,2025-03-14 08:00:00,3937.6137172007566,4263.810941426524,3260.5308665691255
forecast_1737,2025-03-14 09:00:00,3897.5895435408256,3753.6161531001667,3563.4658918742257
forecast_1738,2025-03-14 10:00:00,3398.71702888206,3341.221580245322,3621.674842085477
forecast_1739,2025-03-14 11:00:00,3602.404796759552,3526.556650793881,4060.9787046897054
forecast_1740,2025-03-14 12:00:00,5084.046572194366,3770.4915458897676,3884.9394812737155
forecast_1741,2025-03-14 13:00:00,3490.162523715371,3740.562717849049,3841.138170807451
forecast_1742,2025-03-14 14:00:00,3801.4981758752774,3753.7113141569766,3142.583033868917
forecast_1743,2025-03-14 15:00:00,3597.199005506028,3615.1272488744494,3643.0060967572217
forecast_1744,2025-03-14 16:00:00,3404.0575264385143,3491.8080783701485,3321.9361366655826
forecast_1745,2025-03-14 17:00:00,2642.082297332523,3284.961044441216,3330.196609067547
forecast_1746,2025-03-14 18:00:00,2791.783728001348,3281.858270146964,3357.4805459121367
forecast_1747,2025-03-14 19:00:00,3307.451791475156,3096.5437704659807,3284.700788115553
forecast_1748,2025-03-14 20:00:00,3344.574938166177,3178.3519428859013,2474.1500569464824
forecast_1749,2025-03-14 21:00:00,3559.4789117847554,3431.1585826680384,2651.780515169383
forecast_1750,2025-03-14 22:00:00,3568.8020754994145,3438.2429578362817,2646.662248480017
forecast_1751,2025-03-14 23:00:00,3804.8609675223497,3633.2006365840334,2785.10506089006
forecast_1752,2025-03-15 00:00:00,3690.2051186490958,3521.2841752396425,3126.9737649470517
forecast_1753,2025-03-15 01:00:00,4013.974513507582,4127.412146997444,3420.9559541055896
forecast_1754,2025-03-15 02:00:00,4211.669631119741,4203.394296185363,3283.5204579354186
forecast_1755,2025-03-15 03:00:00,3976.5154287741116,4364.170615694673,3499.3805820918587
forecast_1756,2025-03-15 04:00:00,4217.84891033677,3877.2756071207064,3849.8650066364726
forecast_1757,2025-03-15 05:00:00,4191.930296994207,4014.349819388865,3760.5453442291628
forecast_1758,2025-03-15 06:00:00,4640.455402906888,4490.498969252909,3420.895005448754
forecast_1759,2025-03-15 07:00:00,4112.251043343744,4978.040200350609,3834.8057062531816
forecast_1760,2025-03-15 08:00:00,4774.622371751982,4868.833312683834,3939.0419961699236
forecast_1761,2025-03-15 09:00:00,5559.931406496961,6008.2625218010635,5338.913394255403
forecast_1762,2025-03-15 10:00:00,5407.30627550509,5968.985294578395,6158.173238667799
forecast_1763,2025-03-15 11:00:00,5099.1731752653905,5448.888018599971,5018.475827441576
forecast_1764,2025-03-15 12:00:00,4127.767542271646,4607.425346901911,4394.342909152749
forecast_1765,2025-03-15 13:00:00,3866.5216460373344,5727.060133782832,3882.7704735811085
forecast_1766,2025-03-15 14:00:00,3868.034356984292,4947.1756011893285,3815.314046832557
forecast_1767,2025-03-15 15:00:00,3552.809146433562,3996.9489392760383,3710.659595212374
forecast_1768,2025-03-15 16:00:00,3408.1491013089467,3820.1423881537676,3463.711745121736
forecast_1769,2025-03-15 17:00:00,3203.626954015193,3892.946809539225,3153.7223977971375
forecast_1770,2025-03-15 18:00:00,3435.5088233917113,3656.3774396689196,3058.943190169524
forecast_1771,2025-03-15 19:00:00,3477.0100293356923,3633.9164455885425,3368.424766121553
forecast_1772,2025-03-15 20:00:00,3904.991026306544,3872.425572246327,3380.0739539659166
forecast_1773,2025-03-15 21:00:00,3834.056126567743,4133.278128148067,3665.47798212785
forecast_1774,2025-03-15 22:00:00,3892.518172887517,4127.714574540478,3396.7751606121183
forecast_1775,2025-03-15 23:00:00,3785.5299634582775,3903.448179875717,3356.410542959083
forecast_1776,2025-03-16 00:00:00,3673.103177781369,3959.020626239785,3513.407081117354
forecast_1777,2025-03-16 01:00:00,3705.815716265727,3688.542036876308,3166.1502443923246
forecast_1778,2025-03-16 02:00:00,3705.0518097550535,3576.3734457372784,2986.789073542148
forecast_1779,2025-03-16 03:00:00,3875.7347844201254,3441.9175471252565,2892.231916363001
forecast_1780,2025-03-16 04:00:00,4053.056800965758,3697.961531720229,3201.976608697848
forecast_1781,2025-03-16 05:00:00,3514.8347275603214,3175.0403567063718,6113.456937809796
forecast_1782,2025-03-16 06:00:00,3296.780604345392,3294.7133929905312,2988.6756037813234
forecast_1783,2025-03-16 07:00:00,3412.4589943895744,3558.947144702889,3569.5515026404314
forecast_1784,2025-03-16 08:00:00,3453.5076803943166,3839.8631045225366,3651.6706700174946
forecast_1785,2025-03-16 09:00:00,3511.8654332590113,3835.5559697169583,3838.154283221797
forecast_1786,2025-03-16 10:00:00,3540.1187748727725,3934.1476928524144,2810.1087365668564
forecast_1787,2025-03-16 11:00:00,3251.440532045641,3765.370303137694,3608.087088528864
forecast_1788,2025-03-16 12:00:00,2633.6945205724587,2669.2013888767983,3842.129284474538
forecast_1789,2025-03-16 13:00:00,3421.431074055659,3648.740054031383,2979.264263742319
forecast_1790,2025-03-16 14:00:00,4230.016862748176,4414.485810533101,3766.839410150975
forecast_1791,2025-03-16 15:00:00,6118.208129959942,6530.657129856281,4851.342211791638
forecast_1792,2025-03-16 16:00:00,8043.527961421771,7632.635296713615,5250.9020750186955
forecast_1793,2025-03-16 17:00:00,9189.855720325095,8435.362385283439,6504.565902868195
forecast_1794,2025-03-16 18:00:00,11883.839183077904,12337.989887977112,7011.519073719836
forecast_1795,2025-03-16 19:00:00,12668.507073390261,12968.367120701005,8685.965491774894
forecast_1796,2025-03-16 20:00:00,11712.778064168057,12050.181878518708,9999.032772838227
forecast_1797,2025-03-16 21:00:00,12979.11617259573,12932.494388253392,11046.583148731563
forecast_1798,2025-03-16 22:00:00,11493.122779103638,12525.303736811828,9623.10788047245
forecast_1799,2025-03-16 23:00:00,9344.865923021813,9642.440256568148,8114.814337796821
forecast_1800,2025-03-17 00:00:00,7814.47562504927,7726.668517381167,6937.2898752838755
forecast_1801,2025-03-17 01:00:00,14494.649421211001,15329.45288756023,9013.006022418896
forecast_1802,2025-03-17 02:00:00,11214.961257212848,14763.767591282554,8957.445240828292
forecast_1803,2025-03-17 03:00:00,11543.366995470713,12799.000149278507,10022.578256657547
forecast_1804,2025-03-17 04:00:00,11088.212390245784,12521.56352105935,9311.570846028862
forecast_1805,2025-03-17 05:00:00,8788.608821777138,9261.692676098704,7791.707118875749
forecast_1806,2025-03-17 06:00:00,7183.819344035006,7143.340572091271,5822.123372842689
forecast_1807,2025-03-17 07:00:00,7047.757235484645,6844.359182869552,4379.491619181553
forecast_1808,2025-03-17 08:00:00,4818.113159472143,4862.67072988046,3901.878515812025
forecast_1809,2025-03-17 09:00:00,4148.743222763319,4142.661448654853,3753.470851205012
forecast_1810,2025-03-17 10:00:00,3876.0717820618565,3916.083255026335,3417.4948709878
forecast_1811,2025-03-17 11:00:00,4241.678552751189,3868.3720507541343,3507.056152387607
forecast_1812,2025-03-17 12:00:00,5591.046330926444,5545.986940849495,3841.31196955022
forecast_1813,2025-03-17 13:00:00,8007.5239525864345,7722.576120567951,5699.682069741401
forecast_1814,2025-03-17 14:00:00,9711.867549595496,10187.315557367087,8464.273213391973
forecast_1815,2025-03-17 15:00:00,10436.792629329695,10375.509069598405,9486.97571647904
forecast_1816,2025-03-17 16:00:00,10552.340680830175,10334.42567724039,9387.6369655905
forecast_1817,2025-03-17 17:00:00,9325.093980872854,9364.659103219728,8329.884281599105
forecast_1818,2025-03-17 18:00:00,8906.99375457891,8913.234105169364,7613.624746174342
forecast_1819,2025-03-17 19:00:00,9108.041322618506,9600.61898351842,7114.036875975673
forecast_1820,2025-03-17 20:00:00,10469.512678017987,11324.192804032127,7812.62781910081
forecast_1821,2025-03-17 21:00:00,13083.017013355207,13612.344751128818,9273.041488635989
forecast_1822,2025-03-17 22:00:00,13677.016700842309,13666.957578746627,9526.558712231192
forecast_1823,2025-03-17 23:00:00,11269.91449641351,11432.690837890636,9103.614446965646
forecast_1824,2025-03-18 00:00:00,10716.97193800968,10980.552924277403,8665.598104163671
forecast_1825,2025-03-18 01:00:00,7204.46424825162,10812.421509206813,5096.657621633059
forecast_1826,2025-03-18 02:00:00,6727.361552148476,8093.257947157555,4905.506237788777
forecast_1827,2025-03-18 03:00:00,7565.878391726892,4835.089640538621,4063.625436350256
forecast_1828,2025-03-18 04:00:00,7143.2077806250845,4218.103299990207,3879.7370913817736
forecast_1829,2025-03-18 05:00:00,6904.235446992456,7161.555577617979,4173.132167575139
forecast_1830,2025-03-18 06:00:00,5488.377460399263,5191.716032969401,3734.8494195761537
forecast_1831,2025-03-18 07:00:00,3933.7742025769808,3953.0963295958054,3256.6376408959604
forecast_1832,2025-03-18 08:00:00,3579.485950152934,3698.602465583716,3048.7454388823016
forecast_1833,2025-03-18 09:00:00,3802.8058466299085,3462.383571880826,3321.594666731762
forecast_1834,2025-03-18 10:00:00,3789.566015708635,3478.0054194302943,3371.1227500466543
forecast_1835,2025-03-18 11:00:00,3693.8797498512054,3484.724286054374,3347.4575753390436
forecast_1836,2025-03-18 12:00:00,3839.0554240382526,3406.524705929842,2828.026787458549
forecast_1837,2025-03-18 13:00:00,4052.3067014157805,3631.5807131824517,3072.087801499527
forecast_1838,2025-03-18 14:00:00,4228.083679020177,4404.150709071375,3743.2384235365653
forecast_1839,2025-03-18 15:00:00,5314.190431396674,4694.537515320813,3796.714361164074
forecast_1840,2025-03-18 16:00:00,7315.045009832677,7896.777549084778,6312.316818333064
forecast_1841,2025-03-18 17:00:00,9949.015385389072,10992.979118024869,8345.95133227266
forecast_1842,2025-03-18 18:00:00,12509.928753830083,12901.491553953794,10431.11943848332
forecast_1843,2025-03-18 19:00:00,13120.66494508027,14008.273442668917,10787.436174481398
forecast_1844,2025-03-18 20:00:00,12027.631368797745,14469.277183599695,10033.259982317386
forecast_1845,2025-03-18 21:00:00,11827.051559538439,12143.858398913864,8230.24107490858
forecast_1846,2025-03-18 22:00:00,7569.017521270346,7937.3015039073025,6394.274893210588
forecast_1847,2025-03-18 23:00:00,6737.537069271019,6146.518594947581,4757.155658066436
forecast_1848,2025-03-19 00:00:00,4950.641588033205,6918.547922147634,4130.746512470303
forecast_1849,2025-03-19 01:00:00,4070.2149807969763,4083.267032045659,3227.0488372513983
forecast_1850,2025-03-19 02:00:00,3883.946930862928,3899.1791916022803,3233.596485012477
forecast_1851,2025-03-19 03:00:00,3950.1208788531026,3968.4265398013586,3302.5586740840986
forecast_1852,2025-03-19 04:00:00,3953.5655051576387,3596.986825039602,3393.2763728358673
forecast_1853,2025-03-19 05:00:00,3777.0973385811285,3750.8116352043903,3392.6199179781206
forecast_1854,2025-03-19 06:00:00,4145.9942708311955,3871.388373600637,3594.785245861327
forecast_1855,2025-03-19 07:00:00,3914.8930398480807,3838.68430962918,3917.8562864980627
forecast_1856,2025-03-19 08:00:00,3964.0632591662456,3865.710566866593,3815.878664827908
forecast_1857,2025-03-19 09:00:00,5112.382250123535,4222.994902136535,4027.7423103830224
forecast_1858,2025-03-19 10:00:00,6188.32502669092,9489.655865061855,5363.483032980211
forecast_1859,2025-03-19 11:00:00,5236.035921124831,5005.83285497714,4848.804749754159
forecast_1860,2025-03-19 12:00:00,6518.647217808223,6392.975267975948,5281.433716859936
forecast_1861,2025-03-19 13:00:00,7434.413671184151,6805.968203329961,6017.973479970613
forecast_1862,2025-03-19 14:00:00,7326.027589172876,7996.632200351766,6749.829699410021
forecast_1863,2025-03-19 15:00:00,7896.3058515656,7848.247755234159,7035.095387028635
forecast_1864,2025-03-19 16:00:00,8176.414637537025,8836.302416258397,7179.386344700537
forecast_1865,2025-03-19 17:00:00,8863.040188362924,9343.640370163786,7571.826637417118
forecast_1866,2025-03-19 18:00:00,9471.990285031876,9643.370939097262,8436.105871836451
forecast_1867,2025-03-19 19:00:00,10443.039192767688,10353.132564563843,8877.78762883966
forecast_1868,2025-03-19 20:00:00,12162.203274296087,11650.671741424112,10483.113448003269
forecast_1869,2025-03-19 21:00:00,13198.118754993642,14211.6191947269,11941.59104104238
forecast_1870,2025-03-19 22:00:00,14176.757116507286,16657.84311630865,12648.030003927557
forecast_1871,2025-03-19 23:00:00,14822.034666193698,16255.338676256435,13959.319629782012
forecast_1872,2025-03-20 00:00:00,15772.821161967508,16974.785943555344,14013.450185137364
forecast_1873,2025-03-20 01:00:00,17853.78816173816,19883.91679146188,17175.77524420282
forecast_1874,2025-03-20 02:00:00,18347.398595733903,19904.1636322281,16237.718142114083
forecast_1875,2025-03-20 03:00:00,18335.273891053377,19876.798240427925,16962.117960923224
forecast_1876,2025-03-20 04:00:00,18422.026669794024,19910.07317180326,17151.359208376238
forecast_1877,2025-03-20 05:00:00,18499.230901629056,19873.263535364866,17356.15603559234
forecast_1878,2025-03-20 06:00:00,18543.868849783255,19876.134487049243,18181.45334664904
forecast_1879,2025-03-20 07:00:00,19873.149966954523,20311.17450743288,18381.110102280614
forecast_1880,2025-03-20 08:00:00,18733.548791527883,19878.050214869632,18353.8025336574
forecast_1881,2025-03-20 09:00:00,18413.727333207782,19895.274893077676,18050.283156766724
forecast_1882,2025-03-20 10:00:00,18122.385581893275,19890.42013687033,16594.518281639794
forecast_1883,2025-03-20 11:00:00,17684.567179879883,18420.367636205734,16743.877890795942
forecast_1884,2025-03-20 12:00:00,15596.165179564729,17834.93284346464,16566.217932824387
forecast_1885,2025-03-20 13:00:00,16178.41831911957,17468.93967607649,16853.079585721134
forecast_1886,2025-03-20 14:00:00,17063.295047162406,17528.965090350197,16770.948786305347
forecast_1887,2025-03-20 15:00:00,17396.702050794098,18082.64548960832,17094.36627774754
forecast_1888,2025-03-20 16:00:00,17972.941139812723,19884.95094205837,17466.687664198846
forecast_1889,2025-03-20 17:00:00,18065.50449105627,19904.439555802775,17696.812055576866
forecast_1890,2025-03-20 18:00:00,17989.906681299675,19351.78171419553,18388.88747096342
forecast_1891,2025-03-20 19:00:00,18306.210254304286,19215.741384747907,18730.399705722153
forecast_1892,2025-03-20 20:00:00,18826.500072874518,19646.470672105752,19336.91375058495
forecast_1893,2025-03-20 21:00:00,18641.139158270522,19875.61356216295,19332.698449142994
forecast_1894,2025-03-20 22:00:00,18788.63977454536,19875.57996090937,19335.633617373802
forecast_1895,2025-03-20 23:00:00,18817.98307172585,19911.66560211031,19342.86295539459
forecast_1896,2025-03-21 00:00:00,18853.351371115226,19817.652536628364,19322.51447235172
forecast_1897,2025-03-21 01:00:00,18407.008314864783,19891.548489567216,19320.023604288006
forecast_1898,2025-03-21 02:00:00,18495.142527990567,19888.868685227775,19324.930256466156
forecast_1899,2025-03-21 03:00:00,18518.392675311803,19895.72115072267,19349.855387429954
forecast_1900,2025-03-21 04:00:00,18686.210337380347,19887.52414906685,19323.193929031433
forecast_1901,2025-03-21 05:00:00,18687.161813803843,19914.19739103003,19320.224730425685
forecast_1902,2025-03-21 06:00:00,19874.221615131624,19874.37359486202,19323.41300801025
forecast_1903,2025-03-21 07:00:00,18947.36125107222,19877.264179930324,19328.64630172219
forecast_1904,2025-03-21 08:00:00,19894.950674085674,19876.259279999194,19358.427529065477
forecast_1905,2025-03-21 09:00:00,18645.413090765243,19908.165244983098,19324.485407059834
forecast_1906,2025-03-21 10:00:00,18339.332305986078,19913.686906970313,18371.44943042072
forecast_1907,2025-03-21 11:00:00,18103.791279880497,19883.740233247703,17901.125710003093
forecast_1908,2025-03-21 12:00:00,17829.61384129984,18361.569502644656,17278.54741328004
forecast_1909,2025-03-21 13:00:00,16760.95668060883,18028.35478012753,16892.708536733466
forecast_1910,2025-03-21 14:00:00,17233.246204025832,18512.258410407372,16307.982714155343
forecast_1911,2025-03-21 15:00:00,16962.334482144815,17627.120564731063,15638.95241403873
forecast_1912,2025-03-21 16:00:00,16926.032344080257,17902.19666938751,16898.634361715838
forecast_1913,2025-03-21 17:00:00,16593.04289106977,18127.50677466812,17173.793823019558
forecast_1914,2025-03-21 18:00:00,17047.348645230555,18288.51544415118,17749.024242085983
forecast_1915,2025-03-21 19:00:00,17560.430249889458,18836.419688261347,17801.397627693485
forecast_1916,2025-03-21 20:00:00,17841.010647528117,18984.801250226705,18514.68376028875
forecast_1917,2025-03-21 21:00:00,17664.44039939838,18857.05235754461,18353.285533344475
forecast_1918,2025-03-21 22:00:00,18153.833723415864,19913.999589149495,19328.59560344999
forecast_1919,2025-03-21 23:00:00,18229.39604345917,19888.26263074664,19322.334351834437
forecast_1920,2025-03-22 00:00:00,18560.953350346077,19914.220986851746,19321.93385110051
forecast_1921,2025-03-22 01:00:00,18640.236543393952,19667.06489831787,19325.324772507003
forecast_1922,2025-03-22 02:00:00,18774.629513720727,19444.124943411683,19320.356565685168
forecast_1923,2025-03-22 03:00:00,18680.260923196864,18963.340355306467,18624.970767992858
forecast_1924,2025-03-22 04:00:00,18696.973041540023,19223.012814111476,18555.22305815073
forecast_1925,2025-03-22 05:00:00,18658.01370713602,19020.483769378545,19334.068453739834
forecast_1926,2025-03-22 06:00:00,18751.222040255565,19378.288856307812,19330.215267252996
forecast_1927,2025-03-22 07:00:00,18036.446847837426,19296.324579559125,19344.53222414103
forecast_1928,2025-03-22 08:00:00,19890.697641046016,19177.555508350153,19330.27420381491
forecast_1929,2025-03-22 09:00:00,18685.71294912527,19883.798628476346,19364.152661977558
forecast_1930,2025-03-22 10:00:00,18313.202026132654,18907.09269205222,18269.191814875052
forecast_1931,2025-03-22 11:00:00,17857.039871753594,18692.50231478356,17756.5221943463
forecast_1932,2025-03-22 12:00:00,17166.182489930237,18368.358935949167,17262.875325914298
forecast_1933,2025-03-22 13:00:00,17060.622528620475,18334.022588675296,17096.39305861328
forecast_1934,2025-03-22 14:00:00,16928.5164529204,17868.585231157143,16903.463618248377
forecast_1935,2025-03-22 15:00:00,16740.308354917845,17699.206145612894,16379.696039342338
forecast_1936,2025-03-22 16:00:00,16432.679358367088,17096.206250764197,15536.969480218979
forecast_1937,2025-03-22 17:00:00,16287.713821179404,16751.8975898751,15174.407269441648
forecast_1938,2025-03-22 18:00:00,16639.688691733427,17337.21286204489,16262.61757619951
forecast_1939,2025-03-22 19:00:00,16710.18086734625,17902.524357098642,17366.473710113496
forecast_1940,2025-03-22 20:00:00,17011.598127835827,18286.015567305312,18012.972633215366
forecast_1941,2025-03-22 21:00:00,18116.893859842978,18646.939868261365,18465.851461423303
forecast_1942,2025-03-22 22:00:00,18519.693967513675,19872.73132927136,18747.41969447393
forecast_1943,2025-03-22 23:00:00,18859.7278628812,19872.820014966004,19341.37545225272
forecast_1944,2025-03-23 00:00:00,19899.322527144614,19904.650742278747,19347.77060818864
forecast_1945,2025-03-23 01:00:00,15999.648240804889,16778.028823955196,15888.531178203866
forecast_1946,2025-03-23 02:00:00,14897.153516686532,17332.74898936876,16045.720948174363
forecast_1947,2025-03-23 03:00:00,14892.983527512375,17703.757127957415,15040.487113433426
forecast_1948,2025-03-23 04:00:00,16475.919704132197,17862.102092800025,14285.851882481245
forecast_1949,2025-03-23 05:00:00,15161.014865661356,16760.76437147061,13449.189983379652
forecast_1950,2025-03-23 06:00:00,13360.416898667585,13976.234920719322,10247.173181439211
forecast_1951,2025-03-23 07:00:00,9157.45281141073,9204.805002210102,6087.075906790605
forecast_1952,2025-03-23 08:00:00,7034.749230259606,7748.435954002154,3833.5647290470706
forecast_1953,2025-03-23 09:00:00,4049.0591966612733,3882.485430026707,3799.6756499602257
forecast_1954,2025-03-23 10:00:00,3866.7759039281536,3624.292866220858,3658.6059732583376
forecast_1955,2025-03-23 11:00:00,2949.794501177329,2993.3861881364896,2184.923039407514
forecast_1956,2025-03-23 12:00:00,2753.583989760271,2461.9769133890177,2262.4848129753696
forecast_1957,2025-03-23 13:00:00,2706.7080436411393,2750.9500634874103,2140.8609967373204
forecast_1958,2025-03-23 14:00:00,3180.828877462408,3536.8612263234536,2889.0893612675327
forecast_1959,2025-03-23 15:00:00,3868.98430266142,3950.0238743191517,3530.2368058586744
forecast_1960,2025-03-23 16:00:00,3826.10824248257,3825.628559880981,3766.8139404479075
forecast_1961,2025-03-23 17:00:00,4014.832925614391,3890.0286257059015,3774.974330720428
forecast_1962,2025-03-23 18:00:00,3956.788161079253,3884.889806508422,3619.268721381146
forecast_1963,2025-03-23 19:00:00,3864.6416338036497,4154.190503747148,3757.100855627844
forecast_1964,2025-03-23 20:00:00,4536.772016745812,9593.66122610515,4282.537328034869
forecast_1965,2025-03-23 21:00:00,7735.554004237896,12271.034399077282,5849.5323858033225
forecast_1966,2025-03-23 22:00:00,11148.917353182766,13139.114640160251,7391.9175762214345
forecast_1967,2025-03-23 23:00:00,12226.497590183018,14160.466590584427,9339.023113437455
forecast_1968,2025-03-24 00:00:00,13695.444517389144,15084.706381464195,10289.780831930073
forecast_1969,2025-03-24 01:00:00,13085.971987381978,15284.295428494384,10368.65070203079
forecast_1970,2025-03-24 02:00:00,12660.359931216017,13582.61477741414,10204.493255045683
forecast_1971,2025-03-24 03:00:00,11487.852434146827,12375.06486963961,9485.543903884416
forecast_1972,2025-03-24 04:00:00,10814.555908202723,11533.611961519353,9759.978709560326
forecast_1973,2025-03-24 05:00:00,11470.347688491527,13024.269013498699,10828.796988174263
forecast_1974,2025-03-24 06:00:00,11713.077765071219,14072.76059400889,11991.313038148633
forecast_1975,2025-03-24 07:00:00,11326.36095529364,14428.492738498177,12164.866669616415
forecast_1976,2025-03-24 08:00:00,11274.805946958766,13693.614779199776,12059.566704393204
forecast_1977,2025-03-24 09:00:00,12486.543079840381,13801.56543128789,12448.781296176867
forecast_1978,2025-03-24 10:00:00,13333.142266545989,15005.621729774875,13576.706772685875
forecast_1979,2025-03-24 11:00:00,14070.693168631346,16716.546804537244,13948.835301663032
forecast_1980,2025-03-24 12:00:00,14824.414578254518,17012.888191176302,14456.77950667293
forecast_1981,2025-03-24 13:00:00,15874.605082806638,16985.92371670685,14327.718518262416
forecast_1982,2025-03-24 14:00:00,14541.977799727738,16498.370453842155,13621.93889093378
forecast_1983,2025-03-24 15:00:00,14146.586442623191,15838.782934926896,12895.186885033767
forecast_1984,2025-03-24 16:00:00,12842.933505003552,13938.05559026446,12121.431358023596
forecast_1985,2025-03-24 17:00:00,12383.251463904946,12648.303630767403,11563.298192476717
forecast_1986,2025-03-24 18:00:00,11747.70080643896,13204.186823750779,11618.893310282136
forecast_1987,2025-03-24 19:00:00,12442.47140897818,13121.934224532755,12113.247836410621
forecast_1988,2025-03-24 20:00:00,13164.145552632544,14191.576761187407,12831.834875794313
forecast_1989,2025-03-24 21:00:00,13439.922254240128,16704.072312146473,13476.869340556716
forecast_1990,2025-03-24 22:00:00,15376.471307990318,17133.64545249089,15296.529142312253
forecast_1991,2025-03-24 23:00:00,16226.9474097808,18339.43270945112,16435.856220233552
forecast_1992,2025-03-25 00:00:00,16834.013197057775,18952.84879579033,17293.3795436168
forecast_1993,2025-03-25 01:00:00,18430.085650430512,18998.537407226515,16975.63457199772
forecast_1994,2025-03-25 02:00:00,18634.070212567858,19499.276174458788,16780.868063845388
forecast_1995,2025-03-25 03:00:00,15952.818100213062,17210.930539026034,13814.598299972748
forecast_1996,2025-03-25 04:00:00,12938.903378941144,14250.865006304539,9730.265083190505
forecast_1997,2025-03-25 05:00:00,8925.268627361216,10140.237932389102,6449.911500865026
forecast_1998,2025-03-25 06:00:00,8378.748029827402,8968.650272763178,6080.581084563608
forecast_1999,2025-03-25 07:00:00,8165.499722825863,9081.542475903905,5448.568674580788
forecast_2000,2025-03-25 08:00:00,6730.0884261512365,9321.392499636904,5980.907153884942
forecast_2001,2025-03-25 09:00:00,8622.714531650094,9908.356104326944,6326.408549040557
forecast_2002,2025-03-25 10:00:00,9060.635988748381,9994.860165354094,8036.754150098512
forecast_2003,2025-03-25 11:00:00,10304.144617923259,10738.15520997829,8433.455368904195
forecast_2004,2025-03-25 12:00:00,9493.479114018393,11086.684427726934,9739.09021407399
forecast_2005,2025-03-25 13:00:00,12003.387538586492,13341.96192354526,12042.626802518253
forecast_2006,2025-03-25 14:00:00,13540.904681360142,15300.037602939066,14814.090213418547
forecast_2007,2025-03-25 15:00:00,16792.10479004743,16074.10580105641,16374.241465540126
forecast_2008,2025-03-25 16:00:00,17329.273272815935,16150.713825314197,17857.332665529782
forecast_2009,2025-03-25 17:00:00,17746.284076014777,16442.414111405356,18037.231678369175
forecast_2010,2025-03-25 18:00:00,17957.99122024309,16779.190744241165,18036.11015623316
forecast_2011,2025-03-25 19:00:00,16017.212660107141,16921.25189625627,17522.059924675603
forecast_2012,2025-03-25 20:00:00,16230.718237691766,17301.45366114605,17854.12477585162
forecast_2013,2025-03-25 21:00:00,17658.158031036775,18204.390277678147,17962.88588695834
forecast_2014,2025-03-25 22:00:00,18060.82524456511,18775.584613715146,18283.81906997182
forecast_2015,2025-03-25 23:00:00,18595.92445149755,18641.18309329582,18522.20260975045
forecast_2016,2025-03-26 00:00:00,18724.67324161872,18787.008477979445,18600.91771777415
forecast_2017,2025-03-26 01:00:00,18476.108954056457,18637.140163340417,18099.755587682288
forecast_2018,2025-03-26 02:00:00,18185.238617993564,18482.629758647494,18051.88694500156
forecast_2019,2025-03-26 03:00:00,18098.03371497583,17566.031871641117,14782.52758124193
forecast_2020,2025-03-26 04:00:00,16282.50774805046,16351.862045502208,13596.492052158335
forecast_2021,2025-03-26 05:00:00,12941.84520077979,15187.737464619491,10313.99425410596
forecast_2022,2025-03-26 06:00:00,9342.064359532638,10321.686934895099,7255.829680680198
forecast_2023,2025-03-26 07:00:00,5793.707698580711,6296.159357504414,4083.804749963147
forecast_2024,2025-03-26 08:00:00,3994.84454643998,3852.6255826539636,3691.3277695010984
forecast_2025,2025-03-26 09:00:00,3995.684034913207,3449.676516061577,3658.87532233798
forecast_2026,2025-03-26 10:00:00,3148.6702412613186,3496.3070677712694,2858.00658581959
forecast_2027,2025-03-26 11:00:00,2994.2312269981744,2989.0797307020684,2630.224085788027
forecast_2028,2025-03-26 12:00:00,3049.184787240065,3422.7682696270886,2619.7532553927126
forecast_2029,2025-03-26 13:00:00,3475.526426070424,3628.507115463535,3159.325509455327
forecast_2030,2025-03-26 14:00:00,3651.5823074347427,3702.100104804438,3877.174854810634
forecast_2031,2025-03-26 15:00:00,3748.0013672743944,3764.931238071191,3726.19542269365
forecast_2032,2025-03-26 16:00:00,4278.860832597078,3853.8238460535754,3496.4998381837877
forecast_2033,2025-03-26 17:00:00,3891.423228540725,3908.3144677291825,4095.462393531314
forecast_2034,2025-03-26 18:00:00,4416.5387196140855,5196.574363677199,4059.581980618582
forecast_2035,2025-03-26 19:00:00,6225.992852047592,7110.805868473034,4943.024069727484
forecast_2036,2025-03-26 20:00:00,7628.690167132073,11418.008355977558,6084.499363771827
forecast_2037,2025-03-26 21:00:00,8779.505977087043,10080.990479868535,6899.975331260371
forecast_2038,2025-03-26 22:00:00,10494.995224090475,11577.980738207407,8748.497175911665
forecast_2039,2025-03-26 23:00:00,13977.58988437551,13939.058653392038,11567.720330105392
forecast_2040,2025-03-27 00:00:00,15289.06914689548,15873.857260421439,13575.093239404374
forecast_2041,2025-03-27 01:00:00,17195.741008953242,17364.16925101885,18362.08673630892
forecast_2042,2025-03-27 02:00:00,17143.24308124119,17434.795007628516,18459.44487122279
forecast_2043,2025-03-27 03:00:00,18233.835700109008,17756.607795882668,18042.258281983744
forecast_2044,2025-03-27 04:00:00,17114.061257770958,16990.502480928568,16836.064800115462
forecast_2045,2025-03-27 05:00:00,15608.552865133654,15401.424555470245,14927.766073424671
forecast_2046,2025-03-27 06:00:00,13833.051040917839,15183.379298447962,13203.367690153204
forecast_2047,2025-03-27 07:00:00,13868.180814157471,15209.736464580958,12898.381914736678
forecast_2048,2025-03-27 08:00:00,14369.839252488026,16234.351214808472,13640.785935557102
forecast_2049,2025-03-27 09:00:00,14055.57387067893,14842.611830975256,13193.39232953454
forecast_2050,2025-03-27 10:00:00,13301.495677501814,12117.277541714086,11931.719832564346
forecast_2051,2025-03-27 11:00:00,9753.721464055512,14048.992160501472,9328.60084596681
forecast_2052,2025-03-27 12:00:00,9162.368028567233,11845.402157464528,8325.750872194398
forecast_2053,2025-03-27 13:00:00,8694.086678704334,9054.825808637488,8022.594956658678
forecast_2054,2025-03-27 14:00:00,8392.938776864026,8334.7687874302,6828.428254104858
forecast_2055,2025-03-27 15:00:00,9195.369266183989,9505.053030494742,6272.857761546243
forecast_2056,2025-03-27 16:00:00,8827.214960159281,8363.376485171522,7179.083544245613
forecast_2057,2025-03-27 17:00:00,8208.161023289857,8186.1574059008235,6718.4831102814605
forecast_2058,2025-03-27 18:00:00,7578.311587266608,7772.609037122731,6522.667973376113
forecast_2059,2025-03-27 19:00:00,7802.168209278416,7721.2481287477285,5800.500058341298
forecast_2060,2025-03-27 20:00:00,8538.4089469886,8204.667335124148,5066.340429844855
forecast_2061,2025-03-27 21:00:00,10797.60269997649,11072.557189210984,5930.28707634812
forecast_2062,2025-03-27 22:00:00,11688.034308640084,11688.214502869718,10110.717381080314
forecast_2063,2025-03-27 23:00:00,10942.300704011914,12439.274411016937,9858.806163811643
forecast_2064,2025-03-28 00:00:00,11194.047887269478,12035.496874516411,9602.194838435975
forecast_2065,2025-03-28 01:00:00,3977.3667349050247,3988.434058620319,3807.584331717705
forecast_2066,2025-03-28 02:00:00,3643.6222364450205,3845.7001845054942,3768.655883096627
forecast_2067,2025-03-28 03:00:00,3887.0492370335437,4007.1821454952224,4017.3410563535335
forecast_2068,2025-03-28 04:00:00,4092.9250556628485,3766.1823694964305,3442.9228686587453
forecast_2069,2025-03-28 05:00:00,3685.7891071571767,3718.1865220890077,3444.456285402748
forecast_2070,2025-03-28 06:00:00,3406.996981085555,3455.7425120367625,3379.3154120711743
forecast_2071,2025-03-28 07:00:00,3464.9961179014504,3903.977282423556,3300.43937559599
forecast_2072,2025-03-28 08:00:00,3757.4923324621495,3953.266462460273,3305.6070975438906
forecast_2073,2025-03-28 09:00:00,3541.947169123332,3585.826789592402,3049.6351896311216
forecast_2074,2025-03-28 10:00:00,3831.740178360212,4445.197007548157,3124.0415000000003
forecast_2075,2025-03-28 11:00:00,3869.850322269364,4555.477442946178,3403.2008055772535
forecast_2076,2025-03-28 12:00:00,3925.1446464573983,3988.6482573012117,3356.0030131258563
forecast_2077,2025-03-28 13:00:00,3917.2371450878936,3919.365608813785,4060.094675668976
forecast_2078,2025-03-28 14:00:00,3953.174462909291,3630.9563157204884,3755.9327494588615
forecast_2079,2025-03-28 15:00:00,3652.418210731614,3495.2959004090744,3609.5552006750177
forecast_2080,2025-03-28 16:00:00,3864.6925170503137,3962.2981121716384,3357.7418145777365
forecast_2081,2025-03-28 17:00:00,3863.962098982282,3864.0834906024243,3198.379517569866
forecast_2082,2025-03-28 18:00:00,3500.7319778194037,3465.4636687291204,3624.4687158316224
forecast_2083,2025-03-28 19:00:00,4078.5225287182393,4070.5922030031415,3481.9519753471195
forecast_2084,2025-03-28 20:00:00,6973.52727814375,9509.572993752456,4129.778201825283
forecast_2085,2025-03-28 21:00:00,6257.993565459498,9113.310039499947,5075.452338481429
forecast_2086,2025-03-28 22:00:00,5986.015810458569,8343.792179786937,4738.697359940359
forecast_2087,2025-03-28 23:00:00,4880.8314801586475,10191.15625095506,3979.8078200705445
forecast_2088,2025-03-29 00:00:00,4864.936471474906,7652.921151834324,3788.098093108096
forecast_2089,2025-03-29 01:00:00,3856.9530300968654,3332.0676574993718,3095.301958189856
forecast_2090,2025-03-29 02:00:00,3495.6721916243087,3841.4550709592477,3305.0641192693874
forecast_2091,2025-03-29 03:00:00,3475.4326264288757,3286.592811807279,3028.786361410347
forecast_2092,2025-03-29 04:00:00,3683.7828298452023,3781.2693696516976,3230.3634145436217
forecast_2093,2025-03-29 05:00:00,5331.876063652536,5559.936643861859,4187.0075363830465
forecast_2094,2025-03-29 06:00:00,6863.137761589591,6737.36822152016,4998.24724834842
forecast_2095,2025-03-29 07:00:00,7042.039259650994,7450.1741459375335,4885.315369911502
forecast_2096,2025-03-29 08:00:00,7262.01683027624,7639.367470009227,6058.707694528453
forecast_2097,2025-03-29 09:00:00,6704.714752255213,6524.548509495106,6055.891715505953
forecast_2098,2025-03-29 10:00:00,7449.101002927275,7674.815056416129,7140.420596659558
forecast_2099,2025-03-29 11:00:00,9323.910857990108,9769.462897201478,8656.201482629938
forecast_2100,2025-03-29 12:00:00,12230.133699257089,12475.077367423175,9712.677803001656
forecast_2101,2025-03-29 13:00:00,12968.92513269739,14052.340483163833,10821.80217939003
forecast_2102,2025-03-29 14:00:00,13828.450825854368,14867.390039871316,11712.80480539817
forecast_2103,2025-03-29 15:00:00,14310.277067977811,15277.522561073683,12242.340209444152
forecast_2104,2025-03-29 16:00:00,14975.41103585295,15295.81836560219,12475.042640381922
forecast_2105,2025-03-29 17:00:00,13432.775851188846,13511.914416330406,12127.967328089195
forecast_2106,2025-03-29 18:00:00,12776.42146650395,12622.421873377025,10298.44267085486
forecast_2107,2025-03-29 19:00:00,12285.497839594476,12005.758393552649,9684.993046648171
forecast_2108,2025-03-29 20:00:00,12087.729144390294,11813.200792363756,10126.621289473875
forecast_2109,2025-03-29 21:00:00,12280.561192403928,11742.578523000991,11069.236579602059
forecast_2110,2025-03-29 22:00:00,12142.551326767916,11833.942387392362,11518.357476790216
forecast_2111,2025-03-29 23:00:00,11964.034007301136,11418.941722643776,11851.880615164497
forecast_2112,2025-03-30 00:00:00,11489.061082779672,10569.906914525885,11852.989893766262
forecast_2113,2025-03-30 01:00:00,11068.817338961862,9812.162403897335,10944.34621041463
forecast_2114,2025-03-30 02:00:00,10410.163870601202,9357.188832367792,10485.359058005131
forecast_2115,2025-03-30 03:00:00,10232.152889203475,9690.116951199634,8986.123155190468
forecast_2116,2025-03-30 04:00:00,10389.393238307,10397.94359603746,8572.790953532809
forecast_2117,2025-03-30 05:00:00,9840.12725005505,12432.99399766834,8515.687300903908
forecast_2118,2025-03-30 06:00:00,9473.643041914314,10489.254036231641,8048.0689499064765
forecast_2119,2025-03-30 07:00:00,8824.014991944798,8954.176570354695,7416.266046396842
forecast_2120,2025-03-30 08:00:00,8490.433540615764,7618.792173840211,6867.227776588289
forecast_2121,2025-03-30 09:00:00,6945.091109834125,6820.912391090609,6560.955792520118
forecast_2122,2025-03-30 10:00:00,7457.270402792692,7230.1430310774795,6747.390824401945
forecast_2123,2025-03-30 11:00:00,8282.006818016605,8012.463327832347,7652.577999443718
forecast_2124,2025-03-30 12:00:00,10025.90560694126,8892.063589696041,8479.64687892835
forecast_2125,2025-03-30 13:00:00,10328.128818529807,9951.281308136335,8566.895652489498
forecast_2126,2025-03-30 14:00:00,9477.220720225887,9363.895015202357,8418.556551252565
forecast_2127,2025-03-30 15:00:00,8461.976507668405,8353.093713832466,6985.722274251031
forecast_2128,2025-03-30 16:00:00,7034.474038327339,6244.0590578710235,5368.361278503138
forecast_2129,2025-03-30 17:00:00,5937.262806927431,6047.67371598092,5330.721199183043
forecast_2130,2025-03-30 18:00:00,5931.30441770377,6313.505583583206,5294.023059145129
forecast_2131,2025-03-30 19:00:00,7544.688641304777,7758.373784063548,5803.002754893917
forecast_2132,2025-03-30 20:00:00,7901.568272798931,8077.664460447533,6806.809279500618
forecast_2133,2025-03-30 21:00:00,6946.4878332884955,9486.353828954765,5703.843091436581
forecast_2134,2025-03-30 22:00:00,6989.069200529415,7341.346896794217,5987.413506757973
forecast_2135,2025-03-30 23:00:00,7609.5588107611,8204.742401421294,6395.834594395418
forecast_2136,2025-03-31 00:00:00,8033.026960805892,8190.462544867,6848.943258699521
forecast_2137,2025-03-31 01:00:00,13691.395620038778,16297.426081529868,14097.477622798075
forecast_2138,2025-03-31 02:00:00,13719.288756454242,16503.434395813372,12763.57271233574
forecast_2139,2025-03-31 03:00:00,15069.880804517974,16313.497953901893,14152.788253437067
forecast_2140,2025-03-31 04:00:00,15207.311055614718,16115.165204684898,11327.427174264316
forecast_2141,2025-03-31 05:00:00,15852.298326725519,16990.34304961889,11963.144389666595
forecast_2142,2025-03-31 06:00:00,14308.64874529237,15528.168996154325,10548.032778322116
forecast_2143,2025-03-31 07:00:00,13017.494917186508,10859.282595627337,8378.708697015092
forecast_2144,2025-03-31 08:00:00,7780.364148253993,8305.896636005873,6357.262546824007
forecast_2145,2025-03-31 09:00:00,5382.239689113035,5694.754805940009,3825.3460945290226
forecast_2146,2025-03-31 10:00:00,4287.792980326605,4211.0698595947315,3810.366795019542
forecast_2147,2025-03-31 11:00:00,3634.560844932003,4009.962979365004,3816.3910342664203
forecast_2148,2025-03-31 12:00:00,3800.885475395167,3741.513568218263,3400.074603539605
forecast_2149,2025-03-31 13:00:00,3995.514504629744,3988.476979934998,3404.437667797525
forecast_2150,2025-03-31 14:00:00,4037.8052904183605,4051.581685931066,3755.465425792792
forecast_2151,2025-03-31 15:00:00,4283.406008250762,4087.2688228168327,3757.2970143911425
forecast_2152,2025-03-31 16:00:00,5040.138774576385,4133.039928098015,3782.43674636901
forecast_2153,2025-03-31 17:00:00,4657.448776359642,4294.585643948268,4454.966292945111
forecast_2154,2025-03-31 18:00:00,5573.148502945728,5514.109212677024,5163.931504697908
forecast_2155,2025-03-31 19:00:00,7934.363223626896,8072.713397999041,6438.150498259144
forecast_2156,2025-03-31 20:00:00,10963.174298637383,11127.431064026126,8001.241622824599
forecast_2157,2025-03-31 21:00:00,13157.687693575535,13668.648737819134,9828.147958367968
forecast_2158,2025-03-31 22:00:00,14437.227517834352,13305.556770880135,10504.404039573623
forecast_2159,2025-03-31 23:00:00,15602.351208670345,15305.381618768448,12048.599988408489
forecast_2160,2025-04-01 00:00:00,15575.112239739336,15961.666578990951,11970.90610963235
forecast_2161,2025-04-01 01:00:00,7295.445883224199,7454.053789177891,6960.979279628099
forecast_2162,2025-04-01 02:00:00,7329.765716623713,6922.776345460432,6832.502367135128
forecast_2163,2025-04-01 03:00:00,7335.794047345224,7350.001698866864,6885.750643233237
forecast_2164,2025-04-01 04:00:00,7154.893269252321,7287.0217887110875,5738.328257075135
forecast_2165,2025-04-01 05:00:00,6746.3756875026265,6611.1033703103485,5163.136177189098
forecast_2166,2025-04-01 06:00:00,5289.608480295144,4984.973381362875,4259.539508404621
forecast_2167,2025-04-01 07:00:00,4232.035692995927,4095.137792382672,3784.066011331266
forecast_2168,2025-04-01 08:00:00,3876.7389354970283,3779.458878143985,3786.2441556889244
forecast_2169,2025-04-01 09:00:00,3816.9890972721137,3590.0771824738986,2931.405466384935
forecast_2170,2025-04-01 10:00:00,3851.8444667256676,3741.6236612897137,2755.726566910043
forecast_2171,2025-04-01 11:00:00,3939.825318976401,3623.89655050302,2284.5713894351625
forecast_2172,2025-04-01 12:00:00,101.98450739287392,112.10628123347303,157.8825886797525
forecast_2173,2025-04-01 13:00:00,149.7607267100609,194.8027013525273,203.66324132099905
forecast_2174,2025-04-01 14:00:00,3923.6592475640578,3320.660171331713,2986.6547385489284
forecast_2175,2025-04-01 15:00:00,3540.172078912768,3972.9275856650474,3224.0761162640406
forecast_2176,2025-04-01 16:00:00,3917.2181417282827,3611.6456943261883,3240.884738667716
forecast_2177,2025-04-01 17:00:00,3833.77505919131,3401.095690301067,3088.3422272721195
forecast_2178,2025-04-01 18:00:00,3304.12101479594,3492.1424535306523,3533.704542573647
forecast_2179,2025-04-01 19:00:00,3281.7855917300385,2430.0715237172917,2536.3797386153883
forecast_2180,2025-04-01 20:00:00,3261.107599425658,2847.6219085646126,2398.1256992956905
forecast_2181,2025-04-01 21:00:00,3339.980036519074,3371.7724751094124,2431.571302280488
forecast_2182,2025-04-01 22:00:00,3331.615779331968,3225.1329522357582,2544.0024145585794
forecast_2183,2025-04-01 23:00:00,3558.198404103111,3486.5250801813227,3336.378098750552
forecast_2184,2025-04-02 00:00:00,3353.0715643252556,3440.052098915795,3340.1511643769336
forecast_2185,2025-04-02 01:00:00,3461.718339164644,4519.9414885888,3904.430493175817
forecast_2186,2025-04-02 02:00:00,3369.9773157480877,3460.0055854978136,3495.9212555657596
forecast_2187,2025-04-02 03:00:00,3391.9699824497025,3600.7032227649297,3485.8335036693293
forecast_2188,2025-04-02 04:00:00,3288.4788922193734,3620.2469564407857,2916.041009424386
forecast_2189,2025-04-02 05:00:00,3576.629430444483,3533.6519203694015,2289.379494882865
forecast_2190,2025-04-02 06:00:00,3061.9491719245407,3322.103943318215,102.74906028841238
forecast_2191,2025-04-02 07:00:00,2577.8686619101536,3037.0153391782337,73.64732680558076
forecast_2192,2025-04-02 08:00:00,2639.93564930433,3226.4309385433608,28.215673757145602
forecast_2193,2025-04-02 09:00:00,2619.9136073730774,3254.344690514767,61.12024732448769
forecast_2194,2025-04-02 10:00:00,2718.875248016274,3439.872924827173,222.59981031888094
forecast_2195,2025-04-02 11:00:00,2705.6253167319,3884.709298530539,3696.4506952506035
forecast_2196,2025-04-02 12:00:00,2748.3152821223916,2785.3259368100794,370.08170441597
forecast_2197,2025-04-02 13:00:00,2699.015565190771,2582.667323043527,2583.9209000163282
forecast_2198,2025-04-02 14:00:00,3005.9653729727042,2715.750213871427,2298.7492706761686
forecast_2199,2025-04-02 15:00:00,2871.504948056511,3428.867768560109,2715.7125446617024
forecast_2200,2025-04-02 16:00:00,3470.9968813186442,3392.7203773983138,3120.693100795679
forecast_2201,2025-04-02 17:00:00,3682.9013243064837,3482.583372238613,3059.179773902979
forecast_2202,2025-04-02 18:00:00,3096.2574596606873,3051.860558765523,4050.1579152549875
forecast_2203,2025-04-02 19:00:00,3762.5913876083923,3421.7326924796657,4457.497793616347
forecast_2204,2025-04-02 20:00:00,4583.906487773127,3909.6412347705923,3095.012501414153
forecast_2205,2025-04-02 21:00:00,3871.314822049353,3661.8910066374,3153.7551412172306
forecast_2206,2025-04-02 22:00:00,3473.4619088150494,3692.2879530527616,4017.5071034957955
forecast_2207,2025-04-02 23:00:00,3511.476142274161,3377.4883898472935,3244.215733774827
forecast_2208,2025-04-03 00:00:00,3488.3355577306893,3313.4208064916293,3277.0158182237883
forecast_2209,2025-04-03 01:00:00,2793.665551761309,3019.170360309492,3397.5212422862
forecast_2210,2025-04-03 02:00:00,3896.524251816556,3723.052522262936,3371.651855608517
forecast_2211,2025-04-03 03:00:00,3475.9539509948136,3759.0105594530905,3356.244635642068
forecast_2212,2025-04-03 04:00:00,3926.176819820368,3470.330270374765,3458.121480608902
forecast_2213,2025-04-03 05:00:00,3771.805098963898,3479.815137021115,3341.2647072449854
forecast_2214,2025-04-03 06:00:00,3497.93384053694,3478.8896306283277,3343.2786551061654
forecast_2215,2025-04-03 07:00:00,3315.583447856694,3423.2984670565024,3335.3260443199606
forecast_2216,2025-04-03 08:00:00,3926.8335995231896,3434.38431561285,3227.1633778877913
forecast_2217,2025-04-03 09:00:00,4169.37853637208,3843.0486944224394,3520.021491042152
forecast_2218,2025-04-03 10:00:00,4498.460746035922,4150.859095149692,4430.456400966701
forecast_2219,2025-04-03 11:00:00,3336.2928338072747,3118.604580736148,3495.9176508155683
forecast_2220,2025-04-03 12:00:00,2510.1862727037624,2995.0636885847266,2516.644223784736
forecast_2221,2025-04-03 13:00:00,2227.747850549425,2310.2948452314067,2401.844313808922
forecast_2222,2025-04-03 14:00:00,405.4886355419963,3047.84452162865,2474.1743516885417
forecast_2223,2025-04-03 15:00:00,3872.89844934703,2794.0657132565225,335.6642900064882
forecast_2224,2025-04-03 16:00:00,275.6896055587789,2375.4040431770763,2390.250844243225
forecast_2225,2025-04-03 17:00:00,3385.7725771485157,2677.833519149149,113.6253355597731
forecast_2226,2025-04-03 18:00:00,3363.375347883364,3180.0296695166508,3432.083571056454
forecast_2227,2025-04-03 19:00:00,2750.913738191865,3156.69561022858,2542.686318370949
forecast_2228,2025-04-03 20:00:00,3488.487592669584,3267.136281007999,3401.985852127142
forecast_2229,2025-04-03 21:00:00,3667.0352671347214,3404.819007302876,3292.1061018194764
forecast_2230,2025-04-03 22:00:00,3385.2299864647994,3397.248349136833,6796.6549257818515
forecast_2231,2025-04-03 23:00:00,3486.6097842603135,3406.9065524923226,3252.3935952154425
forecast_2232,2025-04-04 00:00:00,3365.938242585875,3768.861611987736,3320.68367736637
forecast_2233,2025-04-04 01:00:00,4656.689448147424,4972.5795738850165,3746.9633791590795
forecast_2234,2025-04-04 02:00:00,5667.617924281031,5870.398804355784,4000.4214346706226
forecast_2235,2025-04-04 03:00:00,7401.467283951707,7011.204631525537,5508.562467858047
forecast_2236,2025-04-04 04:00:00,8992.143125571043,10681.323285678574,6432.872421281809
forecast_2237,2025-04-04 05:00:00,11822.359690317304,11754.790287339134,7239.290474457945
forecast_2238,2025-04-04 06:00:00,8745.71386371784,11891.931195993662,6956.634079075007
forecast_2239,2025-04-04 07:00:00,10480.05515163468,11450.245943842228,6836.255084086105
forecast_2240,2025-04-04 08:00:00,9933.875014277668,9771.5412910491,5588.585221744512
forecast_2241,2025-04-04 09:00:00,6488.675370711193,6359.229780912248,4157.104247280615
forecast_2242,2025-04-04 10:00:00,3913.8588225900385,3668.402953907163,3316.231250684507
forecast_2243,2025-04-04 11:00:00,3753.53334255184,3540.051282216481,3381.9103118639123
forecast_2244,2025-04-04 12:00:00,3008.3113594840306,3181.2584399429747,2641.3481534916573
forecast_2245,2025-04-04 13:00:00,3415.748549899263,3199.159402263628,2992.7094659501295
forecast_2246,2025-04-04 14:00:00,3526.570316618325,3462.551478596964,2757.1987919520225
forecast_2247,2025-04-04 15:00:00,3495.1030178084675,3429.1296396077496,3174.7603137943943
forecast_2248,2025-04-04 16:00:00,3542.272853354706,3146.632671415204,3209.307097605477
forecast_2249,2025-04-04 17:00:00,3600.1041293793173,3473.027284030306,3149.606934958103
forecast_2250,2025-04-04 18:00:00,3851.6463500582654,3363.908847542091,3359.6459531947457
forecast_2251,2025-04-04 19:00:00,3857.872207470863,3795.535244838926,3390.6397649157293
forecast_2252,2025-04-04 20:00:00,4684.180059375213,4733.909555191593,3356.725723896569
forecast_2253,2025-04-04 21:00:00,5288.607816341858,5338.5431403540615,3502.01367029055
forecast_2254,2025-04-04 22:00:00,3971.1898055427373,4657.0788317750275,3731.2207957279766
forecast_2255,2025-04-04 23:00:00,4161.439018977511,5319.054937444159,3675.4456384608507
forecast_2256,2025-04-05 00:00:00,4405.462798995698,5593.00808001011,3605.9090662177837
forecast_2257,2025-04-05 01:00:00,8469.65962237144,9486.734679218167,5663.505774204116
forecast_2258,2025-04-05 02:00:00,9156.886272055794,10205.571008163706,6197.4392094519535
forecast_2259,2025-04-05 03:00:00,9263.130862312202,10437.00302452193,5522.21273278147
forecast_2260,2025-04-05 04:00:00,9170.727214347486,9765.957416780597,5814.284042548764
forecast_2261,2025-04-05 05:00:00,7729.3250311434185,11421.586630030255,5974.666953571185
forecast_2262,2025-04-05 06:00:00,7763.776133113034,11649.041246002822,5872.991144098171
forecast_2263,2025-04-05 07:00:00,7124.380673543719,9445.465288914087,5678.24906113487
forecast_2264,2025-04-05 08:00:00,7382.092127589994,8181.969140706439,5214.853560360222
forecast_2265,2025-04-05 09:00:00,5236.807261455431,6310.406305582763,4251.532672371148
forecast_2266,2025-04-05 10:00:00,4372.580661374826,4791.599957809966,4252.69489705732
forecast_2267,2025-04-05 11:00:00,4926.898203946963,5866.657310749659,5149.182446328236
forecast_2268,2025-04-05 12:00:00,7864.360781056419,9095.059936945348,7483.371594354972
forecast_2269,2025-04-05 13:00:00,10072.462364650091,10879.634822894133,9890.479911530498
forecast_2270,2025-04-05 14:00:00,11455.866761805837,12805.55963496174,11043.210119990827
forecast_2271,2025-04-05 15:00:00,12369.063236228603,14199.106944767726,12528.757352408911
forecast_2272,2025-04-05 16:00:00,13307.02064540516,14591.259635615557,12601.968850968875
forecast_2273,2025-04-05 17:00:00,12320.422463282168,14050.498688498577,12601.13080091876
forecast_2274,2025-04-05 18:00:00,12604.102900208245,13337.680575514261,11996.253466844037
forecast_2275,2025-04-05 19:00:00,12889.741135673788,16498.83781622293,12322.356823567547
forecast_2276,2025-04-05 20:00:00,13370.800094925728,16399.01394268002,12372.37401834922
forecast_2277,2025-04-05 21:00:00,14147.305121470123,16592.99911437278,12582.328524013325
forecast_2278,2025-04-05 22:00:00,12161.320961488425,16506.63916074339,13351.513620252186
forecast_2279,2025-04-05 23:00:00,14474.298545620857,15973.02970350449,13648.001089260366
forecast_2280,2025-04-06 00:00:00,14564.780489845649,16497.993627697986,14758.57115003011
forecast_2281,2025-04-06 01:00:00,13775.532050740407,15813.951684552354,12744.853840237785
forecast_2282,2025-04-06 02:00:00,14205.389099724332,16735.573931491275,14049.821504009233
forecast_2283,2025-04-06 03:00:00,14586.965170429261,15917.063761814048,13995.81158998758
forecast_2284,2025-04-06 04:00:00,14816.462117367506,16159.73763847883,14089.205038272527
forecast_2285,2025-04-06 05:00:00,14755.672730522258,16111.127378271527,13974.778454344201
forecast_2286,2025-04-06 06:00:00,14614.57556245898,17422.909375614956,12779.092834584198
forecast_2287,2025-04-06 07:00:00,15094.791690699025,16974.574907138332,13560.013411720449
forecast_2288,2025-04-06 08:00:00,15203.976551251011,17069.015090728073,13327.484204963082
forecast_2289,2025-04-06 09:00:00,14138.429373811843,15241.310229409504,12555.501376281583
forecast_2290,2025-04-06 10:00:00,13333.379447632462,13783.774358371536,11054.712449639119
forecast_2291,2025-04-06 11:00:00,12457.418532957727,12388.97713758173,10465.415233622265
forecast_2292,2025-04-06 12:00:00,12075.064944286783,12037.179157804914,9981.225684759356
forecast_2293,2025-04-06 13:00:00,12560.119513574708,12264.151995891538,10320.628317522196
forecast_2294,2025-04-06 14:00:00,13062.236759610483,12643.862003702881,10432.740978471602
forecast_2295,2025-04-06 15:00:00,13221.235375163378,13040.434089168493,10952.64782927499
forecast_2296,2025-04-06 16:00:00,13387.484772673053,13162.67334047728,10776.025204160629
forecast_2297,2025-04-06 17:00:00,13403.005309501446,13355.327830804328,10949.449750793572
forecast_2298,2025-04-06 18:00:00,13281.983689646704,13788.74302256363,12240.693719845785
forecast_2299,2025-04-06 19:00:00,12992.42773077799,13361.006193265162,12035.42236879445
forecast_2300,2025-04-06 20:00:00,12955.2619305333,13583.607310879082,11919.625631439232
forecast_2301,2025-04-06 21:00:00,13345.759109286673,14213.386927947959,12687.56183442691
forecast_2302,2025-04-06 22:00:00,13480.258523827068,14768.59646877775,13096.812445668995
forecast_2303,2025-04-06 23:00:00,12131.275980922925,15604.717048086057,13513.11970216639
forecast_2304,2025-04-07 00:00:00,12073.224937951438,15406.427427558117,12819.739535580153
forecast_2305,2025-04-07 01:00:00,15809.101991002135,17563.21931166972,15306.569498345572
forecast_2306,2025-04-07 02:00:00,15715.36953380274,17467.98556360766,14549.706020618063
forecast_2307,2025-04-07 03:00:00,14492.389643991404,17055.730198048903,13729.060719202524
forecast_2308,2025-04-07 04:00:00,14666.884955333842,17214.883214412486,13381.433242594856
forecast_2309,2025-04-07 05:00:00,14760.959216727539,15684.806297737156,13098.293871387277
forecast_2310,2025-04-07 06:00:00,14618.220044990121,15769.448715429546,12885.191519505479
forecast_2311,2025-04-07 07:00:00,12183.826249060408,14707.353324224714,11588.338022486101
forecast_2312,2025-04-07 08:00:00,14279.137273092683,13620.048626158869,10644.231661158026
forecast_2313,2025-04-07 09:00:00,11638.432622449049,12623.400895474359,9568.979201562583
forecast_2314,2025-04-07 10:00:00,11327.650524861205,12207.124347855453,8890.663812412358
forecast_2315,2025-04-07 11:00:00,10048.802936255783,10483.24989195815,7602.068610520882
forecast_2316,2025-04-07 12:00:00,9585.123605446166,9557.784927133585,6849.418516139417
forecast_2317,2025-04-07 13:00:00,9554.400840171835,9489.91849507921,7304.091228569911
forecast_2318,2025-04-07 14:00:00,10992.45504983862,9650.86073192964,8577.18181010796
forecast_2319,2025-04-07 15:00:00,13028.079731919337,12913.075770530646,10035.625119277101
forecast_2320,2025-04-07 16:00:00,14349.4602985811,14619.156911716256,11905.108059401495
forecast_2321,2025-04-07 17:00:00,15677.21640405174,16724.804726883987,14337.815229498125
forecast_2322,2025-04-07 18:00:00,15311.651571546552,17416.99262645008,15562.573478763987
forecast_2323,2025-04-07 19:00:00,17372.025237960443,18281.70359263763,16276.303282248698
forecast_2324,2025-04-07 20:00:00,16642.20834937666,18262.264704470228,17282.724445399745
forecast_2325,2025-04-07 21:00:00,17812.55504472341,19064.39567133134,18005.991070029788
forecast_2326,2025-04-07 22:00:00,18465.810626204806,19582.23416948924,19322.177039776117
forecast_2327,2025-04-07 23:00:00,18661.62805883919,19394.70980870813,19339.836203171937
forecast_2328,2025-04-08 00:00:00,18969.432275572537,19874.9634505394,19326.55956817823
forecast_2329,2025-04-08 01:00:00,18436.507479379325,19203.236817181103,18650.812310186247
forecast_2330,2025-04-08 02:00:00,19275.25903554204,19167.588875738955,19321.08225005189
forecast_2331,2025-04-08 03:00:00,18849.679483978514,19461.459414839224,19343.374013479493
forecast_2332,2025-04-08 04:00:00,19141.65810276315,19874.760084504942,19326.54521681359
forecast_2333,2025-04-08 05:00:00,18972.161050880833,19181.33585288114,18523.92013195
forecast_2334,2025-04-08 06:00:00,18344.808332277396,19293.81174072157,18288.752154918217
forecast_2335,2025-04-08 07:00:00,18240.95255427789,18970.145373821106,17590.633968285412
forecast_2336,2025-04-08 08:00:00,17724.4207829919,17888.005450671604,15095.107425840362
forecast_2337,2025-04-08 09:00:00,14973.547738131077,16532.727449277383,12769.848221137485
forecast_2338,2025-04-08 10:00:00,13947.131915796348,15064.933955263798,11288.612488414063
forecast_2339,2025-04-08 11:00:00,13144.328518063288,13515.830312179462,10126.149040637405
forecast_2340,2025-04-08 12:00:00,13017.099305681002,12854.226635087092,9311.506336814204
forecast_2341,2025-04-08 13:00:00,13449.172276942176,12354.79715896877,9112.646872339394
forecast_2342,2025-04-08 14:00:00,11923.878432584828,12127.779246593713,8836.698638905238
forecast_2343,2025-04-08 15:00:00,10132.412684514515,8776.635260705505,6678.812480691596
forecast_2344,2025-04-08 16:00:00,7542.088332353168,7533.032156831013,4620.8676819786615
forecast_2345,2025-04-08 17:00:00,4517.19468603513,4400.979818111555,3755.5928640405527
forecast_2346,2025-04-08 18:00:00,3602.623629676789,3790.045498721371,3656.213649816987
forecast_2347,2025-04-08 19:00:00,3579.454869532464,3591.0161325748113,3358.7326528030717
forecast_2348,2025-04-08 20:00:00,4003.395615120422,3953.8236123305496,3261.6402413459978
forecast_2349,2025-04-08 21:00:00,3871.506073372707,3790.4569758797197,2683.225504476293
forecast_2350,2025-04-08 22:00:00,3377.3429259440454,3210.159404521845,2841.2693275276965
forecast_2351,2025-04-08 23:00:00,3548.2279082977097,3370.630559921048,3027.6047304577587
forecast_2352,2025-04-09 00:00:00,3266.45159900745,3292.098322771184,3161.018283136605
forecast_2353,2025-04-09 01:00:00,3059.5787018574256,2878.210032094764,5875.588905459543
forecast_2354,2025-04-09 02:00:00,2905.9570188854195,3430.302347591992,3881.785696665819
forecast_2355,2025-04-09 03:00:00,2965.7731773879314,3453.2466174073834,5482.155172953588
forecast_2356,2025-04-09 04:00:00,2996.726102487388,2680.7277209104145,2561.4549334442886
forecast_2357,2025-04-09 05:00:00,3086.9899243504983,3030.0959980837215,3102.12305022735
forecast_2358,2025-04-09 06:00:00,3267.505457277025,3007.912458986444,3728.10171260771
forecast_2359,2025-04-09 07:00:00,3395.4229030283036,3188.1908008869623,4428.392505536076
forecast_2360,2025-04-09 08:00:00,3187.1303881004583,3194.1622213518667,2790.6827136978623
forecast_2361,2025-04-09 09:00:00,3596.2797828746548,3768.6250199018928,3224.763694659321
forecast_2362,2025-04-09 10:00:00,3859.126846409719,3568.719209331082,3739.596614269918
forecast_2363,2025-04-09 11:00:00,3467.543009244726,3672.6533938004904,3532.4788566646876
forecast_2364,2025-04-09 12:00:00,3492.473336656553,3492.097882429072,3290.3569375716907
forecast_2365,2025-04-09 13:00:00,3879.366657201981,4117.112707202607,3326.184183127281
forecast_2366,2025-04-09 14:00:00,3892.5009372038926,3832.0501993277844,3644.250135577608
forecast_2367,2025-04-09 15:00:00,4196.496906615829,4806.151000079423,3764.9756521653435
forecast_2368,2025-04-09 16:00:00,4413.963461135638,4935.912507903295,4356.819944840072
forecast_2369,2025-04-09 17:00:00,5504.301613385443,6224.491982270051,4762.143317336548
forecast_2370,2025-04-09 18:00:00,5608.740099304426,6106.830208570708,4661.79687251563
forecast_2371,2025-04-09 19:00:00,6218.425786837122,7393.326625102766,5083.841133219996
forecast_2372,2025-04-09 20:00:00,7076.192133834783,7555.280941019665,4775.041436254564
forecast_2373,2025-04-09 21:00:00,5283.230681279208,5641.919152830244,5110.945560647124
forecast_2374,2025-04-09 22:00:00,7182.4071552138375,10095.749060385413,4883.642153544866
forecast_2375,2025-04-09 23:00:00,6621.026945324084,10463.692223817305,5469.992686576459
forecast_2376,2025-04-10 00:00:00,10521.427207970753,10825.924515894538,6229.29133623117
forecast_2377,2025-04-10 01:00:00,7419.877559333334,7608.849588026726,5337.52397932078
forecast_2378,2025-04-10 02:00:00,8544.492935217906,8796.424762903645,5936.990372712743
forecast_2379,2025-04-10 03:00:00,9249.43958130883,9249.793643755773,6401.128256822825
forecast_2380,2025-04-10 04:00:00,8571.49976809612,8820.43827900762,6037.9897320321425
forecast_2381,2025-04-10 05:00:00,7171.291035245507,7621.243439896905,5149.626790695614
forecast_2382,2025-04-10 06:00:00,6917.000016052776,7261.770214772972,4725.1490706919785
forecast_2383,2025-04-10 07:00:00,6730.396140624951,8070.120287314486,4305.852811108457
forecast_2384,2025-04-10 08:00:00,5965.5739590753155,5970.8664641172745,4030.3955670916107
forecast_2385,2025-04-10 09:00:00,5379.047845623072,5777.32591238366,3770.2008100275903
forecast_2386,2025-04-10 10:00:00,4996.58272738449,5235.680744262856,3715.6993043173425
forecast_2387,2025-04-10 11:00:00,5501.877394822238,5194.289636730115,3728.7727996091994
forecast_2388,2025-04-10 12:00:00,3806.77727325402,3973.506587855082,3441.8787712375206
forecast_2389,2025-04-10 13:00:00,3544.751600405619,3653.954868680327,3417.5496828536316
forecast_2390,2025-04-10 14:00:00,3587.6667801970652,3680.0499734970144,2844.133022152499
forecast_2391,2025-04-10 15:00:00,3827.248424099227,3838.9433248797595,3782.8931654315984
forecast_2392,2025-04-10 16:00:00,3849.352935850145,3477.084165961595,3592.333078279562
forecast_2393,2025-04-10 17:00:00,3840.24869242507,3830.722453143557,3529.8796795177395
forecast_2394,2025-04-10 18:00:00,4138.809149153708,4258.426414077969,3483.395358516919
forecast_2395,2025-04-10 19:00:00,3646.253006779216,3867.474910559903,3399.7238969349737
forecast_2396,2025-04-10 20:00:00,3877.785803709305,3845.1892314150946,3360.799527727594
forecast_2397,2025-04-10 21:00:00,3789.7047465716437,3904.229398915083,3400.8766982410557
forecast_2398,2025-04-10 22:00:00,4108.815131000994,4183.067133415675,3422.028116019468
forecast_2399,2025-04-10 23:00:00,3871.9279275938575,3896.590905561626,3693.561881417255
forecast_2400,2025-04-11 00:00:00,3931.765976313744,3875.838947663983,3760.086774010217
forecast_2401,2025-04-11 01:00:00,3912.9004622224033,3402.5069134924165,3236.278596849098
forecast_2402,2025-04-11 02:00:00,3699.1764409143434,3490.1956406161344,3199.819832175257
forecast_2403,2025-04-11 03:00:00,3479.590734298401,3532.875587397082,3114.7290030437466
forecast_2404,2025-04-11 04:00:00,3518.3503575515424,3490.4782600407125,3243.4641858284303
forecast_2405,2025-04-11 05:00:00,3828.082288786546,3528.0605433931837,3263.1129833463474
forecast_2406,2025-04-11 06:00:00,3647.4273938568867,3519.0542548425224,3069.349918520959
forecast_2407,2025-04-11 07:00:00,3635.9994480714067,3417.4529021992853,3028.726692627196
forecast_2408,2025-04-11 08:00:00,3660.623574571393,3421.237029404578,2497.368655417416
forecast_2409,2025-04-11 09:00:00,3685.4522867602454,3197.951986202916,2106.400935938021
forecast_2410,2025-04-11 10:00:00,3709.1459894655272,3231.592318667321,34.37236839960002
forecast_2411,2025-04-11 11:00:00,2750.9586624912126,2919.778369510776,71.60464883189148
forecast_2412,2025-04-11 12:00:00,157.4164427003598,2498.678168284494,144.70182551864156
forecast_2413,2025-04-11 13:00:00,265.63910036134325,299.96509878256586,226.39421974051749
forecast_2414,2025-04-11 14:00:00,3113.4544762926703,2787.312593992049,2501.669177968467
forecast_2415,2025-04-11 15:00:00,3086.5028686660075,3452.399487607805,3187.6796962035705
forecast_2416,2025-04-11 16:00:00,3860.5243237136183,3878.391282762776,3077.064648811257
forecast_2417,2025-04-11 17:00:00,4085.3494227340434,3933.2457201144407,2958.9346512199054
forecast_2418,2025-04-11 18:00:00,3850.1968075750015,3588.0191085894085,2926.6619290440967
forecast_2419,2025-04-11 19:00:00,3734.35059585846,3559.252568972319,3239.8338548476395
forecast_2420,2025-04-11 20:00:00,4944.81158211963,3907.14481576309,3807.821910829004
forecast_2421,2025-04-11 21:00:00,3957.199486862257,3919.7326803773485,3544.86750257707
forecast_2422,2025-04-11 22:00:00,4248.370594880136,4482.855046552825,3604.346675027474
forecast_2423,2025-04-11 23:00:00,4024.449459907566,4039.4185416803466,3780.9311359295343
forecast_2424,2025-04-12 00:00:00,4581.759441695965,4178.83454175477,3800.685143279329
forecast_2425,2025-04-12 01:00:00,3804.2041197442413,4060.164701250906,3490.866879084646
forecast_2426,2025-04-12 02:00:00,3885.503664674483,3836.8602982850757,3747.913665627597
forecast_2427,2025-04-12 03:00:00,4025.0905759887264,4004.697265524075,3389.351556094945
forecast_2428,2025-04-12 04:00:00,4795.288309908129,5299.069583625969,3771.400600070977
forecast_2429,2025-04-12 05:00:00,6261.605825440113,6047.955977120906,4093.0118289741063
forecast_2430,2025-04-12 06:00:00,4987.180265916901,5004.753802741694,3897.055473322759
forecast_2431,2025-04-12 07:00:00,5283.843056980058,5754.987800597817,4148.206294270672
forecast_2432,2025-04-12 08:00:00,5300.926972294366,8890.627600122236,5588.662383372579
forecast_2433,2025-04-12 09:00:00,6897.437392584513,8926.334770296198,6584.176324923295
forecast_2434,2025-04-12 10:00:00,9213.220549802236,9949.979158298203,7633.1489226133635
forecast_2435,2025-04-12 11:00:00,8374.430132427273,10350.916505551404,8178.873721617223
forecast_2436,2025-04-12 12:00:00,13522.88542871604,13999.488886736948,8734.480304924979
forecast_2437,2025-04-12 13:00:00,13280.396649748474,13675.700626233333,9507.655258889901
forecast_2438,2025-04-12 14:00:00,9758.01915070101,13576.432240235605,9180.404173947012
forecast_2439,2025-04-12 15:00:00,8743.523114329895,13909.771078005011,10517.420466468437
forecast_2440,2025-04-12 16:00:00,9538.015151443256,10889.774728945617,9634.896975245654
forecast_2441,2025-04-12 17:00:00,10255.37856861036,10834.203487240802,9280.529179781102
forecast_2442,2025-04-12 18:00:00,12038.829528483604,12888.506967641719,9961.062356760216
forecast_2443,2025-04-12 19:00:00,13787.054503827652,14941.859861855679,12172.539362908514
forecast_2444,2025-04-12 20:00:00,16233.38160841519,16072.801584703038,13381.836278963452
forecast_2445,2025-04-12 21:00:00,17232.802951555237,17436.029225981933,14822.041035507285
forecast_2446,2025-04-12 22:00:00,16993.693763609313,17796.76547646875,17167.724710585935
forecast_2447,2025-04-12 23:00:00,17730.44590476328,18244.54531309226,17351.405838993993
forecast_2448,2025-04-13 00:00:00,17700.639949618533,18708.15586308654,17811.165083716496
forecast_2449,2025-04-13 01:00:00,15218.743748562349,15933.40171758387,14581.635588397492
forecast_2450,2025-04-13 02:00:00,15879.918688736367,17764.179990622237,15346.56266195378
forecast_2451,2025-04-13 03:00:00,16754.250652556184,17994.257478193747,15873.091162548675
forecast_2452,2025-04-13 04:00:00,17059.579842950297,19180.827110640093,16224.302124458374
forecast_2453,2025-04-13 05:00:00,17273.546874103115,18638.772501734566,17178.660613897784
forecast_2454,2025-04-13 06:00:00,17847.76022644747,18937.110486030564,17991.53514429061
forecast_2455,2025-04-13 07:00:00,18163.19471016631,19241.098757971813,18379.280039919555
forecast_2456,2025-04-13 08:00:00,18498.979033741864,19877.035600054624,19323.71302446936
forecast_2457,2025-04-13 09:00:00,18461.178142855857,19331.308920507876,19323.069056500335
forecast_2458,2025-04-13 10:00:00,18065.38836147048,19121.560775648915,19326.37202141299
forecast_2459,2025-04-13 11:00:00,17895.83517817563,18985.542392269017,19323.557878571504
forecast_2460,2025-04-13 12:00:00,17809.784640930764,18848.140753449537,18362.091968105236
forecast_2461,2025-04-13 13:00:00,17719.034573995756,18751.1644138644,18601.30653110448
forecast_2462,2025-04-13 14:00:00,17710.027865965872,18661.68302248625,18484.60008216283
forecast_2463,2025-04-13 15:00:00,17603.277910777,18838.735833766,18366.651378061968
forecast_2464,2025-04-13 16:00:00,17696.484189202754,18940.93656470656,18365.559210292755
forecast_2465,2025-04-13 17:00:00,17505.92197363558,19342.318566401787,18430.02035721762
forecast_2466,2025-04-13 18:00:00,18398.5678920022,19876.781885081527,18697.3528350984
forecast_2467,2025-04-13 19:00:00,18639.509225597736,19884.06062464065,18403.628650333292
forecast_2468,2025-04-13 20:00:00,18626.53548159911,19281.919408424328,18659.368469336492
forecast_2469,2025-04-13 21:00:00,18256.790405345982,18899.075027789404,18668.37329605333
forecast_2470,2025-04-13 22:00:00,17785.00766636153,18411.021376584926,18168.961623842355
forecast_2471,2025-04-13 23:00:00,17622.6972144437,18622.38758118201,17941.32896096874
forecast_2472,2025-04-14 00:00:00,17502.388048866855,18014.9970251743,17724.74722064142
forecast_2473,2025-04-14 01:00:00,12185.61178940735,13328.952468596817,12824.245445533368
forecast_2474,2025-04-14 02:00:00,12750.06449177346,15357.553515968784,9547.015059661539
forecast_2475,2025-04-14 03:00:00,10918.569007023729,11279.882996238528,6975.7472150902495
forecast_2476,2025-04-14 04:00:00,8733.439237918179,11429.955620459466,6679.241496825038
forecast_2477,2025-04-14 05:00:00,7233.868392057722,9148.401007186505,6037.144127595809
forecast_2478,2025-04-14 06:00:00,6685.57996631471,6910.158357463323,5008.44842683208
forecast_2479,2025-04-14 07:00:00,6147.486298473763,6535.58601529823,3815.8176871477976
forecast_2480,2025-04-14 08:00:00,5198.435585533081,5410.049104448869,3829.112880515303
forecast_2481,2025-04-14 09:00:00,4393.793886140159,4416.076202449909,3296.176679890364
forecast_2482,2025-04-14 10:00:00,3694.4044003503477,3816.5943053422275,3237.476468639541
forecast_2483,2025-04-14 11:00:00,3857.4369480966275,3607.675330684151,3163.4014749983958
forecast_2484,2025-04-14 12:00:00,3904.6260183739478,3743.978920820061,3294.801413672168
forecast_2485,2025-04-14 13:00:00,3648.1565736217935,3794.5049940524063,3254.412415620892
forecast_2486,2025-04-14 14:00:00,3121.272600861459,3266.2452717841657,2726.4627616069215
forecast_2487,2025-04-14 15:00:00,3141.224816019526,3202.328336541087,3367.202769766889
forecast_2488,2025-04-14 16:00:00,3351.588070888606,3538.08371060622,3445.3483112465337
forecast_2489,2025-04-14 17:00:00,2906.666890945421,3047.209677330615,2810.137565137803
forecast_2490,2025-04-14 18:00:00,3305.1852628364963,3376.504228880276,3020.062821604545
forecast_2491,2025-04-14 19:00:00,4247.375336937009,4360.330302079956,3339.521549395304
forecast_2492,2025-04-14 20:00:00,4468.079962209873,4501.111642205295,3415.698783291433
forecast_2493,2025-04-14 21:00:00,4557.843408719876,6408.961297733377,3490.378397210428
forecast_2494,2025-04-14 22:00:00,5041.311623165064,5776.303497601055,3682.198206306137
forecast_2495,2025-04-14 23:00:00,5188.521366953226,5120.268808844554,3648.11159019698
forecast_2496,2025-04-15 00:00:00,5088.4809933265715,5058.533809100775,3589.9111156614576
forecast_2497,2025-04-15 01:00:00,7039.399542856852,7263.40036278896,5084.934457842013
forecast_2498,2025-04-15 02:00:00,6695.419914486176,7791.598509771312,5214.234228925277
forecast_2499,2025-04-15 03:00:00,7329.213774871519,7615.307411578435,5269.084963136804
forecast_2500,2025-04-15 04:00:00,8353.783747268322,8217.618171199776,5214.313128760088
forecast_2501,2025-04-15 05:00:00,6636.036267818432,8494.562539360246,4980.090844104749
forecast_2502,2025-04-15 06:00:00,7263.628813245933,7128.924330578741,5362.800182581048
forecast_2503,2025-04-15 07:00:00,7730.383437270995,9400.570162349204,5395.322704104385
forecast_2504,2025-04-15 08:00:00,7504.977779916637,7635.163287118561,6049.260681607808
forecast_2505,2025-04-15 09:00:00,7691.6057720168055,7400.895912335558,5343.060504921667
forecast_2506,2025-04-15 10:00:00,8064.59151758287,7938.902705382856,6664.246709566019
forecast_2507,2025-04-15 11:00:00,8415.515980672222,7980.788675493281,6320.559161806055
forecast_2508,2025-04-15 12:00:00,8325.777013648618,8430.72438786244,7010.750223763018
forecast_2509,2025-04-15 13:00:00,8411.760368936593,7994.509239001825,7233.802534862232
forecast_2510,2025-04-15 14:00:00,9518.455602995991,9343.714678251908,7964.040489401238
forecast_2511,2025-04-15 15:00:00,11782.334066697415,10788.08104180909,9238.406187832008
forecast_2512,2025-04-15 16:00:00,12307.291011631436,11945.941853498072,9602.644811472475
forecast_2513,2025-04-15 17:00:00,12809.691031475595,11906.89565033202,10413.188721805454
forecast_2514,2025-04-15 18:00:00,12747.313080724856,12639.887666615954,10497.651044402572
forecast_2515,2025-04-15 19:00:00,13205.493861134211,13472.810129560912,11455.49697567905
forecast_2516,2025-04-15 20:00:00,14382.927408489546,14879.457179101417,11914.630117011178
forecast_2517,2025-04-15 21:00:00,14736.82731966676,16763.139498043172,14260.702786634554
forecast_2518,2025-04-15 22:00:00,16191.338226684433,17153.534887439462,14875.369032719413
forecast_2519,2025-04-15 23:00:00,16710.732627141657,18344.73023007317,15679.272855471358
forecast_2520,2025-04-16 00:00:00,16845.820761137486,18065.248660813366,15666.160941457774
forecast_2521,2025-04-16 01:00:00,17942.79211607565,18158.808798881968,15257.773899181535
forecast_2522,2025-04-16 02:00:00,17964.073473834338,18820.390474892705,15057.643623588148
forecast_2523,2025-04-16 03:00:00,17822.164851273355,18773.59562190317,14904.215036101134
forecast_2524,2025-04-16 04:00:00,16991.084525782982,18179.7437814255,15267.57685782163
forecast_2525,2025-04-16 05:00:00,18163.46255895459,18766.876254626386,15305.687230027273
forecast_2526,2025-04-16 06:00:00,16829.31865432774,18505.737942688727,14669.359622954169
forecast_2527,2025-04-16 07:00:00,15911.694581930968,16562.5064355742,13990.209121629565
forecast_2528,2025-04-16 08:00:00,14066.573409042128,15053.939763656537,12765.181005827702
forecast_2529,2025-04-16 09:00:00,11587.66185543899,13526.863333239053,11428.825295814502
forecast_2530,2025-04-16 10:00:00,10199.91134847751,12173.229788731896,10541.177622111592
forecast_2531,2025-04-16 11:00:00,10988.682878804395,10914.345715824282,9957.631826476747
forecast_2532,2025-04-16 12:00:00,11769.170222893048,12094.487563671015,10424.392546539424
forecast_2533,2025-04-16 13:00:00,13800.427022627437,14246.887327685963,12522.353814131342
forecast_2534,2025-04-16 14:00:00,15145.513686675231,15555.605565051024,14198.232771249308
forecast_2535,2025-04-16 15:00:00,15844.96322441367,16421.68023947518,15130.15437659139
forecast_2536,2025-04-16 16:00:00,16483.256632828376,17231.77335953257,15831.819289961773
forecast_2537,2025-04-16 17:00:00,17142.227596023775,17686.08438934563,16562.20117764379
forecast_2538,2025-04-16 18:00:00,17613.617086612707,18605.26968061082,17897.415868271863
forecast_2539,2025-04-16 19:00:00,17932.54470135719,18685.976371151828,18324.590041451615
forecast_2540,2025-04-16 20:00:00,18154.482688554952,19138.84455478085,18577.267089538527
forecast_2541,2025-04-16 21:00:00,17798.267745257577,18794.980375560153,18534.531208512428
forecast_2542,2025-04-16 22:00:00,18250.69532200705,18973.25572195515,18484.020484586483
forecast_2543,2025-04-16 23:00:00,18392.731129088315,19238.860899332652,18536.31150638959
forecast_2544,2025-04-17 00:00:00,18932.01495599091,19442.08965281676,19339.446478461607
forecast_2545,2025-04-17 01:00:00,19872.479483959458,19873.05161886977,19347.78858820037
forecast_2546,2025-04-17 02:00:00,19887.91520437155,19877.790878090545,19349.926609040536
forecast_2547,2025-04-17 03:00:00,18926.7274683974,18930.175351353228,18057.59339998094
forecast_2548,2025-04-17 04:00:00,16887.410452350163,17628.615451440302,17903.030669975506
forecast_2549,2025-04-17 05:00:00,16215.765220697649,16887.7042421249,16907.448712872418
forecast_2550,2025-04-17 06:00:00,16234.888676490256,17054.523612412475,16244.36676390688
forecast_2551,2025-04-17 07:00:00,15098.515664217055,17516.83112381729,16786.749211908886
forecast_2552,2025-04-17 08:00:00,13655.313412434083,16331.414781699676,15523.352865673462
forecast_2553,2025-04-17 09:00:00,13856.763960171067,16046.568050689908,12246.4948481205
forecast_2554,2025-04-17 10:00:00,12640.58575999333,14625.369588781174,10018.780783969789
forecast_2555,2025-04-17 11:00:00,10706.214882647513,10950.967495100498,8677.219874428254
forecast_2556,2025-04-17 12:00:00,6689.826955339173,9913.44978065765,7535.770686885509
forecast_2557,2025-04-17 13:00:00,10134.573109002255,10355.170737303124,7297.175096033864
forecast_2558,2025-04-17 14:00:00,7768.848109979443,8717.953760717288,7707.223528619655
forecast_2559,2025-04-17 15:00:00,8447.985002953534,9876.331599493535,9086.52927768616
forecast_2560,2025-04-17 16:00:00,9935.463527350452,11237.842643859312,10730.945430341519
forecast_2561,2025-04-17 17:00:00,11076.056853195747,13617.243203116006,11524.989794816778
forecast_2562,2025-04-17 18:00:00,12130.852430640993,14514.58274688977,12179.313491637764
forecast_2563,2025-04-17 19:00:00,12488.610159905635,14791.963822300846,12479.518605892164
forecast_2564,2025-04-17 20:00:00,12432.822179668252,15697.175114691372,12785.884447223621
forecast_2565,2025-04-17 21:00:00,12594.721334217822,15800.607892949016,12295.36360401265
forecast_2566,2025-04-17 22:00:00,12381.455729094161,15294.372635596737,11447.436201705332
forecast_2567,2025-04-17 23:00:00,14312.71353512988,16837.132305032712,13910.358877004463
forecast_2568,2025-04-18 00:00:00,15991.837831380391,17789.8295859183,14212.670747811844
forecast_2569,2025-04-18 01:00:00,17646.482281055705,19093.49302194471,17819.505449676682
forecast_2570,2025-04-18 02:00:00,17639.485895635582,19002.333076984934,18179.39707678678
forecast_2571,2025-04-18 03:00:00,18472.022890131957,19279.739476134724,18416.293961475647
forecast_2572,2025-04-18 04:00:00,18117.003496893823,19708.381637173356,18390.51142494846
forecast_2573,2025-04-18 05:00:00,18083.871164635057,18934.917133485233,16606.75988943379
forecast_2574,2025-04-18 06:00:00,17110.979276910763,18054.97901624993,14608.655142887857
forecast_2575,2025-04-18 07:00:00,15138.445435684856,17766.217282794336,13783.531384949563
forecast_2576,2025-04-18 08:00:00,14776.581677762857,15397.394403738348,12896.560300779825
forecast_2577,2025-04-18 09:00:00,12789.047543037692,14042.573666417155,11648.171644375063
forecast_2578,2025-04-18 10:00:00,13258.851353708807,12594.752697917556,11924.858642943222
forecast_2579,2025-04-18 11:00:00,10472.876765706149,11441.826804215809,10358.18730539833
forecast_2580,2025-04-18 12:00:00,9971.72392265885,10419.09380997316,9466.260812547313
forecast_2581,2025-04-18 13:00:00,9092.604280268246,9318.909708441503,8543.863478158977
forecast_2582,2025-04-18 14:00:00,8210.659814555036,8386.836855900865,8285.778309233281
forecast_2583,2025-04-18 15:00:00,7668.985587073916,8200.850003724092,7187.566237355755
forecast_2584,2025-04-18 16:00:00,7573.53513018503,8336.36739746705,6328.874552518313
forecast_2585,2025-04-18 17:00:00,7723.510477149794,7276.699001512586,6608.477324149725
forecast_2586,2025-04-18 18:00:00,8052.3850894813395,8459.55189395801,7021.182067549759
forecast_2587,2025-04-18 19:00:00,9591.979794372792,10169.918165114887,8459.45959169581
forecast_2588,2025-04-18 20:00:00,10552.478084608554,11311.479865595782,9482.998352806595
forecast_2589,2025-04-18 21:00:00,10733.347403206732,12379.969712217193,10927.422669317039
forecast_2590,2025-04-18 22:00:00,10431.833674052408,12120.634238582814,10428.809254692093
forecast_2591,2025-04-18 23:00:00,9924.299849303574,15618.590381623613,9349.693881771398
forecast_2592,2025-04-19 00:00:00,9478.244380815748,10603.196659043704,8657.087657789576
forecast_2593,2025-04-19 01:00:00,10169.95947949075,13299.996598475866,10389.39512753991
forecast_2594,2025-04-19 02:00:00,11624.925267072156,14217.617726363265,11468.400645690997
forecast_2595,2025-04-19 03:00:00,14170.174593764259,15822.42481750771,12383.847793358016
forecast_2596,2025-04-19 04:00:00,14373.684166215926,15624.192755536073,12501.424703941888
forecast_2597,2025-04-19 05:00:00,13799.779073611791,14981.768585701673,11731.827205899188
forecast_2598,2025-04-19 06:00:00,12596.24160057282,14539.179844005881,11070.712602552388
forecast_2599,2025-04-19 07:00:00,12062.348497893094,12835.624616679292,11029.637038978268
forecast_2600,2025-04-19 08:00:00,12831.010478916605,13057.545331127287,9940.738398385813
forecast_2601,2025-04-19 09:00:00,11786.101574232596,13219.657896253131,9426.774539403812
forecast_2602,2025-04-19 10:00:00,11415.870024681548,13328.354944373694,9593.234301674916
forecast_2603,2025-04-19 11:00:00,12721.00865311653,13879.397461536046,11517.578327150492
forecast_2604,2025-04-19 12:00:00,14248.478729951647,15868.32204783356,13136.323724058157
forecast_2605,2025-04-19 13:00:00,14686.362287799964,17071.116163960512,14722.66271710238
forecast_2606,2025-04-19 14:00:00,15110.009812262975,17445.31377439031,16233.183911088561
forecast_2607,2025-04-19 15:00:00,15480.36925739118,17600.527551976942,16535.038173847457
forecast_2608,2025-04-19 16:00:00,17143.551609207985,17928.73880441485,17154.065668333533
forecast_2609,2025-04-19 17:00:00,17317.158458322476,18546.456005818553,17465.032001917287
forecast_2610,2025-04-19 18:00:00,17498.442270971114,18745.62384721386,17607.87787833579
forecast_2611,2025-04-19 19:00:00,17576.758344785696,18872.90236369267,16984.724377887247
forecast_2612,2025-04-19 20:00:00,17189.45204223236,17770.779334734678,17318.289647441517
forecast_2613,2025-04-19 21:00:00,16510.228891663846,16930.46350482209,16225.408706888818
forecast_2614,2025-04-19 22:00:00,13819.426022707234,15005.585803908909,14948.979371582598
forecast_2615,2025-04-19 23:00:00,12028.223751421341,14165.838596458321,10363.06341554211
forecast_2616,2025-04-20 00:00:00,10915.393624510265,11663.65270485256,8697.824103164456
forecast_2617,2025-04-20 01:00:00,9033.631178153759,9547.619638365755,6691.998571242369
forecast_2618,2025-04-20 02:00:00,8016.543851855953,9597.929947831713,5398.23188610329
forecast_2619,2025-04-20 03:00:00,5856.260607106256,6789.325937839745,4172.840161295639
forecast_2620,2025-04-20 04:00:00,4620.294972911001,4481.331783460546,3513.0784910860116
forecast_2621,2025-04-20 05:00:00,3790.674891274338,3854.928386911609,3383.070164227613
forecast_2622,2025-04-20 06:00:00,3364.071056449666,3430.7415140334415,3225.247722676233
forecast_2623,2025-04-20 07:00:00,3536.643928128363,2563.9417520137545,2404.5070360691193
forecast_2624,2025-04-20 08:00:00,2910.6953746653185,3949.130024875756,2215.1974124781013
forecast_2625,2025-04-20 09:00:00,2913.7113388591974,3694.113792054564,2116.3273072358816
forecast_2626,2025-04-20 10:00:00,2892.3660939235674,2929.937516583459,2473.5316453144733
forecast_2627,2025-04-20 11:00:00,4115.501626496956,3670.120126825109,2487.8487180200245
forecast_2628,2025-04-20 12:00:00,5618.595979126937,3156.1556706094007,186.5856818548124
forecast_2629,2025-04-20 13:00:00,5808.7804607896815,3169.5173150896408,243.41701700938341
forecast_2630,2025-04-20 14:00:00,347.6087055262608,2340.1136771689203,320.81634569935767
forecast_2631,2025-04-20 15:00:00,7723.116746605238,2365.016302111794,340.7623720615003
forecast_2632,2025-04-20 16:00:00,7172.153465851936,4850.014409743338,287.6029261309905
forecast_2633,2025-04-20 17:00:00,2900.8086307122235,2707.2093301437744,234.66729197503432
forecast_2634,2025-04-20 18:00:00,2889.8394686179117,2729.462275300594,2412.6595338843294
forecast_2635,2025-04-20 19:00:00,2949.7469505918907,2822.8738652397647,2478.065912641171
forecast_2636,2025-04-20 20:00:00,2849.779136668986,2735.631023588385,3199.1621336452545
forecast_2637,2025-04-20 21:00:00,3453.798902138625,2801.1485701057377,3185.490706793031
forecast_2638,2025-04-20 22:00:00,3380.470521249295,2750.0069185067105,6771.959671839369
forecast_2639,2025-04-20 23:00:00,3434.3525573871198,3267.551182552955,3280.8424159475617
forecast_2640,2025-04-21 00:00:00,3349.776963193436,3213.1819397001773,6541.649308776044
forecast_2641,2025-04-21 01:00:00,2927.031135051833,3176.246921321695,2867.922424765009
forecast_2642,2025-04-21 02:00:00,3025.0282120486927,3312.4903653551974,2553.2220717607447
forecast_2643,2025-04-21 03:00:00,3008.833141703429,2723.300718413568,2390.376433104648
forecast_2644,2025-04-21 04:00:00,3279.2813729148775,2898.5011383597225,2758.3627923847466
forecast_2645,2025-04-21 05:00:00,3379.209990199027,3082.9372671918886,2291.840726567628
forecast_2646,2025-04-21 06:00:00,3484.3363915977843,3268.118545319058,2360.835776818806
forecast_2647,2025-04-21 07:00:00,3260.5511839996875,3375.3224436636597,2746.4485068706294
forecast_2648,2025-04-21 08:00:00,3326.043429073336,3259.0316743843987,2747.3466402349245
forecast_2649,2025-04-21 09:00:00,3298.103869769569,3190.488102461442,3127.2057316927003
forecast_2650,2025-04-21 10:00:00,2938.1152719217507,3544.921982841201,3249.9300268499146
forecast_2651,2025-04-21 11:00:00,3392.4423556925967,3550.085306876313,3739.514992051419
forecast_2652,2025-04-21 12:00:00,3790.186392265048,3713.9990536272226,3776.7990619307748
forecast_2653,2025-04-21 13:00:00,3522.4749591455143,4054.3145644923397,3455.984380461412
forecast_2654,2025-04-21 14:00:00,3489.6359418497805,3389.3407965946976,3377.151438598679
forecast_2655,2025-04-21 15:00:00,3471.8652423707017,3720.015859754426,3671.9789032095377
forecast_2656,2025-04-21 16:00:00,3572.1950402890325,3585.3649135220203,3683.8191961897637
forecast_2657,2025-04-21 17:00:00,3745.42834182832,3833.71900223233,3383.0613713655694
forecast_2658,2025-04-21 18:00:00,3820.630550811208,3863.31733837361,3207.6067674305505
forecast_2659,2025-04-21 19:00:00,3793.685370180783,3846.315408514972,3982.937120730925
forecast_2660,2025-04-21 20:00:00,5077.307816570573,5653.776267561062,3786.0954223134663
forecast_2661,2025-04-21 21:00:00,6382.113503454357,7082.5065814745785,4949.473364129024
forecast_2662,2025-04-21 22:00:00,8659.734040756255,8960.592296227507,4962.924902476472
forecast_2663,2025-04-21 23:00:00,8343.201946951993,8889.12910202382,6369.849413460917
forecast_2664,2025-04-22 00:00:00,8876.276866191414,9861.11262553086,6559.925823975702
forecast_2665,2025-04-22 01:00:00,9262.263924289085,11586.601661795867,6424.907674592617
forecast_2666,2025-04-22 02:00:00,9794.951253719228,10601.848133183123,5995.238536551929
forecast_2667,2025-04-22 03:00:00,7686.313813100904,9749.98458587039,5165.669515208509
forecast_2668,2025-04-22 04:00:00,6966.9334750175185,8946.088961018066,4595.591684029863
forecast_2669,2025-04-22 05:00:00,7247.221458332444,8975.095009460076,4197.264029154803
forecast_2670,2025-04-22 06:00:00,7640.699486312852,7887.954658987316,4094.6580467576523
forecast_2671,2025-04-22 07:00:00,3830.2759058571924,3634.561881788334,3806.9551665109175
forecast_2672,2025-04-22 08:00:00,4289.848973972936,4803.466547147864,3810.772624672792
forecast_2673,2025-04-22 09:00:00,6319.744067575308,7496.581321144356,5725.688198658
forecast_2674,2025-04-22 10:00:00,7479.642967237526,9632.569548964128,7193.944843908142
forecast_2675,2025-04-22 11:00:00,9039.86450698674,10822.986929837036,7259.733094758163
forecast_2676,2025-04-22 12:00:00,9129.660035685087,10365.547419291774,8008.312948031513
forecast_2677,2025-04-22 13:00:00,8938.339515551099,10432.411941225244,7429.113782738548
forecast_2678,2025-04-22 14:00:00,7833.753112780781,11227.714866826227,6339.839680242555
forecast_2679,2025-04-22 15:00:00,5129.048372408912,5603.051882367206,4830.935934002309
forecast_2680,2025-04-22 16:00:00,4281.13005954565,4308.401147285702,3609.9515595192947
forecast_2681,2025-04-22 17:00:00,3364.6564419061915,3573.589595063397,3551.023222745743
forecast_2682,2025-04-22 18:00:00,3823.894040067879,3428.159135468357,3540.040180490598
forecast_2683,2025-04-22 19:00:00,3978.8088845498824,4169.346425319303,3714.792603931044
forecast_2684,2025-04-22 20:00:00,4420.716208087228,4677.678860497988,3746.8569108389056
forecast_2685,2025-04-22 21:00:00,4068.429960650626,4759.6268606925,3786.602739615269
forecast_2686,2025-04-22 22:00:00,4606.781306675789,4751.813037911975,3791.6001731714878
forecast_2687,2025-04-22 23:00:00,4360.585763963389,4504.108060037689,3548.6264682886663
forecast_2688,2025-04-23 00:00:00,4707.792817966863,5054.518764357397,3758.792059560511
forecast_2689,2025-04-23 01:00:00,6736.1228586002435,7333.106988190538,4882.491869119627
forecast_2690,2025-04-23 02:00:00,5710.842738941785,6151.415564899284,4450.841458395446
forecast_2691,2025-04-23 03:00:00,5291.404461505789,5534.530979828411,3784.992054831443
forecast_2692,2025-04-23 04:00:00,4422.332686318296,4701.760008995294,3741.754259862963
forecast_2693,2025-04-23 05:00:00,4254.678101580677,4499.150327656937,3706.0948414170903
forecast_2694,2025-04-23 06:00:00,3928.2773153459616,3997.445519559822,3607.2634826425096
forecast_2695,2025-04-23 07:00:00,3942.3114152012595,3743.8871888524136,3330.2113752394753
forecast_2696,2025-04-23 08:00:00,3756.4306129224724,3673.7775927804755,3494.5077310511087
forecast_2697,2025-04-23 09:00:00,3457.7924573328087,3867.5069892655642,3301.815074132767
forecast_2698,2025-04-23 10:00:00,3988.874954653944,3470.866526524702,3290.0441912377996
forecast_2699,2025-04-23 11:00:00,3885.070640793736,3440.322126808744,3932.325339959733
forecast_2700,2025-04-23 12:00:00,3403.9045195665562,3837.8907663674545,3240.9062882713397
forecast_2701,2025-04-23 13:00:00,2305.4005199890944,2401.6306286316894,111.29405264907389
forecast_2702,2025-04-23 14:00:00,6124.822688845237,2323.881810010332,143.14224534725355
forecast_2703,2025-04-23 15:00:00,5270.172824250412,6716.54160470593,2541.410210856905
forecast_2704,2025-04-23 16:00:00,3880.121937068634,3082.71573551836,3067.313897881043
forecast_2705,2025-04-23 17:00:00,3340.8864908606456,3436.107338298471,4050.703625441197
forecast_2706,2025-04-23 18:00:00,3453.5691261649345,3419.1846335968144,2794.862913832141
forecast_2707,2025-04-23 19:00:00,3637.158089557689,3662.7734465890835,3109.058998444651
forecast_2708,2025-04-23 20:00:00,5281.15735293707,5298.263760094117,3810.089875963161
forecast_2709,2025-04-23 21:00:00,4935.52543234926,5458.7805530900905,3803.3226579694624
forecast_2710,2025-04-23 22:00:00,8718.647491995735,9487.465994269585,5910.231679537389
forecast_2711,2025-04-23 23:00:00,11034.736807701349,12280.223506878798,8725.32533363342
forecast_2712,2025-04-24 00:00:00,12296.329288045905,12603.993884251513,9839.906234378283
forecast_2713,2025-04-24 01:00:00,13350.880772435816,15997.765661148653,12586.420465872838
forecast_2714,2025-04-24 02:00:00,12868.876060453991,16283.022503863198,9581.95237581912
forecast_2715,2025-04-24 03:00:00,13110.138152872438,16081.79196781449,10124.843242429983
forecast_2716,2025-04-24 04:00:00,13724.975918715481,15228.124964848996,11005.333754711006
forecast_2717,2025-04-24 05:00:00,13838.399511650015,15789.060260100685,11621.091667889668
forecast_2718,2025-04-24 06:00:00,17517.630231147414,16628.91340615687,11626.984060911042
forecast_2719,2025-04-24 07:00:00,13541.76549542869,17012.67133966082,11627.515042601095
forecast_2720,2025-04-24 08:00:00,11609.526120491992,12460.254507853966,10451.601144745975
forecast_2721,2025-04-24 09:00:00,10919.172706236417,10754.683233585632,8715.187918977756
forecast_2722,2025-04-24 10:00:00,8393.162700148765,9069.995449757093,7227.944886562696
forecast_2723,2025-04-24 11:00:00,8818.037485261768,9591.310687129773,8254.721855866734
forecast_2724,2025-04-24 12:00:00,10408.94875404222,10775.47558836297,8971.744357091431
forecast_2725,2025-04-24 13:00:00,12232.585016115836,12638.922268945666,10217.939246600223
forecast_2726,2025-04-24 14:00:00,13535.203405239738,15227.362590607429,11622.282441604197
forecast_2727,2025-04-24 15:00:00,14135.948155591903,16217.95009412838,12285.424378923122
forecast_2728,2025-04-24 16:00:00,14552.738590934656,16327.226274113318,12925.51118199089
forecast_2729,2025-04-24 17:00:00,14859.211877153308,16344.918040980592,13107.462473282185
forecast_2730,2025-04-24 18:00:00,15162.809562289476,16654.141605187375,13831.5368455388
forecast_2731,2025-04-24 19:00:00,16249.287585025222,17438.38067819356,14886.536003036206
forecast_2732,2025-04-24 20:00:00,16179.050185377533,18236.213349309106,15828.567392193721
forecast_2733,2025-04-24 21:00:00,15750.620062437456,17532.521890577482,15431.085411331167
forecast_2734,2025-04-24 22:00:00,15075.514407807319,17317.713485532062,14685.346529014825
forecast_2735,2025-04-24 23:00:00,14487.376975342177,16065.191165371303,14098.049755245045
forecast_2736,2025-04-25 00:00:00,14639.036672009013,15893.510116269254,13384.75215009781
forecast_2737,2025-04-25 01:00:00,13609.714076451917,14398.769324150446,11617.168597295218
forecast_2738,2025-04-25 02:00:00,13249.551986450604,13856.266382385098,11161.226420125655
forecast_2739,2025-04-25 03:00:00,11036.109551205034,13680.05040429864,11220.165206673082
forecast_2740,2025-04-25 04:00:00,12518.232460408153,13448.98091209222,10394.64797647932
forecast_2741,2025-04-25 05:00:00,11591.699955929784,13641.983246301827,10349.973142848507
forecast_2742,2025-04-25 06:00:00,11805.287539295661,13800.904885456637,10061.714204165624
forecast_2743,2025-04-25 07:00:00,11732.761037687536,13646.279448727622,9834.57147388161
forecast_2744,2025-04-25 08:00:00,11553.934723841614,15254.413896456092,9731.511473212484
forecast_2745,2025-04-25 09:00:00,12836.419110280038,13319.79263170269,9629.710336181568
forecast_2746,2025-04-25 10:00:00,12870.781726134053,13352.067464709475,9094.079534132732
forecast_2747,2025-04-25 11:00:00,12188.745890594615,12365.588960913075,9036.251269731625
forecast_2748,2025-04-25 12:00:00,11788.625136373976,11953.154884155098,8853.835687463195
forecast_2749,2025-04-25 13:00:00,11243.18558273927,10821.775516361928,8781.24022132268
forecast_2750,2025-04-25 14:00:00,11491.565884228436,11015.562713421476,8625.539488653296
forecast_2751,2025-04-25 15:00:00,11788.409570867383,12134.403591637743,9204.590330850679
forecast_2752,2025-04-25 16:00:00,11980.46230121583,11018.297339150486,9327.73568651525
forecast_2753,2025-04-25 17:00:00,12857.41717345858,12305.84752859359,9857.09096016584
forecast_2754,2025-04-25 18:00:00,11848.031779221032,10390.414343531113,9313.176455421988
forecast_2755,2025-04-25 19:00:00,11280.950730936609,11120.068450630777,9522.055841896836
forecast_2756,2025-04-25 20:00:00,12329.309158952832,13295.581799994485,10409.526769639839
forecast_2757,2025-04-25 21:00:00,12724.229767165052,13734.57454996138,11158.250902069407
forecast_2758,2025-04-25 22:00:00,12649.034477486033,12181.688691974505,11199.360600683773
forecast_2759,2025-04-25 23:00:00,11664.90764201784,11772.041330952277,10102.11638560245
forecast_2760,2025-04-26 00:00:00,10995.805055810704,12490.863912930008,8899.944042108744
forecast_2761,2025-04-26 01:00:00,9186.13234943676,10364.789388409356,7924.941279200986
forecast_2762,2025-04-26 02:00:00,10619.307635672922,9187.076537496407,9772.028608330571
forecast_2763,2025-04-26 03:00:00,13701.442757236204,13490.271283776288,10851.148415134934
forecast_2764,2025-04-26 04:00:00,16130.998327354484,15238.24210903062,12196.258698526697
forecast_2765,2025-04-26 05:00:00,14900.848727591634,16754.387048601446,12601.795216661754
forecast_2766,2025-04-26 06:00:00,16746.400249245944,16651.66806953502,12902.568838803432
forecast_2767,2025-04-26 07:00:00,15103.7825369196,16819.50496498699,13576.96231521337
forecast_2768,2025-04-26 08:00:00,14873.527446208245,15540.250806891521,13577.962300331801
forecast_2769,2025-04-26 09:00:00,14206.173887574842,14905.630542685982,12339.807834092593
forecast_2770,2025-04-26 10:00:00,13567.9798019355,13543.034206716988,11073.30549557894
forecast_2771,2025-04-26 11:00:00,12939.945695337492,12783.102214431277,11028.368967504648
forecast_2772,2025-04-26 12:00:00,12449.127913676473,12771.889437431433,10973.834562201353
forecast_2773,2025-04-26 13:00:00,12768.308718669898,13362.126928750022,10988.616311004787
forecast_2774,2025-04-26 14:00:00,14342.010190478,13911.881261988356,11574.66229317757
forecast_2775,2025-04-26 15:00:00,14184.694976102353,15217.056438965808,11901.056827836555
forecast_2776,2025-04-26 16:00:00,15010.691671850474,16026.819072479577,13172.171428528629
forecast_2777,2025-04-26 17:00:00,15775.273188684992,16760.997633359602,14238.318584106682
forecast_2778,2025-04-26 18:00:00,16519.595657478872,17607.332309390018,15791.155777123646
forecast_2779,2025-04-26 19:00:00,17932.92116336088,18411.953423611092,17961.02651110881
forecast_2780,2025-04-26 20:00:00,18584.48901586882,19306.323544472514,18545.409950802736
forecast_2781,2025-04-26 21:00:00,18728.48740333779,19883.141672216527,19322.40075779539
forecast_2782,2025-04-26 22:00:00,19910.8009899902,19877.079791869717,19329.73050040541
forecast_2783,2025-04-26 23:00:00,19897.34272587661,19886.907742350173,19372.711216074935
forecast_2784,2025-04-27 00:00:00,19895.304456003694,19872.303546252933,19407.47704456054
forecast_2785,2025-04-27 01:00:00,18731.99950774841,19364.954026527565,19323.08616947298
forecast_2786,2025-04-27 02:00:00,18456.11335317037,19182.952825757733,18766.479187119832
forecast_2787,2025-04-27 03:00:00,18261.127143636182,19232.755239923066,18850.324348507962
forecast_2788,2025-04-27 04:00:00,18125.406209639943,19062.38163306195,18805.166072111424
forecast_2789,2025-04-27 05:00:00,17579.2594274295,18963.907488772747,19335.29679301746
forecast_2790,2025-04-27 06:00:00,18777.665791477546,18421.83702395717,19037.48585788336
forecast_2791,2025-04-27 07:00:00,17568.094790552517,18009.876034763176,18807.67688858363
forecast_2792,2025-04-27 08:00:00,17421.4136648926,18422.896459064963,17922.56924108071
forecast_2793,2025-04-27 09:00:00,16568.02387726308,17729.11272915323,15741.894910797711
forecast_2794,2025-04-27 10:00:00,15428.199116793585,17109.660580060612,14723.665024742499
forecast_2795,2025-04-27 11:00:00,15136.888306151071,16019.571632823687,14184.617067933428
forecast_2796,2025-04-27 12:00:00,15637.428377152952,17270.630664543503,14759.101329492687
forecast_2797,2025-04-27 13:00:00,16968.46128225357,17420.09470562042,15796.09566806419
forecast_2798,2025-04-27 14:00:00,16837.793348876025,17340.9719735138,15705.359988406086
forecast_2799,2025-04-27 15:00:00,15352.727807012394,17184.532335994827,15575.516919344242
forecast_2800,2025-04-27 16:00:00,15294.849936362029,17052.172791220743,15501.222281492699
forecast_2801,2025-04-27 17:00:00,15574.992461292937,17114.62664053113,14665.029304824711
forecast_2802,2025-04-27 18:00:00,15695.119208488495,17380.81138364755,14813.6878174132
forecast_2803,2025-04-27 19:00:00,16189.413998406095,17767.77591902588,16298.969444711982
forecast_2804,2025-04-27 20:00:00,16143.654457432769,17443.961100550707,16159.24583515242
forecast_2805,2025-04-27 21:00:00,16452.856982805915,17393.95451070729,17032.465974326242
forecast_2806,2025-04-27 22:00:00,17112.342373428037,17666.365821081887,17290.09341522911
forecast_2807,2025-04-27 23:00:00,17505.291910077416,17889.087375402578,17026.7318162944
forecast_2808,2025-04-28 00:00:00,17646.26590644286,18286.341445902304,16938.693226153115
forecast_2809,2025-04-28 01:00:00,14976.314764744875,15853.482581622733,14192.285024468118
forecast_2810,2025-04-28 02:00:00,14930.764066912912,16153.61250061379,14131.196644274163
forecast_2811,2025-04-28 03:00:00,14362.966178566983,15727.513763951507,14059.737058296152
forecast_2812,2025-04-28 04:00:00,12733.430345462593,14220.936439072082,12116.950634888628
forecast_2813,2025-04-28 05:00:00,9481.715392302234,12787.700198870949,9385.130259513582
forecast_2814,2025-04-28 06:00:00,8653.413501033487,9347.787118672763,7101.635104023837
forecast_2815,2025-04-28 07:00:00,6940.239685076692,7736.203032636184,5887.29648455081
forecast_2816,2025-04-28 08:00:00,5340.930065227263,7023.652803431112,4433.037344545835
forecast_2817,2025-04-28 09:00:00,5988.33237384996,7071.234959979118,4112.48972771516
forecast_2818,2025-04-28 10:00:00,6008.630928780458,5284.118579726379,4183.012799389024
forecast_2819,2025-04-28 11:00:00,6744.965719347938,7452.15074671603,5984.069243541095
forecast_2820,2025-04-28 12:00:00,10654.034095636007,9762.879563802493,8239.174727093417
forecast_2821,2025-04-28 13:00:00,12309.880416075333,11418.683563377595,9375.070752687654
forecast_2822,2025-04-28 14:00:00,12427.74033488729,12179.107411065166,9860.181980426023
forecast_2823,2025-04-28 15:00:00,11680.441487370246,10768.119596556136,8559.547769419203
forecast_2824,2025-04-28 16:00:00,9651.319426854116,9208.805478518938,6739.03136966949
forecast_2825,2025-04-28 17:00:00,7170.031483745998,7117.7672043059265,5287.006323411069
forecast_2826,2025-04-28 18:00:00,5681.889647341459,5233.418238924493,3801.6897724710693
forecast_2827,2025-04-28 19:00:00,4285.004521541882,5184.601966020454,3766.359600081166
forecast_2828,2025-04-28 20:00:00,4476.792975170856,5757.629242553988,3948.8169453102505
forecast_2829,2025-04-28 21:00:00,7161.361086139842,5583.037914711116,3783.6965472254615
forecast_2830,2025-04-28 22:00:00,5478.897873076955,5950.1107643719,3805.4569855407813
forecast_2831,2025-04-28 23:00:00,5020.854233379679,6300.358821043019,4329.132521080546
forecast_2832,2025-04-29 00:00:00,5040.101218736532,5142.052238520362,3928.6939823367097
forecast_2833,2025-04-29 01:00:00,3800.3737932497497,3667.143976480578,3056.7458806305913
forecast_2834,2025-04-29 02:00:00,3516.342960986103,3409.879535155679,3449.0476702654883
forecast_2835,2025-04-29 03:00:00,3881.904676150888,3377.452614456992,3306.6348549211966
forecast_2836,2025-04-29 04:00:00,4031.6020254570194,3686.3265519179267,3009.544220691399
forecast_2837,2025-04-29 05:00:00,4019.743890649139,4011.9635005473106,3649.7835243343925
forecast_2838,2025-04-29 06:00:00,4481.251628439713,4054.597702898507,3865.20486448577
forecast_2839,2025-04-29 07:00:00,3914.0213921792506,3884.135501916263,3866.204445212892
forecast_2840,2025-04-29 08:00:00,5088.998808091052,5113.226532777899,4603.286920609587
forecast_2841,2025-04-29 09:00:00,5736.384245478093,5799.617514176196,5012.474353323532
forecast_2842,2025-04-29 10:00:00,6064.35796071266,5358.252273460209,4230.401696284414
forecast_2843,2025-04-29 11:00:00,6472.09858610594,5591.0057206216115,4835.039799049978
forecast_2844,2025-04-29 12:00:00,6458.413456923076,5928.860924573624,4473.175421432177
forecast_2845,2025-04-29 13:00:00,6580.44713027237,6058.388705214334,4492.189673027509
forecast_2846,2025-04-29 14:00:00,5668.104441486019,5501.923131257295,4796.796381005856
forecast_2847,2025-04-29 15:00:00,5653.653515951569,5596.346330387941,5092.090648738672
forecast_2848,2025-04-29 16:00:00,6217.5078172750855,5990.897577925189,5186.292333264738
forecast_2849,2025-04-29 17:00:00,6020.744346421246,6287.6143363336,4810.573900679875
forecast_2850,2025-04-29 18:00:00,6876.858030557921,6576.677992932867,5762.564821651802
forecast_2851,2025-04-29 19:00:00,8562.483719053917,9535.971593474316,7290.064996116899
forecast_2852,2025-04-29 20:00:00,11522.65700008239,12360.160812799926,10285.91602518402
forecast_2853,2025-04-29 21:00:00,13526.170373250876,15588.839986650888,13049.461840630904
forecast_2854,2025-04-29 22:00:00,16168.270501005696,17844.584647426687,14969.527259216398
forecast_2855,2025-04-29 23:00:00,17439.25885145763,18831.88506056893,16666.60570283714
forecast_2856,2025-04-30 00:00:00,17762.260628094617,19267.488849054185,17934.23923160272
forecast_2857,2025-04-30 01:00:00,19876.751724074944,20330.22221136144,19331.590832008726
forecast_2858,2025-04-30 02:00:00,19874.61233718918,20333.387433080577,19327.630720246238
forecast_2859,2025-04-30 03:00:00,19890.48005948778,20305.352322081366,19375.356291522334
forecast_2860,2025-04-30 04:00:00,19879.679615175643,20318.766397460353,19323.133075403355
forecast_2861,2025-04-30 05:00:00,19878.718685292235,19887.637128631195,19345.926817501055
forecast_2862,2025-04-30 06:00:00,19874.981156306832,19903.628055340232,19334.769793071926
forecast_2863,2025-04-30 07:00:00,17078.626366218883,18776.40861384354,17938.012798385225
forecast_2864,2025-04-30 08:00:00,16738.200460669897,17161.13592852394,16155.408526121972
forecast_2865,2025-04-30 09:00:00,16240.53229177675,16294.708345631498,15654.264870817155
forecast_2866,2025-04-30 10:00:00,14571.916653292792,16061.205509597203,15110.828774683276
forecast_2867,2025-04-30 11:00:00,13473.628412402793,14683.925350794621,13605.661311464744
forecast_2868,2025-04-30 12:00:00,12516.815313703135,13245.690371492055,12373.754901193652
forecast_2869,2025-04-30 13:00:00,10219.227396221017,12273.910181955891,10193.825455655939
forecast_2870,2025-04-30 14:00:00,9774.304843630272,11542.935534224218,9549.962212837014
forecast_2871,2025-04-30 15:00:00,9232.434166080982,11221.927120210721,9453.983386837366
forecast_2872,2025-04-30 16:00:00,9267.778347091715,10093.891537028318,9292.43556272708
forecast_2873,2025-04-30 17:00:00,8640.658220826414,9057.047499535685,6100.338295967059
forecast_2874,2025-04-30 18:00:00,4716.922992063081,6827.6613401811765,5066.509874642174
forecast_2875,2025-04-30 19:00:00,4510.546220349743,4878.3498534021555,4003.878112697927
forecast_2876,2025-04-30 20:00:00,5683.026353589424,7403.8485058216775,5090.605007620829
forecast_2877,2025-04-30 21:00:00,6986.216087448364,11356.751852649642,6228.598832136445
forecast_2878,2025-04-30 22:00:00,7900.649387170624,11451.488895658313,7231.501208045231
forecast_2879,2025-04-30 23:00:00,8538.150654688794,11524.907191022408,7873.906817939699
forecast_2880,2025-05-01 00:00:00,9017.457380531352,11840.021766428714,7883.4678852304205
forecast_2881,2025-05-01 01:00:00,12597.116556788575,14124.736353943654,11938.220062249486
forecast_2882,2025-05-01 02:00:00,12757.93607883666,13865.224832235679,12262.34734700806
forecast_2883,2025-05-01 03:00:00,12236.905270006706,14752.832720177637,12931.377910348003
forecast_2884,2025-05-01 04:00:00,12834.786442175293,14136.263175952385,13459.120928616048
forecast_2885,2025-05-01 05:00:00,13513.04977607761,14580.251663360574,13686.1638123524
forecast_2886,2025-05-01 06:00:00,13814.387399402664,16479.57999672689,14245.361751029386
forecast_2887,2025-05-01 07:00:00,14261.983248960978,16543.542882663478,14954.743828158062
forecast_2888,2025-05-01 08:00:00,15631.626156463259,16149.015405881639,14720.29529729793
forecast_2889,2025-05-01 09:00:00,14829.286174158307,15660.81261627813,13795.724251389129
forecast_2890,2025-05-01 10:00:00,15431.610225323915,15447.132797134094,13155.67132775839
forecast_2891,2025-05-01 11:00:00,15707.37018699588,16066.612885075483,13953.678600209028
forecast_2892,2025-05-01 12:00:00,16673.668690731363,16557.85574084711,14170.07989800752
forecast_2893,2025-05-01 13:00:00,16758.21573075188,16766.412034138695,15003.731465456389
forecast_2894,2025-05-01 14:00:00,16735.0423661845,16309.909983432324,16098.570102842723
forecast_2895,2025-05-01 15:00:00,17010.109464534937,16446.32136800655,17613.16852332519
forecast_2896,2025-05-01 16:00:00,17133.443941397592,16072.377505546781,17714.053825421182
forecast_2897,2025-05-01 17:00:00,16437.07364670668,15091.4736358105,15583.249562538937
forecast_2898,2025-05-01 18:00:00,12266.86627938849,16134.980465550578,14293.053118524003
forecast_2899,2025-05-01 19:00:00,13123.372203213461,15146.186409244166,12992.173717120348
forecast_2900,2025-05-01 20:00:00,13223.23506340555,14237.288616099198,12131.953577950479
forecast_2901,2025-05-01 21:00:00,13037.98114097133,13979.386688923085,11988.967813903431
forecast_2902,2025-05-01 22:00:00,12504.567049832003,13868.317160677485,12300.808221435282
forecast_2903,2025-05-01 23:00:00,14534.949288725677,15478.662155835564,13529.899939392684
forecast_2904,2025-05-02 00:00:00,14992.830159170362,16806.12382156228,14468.188635855544
forecast_2905,2025-05-02 01:00:00,15622.835681699524,16341.745933019307,14452.15855403968
forecast_2906,2025-05-02 02:00:00,16653.097394418797,16982.504860906018,14725.15212355734
forecast_2907,2025-05-02 03:00:00,14698.179116038273,15188.727151481533,13291.153164655863
forecast_2908,2025-05-02 04:00:00,16428.00952804058,14847.490574240524,14210.054652025665
forecast_2909,2025-05-02 05:00:00,15323.414078811282,15897.904290542963,13197.263164210723
forecast_2910,2025-05-02 06:00:00,15484.416948236743,16581.394479648287,13811.869497750344
forecast_2911,2025-05-02 07:00:00,16057.768987325313,16033.18286702574,13234.041316817573
forecast_2912,2025-05-02 08:00:00,14049.913546364003,14828.632594321245,12198.424940450377
forecast_2913,2025-05-02 09:00:00,13644.742138131365,13832.564594738767,10592.197433961514
forecast_2914,2025-05-02 10:00:00,10892.05125279033,11610.594955190629,8950.842299343358
forecast_2915,2025-05-02 11:00:00,8973.31312244753,9032.267523470446,6891.780216732384
forecast_2916,2025-05-02 12:00:00,7686.024510442994,7012.539179102522,5700.632154112991
forecast_2917,2025-05-02 13:00:00,7134.228147349313,6383.176171091266,5332.715339227346
forecast_2918,2025-05-02 14:00:00,6345.564846238878,6057.865468150638,5066.989348844333
forecast_2919,2025-05-02 15:00:00,5985.303079358483,5522.7603133115545,4411.727763640291
forecast_2920,2025-05-02 16:00:00,5751.754851428013,4620.407102031859,4139.536441004864
forecast_2921,2025-05-02 17:00:00,5346.915038330417,5445.15692042718,4569.80685846741
forecast_2922,2025-05-02 18:00:00,8641.515671886062,8012.861688164197,6064.230350054063
forecast_2923,2025-05-02 19:00:00,11960.874182452882,12194.596373651491,7569.665417119923
forecast_2924,2025-05-02 20:00:00,11702.00372347865,13157.187468624204,9233.826328357482
forecast_2925,2025-05-02 21:00:00,12021.436912338342,14096.515596690253,9462.072841547095
forecast_2926,2025-05-02 22:00:00,11733.61038723847,12872.361893820007,9371.267768492044
forecast_2927,2025-05-02 23:00:00,10929.00647734377,13869.236741504861,9884.266247236408
forecast_2928,2025-05-03 00:00:00,11330.985044381165,12613.75262022151,9964.63043277543
forecast_2929,2025-05-03 01:00:00,10137.712326397696,10693.008651761176,8586.892208204985
forecast_2930,2025-05-03 02:00:00,9193.873523577202,11946.278341432864,7394.718341337109
forecast_2931,2025-05-03 03:00:00,9457.167979524782,10225.424159444581,5970.6386073679105
forecast_2932,2025-05-03 04:00:00,8668.12143527381,9294.797661154833,6231.540981728772
forecast_2933,2025-05-03 05:00:00,6963.613450237346,7594.550276031362,6119.427098050574
forecast_2934,2025-05-03 06:00:00,5081.775486462816,5457.070367434233,4775.868722839738
forecast_2935,2025-05-03 07:00:00,3842.8199234258113,3974.052899433312,4272.212795605617
forecast_2936,2025-05-03 08:00:00,3885.859643362946,3882.358979110361,3603.498239460292
forecast_2937,2025-05-03 09:00:00,5114.790009276656,5709.8381092530835,4158.274780609427
forecast_2938,2025-05-03 10:00:00,8699.556442114745,9132.58003651289,6478.172136117285
forecast_2939,2025-05-03 11:00:00,10921.798567528758,12689.744518451414,8790.681989343746
forecast_2940,2025-05-03 12:00:00,11773.02451471801,14787.503014967366,12761.133451257938
forecast_2941,2025-05-03 13:00:00,12374.182566560146,14821.966097029392,11561.137129096345
forecast_2942,2025-05-03 14:00:00,12678.245299855429,14171.43421438578,11739.944581877873
forecast_2943,2025-05-03 15:00:00,14234.483854165599,14533.958195272531,11234.46061075099
forecast_2944,2025-05-03 16:00:00,13658.609828886323,14764.182372057245,11561.911689341063
forecast_2945,2025-05-03 17:00:00,13472.236164100335,15285.5981505601,11505.458448283092
forecast_2946,2025-05-03 18:00:00,12744.664113013985,13160.338143325573,11321.9596960336
forecast_2947,2025-05-03 19:00:00,13663.96201465885,15254.666050638692,12369.038503551874
forecast_2948,2025-05-03 20:00:00,14218.019805019872,14542.88495812544,12472.351214219732
forecast_2949,2025-05-03 21:00:00,14071.447448409683,14983.033528962223,11627.939061327328
forecast_2950,2025-05-03 22:00:00,12586.06688440658,14163.965776764013,10937.25505521522
forecast_2951,2025-05-03 23:00:00,13759.76384922816,13968.114307308253,11617.83138767524
forecast_2952,2025-05-04 00:00:00,13470.732117635383,14397.453134964475,11854.089580149868
forecast_2953,2025-05-04 01:00:00,15357.363047125642,17379.11153523536,15267.650345054688
forecast_2954,2025-05-04 02:00:00,14934.695980355758,15526.481646859856,14834.271647615928
forecast_2955,2025-05-04 03:00:00,14457.58390309851,14936.032926654645,14248.791046694218
forecast_2956,2025-05-04 04:00:00,14187.015708267982,15021.929676338626,14063.717425837653
forecast_2957,2025-05-04 05:00:00,15182.093473220306,16388.23272221482,14377.46165984489
forecast_2958,2025-05-04 06:00:00,14446.675672627085,16664.83436544341,14642.277290919303
forecast_2959,2025-05-04 07:00:00,14597.781157368332,15491.750556210016,14154.97302347066
forecast_2960,2025-05-04 08:00:00,13350.200640004887,14209.432805637955,13019.857083233896
forecast_2961,2025-05-04 09:00:00,12507.981565636448,12716.041509737934,9932.822986601665
forecast_2962,2025-05-04 10:00:00,11821.780007126687,12248.705433439272,8794.405446026314
forecast_2963,2025-05-04 11:00:00,11739.456066197488,12480.404277066602,9699.0102459965
forecast_2964,2025-05-04 12:00:00,13590.681883247818,13849.248086645875,10751.377640124694
forecast_2965,2025-05-04 13:00:00,15087.810408518384,15991.080017539329,13079.86532566852
forecast_2966,2025-05-04 14:00:00,16038.515852098237,16810.81929854103,15123.259466036148
forecast_2967,2025-05-04 15:00:00,16202.518354005613,16959.904495319737,16272.445874135141
forecast_2968,2025-05-04 16:00:00,16032.182586053486,16600.817061767008,16104.438724041494
forecast_2969,2025-05-04 17:00:00,16164.781220663113,16349.397860444853,15530.779556375552
forecast_2970,2025-05-04 18:00:00,15847.113731590869,16673.77323586307,13471.110676640441
forecast_2971,2025-05-04 19:00:00,14280.905854031449,13823.673375939508,12708.116508637311
forecast_2972,2025-05-04 20:00:00,13055.533108563863,13578.267389392064,11677.316653658307
forecast_2973,2025-05-04 21:00:00,10808.049020401722,11489.925338360516,9955.072146720735
forecast_2974,2025-05-04 22:00:00,8716.69412934573,8477.854044663802,7211.866911303505
forecast_2975,2025-05-04 23:00:00,6733.019633565771,6226.595159391174,5117.813695820225
forecast_2976,2025-05-05 00:00:00,4497.794362133404,5008.443791565326,3730.0923409571656
forecast_2977,2025-05-05 01:00:00,4442.20954874604,4627.66567693705,3931.6552504367023
forecast_2978,2025-05-05 02:00:00,4403.832917771602,4775.955407693643,3874.0941005418645
forecast_2979,2025-05-05 03:00:00,4031.045069832237,4608.2312280738615,3730.4452095434403
forecast_2980,2025-05-05 04:00:00,4031.1276327043747,3866.4582682430364,3441.957248706197
forecast_2981,2025-05-05 05:00:00,3912.3892589240572,3900.9326050398436,3236.6241485581063
forecast_2982,2025-05-05 06:00:00,3474.34029527314,3385.94577722146,2847.4944415800755
forecast_2983,2025-05-05 07:00:00,3562.9833926933056,3477.649550675873,2641.6492929237716
forecast_2984,2025-05-05 08:00:00,4000.140606485371,3747.416566510631,3854.167919089422
forecast_2985,2025-05-05 09:00:00,3895.960063462908,3545.08905355425,3730.9364726702115
forecast_2986,2025-05-05 10:00:00,3886.0443618158015,3577.501684382596,3688.6086991553566
forecast_2987,2025-05-05 11:00:00,6127.9403820836205,3270.7074856230724,131.18874746619392
forecast_2988,2025-05-05 12:00:00,6073.806731782517,2877.8832513667594,4174.435522142247
forecast_2989,2025-05-05 13:00:00,185.22367891184453,2265.4621460945946,149.72246905784178
forecast_2990,2025-05-05 14:00:00,5677.372963418555,3484.4941011714773,3460.6961092637916
forecast_2991,2025-05-05 15:00:00,4014.0751722704017,7162.4098531788895,3126.7770648182604
forecast_2992,2025-05-05 16:00:00,3489.452722603504,3806.4056677124563,3496.1330817455
forecast_2993,2025-05-05 17:00:00,2493.702588978928,2963.653983451288,99.5559113599416
forecast_2994,2025-05-05 18:00:00,3855.3162136046826,3526.5929163100363,3135.479041990964
forecast_2995,2025-05-05 19:00:00,4760.098290839996,6225.715268838134,3794.2266486296553
forecast_2996,2025-05-05 20:00:00,6136.691674691785,5863.902129522343,3935.4635914108944
forecast_2997,2025-05-05 21:00:00,3903.3400589448875,4606.9736054869145,3684.5757250520724
forecast_2998,2025-05-05 22:00:00,5835.440262017181,6158.23817594811,3447.3713021694093
forecast_2999,2025-05-05 23:00:00,3965.967142415148,3951.347218677169,3736.422212755134
forecast_3000,2025-05-06 00:00:00,4054.030181754688,4014.4752203245826,3629.6235116128205
forecast_3001,2025-05-06 01:00:00,3409.5614501229047,3611.6410853732996,3518.75908028465
forecast_3002,2025-05-06 02:00:00,2895.374320197413,3560.666548297771,3146.694715368797
forecast_3003,2025-05-06 03:00:00,3707.6418472443625,3308.650425181396,2376.598105142416
forecast_3004,2025-05-06 04:00:00,3882.2428463523775,3755.11443628042,112.11655749966326
forecast_3005,2025-05-06 05:00:00,3278.8617051485,3091.362117455485,2726.186209773084
forecast_3006,2025-05-06 06:00:00,3307.1531780427167,3068.761453297516,2282.287642433443
forecast_3007,2025-05-06 07:00:00,3234.1188824711535,3181.926566157348,2511.216972068958
forecast_3008,2025-05-06 08:00:00,3430.4569520378955,3453.891019608803,3118.78548837337
forecast_3009,2025-05-06 09:00:00,3620.5095657890424,3423.889681267615,4534.144578971533
forecast_3010,2025-05-06 10:00:00,3609.2384972383975,3850.612347357117,3866.154946544083
forecast_3011,2025-05-06 11:00:00,2871.6668815427392,2991.3701045906887,2926.6229953798793
forecast_3012,2025-05-06 12:00:00,374.52237095107637,2612.200914635785,2355.1037788441254
forecast_3013,2025-05-06 13:00:00,3090.624841135627,2694.329781107338,2311.4381476932676
forecast_3014,2025-05-06 14:00:00,3032.72850053809,3284.535379816124,309.59476178689204
forecast_3015,2025-05-06 15:00:00,3031.3629936593,2828.914259680279,303.27659874557673
forecast_3016,2025-05-06 16:00:00,326.70395082290827,2381.703139640931,240.78610163378642
forecast_3017,2025-05-06 17:00:00,2657.527122383269,2330.175241267233,2995.606013715943
forecast_3018,2025-05-06 18:00:00,4544.992147606793,3664.6810795511938,2853.9878281626425
forecast_3019,2025-05-06 19:00:00,3613.9379759947824,3869.6582177247988,3998.2494834754116
forecast_3020,2025-05-06 20:00:00,7708.651372027404,7374.851624438962,6232.861275705984
forecast_3021,2025-05-06 21:00:00,3274.676473276661,3106.630149847067,3243.2980821039528
forecast_3022,2025-05-06 22:00:00,3807.4781730977943,3812.253562177802,3335.4936197065363
forecast_3023,2025-05-06 23:00:00,3890.04453292588,4687.884154352068,3425.3921193115493
forecast_3024,2025-05-07 00:00:00,3888.4983561198133,4927.96641920654,3554.7635971497566
forecast_3025,2025-05-07 01:00:00,3865.640040070117,3775.4892754259263,3399.5139507183058
forecast_3026,2025-05-07 02:00:00,3322.95154658367,3609.4533075747913,3452.0001006327666
forecast_3027,2025-05-07 03:00:00,3773.836897438906,3473.324297328997,3301.9309824136317
forecast_3028,2025-05-07 04:00:00,4383.469500012599,3898.8050506016766,3421.00422883606
forecast_3029,2025-05-07 05:00:00,3922.203358984687,3766.9807552494985,3630.0374958949747
forecast_3030,2025-05-07 06:00:00,3967.452334555898,3958.3580041451787,3527.444936845111
forecast_3031,2025-05-07 07:00:00,3861.2797170729623,4118.449318303821,3730.559039293761
forecast_3032,2025-05-07 08:00:00,3704.5307017658197,3878.9296889371844,3370.548070372448
forecast_3033,2025-05-07 09:00:00,3618.031942449709,3857.5748202918667,3320.602216755529
forecast_3034,2025-05-07 10:00:00,3425.1440067699236,3826.9920557633386,3681.699148112952
forecast_3035,2025-05-07 11:00:00,3381.333504059229,3438.2633654318233,2698.714545641058
forecast_3036,2025-05-07 12:00:00,3643.593525950517,3306.8157209351293,3537.6105434291894
forecast_3037,2025-05-07 13:00:00,3587.755982955692,3354.815720360607,3082.223394618583
forecast_3038,2025-05-07 14:00:00,3570.887003404101,3739.5243262630565,3239.823814332143
forecast_3039,2025-05-07 15:00:00,4292.064638714887,4273.392121391216,3932.4774184252847
forecast_3040,2025-05-07 16:00:00,5076.679841627305,3892.720629745595,3815.587500555803
forecast_3041,2025-05-07 17:00:00,4414.966318322385,4463.263744768306,3574.0261158796093
forecast_3042,2025-05-07 18:00:00,3992.148112732296,4102.865186225845,3635.4050725786647
forecast_3043,2025-05-07 19:00:00,3638.2173572171205,3869.3463624624283,2748.831753779779
forecast_3044,2025-05-07 20:00:00,4111.546788123931,4037.3391847327875,3171.298145187574
forecast_3045,2025-05-07 21:00:00,3853.3335158318973,3967.995659814573,3398.553644430325
forecast_3046,2025-05-07 22:00:00,5074.847138034211,4882.715313152482,3649.8081258395664
forecast_3047,2025-05-07 23:00:00,5882.930613315708,6049.614673273158,3775.291084605741
forecast_3048,2025-05-08 00:00:00,5656.080790597908,6069.287673683883,4618.539838401614
forecast_3049,2025-05-08 01:00:00,5868.378352411191,5544.475045116187,3768.1490759935896
forecast_3050,2025-05-08 02:00:00,6256.977572153797,6385.2988857192095,4424.874548354594
forecast_3051,2025-05-08 03:00:00,7874.28002302338,8146.418534563645,5570.772781082211
forecast_3052,2025-05-08 04:00:00,8164.876026581347,9264.662538484517,6582.801361565963
forecast_3053,2025-05-08 05:00:00,8392.204285067779,9511.641382956132,6731.045194263655
forecast_3054,2025-05-08 06:00:00,7343.558877680619,6812.515479288797,5135.4719858026765
forecast_3055,2025-05-08 07:00:00,7038.025658062443,5538.2959393099145,3887.217964257792
forecast_3056,2025-05-08 08:00:00,4579.118216012185,4684.627351690442,3589.5537199656083
forecast_3057,2025-05-08 09:00:00,3741.4400388977847,3566.280756990131,2956.0285523689613
forecast_3058,2025-05-08 10:00:00,3519.493315509415,3334.5083954299434,3267.6557162164277
forecast_3059,2025-05-08 11:00:00,3451.631538453304,2820.9979531916,2260.808839871223
forecast_3060,2025-05-08 12:00:00,6325.614217090975,3110.448069659171,2304.9649323510503
forecast_3061,2025-05-08 13:00:00,2836.6008548364957,3283.1718256070553,3039.9774326918523
forecast_3062,2025-05-08 14:00:00,3343.3428940157955,3406.116753190839,3431.8610104141344
forecast_3063,2025-05-08 15:00:00,3507.040547038911,3501.806581894311,3718.8073224713003
forecast_3064,2025-05-08 16:00:00,3640.0611269752253,3774.4757243767467,3789.2914337316056
forecast_3065,2025-05-08 17:00:00,3873.621771771128,3726.0412173307395,3176.395119279543
forecast_3066,2025-05-08 18:00:00,4286.199820328138,3810.737372424651,3448.89214819858
forecast_3067,2025-05-08 19:00:00,3948.8541177033912,3866.3249452039045,3664.5303086299327
forecast_3068,2025-05-08 20:00:00,3906.256141673346,3931.6092877195733,3621.1092821919874
forecast_3069,2025-05-08 21:00:00,3859.0310045989254,3871.8574945644323,3541.359077315932
forecast_3070,2025-05-08 22:00:00,3809.753638499021,3946.5617267951193,3691.7852750448114
forecast_3071,2025-05-08 23:00:00,3885.376815167977,3842.4570939972778,3511.5946911986075
forecast_3072,2025-05-09 00:00:00,3969.7643011423293,5760.718918290783,3790.5626837609666
forecast_3073,2025-05-09 01:00:00,6222.321421053319,6856.388816433336,4468.825603335077
forecast_3074,2025-05-09 02:00:00,5905.902781620173,7011.521410445294,3942.131123314875
forecast_3075,2025-05-09 03:00:00,5191.552492216567,5743.353523621858,3783.351546453372
forecast_3076,2025-05-09 04:00:00,4809.578251063767,4583.995398033232,3727.1854468676593
forecast_3077,2025-05-09 05:00:00,4279.072506850298,4036.3435448837567,3777.4335112169797
forecast_3078,2025-05-09 06:00:00,3886.991866197352,4052.452437083173,3767.7158833258945
forecast_3079,2025-05-09 07:00:00,3964.875344395309,3916.4989618295162,3330.989934429413
forecast_3080,2025-05-09 08:00:00,3917.2324519227095,3604.222431607679,3129.7753118143323
forecast_3081,2025-05-09 09:00:00,3871.5881094076412,4662.560906120951,3350.313206450243
forecast_3082,2025-05-09 10:00:00,3867.0979479704333,3713.817309523161,3566.8091146444053
forecast_3083,2025-05-09 11:00:00,3891.7764080216666,4593.502063304351,3369.7776006969198
forecast_3084,2025-05-09 12:00:00,5775.5559358088185,6634.314893692861,4657.433892204829
forecast_3085,2025-05-09 13:00:00,7095.589291474729,9051.720669736862,6536.821832803304
forecast_3086,2025-05-09 14:00:00,9793.578435460704,11476.047847399428,9049.079575202382
forecast_3087,2025-05-09 15:00:00,10767.83041106384,12567.852318175868,10126.621159729062
forecast_3088,2025-05-09 16:00:00,10651.951523752645,13211.721464087272,10693.542192807598
forecast_3089,2025-05-09 17:00:00,11663.699443563915,11705.109508217825,10225.992238091923
forecast_3090,2025-05-09 18:00:00,10105.273091541336,11271.051238143446,9177.032991886672
forecast_3091,2025-05-09 19:00:00,8276.634760615296,9346.96308153899,7343.540530488857
forecast_3092,2025-05-09 20:00:00,5723.7133254672635,6259.16137576003,4959.7439640244675
forecast_3093,2025-05-09 21:00:00,4573.521284472496,4764.798528314829,3542.37546572822
forecast_3094,2025-05-09 22:00:00,3459.8247075235263,3566.863751302003,3469.661039752481
forecast_3095,2025-05-09 23:00:00,4144.736540655132,4145.342591508326,3734.861762673383
forecast_3096,2025-05-10 00:00:00,5473.6895442713885,5842.154961256049,4087.8599825689544
forecast_3097,2025-05-10 01:00:00,13049.833308377569,13923.08667869807,12046.158275998572
forecast_3098,2025-05-10 02:00:00,12934.28708232385,14167.307445957553,12877.420436353757
forecast_3099,2025-05-10 03:00:00,15633.412598145338,16237.774544626978,14393.7446709342
forecast_3100,2025-05-10 04:00:00,15584.895536593665,16179.216808042453,15020.561739924004
forecast_3101,2025-05-10 05:00:00,16244.369646315881,17044.911978002234,15489.106332929567
forecast_3102,2025-05-10 06:00:00,17090.463861407217,17602.80631841005,16680.234699170134
forecast_3103,2025-05-10 07:00:00,18251.01952354154,18945.93755261773,17613.620583038282
forecast_3104,2025-05-10 08:00:00,19928.135588759244,19882.80184958416,18465.53205005894
forecast_3105,2025-05-10 09:00:00,19894.143572868394,19872.957620165977,18671.68018148858
forecast_3106,2025-05-10 10:00:00,19877.4224860058,19287.14087086425,18700.54627578629
forecast_3107,2025-05-10 11:00:00,19877.576321683555,19897.857098767003,19321.948037500293
forecast_3108,2025-05-10 12:00:00,19912.527591964244,19393.218281748585,18644.729432362954
forecast_3109,2025-05-10 13:00:00,19207.173410987274,19028.85061990867,18430.995985223875
forecast_3110,2025-05-10 14:00:00,18433.132005680818,18622.544922835084,17997.359332602475
forecast_3111,2025-05-10 15:00:00,17882.420339031458,18308.913694409763,17659.35098616261
forecast_3112,2025-05-10 16:00:00,17284.077185596587,17838.833142525826,17111.47403646257
forecast_3113,2025-05-10 17:00:00,17111.241513954763,16997.639392685654,16472.626672323837
forecast_3114,2025-05-10 18:00:00,15268.35490661156,16198.644384576188,14434.92584205763
forecast_3115,2025-05-10 19:00:00,13684.266836033847,13848.176145780346,11326.090697896958
forecast_3116,2025-05-10 20:00:00,11524.940226121318,11844.26833294299,9645.226020895474
forecast_3117,2025-05-10 21:00:00,10011.160340557264,10972.503740619031,9276.930831134496
forecast_3118,2025-05-10 22:00:00,9097.705353691277,9864.001745691718,6755.751102634763
forecast_3119,2025-05-10 23:00:00,8518.754294941436,8952.648956090117,7229.971408935053
forecast_3120,2025-05-11 00:00:00,7206.002918601675,7504.381583759345,5046.6114028721895
forecast_3121,2025-05-11 01:00:00,7873.667956452917,8455.010928264479,7586.148907875949
forecast_3122,2025-05-11 02:00:00,7529.034605208607,8154.206757011168,7078.625377676882
forecast_3123,2025-05-11 03:00:00,6812.119170305422,8782.98735423305,6699.3904172078255
forecast_3124,2025-05-11 04:00:00,7403.043169742726,6774.5750910613315,6514.938207854522
forecast_3125,2025-05-11 05:00:00,8850.121946212681,7013.404409918097,5379.559112840781
forecast_3126,2025-05-11 06:00:00,5849.953534946397,8750.96100041376,5444.145078016661
forecast_3127,2025-05-11 07:00:00,6599.943537055401,4907.8774740289555,3769.990575473777
forecast_3128,2025-05-11 08:00:00,4641.617248803056,4762.354939394996,3821.4507010961242
forecast_3129,2025-05-11 09:00:00,3961.8679517903042,3841.1273182516097,3158.663765605388
forecast_3130,2025-05-11 10:00:00,3397.544773447117,3522.785180139679,2567.952274619325
forecast_3131,2025-05-11 11:00:00,4297.955331597572,3644.497072910935,3592.6419754979274
forecast_3132,2025-05-11 12:00:00,3353.1216459827447,2949.385310482873,3373.3708321367485
forecast_3133,2025-05-11 13:00:00,3700.9590984073825,3843.973286942603,3468.357640813996
forecast_3134,2025-05-11 14:00:00,3952.5152349303667,3901.393502197689,3755.33544304697
forecast_3135,2025-05-11 15:00:00,6191.107513385934,4083.193639443297,3753.9687688225704
forecast_3136,2025-05-11 16:00:00,4244.776830929833,3967.6756850442857,3824.6341420700146
forecast_3137,2025-05-11 17:00:00,3857.348248823288,3812.7267376639174,3607.594751395482
forecast_3138,2025-05-11 18:00:00,4374.480674868697,4711.90089180073,3871.868538144761
forecast_3139,2025-05-11 19:00:00,4989.134633054311,4987.46375891993,3754.5509544934716
forecast_3140,2025-05-11 20:00:00,6211.791330280385,6806.800025846272,5036.367276313206
forecast_3141,2025-05-11 21:00:00,8212.239670246572,8831.782824762713,6771.439793450956
forecast_3142,2025-05-11 22:00:00,10909.590723945867,12352.206368669064,9031.243905693436
forecast_3143,2025-05-11 23:00:00,13612.872505271247,14213.692144197,10956.15754017553
forecast_3144,2025-05-12 00:00:00,13608.958705203077,14585.470729284836,12215.856739194709
forecast_3145,2025-05-12 01:00:00,13982.840388770808,13869.332845821466,12403.351011324981
forecast_3146,2025-05-12 02:00:00,13156.050726441343,13910.380267403983,12969.745459380187
forecast_3147,2025-05-12 03:00:00,13718.779354248081,14471.035092610611,13428.16544401759
forecast_3148,2025-05-12 04:00:00,13978.992667539782,16561.090376363823,14233.797126476047
forecast_3149,2025-05-12 05:00:00,14313.526089223044,16188.146941860294,13992.948638752494
forecast_3150,2025-05-12 06:00:00,14321.913424060574,15570.76526740876,13426.273155530504
forecast_3151,2025-05-12 07:00:00,12622.336260568092,13114.02402031054,12119.503413814571
forecast_3152,2025-05-12 08:00:00,11941.999425692851,12122.663924564647,10683.46307102773
forecast_3153,2025-05-12 09:00:00,12580.817364334438,11411.896163323943,9442.98113858104
forecast_3154,2025-05-12 10:00:00,11158.500618036649,11235.42985665501,8655.347109255648
forecast_3155,2025-05-12 11:00:00,10190.011413107606,10265.918733350363,7475.538033986235
forecast_3156,2025-05-12 12:00:00,9676.63301689727,9865.525170224868,7342.59017977462
forecast_3157,2025-05-12 13:00:00,8486.667017375385,8791.487291356658,7098.67366493714
forecast_3158,2025-05-12 14:00:00,9107.129426934334,7882.979888582055,6802.706838267191
forecast_3159,2025-05-12 15:00:00,7936.077855844807,7714.895622393614,6855.878029941048
forecast_3160,2025-05-12 16:00:00,8014.200383190238,7792.821929230953,7100.87574300487
forecast_3161,2025-05-12 17:00:00,8505.340867961932,8372.302868863891,7496.388959200034
forecast_3162,2025-05-12 18:00:00,9322.466508533014,9417.66671287246,8389.653621777517
forecast_3163,2025-05-12 19:00:00,10378.461789678531,10887.08645898319,9847.42903157452
forecast_3164,2025-05-12 20:00:00,12372.361235441607,12770.324220167058,11926.437991898623
forecast_3165,2025-05-12 21:00:00,14747.873595521214,16019.953564703232,14062.88071303357
forecast_3166,2025-05-12 22:00:00,16600.7716842727,17967.122565423753,15942.253233908188
forecast_3167,2025-05-12 23:00:00,17291.531900219852,18495.777644888356,17770.50742657237
forecast_3168,2025-05-13 00:00:00,17149.6457763431,18613.5685617441,18036.09876667756
forecast_3169,2025-05-13 01:00:00,19881.83126472669,20306.76517534082,19378.851225752063
forecast_3170,2025-05-13 02:00:00,19875.260571481464,20318.773450468303,19330.071069493955
forecast_3171,2025-05-13 03:00:00,19879.592877216368,20312.460146678597,19332.01745937842
forecast_3172,2025-05-13 04:00:00,19881.404214390222,20305.49723951637,19339.599388935796
forecast_3173,2025-05-13 05:00:00,18736.96583446925,19881.215837981472,18324.93184464157
forecast_3174,2025-05-13 06:00:00,18099.826093288826,18715.40541838634,18200.350988271235
forecast_3175,2025-05-13 07:00:00,18282.491966793696,18042.33549919433,17705.20880025259
forecast_3176,2025-05-13 08:00:00,17858.919528443894,17993.339991305387,17539.04140171598
forecast_3177,2025-05-13 09:00:00,15959.251909491133,17566.88130415386,17171.667117863926
forecast_3178,2025-05-13 10:00:00,15510.34518110552,16343.740979841847,16687.574076437893
forecast_3179,2025-05-13 11:00:00,14878.747046271264,15657.865698747059,14932.92668488079
forecast_3180,2025-05-13 12:00:00,14410.578349124551,15008.183774559424,14333.405366194991
forecast_3181,2025-05-13 13:00:00,13304.150184490814,14606.04634917677,14998.142236896136
forecast_3182,2025-05-13 14:00:00,12610.456313464872,13542.724913720307,13709.307949327294
forecast_3183,2025-05-13 15:00:00,12894.647007244368,13997.138979249341,14252.813346044852
forecast_3184,2025-05-13 16:00:00,12783.893212404473,14022.435650446329,14859.456072650697
forecast_3185,2025-05-13 17:00:00,13043.61895186942,14039.913672276987,13786.556071868585
forecast_3186,2025-05-13 18:00:00,14176.454556855839,16947.605368767603,16047.871961016379
forecast_3187,2025-05-13 19:00:00,15808.769386450433,16931.88054554034,17617.92089145285
forecast_3188,2025-05-13 20:00:00,17583.525240065606,19935.89884914795,18547.384971323663
forecast_3189,2025-05-13 21:00:00,19887.36539887725,19883.104559920364,19327.449177923256
forecast_3190,2025-05-13 22:00:00,19894.925168859332,19907.721550296086,19322.410133252986
forecast_3191,2025-05-13 23:00:00,19873.06477421005,19877.4269977943,19321.382603637077
forecast_3192,2025-05-14 00:00:00,19874.868214680082,19905.3234920173,19335.301315086566
forecast_3193,2025-05-14 01:00:00,19878.726433238022,19877.826712059712,19328.661817650038
forecast_3194,2025-05-14 02:00:00,20309.655255348807,19881.528345093073,19320.915461933044
forecast_3195,2025-05-14 03:00:00,20309.14134854586,19890.016958450546,19324.154838268976
forecast_3196,2025-05-14 04:00:00,20332.517238636578,20321.66150903428,19744.464545335166
forecast_3197,2025-05-14 05:00:00,20356.601236742295,20312.469506386125,19322.17735840424
forecast_3198,2025-05-14 06:00:00,20306.72276977094,20311.567801125853,18349.317586248544
forecast_3199,2025-05-14 07:00:00,18072.998856033737,18746.98679013097,14604.298918015622
forecast_3200,2025-05-14 08:00:00,15598.438166055736,15483.746489103292,12125.308225497454
forecast_3201,2025-05-14 09:00:00,11883.358236391321,12214.81393406098,9629.68033457131
forecast_3202,2025-05-14 10:00:00,7699.750646873555,8796.496430437352,6497.89492790793
forecast_3203,2025-05-14 11:00:00,5921.8250957516975,6181.296742205518,4645.799059526603
forecast_3204,2025-05-14 12:00:00,3867.520258196616,4689.193434518751,3803.3743087913213
forecast_3205,2025-05-14 13:00:00,4371.897544623759,4183.905193928841,3779.029672908367
forecast_3206,2025-05-14 14:00:00,3850.932810111012,4134.090531922054,3835.7286120296844
forecast_3207,2025-05-14 15:00:00,4137.341604031943,4218.187218575329,3867.3264560452094
forecast_3208,2025-05-14 16:00:00,4448.044280632827,4521.859523738179,4413.920339463949
forecast_3209,2025-05-14 17:00:00,4092.00769195838,4683.959979472907,4444.32835460859
forecast_3210,2025-05-14 18:00:00,5778.569479788263,5611.467502353576,4341.22810699679
forecast_3211,2025-05-14 19:00:00,8538.692299737659,9677.851371374389,5158.8227361716445
forecast_3212,2025-05-14 20:00:00,7790.655350325316,11176.415999952354,4800.74085444038
forecast_3213,2025-05-14 21:00:00,8155.175301403731,9753.962734334471,7519.160220079138
forecast_3214,2025-05-14 22:00:00,10699.96058750791,11687.913703238937,7149.727290457825
forecast_3215,2025-05-14 23:00:00,10423.939396800231,9759.845696646309,6816.216648160967
forecast_3216,2025-05-15 00:00:00,9896.59733986229,10473.76814649904,6900.320406319387
forecast_3217,2025-05-15 01:00:00,12617.457736265465,14281.18127151261,11105.47241846496
forecast_3218,2025-05-15 02:00:00,12029.013467036653,13290.609232189321,10952.663048127655
forecast_3219,2025-05-15 03:00:00,11893.625137233405,13980.719511337189,11358.618248645898
forecast_3220,2025-05-15 04:00:00,11942.57506782902,13999.88012681726,11830.20119754945
forecast_3221,2025-05-15 05:00:00,12370.831593598537,14256.190058980972,12760.921526058604
forecast_3222,2025-05-15 06:00:00,13879.310976241892,17029.737041195785,13674.56027598558
forecast_3223,2025-05-15 07:00:00,16100.52115009807,17853.21077091605,15487.85900697055
forecast_3224,2025-05-15 08:00:00,16905.44483831191,18347.870380485383,16145.850758351216
forecast_3225,2025-05-15 09:00:00,16942.069429797277,18159.45887347332,17146.938198970725
forecast_3226,2025-05-15 10:00:00,16382.457126668858,17347.531584660996,16430.841389776557
forecast_3227,2025-05-15 11:00:00,15083.609161766346,16422.26505586361,14947.161998868301
forecast_3228,2025-05-15 12:00:00,15453.123504595302,16787.38141621771,14769.402044475635
forecast_3229,2025-05-15 13:00:00,17137.101273075103,18081.16773514948,16040.821219492382
forecast_3230,2025-05-15 14:00:00,17745.13984906586,18224.12223708452,17976.59103680089
forecast_3231,2025-05-15 15:00:00,17397.89525201622,18411.639584919896,18155.383464027487
forecast_3232,2025-05-15 16:00:00,17599.354865778743,17301.593642564825,17826.34639013702
forecast_3233,2025-05-15 17:00:00,16838.307110946742,17838.15929007463,17678.019682023732
forecast_3234,2025-05-15 18:00:00,16563.103018884343,17917.41514303644,17726.113284233095
forecast_3235,2025-05-15 19:00:00,16815.073147158182,17824.343618268016,18055.31141843034
forecast_3236,2025-05-15 20:00:00,16571.53255229442,17542.1192099324,17646.67235037857
forecast_3237,2025-05-15 21:00:00,17139.97336742137,18186.09182524277,17838.904728040357
forecast_3238,2025-05-15 22:00:00,17158.414022673962,18174.146586351206,17984.49877248606
forecast_3239,2025-05-15 23:00:00,17394.908774864372,18747.666956612775,18454.60517860377
forecast_3240,2025-05-16 00:00:00,17129.216174885107,18566.762737253513,18371.8169496056
forecast_3241,2025-05-16 01:00:00,17711.363810364644,18812.275616855102,17025.56171363971
forecast_3242,2025-05-16 02:00:00,17797.808373581174,18891.146833990726,17156.145377424793
forecast_3243,2025-05-16 03:00:00,17453.025334441023,18798.07411486519,17146.432784353685
forecast_3244,2025-05-16 04:00:00,17935.92224334483,18714.456029840905,17041.707416648333
forecast_3245,2025-05-16 05:00:00,16902.21245647147,18243.937283372514,16390.896065695662
forecast_3246,2025-05-16 06:00:00,16308.702376862968,16375.718235755572,15614.626996435552
forecast_3247,2025-05-16 07:00:00,15665.617552127995,16667.57910841905,15936.740368906398
forecast_3248,2025-05-16 08:00:00,13680.598588856206,14727.095110435921,13182.351466228629
forecast_3249,2025-05-16 09:00:00,12426.434878166205,13334.387612440547,13649.803227641552
forecast_3250,2025-05-16 10:00:00,10922.978281146166,10453.749881938533,12106.123126232442
forecast_3251,2025-05-16 11:00:00,9507.285845852464,9056.973948601986,10633.550035028125
forecast_3252,2025-05-16 12:00:00,8454.715570786018,8686.3350504895,9983.697761571293
forecast_3253,2025-05-16 13:00:00,8050.727326765735,8711.35310242956,7571.749986876156
forecast_3254,2025-05-16 14:00:00,7300.45975127492,7412.803075092227,6443.61935579666
forecast_3255,2025-05-16 15:00:00,7128.597320792417,7965.572138312988,5604.467295732669
forecast_3256,2025-05-16 16:00:00,6888.658113806203,7112.228801078616,4886.6825216085
forecast_3257,2025-05-16 17:00:00,6269.310733412152,6460.120620679386,4297.096580912221
forecast_3258,2025-05-16 18:00:00,5849.984644586622,6151.911022568142,5066.173898585765
forecast_3259,2025-05-16 19:00:00,4711.0403999577065,4747.48993816122,3779.605358285578
forecast_3260,2025-05-16 20:00:00,4402.893882470132,4660.036657685456,4260.237680229278
forecast_3261,2025-05-16 21:00:00,3914.2042174386925,4098.477994554396,4057.197447646358
forecast_3262,2025-05-16 22:00:00,5879.119490555929,5938.978121411792,4919.862189458472
forecast_3263,2025-05-16 23:00:00,5329.779442534537,3902.0587293115836,4104.868715071168
forecast_3264,2025-05-17 00:00:00,5388.02970424434,5597.124301130932,3899.795482252419
forecast_3265,2025-05-17 01:00:00,5050.139261713592,5200.840592294586,3800.990357528415
forecast_3266,2025-05-17 02:00:00,4720.351662828547,4905.7288942863925,3649.440777389361
forecast_3267,2025-05-17 03:00:00,5474.828477222607,5728.67657166129,4214.816547251943
forecast_3268,2025-05-17 04:00:00,5041.792920309811,5161.528380021248,3666.166633646472
forecast_3269,2025-05-17 05:00:00,4211.595546614488,4495.180824498611,3347.026163876909
forecast_3270,2025-05-17 06:00:00,3925.791808937727,4018.3126227520197,3373.906477174849
forecast_3271,2025-05-17 07:00:00,3583.947760873215,3383.3306941230103,3763.5233500002387
forecast_3272,2025-05-17 08:00:00,3595.0304402272604,3715.3593223541234,3540.832671720395
forecast_3273,2025-05-17 09:00:00,3979.6847615230427,3862.850479554656,3765.8813249073132
forecast_3274,2025-05-17 10:00:00,4945.789337924183,4830.204166902305,3803.92127906825
forecast_3275,2025-05-17 11:00:00,3947.1999137517605,5005.737969025299,3821.501283348252
forecast_3276,2025-05-17 12:00:00,5162.79339993221,5092.92911263019,4500.629786584666
forecast_3277,2025-05-17 13:00:00,6987.704060109536,7340.15758984244,5986.404719816993
forecast_3278,2025-05-17 14:00:00,9020.867024492083,9370.655075158325,8576.665418414183
forecast_3279,2025-05-17 15:00:00,11171.985640663497,11958.336840904882,10781.042998204392
forecast_3280,2025-05-17 16:00:00,13583.607709736067,13802.515905526052,12807.132545796345
forecast_3281,2025-05-17 17:00:00,14971.097430959462,15967.293968791588,14867.272678508469
forecast_3282,2025-05-17 18:00:00,17171.856495041582,17989.403140325492,16658.113598525608
forecast_3283,2025-05-17 19:00:00,18342.683647531685,18636.078896788116,18173.912687621967
forecast_3284,2025-05-17 20:00:00,19095.091059011378,18907.200641384432,18562.588824856055
forecast_3285,2025-05-17 21:00:00,19187.304397482807,18783.468591735313,19328.47160697284
forecast_3286,2025-05-17 22:00:00,19912.450725550003,19383.11708860829,19336.269519411893
forecast_3287,2025-05-17 23:00:00,19872.445223808463,19368.606056968172,19355.608091152364
forecast_3288,2025-05-18 00:00:00,19873.821842688467,19476.733378444995,19324.03819361515
forecast_3289,2025-05-18 01:00:00,18546.20722383547,18573.95805125321,15278.163408238617
forecast_3290,2025-05-18 02:00:00,17419.54479352416,18069.26284262839,14452.44085869308
forecast_3291,2025-05-18 03:00:00,15404.007835770179,16216.167287232265,12945.103065643912
forecast_3292,2025-05-18 04:00:00,13487.553183850323,15375.170604211973,10939.224877994133
forecast_3293,2025-05-18 05:00:00,12195.261470798545,13343.380263057843,8101.432293826273
forecast_3294,2025-05-18 06:00:00,6905.456902832605,7979.94648327834,5260.084077956795
forecast_3295,2025-05-18 07:00:00,4131.1793359251305,4440.60154857406,3775.9583763538135
forecast_3296,2025-05-18 08:00:00,3881.9108900874353,3937.129686879942,3371.9775228045746
forecast_3297,2025-05-18 09:00:00,4104.632938659644,3661.3069143274643,2695.626593484369
forecast_3298,2025-05-18 10:00:00,3492.4602815659136,4006.6252494525484,3338.766527098427
forecast_3299,2025-05-18 11:00:00,3731.173291135342,3773.211743490302,3364.4090101442125
forecast_3300,2025-05-18 12:00:00,3742.569091098185,3831.0032254697826,3163.651226822778
forecast_3301,2025-05-18 13:00:00,3587.6941860571696,3856.285822483307,4001.046309546906
forecast_3302,2025-05-18 14:00:00,4093.2068477206894,3884.7934783384485,3651.213997234351
forecast_3303,2025-05-18 15:00:00,5144.393768769968,4324.988078105742,3790.22185539365
forecast_3304,2025-05-18 16:00:00,4990.29313605169,4553.6363110817865,4036.8494109641106
forecast_3305,2025-05-18 17:00:00,5528.595312991604,6170.505931016343,4973.811001784462
forecast_3306,2025-05-18 18:00:00,7269.01365736845,6686.6785208578,6221.73317655747
forecast_3307,2025-05-18 19:00:00,9129.547270392524,10995.439457285354,7817.901656477657
forecast_3308,2025-05-18 20:00:00,11049.668191705292,12582.42689064375,10003.002675260705
forecast_3309,2025-05-18 21:00:00,11443.177545839855,12922.189922795973,11189.782882540392
forecast_3310,2025-05-18 22:00:00,12371.055472931665,12846.043138417981,11743.604818997484
forecast_3311,2025-05-18 23:00:00,12616.795293360039,14742.880637661981,11617.3712626429
forecast_3312,2025-05-19 00:00:00,12739.917316291734,13114.66766080337,12517.251807454191
forecast_3313,2025-05-19 01:00:00,8407.280204204704,11060.494315438289,10235.265750401684
forecast_3314,2025-05-19 02:00:00,8032.547715729882,10685.526777290397,8857.331555859608
forecast_3315,2025-05-19 03:00:00,6483.5161116299905,7465.227085341828,6157.705045386931
forecast_3316,2025-05-19 04:00:00,7289.485277523384,10935.323099592535,5876.385762013997
forecast_3317,2025-05-19 05:00:00,7761.476592475156,8817.667965479031,6109.487503074995
forecast_3318,2025-05-19 06:00:00,9057.786076933611,9574.2058467784,7158.596048858739
forecast_3319,2025-05-19 07:00:00,9266.461165587063,10382.33120075283,7524.458692402472
forecast_3320,2025-05-19 08:00:00,12830.593105975884,13975.854489311745,8814.626102410197
forecast_3321,2025-05-19 09:00:00,11068.783010402492,13919.636269242106,11024.3271960615
forecast_3322,2025-05-19 10:00:00,13878.005143684055,15110.861747946987,12582.896022495894
forecast_3323,2025-05-19 11:00:00,14449.743553327142,16027.884273641623,13815.514857456441
forecast_3324,2025-05-19 12:00:00,14642.660822926955,16829.44195673142,14592.933587631329
forecast_3325,2025-05-19 13:00:00,15666.780551059855,17630.470466420495,16239.22303931011
forecast_3326,2025-05-19 14:00:00,16790.952270999147,17501.947002689,17214.680158856383
forecast_3327,2025-05-19 15:00:00,17194.70135378164,17085.443884925946,17456.053189496146
forecast_3328,2025-05-19 16:00:00,17334.0761010399,17728.23970996397,17842.41464566559
forecast_3329,2025-05-19 17:00:00,17628.310958493355,18240.126368574798,17182.02170075253
forecast_3330,2025-05-19 18:00:00,17802.540406119784,18421.05138267432,17400.22621120286
forecast_3331,2025-05-19 19:00:00,18339.6826089925,18464.05301339186,18243.501658282054
forecast_3332,2025-05-19 20:00:00,18661.480434335583,18589.634695070992,18395.080340452143
forecast_3333,2025-05-19 21:00:00,18470.619668360883,18811.33454415463,18363.871780304136
forecast_3334,2025-05-19 22:00:00,18228.39729793681,18448.17741128662,18335.477271064487
forecast_3335,2025-05-19 23:00:00,17844.633951399646,18327.324371027866,18312.837259836637
forecast_3336,2025-05-20 00:00:00,17694.283239108125,18287.78559436381,17598.96624006929
forecast_3337,2025-05-20 01:00:00,16749.6627456381,17906.160795307987,16210.91633392562
forecast_3338,2025-05-20 02:00:00,16797.673121869455,17826.332079750908,16345.30406437095
forecast_3339,2025-05-20 03:00:00,16723.039348962462,17814.320930166312,16579.417324145837
forecast_3340,2025-05-20 04:00:00,17637.235842323902,18027.092649828024,17818.580589455894
forecast_3341,2025-05-20 05:00:00,18067.832160140522,18616.973888939956,17372.637203598137
forecast_3342,2025-05-20 06:00:00,17981.09832802939,19089.688277435118,17851.84778770316
forecast_3343,2025-05-20 07:00:00,18020.06394303234,18823.73399605151,17498.12183586326
forecast_3344,2025-05-20 08:00:00,17235.54399649448,18434.100091672288,16138.18600210615
forecast_3345,2025-05-20 09:00:00,15946.583566181082,16999.361336827886,14913.66961603888
forecast_3346,2025-05-20 10:00:00,14735.39428833548,15968.233964787321,13208.684352357963
forecast_3347,2025-05-20 11:00:00,13338.510625446757,14183.594006339199,11801.708233497493
forecast_3348,2025-05-20 12:00:00,12785.59258851212,13111.471774674515,10985.42812149253
forecast_3349,2025-05-20 13:00:00,12537.687767767038,13319.655198325623,11928.61510760452
forecast_3350,2025-05-20 14:00:00,13703.614458138993,14090.831993083744,12918.241297283614
forecast_3351,2025-05-20 15:00:00,14078.885616539992,14854.508641316124,14481.684917830915
forecast_3352,2025-05-20 16:00:00,14461.83118916001,15434.238068192713,15423.66066427552
forecast_3353,2025-05-20 17:00:00,14777.84305337665,15918.655949549913,15327.327123727548
forecast_3354,2025-05-20 18:00:00,14937.952545052018,16480.43917370582,16084.50498715806
forecast_3355,2025-05-20 19:00:00,15348.411973752514,17004.28488952472,17489.38968067305
forecast_3356,2025-05-20 20:00:00,16164.038375149761,17012.663464471178,18100.445743552602
forecast_3357,2025-05-20 21:00:00,16105.805684277366,17892.42021998376,18186.85826555997
forecast_3358,2025-05-20 22:00:00,16299.64570044661,18233.632858102712,18335.439914521437
forecast_3359,2025-05-20 23:00:00,17272.64952479518,18182.391364911116,18124.929982724705
forecast_3360,2025-05-21 00:00:00,17526.86959308668,18370.129776341146,18279.638960816515
forecast_3361,2025-05-21 01:00:00,18076.28260231229,16748.401384626268,16085.353709267183
forecast_3362,2025-05-21 02:00:00,17800.461863333534,16252.780649647128,15641.439537780121
forecast_3363,2025-05-21 03:00:00,15418.450778969982,16206.227020666856,14628.384352547164
forecast_3364,2025-05-21 04:00:00,13699.913301299099,15240.687900826311,12944.984192859005
forecast_3365,2025-05-21 05:00:00,11029.317847787446,11994.188911713729,10547.940946930814
forecast_3366,2025-05-21 06:00:00,9577.81872555187,8796.858705339066,8091.170342684342
forecast_3367,2025-05-21 07:00:00,6478.99855609018,6701.025246087934,4855.430904349618
forecast_3368,2025-05-21 08:00:00,5877.538127859088,5833.148245028631,4201.417346410712
forecast_3369,2025-05-21 09:00:00,3895.4497671018253,3923.8991747449586,3591.874235751618
forecast_3370,2025-05-21 10:00:00,3515.7274873205056,3201.032561125884,2904.230331969683
forecast_3371,2025-05-21 11:00:00,3593.6477582538528,3325.1449407967443,3428.524690116834
forecast_3372,2025-05-21 12:00:00,3608.3188701960057,3385.9270799290343,3172.3303804841644
forecast_3373,2025-05-21 13:00:00,3618.16439593467,3832.4202990860313,3067.941689832213
forecast_3374,2025-05-21 14:00:00,3705.21239418848,3662.709881302984,3374.5821517494014
forecast_3375,2025-05-21 15:00:00,3265.330604515501,3177.2646987277976,2266.329171324153
forecast_3376,2025-05-21 16:00:00,3164.651443260954,2385.323120707573,2220.419694749386
forecast_3377,2025-05-21 17:00:00,3233.27495059939,4409.448180872898,2462.9166462945477
forecast_3378,2025-05-21 18:00:00,2539.0900951255057,2286.051145618816,3199.6206267331204
forecast_3379,2025-05-21 19:00:00,3067.2430870729786,2946.4492790533604,3749.4682915453486
forecast_3380,2025-05-21 20:00:00,2994.99240649317,3578.382348041217,3712.635229882705
forecast_3381,2025-05-21 21:00:00,3472.899665994799,3468.1155686601765,3829.342499327976
forecast_3382,2025-05-21 22:00:00,2869.2855206868708,3556.2683920416644,3930.49763183314
forecast_3383,2025-05-21 23:00:00,3693.9750024907617,3418.554741534665,3666.1254109920337
forecast_3384,2025-05-22 00:00:00,3639.8603789498625,3633.680915414482,3568.97594200059
forecast_3385,2025-05-22 01:00:00,3649.326037370299,3405.8464759357125,3257.518198297532
forecast_3386,2025-05-22 02:00:00,3615.882690295601,3475.5796519730097,3374.887083224767
forecast_3387,2025-05-22 03:00:00,3661.5842683552773,3507.1819922797304,3310.1345573625376
forecast_3388,2025-05-22 04:00:00,3423.521145094254,3394.471606638889,3357.6045323116186
forecast_3389,2025-05-22 05:00:00,3874.0158262738496,3549.4460101562695,3502.2644506515953
forecast_3390,2025-05-22 06:00:00,3647.3588886927264,3776.8917834823123,3481.1664549092493
forecast_3391,2025-05-22 07:00:00,4120.992554385694,3913.788146764302,3559.6279592865485
forecast_3392,2025-05-22 08:00:00,3459.0552704586858,3403.8506737552216,3299.220795612467
forecast_3393,2025-05-22 09:00:00,3421.5217961382405,3269.8497203893185,2863.7166715827725
forecast_3394,2025-05-22 10:00:00,3536.5838840481238,3755.028400040715,2824.3930690454254
forecast_3395,2025-05-22 11:00:00,3492.1993183411682,3523.453503498174,3357.4267447345983
forecast_3396,2025-05-22 12:00:00,3703.918879588237,3679.280626825139,3329.0200718593783
forecast_3397,2025-05-22 13:00:00,3651.2385941127604,3553.372826066208,3289.691260135402
forecast_3398,2025-05-22 14:00:00,3463.808405213037,3505.003683073528,3165.9793730045403
forecast_3399,2025-05-22 15:00:00,3491.9246306871332,3411.7985722279873,2674.7234907337215
forecast_3400,2025-05-22 16:00:00,3393.6300849916793,3386.636578263569,3132.3799442738755
forecast_3401,2025-05-22 17:00:00,3234.6828316906312,3161.1604429750787,2932.3984609205486
forecast_3402,2025-05-22 18:00:00,3708.6294787500474,2994.793375150677,3180.613226042698
forecast_3403,2025-05-22 19:00:00,3844.805650524941,3363.221141508595,3239.200449926716
forecast_3404,2025-05-22 20:00:00,3451.4221845788934,2704.6229952770846,3801.7901184201287
forecast_3405,2025-05-22 21:00:00,3804.3533670927877,3813.3249121776435,2274.672650145293
forecast_3406,2025-05-22 22:00:00,3895.2631573683125,3371.754797763607,3188.0167029123418
forecast_3407,2025-05-22 23:00:00,3760.2310954607647,3386.9846775196056,3353.952418876769
forecast_3408,2025-05-23 00:00:00,3518.499088146785,3196.463626375911,3700.515136407742
forecast_3409,2025-05-23 01:00:00,4196.728149120705,4086.4376226270174,3282.347905580329
forecast_3410,2025-05-23 02:00:00,4029.1942123559797,3925.580128616823,3341.0637922082324
forecast_3411,2025-05-23 03:00:00,4112.091529464489,4104.140507856087,3313.9514473634144
forecast_3412,2025-05-23 04:00:00,4088.1495504478917,4070.8397436641117,3325.306901631198
forecast_3413,2025-05-23 05:00:00,4299.615564631438,4270.234699096254,3488.0233360419797
forecast_3414,2025-05-23 06:00:00,4108.995057487837,3968.217589904867,3813.274433594535
forecast_3415,2025-05-23 07:00:00,3917.6030120550067,3859.6255019874843,3442.6964689594665
forecast_3416,2025-05-23 08:00:00,3973.63446795044,3925.0109022190363,3522.1276552774307
forecast_3417,2025-05-23 09:00:00,3534.592336215387,3443.9515281254144,3222.529617919467
forecast_3418,2025-05-23 10:00:00,3400.3214494339654,3457.399872767772,3125.481360093689
forecast_3419,2025-05-23 11:00:00,3412.1080197263136,3465.6876239549047,2997.5811081023116
forecast_3420,2025-05-23 12:00:00,3068.967241321329,3263.202457728667,2612.436872360138
forecast_3421,2025-05-23 13:00:00,2928.116918848827,2844.2169562386885,2642.1370848701335
forecast_3422,2025-05-23 14:00:00,3037.5077608747843,2727.276564261106,3854.746834739783
forecast_3423,2025-05-23 15:00:00,3055.6002699094915,2711.849476412748,3762.031409975023
forecast_3424,2025-05-23 16:00:00,3200.1701514926453,2972.1943832418724,3768.9638360617796
forecast_3425,2025-05-23 17:00:00,3039.6802417498175,3333.208251907469,2504.874141133403
forecast_3426,2025-05-23 18:00:00,3539.446507976655,3382.5919850731534,2767.728389907116
forecast_3427,2025-05-23 19:00:00,3536.6584542257438,3681.3210186878628,2826.2023611596615
forecast_3428,2025-05-23 20:00:00,3730.887941790416,3865.3631716817026,3185.5957984753736
forecast_3429,2025-05-23 21:00:00,4226.6236787774415,4459.09430646869,3523.774399157942
forecast_3430,2025-05-23 22:00:00,4388.664638406339,4559.806469381148,3357.008898121802
forecast_3431,2025-05-23 23:00:00,4159.486684811593,4250.758087933507,3551.5280556127236
forecast_3432,2025-05-24 00:00:00,4051.306928145587,4054.6189146153174,3716.570890443922
forecast_3433,2025-05-24 01:00:00,3870.4650479226575,4515.931449488578,3743.822728770142
forecast_3434,2025-05-24 02:00:00,4040.8529624351177,4488.151903707111,3692.3537322051116
forecast_3435,2025-05-24 03:00:00,3879.449050851977,4295.210950850289,3856.3325987877524
forecast_3436,2025-05-24 04:00:00,3942.3156470253684,4279.160569715496,3782.1437483318828
forecast_3437,2025-05-24 05:00:00,3893.945856506905,4384.9849362529,3703.882322023841
forecast_3438,2025-05-24 06:00:00,4329.621042156893,5081.3718350558465,3751.0617342647647
forecast_3439,2025-05-24 07:00:00,4344.048498772346,5294.501405802315,3755.4349548835235
forecast_3440,2025-05-24 08:00:00,4205.175553131691,4927.177652994384,3233.7990807204187
forecast_3441,2025-05-24 09:00:00,4188.306379742254,4903.014978750481,3569.4237938844676
forecast_3442,2025-05-24 10:00:00,3914.508265882304,4927.51908221319,3724.927442307289
forecast_3443,2025-05-24 11:00:00,3862.582432148607,5071.191142681665,3415.7005859872424
forecast_3444,2025-05-24 12:00:00,3789.983186683342,4530.2844894151785,3405.037567989497
forecast_3445,2025-05-24 13:00:00,3722.886539905631,4514.945537232487,3719.002305339157
forecast_3446,2025-05-24 14:00:00,3526.0207783595774,3890.7977704839514,3290.2720917314846
forecast_3447,2025-05-24 15:00:00,3742.162023160714,3932.5326311876065,3390.5549511820573
forecast_3448,2025-05-24 16:00:00,3920.4133311180913,4772.865203076534,3771.547085613085
forecast_3449,2025-05-24 17:00:00,4598.069977051464,5241.501843548253,4365.396523417849
forecast_3450,2025-05-24 18:00:00,5227.4941900598305,5889.20670943948,4646.244922954044
forecast_3451,2025-05-24 19:00:00,5336.310630343051,6219.741480794133,4548.894313314094
forecast_3452,2025-05-24 20:00:00,5356.286081781026,5831.168022113661,4257.374389263746
forecast_3453,2025-05-24 21:00:00,4937.649548295683,5846.085002947378,3982.6201109145377
forecast_3454,2025-05-24 22:00:00,5020.6649235753375,6403.911517080336,3957.8452540063145
forecast_3455,2025-05-24 23:00:00,5113.831353018244,5700.0920783372385,3787.9677664917817
forecast_3456,2025-05-25 00:00:00,4945.727830091479,5596.897718859659,3837.5696913468796
forecast_3457,2025-05-25 01:00:00,3845.261850224096,4094.1659419880543,3250.9457480221945
forecast_3458,2025-05-25 02:00:00,3829.7723564193916,4021.22518785389,3218.3030337692467
forecast_3459,2025-05-25 03:00:00,3727.2953685643965,3743.3188889478242,2946.638117482209
forecast_3460,2025-05-25 04:00:00,3895.4570465507654,3507.0046369976317,3193.111471528489
forecast_3461,2025-05-25 05:00:00,4003.9295022229635,3925.4139964058336,3149.9113439871476
forecast_3462,2025-05-25 06:00:00,4363.007175026681,4457.479919432559,3506.563024082798
forecast_3463,2025-05-25 07:00:00,5141.405392234855,5186.571985704636,3818.6215291352323
forecast_3464,2025-05-25 08:00:00,3880.022542411829,3967.959011042544,3309.5975761958384
forecast_3465,2025-05-25 09:00:00,3370.3017971395716,3498.6008362899024,2994.5320889486084
forecast_3466,2025-05-25 10:00:00,3568.8174899909523,4907.529328837522,3374.4209698767404
forecast_3467,2025-05-25 11:00:00,4104.438393196821,6670.955506360911,2772.288926718808
forecast_3468,2025-05-25 12:00:00,3875.638124567041,3170.403153210419,2448.253792267833
forecast_3469,2025-05-25 13:00:00,3666.953597464988,3393.523626983937,2889.5684867671184
forecast_3470,2025-05-25 14:00:00,3902.9287841171445,3819.896427023311,3326.2933861647207
forecast_3471,2025-05-25 15:00:00,3889.8590062649714,3922.943988567172,3838.2765769952507
forecast_3472,2025-05-25 16:00:00,3690.533040596389,3555.5331597160953,3589.990163416369
forecast_3473,2025-05-25 17:00:00,3655.741079928328,3451.011983286173,3743.7245350393996
forecast_3474,2025-05-25 18:00:00,3926.9703908314023,3822.687216350108,3428.8172034333506
forecast_3475,2025-05-25 19:00:00,3865.4494443537965,5749.852444088811,3475.2575536863055
forecast_3476,2025-05-25 20:00:00,4344.982455495481,6600.113555688518,3789.6148399002477
forecast_3477,2025-05-25 21:00:00,7035.113795928171,7714.363235324112,4878.747479116379
forecast_3478,2025-05-25 22:00:00,8566.41497115819,9300.066211746787,6208.844304202811
forecast_3479,2025-05-25 23:00:00,8046.411814199998,9090.758864245447,7182.53202643797
forecast_3480,2025-05-26 00:00:00,8350.718835848,8993.247116487311,6865.073825037133
forecast_3481,2025-05-26 01:00:00,9093.249018087792,9787.763003012784,7138.533205592475
forecast_3482,2025-05-26 02:00:00,7985.57846427449,8422.883450849917,6712.15858811249
forecast_3483,2025-05-26 03:00:00,7272.157527064373,7606.374576094789,5324.893459943757
forecast_3484,2025-05-26 04:00:00,7076.274558051669,5445.814206156454,3851.017656667442
forecast_3485,2025-05-26 05:00:00,4026.372466560707,4006.9984768281856,3719.314655264582
forecast_3486,2025-05-26 06:00:00,4618.938421386255,4463.331648052316,3315.675785251644
forecast_3487,2025-05-26 07:00:00,3587.578525905417,3763.561084855836,2743.6219399555885
forecast_3488,2025-05-26 08:00:00,3170.905352182829,3591.561996835936,3178.3078518278026
forecast_3489,2025-05-26 09:00:00,3763.523049559588,3464.30761659162,3644.019512137419
forecast_3490,2025-05-26 10:00:00,3905.598527538081,3553.4960331862258,3600.0080638287527
forecast_3491,2025-05-26 11:00:00,3192.989682915926,3088.479845137263,3708.7239887274122
forecast_3492,2025-05-26 12:00:00,3109.5716731604894,3175.326123691464,2883.6200989471135
forecast_3493,2025-05-26 13:00:00,3244.020958832848,3218.8397259377157,3136.2018581587154
forecast_3494,2025-05-26 14:00:00,2983.565127197582,2823.613289878545,2351.73689241095
forecast_3495,2025-05-26 15:00:00,6278.145373703555,2558.6663611526033,2758.01712900348
forecast_3496,2025-05-26 16:00:00,2344.970932676302,2477.578373352528,140.21871464550645
forecast_3497,2025-05-26 17:00:00,3513.156325282227,3155.925334209145,5303.858084394267
forecast_3498,2025-05-26 18:00:00,3314.5387295647647,3776.7463592016525,3727.2242586029424
forecast_3499,2025-05-26 19:00:00,3282.1093469583097,3449.395057680047,3681.158866793713
forecast_3500,2025-05-26 20:00:00,3482.551243111877,3690.0037780856437,3406.955186367657
forecast_3501,2025-05-26 21:00:00,3608.581202389439,4055.8657330075666,3293.514098300864
forecast_3502,2025-05-26 22:00:00,3992.1514922974948,4126.169092087128,3401.1792055757633
forecast_3503,2025-05-26 23:00:00,4537.302602694649,4586.558152511566,3523.213341035714
forecast_3504,2025-05-27 00:00:00,5215.11294182641,5232.576785370069,3772.7420406467413
forecast_3505,2025-05-27 01:00:00,5207.552252463302,5445.753564246814,3765.337996812033
forecast_3506,2025-05-27 02:00:00,5834.437412259058,5616.716910465777,3793.568332301564
forecast_3507,2025-05-27 03:00:00,6658.42488777711,6130.1345462291765,3893.395386748064
forecast_3508,2025-05-27 04:00:00,4487.380862675157,7774.742256288586,3648.4528438361276
forecast_3509,2025-05-27 05:00:00,4660.058473044208,4558.141623560876,3599.490249815643
forecast_3510,2025-05-27 06:00:00,3907.5935055915816,3923.342503040498,3628.449656066832
forecast_3511,2025-05-27 07:00:00,3392.9960173226254,3362.368320467881,3177.0006309305227
forecast_3512,2025-05-27 08:00:00,3256.009153597115,3577.26063243766,3039.0697650013317
forecast_3513,2025-05-27 09:00:00,3805.435722970422,3980.453079988131,2999.492513278729
forecast_3514,2025-05-27 10:00:00,4039.2644003308733,3823.0796211712604,3065.5176410416016
forecast_3515,2025-05-27 11:00:00,3238.087621909588,4042.6539026510454,2633.98266629243
forecast_3516,2025-05-27 12:00:00,2872.213208764859,2612.477179854075,2275.312398017935
forecast_3517,2025-05-27 13:00:00,6249.043476556766,7163.993676760791,4163.2352873579675
forecast_3518,2025-05-27 14:00:00,3163.02363314117,3224.328427539881,2399.980991512192
forecast_3519,2025-05-27 15:00:00,6339.2392563974545,6753.7270006210765,4377.837343325407
forecast_3520,2025-05-27 16:00:00,3938.376302394292,2735.89125018892,2325.075139017256
forecast_3521,2025-05-27 17:00:00,3607.377556779937,2744.6837974145133,3557.392847942602
forecast_3522,2025-05-27 18:00:00,3505.200345474023,2632.4490498904015,3663.9124876457936
forecast_3523,2025-05-27 19:00:00,4095.9044174751734,6186.11417930295,4512.56558570531
forecast_3524,2025-05-27 20:00:00,3806.7865656811664,3954.0687761751647,3538.108171468244
forecast_3525,2025-05-27 21:00:00,3909.4150157261306,3829.805280482574,4469.808280121473
forecast_3526,2025-05-27 22:00:00,3391.3340996463594,3499.905918354114,3594.6977027465878
forecast_3527,2025-05-27 23:00:00,3898.3175311273235,3631.300883528974,3788.841578024134
forecast_3528,2025-05-28 00:00:00,3537.698299391507,3485.6592604626403,3559.4672732980625
forecast_3529,2025-05-28 01:00:00,4854.508065873271,4086.1612853000765,3315.1868487655975
forecast_3530,2025-05-28 02:00:00,4299.315119085055,5290.091290193333,3492.768557322518
forecast_3531,2025-05-28 03:00:00,4772.032659846748,4880.422099155806,3695.7090244785077
forecast_3532,2025-05-28 04:00:00,5084.441477908025,5146.320875919024,3486.0920895715985
forecast_3533,2025-05-28 05:00:00,4575.60815453877,4509.467004450925,3686.570522274573
forecast_3534,2025-05-28 06:00:00,3840.116565174904,3872.833691167034,3274.055514935322
forecast_3535,2025-05-28 07:00:00,3473.5419836215106,3098.4320840603928,2932.125484543281
forecast_3536,2025-05-28 08:00:00,3923.1943854873634,4445.860282604798,2772.907879933965
forecast_3537,2025-05-28 09:00:00,3737.909499274824,4208.6661142194735,2123.168672645035
forecast_3538,2025-05-28 10:00:00,2698.9529354578212,4436.710060784657,19.049356229551165
forecast_3539,2025-05-28 11:00:00,3972.5388825562745,4422.721612784948,2523.9026139795833
forecast_3540,2025-05-28 12:00:00,2893.8034404363916,2622.3648006450426,2796.0757775432703
forecast_3541,2025-05-28 13:00:00,120.36099288214643,112.92358077088866,82.90277920632943
forecast_3542,2025-05-28 14:00:00,193.1462117353089,181.36049786457258,154.24911701390783
forecast_3543,2025-05-28 15:00:00,3548.9877173327013,5357.952835965061,154.46953017497236
forecast_3544,2025-05-28 16:00:00,3989.507485682927,2297.584223001781,164.60203070237276
forecast_3545,2025-05-28 17:00:00,6260.594528289965,6553.438636370083,4163.149980830834
forecast_3546,2025-05-28 18:00:00,4056.417221828798,6547.361482550588,4154.3065995739835
forecast_3547,2025-05-28 19:00:00,2771.3422986105716,4014.7459227926893,4206.0287567662435
forecast_3548,2025-05-28 20:00:00,3455.4034323838932,3609.225060377111,4265.8598765690485
forecast_3549,2025-05-28 21:00:00,3582.534358041828,3355.920477089572,4481.031483695347
forecast_3550,2025-05-28 22:00:00,3674.3576740584435,3521.253720812265,3769.1591455953417
forecast_3551,2025-05-28 23:00:00,3818.98999518797,3439.029737513308,3464.4017633274366
forecast_3552,2025-05-29 00:00:00,3471.184284961757,3775.8008159782266,3078.604735574661
forecast_3553,2025-05-29 01:00:00,3521.665851692364,3391.476455224715,3366.728646020037
forecast_3554,2025-05-29 02:00:00,3368.9216384798738,3394.688436424511,2830.2187591817233
forecast_3555,2025-05-29 03:00:00,3582.548133899779,3118.470325087147,3046.7044261518804
forecast_3556,2025-05-29 04:00:00,3024.8708691440083,2851.5134682451626,2598.227208283939
forecast_3557,2025-05-29 05:00:00,3346.295046302939,3052.9064487127616,2582.342760226611
forecast_3558,2025-05-29 06:00:00,3332.86014563152,3293.0584226248184,2527.4248591086766
forecast_3559,2025-05-29 07:00:00,3299.3731709027634,3841.3793865517373,2436.0212220276208
forecast_3560,2025-05-29 08:00:00,3131.9490457163906,4186.0446600073465,165.71636020817252
forecast_3561,2025-05-29 09:00:00,4046.3321664259884,2884.4133412508786,120.3266184141954
forecast_3562,2025-05-29 10:00:00,4497.514368022033,3377.0431666650297,125.0729986218991
forecast_3563,2025-05-29 11:00:00,2904.8615808563436,3120.80964151802,2574.8376328788136
forecast_3564,2025-05-29 12:00:00,2322.505270584157,2507.5825478504357,2619.5750893464274
forecast_3565,2025-05-29 13:00:00,3247.826361980092,2371.738816112503,390.04099510989255
forecast_3566,2025-05-29 14:00:00,2763.2674385637783,2403.1637169522396,3607.60737965721
forecast_3567,2025-05-29 15:00:00,3255.2458349196745,3356.6109619386752,3281.855829017189
forecast_3568,2025-05-29 16:00:00,3478.8784246195064,3098.684878053431,2988.5694380740697
forecast_3569,2025-05-29 17:00:00,3578.6245271603975,3205.14157292229,2981.04972800195
forecast_3570,2025-05-29 18:00:00,3541.8381408619002,3033.406603686709,3347.4730157381573
forecast_3571,2025-05-29 19:00:00,2910.1846761875204,3197.5378073691427,3033.502374879295
forecast_3572,2025-05-29 20:00:00,3442.555183826581,3372.4925278988853,3269.451458265577
forecast_3573,2025-05-29 21:00:00,3235.3212220665787,3389.674924650582,3304.3257905933356
forecast_3574,2025-05-29 22:00:00,3327.9048078172577,3563.4260906402797,3468.652177975361
forecast_3575,2025-05-29 23:00:00,3447.3338216955062,3389.1413572436595,3521.081126211223
forecast_3576,2025-05-30 00:00:00,3347.45454535221,3259.7835924755227,3067.5486556951582
forecast_3577,2025-05-30 01:00:00,3275.7359778333666,3502.1162092059294,2975.2254006985013
forecast_3578,2025-05-30 02:00:00,3373.6201644581643,3485.7828895407592,3511.4157836782883
forecast_3579,2025-05-30 03:00:00,3489.5312480000985,3862.1528949362623,3465.24585577599
forecast_3580,2025-05-30 04:00:00,3235.7050377074843,3428.2815887114493,3445.2783472544697
forecast_3581,2025-05-30 05:00:00,3443.13226890112,3425.5140192010977,2945.5794269011694
forecast_3582,2025-05-30 06:00:00,3416.657671333952,3659.9958556689353,3102.3336502150632
forecast_3583,2025-05-30 07:00:00,3281.2074472199934,3622.8538473358185,2906.0030261768716
forecast_3584,2025-05-30 08:00:00,3477.4355274430773,3749.421942742964,2806.6785155987354
forecast_3585,2025-05-30 09:00:00,3541.5378844015404,3470.512338741928,3225.4786154314315
forecast_3586,2025-05-30 10:00:00,3259.536148894649,3079.020608781559,3477.351303005938
forecast_3587,2025-05-30 11:00:00,3797.3368156899296,3518.874606447321,3563.6013305025162
forecast_3588,2025-05-30 12:00:00,3613.2172263024986,3491.2584770088433,3630.428500993602
forecast_3589,2025-05-30 13:00:00,3470.4006440742687,3693.0536211008884,3562.674385379524
forecast_3590,2025-05-30 14:00:00,3476.339335706404,3643.7226963710564,3037.957887980237
forecast_3591,2025-05-30 15:00:00,3705.7047339379587,3424.0662541447664,2886.8378974183893
forecast_3592,2025-05-30 16:00:00,3966.705872349293,3362.727976707518,2854.82904318576
forecast_3593,2025-05-30 17:00:00,3628.6604291328476,3135.6792898818885,2680.3441536301825
forecast_3594,2025-05-30 18:00:00,3535.248010290614,2949.350205495707,3061.5752293524897
forecast_3595,2025-05-30 19:00:00,3678.3857006460366,3325.5327766628925,3219.233795029278
forecast_3596,2025-05-30 20:00:00,3484.5621122715993,3380.437097996859,3207.0706820120895
forecast_3597,2025-05-30 21:00:00,3233.161036962303,3457.944144614899,3152.2473147290175
forecast_3598,2025-05-30 22:00:00,3078.6126489441504,3401.716896597255,3358.682928219115
forecast_3599,2025-05-30 23:00:00,3485.5671265364745,3737.681927007321,3269.2700599800564
forecast_3600,2025-05-31 00:00:00,2906.203970326532,3600.1459031572476,3245.6827170356273
forecast_3601,2025-05-31 01:00:00,3295.5371911677084,3526.434717162115,3415.954498652124
forecast_3602,2025-05-31 02:00:00,3681.2947946925196,3716.682559076372,3431.5942991986767
forecast_3603,2025-05-31 03:00:00,3688.7558549139835,3481.2036439545527,2687.5631393784142
forecast_3604,2025-05-31 04:00:00,3417.5884823402553,3548.0761720346136,2794.2569287563
forecast_3605,2025-05-31 05:00:00,3487.0311008726276,3135.9256424790156,2805.152869886327
forecast_3606,2025-05-31 06:00:00,3664.1958677076027,3696.5363398023633,3058.7410438607044
forecast_3607,2025-05-31 07:00:00,3521.0842659036743,3414.167069037292,2992.749233598095
forecast_3608,2025-05-31 08:00:00,3815.5612693380126,3924.1954633777586,3043.885018545832
forecast_3609,2025-05-31 09:00:00,3908.074138477591,3893.817796214696,2841.6300818676805
forecast_3610,2025-05-31 10:00:00,3715.4114978468483,3939.7290837598453,3209.0595881537133
forecast_3611,2025-05-31 11:00:00,4208.182728476431,4057.8795376096436,3572.2914110474317
forecast_3612,2025-05-31 12:00:00,3593.8188201357534,3884.353088705826,3365.548061051592
forecast_3613,2025-05-31 13:00:00,3710.229079900182,3868.220470995842,3189.0665937983945
forecast_3614,2025-05-31 14:00:00,3832.6373975316237,3488.348728101082,3018.3811960896032
forecast_3615,2025-05-31 15:00:00,3492.91003838973,3512.4493007392784,3011.9880000798194
forecast_3616,2025-05-31 16:00:00,3972.711210050915,4848.535670459336,3662.5964057204283
forecast_3617,2025-05-31 17:00:00,3848.1632304502373,3520.316498670606,3457.077018895531
forecast_3618,2025-05-31 18:00:00,3654.6908800443434,3763.9426509149275,3462.0081862575457
forecast_3619,2025-05-31 19:00:00,3454.178221597945,3567.1345387930323,3371.927059219391
forecast_3620,2025-05-31 20:00:00,3669.105253431818,3752.2128056986453,3358.6432389360016
forecast_3621,2025-05-31 21:00:00,3562.8519481972157,3685.723311633628,3269.075488661849
forecast_3622,2025-05-31 22:00:00,3494.22521672042,3883.4765858746596,3419.7478125652697
forecast_3623,2025-05-31 23:00:00,3918.604591597407,3863.426973634778,3332.1562996884095
forecast_3624,2025-06-01 00:00:00,3301.484703020351,3617.422025216114,3456.6572948218713
forecast_3625,2025-06-01 01:00:00,3632.826853211611,4316.2340824822895,3511.3125878358314
forecast_3626,2025-06-01 02:00:00,3588.2306454472946,3373.6670607834553,2932.5303586950195
forecast_3627,2025-06-01 03:00:00,3601.5526788888637,3738.1950831416293,3436.4120002877853
forecast_3628,2025-06-01 04:00:00,3854.23332390263,3913.6665988936697,3534.6874102776906
forecast_3629,2025-06-01 05:00:00,3725.7071013654017,3737.2592389267966,3296.056790935603
forecast_3630,2025-06-01 06:00:00,3544.1694827287074,3415.4230973074523,3435.979342245482
forecast_3631,2025-06-01 07:00:00,3755.8756219176466,4009.870022634692,3215.065319089491
forecast_3632,2025-06-01 08:00:00,3539.206923280187,3223.2545768472637,2727.5694343970226
forecast_3633,2025-06-01 09:00:00,3606.7317942174077,3523.8576825817454,2527.02298884482
forecast_3634,2025-06-01 10:00:00,3598.3099712369967,3913.5610282125012,3154.780791662456
forecast_3635,2025-06-01 11:00:00,3729.778485111677,4488.748670671015,2742.2024777850193
forecast_3636,2025-06-01 12:00:00,3753.9902012307634,3102.974325232769,2607.7675346234105
forecast_3637,2025-06-01 13:00:00,4159.907719228337,3538.618400071239,85.83399249756059
forecast_3638,2025-06-01 14:00:00,3905.684539683516,3113.9951131586813,2582.66647226361
forecast_3639,2025-06-01 15:00:00,7192.124253085829,4265.044832424446,2226.402971466277
forecast_3640,2025-06-01 16:00:00,2761.03673630409,3394.3207877579534,73.38548159390982
forecast_3641,2025-06-01 17:00:00,2889.5512411273885,3531.7040172651714,87.4141547658187
forecast_3642,2025-06-01 18:00:00,3240.625776932989,3489.2535344025937,2964.008572183064
forecast_3643,2025-06-01 19:00:00,3527.5412232928975,3568.060400384165,3209.442481453377
forecast_3644,2025-06-01 20:00:00,3947.628095482855,3783.928357186681,3335.0851782708564
forecast_3645,2025-06-01 21:00:00,4566.217214494695,5517.144237066536,3529.6532119540034
forecast_3646,2025-06-01 22:00:00,5368.10868675291,5200.349278646256,3439.909844146788
forecast_3647,2025-06-01 23:00:00,4127.726558009542,4588.238278627188,3717.984198202361
forecast_3648,2025-06-02 00:00:00,4985.6455198288495,4906.5832335146915,3426.2400023693363
forecast_3649,2025-06-02 01:00:00,4108.449269837218,4041.456702243519,3386.405096635678
forecast_3650,2025-06-02 02:00:00,3976.8676674072167,4193.834484706409,3387.878485820005
forecast_3651,2025-06-02 03:00:00,3810.7569201978476,3876.119838607948,3424.582442581133
forecast_3652,2025-06-02 04:00:00,3759.4386631046864,3553.3510878036786,3194.8955878139677
forecast_3653,2025-06-02 05:00:00,3369.545461747526,3453.0709589789794,3375.8426942980914
forecast_3654,2025-06-02 06:00:00,3377.8784342351996,3695.8145378202616,3270.875028999195
forecast_3655,2025-06-02 07:00:00,3392.4844513764283,3256.875001695853,3815.488062494042
forecast_3656,2025-06-02 08:00:00,4357.893700072401,4230.57051409316,3677.7772521807037
forecast_3657,2025-06-02 09:00:00,4004.489526217758,4214.172722362855,3632.608976533197
forecast_3658,2025-06-02 10:00:00,3704.0423961022425,3543.980170082036,3546.455751905346
forecast_3659,2025-06-02 11:00:00,4051.249894875357,3445.139306212945,4140.159970495704
forecast_3660,2025-06-02 12:00:00,4033.2807377048925,3190.938710293429,3839.49110968283
forecast_3661,2025-06-02 13:00:00,5795.37433405149,3184.270962607576,2688.8389966649274
forecast_3662,2025-06-02 14:00:00,3543.8047215587258,3073.8732894822724,2510.138549227363
forecast_3663,2025-06-02 15:00:00,2927.01723160475,3012.3160708851483,3299.147348348109
forecast_3664,2025-06-02 16:00:00,3421.7557515156273,3322.3160420804834,3102.3801605323138
forecast_3665,2025-06-02 17:00:00,3831.224590290014,3892.952972414838,3435.1264261469996
forecast_3666,2025-06-02 18:00:00,5076.100458973933,5180.520488226763,3559.54707023787
forecast_3667,2025-06-02 19:00:00,4384.713696388051,4558.823538183375,3976.652255312677
forecast_3668,2025-06-02 20:00:00,4225.28470946383,3862.18431470637,3802.7747496268867
forecast_3669,2025-06-02 21:00:00,3804.194550275796,3791.0517225149056,3484.2126166040175
forecast_3670,2025-06-02 22:00:00,3861.351397182663,4135.58893668728,3027.833387424711
forecast_3671,2025-06-02 23:00:00,3906.0092362333517,3671.4316335681506,2789.1059726415533
forecast_3672,2025-06-03 00:00:00,3765.4608273384792,3515.0782534386644,3139.3068229897035
forecast_3673,2025-06-03 01:00:00,3965.9405515532108,3953.1360950453877,3313.4048648570506
forecast_3674,2025-06-03 02:00:00,3833.464253472459,3924.128984782329,3473.6887454721113
forecast_3675,2025-06-03 03:00:00,3897.2931883586166,3854.060707857549,3448.700465900047
forecast_3676,2025-06-03 04:00:00,3593.709261963852,3586.905437063006,3707.8421931017165
forecast_3677,2025-06-03 05:00:00,3844.4055721050913,3889.5834621103836,3666.45606486982
forecast_3678,2025-06-03 06:00:00,3911.4160943768866,3958.660553542836,3802.6864731211354
forecast_3679,2025-06-03 07:00:00,3868.767657153079,3686.1704258444574,3769.7641426127184
forecast_3680,2025-06-03 08:00:00,3902.667890309577,3416.5351366340738,2821.5398528583178
forecast_3681,2025-06-03 09:00:00,3452.7992974172494,3510.1140387831747,3230.8832120202096
forecast_3682,2025-06-03 10:00:00,3827.324121989769,3825.1794863476166,3451.4200457414663
forecast_3683,2025-06-03 11:00:00,4151.252264800168,4138.226895383926,3339.8674501342293
forecast_3684,2025-06-03 12:00:00,4940.587087144279,4875.485088274309,3803.6811234695215
forecast_3685,2025-06-03 13:00:00,7176.394552448913,6923.634845343548,5647.628572718233
forecast_3686,2025-06-03 14:00:00,9209.094092984908,9369.312812478978,7941.063243740304
forecast_3687,2025-06-03 15:00:00,9589.278543439497,10398.506416331387,8396.945924203173
forecast_3688,2025-06-03 16:00:00,11228.518161492764,10714.79008432929,8226.331928403115
forecast_3689,2025-06-03 17:00:00,11284.483377016852,11347.126468985864,8796.8431390209
forecast_3690,2025-06-03 18:00:00,11862.095492628543,11365.580801164437,9083.492481239564
forecast_3691,2025-06-03 19:00:00,12237.565686995213,11993.251509573547,10375.209181035209
forecast_3692,2025-06-03 20:00:00,13330.173989236711,13366.920233870676,12189.143880462027
forecast_3693,2025-06-03 21:00:00,14817.176108500063,16867.87841183367,14018.448023748275
forecast_3694,2025-06-03 22:00:00,15578.914256728816,15768.547980680605,15174.216056534568
forecast_3695,2025-06-03 23:00:00,15268.82685390312,17035.114158822296,13336.220952545778
forecast_3696,2025-06-04 00:00:00,14646.24185984579,16053.389882913461,13810.0337214508
forecast_3697,2025-06-04 01:00:00,12489.230006166417,13526.700741131079,13149.16340095774
forecast_3698,2025-06-04 02:00:00,13312.58852859321,14281.289990462568,12380.73282761622
forecast_3699,2025-06-04 03:00:00,14974.20988615012,15794.173944579212,14784.496655793118
forecast_3700,2025-06-04 04:00:00,15182.30423739638,16739.7733746779,15718.845136548227
forecast_3701,2025-06-04 05:00:00,17292.440134818866,17793.41169154447,16321.508118020756
forecast_3702,2025-06-04 06:00:00,16337.902538420669,16976.19400858505,16364.534381575053
forecast_3703,2025-06-04 07:00:00,17350.67229639612,17655.042715953783,16634.82765978826
forecast_3704,2025-06-04 08:00:00,17440.29032176709,18131.50847000757,16604.261412673102
forecast_3705,2025-06-04 09:00:00,17509.714388652872,18085.325264295698,16613.69392850178
forecast_3706,2025-06-04 10:00:00,16918.688455195184,17871.848181953665,16332.626483348135
forecast_3707,2025-06-04 11:00:00,16247.674541830367,17121.67078227754,17159.70970181274
forecast_3708,2025-06-04 12:00:00,15503.980073349285,16541.6579299044,15053.719530851624
forecast_3709,2025-06-04 13:00:00,15251.588725667967,15799.397115800599,14878.312407501428
forecast_3710,2025-06-04 14:00:00,15022.02926069862,15195.06678266905,12514.601660343515
forecast_3711,2025-06-04 15:00:00,13826.507235373974,15248.652465978676,10810.315981439287
forecast_3712,2025-06-04 16:00:00,13308.978626780638,14085.388990024516,9758.092875894272
forecast_3713,2025-06-04 17:00:00,13055.509423026764,13723.908420064277,9398.648856376927
forecast_3714,2025-06-04 18:00:00,11379.060697360852,11220.078743423022,9677.860584799595
forecast_3715,2025-06-04 19:00:00,11154.764594328051,10811.174969453208,8396.179887694921
forecast_3716,2025-06-04 20:00:00,11655.52687043837,10651.723208708316,8617.505137056532
forecast_3717,2025-06-04 21:00:00,11695.580994859673,12720.889964214663,10544.322009041185
forecast_3718,2025-06-04 22:00:00,12258.29257028927,13436.842965178175,11490.424900654998
forecast_3719,2025-06-04 23:00:00,12770.827129043217,14619.814104701587,12307.281128538956
forecast_3720,2025-06-05 00:00:00,14025.243555491452,15386.876576648847,13124.949291827843
forecast_3721,2025-06-05 01:00:00,13874.149119177668,13936.488541895582,10182.192626004315
forecast_3722,2025-06-05 02:00:00,13219.317640620326,14716.941306983465,12041.593519098036
forecast_3723,2025-06-05 03:00:00,14742.76720226383,15020.672381108,12974.286533221817
forecast_3724,2025-06-05 04:00:00,14601.640881875193,15072.026694469092,12683.942834548629
forecast_3725,2025-06-05 05:00:00,13309.854598720787,13981.196766954148,12112.92513755451
forecast_3726,2025-06-05 06:00:00,13916.58128746138,13661.274421683856,11697.422219308986
forecast_3727,2025-06-05 07:00:00,13138.209765346133,13370.61459694952,11299.345225096522
forecast_3728,2025-06-05 08:00:00,12110.935455102006,12667.109985444933,10936.93105309071
forecast_3729,2025-06-05 09:00:00,11175.547073448639,10662.608292472727,9151.045280715229
forecast_3730,2025-06-05 10:00:00,7826.16545276449,8977.28732049096,6319.324894436212
forecast_3731,2025-06-05 11:00:00,6135.817566367511,6127.629381165677,5230.902088059248
forecast_3732,2025-06-05 12:00:00,4786.292786333924,4638.486802037566,4083.6809014135474
forecast_3733,2025-06-05 13:00:00,4833.992122355156,4333.0215636035155,4099.530247024419
forecast_3734,2025-06-05 14:00:00,4487.599352110868,4450.631969731708,4337.738204532623
forecast_3735,2025-06-05 15:00:00,5080.028146012334,5102.536418966304,4789.585167646377
forecast_3736,2025-06-05 16:00:00,5869.114491433039,5613.45435517098,5924.461262825996
forecast_3737,2025-06-05 17:00:00,7994.705577694903,7049.229885416209,8040.85477020257
forecast_3738,2025-06-05 18:00:00,10767.296528997163,10804.4271708128,10337.8296873221
forecast_3739,2025-06-05 19:00:00,13604.939751877451,13259.456825186075,13129.218135382383
forecast_3740,2025-06-05 20:00:00,15998.26187439362,16435.763171456772,15541.51921608989
forecast_3741,2025-06-05 21:00:00,16962.695115827704,16930.329185312487,17782.831213563764
forecast_3742,2025-06-05 22:00:00,18219.473239994117,19882.18815146108,18083.973812419383
forecast_3743,2025-06-05 23:00:00,19881.877736000413,19893.62725748033,19333.3006106006
forecast_3744,2025-06-06 00:00:00,19875.74736942885,19896.56829434152,19330.81621003782
forecast_3745,2025-06-06 01:00:00,19064.494063990875,19007.566379760203,18204.660680346286
forecast_3746,2025-06-06 02:00:00,19875.258951318097,19234.887570025454,18360.62731406229
forecast_3747,2025-06-06 03:00:00,19875.436690852966,19897.242988996146,18493.020756407077
forecast_3748,2025-06-06 04:00:00,19874.820473386244,19874.53223794907,18596.280627333952
forecast_3749,2025-06-06 05:00:00,19874.89970507643,20304.3753295895,19322.534544167043
forecast_3750,2025-06-06 06:00:00,19884.981902534917,19891.032461153765,19332.81753965838
forecast_3751,2025-06-06 07:00:00,18571.273963725318,19900.43529394626,18421.84803499514
forecast_3752,2025-06-06 08:00:00,16883.0582207654,17738.8643131543,17586.4076399764
forecast_3753,2025-06-06 09:00:00,14732.648376037547,15869.256759705686,16174.460507107802
forecast_3754,2025-06-06 10:00:00,13838.971678733458,14864.46485337895,14960.44015584233
forecast_3755,2025-06-06 11:00:00,12812.912494018248,13518.698488310294,14372.405310828366
forecast_3756,2025-06-06 12:00:00,12538.76836698329,13718.00405403703,14349.259244236693
forecast_3757,2025-06-06 13:00:00,12401.795176565613,13639.119488590077,14035.054506987593
forecast_3758,2025-06-06 14:00:00,12988.532818858399,13869.904150981734,14730.367448841049
forecast_3759,2025-06-06 15:00:00,13409.469993056116,14688.302857988878,15339.727955340613
forecast_3760,2025-06-06 16:00:00,13003.769641127672,14281.119667549383,15738.926304279688
forecast_3761,2025-06-06 17:00:00,12959.063336401707,13616.089462663078,14435.549123341021
forecast_3762,2025-06-06 18:00:00,13812.025916176135,14758.311730344325,14770.904106731155
forecast_3763,2025-06-06 19:00:00,15142.995728071131,16922.83454649645,15713.253705592946
forecast_3764,2025-06-06 20:00:00,16528.006122559615,17662.73798424064,17648.46240960942
forecast_3765,2025-06-06 21:00:00,16753.44071285143,17984.815389947064,18020.52644213496
forecast_3766,2025-06-06 22:00:00,16924.117734546526,18102.087786851367,19328.99023428601
forecast_3767,2025-06-06 23:00:00,17232.592351273997,18380.33325426529,19323.08378310013
forecast_3768,2025-06-07 00:00:00,17138.62653978634,18262.90419572694,18589.502411419344
forecast_3769,2025-06-07 01:00:00,18350.03312531066,18899.960929729128,19325.70377530906
forecast_3770,2025-06-07 02:00:00,17826.7794202372,18912.807709866986,19343.048267446502
forecast_3771,2025-06-07 03:00:00,17835.46046179533,18592.44980800382,19332.080552899657
forecast_3772,2025-06-07 04:00:00,19895.899033849582,19940.130115630418,18621.5139913262
forecast_3773,2025-06-07 05:00:00,20305.536457305025,19876.198780725128,19326.68574701081
forecast_3774,2025-06-07 06:00:00,19885.42346870557,19879.234919961746,18488.36087692559
forecast_3775,2025-06-07 07:00:00,19874.87157301283,18363.85579771905,17879.297658667623
forecast_3776,2025-06-07 08:00:00,17487.27723963024,17598.88694560874,15153.394456640912
forecast_3777,2025-06-07 09:00:00,14375.578951435553,15103.568487213957,12480.465411415318
forecast_3778,2025-06-07 10:00:00,11547.936905383285,12113.448553548476,10144.751880378333
forecast_3779,2025-06-07 11:00:00,9493.444019106031,10188.588740388306,8664.407091904512
forecast_3780,2025-06-07 12:00:00,7296.907360907433,7932.621902664636,7283.257353855544
forecast_3781,2025-06-07 13:00:00,6482.409500314785,6568.798667936664,6475.285780663603
forecast_3782,2025-06-07 14:00:00,5689.633746267564,5294.272213345555,5222.986156973786
forecast_3783,2025-06-07 15:00:00,5903.316732656889,5364.146519526724,5095.041748703332
forecast_3784,2025-06-07 16:00:00,5756.176458757391,5839.556622321552,5023.9691066991045
forecast_3785,2025-06-07 17:00:00,5933.8489294135525,5508.82650723809,5345.1878814895235
forecast_3786,2025-06-07 18:00:00,5548.6740197765575,5616.567702555248,5630.101519230609
forecast_3787,2025-06-07 19:00:00,6555.912652755462,6760.452863501803,6777.25391567967
forecast_3788,2025-06-07 20:00:00,9339.001820017493,10572.537228047624,8382.576602888175
forecast_3789,2025-06-07 21:00:00,12057.335568695396,12668.904234818528,10440.066912591337
forecast_3790,2025-06-07 22:00:00,13674.18842047571,14058.157805409066,13685.32306457945
forecast_3791,2025-06-07 23:00:00,13959.722377832595,14808.761461867043,12115.399713848577
forecast_3792,2025-06-08 00:00:00,13753.866525548612,14320.27355773038,11802.526245357014
forecast_3793,2025-06-08 01:00:00,10463.724529323736,10840.345079538369,8503.752696138523
forecast_3794,2025-06-08 02:00:00,10600.193850609852,10525.827554137828,8374.47965123046
forecast_3795,2025-06-08 03:00:00,10290.181994092041,11340.070742471491,8092.062136165802
forecast_3796,2025-06-08 04:00:00,10520.656903601239,11428.882315353498,7622.619756659625
forecast_3797,2025-06-08 05:00:00,9531.826475111104,10548.909100354525,6425.266843499267
forecast_3798,2025-06-08 06:00:00,6138.547776692662,6976.77672132562,4683.278260316039
forecast_3799,2025-06-08 07:00:00,4060.572083724506,4364.719533917022,3797.0803601372018
forecast_3800,2025-06-08 08:00:00,3884.8835772134753,4939.694879691045,3764.5078638789573
forecast_3801,2025-06-08 09:00:00,3590.5089645522776,3745.7703066224844,3164.879816548265
forecast_3802,2025-06-08 10:00:00,3393.0393019685034,3364.7588358727116,2603.6419621472896
forecast_3803,2025-06-08 11:00:00,3893.0103653479837,2377.450212825965,90.43729905706044
forecast_3804,2025-06-08 12:00:00,3791.8749493204405,5303.795632091255,81.96704288906626
forecast_3805,2025-06-08 13:00:00,3862.232381949146,5255.037950370965,78.09150435464598
forecast_3806,2025-06-08 14:00:00,7176.4883514189605,4288.167759772896,80.3305938347227
forecast_3807,2025-06-08 15:00:00,139.00615146862626,2270.5446776707313,68.80186537514845
forecast_3808,2025-06-08 16:00:00,2191.882881360928,2265.7811036625785,66.75539712691997
forecast_3809,2025-06-08 17:00:00,2810.9904828172653,3021.868717374239,60.159708323171756
forecast_3810,2025-06-08 18:00:00,3441.500689109118,3489.3991577720553,2419.562567977575
forecast_3811,2025-06-08 19:00:00,3618.026457453493,3711.7800818198057,2647.7981929899374
forecast_3812,2025-06-08 20:00:00,3724.9055955725134,3657.380174173252,2880.7704365127147
forecast_3813,2025-06-08 21:00:00,3662.690601085785,3767.4091756918842,3257.6599001901186
forecast_3814,2025-06-08 22:00:00,4355.089378511156,4228.284609611455,3471.808818440287
forecast_3815,2025-06-08 23:00:00,5672.832000936578,7233.168701184169,4169.349900612315
forecast_3816,2025-06-09 00:00:00,8107.3235667343115,8068.151722566364,5322.316256057699
forecast_3817,2025-06-09 01:00:00,8775.97179740432,10266.728699096622,7153.2180057417045
forecast_3818,2025-06-09 02:00:00,8291.119746716267,9104.0327268661,6896.772492137057
forecast_3819,2025-06-09 03:00:00,8565.79903077627,9104.513008318274,6848.588953124281
forecast_3820,2025-06-09 04:00:00,7449.057148833152,7793.939674302432,5880.842985261324
forecast_3821,2025-06-09 05:00:00,6181.416220536839,7157.309192246171,4583.803407023031
forecast_3822,2025-06-09 06:00:00,6549.960896230686,5047.390965112987,3811.571211626907
forecast_3823,2025-06-09 07:00:00,3877.8796179272995,4444.637076709214,3319.222846920371
forecast_3824,2025-06-09 08:00:00,3455.906706266118,3490.0293325357798,3055.3433778540057
forecast_3825,2025-06-09 09:00:00,3452.0950996892007,3452.5842504548573,3038.5761424489738
forecast_3826,2025-06-09 10:00:00,4035.700391888151,3735.7411064935695,3771.831516429007
forecast_3827,2025-06-09 11:00:00,6088.072433227761,2890.22770100241,14557.710895887732
forecast_3828,2025-06-09 12:00:00,3755.206064819923,3206.9397525251675,2925.1896031738065
forecast_3829,2025-06-09 13:00:00,3644.42138131739,3665.269850787325,2826.0379176509373
forecast_3830,2025-06-09 14:00:00,3062.7692295603892,3416.3322885291927,3335.1697659361353
forecast_3831,2025-06-09 15:00:00,3316.8809620369993,3457.09550893283,2637.829471747162
forecast_3832,2025-06-09 16:00:00,3151.7972618072617,3360.0336780896096,3460.2720373787597
forecast_3833,2025-06-09 17:00:00,3648.75743094802,3410.135035200775,3351.9533988302755
forecast_3834,2025-06-09 18:00:00,3695.0663613497795,3842.0226947817473,3385.057434727236
forecast_3835,2025-06-09 19:00:00,3588.6547597001404,3841.114091570876,3167.84043938847
forecast_3836,2025-06-09 20:00:00,3971.567868560672,4093.770644761502,3574.6915976799114
forecast_3837,2025-06-09 21:00:00,6257.146449182798,6343.12626027379,4491.429676745696
forecast_3838,2025-06-09 22:00:00,8505.85510917968,8459.490503648223,5808.179079810274
forecast_3839,2025-06-09 23:00:00,8498.699580245162,8858.32410113094,6165.07134986591
forecast_3840,2025-06-10 00:00:00,8255.412536573653,8284.188379385965,6154.402862460947
forecast_3841,2025-06-10 01:00:00,13678.07454837369,14363.325261086537,11407.358421764215
forecast_3842,2025-06-10 02:00:00,13235.225351452009,14799.696520423382,12241.981831043833
forecast_3843,2025-06-10 03:00:00,14351.957385946316,15951.040769963558,13489.480637157962
forecast_3844,2025-06-10 04:00:00,15925.275931745271,17867.448950712245,14140.325361134117
forecast_3845,2025-06-10 05:00:00,16245.432894153324,16861.695790693764,14101.551691856563
forecast_3846,2025-06-10 06:00:00,16189.90464117422,17794.861547687273,14016.781809969489
forecast_3847,2025-06-10 07:00:00,16458.98719658269,16048.697249519413,11880.109033927967
forecast_3848,2025-06-10 08:00:00,12194.53453971065,13092.744058850161,9385.932726681785
forecast_3849,2025-06-10 09:00:00,11326.307950218627,9083.263516211551,7080.309482162392
forecast_3850,2025-06-10 10:00:00,6240.409350125939,6031.190884477012,4987.095912086871
forecast_3851,2025-06-10 11:00:00,4932.82296327195,4181.3164196103,4956.61043745492
forecast_3852,2025-06-10 12:00:00,5037.107637876333,4980.451149009887,5106.394703679055
forecast_3853,2025-06-10 13:00:00,5796.3156050336165,5638.660192369391,5751.619133202657
forecast_3854,2025-06-10 14:00:00,6936.555652539809,6273.821180153314,6067.244968986998
forecast_3855,2025-06-10 15:00:00,7475.738022024362,7663.353659955756,6180.742512086814
forecast_3856,2025-06-10 16:00:00,7914.247003059026,8404.438598667472,6706.158893480393
forecast_3857,2025-06-10 17:00:00,8163.822593502872,8067.945450186955,7295.428535599808
forecast_3858,2025-06-10 18:00:00,8942.726030686581,10229.302296067195,7609.2543352314915
forecast_3859,2025-06-10 19:00:00,8611.43575646808,10885.255358718152,8565.850238654933
forecast_3860,2025-06-10 20:00:00,8399.838755284058,11002.65684661724,9859.582999404052
forecast_3861,2025-06-10 21:00:00,9669.952983986703,12395.739862658047,9184.438863537709
forecast_3862,2025-06-10 22:00:00,12162.861625955175,14042.050158047263,13307.97809310042
forecast_3863,2025-06-10 23:00:00,12851.423844822886,14775.188570637958,12495.41750819291
forecast_3864,2025-06-11 00:00:00,12944.83594984799,15066.18277668504,12648.907012651993
forecast_3865,2025-06-11 01:00:00,12905.91502172415,14039.282325436152,11353.453627879686
forecast_3866,2025-06-11 02:00:00,13065.94309925136,13536.676386047051,10356.262313386775
forecast_3867,2025-06-11 03:00:00,11984.549967099514,12507.224062499736,10999.825533760042
forecast_3868,2025-06-11 04:00:00,12270.078617459676,12836.039973420407,11199.247273465262
forecast_3869,2025-06-11 05:00:00,12808.87860372469,13379.72940395203,11494.124800507074
forecast_3870,2025-06-11 06:00:00,13033.815504019954,14090.090161446504,11158.559342467961
forecast_3871,2025-06-11 07:00:00,12418.339854304166,12571.71573862014,9850.682004023325
forecast_3872,2025-06-11 08:00:00,10227.908525210321,11123.842657618252,7753.3113415037715
forecast_3873,2025-06-11 09:00:00,8492.909652886856,8824.233378196139,6498.424273474816
forecast_3874,2025-06-11 10:00:00,7519.572746458474,7423.164632110686,5364.560765122799
forecast_3875,2025-06-11 11:00:00,6962.888372109625,6313.856276584051,4963.169123316052
forecast_3876,2025-06-11 12:00:00,6589.853606550209,6288.465068858435,4753.098250982824
forecast_3877,2025-06-11 13:00:00,6077.306649128104,6054.067564943231,4685.958815468326
forecast_3878,2025-06-11 14:00:00,5964.796639639391,5876.275181698661,4526.407539958087
forecast_3879,2025-06-11 15:00:00,5629.533918192716,5364.950787592053,4272.043685449974
forecast_3880,2025-06-11 16:00:00,5443.927118117514,5120.002955613403,4066.5798833091585
forecast_3881,2025-06-11 17:00:00,4997.6754150584675,5064.83779418397,3732.2034356515323
forecast_3882,2025-06-11 18:00:00,4915.4058900865175,4931.494597500988,3776.5588599296707
forecast_3883,2025-06-11 19:00:00,4739.2397115051335,4813.496217211607,3779.932742460696
forecast_3884,2025-06-11 20:00:00,5282.987480423482,5697.80278324953,3823.813924542591
forecast_3885,2025-06-11 21:00:00,5246.697559132753,5348.828421438215,3770.6350466814997
forecast_3886,2025-06-11 22:00:00,5807.380011337378,5720.8706892073005,3831.4921071657086
forecast_3887,2025-06-11 23:00:00,5787.047248602546,6078.97846991071,4001.3297974706434
forecast_3888,2025-06-12 00:00:00,6204.449615623536,6253.9646776499185,4245.633492102932
forecast_3889,2025-06-12 01:00:00,4552.760227215913,4460.157342301152,3479.5860058322087
forecast_3890,2025-06-12 02:00:00,3880.87953228302,3835.9456304053256,3590.453963639172
forecast_3891,2025-06-12 03:00:00,3942.5937889333454,3940.7935016677498,3886.5050338756732
forecast_3892,2025-06-12 04:00:00,3903.337430914939,3917.0610591556265,3234.470558631024
forecast_3893,2025-06-12 05:00:00,3624.167202235738,3914.046849123265,3135.470526744454
forecast_3894,2025-06-12 06:00:00,3192.4789057308917,4162.912306735502,3238.6083630994654
forecast_3895,2025-06-12 07:00:00,3079.867405976449,3171.2128103203618,2674.4849282359864
forecast_3896,2025-06-12 08:00:00,2622.580564365612,3188.190685748236,54.93187620251843
forecast_3897,2025-06-12 09:00:00,4039.144113125355,3663.949654570414,36.00319007633392
forecast_3898,2025-06-12 10:00:00,2742.576292308846,2885.5287997144196,22.438657190920132
forecast_3899,2025-06-12 11:00:00,19.4757321831526,20.90362428071993,17.893614813964643
forecast_3900,2025-06-12 12:00:00,9.87006193668497,10.151580372372216,14.473122377393727
forecast_3901,2025-06-12 13:00:00,7.54614373513226,11.44593933546498,12.188863016557193
forecast_3902,2025-06-12 14:00:00,2.3200070891072633,6.646095744341987,13.792162838436957
forecast_3903,2025-06-12 15:00:00,1.0241496904572713,7.085808055803366,9.863354976884262
forecast_3904,2025-06-12 16:00:00,10.80036283466696,2436.954236515519,2407.830342238717
forecast_3905,2025-06-12 17:00:00,6026.786219659596,2526.917055961806,4030.5694975724837
forecast_3906,2025-06-12 18:00:00,6559.3992535993075,6783.969762290827,6135.473432931104
forecast_3907,2025-06-12 19:00:00,7455.326437866133,7374.8037486402,4060.6009010133857
forecast_3908,2025-06-12 20:00:00,3613.6667451306175,2780.1738662669445,6521.755325668845
forecast_3909,2025-06-12 21:00:00,3812.1895333129182,2687.2815237779773,6629.624609566483
forecast_3910,2025-06-12 22:00:00,3359.546024240048,2807.038162040813,2934.409208733553
forecast_3911,2025-06-12 23:00:00,3251.945453800586,3090.5735381662907,2587.6010900512993
forecast_3912,2025-06-13 00:00:00,3643.7845180146487,3085.1087269543978,2631.435164008117
forecast_3913,2025-06-13 01:00:00,4077.605741917028,4295.585957544935,3667.698273301343
forecast_3914,2025-06-13 02:00:00,5073.148895864857,4988.945830045903,3716.987371978859
forecast_3915,2025-06-13 03:00:00,5745.601824842354,5754.202548266797,3997.9370803502393
forecast_3916,2025-06-13 04:00:00,5117.734424497393,5033.197948826342,3828.157751155369
forecast_3917,2025-06-13 05:00:00,3879.0758956704753,4119.94931005899,3388.471656164221
forecast_3918,2025-06-13 06:00:00,3811.922574340305,3747.7356108993877,3307.403999968118
forecast_3919,2025-06-13 07:00:00,3564.233040344635,3542.2948775525783,3703.4836175910673
forecast_3920,2025-06-13 08:00:00,4120.903254520599,3644.9419193760596,113.87861197884665
forecast_3921,2025-06-13 09:00:00,4028.792479619605,3545.9745680477454,49.07870244499169
forecast_3922,2025-06-13 10:00:00,3934.046320333169,3333.082480026538,2451.812466163969
forecast_3923,2025-06-13 11:00:00,3376.1794987348626,3491.36712489098,2450.399126360915
forecast_3924,2025-06-13 12:00:00,3296.2015982101234,3645.568841373081,3197.321898993063
forecast_3925,2025-06-13 13:00:00,2938.6953396041145,2821.3786194890154,2760.501483059475
forecast_3926,2025-06-13 14:00:00,3866.0445555521724,3501.7930192595077,2534.418452343593
forecast_3927,2025-06-13 15:00:00,3806.9995864697494,3514.913880182132,3306.0251987369106
forecast_3928,2025-06-13 16:00:00,3270.4344950119166,3069.4359148084586,3127.968386228544
forecast_3929,2025-06-13 17:00:00,3281.939482970343,2980.268706496343,3090.5064384152843
forecast_3930,2025-06-13 18:00:00,3284.3374439682098,3407.9884139299907,3148.878710379313
forecast_3931,2025-06-13 19:00:00,3463.969794578942,3443.05803569564,2920.3844061436953
forecast_3932,2025-06-13 20:00:00,3505.737443566389,3592.6354572523805,3182.8776137291134
forecast_3933,2025-06-13 21:00:00,4292.2734236108745,4282.104231113546,3575.921997320312
forecast_3934,2025-06-13 22:00:00,3863.1509236972024,5434.492016904502,3678.0686307911546
forecast_3935,2025-06-13 23:00:00,3946.140681820424,3921.598484793478,3506.8847546631173
forecast_3936,2025-06-14 00:00:00,3914.3910780677793,4031.6198781040434,3797.6713503313
forecast_3937,2025-06-14 01:00:00,8292.344426208765,9525.946902670243,7028.962192733947
forecast_3938,2025-06-14 02:00:00,7086.32550493652,8489.671987678616,6408.033884183089
forecast_3939,2025-06-14 03:00:00,7283.821706785257,7917.913729739652,5602.064402489501
forecast_3940,2025-06-14 04:00:00,5329.2661811864455,5803.666783162803,4956.931173790339
forecast_3941,2025-06-14 05:00:00,4852.847830385965,4622.776815311628,3510.1282392989165
forecast_3942,2025-06-14 06:00:00,3996.4849168823694,3730.1048583513216,2801.7294483135147
forecast_3943,2025-06-14 07:00:00,3553.6494254210206,3424.8576095632297,3058.620547356531
forecast_3944,2025-06-14 08:00:00,3380.6252585756906,3845.2930176714217,2459.7952148919794
forecast_3945,2025-06-14 09:00:00,3358.946203716677,3395.121246324866,2226.7936792779446
forecast_3946,2025-06-14 10:00:00,2806.6565605110945,2985.7112981280443,2349.3162780456555
forecast_3947,2025-06-14 11:00:00,3057.0588584683774,3492.67725249038,2107.959125158467
forecast_3948,2025-06-14 12:00:00,2654.3395864692925,344.5179120752375,258.6134973238254
forecast_3949,2025-06-14 13:00:00,2746.5790362786875,2801.780824266936,2457.987298341119
forecast_3950,2025-06-14 14:00:00,2984.687639826365,3065.8693862395944,3010.7545891532773
forecast_3951,2025-06-14 15:00:00,233.0918886671131,2807.8278624524933,2954.7031529008077
forecast_3952,2025-06-14 16:00:00,3390.650665091812,2547.0770310513044,142.145101475488
forecast_3953,2025-06-14 17:00:00,3339.5575943579884,3404.4992656033432,16738.396561103164
forecast_3954,2025-06-14 18:00:00,3425.4024458036347,3276.279961625458,16972.692791428155
forecast_3955,2025-06-14 19:00:00,3485.5857897462583,3592.630794033518,3308.6487362904386
forecast_3956,2025-06-14 20:00:00,3459.1416244948837,3511.0200991913516,3301.4827548275916
forecast_3957,2025-06-14 21:00:00,3572.609098451745,3475.1369593154095,3226.989823474193
forecast_3958,2025-06-14 22:00:00,3476.8794057763366,3352.683151359971,3098.682013143836
forecast_3959,2025-06-14 23:00:00,2578.1797056090927,2483.5402823097797,3023.9473058874673
forecast_3960,2025-06-15 00:00:00,3150.6751593713047,3462.961825289913,3471.180871630877
forecast_3961,2025-06-15 01:00:00,5623.840883884158,5533.369126559489,3783.7392091690062
forecast_3962,2025-06-15 02:00:00,5202.520297310424,5229.310662755559,3762.65939258917
forecast_3963,2025-06-15 03:00:00,4948.027797274525,4357.08929991044,3728.914520537984
forecast_3964,2025-06-15 04:00:00,5462.632489221448,4637.822900995445,3843.0218239227543
forecast_3965,2025-06-15 05:00:00,6317.008822003861,5532.485177649103,3791.9423965755345
forecast_3966,2025-06-15 06:00:00,5777.603473728423,5679.080792007834,3737.1195085807217
forecast_3967,2025-06-15 07:00:00,4557.631953748721,4349.637116191165,3732.082144095871
forecast_3968,2025-06-15 08:00:00,3739.8688978749324,3467.916738801421,2935.3798331258913
forecast_3969,2025-06-15 09:00:00,3653.0663456192265,3498.474964394639,2933.411026868647
forecast_3970,2025-06-15 10:00:00,3645.032994345827,3726.8713015095764,3681.98454079553
forecast_3971,2025-06-15 11:00:00,3589.9432185244113,3074.8191545423483,3035.055988935332
forecast_3972,2025-06-15 12:00:00,3247.7761654272135,3440.5186136838915,3308.6107353227644
forecast_3973,2025-06-15 13:00:00,3669.45058010949,3546.868353866221,3099.003971314177
forecast_3974,2025-06-15 14:00:00,3671.0569817697574,3407.4873428134633,3266.6153310971235
forecast_3975,2025-06-15 15:00:00,3672.2035952339497,3260.8415092666946,3634.420494957037
forecast_3976,2025-06-15 16:00:00,3381.4682025551656,3534.750404714626,3440.706558178216
forecast_3977,2025-06-15 17:00:00,3479.1709099282816,3855.3138025344933,3835.8746890760854
forecast_3978,2025-06-15 18:00:00,3936.5655553960196,4006.1057463195366,4258.173109488813
forecast_3979,2025-06-15 19:00:00,4273.918734943571,5673.6633848863785,4149.484773129485
forecast_3980,2025-06-15 20:00:00,5316.828586379263,6713.642912083012,5042.541522991619
forecast_3981,2025-06-15 21:00:00,7307.073678028333,8086.412920587108,5701.770672350505
forecast_3982,2025-06-15 22:00:00,7761.331674452693,11816.76300982011,6818.119354028803
forecast_3983,2025-06-15 23:00:00,9391.607165891402,10847.917386795601,7739.962385763749
forecast_3984,2025-06-16 00:00:00,9464.387160088512,11356.326252595043,8380.022239763353
forecast_3985,2025-06-16 01:00:00,9502.65456204459,10906.037958057634,8589.287355490842
forecast_3986,2025-06-16 02:00:00,9720.089450642176,11402.883218347099,7895.135889466517
forecast_3987,2025-06-16 03:00:00,10128.180146249324,12631.76660375639,8763.521386737702
forecast_3988,2025-06-16 04:00:00,9321.626467832257,10528.68807130784,7668.311259103377
forecast_3989,2025-06-16 05:00:00,8860.13467446701,10131.836886423347,6409.414363923246
forecast_3990,2025-06-16 06:00:00,9005.608607634018,9209.032825290718,7287.465457743041
forecast_3991,2025-06-16 07:00:00,8407.173938594715,9092.378745571434,7115.314976992966
forecast_3992,2025-06-16 08:00:00,8524.702843190018,9713.426087214631,7294.415597729067
forecast_3993,2025-06-16 09:00:00,8810.629485319181,9571.06386440006,7610.712805747285
forecast_3994,2025-06-16 10:00:00,8480.234923526034,9697.206740261663,6996.176809764731
forecast_3995,2025-06-16 11:00:00,8066.70907442721,9219.365618782867,7116.420610453075
forecast_3996,2025-06-16 12:00:00,8221.139428344379,9301.614462699634,7011.734128077493
forecast_3997,2025-06-16 13:00:00,8947.00980173139,9891.0879962227,7854.160741573184
forecast_3998,2025-06-16 14:00:00,10213.354204736554,10981.822747333044,9438.621730692877
forecast_3999,2025-06-16 15:00:00,9838.952234023882,10942.201238103691,9771.862018950273
forecast_4000,2025-06-16 16:00:00,11136.53299148607,11900.091531460735,11962.542472037454
forecast_4001,2025-06-16 17:00:00,13017.150920224873,12923.138341068048,13079.965872230023
forecast_4002,2025-06-16 18:00:00,13424.066641860494,13635.594288630751,13597.212647709035
forecast_4003,2025-06-16 19:00:00,12374.675544767088,13598.185206662662,12741.518114682834
forecast_4004,2025-06-16 20:00:00,12054.608896587677,12271.770626654295,12210.558077247066
forecast_4005,2025-06-16 21:00:00,12985.748839779912,13102.596997923381,12657.866886646596
forecast_4006,2025-06-16 22:00:00,14631.38115312529,16829.869947932755,14172.81243309219
forecast_4007,2025-06-16 23:00:00,16000.214188691789,18039.79893634175,15422.067079860593
forecast_4008,2025-06-17 00:00:00,17312.563317502845,18186.53430162756,17874.572661021222
forecast_4009,2025-06-17 01:00:00,16727.451481485794,17746.95881536693,17303.830850285736
forecast_4010,2025-06-17 02:00:00,17090.98685636362,17866.492535237972,17460.893440700325
forecast_4011,2025-06-17 03:00:00,17163.64385690034,18377.498930746067,17652.755429361423
forecast_4012,2025-06-17 04:00:00,17285.44602130162,18203.05931277482,17769.029877615205
forecast_4013,2025-06-17 05:00:00,16981.36286334945,18195.848916458875,17569.62387371995
forecast_4014,2025-06-17 06:00:00,16736.719682901916,17653.333163937452,15897.220353464805
forecast_4015,2025-06-17 07:00:00,15161.705977437296,17072.200845395786,14940.016303848332
forecast_4016,2025-06-17 08:00:00,14207.06399811079,15914.545438906793,13893.80096796709
forecast_4017,2025-06-17 09:00:00,11733.456572292422,14616.8472978476,12856.21123539012
forecast_4018,2025-06-17 10:00:00,10554.199020607331,11280.06530092452,10999.605339806141
forecast_4019,2025-06-17 11:00:00,8320.913879217038,9835.975926108842,10640.940310500735
forecast_4020,2025-06-17 12:00:00,8845.888539116459,9518.755424843948,9529.148226020654
forecast_4021,2025-06-17 13:00:00,8843.703586800031,9987.888974591842,8953.28115723773
forecast_4022,2025-06-17 14:00:00,8640.743420825887,9821.059905798673,8678.386499604394
forecast_4023,2025-06-17 15:00:00,8436.36602259433,9136.86922554286,8235.428636695573
forecast_4024,2025-06-17 16:00:00,10333.21962912781,8959.741639447602,7822.320097611644
forecast_4025,2025-06-17 17:00:00,7290.59098182609,11932.91533291425,8598.462916847597
forecast_4026,2025-06-17 18:00:00,8004.999399900944,9443.726413603092,7933.405657757047
forecast_4027,2025-06-17 19:00:00,7929.628011394767,10996.4457347638,7193.57609811691
forecast_4028,2025-06-17 20:00:00,8044.5549332698965,10854.039068887716,6561.618282231593
forecast_4029,2025-06-17 21:00:00,7107.6185008388065,8480.66440166939,5617.325696221056
forecast_4030,2025-06-17 22:00:00,8080.607650118439,9191.212044738346,5802.576491316259
forecast_4031,2025-06-17 23:00:00,8557.23469548117,9201.401643917217,6077.589281849363
forecast_4032,2025-06-18 00:00:00,8470.597898314822,9586.767230345564,6967.437574998649
forecast_4033,2025-06-18 01:00:00,8437.657926279066,9864.380680373539,7381.118649699932
forecast_4034,2025-06-18 02:00:00,9020.643062155514,10534.849694025495,7894.095445056769
forecast_4035,2025-06-18 03:00:00,10296.358177305674,11383.162953324942,10141.742048652506
forecast_4036,2025-06-18 04:00:00,11262.46668618626,13340.457769808798,11427.045334064016
forecast_4037,2025-06-18 05:00:00,10704.266663534845,10727.669559731792,8686.12338896433
forecast_4038,2025-06-18 06:00:00,9762.70522222289,9611.8999668996,7424.389198764136
forecast_4039,2025-06-18 07:00:00,7568.940758988122,7861.142223277171,6319.226540780594
forecast_4040,2025-06-18 08:00:00,6248.492324766484,6715.418284795275,5393.093869344331
forecast_4041,2025-06-18 09:00:00,5544.530032452915,5655.8823465678215,4588.128396355853
forecast_4042,2025-06-18 10:00:00,5775.7587604362925,7408.673185117535,4747.270275068054
forecast_4043,2025-06-18 11:00:00,4385.732029392201,4816.319200876478,3801.86337146047
forecast_4044,2025-06-18 12:00:00,4183.948322173294,4251.067954760849,3647.95642220996
forecast_4045,2025-06-18 13:00:00,3768.4663250530566,3792.390502317543,3398.0633116741956
forecast_4046,2025-06-18 14:00:00,3864.5118846272153,3833.5457021236475,3562.1916306717735
forecast_4047,2025-06-18 15:00:00,4048.458425755369,3892.0862399788275,3534.415212441357
forecast_4048,2025-06-18 16:00:00,4309.028138951557,4366.739453494856,3831.820253901345
forecast_4049,2025-06-18 17:00:00,4847.773495779313,3891.470145559002,3954.4343627194517
forecast_4050,2025-06-18 18:00:00,3900.216494143287,4309.371575823841,4094.6393011841524
forecast_4051,2025-06-18 19:00:00,4446.373357203625,4429.831923349836,4244.533249563051
forecast_4052,2025-06-18 20:00:00,6470.820843005965,6825.073943761403,5793.73172493638
forecast_4053,2025-06-18 21:00:00,9075.340937829927,9879.485367168025,7357.724010394841
forecast_4054,2025-06-18 22:00:00,11613.690344511571,12027.506243250331,9973.742747545224
forecast_4055,2025-06-18 23:00:00,12605.404267353322,13720.7763249144,10585.67324444008
forecast_4056,2025-06-19 00:00:00,13713.07778241617,15678.92173973401,11834.228394534946
forecast_4057,2025-06-19 01:00:00,13759.655932378679,13769.339340866474,11047.254914814894
forecast_4058,2025-06-19 02:00:00,13497.576021485125,14190.13659651976,10870.221788525387
forecast_4059,2025-06-19 03:00:00,13703.664711047826,13838.368211729852,11736.384467237594
forecast_4060,2025-06-19 04:00:00,13142.474193462198,13824.677135103007,11265.793965636723
forecast_4061,2025-06-19 05:00:00,13648.889004253328,13583.08104076578,11073.354854683079
forecast_4062,2025-06-19 06:00:00,12156.108297252245,11698.281146429546,9202.783372314496
forecast_4063,2025-06-19 07:00:00,8784.95302558384,9166.91455230182,6606.102174454255
forecast_4064,2025-06-19 08:00:00,6162.006436002493,6231.393097647011,4308.944123884793
forecast_4065,2025-06-19 09:00:00,3897.5488003505216,3887.442726598906,3737.3871922295184
forecast_4066,2025-06-19 10:00:00,3398.4168510894965,3407.2227148212105,2700.9428456816904
forecast_4067,2025-06-19 11:00:00,3522.2056639646653,3657.427756135966,2552.828317102871
forecast_4068,2025-06-19 12:00:00,2905.878380527072,2577.058923405095,2594.6332164589744
forecast_4069,2025-06-19 13:00:00,7612.496511408115,2550.2387561368682,2158.2577139178534
forecast_4070,2025-06-19 14:00:00,3619.4724877842464,3520.9521825894253,2665.906909728392
forecast_4071,2025-06-19 15:00:00,3999.5619561462363,3425.831851863876,2944.8505161717894
forecast_4072,2025-06-19 16:00:00,3335.3959691605305,3361.4669978905176,2758.6955330894084
forecast_4073,2025-06-19 17:00:00,2921.025345603835,3369.9871620394006,3229.822727656309
forecast_4074,2025-06-19 18:00:00,3393.2817205498136,3537.4780124762083,3440.676442493358
forecast_4075,2025-06-19 19:00:00,3911.1718538873206,3789.8709744662037,3423.9254789059605
forecast_4076,2025-06-19 20:00:00,3796.0207160892833,3601.5778804097654,3739.358036720324
forecast_4077,2025-06-19 21:00:00,4258.757338500342,4368.991260486262,3505.633671641768
forecast_4078,2025-06-19 22:00:00,4004.516572448244,5137.040404822117,3833.6434985834167
forecast_4079,2025-06-19 23:00:00,4327.338828841716,5237.4504519956545,4093.9684187551875
forecast_4080,2025-06-20 00:00:00,4679.56582505638,5905.474168947873,4434.603741397629
forecast_4081,2025-06-20 01:00:00,7347.645122328832,8632.467707204083,6886.726617289306
forecast_4082,2025-06-20 02:00:00,8408.679299073201,9590.003862710033,7721.233729311269
forecast_4083,2025-06-20 03:00:00,9294.853152160731,10931.631509522389,8665.942003847053
forecast_4084,2025-06-20 04:00:00,10024.30288852807,11530.345744075586,9661.297287418902
forecast_4085,2025-06-20 05:00:00,10079.944986286939,11757.372389589003,9890.05896436765
forecast_4086,2025-06-20 06:00:00,9186.779452317813,11579.005737263838,9192.52074087689
forecast_4087,2025-06-20 07:00:00,8245.03359692475,9880.627694874594,8317.96602064513
forecast_4088,2025-06-20 08:00:00,8943.384040413961,12498.80209339668,7607.161183941014
forecast_4089,2025-06-20 09:00:00,9053.199574188291,10374.709267468692,8212.924504180977
forecast_4090,2025-06-20 10:00:00,6353.132335231891,11454.58865337954,8779.54099392755
forecast_4091,2025-06-20 11:00:00,11956.561234181629,13878.288860917126,10339.528123469243
forecast_4092,2025-06-20 12:00:00,10907.510732323732,14917.81641814236,11937.250368472833
forecast_4093,2025-06-20 13:00:00,12583.351567385378,15772.722967629743,13786.153405082388
forecast_4094,2025-06-20 14:00:00,14953.681598390605,16746.062849959457,14331.473354841179
forecast_4095,2025-06-20 15:00:00,14873.197194684755,17133.49907933113,15075.846935402898
forecast_4096,2025-06-20 16:00:00,15382.57392638196,17060.61190117313,16371.819477995628
forecast_4097,2025-06-20 17:00:00,16338.35836468927,16969.630549815916,16499.614554417927
forecast_4098,2025-06-20 18:00:00,16010.568746156709,17372.9329204866,16576.69932255676
forecast_4099,2025-06-20 19:00:00,16122.828705425929,17185.002728209456,16644.11245631552
forecast_4100,2025-06-20 20:00:00,16460.70040699281,17450.283530157994,16804.91034679181
forecast_4101,2025-06-20 21:00:00,16697.81220000814,18108.67422866818,17418.359419810495
forecast_4102,2025-06-20 22:00:00,17371.907633376097,18362.896315463087,18278.415778541443
forecast_4103,2025-06-20 23:00:00,17303.432423693375,18145.50128009105,18081.61153102313
forecast_4104,2025-06-21 00:00:00,17293.83203383495,18163.86172452388,18427.512837826613
forecast_4105,2025-06-21 01:00:00,16209.634950909774,17622.364376321028,18188.965655589276
forecast_4106,2025-06-21 02:00:00,15618.027608981796,17516.18921185956,18069.91212526728
forecast_4107,2025-06-21 03:00:00,15829.796822331899,17197.171833074055,17824.47315031944
forecast_4108,2025-06-21 04:00:00,14642.287595896163,16440.492520652428,17097.388124889476
forecast_4109,2025-06-21 05:00:00,13689.281524752452,15489.361844406907,15592.722949292292
forecast_4110,2025-06-21 06:00:00,13060.151115734925,15141.640599083374,14728.301473264239
forecast_4111,2025-06-21 07:00:00,13565.935600191591,15127.8596132998,14361.353606727476
forecast_4112,2025-06-21 08:00:00,12817.93813004233,15448.441798826263,14757.564648106205
forecast_4113,2025-06-21 09:00:00,12045.521099493735,15235.852887519346,13528.270513997737
forecast_4114,2025-06-21 10:00:00,11848.629966877601,12608.961262670451,11779.480932009737
forecast_4115,2025-06-21 11:00:00,8635.49472503897,11019.58570014292,9901.428546441583
forecast_4116,2025-06-21 12:00:00,9585.175554618814,10358.810035377113,9188.723861025797
forecast_4117,2025-06-21 13:00:00,9323.868870102158,10813.998902026675,9122.78854599119
forecast_4118,2025-06-21 14:00:00,10120.938981685256,11032.71945111811,10044.776960019404
forecast_4119,2025-06-21 15:00:00,10974.42794245209,11599.578391713505,9177.364286749975
forecast_4120,2025-06-21 16:00:00,11627.18831294842,12760.985807520889,10321.539957168308
forecast_4121,2025-06-21 17:00:00,9992.912483907829,12361.144349516277,10717.204294801813
forecast_4122,2025-06-21 18:00:00,10989.227898629933,11107.255932005894,10062.874646600947
forecast_4123,2025-06-21 19:00:00,11096.369814401412,11613.679292375184,9509.9916282312
forecast_4124,2025-06-21 20:00:00,11056.929881721257,12406.657965536724,9999.61031764529
forecast_4125,2025-06-21 21:00:00,11053.657822961262,14052.26306958485,11823.58728326721
forecast_4126,2025-06-21 22:00:00,11210.389421666181,14029.853855331763,11805.01473837367
forecast_4127,2025-06-21 23:00:00,12850.2256521339,14905.007403424359,12535.822458786912
forecast_4128,2025-06-22 00:00:00,13561.015768094894,15195.943115970882,11819.33196785858
forecast_4129,2025-06-22 01:00:00,14781.547161421142,15300.634333974633,11428.956231099579
forecast_4130,2025-06-22 02:00:00,14536.232761704816,15273.716664736165,12359.949404637373
forecast_4131,2025-06-22 03:00:00,14946.614306056894,15856.80641383937,11616.37070295252
forecast_4132,2025-06-22 04:00:00,13740.399476002902,14630.425178780497,11435.6692333901
forecast_4133,2025-06-22 05:00:00,12384.968027808085,12962.480204462565,9918.157737796639
forecast_4134,2025-06-22 06:00:00,11010.255119768632,11366.615197934663,8844.258413289
forecast_4135,2025-06-22 07:00:00,10467.405522866668,10290.903972521117,7893.904164414248
forecast_4136,2025-06-22 08:00:00,8937.892405756851,8037.28234645645,5820.606365006703
forecast_4137,2025-06-22 09:00:00,6119.886460862956,6414.082701911299,5775.614604725777
forecast_4138,2025-06-22 10:00:00,5038.220778476088,4918.810610642329,3955.144199344697
forecast_4139,2025-06-22 11:00:00,4553.49561847792,4224.442084442262,3745.356135794295
forecast_4140,2025-06-22 12:00:00,4176.871931454278,4486.767499575763,3753.336155992093
forecast_4141,2025-06-22 13:00:00,3943.0584301535864,3877.2629769623954,3734.1943260347944
forecast_4142,2025-06-22 14:00:00,4746.028787101107,3963.65189181905,3582.491062958182
forecast_4143,2025-06-22 15:00:00,4178.942141692324,3881.029827955738,3576.771648892063
forecast_4144,2025-06-22 16:00:00,3838.52618785772,3851.4242969084335,3439.998427864932
forecast_4145,2025-06-22 17:00:00,3924.0634641197857,3908.5542358434027,3588.023348585794
forecast_4146,2025-06-22 18:00:00,4094.3717087149053,3888.2144962917314,3741.4288696843214
forecast_4147,2025-06-22 19:00:00,4824.677429424422,4996.258790985757,3891.9823804599146
forecast_4148,2025-06-22 20:00:00,5128.109190996574,5822.430105258031,4406.981301108625
forecast_4149,2025-06-22 21:00:00,6754.99891785929,9231.278408258371,5439.111737014942
forecast_4150,2025-06-22 22:00:00,8226.92661782842,8134.146253696572,5823.453137752249
forecast_4151,2025-06-22 23:00:00,8476.681814643316,8002.807425227521,5938.474260613466
forecast_4152,2025-06-23 00:00:00,8186.222101484334,7731.218388593657,6064.1848535390545
forecast_4153,2025-06-23 01:00:00,4414.6616732214625,4351.876167633669,3791.9381656861187
forecast_4154,2025-06-23 02:00:00,4435.87224378955,4339.644048367607,3877.2892627832057
forecast_4155,2025-06-23 03:00:00,4153.7268997829415,4198.11307744392,3683.022601918818
forecast_4156,2025-06-23 04:00:00,4407.211262308878,4246.6616211325545,3374.106792534062
forecast_4157,2025-06-23 05:00:00,3925.050772947925,3928.3619678048617,3274.5895760911612
forecast_4158,2025-06-23 06:00:00,3822.0580350258133,3647.3392646578513,3104.522815354183
forecast_4159,2025-06-23 07:00:00,3477.0340948016537,3439.6061260235256,3031.6917107432196
forecast_4160,2025-06-23 08:00:00,3409.8875781774177,3414.5766124331694,2319.249004459472
forecast_4161,2025-06-23 09:00:00,2792.565023150443,3056.267088132223,119.8975401036339
forecast_4162,2025-06-23 10:00:00,4042.9164845615614,2885.5152423643226,57.61884547153018
forecast_4163,2025-06-23 11:00:00,199.66359289520136,2311.7193117839142,110.39156645601187
forecast_4164,2025-06-23 12:00:00,2699.5564762734257,2392.8207606421997,155.6021583296247
forecast_4165,2025-06-23 13:00:00,2874.6813708482064,2354.7246959438703,199.71900589786986
forecast_4166,2025-06-23 14:00:00,2967.350334587356,2398.9543188262064,195.0794153508446
forecast_4167,2025-06-23 15:00:00,3543.8268070425356,2695.207187882259,151.9885633297589
forecast_4168,2025-06-23 16:00:00,2874.1651380594235,2407.4309601305426,115.86770325239291
forecast_4169,2025-06-23 17:00:00,133.6813320305286,196.8748127088278,65.26351195650892
forecast_4170,2025-06-23 18:00:00,137.5052701960024,170.38044281856457,50.689219841086675
forecast_4171,2025-06-23 19:00:00,186.29188365284872,2659.4235002776854,32.513316954244644
forecast_4172,2025-06-23 20:00:00,2173.371722835547,2387.1176734946716,23.246289669593704
forecast_4173,2025-06-23 21:00:00,2337.677571685427,2391.1290113745235,20.125178388316723
forecast_4174,2025-06-23 22:00:00,3411.8457179785164,3344.4629091496445,12.881312666777713
forecast_4175,2025-06-23 23:00:00,2540.388017233174,2485.3960074626502,23.689443387656503
forecast_4176,2025-06-24 00:00:00,2526.0497886141825,2491.3771323191118,23.98713922551354
forecast_4177,2025-06-24 01:00:00,3035.6584161895084,3467.558667117325,2971.5786623975264
forecast_4178,2025-06-24 02:00:00,3927.1782892020897,3436.0503618004163,119.37831493850688
forecast_4179,2025-06-24 03:00:00,2818.0753384841396,3650.1618290371753,3810.155180120775
forecast_4180,2025-06-24 04:00:00,3634.2429296464497,3793.8079864594392,86.32474570725596
forecast_4181,2025-06-24 05:00:00,2731.7968825224198,3493.8250360702305,151.4605361135436
forecast_4182,2025-06-24 06:00:00,2935.324570669043,3390.374633165179,2278.2007286736202
forecast_4183,2025-06-24 07:00:00,3544.6900536424514,3391.532426252331,2554.5371972483244
forecast_4184,2025-06-24 08:00:00,3179.245253051913,3427.7447520955297,4485.507717837888
forecast_4185,2025-06-24 09:00:00,3299.085685548966,3457.6543473454167,2738.2329473309223
forecast_4186,2025-06-24 10:00:00,3141.94486533394,3507.086511289659,2980.7348638959274
forecast_4187,2025-06-24 11:00:00,3408.1346845255657,3355.5881354619223,3025.2638128311382
forecast_4188,2025-06-24 12:00:00,3287.656231952469,3177.0399676101183,2856.874145677021
forecast_4189,2025-06-24 13:00:00,3446.8831446755808,3093.326366666388,2863.9270812209234
forecast_4190,2025-06-24 14:00:00,3463.7159112488125,3532.089589043219,2865.503418617514
forecast_4191,2025-06-24 15:00:00,3532.802439022039,3656.681729746865,2830.629780609402
forecast_4192,2025-06-24 16:00:00,3570.4912383556903,3710.0959454518133,2784.781344606611
forecast_4193,2025-06-24 17:00:00,3345.0397620825443,3561.4803156208477,3118.4709345513897
forecast_4194,2025-06-24 18:00:00,3993.0471622061427,3664.7561799994533,3398.3107331371025
forecast_4195,2025-06-24 19:00:00,3882.456274540157,3891.6858553659686,3723.6731366455792
forecast_4196,2025-06-24 20:00:00,4689.971619069032,4067.9586710961366,3882.155736527089
forecast_4197,2025-06-24 21:00:00,5079.494045401922,6340.3572487043075,4261.450177605091
forecast_4198,2025-06-24 22:00:00,5427.830517270413,7472.940229228114,4313.328270651917
forecast_4199,2025-06-24 23:00:00,7686.876239504444,7570.026665720201,3979.6760873825388
forecast_4200,2025-06-25 00:00:00,7966.936438399477,9426.12707441166,4123.984850323443
forecast_4201,2025-06-25 01:00:00,5206.597314462722,5509.265139108046,3834.7979184684505
forecast_4202,2025-06-25 02:00:00,4900.743145063659,5088.772896040662,3744.7119938734368
forecast_4203,2025-06-25 03:00:00,4310.507757867845,4601.992493623607,3705.0451428669035
forecast_4204,2025-06-25 04:00:00,3846.7933701553457,3981.4537073279844,3497.3253100095
forecast_4205,2025-06-25 05:00:00,4213.740457860682,4396.570958464205,3307.6715064374757
forecast_4206,2025-06-25 06:00:00,3947.064087503885,4023.61799748403,3705.3757887140155
forecast_4207,2025-06-25 07:00:00,3872.655076936113,3700.8962818072537,3946.432854186026
forecast_4208,2025-06-25 08:00:00,3608.9958149717936,3908.4360874840413,3325.5154788523428
forecast_4209,2025-06-25 09:00:00,3641.423207601693,3626.4785784679652,3026.599888455554
forecast_4210,2025-06-25 10:00:00,3474.14979865659,3430.70105532718,2599.3642300806428
forecast_4211,2025-06-25 11:00:00,3550.0930747403777,3662.1292655565553,2684.281970652549
forecast_4212,2025-06-25 12:00:00,3557.5055038601727,3421.310883504319,3375.5852279695596
forecast_4213,2025-06-25 13:00:00,3379.4127077566536,3334.5725027754756,2410.7696813649413
forecast_4214,2025-06-25 14:00:00,2737.7811134113144,2905.0256995978098,2882.926016343265
forecast_4215,2025-06-25 15:00:00,2558.8844837922793,2725.8824294385545,3013.9590103038777
forecast_4216,2025-06-25 16:00:00,3281.3709281028755,2930.1809051812456,3574.568969011945
forecast_4217,2025-06-25 17:00:00,3528.5315595609927,3694.9183541959756,4719.856684161852
forecast_4218,2025-06-25 18:00:00,3468.39954823459,3839.2894960658664,3554.436141234548
forecast_4219,2025-06-25 19:00:00,3776.4386000330696,3949.9606293270735,3333.8159772679996
forecast_4220,2025-06-25 20:00:00,4225.870477555238,4338.308272654169,3429.317565252394
forecast_4221,2025-06-25 21:00:00,3808.6239767030856,3475.4265368180263,3713.230458329314
forecast_4222,2025-06-25 22:00:00,4275.727403213942,4536.200186093321,3636.531676640236
forecast_4223,2025-06-25 23:00:00,4960.457564517704,6527.390963020257,4273.910641465453
forecast_4224,2025-06-26 00:00:00,5410.382380293246,6668.366512068427,3785.582150289485
forecast_4225,2025-06-26 01:00:00,8628.011866533465,9514.773188579642,7301.443552656388
forecast_4226,2025-06-26 02:00:00,9287.429063793945,10141.376068844032,7815.2413678521925
forecast_4227,2025-06-26 03:00:00,10099.36007623046,10706.96801601404,8368.910425688458
forecast_4228,2025-06-26 04:00:00,10571.212683278114,11081.803032099142,9682.178980504332
forecast_4229,2025-06-26 05:00:00,11477.124997178125,11780.209610910528,9308.48944339447
forecast_4230,2025-06-26 06:00:00,11176.721388195589,11785.127608949904,9222.804833967797
forecast_4231,2025-06-26 07:00:00,11680.334763974879,11219.603643124854,8551.305811327697
forecast_4232,2025-06-26 08:00:00,12029.337498423603,13780.139976276641,8364.341598137944
forecast_4233,2025-06-26 09:00:00,10852.613270977467,11236.399843936682,7395.395881576554
forecast_4234,2025-06-26 10:00:00,9574.530231624485,10124.53164389239,6664.474803090127
forecast_4235,2025-06-26 11:00:00,8410.701637600794,8768.748051839151,5239.529859653787
forecast_4236,2025-06-26 12:00:00,7371.905975330574,7929.2599042776665,4529.121146669496
forecast_4237,2025-06-26 13:00:00,6824.51110832467,7377.348655085134,4685.575803082114
forecast_4238,2025-06-26 14:00:00,6186.654731210362,6110.889691176057,3810.8224736577
forecast_4239,2025-06-26 15:00:00,5857.605966690822,5548.286895803914,3881.268958012439
forecast_4240,2025-06-26 16:00:00,6523.749611541603,6414.7681653073005,4997.380421482927
forecast_4241,2025-06-26 17:00:00,6415.302149600543,7011.108601145316,4995.144048766036
forecast_4242,2025-06-26 18:00:00,6999.249062187127,6895.418289006141,5426.51939012464
forecast_4243,2025-06-26 19:00:00,6426.633467862376,6518.2000797309265,4989.303251497025
forecast_4244,2025-06-26 20:00:00,6393.195811227982,6817.803813846729,5158.001403583588
forecast_4245,2025-06-26 21:00:00,7242.052140009093,7465.100590116937,5558.493750244727
forecast_4246,2025-06-26 22:00:00,7808.6533459784205,8207.094929630972,5365.139829245124
forecast_4247,2025-06-26 23:00:00,7456.306068019634,8524.313177753522,5593.101336570451
forecast_4248,2025-06-27 00:00:00,7776.338507057276,8216.512193526274,5747.115663462092
forecast_4249,2025-06-27 01:00:00,4954.430641422367,4972.06894757404,3588.883299574584
forecast_4250,2025-06-27 02:00:00,5072.693629133796,5042.866917052408,3890.445289955958
forecast_4251,2025-06-27 03:00:00,5801.734546931397,5811.181451456122,3782.412428055048
forecast_4252,2025-06-27 04:00:00,6240.3075254929345,6314.695059632796,4289.489493455243
forecast_4253,2025-06-27 05:00:00,6156.818528712366,5084.716299478661,4047.592039264247
forecast_4254,2025-06-27 06:00:00,4801.815819736392,4373.226451427717,3505.5283246881163
forecast_4255,2025-06-27 07:00:00,3800.554406697924,3664.167347609313,3264.250859288607
forecast_4256,2025-06-27 08:00:00,3469.739269678456,3433.2177554187847,3390.2494478574417
forecast_4257,2025-06-27 09:00:00,3427.561173264735,3198.389901718199,3302.4019729648808
forecast_4258,2025-06-27 10:00:00,4235.515197787221,3800.2520938839098,4898.550732437612
forecast_4259,2025-06-27 11:00:00,5555.120223983066,3541.501660670804,4120.652696227835
forecast_4260,2025-06-27 12:00:00,3894.310849911285,4028.8000211669428,4192.636087929173
forecast_4261,2025-06-27 13:00:00,3457.4467705039183,3426.2365526060403,2941.624341728757
forecast_4262,2025-06-27 14:00:00,3325.051969629871,3332.582937938489,3169.7277824265084
forecast_4263,2025-06-27 15:00:00,3510.366650708835,3512.245686400163,2675.758084581163
forecast_4264,2025-06-27 16:00:00,3475.869325805585,3600.418082221806,3562.7210814329437
forecast_4265,2025-06-27 17:00:00,3778.1640915356966,3348.3288978245605,3818.576161438627
forecast_4266,2025-06-27 18:00:00,3650.2635474403414,3576.9018122274138,3325.77200908354
forecast_4267,2025-06-27 19:00:00,3089.7284731163822,3148.396530292498,3608.01700765165
forecast_4268,2025-06-27 20:00:00,3684.2069501775377,3703.5896493407404,3139.126506772677
forecast_4269,2025-06-27 21:00:00,4172.593670465354,4291.05260798249,3081.5295972874474
forecast_4270,2025-06-27 22:00:00,6009.310492238972,6050.720430634964,3775.029385859092
forecast_4271,2025-06-27 23:00:00,7162.535707291267,7152.964717399115,4324.921664401792
forecast_4272,2025-06-28 00:00:00,7340.866070188879,7384.148224308212,4468.688346536331
forecast_4273,2025-06-28 01:00:00,9861.427176438629,10531.620119599487,7184.2814756950565
forecast_4274,2025-06-28 02:00:00,9784.840698097725,11130.16476065306,7015.571288080468
forecast_4275,2025-06-28 03:00:00,10469.162311829288,10597.156961344897,6948.904917473017
forecast_4276,2025-06-28 04:00:00,11213.411117688314,11908.74950067295,7476.6770346364365
forecast_4277,2025-06-28 05:00:00,10632.191923346743,11440.100312879043,7526.151022128733
forecast_4278,2025-06-28 06:00:00,10479.542478466592,12189.662988551772,7417.318422028672
forecast_4279,2025-06-28 07:00:00,7719.055024149518,11369.252481616637,6337.858977049191
forecast_4280,2025-06-28 08:00:00,9640.062235761226,9842.326580454901,5253.358896011166
forecast_4281,2025-06-28 09:00:00,6640.96548953069,6645.295514456184,4416.050011010874
forecast_4282,2025-06-28 10:00:00,4622.841715040474,4937.834563501797,3778.360468580435
forecast_4283,2025-06-28 11:00:00,3899.751099907312,4009.0131970817465,3583.0827222375337
forecast_4284,2025-06-28 12:00:00,3489.1788665668673,3460.3316760284324,2981.5356877876816
forecast_4285,2025-06-28 13:00:00,3308.37391669437,2944.9140197971215,2790.768909656972
forecast_4286,2025-06-28 14:00:00,3615.503564644505,3846.7690273354424,2739.071880153109
forecast_4287,2025-06-28 15:00:00,3490.959729675766,3523.6919020624614,3234.5412157172414
forecast_4288,2025-06-28 16:00:00,3455.8233049071005,3509.2753080793823,3300.236454936422
forecast_4289,2025-06-28 17:00:00,3652.7975583584694,3556.7100305809568,3445.9388870043363
forecast_4290,2025-06-28 18:00:00,3864.693637677551,3905.2325593120477,3795.773046836575
forecast_4291,2025-06-28 19:00:00,4839.474505459657,5526.989511458137,4040.3481224724837
forecast_4292,2025-06-28 20:00:00,5173.991501029709,6803.792938011983,4683.509379814755
forecast_4293,2025-06-28 21:00:00,8411.457804541209,8531.572118229271,5420.371102891248
forecast_4294,2025-06-28 22:00:00,8609.805674213945,10519.088792154229,6330.642627890851
forecast_4295,2025-06-28 23:00:00,8858.207905159856,9277.939780659526,6572.536640993953
forecast_4296,2025-06-29 00:00:00,8588.068841151045,9174.629963593396,6412.376056566623
forecast_4297,2025-06-29 01:00:00,9544.590122948086,11181.168627464602,8360.743917143065
forecast_4298,2025-06-29 02:00:00,10105.226097038274,11106.113320509041,8683.641862419681
forecast_4299,2025-06-29 03:00:00,12430.612381229917,11725.530047422913,9030.002419334067
forecast_4300,2025-06-29 04:00:00,11157.27475743474,11835.439178495899,9501.046914952289
forecast_4301,2025-06-29 05:00:00,11141.76567797531,11886.83611429914,9941.058291790912
forecast_4302,2025-06-29 06:00:00,10604.196089021058,11176.691227686119,9727.896466213142
forecast_4303,2025-06-29 07:00:00,10052.659783717818,10722.855523024125,9162.752977043101
forecast_4304,2025-06-29 08:00:00,10235.325573788477,10531.1658012815,7778.593375070581
forecast_4305,2025-06-29 09:00:00,9823.947203117128,9550.031586455714,6684.978969803264
forecast_4306,2025-06-29 10:00:00,6225.656873232388,6483.75814463355,5180.343379996023
forecast_4307,2025-06-29 11:00:00,4180.787215028987,3985.025364976902,3840.9025533811864
forecast_4308,2025-06-29 12:00:00,3760.154855067218,3908.7852072159885,3605.0269201246233
forecast_4309,2025-06-29 13:00:00,3710.945709275663,3756.214330984244,3766.790205682185
forecast_4310,2025-06-29 14:00:00,3437.536621535512,3709.5084003679917,3450.1794927518126
forecast_4311,2025-06-29 15:00:00,3919.7051762694064,3804.7314486037826,3260.4574034717925
forecast_4312,2025-06-29 16:00:00,3992.9705947897296,4145.40544188284,3564.5062714083374
forecast_4313,2025-06-29 17:00:00,3968.394352642543,3846.3256793267374,3709.5020067620617
forecast_4314,2025-06-29 18:00:00,4057.899577237435,3986.2255435841785,3808.9053843471575
forecast_4315,2025-06-29 19:00:00,5262.815195388241,5401.032430218085,4068.51614722936
forecast_4316,2025-06-29 20:00:00,6272.136071795858,6604.991331057143,5383.464078404188
forecast_4317,2025-06-29 21:00:00,10111.461059143016,10286.661324809666,6783.342387755014
forecast_4318,2025-06-29 22:00:00,10897.418935667612,11783.205740205705,7306.747382973222
forecast_4319,2025-06-29 23:00:00,13049.447894683151,14829.16717339591,8109.807600368847
forecast_4320,2025-06-30 00:00:00,12613.741337674244,13096.832096902013,10273.096119057576
forecast_4321,2025-06-30 01:00:00,11451.069375123929,12107.745540543387,9576.93962884696
forecast_4322,2025-06-30 02:00:00,11623.18591777802,12323.924396625602,9759.823224714522
forecast_4323,2025-06-30 03:00:00,12168.594988284052,14062.593076126364,8580.239091086183
forecast_4324,2025-06-30 04:00:00,12496.519179408087,13789.03024301371,9196.690529321348
forecast_4325,2025-06-30 05:00:00,12058.742368233738,14142.457357552203,9357.528241017582
forecast_4326,2025-06-30 06:00:00,12186.60596595724,11913.384368550442,9472.38494910437
forecast_4327,2025-06-30 07:00:00,11466.668299573479,10384.99786001929,10271.716251655882
forecast_4328,2025-06-30 08:00:00,8298.069405539814,8457.888380717757,8761.194013426477
forecast_4329,2025-06-30 09:00:00,5837.949430581867,7753.69141801028,6602.09851163048
forecast_4330,2025-06-30 10:00:00,4587.203987651046,4709.89393365213,4350.888744460576
forecast_4331,2025-06-30 11:00:00,3692.232194392701,3629.2437644601614,3728.757638762387
forecast_4332,2025-06-30 12:00:00,3514.7661641436202,3445.311576072773,3735.7771481330283
forecast_4333,2025-06-30 13:00:00,3938.0426684210643,4230.213252824888,4333.906078115991
forecast_4334,2025-06-30 14:00:00,4240.597551915926,4915.714043831243,4852.306931730575
forecast_4335,2025-06-30 15:00:00,5311.292754828655,5493.541581363158,5832.090573192283
forecast_4336,2025-06-30 16:00:00,7056.258771041126,7685.68596300297,6912.671315379535
forecast_4337,2025-06-30 17:00:00,7430.586537982056,6993.848200644033,7032.368743689246
forecast_4338,2025-06-30 18:00:00,7071.022235307031,8719.84895545678,6985.0404968257035
forecast_4339,2025-06-30 19:00:00,9256.305601170776,9552.060929180705,7869.88611595481
forecast_4340,2025-06-30 20:00:00,10463.974428430782,11368.196058224657,8291.87415345913
forecast_4341,2025-06-30 21:00:00,11235.174709316825,12876.557448589465,9487.633160346277
forecast_4342,2025-06-30 22:00:00,12562.596217732142,14375.277622596583,10664.580873416997
forecast_4343,2025-06-30 23:00:00,13628.197532655786,14905.087758905795,10405.778011268054
forecast_4344,2025-07-01 00:00:00,13120.275588367958,15239.616461897776,10600.27661737511
forecast_4345,2025-07-01 01:00:00,12443.046695135912,13381.281619045429,10458.232130248429
forecast_4346,2025-07-01 02:00:00,12126.80063186886,12646.54424103555,8521.584817942337
forecast_4347,2025-07-01 03:00:00,11393.83240218445,12477.916001008442,8860.425806036339
forecast_4348,2025-07-01 04:00:00,11829.941929535169,11717.87954981572,9207.348006645017
forecast_4349,2025-07-01 05:00:00,11521.879442360603,12680.729897388113,9837.17875254246
forecast_4350,2025-07-01 06:00:00,12027.324233719488,12516.809193175915,9756.698825972511
forecast_4351,2025-07-01 07:00:00,10137.035533565255,11251.9382282784,8259.30502609212
forecast_4352,2025-07-01 08:00:00,8771.868344533194,9616.50824267092,7670.993753598489
forecast_4353,2025-07-01 09:00:00,7579.375251852467,8271.083590858556,6515.364897896555
forecast_4354,2025-07-01 10:00:00,7390.328002622172,8085.4510659041625,6567.721028105962
forecast_4355,2025-07-01 11:00:00,6194.556185436528,6177.058139700255,7000.956312697833
forecast_4356,2025-07-01 12:00:00,5034.173395914952,5791.330828240952,6926.817875535799
forecast_4357,2025-07-01 13:00:00,4718.602643041593,4984.862574219094,6557.838850166487
forecast_4358,2025-07-01 14:00:00,4532.305303102597,4742.224957087121,5341.157844439671
forecast_4359,2025-07-01 15:00:00,4572.925589934481,4679.606812295888,4931.821972038084
forecast_4360,2025-07-01 16:00:00,4768.104346289615,5014.721288642944,4774.954223344302
forecast_4361,2025-07-01 17:00:00,5705.765255019545,5249.694198316308,5912.545219058695
forecast_4362,2025-07-01 18:00:00,5680.070435383725,6403.048744090877,6598.6481012011445
forecast_4363,2025-07-01 19:00:00,7364.265853432091,8014.330262797213,7358.3233578337395
forecast_4364,2025-07-01 20:00:00,7902.538702194475,10409.686373789453,8428.322716139712
forecast_4365,2025-07-01 21:00:00,11624.029266305457,12237.298340588764,9346.727539062076
forecast_4366,2025-07-01 22:00:00,13033.070785437429,12363.123818759883,10194.08269394867
forecast_4367,2025-07-01 23:00:00,12877.17646922044,13230.178958025554,11622.1500383827
forecast_4368,2025-07-02 00:00:00,12802.432862539794,14818.017702146768,13028.56401780393
forecast_4369,2025-07-02 01:00:00,15001.464997697552,16952.17817959298,16442.047611711998
forecast_4370,2025-07-02 02:00:00,14847.59335300387,17208.655673317728,16431.77411687633
forecast_4371,2025-07-02 03:00:00,15224.562492822686,17071.88208220064,16791.881871383717
forecast_4372,2025-07-02 04:00:00,15364.542547829968,17211.580201357476,16962.631872332408
forecast_4373,2025-07-02 05:00:00,15833.108571864732,17087.402865395663,15552.262533882618
forecast_4374,2025-07-02 06:00:00,16024.684461270364,16854.8261996909,15517.851777640139
forecast_4375,2025-07-02 07:00:00,15354.996301055575,16048.475518139101,14685.4204108656
forecast_4376,2025-07-02 08:00:00,14874.882603732274,15193.86895636025,14073.574301280547
forecast_4377,2025-07-02 09:00:00,12178.125370734675,13187.37630787404,12994.957165429058
forecast_4378,2025-07-02 10:00:00,10085.728283465314,10551.532501843054,9869.942279972503
forecast_4379,2025-07-02 11:00:00,8198.221024863182,8659.115926896155,8391.849638916467
forecast_4380,2025-07-02 12:00:00,7070.227890368669,6984.257327135334,6128.034468172647
forecast_4381,2025-07-02 13:00:00,6305.779797479619,6339.404581022725,6214.351709253889
forecast_4382,2025-07-02 14:00:00,6008.199809612463,5901.257838352885,5796.412363114817
forecast_4383,2025-07-02 15:00:00,5788.660564702597,5844.543910919499,6022.813101964583
forecast_4384,2025-07-02 16:00:00,5354.67975350983,5472.87014703219,5421.939150504851
forecast_4385,2025-07-02 17:00:00,5097.193866580691,4764.213689170036,4536.938583071574
forecast_4386,2025-07-02 18:00:00,4783.642898571181,4935.671237881391,4462.195942314183
forecast_4387,2025-07-02 19:00:00,5616.448489228853,5841.095623627988,4699.495716386619
forecast_4388,2025-07-02 20:00:00,7378.840780335378,8046.506677160241,6125.521420120885
forecast_4389,2025-07-02 21:00:00,8352.827952468311,8417.749387334869,6835.843064353827
forecast_4390,2025-07-02 22:00:00,9853.310527926133,12060.913471077121,7736.360057591101
forecast_4391,2025-07-02 23:00:00,9831.182523164745,13050.608612074682,8796.507212868864
forecast_4392,2025-07-03 00:00:00,13280.05780760221,14436.674077470125,9337.485859815755
forecast_4393,2025-07-03 01:00:00,14664.066409515597,14064.435929085614,10311.049761069642
forecast_4394,2025-07-03 02:00:00,13786.210653940738,13387.042413369792,10617.95751916763
forecast_4395,2025-07-03 03:00:00,13535.79134561137,13624.715955829388,12064.006178914586
forecast_4396,2025-07-03 04:00:00,13654.018521674696,13912.895629370256,11743.626632568688
forecast_4397,2025-07-03 05:00:00,14027.932502653846,14571.230961925245,12135.480357440038
forecast_4398,2025-07-03 06:00:00,13807.804849822724,14744.183106001145,12262.658544971047
forecast_4399,2025-07-03 07:00:00,13634.41954080804,14842.801714775509,12233.056621906351
forecast_4400,2025-07-03 08:00:00,13524.734189091878,14274.599671482629,12545.689281138359
forecast_4401,2025-07-03 09:00:00,12598.4090438328,13412.315937145286,12799.44938260782
forecast_4402,2025-07-03 10:00:00,11546.349252920418,12362.811281718692,11223.808831236041
forecast_4403,2025-07-03 11:00:00,8661.040563410825,8979.284314808569,8224.280540163993
forecast_4404,2025-07-03 12:00:00,5555.248600845113,6444.580630967167,6007.676117359572
forecast_4405,2025-07-03 13:00:00,5105.166328960245,5205.8381780297495,5584.323074757514
forecast_4406,2025-07-03 14:00:00,5218.2394559428385,5362.9227311927225,5726.078693661456
forecast_4407,2025-07-03 15:00:00,5484.387857953245,6019.417850623189,5609.977551885664
forecast_4408,2025-07-03 16:00:00,5737.336622204777,5993.838955992067,5862.935532377261
forecast_4409,2025-07-03 17:00:00,5458.944593660464,5697.26939773115,5325.419595808145
forecast_4410,2025-07-03 18:00:00,6637.703275335287,7035.682221764545,5577.30043011995
forecast_4411,2025-07-03 19:00:00,8379.955350810013,9186.582583846915,7996.482215181576
forecast_4412,2025-07-03 20:00:00,10250.457642800196,11887.965999632594,9483.341789554606
forecast_4413,2025-07-03 21:00:00,11497.084949781934,13252.128082283716,10747.885065399367
forecast_4414,2025-07-03 22:00:00,11719.582132637477,13148.640150277757,11623.218119046767
forecast_4415,2025-07-03 23:00:00,12417.965356595134,13635.176667182224,12456.363345386195
forecast_4416,2025-07-04 00:00:00,12112.218363607071,13910.822783923953,12716.850212852896
forecast_4417,2025-07-04 01:00:00,13961.20278270343,15990.234465002384,13889.259170379804
forecast_4418,2025-07-04 02:00:00,14409.478333421255,16311.74633928764,14520.871081571031
forecast_4419,2025-07-04 03:00:00,15225.54779935588,17241.295102593056,15439.512206913758
forecast_4420,2025-07-04 04:00:00,17395.949177720246,18613.828526613717,17985.902954958452
forecast_4421,2025-07-04 05:00:00,18534.613925610134,19133.33488105854,18438.355773411073
forecast_4422,2025-07-04 06:00:00,18605.068820526885,18917.794121183702,19322.435005858537
forecast_4423,2025-07-04 07:00:00,17955.20935906362,18912.75000943461,19328.66090223759
forecast_4424,2025-07-04 08:00:00,17980.49012276633,18589.02775892147,19334.34012624504
forecast_4425,2025-07-04 09:00:00,15902.894662172423,17875.818099876113,18303.69906856087
forecast_4426,2025-07-04 10:00:00,15234.984773871398,16720.140075187403,16723.531911609436
forecast_4427,2025-07-04 11:00:00,17255.61350938166,16137.986353734736,16521.802259580138
forecast_4428,2025-07-04 12:00:00,17058.127189154853,15643.25835500857,14850.305737760404
forecast_4429,2025-07-04 13:00:00,14081.69701769136,16833.02330251965,14359.693217940354
forecast_4430,2025-07-04 14:00:00,12874.517545367,16787.90306341995,13496.822880778911
forecast_4431,2025-07-04 15:00:00,13793.835973942658,16651.293804826004,14854.53078736634
forecast_4432,2025-07-04 16:00:00,13639.974701767438,17044.87033750943,13979.081418519505
forecast_4433,2025-07-04 17:00:00,14691.010008970745,16966.674353373375,14586.982489428701
forecast_4434,2025-07-04 18:00:00,15329.158555377311,16847.246795908453,16105.134281036571
forecast_4435,2025-07-04 19:00:00,16229.23949577406,17614.559906179387,18007.273631283
forecast_4436,2025-07-04 20:00:00,16908.84391103068,18338.388446239875,18612.28951265511
forecast_4437,2025-07-04 21:00:00,17966.089487473942,19150.830085082493,19321.326486529913
forecast_4438,2025-07-04 22:00:00,18340.206544706787,19878.355572952107,19325.65075568734
forecast_4439,2025-07-04 23:00:00,19885.129494074474,19876.40604680603,19322.81909616862
forecast_4440,2025-07-05 00:00:00,19886.812811120002,20318.62705519119,19342.900956967922
forecast_4441,2025-07-05 01:00:00,14710.519254785224,17796.084195600004,16081.333727925585
forecast_4442,2025-07-05 02:00:00,14746.563619739674,16095.539180148608,15962.537248296227
forecast_4443,2025-07-05 03:00:00,14707.605158533928,15990.878465736349,17079.006353429882
forecast_4444,2025-07-05 04:00:00,14264.120425701796,16236.408974290025,15446.115574579144
forecast_4445,2025-07-05 05:00:00,14256.633867537144,16164.785465430949,15083.41663636099
forecast_4446,2025-07-05 06:00:00,14734.972012149958,17396.48096788323,15205.131640372929
forecast_4447,2025-07-05 07:00:00,15015.03440568425,16258.6888130849,13337.694387855736
forecast_4448,2025-07-05 08:00:00,14171.337806986396,15918.675809453885,15055.701298622453
forecast_4449,2025-07-05 09:00:00,12137.55224752548,13314.878841673775,12848.923361236259
forecast_4450,2025-07-05 10:00:00,10675.971960946736,11700.780077979347,12232.280931283887
forecast_4451,2025-07-05 11:00:00,9596.671995099508,9858.817468095629,10309.602139266424
forecast_4452,2025-07-05 12:00:00,8235.303392654607,9075.345565469503,10021.666231718054
forecast_4453,2025-07-05 13:00:00,9483.291304742075,10279.870812824887,10694.325980066787
forecast_4454,2025-07-05 14:00:00,11187.573412142747,11767.092517859792,11585.4728327271
forecast_4455,2025-07-05 15:00:00,12039.146537097009,12187.05988058856,11551.425427417165
forecast_4456,2025-07-05 16:00:00,11476.896291662606,11599.431855040733,11399.999792734516
forecast_4457,2025-07-05 17:00:00,10665.76866348304,11868.94015174157,11354.721279292708
forecast_4458,2025-07-05 18:00:00,11574.076158414224,12280.223311412292,11663.336378156673
forecast_4459,2025-07-05 19:00:00,13452.733895578089,13337.99320789906,12910.82126205973
forecast_4460,2025-07-05 20:00:00,14643.802158383261,17235.65151153654,14252.16399092016
forecast_4461,2025-07-05 21:00:00,16422.567925165757,18259.90738107772,17729.04323911976
forecast_4462,2025-07-05 22:00:00,15912.235616494247,18307.625008483166,18072.865189486925
forecast_4463,2025-07-05 23:00:00,16635.19831775465,17517.161070003272,18003.65647422663
forecast_4464,2025-07-06 00:00:00,18496.7297165208,17499.44850993189,17882.28505763889
forecast_4465,2025-07-06 01:00:00,17514.20496539495,18410.589659896046,18374.846601072244
forecast_4466,2025-07-06 02:00:00,17565.356181172618,18473.790723099853,18376.683036852723
forecast_4467,2025-07-06 03:00:00,19887.480357332315,18669.003151918616,18692.910456830043
forecast_4468,2025-07-06 04:00:00,19933.568156784535,18757.5121502177,18398.687931164946
forecast_4469,2025-07-06 05:00:00,19905.055062437485,18930.25893151623,19373.57913590222
forecast_4470,2025-07-06 06:00:00,17150.590370471902,17914.378207704725,19335.874813144845
forecast_4471,2025-07-06 07:00:00,16006.064548764141,17160.140360076894,17734.529814290294
forecast_4472,2025-07-06 08:00:00,16478.631565146952,18064.223769581302,17074.37292930674
forecast_4473,2025-07-06 09:00:00,13175.6314636462,16712.17257815316,14989.252212337507
forecast_4474,2025-07-06 10:00:00,13759.958749587106,12276.942506127918,12690.177101640564
forecast_4475,2025-07-06 11:00:00,9972.1009636189,10136.67693470885,9849.003637469667
forecast_4476,2025-07-06 12:00:00,7476.936541826324,7298.946916687739,6755.410260521331
forecast_4477,2025-07-06 13:00:00,5972.359261651693,6688.358280656471,5229.052266922434
forecast_4478,2025-07-06 14:00:00,4549.8045089209,4558.8050454551585,3962.193644882383
forecast_4479,2025-07-06 15:00:00,3753.3110581434235,3598.898094060948,3367.026789199548
forecast_4480,2025-07-06 16:00:00,3738.6875818831813,3648.8702043449775,3343.0601770574885
forecast_4481,2025-07-06 17:00:00,3888.8595622738267,3744.589604461055,3405.91488286911
forecast_4482,2025-07-06 18:00:00,4979.298500050018,4933.4595853820265,3895.0437739656545
forecast_4483,2025-07-06 19:00:00,6629.649743848786,6579.275849319383,5078.800254238507
forecast_4484,2025-07-06 20:00:00,8576.117581189015,8271.605128622654,5948.487929901143
forecast_4485,2025-07-06 21:00:00,9803.356580075651,10306.319360854583,6827.102557772179
forecast_4486,2025-07-06 22:00:00,10367.555861016883,10740.480272794517,7538.874534777399
forecast_4487,2025-07-06 23:00:00,11145.097780300775,13468.43704516344,8118.52012140417
forecast_4488,2025-07-07 00:00:00,11893.115844686003,13535.03674842005,7536.344776076088
forecast_4489,2025-07-07 01:00:00,9138.361358618997,9828.972872181235,6137.395836815052
forecast_4490,2025-07-07 02:00:00,9069.0300018825,9976.216492874304,5858.368383903611
forecast_4491,2025-07-07 03:00:00,8700.372498352932,9319.330501174465,5677.892589136155
forecast_4492,2025-07-07 04:00:00,7654.75985513928,8180.065070670081,4465.829514841418
forecast_4493,2025-07-07 05:00:00,5754.000141528688,5785.800510907209,3782.418317751876
forecast_4494,2025-07-07 06:00:00,3880.931883119246,3878.8009327835002,3776.161827345532
forecast_4495,2025-07-07 07:00:00,3519.1963094120556,3416.1976341349778,3283.636053439989
forecast_4496,2025-07-07 08:00:00,3636.6294526832385,3041.3864301114295,3597.6929951919637
forecast_4497,2025-07-07 09:00:00,3023.6489161851246,2875.610181680941,2801.975452997503
forecast_4498,2025-07-07 10:00:00,4326.423570672585,3210.822863192554,98.21027713286085
forecast_4499,2025-07-07 11:00:00,3218.209147641318,3889.8168463610373,2436.753398818058
forecast_4500,2025-07-07 12:00:00,181.61941960346505,200.38162456007322,177.23483447739602
forecast_4501,2025-07-07 13:00:00,240.0809921337485,2508.6233416650402,238.11522264553204
forecast_4502,2025-07-07 14:00:00,3792.6619325433103,4099.2610227418945,234.25477319995406
forecast_4503,2025-07-07 15:00:00,4282.004088034262,4114.504962808116,210.3628459797206
forecast_4504,2025-07-07 16:00:00,3879.1789548084685,4118.159369095637,211.6517232332498
forecast_4505,2025-07-07 17:00:00,240.46444727446817,266.5166895034779,214.4023825286571
forecast_4506,2025-07-07 18:00:00,3003.4888501797113,3035.6724229891092,2429.0282544916713
forecast_4507,2025-07-07 19:00:00,2730.939380215177,2979.585292000616,2522.5516533413156
forecast_4508,2025-07-07 20:00:00,3808.7219611400005,2971.5456231750077,3237.2851850771494
forecast_4509,2025-07-07 21:00:00,3762.9624239857067,3304.5149742025383,3410.7757329637825
forecast_4510,2025-07-07 22:00:00,2820.5533369950144,3318.4822733518495,240.230959324891
forecast_4511,2025-07-07 23:00:00,3663.285716273198,3300.9580295433825,179.79508671932138
forecast_4512,2025-07-08 00:00:00,3662.5378336126787,3265.2522685952217,172.95764908823213
forecast_4513,2025-07-08 01:00:00,2756.9867598937603,3544.589533165593,51.128028899100414
forecast_4514,2025-07-08 02:00:00,3225.8548835426423,2664.3135581903675,36.65233696321779
forecast_4515,2025-07-08 03:00:00,2972.7180611945187,2752.884511133667,16.125040329928527
forecast_4516,2025-07-08 04:00:00,2912.725025306121,2661.701538899928,11.575498841895893
forecast_4517,2025-07-08 05:00:00,2758.8022122650705,2713.7850238041997,9.1700247452054
forecast_4518,2025-07-08 06:00:00,2428.1224407489453,2477.3172814779837,11.034393033615377
forecast_4519,2025-07-08 07:00:00,2668.4967440485643,3096.0337861880535,16.112887322599235
forecast_4520,2025-07-08 08:00:00,3195.6341208136287,3798.2117153172076,2307.8747401685846
forecast_4521,2025-07-08 09:00:00,3190.5184995751324,3806.866569833705,2330.408577259083
forecast_4522,2025-07-08 10:00:00,165.6451088522483,3845.8100950377457,104.84824978212102
forecast_4523,2025-07-08 11:00:00,219.4722931587399,241.70374937406677,3697.957287745342
forecast_4524,2025-07-08 12:00:00,309.02979701731766,4188.643517157174,287.2213782148098
forecast_4525,2025-07-08 13:00:00,3816.9764360057916,4181.633341726521,3752.3023571972653
forecast_4526,2025-07-08 14:00:00,3850.156294646732,4219.617367257087,3757.2457227693153
forecast_4527,2025-07-08 15:00:00,2733.3658902453103,3319.0938151727764,3657.0661827920176
forecast_4528,2025-07-08 16:00:00,294.3986778484543,3230.738367422203,3680.636217189817
forecast_4529,2025-07-08 17:00:00,287.06323874756436,320.7756812030143,3704.1610988116863
forecast_4530,2025-07-08 18:00:00,2305.3281856075687,2802.2168892052086,2510.8177141222527
forecast_4531,2025-07-08 19:00:00,2793.9300393199783,2670.626955648632,3126.2795411528214
forecast_4532,2025-07-08 20:00:00,3022.30730125046,3055.4446963705495,3360.189388193139
forecast_4533,2025-07-08 21:00:00,3165.826303007148,3550.1546718887785,3199.7086842978006
forecast_4534,2025-07-08 22:00:00,2867.6781363426207,3229.7848926679903,3248.052788979804
forecast_4535,2025-07-08 23:00:00,2863.0924266784805,3210.1222151086886,3202.4139035135395
forecast_4536,2025-07-09 00:00:00,3240.763141335504,3466.0196584635596,3255.8044723052553
forecast_4537,2025-07-09 01:00:00,3866.3909266964197,3841.647879692072,3299.838590801958
forecast_4538,2025-07-09 02:00:00,3210.548270363097,3456.4200971412047,2453.9522048306208
forecast_4539,2025-07-09 03:00:00,3240.5024461843814,3409.5255445240496,2440.6607133483126
forecast_4540,2025-07-09 04:00:00,3347.9307741303655,3282.0972730609715,2486.371493069122
forecast_4541,2025-07-09 05:00:00,3312.763413302336,3120.202204466971,2484.3831511789303
forecast_4542,2025-07-09 06:00:00,3357.4131519458306,3617.3712904874415,2754.4606762711182
forecast_4543,2025-07-09 07:00:00,3354.822756457187,3444.0027795731517,2632.3225889471128
forecast_4544,2025-07-09 08:00:00,3451.1528956366556,3322.213580318863,3115.39852656551
forecast_4545,2025-07-09 09:00:00,3304.4157493544817,3261.5248961109046,3583.948704981097
forecast_4546,2025-07-09 10:00:00,3428.0275148593037,3981.08331196154,3865.162254042642
forecast_4547,2025-07-09 11:00:00,3608.9618501461764,3783.017956925917,3566.736979347308
forecast_4548,2025-07-09 12:00:00,3578.9034867416567,3769.67077838957,3802.1339562047324
forecast_4549,2025-07-09 13:00:00,3533.119400669627,3713.1053684067897,3429.01431761805
forecast_4550,2025-07-09 14:00:00,3469.5713876672753,3861.319213194503,3573.356955130772
forecast_4551,2025-07-09 15:00:00,3879.606054296776,3311.972848888024,3521.1463064171776
forecast_4552,2025-07-09 16:00:00,2839.855344178569,3243.9116024371033,3169.8695503924555
forecast_4553,2025-07-09 17:00:00,3823.0468158812855,2990.492254129302,3305.824548031664
forecast_4554,2025-07-09 18:00:00,3251.806572309999,2732.86798596553,3258.943850712295
forecast_4555,2025-07-09 19:00:00,3107.000301835602,3310.4785485656953,3412.7238284303676
forecast_4556,2025-07-09 20:00:00,3447.162489150898,3426.846781201411,3004.750098517335
forecast_4557,2025-07-09 21:00:00,3449.1629153542876,3466.589032076674,3321.788155343782
forecast_4558,2025-07-09 22:00:00,3666.259738815829,3745.1101169988387,3343.073539546342
forecast_4559,2025-07-09 23:00:00,3520.314051356309,3801.2528447996838,3321.7675177354117
forecast_4560,2025-07-10 00:00:00,3907.1556303840375,3817.077116243791,3260.2561374174857
forecast_4561,2025-07-10 01:00:00,3772.394397070959,3866.3449805269297,3187.4844646068227
forecast_4562,2025-07-10 02:00:00,3947.550240624507,4072.182599150561,2896.293994529337
forecast_4563,2025-07-10 03:00:00,3748.4581055646763,3842.982363565791,3070.7449917763925
forecast_4564,2025-07-10 04:00:00,4107.42090537106,3920.9330226595234,3316.0464278690906
forecast_4565,2025-07-10 05:00:00,3886.639528635815,4603.470802552476,3347.611698768472
forecast_4566,2025-07-10 06:00:00,4020.6433008188073,4578.617536279395,3399.219350088303
forecast_4567,2025-07-10 07:00:00,4619.183418749093,5397.816123705854,3778.897074185214
forecast_4568,2025-07-10 08:00:00,5097.788406468337,5802.772413340011,4154.800042942653
forecast_4569,2025-07-10 09:00:00,5607.3168466468915,5981.671841460986,4826.192267603372
forecast_4570,2025-07-10 10:00:00,4869.182409647773,4876.5918983708025,4065.1601606776303
forecast_4571,2025-07-10 11:00:00,6817.072571066876,4357.429857348938,3750.7227330879405
forecast_4572,2025-07-10 12:00:00,6453.671875620625,3902.6668104362006,3823.098736581278
forecast_4573,2025-07-10 13:00:00,4211.561164994228,3968.9174950503266,4008.995407314524
forecast_4574,2025-07-10 14:00:00,4502.721334635387,4828.334394790371,3788.6544015394447
forecast_4575,2025-07-10 15:00:00,4374.32797618687,4540.583212899204,3991.466661975395
forecast_4576,2025-07-10 16:00:00,3875.7443704113175,3912.380445729388,3602.534871285999
forecast_4577,2025-07-10 17:00:00,4666.850187341995,4077.9025573910853,3855.1974106112034
forecast_4578,2025-07-10 18:00:00,4373.333831911652,4419.445728108461,3798.863584126564
forecast_4579,2025-07-10 19:00:00,4682.011799522615,5397.356843235012,4129.351547959434
forecast_4580,2025-07-10 20:00:00,5191.314731090314,6569.515573130419,4320.578621373483
forecast_4581,2025-07-10 21:00:00,6185.273983571128,7483.491729494101,4651.666146649514
forecast_4582,2025-07-10 22:00:00,6605.0561447428,8103.211228060707,5267.64420868016
forecast_4583,2025-07-10 23:00:00,7383.873162058759,9046.005274498351,5743.389163926322
forecast_4584,2025-07-11 00:00:00,8083.605706824871,9070.327953636186,5798.492078809502
forecast_4585,2025-07-11 01:00:00,7444.470290745184,8412.010979552404,5165.423869160325
forecast_4586,2025-07-11 02:00:00,7242.2327810126135,8238.735503780343,5054.767976330959
forecast_4587,2025-07-11 03:00:00,6422.168412810995,8091.287890720747,5147.391304382655
forecast_4588,2025-07-11 04:00:00,6517.651508662965,8144.330788838973,5352.920196067331
forecast_4589,2025-07-11 05:00:00,6680.010810509998,7911.38434841605,5619.414638237844
forecast_4590,2025-07-11 06:00:00,6776.9021505042665,8400.081480196439,6069.136037248081
forecast_4591,2025-07-11 07:00:00,6912.8680564697725,8602.110123390783,6172.803140031923
forecast_4592,2025-07-11 08:00:00,6903.853880968324,9038.537342497197,6348.334530202431
forecast_4593,2025-07-11 09:00:00,6344.838414266705,7731.058002465787,6015.508850489511
forecast_4594,2025-07-11 10:00:00,5627.48208760121,6373.272892749731,5136.934189955158
forecast_4595,2025-07-11 11:00:00,4475.081348298108,5196.718713490465,4367.76656133198
forecast_4596,2025-07-11 12:00:00,3963.5174240232327,4851.255502677815,4273.611679772481
forecast_4597,2025-07-11 13:00:00,4006.755125683468,4581.179224111718,4052.4697580798793
forecast_4598,2025-07-11 14:00:00,3856.2907810944757,4195.733707114572,3847.582718725006
forecast_4599,2025-07-11 15:00:00,3869.244940931885,3974.4980835241645,3778.24019825596
forecast_4600,2025-07-11 16:00:00,3788.213481136306,3899.869532336864,3653.387524169741
forecast_4601,2025-07-11 17:00:00,4328.778840632519,3880.1619328804477,4065.0977087592123
forecast_4602,2025-07-11 18:00:00,4587.990403664748,4938.658713863938,3779.063073254757
forecast_4603,2025-07-11 19:00:00,4867.993722203288,5446.206709609108,4162.070715424287
forecast_4604,2025-07-11 20:00:00,5026.786101877191,6392.768087157904,4211.066943473562
forecast_4605,2025-07-11 21:00:00,5929.1866917476445,6661.100237899557,4485.447608293018
forecast_4606,2025-07-11 22:00:00,6021.108381816368,7101.323743062831,4631.438066516634
forecast_4607,2025-07-11 23:00:00,5886.345080498254,6769.287903209039,4274.095938372665
forecast_4608,2025-07-12 00:00:00,6198.384848903682,6786.077501335621,4315.047789570811
forecast_4609,2025-07-12 01:00:00,5634.136545051146,5777.1650304179275,3757.520438536364
forecast_4610,2025-07-12 02:00:00,5023.379794953128,5623.925224511921,3761.5846178519464
forecast_4611,2025-07-12 03:00:00,4271.8054327489235,5234.227514779444,3477.02564791692
forecast_4612,2025-07-12 04:00:00,4563.2883562565685,4693.210452808069,3361.7337991321274
forecast_4613,2025-07-12 05:00:00,4089.5871419232058,4337.905135417902,3119.424058119563
forecast_4614,2025-07-12 06:00:00,3836.5021134474155,3937.8299251529625,3093.073714129163
forecast_4615,2025-07-12 07:00:00,3408.0924861740614,3560.4893015445596,3120.0436073880724
forecast_4616,2025-07-12 08:00:00,3440.9880100067408,3419.1678274378905,2434.2820401922595
forecast_4617,2025-07-12 09:00:00,3332.435622293768,3347.665620418822,3250.678406065461
forecast_4618,2025-07-12 10:00:00,3447.4331283227048,3235.5596263699344,3015.532576545374
forecast_4619,2025-07-12 11:00:00,3552.1994939203523,3512.9726393241663,3467.291387748576
forecast_4620,2025-07-12 12:00:00,3431.1542695323024,2570.513992003679,3799.6262586260355
forecast_4621,2025-07-12 13:00:00,266.02302197019776,290.0750423362317,241.28687464577746
forecast_4622,2025-07-12 14:00:00,3861.51473347453,4106.371369569918,208.51011998057572
forecast_4623,2025-07-12 15:00:00,2977.099460754494,2326.5397976674935,185.42001064874222
forecast_4624,2025-07-12 16:00:00,2973.6029720469915,2363.872827394229,148.28125251267045
forecast_4625,2025-07-12 17:00:00,159.16133468837938,171.29265277561234,122.99706040240676
forecast_4626,2025-07-12 18:00:00,129.7055409578377,133.3324857405216,100.51429225630352
forecast_4627,2025-07-12 19:00:00,2795.5634346166626,144.48452575473053,64.48635656758509
forecast_4628,2025-07-12 20:00:00,7517.196506055208,2563.474163829595,7365.214759043936
forecast_4629,2025-07-12 21:00:00,3048.1798033738173,2547.834829578384,6615.609864481194
forecast_4630,2025-07-12 22:00:00,3545.6838787986408,3379.982507564162,2906.938432520592
forecast_4631,2025-07-12 23:00:00,3522.880052899797,3296.7302730202055,3279.2737533534523
forecast_4632,2025-07-13 00:00:00,3787.0652245021374,3514.176253484856,3711.626732424476
forecast_4633,2025-07-13 01:00:00,3450.434817036533,3647.6676324700916,3382.6942910293687
forecast_4634,2025-07-13 02:00:00,3881.901069638435,3405.7129138501796,3428.7573493978034
forecast_4635,2025-07-13 03:00:00,3537.275734585674,3492.9110771748087,3289.3927795529
forecast_4636,2025-07-13 04:00:00,3668.986961477451,3584.0354015972844,3661.7544299436354
forecast_4637,2025-07-13 05:00:00,3879.7874430573115,3747.751304928236,3574.6531493262623
forecast_4638,2025-07-13 06:00:00,3675.2085809103987,3900.6307865795166,3371.4215028781173
forecast_4639,2025-07-13 07:00:00,3437.6090155327183,3841.4794078427067,3637.9911865692347
forecast_4640,2025-07-13 08:00:00,3826.582988843974,3551.377736050207,3696.983021175185
forecast_4641,2025-07-13 09:00:00,3834.1978905872347,3434.6495855603657,3597.945576255959
forecast_4642,2025-07-13 10:00:00,3893.2073468369917,3519.4313035648033,3680.7294738135006
forecast_4643,2025-07-13 11:00:00,3623.1904444480037,3304.7968045878583,4119.583293908325
forecast_4644,2025-07-13 12:00:00,2597.9927530716172,3331.299046305835,3706.438966947987
forecast_4645,2025-07-13 13:00:00,2574.490322072868,3313.255423887454,2767.6798024172253
forecast_4646,2025-07-13 14:00:00,3001.334858271717,3094.1689701256673,3008.114830564801
forecast_4647,2025-07-13 15:00:00,3479.3060705446524,3516.9297531191514,2961.6126839339463
forecast_4648,2025-07-13 16:00:00,3622.454341237308,3354.768469624488,3421.860753916485
forecast_4649,2025-07-13 17:00:00,3337.8666909880453,3776.4526694007486,3133.387684904397
forecast_4650,2025-07-13 18:00:00,3694.5481101409387,3568.2437339347525,3371.4467391813578
forecast_4651,2025-07-13 19:00:00,4024.2734614984483,4277.83961965823,3765.447280222106
forecast_4652,2025-07-13 20:00:00,4151.100640551948,4359.002653244965,3807.5509718829258
forecast_4653,2025-07-13 21:00:00,4678.631804950317,3971.3140883230794,3864.011041760801
forecast_4654,2025-07-13 22:00:00,3901.9442652001885,3866.082718690701,3794.0080100950363
forecast_4655,2025-07-13 23:00:00,3745.974186256253,3868.490027074435,3730.907987414413
forecast_4656,2025-07-14 00:00:00,3802.5254968698177,3883.432698698688,3651.8431752764
forecast_4657,2025-07-14 01:00:00,6455.658888097856,6640.197938682165,3757.36874961257
forecast_4658,2025-07-14 02:00:00,5226.8423874226855,5054.773556602511,3869.697922590347
forecast_4659,2025-07-14 03:00:00,6777.886968125517,6961.822965553784,3882.852783532747
forecast_4660,2025-07-14 04:00:00,5161.605801220845,6374.539958732274,3839.403240789319
forecast_4661,2025-07-14 05:00:00,5587.169719248935,5830.5341267767635,3677.506763892022
forecast_4662,2025-07-14 06:00:00,4680.940613157011,5000.999794959668,3810.920080138388
forecast_4663,2025-07-14 07:00:00,4940.676692743863,5502.5345693707995,3771.514106925554
forecast_4664,2025-07-14 08:00:00,4417.2970463474885,4931.99000271741,3667.4244388644925
forecast_4665,2025-07-14 09:00:00,4258.85906006194,4263.108374482337,3761.6862123326514
forecast_4666,2025-07-14 10:00:00,3956.997482052854,4480.234513028625,3360.185807322096
forecast_4667,2025-07-14 11:00:00,3760.632655391112,3759.823206440761,3688.579710429719
forecast_4668,2025-07-14 12:00:00,3936.5510018528894,3859.396711015145,3663.3251920052426
forecast_4669,2025-07-14 13:00:00,3985.892127281307,3978.943984713199,3363.5674904593066
forecast_4670,2025-07-14 14:00:00,4215.202609850545,4168.444146085196,3465.374635031538
forecast_4671,2025-07-14 15:00:00,5057.2103385498,4760.038704474197,3780.7264119659485
forecast_4672,2025-07-14 16:00:00,5127.506183460712,5270.058669284505,3887.273989808575
forecast_4673,2025-07-14 17:00:00,4673.449372993802,4732.617198184569,3785.7473408776277
forecast_4674,2025-07-14 18:00:00,5072.571235030172,5767.755893372123,4087.1404890950525
forecast_4675,2025-07-14 19:00:00,5316.586599660625,5626.914237468832,3932.72018393146
forecast_4676,2025-07-14 20:00:00,6008.822246568122,5736.980499664528,4114.826108620743
forecast_4677,2025-07-14 21:00:00,5867.018383108321,6489.99828237378,4077.308731907902
forecast_4678,2025-07-14 22:00:00,6560.6892817867065,6818.879164905182,4572.886287630419
forecast_4679,2025-07-14 23:00:00,7843.6866360882905,9295.336065171463,6193.421462078727
forecast_4680,2025-07-15 00:00:00,7944.863268571557,10617.835113772528,6915.674851437705
forecast_4681,2025-07-15 01:00:00,10475.723883898505,10375.131218562881,8997.633407686228
forecast_4682,2025-07-15 02:00:00,11270.911666456852,11080.926114309868,9047.518969692888
forecast_4683,2025-07-15 03:00:00,11464.953475668863,11561.477747814435,8944.531261551347
forecast_4684,2025-07-15 04:00:00,10619.657926765014,10852.585756168844,9168.170916995015
forecast_4685,2025-07-15 05:00:00,9479.626497351164,9679.581991450124,8049.907912864056
forecast_4686,2025-07-15 06:00:00,9429.173203875005,9758.427968747128,6773.105750617826
forecast_4687,2025-07-15 07:00:00,10196.460925890431,9045.190778179187,6254.653134614185
forecast_4688,2025-07-15 08:00:00,7527.113029793363,9487.849063421863,5982.625084961308
forecast_4689,2025-07-15 09:00:00,8072.939689078331,8217.1342373925,5521.361992828628
forecast_4690,2025-07-15 10:00:00,7153.012473641363,7226.692151657669,4514.885285112273
forecast_4691,2025-07-15 11:00:00,5771.937878850804,4874.42529172875,4283.369173461318
forecast_4692,2025-07-15 12:00:00,3788.8940852778446,3863.092583523995,3712.7732185597933
forecast_4693,2025-07-15 13:00:00,3895.94127713252,3984.7017780129518,3669.2293218595696
forecast_4694,2025-07-15 14:00:00,5126.302789125621,4839.9041850581725,3840.7901652617857
forecast_4695,2025-07-15 15:00:00,5656.657763217237,5987.5417190085755,4261.83965223713
forecast_4696,2025-07-15 16:00:00,5670.855996833147,5492.902077261791,4038.622752183158
forecast_4697,2025-07-15 17:00:00,4650.6589685241415,4484.667679132024,3775.614102721847
forecast_4698,2025-07-15 18:00:00,4598.63731184839,4613.982399410823,3526.957287562862
forecast_4699,2025-07-15 19:00:00,3911.9190336126467,4104.35210038104,3621.8451475663896
forecast_4700,2025-07-15 20:00:00,5405.431875090946,6287.785242426255,3809.0272603663066
forecast_4701,2025-07-15 21:00:00,6096.938627691416,6815.754808222628,4988.726621174991
forecast_4702,2025-07-15 22:00:00,6454.668938514209,6987.965260140839,4910.737992908093
forecast_4703,2025-07-15 23:00:00,6044.335669532166,7755.1248602713395,5232.652865242696
forecast_4704,2025-07-16 00:00:00,6503.071139406537,9203.849799269225,4968.287793664152
forecast_4705,2025-07-16 01:00:00,11858.145466205548,12692.197768249269,8714.929849605727
forecast_4706,2025-07-16 02:00:00,12241.277910453335,13097.675115582404,9677.514030552062
forecast_4707,2025-07-16 03:00:00,12942.524688255011,14518.270586075947,11586.816773962542
forecast_4708,2025-07-16 04:00:00,13128.879745189179,14391.359247090662,12301.559906565895
forecast_4709,2025-07-16 05:00:00,13369.330674300993,13924.402697378735,11961.144059241255
forecast_4710,2025-07-16 06:00:00,11966.618388027471,12464.925287868486,8434.177138123488
forecast_4711,2025-07-16 07:00:00,10636.717355828154,10898.46236373821,7593.19058258077
forecast_4712,2025-07-16 08:00:00,8770.090934646452,8800.980272398667,6531.578417674217
forecast_4713,2025-07-16 09:00:00,8415.863875682548,8126.252439564507,5115.45402498808
forecast_4714,2025-07-16 10:00:00,6360.755358225038,6909.895197867839,7211.033381672887
forecast_4715,2025-07-16 11:00:00,7431.509231136321,6671.012230233209,5834.32401384874
forecast_4716,2025-07-16 12:00:00,6298.349533707799,6940.797118719289,5159.926048581129
forecast_4717,2025-07-16 13:00:00,6477.536236851907,6947.322742681713,5015.181212363833
forecast_4718,2025-07-16 14:00:00,5645.127428867953,6507.169718829234,5620.743913983029
forecast_4719,2025-07-16 15:00:00,5217.761752562232,5214.420746166736,4323.7670687368145
forecast_4720,2025-07-16 16:00:00,5721.4791112672365,5704.667621169894,4561.326110869246
forecast_4721,2025-07-16 17:00:00,4084.9652373607014,8227.037101978325,4479.091208287981
forecast_4722,2025-07-16 18:00:00,4460.819748081623,7363.46119207626,5628.177540893638
forecast_4723,2025-07-16 19:00:00,4000.8357911822604,8431.737654575882,5694.702179399539
forecast_4724,2025-07-16 20:00:00,4538.357755664977,5076.169563499567,4228.535719666312
forecast_4725,2025-07-16 21:00:00,5576.46346860411,5811.120942965928,6098.90016648445
forecast_4726,2025-07-16 22:00:00,6443.00727039305,9672.097765205266,5857.048278022303
forecast_4727,2025-07-16 23:00:00,7730.939925868912,9712.349036170483,7570.709707599552
forecast_4728,2025-07-17 00:00:00,8910.01061415718,11064.809791787924,8322.705435592587
forecast_4729,2025-07-17 01:00:00,14158.529700262307,16183.055230316146,13641.054690874764
forecast_4730,2025-07-17 02:00:00,12868.836898054498,16274.110519633594,13965.963488544523
forecast_4731,2025-07-17 03:00:00,12253.782092371539,16191.471779544938,13863.410604706778
forecast_4732,2025-07-17 04:00:00,11473.916957351534,14282.51513280166,12220.928274126769
forecast_4733,2025-07-17 05:00:00,10605.836748246948,13336.537292973388,11420.304067434645
forecast_4734,2025-07-17 06:00:00,10477.529557083295,13384.806209802307,10981.476842261549
forecast_4735,2025-07-17 07:00:00,10593.778085858094,13170.436324653385,12098.477734366525
forecast_4736,2025-07-17 08:00:00,11289.483077136401,13654.343537151208,12826.256003476572
forecast_4737,2025-07-17 09:00:00,11006.636394345815,13738.789102576393,11785.020037498112
forecast_4738,2025-07-17 10:00:00,10910.83353000791,13465.98093506617,12190.49183531153
forecast_4739,2025-07-17 11:00:00,9894.31831282045,12554.714700787992,11202.909058420742
forecast_4740,2025-07-17 12:00:00,10405.643814603773,12150.12335188484,9508.044191031298
forecast_4741,2025-07-17 13:00:00,9596.83117987015,12530.34827158202,10694.657345579524
forecast_4742,2025-07-17 14:00:00,10746.953428498144,12722.05442674377,9556.685945649197
forecast_4743,2025-07-17 15:00:00,11228.05142590228,11150.159368802166,8964.608149161155
forecast_4744,2025-07-17 16:00:00,7672.048380357002,10782.296153158235,6845.841266309666
forecast_4745,2025-07-17 17:00:00,6728.677460597129,9473.47148842044,7503.720048072757
forecast_4746,2025-07-17 18:00:00,5665.193265333712,11820.458039262669,7234.675766879822
forecast_4747,2025-07-17 19:00:00,5959.996435350499,9854.975512318571,6905.207713287869
forecast_4748,2025-07-17 20:00:00,6291.305792853567,9410.01298356176,7289.007996260816
forecast_4749,2025-07-17 21:00:00,7302.754165463637,9687.04792544934,7233.491659792904
forecast_4750,2025-07-17 22:00:00,8805.198856241474,10152.443193170056,7705.677715752148
forecast_4751,2025-07-17 23:00:00,8093.014198595545,9567.226008232961,7854.907591877553
forecast_4752,2025-07-18 00:00:00,8357.981847147115,10742.515830002762,8507.168094758172
forecast_4753,2025-07-18 01:00:00,9606.456524514739,11588.933819686252,9296.748217455566
forecast_4754,2025-07-18 02:00:00,9999.247916988874,11986.323877260824,9300.499858220393
forecast_4755,2025-07-18 03:00:00,8859.020100414107,11292.462846547109,8765.385551204816
forecast_4756,2025-07-18 04:00:00,8736.610854596289,11282.805178139039,8507.7463532712
forecast_4757,2025-07-18 05:00:00,9131.632358980165,10635.04119550423,8536.78760298506
forecast_4758,2025-07-18 06:00:00,8730.550572431153,10540.29932722673,8109.420289638342
forecast_4759,2025-07-18 07:00:00,8352.225497295049,10768.060296021304,7937.785632625744
forecast_4760,2025-07-18 08:00:00,7656.3194379639135,10478.406577990809,8627.971939587913
forecast_4761,2025-07-18 09:00:00,8396.829111751022,10393.291404463811,8589.216578473088
forecast_4762,2025-07-18 10:00:00,7364.938174243561,11054.777584105677,7738.18457587434
forecast_4763,2025-07-18 11:00:00,7500.609424547016,8873.22311167706,7221.304667404392
forecast_4764,2025-07-18 12:00:00,5261.084115367274,5605.217329701843,4208.26198408041
forecast_4765,2025-07-18 13:00:00,4120.746143261563,4135.421139339309,3317.7685360054293
forecast_4766,2025-07-18 14:00:00,3916.470555203424,3868.815400113718,3489.258966478659
forecast_4767,2025-07-18 15:00:00,3887.05477306319,3847.500419834021,3790.868246723633
forecast_4768,2025-07-18 16:00:00,3838.667062332854,4162.5553487310135,3788.017212573742
forecast_4769,2025-07-18 17:00:00,4902.075266600768,5962.758159060006,4752.502220047819
forecast_4770,2025-07-18 18:00:00,5479.2435770255615,7366.766362409955,6405.3171443016145
forecast_4771,2025-07-18 19:00:00,6066.304345328912,7497.263407276229,5866.867402910831
forecast_4772,2025-07-18 20:00:00,5598.430951066553,8990.266246226212,7589.04888717491
forecast_4773,2025-07-18 21:00:00,6752.2598525734775,10004.745713204857,7225.174629242193
forecast_4774,2025-07-18 22:00:00,6846.179717673735,12143.784500926062,6437.716469512058
forecast_4775,2025-07-18 23:00:00,8240.889128985866,12422.446526754782,7461.9029512003135
forecast_4776,2025-07-19 00:00:00,7873.932482458892,12403.521754612413,7474.988543787556
forecast_4777,2025-07-19 01:00:00,8039.20251717594,8792.459538264526,6528.39486139688
forecast_4778,2025-07-19 02:00:00,7472.635131902947,8631.606487171886,5966.677516266432
forecast_4779,2025-07-19 03:00:00,5991.541969022561,7905.815560571698,4835.042795663836
forecast_4780,2025-07-19 04:00:00,5278.974319305956,5697.288480038252,4507.547204383956
forecast_4781,2025-07-19 05:00:00,5726.670078683242,6021.149197778361,4411.86094700922
forecast_4782,2025-07-19 06:00:00,4651.701059408255,5305.458703943707,4521.604647932064
forecast_4783,2025-07-19 07:00:00,4978.878557136431,5588.891816236851,4497.162369827203
forecast_4784,2025-07-19 08:00:00,4597.571641680683,7151.9911196206,4121.018615070635
forecast_4785,2025-07-19 09:00:00,4888.122845334863,5805.399466618403,4503.235223300545
forecast_4786,2025-07-19 10:00:00,5821.836443510869,6699.506533339435,5503.303617154707
forecast_4787,2025-07-19 11:00:00,6634.560555666267,8456.959520588985,7159.089004679616
forecast_4788,2025-07-19 12:00:00,7101.387192572586,9845.864328372129,8343.00742645531
forecast_4789,2025-07-19 13:00:00,7995.59870963776,10106.756889594684,8752.90062562175
forecast_4790,2025-07-19 14:00:00,8263.023126250682,9891.440820677413,9193.550490886446
forecast_4791,2025-07-19 15:00:00,8470.26835690815,10154.36079840839,10738.703538128535
forecast_4792,2025-07-19 16:00:00,8527.862705897185,10228.658174264612,10864.964545755873
forecast_4793,2025-07-19 17:00:00,8415.322728769619,10342.415694992296,9584.295134655438
forecast_4794,2025-07-19 18:00:00,8227.491266277937,9695.743593982614,8577.131284104957
forecast_4795,2025-07-19 19:00:00,8640.172158681737,9685.72861070448,8675.112031834395
forecast_4796,2025-07-19 20:00:00,8687.50795979773,10188.39670301175,9096.807702566983
forecast_4797,2025-07-19 21:00:00,9495.045985106522,10807.2474064592,9543.502419331186
forecast_4798,2025-07-19 22:00:00,9235.816580195273,10682.567388260513,9461.624053309728
forecast_4799,2025-07-19 23:00:00,8967.50444060418,10432.872637008011,8939.322191616555
forecast_4800,2025-07-20 00:00:00,8484.607775688371,11831.109848293228,8147.8445938382265
forecast_4801,2025-07-20 01:00:00,10909.669298591252,12573.556936405943,11759.105507149974
forecast_4802,2025-07-20 02:00:00,11018.282423599749,14435.129278763548,11978.781469905454
forecast_4803,2025-07-20 03:00:00,13117.061718542172,14358.315445282944,13066.265076808677
forecast_4804,2025-07-20 04:00:00,12785.619721028434,13947.981190279588,12491.851698827433
forecast_4805,2025-07-20 05:00:00,11945.78443966752,13537.400362505356,11381.881969702841
forecast_4806,2025-07-20 06:00:00,11115.427510331714,12327.40340861685,10117.052515693553
forecast_4807,2025-07-20 07:00:00,9506.258832596806,11593.146730138144,9538.88599635243
forecast_4808,2025-07-20 08:00:00,9191.862379691041,10811.44861655682,9011.660084815969
forecast_4809,2025-07-20 09:00:00,8198.797422997084,9716.903013586925,7789.04028136633
forecast_4810,2025-07-20 10:00:00,6819.679105320199,8324.40918979545,6654.266403793041
forecast_4811,2025-07-20 11:00:00,5996.947323534736,6765.050282386698,5924.8962159830435
forecast_4812,2025-07-20 12:00:00,5341.846763149061,6125.532448888176,5329.130226007826
forecast_4813,2025-07-20 13:00:00,4497.977204395767,6201.363253033136,4892.568306227835
forecast_4814,2025-07-20 14:00:00,4374.69181605766,5782.188938526169,4582.212361637257
forecast_4815,2025-07-20 15:00:00,4115.951911689506,5321.6853211447315,4800.743080706555
forecast_4816,2025-07-20 16:00:00,3859.086735824946,4664.227968418729,4965.953658856395
forecast_4817,2025-07-20 17:00:00,4725.150758543785,4170.055478953899,4506.0334763625115
forecast_4818,2025-07-20 18:00:00,5367.162570049687,5375.767309965495,4435.64504011296
forecast_4819,2025-07-20 19:00:00,9237.763151751484,9337.652637343215,5173.154317375355
forecast_4820,2025-07-20 20:00:00,9873.405077677859,11160.4824687462,8754.387985945852
forecast_4821,2025-07-20 21:00:00,10265.627931590094,11719.989721679965,9453.38766935893
forecast_4822,2025-07-20 22:00:00,9853.503181362388,11665.908228838944,8027.606258758086
forecast_4823,2025-07-20 23:00:00,9403.750490619172,10740.8370474996,7856.881588139752
forecast_4824,2025-07-21 00:00:00,9308.521420848523,10360.701522663063,7510.29671655515
forecast_4825,2025-07-21 01:00:00,11377.27448250183,11953.3320303003,7634.349649340469
forecast_4826,2025-07-21 02:00:00,10766.316165412749,11570.944378740956,7554.501361767024
forecast_4827,2025-07-21 03:00:00,11147.404788962589,11885.085077546993,7290.764294442541
forecast_4828,2025-07-21 04:00:00,9425.839731518974,10889.462530176297,6320.68706856161
forecast_4829,2025-07-21 05:00:00,9050.97588084665,9988.534932038172,7068.656268278026
forecast_4830,2025-07-21 06:00:00,8733.140063732837,9452.428484671647,6748.4800610394395
forecast_4831,2025-07-21 07:00:00,9492.219519281183,9982.053721421044,8228.034255153667
forecast_4832,2025-07-21 08:00:00,10346.29055313039,10627.815348121285,8394.36758369197
forecast_4833,2025-07-21 09:00:00,11221.717246438551,11116.76126801181,8539.765863439485
forecast_4834,2025-07-21 10:00:00,8215.382035172928,8415.699503302507,7466.414022657469
forecast_4835,2025-07-21 11:00:00,5641.24802582874,6478.011857935984,6355.4552963608
forecast_4836,2025-07-21 12:00:00,5016.55238781959,5418.002016831048,6099.890603950764
forecast_4837,2025-07-21 13:00:00,4677.033706586536,5009.534066524935,5523.133863208995
forecast_4838,2025-07-21 14:00:00,5873.79083173192,4940.718521186995,5372.689192980304
forecast_4839,2025-07-21 15:00:00,5524.082822691118,5180.737377991928,4874.781552370063
forecast_4840,2025-07-21 16:00:00,5032.2218812238625,5141.5041381968995,4679.4005891683455
forecast_4841,2025-07-21 17:00:00,5371.459515949145,5583.494273288899,4745.168072086462
forecast_4842,2025-07-21 18:00:00,6804.610652957992,7112.64362489679,6158.880127348351
forecast_4843,2025-07-21 19:00:00,9425.816706104211,9789.004188725907,8277.644553597132
forecast_4844,2025-07-21 20:00:00,11002.46795263133,12432.684245108127,9862.535919852022
forecast_4845,2025-07-21 21:00:00,13442.94572891785,14173.326776669233,10888.52095165179
forecast_4846,2025-07-21 22:00:00,12912.433897099441,14556.33028014666,12173.131924947447
forecast_4847,2025-07-21 23:00:00,14381.444976526938,14558.849570348466,11576.53084436101
forecast_4848,2025-07-22 00:00:00,13260.554621663696,13607.139714169052,10154.187235765445
forecast_4849,2025-07-22 01:00:00,12760.467187184358,13590.052673617907,11808.868586094966
forecast_4850,2025-07-22 02:00:00,12125.998300863652,13444.471319867436,11922.221046597197
forecast_4851,2025-07-22 03:00:00,12398.45136063882,13844.938526942387,11800.443231277492
forecast_4852,2025-07-22 04:00:00,12580.314930334323,14184.860698733015,12326.701488270191
forecast_4853,2025-07-22 05:00:00,13493.367660044316,14715.556870210365,12528.158011880858
forecast_4854,2025-07-22 06:00:00,14019.74247247756,15294.211665521783,12356.107140352804
forecast_4855,2025-07-22 07:00:00,14015.047381472394,14546.02297784633,11529.135613459324
forecast_4856,2025-07-22 08:00:00,12233.870942073248,14592.96780473882,10072.508763986198
forecast_4857,2025-07-22 09:00:00,9859.715789982261,12362.964137178724,7806.440149479435
forecast_4858,2025-07-22 10:00:00,6703.020868165631,7478.98350827718,5876.031178302715
forecast_4859,2025-07-22 11:00:00,4507.610807328359,4498.017306823873,4093.2916569542276
forecast_4860,2025-07-22 12:00:00,3487.435554485508,3554.2230238548777,3695.558503668144
forecast_4861,2025-07-22 13:00:00,3464.715630169884,3390.2574781402936,3223.200512067955
forecast_4862,2025-07-22 14:00:00,3460.817773511444,3450.0861957132556,3018.0167390142883
forecast_4863,2025-07-22 15:00:00,4014.4619141959424,3472.080863552363,3367.8820538203813
forecast_4864,2025-07-22 16:00:00,3739.6868235938337,3906.19765129429,3367.6984055962594
forecast_4865,2025-07-22 17:00:00,3967.3286294646296,3852.094381774997,3299.4747196340836
forecast_4866,2025-07-22 18:00:00,3912.637345424014,3891.6507668218633,3528.3190385057233
forecast_4867,2025-07-22 19:00:00,4032.3165082611768,3955.7932540807324,3783.449489014574
forecast_4868,2025-07-22 20:00:00,7031.643813548891,7030.732107435829,3821.041894848036
forecast_4869,2025-07-22 21:00:00,6872.931053519802,6690.9938984725395,5232.351296826916
forecast_4870,2025-07-22 22:00:00,7692.15624881232,10383.21511632869,5596.2245680060305
forecast_4871,2025-07-22 23:00:00,8417.420490278833,7978.5590077141,6225.315224511399
forecast_4872,2025-07-23 00:00:00,8513.454780929074,8523.493774948704,6619.491921774757
forecast_4873,2025-07-23 01:00:00,7452.118993657619,7616.014683353841,6385.717474828392
forecast_4874,2025-07-23 02:00:00,8783.698025859601,11662.802252936182,7072.331618259478
forecast_4875,2025-07-23 03:00:00,10862.916556391932,10534.108974288549,6661.400371944865
forecast_4876,2025-07-23 04:00:00,10679.994931610741,10973.430013779796,6428.062509011348
forecast_4877,2025-07-23 05:00:00,8831.533700248388,9647.02950173354,5392.016907746378
forecast_4878,2025-07-23 06:00:00,8316.177345622546,9232.491026043626,4896.013742356725
forecast_4879,2025-07-23 07:00:00,7122.831488795036,6825.281723288307,4056.9949812773775
forecast_4880,2025-07-23 08:00:00,5845.525272004422,4562.632053306954,3807.5899555773217
forecast_4881,2025-07-23 09:00:00,3858.091541049786,3787.0414741443624,3261.223052873539
forecast_4882,2025-07-23 10:00:00,3720.280602330652,3972.7508738221477,3199.7458718841904
forecast_4883,2025-07-23 11:00:00,3303.065962507066,3503.881681039849,3053.588793224731
forecast_4884,2025-07-23 12:00:00,3238.3080287235757,2849.5251989124836,2803.0645857943164
forecast_4885,2025-07-23 13:00:00,82.17022209525558,73.1543923573474,75.34237017938847
forecast_4886,2025-07-23 14:00:00,2823.4476325847168,2620.5827259656558,116.95917151434794
forecast_4887,2025-07-23 15:00:00,3422.2081143897517,4627.283100176448,3451.2148922273504
forecast_4888,2025-07-23 16:00:00,7621.983540171878,7148.879631672729,3220.2418528657704
forecast_4889,2025-07-23 17:00:00,7223.354984084821,3079.75699956843,3583.5994784037393
forecast_4890,2025-07-23 18:00:00,7364.537478309247,3010.3085618169293,7113.817286265754
forecast_4891,2025-07-23 19:00:00,3060.8786545880243,2932.2200496934115,3470.249894759119
forecast_4892,2025-07-23 20:00:00,3168.3363256504067,3352.440564600867,3163.1338359600104
forecast_4893,2025-07-23 21:00:00,3970.2798707315064,3948.4612382843047,3597.461881735915
forecast_4894,2025-07-23 22:00:00,4243.683546764106,5065.286477085308,3388.2583603946227
forecast_4895,2025-07-23 23:00:00,5482.083319018235,5277.661587555153,3638.942841484028
forecast_4896,2025-07-24 00:00:00,6061.029925749455,5904.039844092064,3863.764166261607
forecast_4897,2025-07-24 01:00:00,6790.335656662367,6452.409100885902,4159.066836136118
forecast_4898,2025-07-24 02:00:00,7370.716728397476,6862.21556763741,4661.574459845595
forecast_4899,2025-07-24 03:00:00,8093.835993415236,8285.64827694108,5090.477939619753
forecast_4900,2025-07-24 04:00:00,8999.865418268166,9230.180638565687,5186.452945022798
forecast_4901,2025-07-24 05:00:00,7861.392415610326,8951.980183864789,4840.332509149431
forecast_4902,2025-07-24 06:00:00,7721.119631062175,7754.053892535329,4423.120489322821
forecast_4903,2025-07-24 07:00:00,4914.459886160818,4728.323863680282,3747.297265754321
forecast_4904,2025-07-24 08:00:00,3628.6054062989006,3634.8564643876307,3262.673583636691
forecast_4905,2025-07-24 09:00:00,3375.8251261228097,2724.8022521858466,3582.6974286282643
forecast_4906,2025-07-24 10:00:00,92.69885824948861,2297.687870266578,73.19705945348059
forecast_4907,2025-07-24 11:00:00,3868.3359372510913,3493.0519264846253,3592.2326945278264
forecast_4908,2025-07-24 12:00:00,3905.75948844882,3196.8073358632982,3587.010171702428
forecast_4909,2025-07-24 13:00:00,58.58331225101449,59.74310375115376,60.06966008305707
forecast_4910,2025-07-24 14:00:00,94.21911085828887,91.47468510268695,4861.686882051078
forecast_4911,2025-07-24 15:00:00,2968.5527595339486,2844.3758652649444,3178.8620288967745
forecast_4912,2025-07-24 16:00:00,3385.698416707727,4130.8798377453395,3200.8245418723127
forecast_4913,2025-07-24 17:00:00,2958.571193912958,4231.556260806174,2482.6316968791184
forecast_4914,2025-07-24 18:00:00,2866.437308598508,4131.019752922634,3695.3327361793945
forecast_4915,2025-07-24 19:00:00,3955.6263596518165,3245.5565327430168,3463.579250802126
forecast_4916,2025-07-24 20:00:00,4476.717000148388,6394.351638357253,3629.9126864577147
forecast_4917,2025-07-24 21:00:00,3471.1051301769303,3266.542160565622,3362.7338004340463
forecast_4918,2025-07-24 22:00:00,3387.3013640036434,3447.518139420189,3568.78690954309
forecast_4919,2025-07-24 23:00:00,3649.052984013045,3478.1677239040637,3193.186686949566
forecast_4920,2025-07-25 00:00:00,3612.696408591405,3481.817801887906,3429.198853378238
forecast_4921,2025-07-25 01:00:00,3524.7625634838005,3465.2071576502167,3064.7460283842506
forecast_4922,2025-07-25 02:00:00,3527.1412495939126,3714.2546095152525,3157.079767668601
forecast_4923,2025-07-25 03:00:00,3901.2098632328657,3716.1678961047664,3121.441933879427
forecast_4924,2025-07-25 04:00:00,3734.0747077505152,3608.265768437226,3021.7138939720785
forecast_4925,2025-07-25 05:00:00,3474.2238795472904,3533.025719981278,3471.8650074892844
forecast_4926,2025-07-25 06:00:00,3850.755667903287,3424.587883595682,3372.576765576331
forecast_4927,2025-07-25 07:00:00,3565.83931267127,3618.089866388196,3395.9532069446705
forecast_4928,2025-07-25 08:00:00,3848.353859355626,3489.8255381516574,3477.086722230902
forecast_4929,2025-07-25 09:00:00,3808.158793451701,3493.6006703216312,3757.937626621091
forecast_4930,2025-07-25 10:00:00,3277.8303719437627,3544.1370321608774,2462.459868139417
forecast_4931,2025-07-25 11:00:00,4547.37629528342,3598.58077606654,4095.5236253843395
forecast_4932,2025-07-25 12:00:00,2932.631046673764,2794.9467970914984,2382.4048573329005
forecast_4933,2025-07-25 13:00:00,131.76759334889556,120.10595840987094,86.6650508626742
forecast_4934,2025-07-25 14:00:00,131.91941488763788,2253.035499878678,2329.3339484605017
forecast_4935,2025-07-25 15:00:00,7377.238289209204,3113.3087988461393,3052.811525434772
forecast_4936,2025-07-25 16:00:00,3419.6472400169814,3085.08388611047,2990.4220605300106
forecast_4937,2025-07-25 17:00:00,3420.534333736695,3250.473282476267,2522.542756913531
forecast_4938,2025-07-25 18:00:00,3798.3105687703883,3786.178738574569,2506.773758733523
forecast_4939,2025-07-25 19:00:00,3792.0324894142,3676.354104043693,3245.0489147281087
forecast_4940,2025-07-25 20:00:00,3606.7532482029974,3473.642526688004,3788.221920496765
forecast_4941,2025-07-25 21:00:00,3800.9201132190533,3547.538829446283,3385.334730436315
forecast_4942,2025-07-25 22:00:00,3453.743598586204,3796.3183880359793,3370.1425493302054
forecast_4943,2025-07-25 23:00:00,3801.853876625648,3495.6113803546036,3274.5344606471394
forecast_4944,2025-07-26 00:00:00,3805.9543688362673,3752.059339236207,3308.4317582793724
forecast_4945,2025-07-26 01:00:00,7271.904411687275,7474.223061765578,5036.743785472104
forecast_4946,2025-07-26 02:00:00,7221.589094252538,6963.883479497712,4991.145254083673
forecast_4947,2025-07-26 03:00:00,6959.902245199111,6716.985376394915,4189.414220348349
forecast_4948,2025-07-26 04:00:00,5202.920248597208,5140.094013078537,3755.0431679127905
forecast_4949,2025-07-26 05:00:00,4235.946854899897,3929.4267935870485,3264.9402169009104
forecast_4950,2025-07-26 06:00:00,3735.116971513874,3684.2891938226044,3103.8512750088194
forecast_4951,2025-07-26 07:00:00,3728.4427110027686,3432.2557872603215,2938.4112808435248
forecast_4952,2025-07-26 08:00:00,3448.019911552042,3536.7872825430604,3936.474605284531
forecast_4953,2025-07-26 09:00:00,3446.0693283108594,3746.350986513251,3852.159788737166
forecast_4954,2025-07-26 10:00:00,4133.242543442482,3560.4339981444605,3596.0626256694013
forecast_4955,2025-07-26 11:00:00,3546.1937436213307,3786.5260040836024,3724.7601022504587
forecast_4956,2025-07-26 12:00:00,2974.8223906526964,3216.789217928992,3142.214873913985
forecast_4957,2025-07-26 13:00:00,2909.8760794126824,2790.871419659359,82.49340147301575
forecast_4958,2025-07-26 14:00:00,3264.7427868150726,3408.147953867615,3373.1901194962375
forecast_4959,2025-07-26 15:00:00,3289.1763289520227,3790.811543667404,3400.136031986962
forecast_4960,2025-07-26 16:00:00,7417.667888051842,3692.6436641533983,3087.5621991144426
forecast_4961,2025-07-26 17:00:00,7448.843983193582,7441.384843188121,3104.4984730224487
forecast_4962,2025-07-26 18:00:00,3667.567079204369,3544.2488960840747,3517.113913254376
forecast_4963,2025-07-26 19:00:00,3483.180361831259,3441.017767438811,3774.3803040613734
forecast_4964,2025-07-26 20:00:00,3460.8102422402844,3427.1394403307418,3428.4453168320156
forecast_4965,2025-07-26 21:00:00,3796.142052621645,3563.635723007136,3108.813916812659
forecast_4966,2025-07-26 22:00:00,4019.642645258346,3924.234678984528,3586.8947075194556
forecast_4967,2025-07-26 23:00:00,3843.802008103539,3914.610389839955,3356.7070927364994
forecast_4968,2025-07-27 00:00:00,4570.751233553546,5014.765257224762,3756.4695938423483
forecast_4969,2025-07-27 01:00:00,8272.678105423864,8857.650507561604,5941.75124009761
forecast_4970,2025-07-27 02:00:00,8146.699879676514,8488.755834338026,5444.1862428930235
forecast_4971,2025-07-27 03:00:00,6911.243500229512,7772.643467328728,4922.919969496137
forecast_4972,2025-07-27 04:00:00,6646.007778608158,7022.580455735478,4350.250081176589
forecast_4973,2025-07-27 05:00:00,6169.57402973096,6235.369523187979,4361.770076809412
forecast_4974,2025-07-27 06:00:00,5792.74831928325,6715.217535999268,3849.3966517739495
forecast_4975,2025-07-27 07:00:00,5610.647855643,5464.383702623183,3760.3686010941174
forecast_4976,2025-07-27 08:00:00,4143.377045149499,4021.1037932077543,3354.871961583942
forecast_4977,2025-07-27 09:00:00,3971.5009085596266,3881.275146204361,3359.5490939830083
forecast_4978,2025-07-27 10:00:00,3706.9262696220235,3384.483492933973,3149.883628058905
forecast_4979,2025-07-27 11:00:00,3233.3161292540526,3396.1184032019632,3899.283853437616
forecast_4980,2025-07-27 12:00:00,3231.5466317212868,3106.2103019978426,3149.4958814726747
forecast_4981,2025-07-27 13:00:00,3609.32989268071,3027.7189648201297,2551.610492617086
forecast_4982,2025-07-27 14:00:00,3548.8898682327094,3139.5719537770474,2658.34761292313
forecast_4983,2025-07-27 15:00:00,3509.4196529595165,2996.0723971337866,3028.754393597598
forecast_4984,2025-07-27 16:00:00,3769.730425634186,3484.5595545803417,3366.6665344338453
forecast_4985,2025-07-27 17:00:00,3611.984236277026,3331.2655411901237,3194.9060634427915
forecast_4986,2025-07-27 18:00:00,3698.3423656257696,3685.0421870370787,3262.0868266828375
forecast_4987,2025-07-27 19:00:00,3794.39937016924,3619.262876105401,3268.8947787358497
forecast_4988,2025-07-27 20:00:00,4138.745477357478,4294.25929650245,3705.526827653226
forecast_4989,2025-07-27 21:00:00,5500.6688732269195,5569.94657991951,4356.194340195143
forecast_4990,2025-07-27 22:00:00,6502.289416628297,6549.038543262252,4733.959318732988
forecast_4991,2025-07-27 23:00:00,7684.50805196353,7284.942616004481,4776.752603576237
forecast_4992,2025-07-28 00:00:00,7752.353381303981,7808.768198562941,4826.388440534013
forecast_4993,2025-07-28 01:00:00,8779.718484786912,8958.524563951461,6369.9474153392985
forecast_4994,2025-07-28 02:00:00,8777.466805130258,8427.432665311126,6437.754325321269
forecast_4995,2025-07-28 03:00:00,9334.88130450521,8974.105852261704,7083.6437378467535
forecast_4996,2025-07-28 04:00:00,9259.934815883182,8973.246436499467,7161.426260084942
forecast_4997,2025-07-28 05:00:00,7505.851283393241,7575.518760725281,6768.814349716409
forecast_4998,2025-07-28 06:00:00,7350.105841229812,7616.432155770357,5335.622033044609
forecast_4999,2025-07-28 07:00:00,5532.91839494726,5171.774459871994,4213.239617291572
forecast_5000,2025-07-28 08:00:00,4455.032259191918,3899.6675249075756,3725.852138774017
forecast_5001,2025-07-28 09:00:00,3896.6981399994115,4024.8938342912006,3274.79874987272
forecast_5002,2025-07-28 10:00:00,3853.361451759154,3902.092335154204,3222.770870698543
forecast_5003,2025-07-28 11:00:00,4744.878369073733,4018.4913945971057,3757.3440246994396
forecast_5004,2025-07-28 12:00:00,3417.667430385221,3178.3034750220963,2666.9089492630615
forecast_5005,2025-07-28 13:00:00,3377.191325709209,3498.9385745136915,3147.383505593339
forecast_5006,2025-07-28 14:00:00,7391.903050695938,4270.491198914244,2500.8703716557534
forecast_5007,2025-07-28 15:00:00,2844.471062127462,2822.5270242464107,2599.1231007458355
forecast_5008,2025-07-28 16:00:00,2862.684618102942,2852.337115268158,2484.8800508225845
forecast_5009,2025-07-28 17:00:00,3003.5714972181386,2991.40910415681,3264.5522758418465
forecast_5010,2025-07-28 18:00:00,3823.354546583997,3582.89940111847,2994.4246390552744
forecast_5011,2025-07-28 19:00:00,3777.591939480328,4219.44558586957,3637.0739909279887
forecast_5012,2025-07-28 20:00:00,3401.7994677907586,3356.7953868328605,3452.8836133999266
forecast_5013,2025-07-28 21:00:00,3913.735131357681,5288.309149020485,3382.7310678321282
forecast_5014,2025-07-28 22:00:00,3853.305912134085,4079.2870060875634,3523.088867422024
forecast_5015,2025-07-28 23:00:00,3880.3761624385957,3286.2467259602126,3483.8451551773655
forecast_5016,2025-07-29 00:00:00,3851.016961214974,3886.0334570456353,3424.031374866889
forecast_5017,2025-07-29 01:00:00,3747.8775678092725,3330.2741340208277,3150.105551659037
forecast_5018,2025-07-29 02:00:00,3582.1525390097754,3462.919337492362,3252.440187835962
forecast_5019,2025-07-29 03:00:00,3741.184136800323,3485.0245841560068,3267.4094589423476
forecast_5020,2025-07-29 04:00:00,3914.9783839446272,3781.0798340336532,3371.618102399785
forecast_5021,2025-07-29 05:00:00,3701.402352482422,3779.8562542330346,3341.801638859689
forecast_5022,2025-07-29 06:00:00,3216.129710957835,3957.6556732685817,3456.1562824758703
forecast_5023,2025-07-29 07:00:00,3871.8893273984663,3670.636991286075,2407.960199713555
forecast_5024,2025-07-29 08:00:00,4953.9010682273,4654.790148281104,2321.0846365679845
forecast_5025,2025-07-29 09:00:00,3130.671943550665,3497.834254488626,64.90758804479333
forecast_5026,2025-07-29 10:00:00,66.15298972293223,62.87905058435105,52.737752939317204
forecast_5027,2025-07-29 11:00:00,62.38201203591775,50.95701305866825,43.081474275257975
forecast_5028,2025-07-29 12:00:00,47.97487491786647,30.28303344697084,29.908754534928903
forecast_5029,2025-07-29 13:00:00,80.13229390213297,55.5457281647695,2346.728082849969
forecast_5030,2025-07-29 14:00:00,6135.0786100809,7040.210750454398,4311.811011253909
forecast_5031,2025-07-29 15:00:00,134.51515465409764,2645.275241040431,108.67928300866586
forecast_5032,2025-07-29 16:00:00,117.04515820192475,125.22771849652844,109.43775317249927
forecast_5033,2025-07-29 17:00:00,99.49551673434175,2610.6025121785615,2379.9336746396734
forecast_5034,2025-07-29 18:00:00,187.53529311202772,2671.9713492114042,2405.6827868058517
forecast_5035,2025-07-29 19:00:00,3324.5422075154415,3596.2623541481216,6668.458230204183
forecast_5036,2025-07-29 20:00:00,7663.891801832546,8220.563009705904,6704.856411975676
forecast_5037,2025-07-29 21:00:00,3767.9736744855486,3173.0845260542806,6625.782757878516
forecast_5038,2025-07-29 22:00:00,3467.694713642435,3823.4726277672216,3067.1737310771696
forecast_5039,2025-07-29 23:00:00,3414.525265651903,3419.203514206112,3693.493711564837
forecast_5040,2025-07-30 00:00:00,3550.0179804008644,3350.92974946631,3412.308201801183
forecast_5041,2025-07-30 01:00:00,3868.5160802524997,3618.7372955547053,3442.559946089587
forecast_5042,2025-07-30 02:00:00,3912.844767015713,3667.536113446166,3551.390869966923
forecast_5043,2025-07-30 03:00:00,3624.2408845171235,3439.665678048797,3117.009045425968
forecast_5044,2025-07-30 04:00:00,3487.9014247908776,3821.5641918466763,3369.4191604905964
forecast_5045,2025-07-30 05:00:00,3629.2452246043435,3426.8341530357443,2550.977083853977
forecast_5046,2025-07-30 06:00:00,3823.2510475400572,4115.112597836933,2655.4079416290097
forecast_5047,2025-07-30 07:00:00,3768.3064048242904,3446.439634925293,2708.911052594629
forecast_5048,2025-07-30 08:00:00,2927.811365157131,2972.794304674671,35.3819930548825
forecast_5049,2025-07-30 09:00:00,3781.5478589936065,3101.7027807949376,6.3045325550439895
forecast_5050,2025-07-30 10:00:00,2905.9419972456058,3605.113382135343,25.343001845962043
forecast_5051,2025-07-30 11:00:00,78.9007271663234,84.5185753138839,38.96788557237369
forecast_5052,2025-07-30 12:00:00,106.5296025297595,125.61695119007754,78.89076992221234
forecast_5053,2025-07-30 13:00:00,156.39465188506264,207.49607706153913,139.63118798019602
forecast_5054,2025-07-30 14:00:00,196.64848808997107,244.00545776806473,185.44159648610616
forecast_5055,2025-07-30 15:00:00,169.23211159620584,209.1373589390538,168.05708041630407
forecast_5056,2025-07-30 16:00:00,141.9144148756257,152.87330867467062,2244.263748457583
forecast_5057,2025-07-30 17:00:00,2489.3933098064645,129.2209801686471,74.54573879056339
forecast_5058,2025-07-30 18:00:00,2763.120077506593,3282.465086016446,94.24339665834466
forecast_5059,2025-07-30 19:00:00,2848.459442749895,2434.0251154457014,83.02838002162375
forecast_5060,2025-07-30 20:00:00,3037.5856883950564,3180.63771240507,145.98258543638894
forecast_5061,2025-07-30 21:00:00,3441.1317001410675,3884.8163248158517,2231.284350103761
forecast_5062,2025-07-30 22:00:00,3315.3274929576587,3553.992204569516,3396.684487729708
forecast_5063,2025-07-30 23:00:00,3242.2555620724115,3468.831066806134,2412.511652518785
forecast_5064,2025-07-31 00:00:00,3354.932419284184,3476.9295249575107,2377.4721178900386
forecast_5065,2025-07-31 01:00:00,3547.953423293145,3551.9790632249196,3138.4181298542717
forecast_5066,2025-07-31 02:00:00,3853.421817325507,3827.3072819157137,3311.8182226657536
forecast_5067,2025-07-31 03:00:00,4401.427912667111,4431.912303265179,3551.8871695478138
forecast_5068,2025-07-31 04:00:00,5009.8448332899625,3972.4472686822874,3713.92982069993
forecast_5069,2025-07-31 05:00:00,4727.008671856753,4701.535489561963,3602.016773964273
forecast_5070,2025-07-31 06:00:00,3840.468508962261,3742.7805424382477,3382.622767008762
forecast_5071,2025-07-31 07:00:00,3699.157576042134,3430.2980468577116,2451.847268635934
forecast_5072,2025-07-31 08:00:00,3593.9836944770086,3217.1650865345596,2369.1477513320137
forecast_5073,2025-07-31 09:00:00,2493.6784687609306,3162.6603212340883,2415.6163813765347
forecast_5074,2025-07-31 10:00:00,3453.854274557538,3104.809737813129,3026.2600349785384
forecast_5075,2025-07-31 11:00:00,3019.1696616700237,3394.367243791179,3059.8951424201127
forecast_5076,2025-07-31 12:00:00,7068.514687998382,3298.3380166965085,2944.4651909551985
forecast_5077,2025-07-31 13:00:00,4698.5121461313265,3489.0303284950005,2969.3857624387583
forecast_5078,2025-07-31 14:00:00,7376.762349654055,3797.8414227148887,2896.173380641938
forecast_5079,2025-07-31 15:00:00,7395.668041912049,3211.0024512084133,3077.5686785123385
forecast_5080,2025-07-31 16:00:00,7430.922174679592,7859.823181903023,6658.116079553967
forecast_5081,2025-07-31 17:00:00,5692.135692028447,3481.626939730858,6607.707035885493
forecast_5082,2025-07-31 18:00:00,3315.643405524086,3372.5937936809223,53.61790817054191
forecast_5083,2025-07-31 19:00:00,3282.455103119047,2761.503920434751,3745.782788827956
forecast_5084,2025-07-31 20:00:00,3898.638841445829,3213.3898750964527,3388.5787386080106
forecast_5085,2025-07-31 21:00:00,3907.0767930895677,3902.0880247947302,3161.146662644986
forecast_5086,2025-07-31 22:00:00,3493.4223458749843,3875.4905934794624,6051.571418798681
forecast_5087,2025-07-31 23:00:00,3531.681124478841,2875.08499668615,6072.555264189136
forecast_5088,2025-08-01 00:00:00,3812.977422149915,3973.462164740249,4696.379992176999
forecast_5089,2025-08-01 01:00:00,4154.036800951952,3737.3275090330453,3460.234441289471
forecast_5090,2025-08-01 02:00:00,3620.313468267148,3727.8700269575447,3714.8588658095105
forecast_5091,2025-08-01 03:00:00,4078.102593283603,3783.9678536489428,3747.0654658727344
forecast_5092,2025-08-01 04:00:00,4447.706986461304,3963.5827538728877,3634.4226962872617
forecast_5093,2025-08-01 05:00:00,3258.5230523952587,3874.164222083172,3356.6428543796164
forecast_5094,2025-08-01 06:00:00,3318.5152136874503,3607.391355930964,106.77664032926802
forecast_5095,2025-08-01 07:00:00,3390.516707186558,3601.0690692066464,92.544235695921
forecast_5096,2025-08-01 08:00:00,3013.439404842864,3453.7038240885036,61.236147110973796
forecast_5097,2025-08-01 09:00:00,4260.194637221986,3160.9535751620806,41.83576239426363
forecast_5098,2025-08-01 10:00:00,3784.2630382467796,2996.6849002279127,7.856803156248239
forecast_5099,2025-08-01 11:00:00,3775.0915712081955,3119.0459704232608,34.45840846994828
forecast_5100,2025-08-01 12:00:00,51.72125109534221,2496.469952582942,45.991089768467575
forecast_5101,2025-08-01 13:00:00,87.65442000065079,102.29335364191428,66.25632373595519
forecast_5102,2025-08-01 14:00:00,93.78934972927408,2402.651096683126,63.265247878488715
forecast_5103,2025-08-01 15:00:00,97.9567773515389,110.1448489650092,62.70430081540966
forecast_5104,2025-08-01 16:00:00,61.247530575372096,71.42070791012205,2298.63598081369
forecast_5105,2025-08-01 17:00:00,3940.6354798382554,3978.6807011667483,2285.579519764695
forecast_5106,2025-08-01 18:00:00,87.25525629333892,2677.496038219035,26.37792003119839
forecast_5107,2025-08-01 19:00:00,3766.790595531182,3137.7677535768457,3718.004487038078
forecast_5108,2025-08-01 20:00:00,2786.6582300622968,2766.1747113737347,3347.513915434318
forecast_5109,2025-08-01 21:00:00,3424.994011252368,2861.4253885229205,3339.9065665087546
forecast_5110,2025-08-01 22:00:00,3575.870189716641,2704.2636560983165,3689.845921610647
forecast_5111,2025-08-01 23:00:00,2543.1836036433633,2607.514865304227,6482.3645624807905
forecast_5112,2025-08-02 00:00:00,3497.9081206131877,3140.652331627967,3364.5645013912563
forecast_5113,2025-08-02 01:00:00,4539.170004540068,4608.5367896114985,3625.4422360193894
forecast_5114,2025-08-02 02:00:00,4665.949252415108,4913.5704640795075,3783.03000329401
forecast_5115,2025-08-02 03:00:00,7140.34350792689,7103.103955491344,3938.485533507214
forecast_5116,2025-08-02 04:00:00,6960.027470235006,7647.06622573278,4505.479455580615
forecast_5117,2025-08-02 05:00:00,7750.754596289872,7853.549186594484,5173.862563562198
forecast_5118,2025-08-02 06:00:00,8759.851114607656,8633.275207619345,4972.264902941652
forecast_5119,2025-08-02 07:00:00,8392.801819485907,8311.162767351472,4873.93306931615
forecast_5120,2025-08-02 08:00:00,6621.3402884224415,6558.219823020936,4134.900367810831
forecast_5121,2025-08-02 09:00:00,4654.495784553354,4187.544012018228,3784.2844768793575
forecast_5122,2025-08-02 10:00:00,3871.153862163038,3904.7739486712703,3530.223301275016
forecast_5123,2025-08-02 11:00:00,3425.8640488902884,3558.538161076749,3331.043335004351
forecast_5124,2025-08-02 12:00:00,3690.2068534879,2987.0616426109314,3376.2063495156553
forecast_5125,2025-08-02 13:00:00,3656.6956622864304,3536.058671876607,3368.8392499784272
forecast_5126,2025-08-02 14:00:00,3898.922677640164,3255.1753126542117,3456.7314675543794
forecast_5127,2025-08-02 15:00:00,2933.9966713144854,3360.2507563484864,3748.621727966124
forecast_5128,2025-08-02 16:00:00,3742.985832593291,3227.516855431854,2636.1441038620324
forecast_5129,2025-08-02 17:00:00,4072.0622877695323,4050.0042381992776,3287.6768561350614
forecast_5130,2025-08-02 18:00:00,5238.924388180445,3895.258434799136,3924.094987315834
forecast_5131,2025-08-02 19:00:00,3798.178589606517,3686.4568955549635,4000.034331892163
forecast_5132,2025-08-02 20:00:00,3900.3281909558077,3380.1592172483256,3630.449383675224
forecast_5133,2025-08-02 21:00:00,3659.0073372954635,3445.5785102739687,3450.326163617662
forecast_5134,2025-08-02 22:00:00,3986.336539320244,3950.485113620506,3486.03583948827
forecast_5135,2025-08-02 23:00:00,4110.911075721165,4064.839484113248,3463.016478906129
forecast_5136,2025-08-03 00:00:00,3917.8884216939286,3852.9867029383995,3492.778541931037
forecast_5137,2025-08-03 01:00:00,3906.8943167870366,3942.06565960042,3768.9910066537886
forecast_5138,2025-08-03 02:00:00,3892.938512137459,3893.0915571629002,3439.9518519042463
forecast_5139,2025-08-03 03:00:00,3879.1484962223526,3869.291141532629,3581.2841991129585
forecast_5140,2025-08-03 04:00:00,3593.2713244767433,3870.952996410024,3850.354946603903
forecast_5141,2025-08-03 05:00:00,3900.7365418373756,4073.341074266973,3335.9594883051095
forecast_5142,2025-08-03 06:00:00,3668.3726533786917,3671.7879426258046,3455.1311671047633
forecast_5143,2025-08-03 07:00:00,2834.7738759365384,3011.861684719398,2927.5896039238883
forecast_5144,2025-08-03 08:00:00,3690.053801208006,3607.8535390512557,3434.98004980746
forecast_5145,2025-08-03 09:00:00,3290.4315468325262,3464.7318203937466,2395.9911708828995
forecast_5146,2025-08-03 10:00:00,4069.4652315055305,4545.161711180345,2122.7611153844314
forecast_5147,2025-08-03 11:00:00,3350.3992851016724,3311.968312653676,3642.027168201761
forecast_5148,2025-08-03 12:00:00,6210.70529383443,3311.694581789193,6266.061922590301
forecast_5149,2025-08-03 13:00:00,6561.2259058071595,3524.05389128577,6747.637227639965
forecast_5150,2025-08-03 14:00:00,7419.52368613194,2985.073010428794,2857.0147424735055
forecast_5151,2025-08-03 15:00:00,3575.752183753799,3596.933148828987,3680.759238459912
forecast_5152,2025-08-03 16:00:00,3351.9783929684977,3310.396356251165,2825.541037097317
forecast_5153,2025-08-03 17:00:00,3708.9753722673313,3628.880714399631,3220.659817239122
forecast_5154,2025-08-03 18:00:00,4012.052532309299,3835.1066451365446,3595.3143118428143
forecast_5155,2025-08-03 19:00:00,4169.898435432795,3964.5660343075056,3719.502586503989
forecast_5156,2025-08-03 20:00:00,4159.137673304827,4237.291397116389,3772.886778282314
forecast_5157,2025-08-03 21:00:00,3960.728481360585,4388.7199821850745,3810.256726748984
forecast_5158,2025-08-03 22:00:00,4100.275279914151,4896.421155698787,4372.352476873946
forecast_5159,2025-08-03 23:00:00,6976.772293838181,5602.763346394518,4180.051561902897
forecast_5160,2025-08-04 00:00:00,5703.641733168664,10177.560449806893,4612.259628510274
forecast_5161,2025-08-04 01:00:00,5527.34049892154,5747.000139454264,4212.802089232641
forecast_5162,2025-08-04 02:00:00,5429.904790424546,5589.01377149149,4719.310222543553
forecast_5163,2025-08-04 03:00:00,6368.99849672472,6464.623862148743,5376.147062602353
forecast_5164,2025-08-04 04:00:00,7940.659979493088,11292.661230330597,6247.305315557007
forecast_5165,2025-08-04 05:00:00,7985.083109293786,8820.76377658307,7150.426335027149
forecast_5166,2025-08-04 06:00:00,7395.026028469005,10282.737309390777,7110.35530782999
forecast_5167,2025-08-04 07:00:00,8673.440812341812,9399.980420633816,6558.892800691726
forecast_5168,2025-08-04 08:00:00,5688.058777987051,8789.507744042357,5846.0003931276815
forecast_5169,2025-08-04 09:00:00,7315.694378071203,8476.758200888591,5807.595696568801
forecast_5170,2025-08-04 10:00:00,6365.733223365629,7798.123579818909,6030.879992490794
forecast_5171,2025-08-04 11:00:00,6450.298943626503,7172.154227220902,6088.781156501856
forecast_5172,2025-08-04 12:00:00,7800.12461505881,6498.6279742000825,5834.565174454295
forecast_5173,2025-08-04 13:00:00,7000.714727290348,7294.945872108132,6184.221988298566
forecast_5174,2025-08-04 14:00:00,4876.658754508479,4911.692599929039,3816.995963909201
forecast_5175,2025-08-04 15:00:00,4290.403192363616,3843.830957542282,3966.2880290159324
forecast_5176,2025-08-04 16:00:00,4664.284160251797,4470.793323425164,3705.9948368140494
forecast_5177,2025-08-04 17:00:00,5192.976231351264,5318.202137344722,4271.6289851041
forecast_5178,2025-08-04 18:00:00,6136.618341708841,6578.426757366102,6790.391518889445
forecast_5179,2025-08-04 19:00:00,7526.451893395776,5435.789857959227,7128.6958388042785
forecast_5180,2025-08-04 20:00:00,3870.9947169297902,4917.917721858172,7699.607813643587
forecast_5181,2025-08-04 21:00:00,8138.429923981439,8599.803311683032,8020.916905733203
forecast_5182,2025-08-04 22:00:00,9443.039353520722,9479.027717649049,9169.325202538705
forecast_5183,2025-08-04 23:00:00,4895.26378942849,10522.735939481858,9417.640586792597
forecast_5184,2025-08-05 00:00:00,4093.969906470317,10736.635597323255,9837.907407305067
forecast_5185,2025-08-05 01:00:00,3585.2159243772085,4029.9532822126835,3777.9773810423967
forecast_5186,2025-08-05 02:00:00,3747.049710979192,4218.969025889768,3784.164370582477
forecast_5187,2025-08-05 03:00:00,3887.5342732299696,3919.6355023900114,3605.778944754888
forecast_5188,2025-08-05 04:00:00,4715.707789104728,3909.1229049159233,3353.1024680486007
forecast_5189,2025-08-05 05:00:00,3885.4937999353588,3869.525964513229,3402.2722202487375
forecast_5190,2025-08-05 06:00:00,3895.7986383338043,3769.7526972847836,3238.4063755071347
forecast_5191,2025-08-05 07:00:00,3742.3190702436486,3589.597841109022,3543.280666609733
forecast_5192,2025-08-05 08:00:00,3828.899109434081,3668.935264647589,3389.543731304322
forecast_5193,2025-08-05 09:00:00,3690.7175896957447,3883.7240846938735,3101.928902632834
forecast_5194,2025-08-05 10:00:00,3921.4692293905837,3822.669735426955,3327.1638184296535
forecast_5195,2025-08-05 11:00:00,4062.5988043647408,3682.7577406221476,3339.3285032655026
forecast_5196,2025-08-05 12:00:00,3377.619925725878,3435.8160573804403,3145.685292691134
forecast_5197,2025-08-05 13:00:00,3882.0730009051695,3861.4078340446613,3623.0581171143326
forecast_5198,2025-08-05 14:00:00,4259.530255823089,4380.987499173997,3810.816804579803
forecast_5199,2025-08-05 15:00:00,5358.509386996522,5562.457051353993,4832.292044079236
forecast_5200,2025-08-05 16:00:00,6214.698000187646,6490.088821138237,5772.431467336119
forecast_5201,2025-08-05 17:00:00,6513.989429147703,6601.410788853853,5337.996625271657
forecast_5202,2025-08-05 18:00:00,6230.977035370354,6555.389132774219,4816.766739249414
forecast_5203,2025-08-05 19:00:00,6798.18207808454,6945.585284540444,5098.533628427536
forecast_5204,2025-08-05 20:00:00,8375.951706089963,8677.21179649302,5263.473399365254
forecast_5205,2025-08-05 21:00:00,7384.632550353153,7910.1091621442765,5831.2110421549505
forecast_5206,2025-08-05 22:00:00,7842.01421902903,8342.808701496017,6333.439905602216
forecast_5207,2025-08-05 23:00:00,7809.409513018216,8905.330007267901,7115.0950378711395
forecast_5208,2025-08-06 00:00:00,10356.100855665947,9649.319564024856,7073.079122989335
forecast_5209,2025-08-06 01:00:00,12021.21257219196,15058.347860122725,14010.592106135897
forecast_5210,2025-08-06 02:00:00,11849.165533295529,14855.00997536639,13887.986114919022
forecast_5211,2025-08-06 03:00:00,10542.665055842896,14364.057855288662,13444.436376196256
forecast_5212,2025-08-06 04:00:00,11157.128631824846,14932.372049410522,12384.537394215786
forecast_5213,2025-08-06 05:00:00,12109.629710141351,15005.361581306799,11203.393701737814
forecast_5214,2025-08-06 06:00:00,12000.014226490492,15399.37766529155,11954.868128846827
forecast_5215,2025-08-06 07:00:00,11936.972742821148,14134.62734257057,11758.328694694093
forecast_5216,2025-08-06 08:00:00,14628.309826682476,13647.19574713667,11584.43592364531
forecast_5217,2025-08-06 09:00:00,12285.210470306147,13358.482941466073,12599.803886801483
forecast_5218,2025-08-06 10:00:00,9781.132811766849,12736.422979238629,11497.871475780796
forecast_5219,2025-08-06 11:00:00,14856.75386252652,13425.450962086697,11767.772544144409
forecast_5220,2025-08-06 12:00:00,15032.874515641312,14152.663764646359,12560.933931033156
forecast_5221,2025-08-06 13:00:00,13237.744472488448,16319.366204472317,15269.173600928898
forecast_5222,2025-08-06 14:00:00,14119.326095874932,16584.182452165627,16144.372937519514
forecast_5223,2025-08-06 15:00:00,15621.322710448574,16196.215590697517,15797.600544328112
forecast_5224,2025-08-06 16:00:00,15259.953108963782,15816.038386297003,15362.968049838542
forecast_5225,2025-08-06 17:00:00,15174.110889966814,15647.766484651282,15674.93818676967
forecast_5226,2025-08-06 18:00:00,13785.735242091958,16263.516854451816,15045.256967579537
forecast_5227,2025-08-06 19:00:00,14490.295296214066,15525.129276022148,15529.948503358684
forecast_5228,2025-08-06 20:00:00,14637.825782229404,16457.47322024773,16441.699422625567
forecast_5229,2025-08-06 21:00:00,15260.967014932576,16586.616178880548,17787.35291467781
forecast_5230,2025-08-06 22:00:00,15363.991933208605,17643.57655916964,16689.878570902827
forecast_5231,2025-08-06 23:00:00,15213.170667653854,17571.558000233243,16688.3150957778
forecast_5232,2025-08-07 00:00:00,14801.49818653874,17304.920734929474,16460.849965786583
forecast_5233,2025-08-07 01:00:00,13914.497494162993,16519.87293661412,14830.196341975112
forecast_5234,2025-08-07 02:00:00,14208.82461447999,16590.697852423575,15063.479886548046
forecast_5235,2025-08-07 03:00:00,14632.01069598853,16771.031585980396,15174.933559832252
forecast_5236,2025-08-07 04:00:00,14413.595553069064,17103.608907117126,14833.48865404469
forecast_5237,2025-08-07 05:00:00,14649.231673360322,16944.915632458906,14658.797371081388
forecast_5238,2025-08-07 06:00:00,14399.488774151896,16873.788308979947,13070.432637055863
forecast_5239,2025-08-07 07:00:00,13352.001879003585,14712.072563502707,11335.44777820037
forecast_5240,2025-08-07 08:00:00,10759.201806040652,12235.56485099027,8789.525646849575
forecast_5241,2025-08-07 09:00:00,8382.532477978302,8732.529279938031,6195.24096138222
forecast_5242,2025-08-07 10:00:00,5628.024340223939,5601.1376173361205,3779.711508525714
forecast_5243,2025-08-07 11:00:00,3908.2027233522695,4145.093229693303,3376.6716528615307
forecast_5244,2025-08-07 12:00:00,4028.784777009278,3846.8848219471324,3209.3972586673453
forecast_5245,2025-08-07 13:00:00,3851.0858440114253,3335.850699472899,2875.283441411565
forecast_5246,2025-08-07 14:00:00,3696.6015154282723,3326.0678347214357,3122.8977558801066
forecast_5247,2025-08-07 15:00:00,4028.9837046569533,4125.873299102479,3539.929563987047
forecast_5248,2025-08-07 16:00:00,4351.863307004932,4394.676749024053,3798.809771521281
forecast_5249,2025-08-07 17:00:00,3688.2855099507833,4119.554458945365,3764.541434906108
forecast_5250,2025-08-07 18:00:00,3346.311635236979,3697.981087527905,3499.0016666600295
forecast_5251,2025-08-07 19:00:00,3330.7620799121723,2960.300526764719,2841.97814948347
forecast_5252,2025-08-07 20:00:00,3441.3793413648177,3478.004196788239,3154.9341205014734
forecast_5253,2025-08-07 21:00:00,4105.312838581913,3841.9179654816076,3292.5492285725645
forecast_5254,2025-08-07 22:00:00,3748.5688226122766,3884.7745352802285,3404.3856593863206
forecast_5255,2025-08-07 23:00:00,6261.629097283162,6319.926847270751,3924.8207912087664
forecast_5256,2025-08-08 00:00:00,7363.594812168702,7801.102469242675,5086.604796784005
forecast_5257,2025-08-08 01:00:00,6341.535740482431,6469.152006208941,4032.889100827701
forecast_5258,2025-08-08 02:00:00,6320.435196413427,6282.0717510633,4358.402921360974
forecast_5259,2025-08-08 03:00:00,5918.743040784933,5692.195041868255,3787.169257195862
forecast_5260,2025-08-08 04:00:00,4782.823263094273,4824.285234932298,3697.0960088974293
forecast_5261,2025-08-08 05:00:00,3949.0637722814668,3947.142536579417,3615.4053567086103
forecast_5262,2025-08-08 06:00:00,3937.1910780367475,3872.4698499974966,3811.432962977951
forecast_5263,2025-08-08 07:00:00,3650.77834686013,3141.967703911639,2808.636434851727
forecast_5264,2025-08-08 08:00:00,3300.5075005995745,2957.7681779228365,2147.1738132070686
forecast_5265,2025-08-08 09:00:00,2635.494221747022,3167.516875773503,58.67111029120409
forecast_5266,2025-08-08 10:00:00,3760.0520961193765,3593.3130844859606,5.472344909064856
forecast_5267,2025-08-08 11:00:00,2286.0845552502046,67.15640330799245,46.443568103951364
forecast_5268,2025-08-08 12:00:00,94.27336151474023,91.5109303344723,70.40429449399011
forecast_5269,2025-08-08 13:00:00,120.99817153344995,119.76543709837748,101.98967470166491
forecast_5270,2025-08-08 14:00:00,92.2359990604339,98.44641333296686,79.19106079501337
forecast_5271,2025-08-08 15:00:00,6295.408624327894,7743.577414176214,50.193747638233575
forecast_5272,2025-08-08 16:00:00,6049.887125675546,7732.33330636292,4239.409914019224
forecast_5273,2025-08-08 17:00:00,5917.041894962691,7719.85214985661,4231.64339032115
forecast_5274,2025-08-08 18:00:00,2542.46646142566,2744.357272863167,3575.1899203237626
forecast_5275,2025-08-08 19:00:00,3802.8885171089296,2900.8751707015117,4540.522751861468
forecast_5276,2025-08-08 20:00:00,3448.1298665049503,4524.272305202802,4741.342198038522
forecast_5277,2025-08-08 21:00:00,4009.8543829727687,4521.385077411572,3506.6544617950844
forecast_5278,2025-08-08 22:00:00,3468.5815119790964,3706.8951430580573,3328.178675273828
forecast_5279,2025-08-08 23:00:00,3915.462159126903,3672.1475737403803,3313.6162453704146
forecast_5280,2025-08-09 00:00:00,3979.0894097989176,3783.572108319803,3639.0745611234775
forecast_5281,2025-08-09 01:00:00,3469.3505355823318,3417.287768950053,3782.240949145388
forecast_5282,2025-08-09 02:00:00,3776.7241792508175,3833.747017111452,3342.720120360009
forecast_5283,2025-08-09 03:00:00,3582.756338777532,3828.2615394585728,3266.585264981305
forecast_5284,2025-08-09 04:00:00,4256.162942580127,4194.55687146693,3353.4192628766377
forecast_5285,2025-08-09 05:00:00,3868.2742911819278,3882.4740730614585,3263.3014074718367
forecast_5286,2025-08-09 06:00:00,4053.891860604492,3900.472697671868,3713.9664869529843
forecast_5287,2025-08-09 07:00:00,4102.588132045086,3886.4966302094563,3618.232763921343
forecast_5288,2025-08-09 08:00:00,3934.0038132222453,3836.0122101339352,3773.5901461643575
forecast_5289,2025-08-09 09:00:00,3749.372198873669,3894.1811430040525,3401.2515863149047
forecast_5290,2025-08-09 10:00:00,3926.0436867434887,3906.038738218853,3393.3214215458165
forecast_5291,2025-08-09 11:00:00,3698.3759534134915,3869.460878598114,3423.7917340439035
forecast_5292,2025-08-09 12:00:00,3750.7767976715477,3705.8988780199975,3459.613271918071
forecast_5293,2025-08-09 13:00:00,3815.306898073286,3767.1773423081404,3306.12957991426
forecast_5294,2025-08-09 14:00:00,3881.2451707215937,4037.5665094683204,3162.9875593712786
forecast_5295,2025-08-09 15:00:00,4088.031766344234,3932.1118180640865,3517.253677951784
forecast_5296,2025-08-09 16:00:00,4063.686356459125,3862.501673148846,3806.307330534708
forecast_5297,2025-08-09 17:00:00,3958.800792989088,3901.5940547442597,3613.42595273011
forecast_5298,2025-08-09 18:00:00,3047.7582325593726,3124.8284078406487,2512.07870916839
forecast_5299,2025-08-09 19:00:00,3405.933706522588,3121.6739468132373,3263.184678183628
forecast_5300,2025-08-09 20:00:00,3710.4012348804977,3755.329887887573,3395.2325504424507
forecast_5301,2025-08-09 21:00:00,3909.1468534254086,4076.420336664292,3572.7081338084954
forecast_5302,2025-08-09 22:00:00,4008.3427346945964,4089.331020113947,3405.302958626853
forecast_5303,2025-08-09 23:00:00,3870.460968086766,3809.8266248489654,3225.491456007886
forecast_5304,2025-08-10 00:00:00,3976.52021565264,3891.230482747436,2910.8894667466807
forecast_5305,2025-08-10 01:00:00,3537.6672499084557,4100.32323015565,3718.718837907216
forecast_5306,2025-08-10 02:00:00,3350.087893133577,4002.548102663969,3248.4714803378047
forecast_5307,2025-08-10 03:00:00,3633.7910483805726,3505.053476755472,3265.9541500682385
forecast_5308,2025-08-10 04:00:00,3530.3276857022197,2936.8598783181214,3327.7348698272963
forecast_5309,2025-08-10 05:00:00,2783.010590290318,3394.456934864357,3398.870160272043
forecast_5310,2025-08-10 06:00:00,2998.3534872313962,3561.0147549912645,2593.5741078056303
forecast_5311,2025-08-10 07:00:00,2978.3835942340543,3658.276266147542,2453.108724327778
forecast_5312,2025-08-10 08:00:00,3094.5865894103445,3009.303646348712,2288.624859460258
forecast_5313,2025-08-10 09:00:00,3163.031304193611,2703.6507603392865,156.44288327148828
forecast_5314,2025-08-10 10:00:00,3108.0468319008432,3248.4385521600916,2611.2540330858214
forecast_5315,2025-08-10 11:00:00,3520.410115972966,3091.497381134014,2591.1810533325024
forecast_5316,2025-08-10 12:00:00,2609.0116995513154,3472.273472107123,3559.771131008693
forecast_5317,2025-08-10 13:00:00,2551.8742550822726,3167.647831609622,3510.9534510318526
forecast_5318,2025-08-10 14:00:00,2610.3338006811246,3316.4223654497473,3489.8469930464066
forecast_5319,2025-08-10 15:00:00,3499.480413934304,3921.5600795978576,3447.64952335005
forecast_5320,2025-08-10 16:00:00,3478.818097728701,3907.929727326009,3424.153275186991
forecast_5321,2025-08-10 17:00:00,3561.328565822095,3897.0082373566133,3545.21104962725
forecast_5322,2025-08-10 18:00:00,2372.367455222103,2504.393443187648,24.4253963550851
forecast_5323,2025-08-10 19:00:00,2368.860401157267,2573.999489861378,8.28459171230346
forecast_5324,2025-08-10 20:00:00,3173.335724135507,2909.295148461354,0.0
forecast_5325,2025-08-10 21:00:00,3081.4492327385387,2845.293189749133,3.472338032643579
forecast_5326,2025-08-10 22:00:00,3604.5662396105818,3460.054552021861,3698.911944670813
forecast_5327,2025-08-10 23:00:00,3125.333801684161,4011.3039590438348,3263.4108019161313
forecast_5328,2025-08-11 00:00:00,3247.497508258527,3716.012942875147,26.004469047189446
forecast_5329,2025-08-11 01:00:00,3202.9827101361884,2710.812995757805,23.628382515689434
forecast_5330,2025-08-11 02:00:00,3207.271695147973,4027.296706287575,21.923317749606404
forecast_5331,2025-08-11 03:00:00,2692.526158166552,3533.7964813661315,3263.917498855775
forecast_5332,2025-08-11 04:00:00,7603.331688418298,3506.945377748613,3271.6310988557752
forecast_5333,2025-08-11 05:00:00,2664.1171972996963,3529.7917592082194,3276.1489696703247
forecast_5334,2025-08-11 06:00:00,2966.6937935987476,3459.7455528512196,19.2191327318864
forecast_5335,2025-08-11 07:00:00,2641.116899121357,3148.8849533613497,16.153921710131225
forecast_5336,2025-08-11 08:00:00,2885.4702819673207,2576.804366542457,10.089806299800175
forecast_5337,2025-08-11 09:00:00,2986.7155301678713,3629.1704889594916,7.769323002261187
forecast_5338,2025-08-11 10:00:00,3145.2077392042365,3122.951571306561,2.9822092548637804
forecast_5339,2025-08-11 11:00:00,2844.275634514655,3356.9034877526856,0.41188731652372823
forecast_5340,2025-08-11 12:00:00,3733.2156899939355,3068.033431348848,1.329023108324173
forecast_5341,2025-08-11 13:00:00,2922.991795183215,4428.540935442501,3.6751335279923434
forecast_5342,2025-08-11 14:00:00,2758.8233514940757,2626.039722170908,14.782342157213165
forecast_5343,2025-08-11 15:00:00,4885.896298405823,5980.1315902642855,3693.2970374039623
forecast_5344,2025-08-11 16:00:00,76.43202376662194,74.38346727130399,37.05667909879743
forecast_5345,2025-08-11 17:00:00,3605.9699883472404,3056.1962693627142,3730.599703078702
forecast_5346,2025-08-11 18:00:00,5278.186624243491,5777.64663698772,3591.0611812347047
forecast_5347,2025-08-11 19:00:00,5184.178267279676,5730.623834277138,3559.3653646607636
forecast_5348,2025-08-11 20:00:00,3812.409175510432,5720.280230589333,3693.5778877648195
forecast_5349,2025-08-11 21:00:00,4975.884805632328,3492.715721092647,3612.659886334124
forecast_5350,2025-08-11 22:00:00,3788.296405950782,3779.7450823805248,3672.028830890354
forecast_5351,2025-08-11 23:00:00,3423.7444725066184,3395.4747400330393,2697.7462075118715
forecast_5352,2025-08-12 00:00:00,3597.5339847327086,3395.56998703751,2618.224371179846
forecast_5353,2025-08-12 01:00:00,3484.513721352796,3931.647474378059,3724.912586731458
forecast_5354,2025-08-12 02:00:00,3563.760669318494,3636.9249348167677,3612.347677264457
forecast_5355,2025-08-12 03:00:00,3818.6274521813743,3452.1666926214734,3350.476002131077
forecast_5356,2025-08-12 04:00:00,3780.3575890714837,3822.587769042759,3231.9191338079045
forecast_5357,2025-08-12 05:00:00,3143.693964587204,3216.754179048559,2887.5156759165916
forecast_5358,2025-08-12 06:00:00,3343.0157540285204,3037.8067748163985,2759.6608562625693
forecast_5359,2025-08-12 07:00:00,3221.033972421095,3480.057816573363,156.13894103830458
forecast_5360,2025-08-12 08:00:00,3050.788638110659,3330.3575148197287,122.27058347837234
forecast_5361,2025-08-12 09:00:00,2655.2426432685465,3485.4448920475847,2171.4307639150616
forecast_5362,2025-08-12 10:00:00,2571.2128032477476,3450.6620971642656,2389.28485671198
forecast_5363,2025-08-12 11:00:00,2865.5371131309453,2481.9498276333215,105.64487562490612
forecast_5364,2025-08-12 12:00:00,2868.9035893446044,3553.1634392197157,2911.4187301512698
forecast_5365,2025-08-12 13:00:00,7235.83343364322,6400.9204438533,2865.503511207645
forecast_5366,2025-08-12 14:00:00,4091.459949609182,6223.285962628755,2781.736799384416
forecast_5367,2025-08-12 15:00:00,8414.386714403501,7780.000720307771,2867.3596042816225
forecast_5368,2025-08-12 16:00:00,8418.347919250473,3467.0462621681045,2850.4491699556497
forecast_5369,2025-08-12 17:00:00,8351.529764812023,3462.4224444089637,2815.6265281483998
forecast_5370,2025-08-12 18:00:00,3963.833873570215,3676.7593125243975,2645.4727042173063
forecast_5371,2025-08-12 19:00:00,3878.4596569343894,3747.6576750107206,3195.4552876115713
forecast_5372,2025-08-12 20:00:00,5142.320368618108,3517.35954295397,3829.512687334153
forecast_5373,2025-08-12 21:00:00,3569.1825030515793,3544.0531432997427,4708.5598655153135
forecast_5374,2025-08-12 22:00:00,3537.1497267231657,3329.5507006777557,4767.194633269498
forecast_5375,2025-08-12 23:00:00,3357.58517838027,3706.3185603309275,3509.4936548585574
forecast_5376,2025-08-13 00:00:00,3621.7187128569935,3690.8307640499424,2626.968855253483
forecast_5377,2025-08-13 01:00:00,4433.283598258192,4091.124888810325,3764.8790997910605
forecast_5378,2025-08-13 02:00:00,4623.193508760329,4201.327136401218,3666.3979683639186
forecast_5379,2025-08-13 03:00:00,4926.710685728011,4403.845202313788,3367.36341221888
forecast_5380,2025-08-13 04:00:00,5156.74666176401,3870.5225201548465,3822.5613450695223
forecast_5381,2025-08-13 05:00:00,5354.400977202893,4279.985979282375,3365.39628024398
forecast_5382,2025-08-13 06:00:00,5776.012095364146,6232.425728797261,3883.2472186550413
forecast_5383,2025-08-13 07:00:00,6541.511112317079,7209.353265311425,4875.437808351607
forecast_5384,2025-08-13 08:00:00,6098.524189062669,7420.609034987121,4767.862136722501
forecast_5385,2025-08-13 09:00:00,7249.722644329815,8054.765218710759,4895.178580218305
forecast_5386,2025-08-13 10:00:00,6854.792473258829,8668.166731883592,6749.512437042891
forecast_5387,2025-08-13 11:00:00,6854.8356850267055,8855.918995284264,6705.8408331101145
forecast_5388,2025-08-13 12:00:00,6572.175965628033,7892.74597006728,6131.420475390405
forecast_5389,2025-08-13 13:00:00,5927.630373855207,8814.471673315029,6023.3958907764845
forecast_5390,2025-08-13 14:00:00,6635.5064588002415,9292.88487363816,6154.288576607326
forecast_5391,2025-08-13 15:00:00,6685.6898791626445,8522.701252240371,6679.347076046642
forecast_5392,2025-08-13 16:00:00,6443.134535624673,9258.82133906519,7017.304794296408
forecast_5393,2025-08-13 17:00:00,6249.136216546193,9036.458509371032,8067.84614405208
forecast_5394,2025-08-13 18:00:00,6402.436941763034,9706.856842759023,8412.526938632063
forecast_5395,2025-08-13 19:00:00,7351.392060298065,11710.3621330869,11396.998862280683
forecast_5396,2025-08-13 20:00:00,11949.334090398004,14875.506161682988,14104.868754275754
forecast_5397,2025-08-13 21:00:00,14306.343182123781,16475.485692771374,17423.988301304937
forecast_5398,2025-08-13 22:00:00,15430.341625379726,17915.1178755347,17953.535561639896
forecast_5399,2025-08-13 23:00:00,15026.537257273842,18263.78658731041,18187.946294745692
forecast_5400,2025-08-14 00:00:00,15077.373485479946,18378.77612208403,18317.6235135261
forecast_5401,2025-08-14 01:00:00,16583.80329666473,18160.043621226647,18398.361820568178
forecast_5402,2025-08-14 02:00:00,14735.2215914737,18142.816857905196,18419.49733767179
forecast_5403,2025-08-14 03:00:00,15981.490874434448,17970.01326497501,18009.887432765092
forecast_5404,2025-08-14 04:00:00,15763.40140742785,17679.94034010801,16623.81103458893
forecast_5405,2025-08-14 05:00:00,14951.611647079237,17540.225086930088,15973.42811997552
forecast_5406,2025-08-14 06:00:00,13904.733076439063,17161.61943854226,15060.115128545174
forecast_5407,2025-08-14 07:00:00,12370.583135618921,15669.796061130832,14430.624386831105
forecast_5408,2025-08-14 08:00:00,12135.037575096512,15267.360641587344,13121.315656734138
forecast_5409,2025-08-14 09:00:00,11849.957970594745,14860.42681752866,12727.036477515085
forecast_5410,2025-08-14 10:00:00,11463.796876419749,13481.194538626653,12264.668298606364
forecast_5411,2025-08-14 11:00:00,10157.144258763643,11654.460096149476,11191.966111157228
forecast_5412,2025-08-14 12:00:00,8285.673194698587,9298.864993569143,8822.423960111439
forecast_5413,2025-08-14 13:00:00,9629.10555445836,10609.691235665807,8483.544492602501
forecast_5414,2025-08-14 14:00:00,7925.715354545133,10563.940328332787,7897.345641786604
forecast_5415,2025-08-14 15:00:00,9774.73446083713,11156.980137859717,9968.686002798057
forecast_5416,2025-08-14 16:00:00,10624.056432155166,11916.288141416004,11550.717867430243
forecast_5417,2025-08-14 17:00:00,10797.988954454657,11718.492107686418,11137.904285790817
forecast_5418,2025-08-14 18:00:00,10186.666606242214,11394.517017625347,10582.394306787306
forecast_5419,2025-08-14 19:00:00,10729.860912400689,11396.602158118669,10700.056558914182
forecast_5420,2025-08-14 20:00:00,12270.93427324125,13465.44446492134,11484.624209902428
forecast_5421,2025-08-14 21:00:00,13770.408149897044,15399.76441617999,12567.767707823836
forecast_5422,2025-08-14 22:00:00,13378.168194722084,16398.96017794423,12721.4492742006
forecast_5423,2025-08-14 23:00:00,13183.537888595778,16331.95564548873,11687.785366336278
forecast_5424,2025-08-15 00:00:00,12923.352538765317,16183.274590705783,11787.754871075955
forecast_5425,2025-08-15 01:00:00,13183.978836222585,13088.269284759153,10412.305704688624
forecast_5426,2025-08-15 02:00:00,12192.653929527372,12868.474683010696,9399.373674482025
forecast_5427,2025-08-15 03:00:00,10963.75192101301,11743.92211726006,8153.5470421814525
forecast_5428,2025-08-15 04:00:00,10410.375289767735,10563.2891797075,7041.152428657914
forecast_5429,2025-08-15 05:00:00,8220.220530690838,8732.877885959404,6109.409516847407
forecast_5430,2025-08-15 06:00:00,7737.655929311832,7949.850801966159,5263.02842513758
forecast_5431,2025-08-15 07:00:00,7000.0380665644525,7133.587579166056,4303.545669204244
forecast_5432,2025-08-15 08:00:00,4515.3136151943345,4866.540974872854,3818.657703710326
forecast_5433,2025-08-15 09:00:00,3877.20952601108,3944.634231474126,3486.3294738947316
forecast_5434,2025-08-15 10:00:00,3671.665284320276,3629.206995147798,3153.846401027401
forecast_5435,2025-08-15 11:00:00,3420.3280400922486,3706.3889626885525,3603.9344854100245
forecast_5436,2025-08-15 12:00:00,3735.1955884333324,3116.3936783016798,3076.9883976855585
forecast_5437,2025-08-15 13:00:00,3419.127170496846,2689.1074895235197,2667.5324323085824
forecast_5438,2025-08-15 14:00:00,3638.634095102114,3850.991910533511,2851.805054573014
forecast_5439,2025-08-15 15:00:00,3116.3201670583676,4104.7857245171,3104.1213109037667
forecast_5440,2025-08-15 16:00:00,3455.654923818465,3466.3876350547666,2722.5887369517377
forecast_5441,2025-08-15 17:00:00,3211.838883373188,3314.6456812726574,2441.670790079065
forecast_5442,2025-08-15 18:00:00,3166.3092719793967,3213.8536703798127,2228.408956924799
forecast_5443,2025-08-15 19:00:00,3328.475537098176,3134.9348365225696,2583.10089633172
forecast_5444,2025-08-15 20:00:00,3670.903984717439,3905.288624618164,3257.112840848776
forecast_5445,2025-08-15 21:00:00,4144.352333856801,4204.251584698471,3555.8882098371023
forecast_5446,2025-08-15 22:00:00,5546.023648617768,5624.793957855653,3778.080079138217
forecast_5447,2025-08-15 23:00:00,6566.164046606727,6765.096883470632,4829.575164450896
forecast_5448,2025-08-16 00:00:00,7199.0722633173455,9184.34721790488,5299.405994991557
forecast_5449,2025-08-16 01:00:00,11217.803838476391,11854.895310788062,7821.264125976296
forecast_5450,2025-08-16 02:00:00,11795.549601771187,12079.852691859774,7081.204368720432
forecast_5451,2025-08-16 03:00:00,12197.490736642572,12773.738812883756,7962.06255116616
forecast_5452,2025-08-16 04:00:00,12050.130189373791,12404.695715097252,7801.963034823836
forecast_5453,2025-08-16 05:00:00,11489.2917660299,12262.630202677943,8133.089536333686
forecast_5454,2025-08-16 06:00:00,11275.794675917505,12067.845855219095,8113.271439192407
forecast_5455,2025-08-16 07:00:00,9713.239478613468,10227.533887347134,7180.06148903753
forecast_5456,2025-08-16 08:00:00,9199.84150348062,9442.987941299727,6160.513160287961
forecast_5457,2025-08-16 09:00:00,7380.086883887243,7607.99907012466,5455.733017891995
forecast_5458,2025-08-16 10:00:00,6467.883854066099,6218.554478011531,4306.4575160505465
forecast_5459,2025-08-16 11:00:00,5424.597782292715,5227.08094381709,3888.58861520909
forecast_5460,2025-08-16 12:00:00,4950.0812783237925,4680.276575111755,3950.45798816357
forecast_5461,2025-08-16 13:00:00,4967.741438410189,4111.627693633978,3885.5887213441647
forecast_5462,2025-08-16 14:00:00,5093.153945359924,5220.053698656018,5260.666092151559
forecast_5463,2025-08-16 15:00:00,5454.4361599087515,5554.101302614275,5554.585206071749
forecast_5464,2025-08-16 16:00:00,5271.305685716251,5314.397734600612,5889.460665596851
forecast_5465,2025-08-16 17:00:00,6356.868398849947,7003.491585527705,6410.367109136141
forecast_5466,2025-08-16 18:00:00,7787.425813230852,8038.002375451532,7703.388666922989
forecast_5467,2025-08-16 19:00:00,9823.940290157156,9729.509401555857,8702.686926761282
forecast_5468,2025-08-16 20:00:00,11338.602425513234,11870.169920840262,10197.349979958864
forecast_5469,2025-08-16 21:00:00,12504.940786121762,12962.534831615387,12255.851856706417
forecast_5470,2025-08-16 22:00:00,13724.514243849138,15005.816090526414,13562.264707542496
forecast_5471,2025-08-16 23:00:00,14668.577342909502,16311.436294977902,14813.634690992249
forecast_5472,2025-08-17 00:00:00,15295.860630814575,16711.55923708187,15210.761581498507
forecast_5473,2025-08-17 01:00:00,17285.216145857456,18187.56647981218,17653.358313393444
forecast_5474,2025-08-17 02:00:00,17227.78059769478,18251.618150492803,16666.334262265005
forecast_5475,2025-08-17 03:00:00,17446.050428873175,18271.214392365313,16588.43797437419
forecast_5476,2025-08-17 04:00:00,17845.661402863698,18736.818630455342,17782.406041875554
forecast_5477,2025-08-17 05:00:00,17879.93258327013,18892.606371733105,16988.092184619236
forecast_5478,2025-08-17 06:00:00,17164.856495112897,17561.28465704048,15910.25169456755
forecast_5479,2025-08-17 07:00:00,16387.26782579435,16806.569758721627,14791.476299853592
forecast_5480,2025-08-17 08:00:00,14371.78190025727,15394.531955908988,13833.276065097443
forecast_5481,2025-08-17 09:00:00,12492.491078343672,12626.88921239132,12582.31124994791
forecast_5482,2025-08-17 10:00:00,8611.862511812942,9416.181320729585,7429.077362955572
forecast_5483,2025-08-17 11:00:00,6117.924822371692,6191.956413324766,5257.204302985357
forecast_5484,2025-08-17 12:00:00,4501.466957828447,4069.279947534767,4556.201884486291
forecast_5485,2025-08-17 13:00:00,4081.1082455018795,4278.548642956065,4039.930141673979
forecast_5486,2025-08-17 14:00:00,4761.850603463417,4708.024746535591,4096.368265899702
forecast_5487,2025-08-17 15:00:00,4463.086628951463,4551.546125481232,4013.959651192698
forecast_5488,2025-08-17 16:00:00,4542.9240797502525,4155.913112737411,3779.5771171127226
forecast_5489,2025-08-17 17:00:00,4136.604098406717,3908.155110717975,3731.3681716603232
forecast_5490,2025-08-17 18:00:00,4242.446378428195,3991.2126411934796,3792.1341339343303
forecast_5491,2025-08-17 19:00:00,4932.069077239191,4976.161547067697,3834.356328242808
forecast_5492,2025-08-17 20:00:00,6132.235597177039,6155.014294863206,4145.817101758983
forecast_5493,2025-08-17 21:00:00,6497.960258276321,9272.94134952279,5003.018775389689
forecast_5494,2025-08-17 22:00:00,5842.461461820154,8400.470617517589,4420.593127722415
forecast_5495,2025-08-17 23:00:00,9603.585545339774,9338.328127669998,4479.992863921954
forecast_5496,2025-08-18 00:00:00,8044.174271881688,7509.523485753165,4552.617313004245
forecast_5497,2025-08-18 01:00:00,8659.493394075193,9008.087981345563,5719.089251422363
forecast_5498,2025-08-18 02:00:00,8907.471393373718,8899.089573087034,5827.770048778131
forecast_5499,2025-08-18 03:00:00,8730.882534762815,10159.425732792171,5557.336632612154
forecast_5500,2025-08-18 04:00:00,10754.75952043739,10587.168942784103,5930.469117465429
forecast_5501,2025-08-18 05:00:00,10268.662111884323,10576.560937878861,6555.693577936724
forecast_5502,2025-08-18 06:00:00,10307.87062981243,10867.299452890467,6551.289064757577
forecast_5503,2025-08-18 07:00:00,10993.856148568302,11067.531960576951,6228.548694883146
forecast_5504,2025-08-18 08:00:00,10544.837971287263,10727.973918123203,6286.449482744189
forecast_5505,2025-08-18 09:00:00,10183.164230538037,9954.877960615107,7210.625048219152
forecast_5506,2025-08-18 10:00:00,10235.790060047348,10824.5790189035,7597.992676179741
forecast_5507,2025-08-18 11:00:00,9095.68037631253,9606.442291354371,8260.834907992408
forecast_5508,2025-08-18 12:00:00,8730.201238221522,8716.869345536496,5542.86212780792
forecast_5509,2025-08-18 13:00:00,7447.646600137251,5620.601033991636,5079.407343384867
forecast_5510,2025-08-18 14:00:00,5460.907200431054,5363.221957318874,4614.063294101134
forecast_5511,2025-08-18 15:00:00,4832.386668806549,4686.6947003697405,4535.4706708474305
forecast_5512,2025-08-18 16:00:00,4810.630082599901,4990.571855277787,4053.5084606258893
forecast_5513,2025-08-18 17:00:00,5218.863582367772,5144.574092758343,4289.0237196205635
forecast_5514,2025-08-18 18:00:00,5456.9625679262645,5804.839999948128,4626.603923413883
forecast_5515,2025-08-18 19:00:00,7384.28174700502,8313.052677359208,5712.399239510709
forecast_5516,2025-08-18 20:00:00,9067.43605944869,10120.69828967766,7151.9672716562645
forecast_5517,2025-08-18 21:00:00,11772.312133637566,13078.627447457113,10059.419203816858
forecast_5518,2025-08-18 22:00:00,12893.919858028727,14074.957634404896,11201.164523539623
forecast_5519,2025-08-18 23:00:00,13418.559807016942,15095.614691794133,13124.69620690177
forecast_5520,2025-08-19 00:00:00,12989.508637725507,13884.104042927413,12691.765832170397
forecast_5521,2025-08-19 01:00:00,14207.027849530414,16505.092400114365,15542.57313365512
forecast_5522,2025-08-19 02:00:00,15248.358151221357,16871.472369624425,15608.10564948423
forecast_5523,2025-08-19 03:00:00,15176.43231891825,17629.190369410335,15843.924602440457
forecast_5524,2025-08-19 04:00:00,15557.247440554522,17637.591784122615,15763.043312718328
forecast_5525,2025-08-19 05:00:00,15908.721452446898,17764.960011648614,15856.672836390042
forecast_5526,2025-08-19 06:00:00,15925.127737465284,17552.33181408034,15946.258333287571
forecast_5527,2025-08-19 07:00:00,15935.683711061032,16990.075221294202,16255.714047356367
forecast_5528,2025-08-19 08:00:00,16008.991846864134,17270.10335932074,16311.676904884005
forecast_5529,2025-08-19 09:00:00,16094.580406943112,16436.00918112598,16086.64529230558
forecast_5530,2025-08-19 10:00:00,14800.188075211014,15264.938712869563,14448.614385911345
forecast_5531,2025-08-19 11:00:00,10889.788795414968,13209.13263165548,12474.195780994416
forecast_5532,2025-08-19 12:00:00,9298.752451768012,11750.95521787634,10467.954392585485
forecast_5533,2025-08-19 13:00:00,8082.384798527968,9854.0759107094,8982.347211024966
forecast_5534,2025-08-19 14:00:00,7865.225686644553,10244.06561593057,8605.44198495022
forecast_5535,2025-08-19 15:00:00,8318.503108361581,10123.16008870901,9931.832606470929
forecast_5536,2025-08-19 16:00:00,9343.085488857381,9711.783520551317,9727.433415853715
forecast_5537,2025-08-19 17:00:00,9706.947378283086,10175.271484130115,9979.621351083022
forecast_5538,2025-08-19 18:00:00,10463.7990501082,10906.153459295489,10621.440469395111
forecast_5539,2025-08-19 19:00:00,11613.980186171597,12190.599219758366,11584.66303832297
forecast_5540,2025-08-19 20:00:00,12244.518117251448,14023.19303977014,12832.850003020621
forecast_5541,2025-08-19 21:00:00,13205.494339030623,15567.062151752463,14770.16272729254
forecast_5542,2025-08-19 22:00:00,15212.019857710728,17141.537462904762,16708.32764437774
forecast_5543,2025-08-19 23:00:00,16457.224761915237,18082.614560745864,17557.995525866
forecast_5544,2025-08-20 00:00:00,16781.261963099056,18807.731283693018,17898.746092210957
forecast_5545,2025-08-20 01:00:00,15666.045992903615,17932.913799288028,17652.50681849379
forecast_5546,2025-08-20 02:00:00,15757.742682109409,17963.883967353202,17706.78522296506
forecast_5547,2025-08-20 03:00:00,16819.44679411827,18422.205266220582,18003.15949939408
forecast_5548,2025-08-20 04:00:00,17816.411822919206,18654.545034890998,18177.66137908405
forecast_5549,2025-08-20 05:00:00,16675.13783159163,18393.74932958135,18038.125664266103
forecast_5550,2025-08-20 06:00:00,15942.906771699169,17608.06104219871,16354.74537625188
forecast_5551,2025-08-20 07:00:00,14966.707155469348,16183.284850218794,15233.984703203876
forecast_5552,2025-08-20 08:00:00,12941.543090256817,13901.707022295706,13625.229613825126
forecast_5553,2025-08-20 09:00:00,10026.931364076725,12122.585303373051,10431.626265014798
forecast_5554,2025-08-20 10:00:00,8464.87062211096,9008.482823369706,7154.250783604518
forecast_5555,2025-08-20 11:00:00,5180.994266095723,6841.71723698377,5795.628286332462
forecast_5556,2025-08-20 12:00:00,4357.234140863224,4974.102534794033,4464.818979493315
forecast_5557,2025-08-20 13:00:00,4497.163908100145,7400.095055795968,3727.0633747026304
forecast_5558,2025-08-20 14:00:00,4802.21356446775,4793.707023384462,3790.2700467991885
forecast_5559,2025-08-20 15:00:00,3886.6351363903786,7347.1699400504385,3724.0132614949453
forecast_5560,2025-08-20 16:00:00,3958.745772907734,4022.287682047614,3730.906119793789
forecast_5561,2025-08-20 17:00:00,4011.288969866029,4010.5673646574805,3725.933611143195
forecast_5562,2025-08-20 18:00:00,5165.98945769097,5205.982291108959,4092.0975397316174
forecast_5563,2025-08-20 19:00:00,6030.816000024911,6258.5888260144075,4433.8484668443925
forecast_5564,2025-08-20 20:00:00,5735.10100750425,5644.082876979389,4411.283236412998
forecast_5565,2025-08-20 21:00:00,5580.027075430408,5668.35130441345,4356.945832008628
forecast_5566,2025-08-20 22:00:00,6431.56998083913,6651.5664269006265,5719.998200689793
forecast_5567,2025-08-20 23:00:00,7948.889897032976,11360.356180798295,6838.492310873257
forecast_5568,2025-08-21 00:00:00,12885.298443267484,11557.67381642764,8682.867159614572
forecast_5569,2025-08-21 01:00:00,12144.571277251569,12661.71495121071,9643.99546264002
forecast_5570,2025-08-21 02:00:00,13986.205313114193,14010.383890911171,10680.03665024461
forecast_5571,2025-08-21 03:00:00,15174.877039842742,14621.92714696452,11948.170603957382
forecast_5572,2025-08-21 04:00:00,14306.022185760892,14744.437731130962,11934.643852252148
forecast_5573,2025-08-21 05:00:00,14891.03517295314,12197.790492076168,9434.437601108424
forecast_5574,2025-08-21 06:00:00,9683.456409456301,11089.248313036487,7200.976210058246
forecast_5575,2025-08-21 07:00:00,7739.830720047809,9047.466062462032,4967.1785239223655
forecast_5576,2025-08-21 08:00:00,6892.907263965514,5909.961127246657,4280.389183134888
forecast_5577,2025-08-21 09:00:00,3919.8921570932234,3977.5580375717914,3524.6011062142356
forecast_5578,2025-08-21 10:00:00,3795.100819695343,3938.8544127085424,3215.45416568571
forecast_5579,2025-08-21 11:00:00,3981.316580070881,3651.1961150480493,3356.133117873427
forecast_5580,2025-08-21 12:00:00,4437.1543637250725,4327.812549855291,3386.388170406866
forecast_5581,2025-08-21 13:00:00,3378.0410060419117,3409.9059669577446,3457.1372370656986
forecast_5582,2025-08-21 14:00:00,3769.3007840570313,2926.686763025936,2253.9228096218517
forecast_5583,2025-08-21 15:00:00,2796.431897032529,2579.523549549765,3447.61235072153
forecast_5584,2025-08-21 16:00:00,3299.415256366303,3774.2784431402565,3419.1230616474213
forecast_5585,2025-08-21 17:00:00,3993.8122500573427,3649.5178731381147,164.93807445169722
forecast_5586,2025-08-21 18:00:00,3226.223096782227,3443.9915013180107,3668.0942386380607
forecast_5587,2025-08-21 19:00:00,4348.188008598413,5419.529549088027,3727.251261619309
forecast_5588,2025-08-21 20:00:00,3929.4283949440987,5478.713769314088,3348.891461126952
forecast_5589,2025-08-21 21:00:00,3816.3319430739034,3638.6850617475116,3341.8800374166635
forecast_5590,2025-08-21 22:00:00,3912.269068591785,3748.177166692549,3158.8830301668477
forecast_5591,2025-08-21 23:00:00,3995.0519988500887,3945.1688253843467,3519.1772234688856
forecast_5592,2025-08-22 00:00:00,4417.464928137544,3915.1139129058242,3434.6341622093114
forecast_5593,2025-08-22 01:00:00,3805.1991776608506,3716.2276287848254,3568.637154380873
forecast_5594,2025-08-22 02:00:00,3793.392925765206,3926.3187564102604,3447.779709206467
forecast_5595,2025-08-22 03:00:00,3888.566591566994,3910.6866303638844,3719.536129206958
forecast_5596,2025-08-22 04:00:00,5677.899036758197,5074.881043885354,4159.885461596297
forecast_5597,2025-08-22 05:00:00,6561.607660737318,6362.337244906091,5342.910528772092
forecast_5598,2025-08-22 06:00:00,8394.295112275107,8799.33000860444,6446.543575186636
forecast_5599,2025-08-22 07:00:00,9202.839463923649,10045.56070299312,6936.796022050643
forecast_5600,2025-08-22 08:00:00,9724.357390973828,9649.245067198168,6317.126304953522
forecast_5601,2025-08-22 09:00:00,7417.461200389334,7348.370461104037,4811.519110440589
forecast_5602,2025-08-22 10:00:00,4479.545087713459,4624.655519929465,3791.342027313425
forecast_5603,2025-08-22 11:00:00,3894.3921883380044,3865.0295937499877,3206.0768502022174
forecast_5604,2025-08-22 12:00:00,3920.461157614841,3629.2344471641313,3395.8980721848857
forecast_5605,2025-08-22 13:00:00,3840.375212450305,3531.6461283051653,3418.3733798894373
forecast_5606,2025-08-22 14:00:00,3555.1764087528863,3397.586302506237,3217.977730725941
forecast_5607,2025-08-22 15:00:00,3533.808361491639,3633.616146214564,3303.7755374413136
forecast_5608,2025-08-22 16:00:00,3861.645131827524,3616.65880328151,3724.6112897427747
forecast_5609,2025-08-22 17:00:00,3899.350581983519,3890.3264225270145,3745.1627359910312
forecast_5610,2025-08-22 18:00:00,5046.855367043172,4771.456473176682,4459.801962966313
forecast_5611,2025-08-22 19:00:00,7054.7683577020225,7121.772693080885,5375.771413783182
forecast_5612,2025-08-22 20:00:00,9826.003429947288,9899.860485014271,6611.002832061179
forecast_5613,2025-08-22 21:00:00,12285.872260132903,12557.223489163052,9411.10410826741
forecast_5614,2025-08-22 22:00:00,14486.940380840155,14485.5401210508,12105.148255181743
forecast_5615,2025-08-22 23:00:00,15818.449040056894,16903.015888056856,13531.370203390747
forecast_5616,2025-08-23 00:00:00,17156.36547662218,17121.495424991204,14546.721210345315
forecast_5617,2025-08-23 01:00:00,16866.36952253568,16413.262396925562,13926.35736118784
forecast_5618,2025-08-23 02:00:00,16394.323856245683,16414.216726745955,13351.490060462284
forecast_5619,2025-08-23 03:00:00,15673.433428260678,14886.653129347604,12256.97404255388
forecast_5620,2025-08-23 04:00:00,15001.331410428706,14201.390801236174,10924.46883476063
forecast_5621,2025-08-23 05:00:00,12512.4080513375,12561.478633325514,10075.627962751169
forecast_5622,2025-08-23 06:00:00,9678.337073249248,9878.645690753556,7153.512616587439
forecast_5623,2025-08-23 07:00:00,6696.107331060813,6495.4635133933325,5297.229563626089
forecast_5624,2025-08-23 08:00:00,4029.375770287518,4170.6519935176775,3746.5656370917463
forecast_5625,2025-08-23 09:00:00,3614.8538492844664,3941.0829672718464,3089.0688358228917
forecast_5626,2025-08-23 10:00:00,3911.178226107876,3697.7882657276214,2810.9689380280506
forecast_5627,2025-08-23 11:00:00,3180.8490352257472,4012.0290759297695,2631.4366138556647
forecast_5628,2025-08-23 12:00:00,3817.1948434313863,3064.550875556401,110.83936356153846
forecast_5629,2025-08-23 13:00:00,2423.150389896877,90.91176387719428,107.49815865867738
forecast_5630,2025-08-23 14:00:00,3018.700573461106,3284.153755777211,116.79457199867707
forecast_5631,2025-08-23 15:00:00,4047.839666001624,208.7010549139904,148.06990245601332
forecast_5632,2025-08-23 16:00:00,3993.348389032753,5569.100286096924,171.93410187619378
forecast_5633,2025-08-23 17:00:00,3687.6200550084013,2893.248591889312,214.77909240571398
forecast_5634,2025-08-23 18:00:00,3785.716298786152,3551.6837347511396,4014.409951727206
forecast_5635,2025-08-23 19:00:00,2861.940934389153,3456.3127412223175,3711.082423247623
forecast_5636,2025-08-23 20:00:00,3329.040175847772,3269.9258738169765,3515.3050498498205
forecast_5637,2025-08-23 21:00:00,3674.0164680484913,3470.7298460885345,3596.33731909188
forecast_5638,2025-08-23 22:00:00,4895.452206097091,4376.289039336349,3537.1549203298914
forecast_5639,2025-08-23 23:00:00,4163.6683816888135,3873.3787824264505,3711.267554023279
forecast_5640,2025-08-24 00:00:00,4217.812995181451,4142.816279167936,3571.641862369158
forecast_5641,2025-08-24 01:00:00,4147.6706399098075,3917.6167126020523,3581.8274315299095
forecast_5642,2025-08-24 02:00:00,4087.2267175564193,3928.5737773588903,3464.3321324335475
forecast_5643,2025-08-24 03:00:00,3954.86635815074,3636.7162271956026,3839.5398158059875
forecast_5644,2025-08-24 04:00:00,3921.3541089284586,3422.7218979767026,3398.150526927084
forecast_5645,2025-08-24 05:00:00,3700.5142126221285,3240.5994289332184,2762.322657120865
forecast_5646,2025-08-24 06:00:00,2939.9311427520456,3296.2284394052203,2269.9258454537426
forecast_5647,2025-08-24 07:00:00,3056.9851528342306,3312.5303745105284,150.64460938288863
forecast_5648,2025-08-24 08:00:00,3482.6686389823935,3064.889956675549,94.0923334470582
forecast_5649,2025-08-24 09:00:00,4436.196144171759,4185.197192490423,2289.7132350864563
forecast_5650,2025-08-24 10:00:00,4009.8964217173752,3534.156749359763,55.6701040033584
forecast_5651,2025-08-24 11:00:00,4164.873302624803,3410.292865937936,3623.8481388020173
forecast_5652,2025-08-24 12:00:00,3190.418578998173,3444.6136208141115,3403.552538764122
forecast_5653,2025-08-24 13:00:00,3392.53537233528,3351.583421892983,3139.6995790619294
forecast_5654,2025-08-24 14:00:00,3549.9083980097066,3623.718854632535,2986.2644792439005
forecast_5655,2025-08-24 15:00:00,3036.810200425149,3046.890018101663,2744.423353493222
forecast_5656,2025-08-24 16:00:00,3792.3124992476833,3712.8504563466668,3194.2023072219654
forecast_5657,2025-08-24 17:00:00,3889.3690092263732,3830.827491705707,3385.6351798656337
forecast_5658,2025-08-24 18:00:00,3833.212738745822,3718.761606477751,3739.9123029043208
forecast_5659,2025-08-24 19:00:00,3763.091556289775,3870.2182635524277,3741.6326763904626
forecast_5660,2025-08-24 20:00:00,4097.132801543996,3936.535279092952,3793.690243567893
forecast_5661,2025-08-24 21:00:00,4283.884523943313,4120.220375646754,3705.7911489546614
forecast_5662,2025-08-24 22:00:00,4443.515201348226,4236.13292770295,3754.2723422315485
forecast_5663,2025-08-24 23:00:00,4030.817366212699,4705.964308202349,3323.255665941263
forecast_5664,2025-08-25 00:00:00,3928.224320723104,3843.893074169437,3201.4211947284393
forecast_5665,2025-08-25 01:00:00,4254.541144260413,4127.318037837187,3688.8047931409747
forecast_5666,2025-08-25 02:00:00,4563.964672916656,3976.7328423223125,3894.0217817848643
forecast_5667,2025-08-25 03:00:00,3926.1644109377444,3869.061468185687,3721.664033021544
forecast_5668,2025-08-25 04:00:00,3902.9876327323636,3839.1289785024637,3793.744137042583
forecast_5669,2025-08-25 05:00:00,3968.4568847319015,3889.9869915950358,3537.4779332304493
forecast_5670,2025-08-25 06:00:00,3876.6507035095647,3877.413807204184,3370.5457551758564
forecast_5671,2025-08-25 07:00:00,4027.4957944128705,3864.2265455632687,3758.6512678277577
forecast_5672,2025-08-25 08:00:00,3819.63953552799,4670.267157664684,3468.6839665554558
forecast_5673,2025-08-25 09:00:00,3838.4629058493774,3848.1458252265584,3268.6815325696693
forecast_5674,2025-08-25 10:00:00,3833.8260500734827,3413.2564425060627,3253.1707228497407
forecast_5675,2025-08-25 11:00:00,3418.535206636004,3323.99269322162,3492.864654761708
forecast_5676,2025-08-25 12:00:00,3542.1361913039427,3300.9305323080716,3000.0031466867586
forecast_5677,2025-08-25 13:00:00,3411.2677854248236,3494.4531471762657,2781.0932372097527
forecast_5678,2025-08-25 14:00:00,3498.795473577928,3277.9049958630067,2879.9837657339513
forecast_5679,2025-08-25 15:00:00,3476.903216139608,3093.055801890265,3217.833130462518
forecast_5680,2025-08-25 16:00:00,3394.9719186781385,3411.524496206784,3141.892914249753
forecast_5681,2025-08-25 17:00:00,3769.2480138767746,3689.3733693068907,3610.016816132069
forecast_5682,2025-08-25 18:00:00,4733.968739890135,4992.0059131178705,3937.7609771367797
forecast_5683,2025-08-25 19:00:00,6151.885944816042,6536.518081121376,5367.097786652863
forecast_5684,2025-08-25 20:00:00,10416.551218637587,10724.110391113545,6808.401494728103
forecast_5685,2025-08-25 21:00:00,9155.93057678843,11441.61606441215,9176.530181968374
forecast_5686,2025-08-25 22:00:00,10264.091136750752,11556.54631790845,9600.398855817548
forecast_5687,2025-08-25 23:00:00,10917.346906104005,12629.341797759025,11236.83507086943
forecast_5688,2025-08-26 00:00:00,12069.706767183441,13329.312684891867,11589.230359421112
forecast_5689,2025-08-26 01:00:00,11983.70033780396,14851.636674454083,12837.652706223515
forecast_5690,2025-08-26 02:00:00,12540.152133974885,16217.524247850726,14483.670541939035
forecast_5691,2025-08-26 03:00:00,13619.040916104326,16431.808900656004,14947.904414156865
forecast_5692,2025-08-26 04:00:00,13119.77876265117,17294.43252066257,15301.312317751383
forecast_5693,2025-08-26 05:00:00,13136.96278565823,15707.46117365798,15398.665916530008
forecast_5694,2025-08-26 06:00:00,13107.525400818358,17164.94117203189,15154.655009742506
forecast_5695,2025-08-26 07:00:00,12298.291210639994,15594.053262028165,14218.437380396575
forecast_5696,2025-08-26 08:00:00,12496.425304048207,14782.04085197468,13919.08223862167
forecast_5697,2025-08-26 09:00:00,12245.529942919638,14024.992526806811,13285.959165795613
forecast_5698,2025-08-26 10:00:00,12289.369600369628,14249.745583781525,12682.571606727568
forecast_5699,2025-08-26 11:00:00,12115.006317994566,13762.458191936015,12111.168011828751
forecast_5700,2025-08-26 12:00:00,10588.953312021964,13565.47769392106,12053.026299660214
forecast_5701,2025-08-26 13:00:00,12041.966740533204,14786.033503531215,13887.290648834161
forecast_5702,2025-08-26 14:00:00,12510.013919162784,15442.909115104922,14339.388264495852
forecast_5703,2025-08-26 15:00:00,12074.260499731306,15558.169061094204,14301.42704730663
forecast_5704,2025-08-26 16:00:00,11575.845541954028,14606.282161815328,11563.859878707653
forecast_5705,2025-08-26 17:00:00,11346.919506222293,11007.562877404607,10850.272625104708
forecast_5706,2025-08-26 18:00:00,9887.520013155814,10954.182537041732,9953.877221341556
forecast_5707,2025-08-26 19:00:00,9845.41100920885,9994.234656797185,8842.747609958384
forecast_5708,2025-08-26 20:00:00,9380.714959337583,9594.09228248247,8389.973812392469
forecast_5709,2025-08-26 21:00:00,9339.061495835105,9581.516721209071,8938.399697647743
forecast_5710,2025-08-26 22:00:00,10530.608388531447,11229.994756933316,8124.34869291688
forecast_5711,2025-08-26 23:00:00,9313.05198747343,11943.501967750646,7730.9157286338095
forecast_5712,2025-08-27 00:00:00,10939.325403637695,11817.278456046211,7704.869489375872
forecast_5713,2025-08-27 01:00:00,9990.802995567186,10185.866200872055,5415.054604427431
forecast_5714,2025-08-27 02:00:00,9136.81953563066,10750.148782976406,4608.036424230993
forecast_5715,2025-08-27 03:00:00,6927.739963683052,6575.86421106468,4035.2812915025947
forecast_5716,2025-08-27 04:00:00,4239.057932263356,4074.0866691546967,3665.10915393729
forecast_5717,2025-08-27 05:00:00,3768.204721941417,3385.828645843285,3337.4490633806618
forecast_5718,2025-08-27 06:00:00,3493.95492079136,3659.3953210524173,3508.860242971012
forecast_5719,2025-08-27 07:00:00,3536.2680606040276,2574.1552746799725,3230.826642897993
forecast_5720,2025-08-27 08:00:00,3858.4466135414928,3600.156481298626,3052.208954755026
forecast_5721,2025-08-27 09:00:00,2707.997146144018,2979.744704576282,56.73658336344823
forecast_5722,2025-08-27 10:00:00,3774.8141562716737,3149.5093928702936,57.56688056699364
forecast_5723,2025-08-27 11:00:00,3886.9881966184657,106.9793600809412,106.57401163266721
forecast_5724,2025-08-27 12:00:00,133.95569283908617,168.39589656495883,177.4298340221473
forecast_5725,2025-08-27 13:00:00,2626.208591631265,3754.770589868661,2716.9856161602816
forecast_5726,2025-08-27 14:00:00,270.1193733327643,3213.854898223737,2714.3045926762584
forecast_5727,2025-08-27 15:00:00,2687.7817509768074,3244.20961732857,3858.9698512370555
forecast_5728,2025-08-27 16:00:00,3210.6086212704195,3754.584040714559,2681.8705280022536
forecast_5729,2025-08-27 17:00:00,3453.9861306533894,3852.9595518902806,2862.000096198676
forecast_5730,2025-08-27 18:00:00,7442.343534399581,4036.5869640404458,274.352371999972
forecast_5731,2025-08-27 19:00:00,3638.944082610236,3279.80048275277,264.0214478344637
forecast_5732,2025-08-27 20:00:00,3039.4516824734983,3017.9878738849247,302.5915077911837
forecast_5733,2025-08-27 21:00:00,3205.585291365371,3111.822521958613,2203.938685639852
forecast_5734,2025-08-27 22:00:00,3495.868686755818,3429.4026562420654,244.57983861508677
forecast_5735,2025-08-27 23:00:00,2948.294305072308,3256.0792468838035,183.81986172489087
forecast_5736,2025-08-28 00:00:00,2942.749107536582,3261.7740144283143,2747.4642534114955
forecast_5737,2025-08-28 01:00:00,3241.90983862921,3327.708905885732,2332.392302298356
forecast_5738,2025-08-28 02:00:00,3832.9922925429737,3407.78005265547,2439.973815891673
forecast_5739,2025-08-28 03:00:00,3665.184449297965,3708.705965912438,3323.4775504424665
forecast_5740,2025-08-28 04:00:00,4177.927696855639,4339.937835460776,3366.571192577088
forecast_5741,2025-08-28 05:00:00,4762.417326507009,4827.214387177541,3320.8919739334683
forecast_5742,2025-08-28 06:00:00,4196.822517721039,4402.841013482404,3027.442107716429
forecast_5743,2025-08-28 07:00:00,3899.0336045266326,3906.4243259817217,2624.26951096768
forecast_5744,2025-08-28 08:00:00,3894.990636985257,3567.901192199329,3261.84336480367
forecast_5745,2025-08-28 09:00:00,3742.615026790945,3353.828639213816,3234.323465011229
forecast_5746,2025-08-28 10:00:00,3111.115424849777,3351.3342354128663,2700.363271561626
forecast_5747,2025-08-28 11:00:00,3295.0314653369287,3066.689050612399,2805.523717688491
forecast_5748,2025-08-28 12:00:00,2874.562951303498,3465.6462052440415,2905.185345263687
forecast_5749,2025-08-28 13:00:00,3382.173472307768,3433.0739931380845,2856.348848040174
forecast_5750,2025-08-28 14:00:00,3272.068483621751,3641.4625700491433,3078.837893424466
forecast_5751,2025-08-28 15:00:00,3857.902736812217,3969.5349918655093,3346.1782379212127
forecast_5752,2025-08-28 16:00:00,3692.823320440776,4210.0067096578805,3638.0492327820834
forecast_5753,2025-08-28 17:00:00,3831.409155233049,4176.7829359902735,3606.5565851977867
forecast_5754,2025-08-28 18:00:00,4041.610581819731,4654.10316385796,3696.5676582426395
forecast_5755,2025-08-28 19:00:00,5354.237043900281,4676.905338278722,4218.758210179135
forecast_5756,2025-08-28 20:00:00,7848.8901819266275,8436.786695035205,5304.847821280177
forecast_5757,2025-08-28 21:00:00,8781.064271552454,10031.549696160753,6916.460167744639
forecast_5758,2025-08-28 22:00:00,10554.259320709707,11846.194306759242,8505.584419715431
forecast_5759,2025-08-28 23:00:00,11848.322383211455,13153.80239839138,10521.82413195773
forecast_5760,2025-08-29 00:00:00,12823.26914687772,14030.795824637242,12149.862114494828
forecast_5761,2025-08-29 01:00:00,15688.342679600551,18253.54162200988,16772.763928702203
forecast_5762,2025-08-29 02:00:00,15990.837609805552,18063.89614069533,16934.9096794188
forecast_5763,2025-08-29 03:00:00,16093.393683489068,18393.492552955067,17063.54225731986
forecast_5764,2025-08-29 04:00:00,15692.42553491319,18290.766110854798,17188.756211508076
forecast_5765,2025-08-29 05:00:00,15622.2338248202,18240.719652224885,17980.96851238819
forecast_5766,2025-08-29 06:00:00,16674.488446055202,18611.979263338115,17963.105121156874
forecast_5767,2025-08-29 07:00:00,16687.10777428044,18530.38845274821,17972.763947653828
forecast_5768,2025-08-29 08:00:00,16242.022128763398,18464.345844644828,18121.43900629999
forecast_5769,2025-08-29 09:00:00,16972.517593520464,17915.733198506077,17686.431756944698
forecast_5770,2025-08-29 10:00:00,16412.43364456504,16897.91189234129,16924.85187964559
forecast_5771,2025-08-29 11:00:00,13913.905052918119,14557.662164771553,15011.87224993326
forecast_5772,2025-08-29 12:00:00,12299.423227067397,12848.854283218641,13454.905953427968
forecast_5773,2025-08-29 13:00:00,11043.287897094237,11773.635812983544,11579.42838462309
forecast_5774,2025-08-29 14:00:00,10470.551260770428,11076.239862027072,11117.26579197998
forecast_5775,2025-08-29 15:00:00,10089.419707858513,10610.737799295399,10811.531836579914
forecast_5776,2025-08-29 16:00:00,10331.852945978999,10863.271045254449,10652.848806177868
forecast_5777,2025-08-29 17:00:00,9642.030070660876,10252.357980875842,10466.942486606607
forecast_5778,2025-08-29 18:00:00,9878.906275276006,10190.480850278524,10458.068315987772
forecast_5779,2025-08-29 19:00:00,10489.79181304301,10997.831465174899,11126.651634791393
forecast_5780,2025-08-29 20:00:00,12147.239369341974,14293.975593651834,11937.029404234561
forecast_5781,2025-08-29 21:00:00,13690.427534278359,15630.373044262285,12482.612310913803
forecast_5782,2025-08-29 22:00:00,14901.703405381872,16349.04072019653,12511.50119679385
forecast_5783,2025-08-29 23:00:00,15450.128923057382,16681.28123485916,12721.655328804167
forecast_5784,2025-08-30 00:00:00,14624.323390078893,16739.04192492035,12672.303348297675
forecast_5785,2025-08-30 01:00:00,13235.002961774204,14001.552711232001,11277.385038217906
forecast_5786,2025-08-30 02:00:00,12960.684396099176,14805.108334214185,10691.395755810541
forecast_5787,2025-08-30 03:00:00,13801.27426636425,14061.001843236585,9167.549889012716
forecast_5788,2025-08-30 04:00:00,12312.59319036954,12753.137384853124,7636.9933342298045
forecast_5789,2025-08-30 05:00:00,10991.884953349367,12352.379295937666,7717.05270336278
forecast_5790,2025-08-30 06:00:00,10331.894725725671,10444.044727190036,6763.315870407377
forecast_5791,2025-08-30 07:00:00,9970.694795307158,10076.461076667783,6026.315699161846
forecast_5792,2025-08-30 08:00:00,8263.399881346046,8288.5132042622,5388.799858141924
forecast_5793,2025-08-30 09:00:00,5989.860505700079,6014.699885134682,3868.2759164786025
forecast_5794,2025-08-30 10:00:00,3926.7886993876464,3867.4676720857833,3432.565307044709
forecast_5795,2025-08-30 11:00:00,3514.3146682212364,3494.9185012638854,3220.536825597549
forecast_5796,2025-08-30 12:00:00,3350.45619379279,3485.361039429079,3343.7468797503498
forecast_5797,2025-08-30 13:00:00,3757.747156064861,3345.8744236271177,3225.0750363132984
forecast_5798,2025-08-30 14:00:00,3637.117306431259,3262.5623829233737,3221.183367392433
forecast_5799,2025-08-30 15:00:00,3411.284331919851,3369.0269240995212,2983.46855355751
forecast_5800,2025-08-30 16:00:00,3791.647058085542,3439.4406469689047,3737.848860397221
forecast_5801,2025-08-30 17:00:00,3717.3987102234496,3704.304104386948,3098.3763570327665
forecast_5802,2025-08-30 18:00:00,3676.6570313598463,3899.5499841841106,3282.0314966804663
forecast_5803,2025-08-30 19:00:00,4160.733367970077,4119.5355424903,3470.571734233674
forecast_5804,2025-08-30 20:00:00,5118.641649838769,5061.545621873425,3413.7438725617467
forecast_5805,2025-08-30 21:00:00,5626.214243914395,5123.441180788552,3736.9510268730673
forecast_5806,2025-08-30 22:00:00,5772.160077007147,5834.380470722547,3707.9835468832425
forecast_5807,2025-08-30 23:00:00,5903.269142640219,5843.448099348988,3728.38517842802
forecast_5808,2025-08-31 00:00:00,6070.442940332594,6134.362230489073,3824.3887703454543
forecast_5809,2025-08-31 01:00:00,7719.786015616561,8132.184037487622,5261.006554846102
forecast_5810,2025-08-31 02:00:00,7692.796794887135,8649.330693765018,5127.58001737536
forecast_5811,2025-08-31 03:00:00,7149.670767015262,7474.067368369372,4279.352918797792
forecast_5812,2025-08-31 04:00:00,5987.039390279068,6019.960314144981,3704.8894286236955
forecast_5813,2025-08-31 05:00:00,4789.301808902583,5009.238939909228,3314.8659009896965
forecast_5814,2025-08-31 06:00:00,3962.8361053023245,3854.387353778998,3640.4416186630638
forecast_5815,2025-08-31 07:00:00,4154.708402936007,4081.8179220962293,3351.151798405408
forecast_5816,2025-08-31 08:00:00,3389.5425510638424,3425.407951370983,2790.587268342311
forecast_5817,2025-08-31 09:00:00,3545.274464001544,3141.597807834418,2325.8631594046824
forecast_5818,2025-08-31 10:00:00,3434.473819941648,3430.1953756844664,2510.0645903481136
forecast_5819,2025-08-31 11:00:00,3568.074849335607,3270.192537502432,3539.837166255085
forecast_5820,2025-08-31 12:00:00,3736.20498372276,3325.9032743666285,3107.185226724331
forecast_5821,2025-08-31 13:00:00,3037.5520335946276,3266.649914672688,3004.162592376237
forecast_5822,2025-08-31 14:00:00,3167.465556663265,3369.8570034666513,2909.3687877472953
forecast_5823,2025-08-31 15:00:00,3615.8882724776804,3852.5498171515273,3242.624127127552
forecast_5824,2025-08-31 16:00:00,3612.7122441580614,3918.5511872632655,3569.032132134342
forecast_5825,2025-08-31 17:00:00,3876.5735083678733,4086.277252721192,3827.4137803880867
forecast_5826,2025-08-31 18:00:00,4272.104413601332,4749.907458145015,3792.5131276967377
forecast_5827,2025-08-31 19:00:00,5787.449048734397,6876.919637129581,4706.2870155914125
forecast_5828,2025-08-31 20:00:00,6076.789338389887,8616.981151114795,5450.647966995699
forecast_5829,2025-08-31 21:00:00,9818.614731247058,10579.38739832654,6993.565469521755
forecast_5830,2025-08-31 22:00:00,8868.610872544847,10345.147273490593,7628.450636979036
forecast_5831,2025-08-31 23:00:00,8950.5514293788,10417.487965164184,8150.939822696296
forecast_5832,2025-09-01 00:00:00,9039.91788413229,10459.726605703301,7848.452093771912
forecast_5833,2025-09-01 01:00:00,13106.332588546918,13483.998988609652,8546.114431909458
forecast_5834,2025-09-01 02:00:00,12722.09390483992,13057.367829510007,8806.498367789349
forecast_5835,2025-09-01 03:00:00,11286.350837621343,12989.007427781973,10567.133487462948
forecast_5836,2025-09-01 04:00:00,12048.981399579483,13655.194804797084,11935.174319001791
forecast_5837,2025-09-01 05:00:00,12321.390675348142,13798.911017058901,12288.583213616956
forecast_5838,2025-09-01 06:00:00,11683.396248131454,13146.824553089116,11924.861415799412
forecast_5839,2025-09-01 07:00:00,7957.500700449961,10227.827777023065,10178.514738553264
forecast_5840,2025-09-01 08:00:00,6368.004238599342,11025.300683924788,9443.805001883604
forecast_5841,2025-09-01 09:00:00,5400.024022774448,9764.296859790498,8156.081132575724
forecast_5842,2025-09-01 10:00:00,6894.1651879273895,8300.168972975089,7528.171258303683
forecast_5843,2025-09-01 11:00:00,5416.142054213984,6747.775650068472,6748.959691811522
forecast_5844,2025-09-01 12:00:00,5124.485803268017,7496.389524534976,6328.16628534029
forecast_5845,2025-09-01 13:00:00,7415.8364663668945,7694.751232111299,4909.128903611595
forecast_5846,2025-09-01 14:00:00,5827.951062985663,6588.274894436839,5100.181249691254
forecast_5847,2025-09-01 15:00:00,8196.747313010736,9267.31944837031,6105.782337139403
forecast_5848,2025-09-01 16:00:00,6938.660691743099,10146.33190472833,6826.845290218198
forecast_5849,2025-09-01 17:00:00,7222.675115637373,10053.91140883225,6879.495301299847
forecast_5850,2025-09-01 18:00:00,7666.128818860653,7838.056657480682,6403.805162153904
forecast_5851,2025-09-01 19:00:00,8391.872746626046,9019.831956190224,7295.277877369885
forecast_5852,2025-09-01 20:00:00,8248.82850757403,8473.949016272714,6778.955512750947
forecast_5853,2025-09-01 21:00:00,8403.358572607971,9588.299310555869,6256.449820039761
forecast_5854,2025-09-01 22:00:00,8826.203845550142,10031.819436357117,5474.1599035845275
forecast_5855,2025-09-01 23:00:00,9421.371075212905,11059.6766887072,6343.322090270436
forecast_5856,2025-09-02 00:00:00,9140.581084759218,10833.756469124974,6831.928905720598
forecast_5857,2025-09-02 01:00:00,10333.279497461413,11393.757995682477,8982.218781751431
forecast_5858,2025-09-02 02:00:00,10473.091879753725,10921.527631606374,8985.64812336548
forecast_5859,2025-09-02 03:00:00,9493.875491014596,10269.207514728942,8235.100240638221
forecast_5860,2025-09-02 04:00:00,9061.8315760279,9395.290922270231,7494.348858687784
forecast_5861,2025-09-02 05:00:00,8034.011042137226,9382.993063157814,6708.775226295269
forecast_5862,2025-09-02 06:00:00,7612.277770391659,8171.649756659807,6208.34473612219
forecast_5863,2025-09-02 07:00:00,7577.772300015088,7017.696827611414,5565.130918512324
forecast_5864,2025-09-02 08:00:00,6895.442224098468,6831.290019315653,4980.134146553792
forecast_5865,2025-09-02 09:00:00,5543.068844846398,5813.13821432726,3975.86220705275
forecast_5866,2025-09-02 10:00:00,4687.956627406764,4598.130034143809,3712.155784959035
forecast_5867,2025-09-02 11:00:00,3873.715930420446,3555.5964219664193,3355.317217056859
forecast_5868,2025-09-02 12:00:00,3775.322636859567,3484.9452063555595,3169.556086424356
forecast_5869,2025-09-02 13:00:00,3431.1969244875754,3495.5486741982736,3090.0598695353438
forecast_5870,2025-09-02 14:00:00,3160.091532133103,3256.5605562784153,2825.2050335540994
forecast_5871,2025-09-02 15:00:00,2978.517608309146,3317.850996460603,2713.5919477135535
forecast_5872,2025-09-02 16:00:00,3390.2630888259127,2558.544920295085,3614.6740199518445
forecast_5873,2025-09-02 17:00:00,2578.017433848686,2421.8151731112885,2830.2635949836676
forecast_5874,2025-09-02 18:00:00,3752.06878680171,3278.572447014848,3731.800171101926
forecast_5875,2025-09-02 19:00:00,3663.176529677114,3646.390160800912,3741.215460678325
forecast_5876,2025-09-02 20:00:00,5726.9522074198885,5523.462061033925,3668.2224766210957
forecast_5877,2025-09-02 21:00:00,3822.4274230059286,5520.719994959767,3342.1974758709944
forecast_5878,2025-09-02 22:00:00,3407.2636213304277,3460.9673680577234,3681.4174087386646
forecast_5879,2025-09-02 23:00:00,3432.5677931138807,3381.3664246728677,3683.9229083183827
forecast_5880,2025-09-03 00:00:00,3739.386491248942,5782.033836120777,3727.2212222801936
forecast_5881,2025-09-03 01:00:00,3796.898136322089,3632.5083076318974,3585.0148425251696
forecast_5882,2025-09-03 02:00:00,3433.71678506486,4754.800271618461,3610.7002839056686
forecast_5883,2025-09-03 03:00:00,2878.4192594222477,3545.900943341718,2381.950369612154
forecast_5884,2025-09-03 04:00:00,4053.2170583145657,5179.037497417878,3625.605200705807
forecast_5885,2025-09-03 05:00:00,2876.814513796609,3758.8395585383523,3697.9212007058063
forecast_5886,2025-09-03 06:00:00,3953.781175542942,3791.682567016109,2227.631897760319
forecast_5887,2025-09-03 07:00:00,3226.9210642845937,3689.0346412181807,18.579715954612304
forecast_5888,2025-09-03 08:00:00,2541.986096577046,2847.2376914610027,18.579715954612304
forecast_5889,2025-09-03 09:00:00,2863.3231748301355,3572.4763002425443,18.898253541757576
forecast_5890,2025-09-03 10:00:00,2854.0715825876277,3594.8569115895198,12.185461965564567
forecast_5891,2025-09-03 11:00:00,64.10372175968395,88.14277774928681,65.59954842298272
forecast_5892,2025-09-03 12:00:00,149.7040837032826,185.09793378899127,147.50253095786
forecast_5893,2025-09-03 13:00:00,4026.059013145825,2597.5360992997594,2118.254175624659
forecast_5894,2025-09-03 14:00:00,3983.4375975509915,2526.8968122697847,3835.8645106937543
forecast_5895,2025-09-03 15:00:00,2821.0502873441437,2726.108159438186,235.93137821006405
forecast_5896,2025-09-03 16:00:00,3669.4077860860457,2679.615492850855,175.14808148312807
forecast_5897,2025-09-03 17:00:00,3633.1230342700724,2316.6441511937333,109.69329396077423
forecast_5898,2025-09-03 18:00:00,3637.631814524332,2339.5951975014545,42.429000663242945
forecast_5899,2025-09-03 19:00:00,3638.1929101528344,2361.272963817242,12.993527482972233
forecast_5900,2025-09-03 20:00:00,2772.6176014316507,2386.1538758557144,13.248262678300096
forecast_5901,2025-09-03 21:00:00,2657.3618332007986,2448.958659594652,44.82157444304634
forecast_5902,2025-09-03 22:00:00,3109.61093230862,3637.0512009187532,3153.8734658967796
forecast_5903,2025-09-03 23:00:00,7402.661053383158,3868.1787337071046,3310.182248606493
forecast_5904,2025-09-04 00:00:00,3453.2423670548646,3508.4961333059177,3602.5719920311085
forecast_5905,2025-09-04 01:00:00,2824.7847036112225,2837.0511330996515,3141.6014983053283
forecast_5906,2025-09-04 02:00:00,2752.938205511142,2865.537932957346,257.4995698976223
forecast_5907,2025-09-04 03:00:00,3243.53884455995,2832.2343733564576,234.40186549533306
forecast_5908,2025-09-04 04:00:00,3220.22267398195,3411.806996006284,190.6008801292713
forecast_5909,2025-09-04 05:00:00,3305.8110089855086,3110.6761434632267,239.4203669281023
forecast_5910,2025-09-04 06:00:00,3155.854230880788,3014.6087269223967,357.65757172315614
forecast_5911,2025-09-04 07:00:00,2868.072122448358,3052.509791431472,2338.8157842164173
forecast_5912,2025-09-04 08:00:00,3453.7405972172755,3156.067094956621,2460.078989589363
forecast_5913,2025-09-04 09:00:00,3703.1938099433573,3747.6342802091635,2861.6024598106783
forecast_5914,2025-09-04 10:00:00,3453.7317571424082,3895.6041439393166,2877.904260925319
forecast_5915,2025-09-04 11:00:00,3299.7954058362157,3627.5434286114564,3153.572553808047
forecast_5916,2025-09-04 12:00:00,3204.761136135754,3911.020691642805,2994.206455497566
forecast_5917,2025-09-04 13:00:00,3406.3117685942525,4007.7044862807006,3390.091717067419
forecast_5918,2025-09-04 14:00:00,3445.398775170366,3536.6928903335365,3160.1346043762715
forecast_5919,2025-09-04 15:00:00,2688.2147872188516,3506.793969173873,3097.466091892832
forecast_5920,2025-09-04 16:00:00,2816.221059581788,3382.576531483105,3259.1705667529045
forecast_5921,2025-09-04 17:00:00,2879.229110189219,3427.0788763520313,3005.5870742001507
forecast_5922,2025-09-04 18:00:00,3342.2233726233308,3560.7908748643626,3348.9248126204675
forecast_5923,2025-09-04 19:00:00,3296.405716263875,3421.512309638705,3354.5313988522967
forecast_5924,2025-09-04 20:00:00,3385.7845995337616,3521.338442202019,3373.348237983101
forecast_5925,2025-09-04 21:00:00,3490.2610595548003,3228.464833804018,3108.983664563545
forecast_5926,2025-09-04 22:00:00,3301.497497082638,3421.4528637396897,3175.6068907762465
forecast_5927,2025-09-04 23:00:00,3481.303197374894,3280.7779995097007,3098.3761755733985
forecast_5928,2025-09-05 00:00:00,3081.5225259015688,3344.6850274774197,3179.0184974051613
forecast_5929,2025-09-05 01:00:00,3179.5089662956443,3191.4902435104495,3182.879413834171
forecast_5930,2025-09-05 02:00:00,3895.8715100424038,3431.532889439984,3651.9410827832166
forecast_5931,2025-09-05 03:00:00,3482.0531341374294,3508.2952077425302,3035.447201961892
forecast_5932,2025-09-05 04:00:00,2939.7271069396375,3239.8823143604372,3226.927376820099
forecast_5933,2025-09-05 05:00:00,3604.5205253585727,3477.5878043904054,3569.714997174947
forecast_5934,2025-09-05 06:00:00,3157.0406723457972,3425.434582692631,3070.9059671428486
forecast_5935,2025-09-05 07:00:00,2839.979215745915,3943.4680294673785,2600.954961146587
forecast_5936,2025-09-05 08:00:00,3248.5638276561804,3455.9158229545346,2784.996448960657
forecast_5937,2025-09-05 09:00:00,3571.967317171267,3625.400944005327,2670.9913665429453
forecast_5938,2025-09-05 10:00:00,3138.009669887316,2959.7875258927224,2683.411143169852
forecast_5939,2025-09-05 11:00:00,3644.4887920438623,3427.7887082458547,2320.317255875112
forecast_5940,2025-09-05 12:00:00,56.30998151385363,74.66786324388502,71.01449445342139
forecast_5941,2025-09-05 13:00:00,3785.5255245597245,57.043125797048454,56.334533486924556
forecast_5942,2025-09-05 14:00:00,51.71918791150045,65.04753176077878,63.64556753340906
forecast_5943,2025-09-05 15:00:00,2866.0323057174364,3387.1160547265426,81.5008205946574
forecast_5944,2025-09-05 16:00:00,102.3719622660756,109.34851778097399,78.03044153753268
forecast_5945,2025-09-05 17:00:00,194.31022816069822,2533.119270704521,120.20480499801981
forecast_5946,2025-09-05 18:00:00,4005.4618719078117,4648.449468079503,3707.781536582901
forecast_5947,2025-09-05 19:00:00,3062.226607216469,3176.5945737031616,6752.4480564079395
forecast_5948,2025-09-05 20:00:00,3249.1829472340437,2934.7683701293963,6843.906508674705
forecast_5949,2025-09-05 21:00:00,2760.316293259815,3241.2034324657234,2991.990826282207
forecast_5950,2025-09-05 22:00:00,3689.0392143728122,3816.362917377084,2897.228616014897
forecast_5951,2025-09-05 23:00:00,4107.2608400888375,4258.395661945477,3305.618335204126
forecast_5952,2025-09-06 00:00:00,5252.304651298231,4915.796534910101,3382.6022886451547
forecast_5953,2025-09-06 01:00:00,8566.666692933013,9424.807879655084,5611.843083618244
forecast_5954,2025-09-06 02:00:00,9568.691825222983,10622.506551768116,6634.482494024549
forecast_5955,2025-09-06 03:00:00,10806.582838698181,12679.363147105494,8892.996872775348
forecast_5956,2025-09-06 04:00:00,12356.548389272364,15258.279361586996,10450.592589141017
forecast_5957,2025-09-06 05:00:00,13419.295292059658,14590.553960740777,11203.981051815226
forecast_5958,2025-09-06 06:00:00,13777.21263395978,15946.627956393875,12349.142684672845
forecast_5959,2025-09-06 07:00:00,11752.535850895332,14444.967960349753,11769.779583872632
forecast_5960,2025-09-06 08:00:00,12106.856578066583,14385.851441455756,12178.671005264207
forecast_5961,2025-09-06 09:00:00,13333.671848961494,13121.13793588615,11626.651787067205
forecast_5962,2025-09-06 10:00:00,10899.005446252102,11839.35801695044,11393.81954169356
forecast_5963,2025-09-06 11:00:00,10126.475914584886,11913.658174987819,11068.422492571364
forecast_5964,2025-09-06 12:00:00,9407.908670233928,12599.839891158896,9913.873119567565
forecast_5965,2025-09-06 13:00:00,11452.68387500194,12329.42609725377,11602.495225428094
forecast_5966,2025-09-06 14:00:00,11776.43152192505,13200.980878858289,12257.293906404822
forecast_5967,2025-09-06 15:00:00,12400.585313498676,14279.678234078456,11862.469112204293
forecast_5968,2025-09-06 16:00:00,12648.196793611613,15055.908075509866,12353.39355511333
forecast_5969,2025-09-06 17:00:00,12605.411396125157,15357.897562426922,12865.242487306336
forecast_5970,2025-09-06 18:00:00,12304.07020710046,16272.381932558916,13334.736443795124
forecast_5971,2025-09-06 19:00:00,12252.26564477555,16502.345215350662,13723.64876029531
forecast_5972,2025-09-06 20:00:00,12683.403917565878,16776.72692904867,15099.50343635228
forecast_5973,2025-09-06 21:00:00,14615.413021534596,17149.24506700968,15076.564762534319
forecast_5974,2025-09-06 22:00:00,13346.119995076317,16816.884300835263,17291.03814792339
forecast_5975,2025-09-06 23:00:00,14995.868214419319,17480.56854559743,17388.387182321592
forecast_5976,2025-09-07 00:00:00,14808.297151623348,17437.091585775874,17568.980960720684
forecast_5977,2025-09-07 01:00:00,15369.765876111096,18208.30277157483,18114.327437656393
forecast_5978,2025-09-07 02:00:00,15032.61568335763,17847.60568978306,17718.015167555615
forecast_5979,2025-09-07 03:00:00,14780.108335019568,17407.628288107524,17074.606927434954
forecast_5980,2025-09-07 04:00:00,14391.44783438375,16464.816081619738,16433.180889074545
forecast_5981,2025-09-07 05:00:00,13277.256947563154,15854.069350563124,15649.603553729716
forecast_5982,2025-09-07 06:00:00,12560.928749282124,15079.201084580836,13572.174747938801
forecast_5983,2025-09-07 07:00:00,11723.820620286338,14594.374633115825,12271.424340166861
forecast_5984,2025-09-07 08:00:00,11459.807326097098,13810.292306487947,11036.891966706817
forecast_5985,2025-09-07 09:00:00,9929.092772240683,10041.811548769945,9511.753892397179
forecast_5986,2025-09-07 10:00:00,7226.073359037182,8869.248127964305,7945.135354663234
forecast_5987,2025-09-07 11:00:00,5808.380157954262,7941.68256010014,5757.47884563252
forecast_5988,2025-09-07 12:00:00,4600.204331021905,4877.604779167501,5155.658814988697
forecast_5989,2025-09-07 13:00:00,4083.722967388408,3900.183046485382,4028.632617490077
forecast_5990,2025-09-07 14:00:00,3935.640383091266,4057.6829260640807,3746.5590268786877
forecast_5991,2025-09-07 15:00:00,4083.2381391139224,3881.756636979384,4279.942143877733
forecast_5992,2025-09-07 16:00:00,4837.926544132833,5134.300338833061,4238.654936109491
forecast_5993,2025-09-07 17:00:00,5785.061929551924,6044.284714471288,4359.2661583751005
forecast_5994,2025-09-07 18:00:00,6945.178103959023,7051.685739701784,4694.536585203427
forecast_5995,2025-09-07 19:00:00,8206.060699751972,8445.684631321777,5926.686209514148
forecast_5996,2025-09-07 20:00:00,10519.999598160464,11353.687444310921,6724.986097056946
forecast_5997,2025-09-07 21:00:00,11432.19064247847,12441.488625384281,7341.018999711541
forecast_5998,2025-09-07 22:00:00,10873.195782731562,12720.236842964134,7797.567024851216
forecast_5999,2025-09-07 23:00:00,9918.07274843428,15571.144216826162,8071.1969686008115
forecast_6000,2025-09-08 00:00:00,11137.292450568815,14787.72232691174,8348.624366512156
forecast_6001,2025-09-08 01:00:00,8744.47520414116,9157.148345100602,6314.042700151194
forecast_6002,2025-09-08 02:00:00,8169.16635878559,8832.670209057758,5475.468098213329
forecast_6003,2025-09-08 03:00:00,8267.28211549548,7440.083105483221,5113.826305156241
forecast_6004,2025-09-08 04:00:00,5640.819507738403,5282.373397652434,3875.4217134484843
forecast_6005,2025-09-08 05:00:00,4058.563598260653,4027.0986691258536,3448.6141738622246
forecast_6006,2025-09-08 06:00:00,3890.1002929156753,3715.1798330533993,3302.245757285724
forecast_6007,2025-09-08 07:00:00,3739.9851798836607,3642.7829016167743,3286.090753382954
forecast_6008,2025-09-08 08:00:00,3483.8151987085403,3264.77792544936,3369.0354528329535
forecast_6009,2025-09-08 09:00:00,3962.417094045068,4423.315583968513,2238.403301710846
forecast_6010,2025-09-08 10:00:00,3938.21349741849,3380.35541552028,2235.3092893661087
forecast_6011,2025-09-08 11:00:00,3479.8888393884445,3792.548185747077,22.110116484741724
forecast_6012,2025-09-08 12:00:00,3759.779615432382,3139.341791377411,36.21108581866929
forecast_6013,2025-09-08 13:00:00,4123.603968558743,4463.617683760911,3535.486616218011
forecast_6014,2025-09-08 14:00:00,3925.6781586847783,3457.3885558629063,3547.4726113172915
forecast_6015,2025-09-08 15:00:00,3420.975743708729,3083.3742669294866,2796.789969380255
forecast_6016,2025-09-08 16:00:00,3432.9337579937805,3519.4985292071256,3266.8182591029463
forecast_6017,2025-09-08 17:00:00,4344.648626611434,3879.8301503514344,3595.317945872072
forecast_6018,2025-09-08 18:00:00,3824.6033656305276,3810.942352328372,3664.352392458721
forecast_6019,2025-09-08 19:00:00,3819.3414786731128,3891.338334719926,3542.656340735648
forecast_6020,2025-09-08 20:00:00,3982.1413595598765,3841.725574388514,3443.5043018388315
forecast_6021,2025-09-08 21:00:00,3738.4438947564095,3960.992136276801,3394.7164936725862
forecast_6022,2025-09-08 22:00:00,3459.7399183870693,3452.016220926341,3222.634538294388
forecast_6023,2025-09-08 23:00:00,3622.9215702694173,3662.3881464458946,3173.1135205808355
forecast_6024,2025-09-09 00:00:00,3931.44024623446,3541.0594042555294,3332.931030480876
forecast_6025,2025-09-09 01:00:00,4019.3213041101435,3868.652666484846,2968.422346754306
forecast_6026,2025-09-09 02:00:00,3543.077997439119,3686.8659901177098,2875.2870184899775
forecast_6027,2025-09-09 03:00:00,3269.105568333218,3448.7833024818083,2759.8677751199853
forecast_6028,2025-09-09 04:00:00,3231.8660104587016,3331.8174706858185,2928.5185577898533
forecast_6029,2025-09-09 05:00:00,3715.567559694912,3512.8078873601953,3343.137948834702
forecast_6030,2025-09-09 06:00:00,3866.7817019814056,3909.7279100828678,2875.9213112884086
forecast_6031,2025-09-09 07:00:00,3394.0138961167627,3283.857198115211,2861.2465792989747
forecast_6032,2025-09-09 08:00:00,3769.3395888528767,3461.7601486810736,3322.346249330855
forecast_6033,2025-09-09 09:00:00,3303.8253682451564,3912.680468467046,3507.0491073608327
forecast_6034,2025-09-09 10:00:00,3759.8028077294916,3895.8599002058727,3703.6851903779443
forecast_6035,2025-09-09 11:00:00,3902.3061201468054,4256.6610146247385,3479.909225174427
forecast_6036,2025-09-09 12:00:00,2909.1777542376008,2952.6333577144005,2811.828840416623
forecast_6037,2025-09-09 13:00:00,3045.827501400008,2404.902933206665,331.20107851622765
forecast_6038,2025-09-09 14:00:00,3889.9516498859507,3315.6432483641374,207.36654533133242
forecast_6039,2025-09-09 15:00:00,4201.805742587989,3161.082180225155,139.35517162267809
forecast_6040,2025-09-09 16:00:00,3641.5374752279668,5138.710108205558,3675.1534837972804
forecast_6041,2025-09-09 17:00:00,3659.0915339534035,3425.4433350446025,125.32987920118777
forecast_6042,2025-09-09 18:00:00,3232.5123201911847,3234.719443683492,3458.083626479278
forecast_6043,2025-09-09 19:00:00,3401.808564432038,3383.5137762717322,3912.4529591703154
forecast_6044,2025-09-09 20:00:00,3090.0567938960316,3323.8132778603235,289.7806001975995
forecast_6045,2025-09-09 21:00:00,3162.2051964159637,3442.913937050057,3562.5338385496716
forecast_6046,2025-09-09 22:00:00,3478.0982414979244,3440.3642836744366,3558.558017142577
forecast_6047,2025-09-09 23:00:00,3370.172176676432,3386.6714992975644,3933.851200861171
forecast_6048,2025-09-10 00:00:00,3148.916636547185,3147.8592604360965,215.06783865699208
forecast_6049,2025-09-10 01:00:00,3266.7375391563,3586.70152291145,3224.221995666803
forecast_6050,2025-09-10 02:00:00,3468.5067575112653,3618.608330343836,2438.627808888646
forecast_6051,2025-09-10 03:00:00,3462.8209603862715,3765.7226576545536,2406.027342828108
forecast_6052,2025-09-10 04:00:00,3607.8561591926627,3908.008245877088,2265.8170724789543
forecast_6053,2025-09-10 05:00:00,3664.2842088139805,3444.360617993465,2438.6333986506
forecast_6054,2025-09-10 06:00:00,3481.4149659939003,3545.330347909874,2588.1661123995013
forecast_6055,2025-09-10 07:00:00,3252.263380701409,3321.4231927504675,2658.0810193072584
forecast_6056,2025-09-10 08:00:00,3127.1778405571317,3311.1540280209806,2290.7178919133585
forecast_6057,2025-09-10 09:00:00,3398.4936935580854,3226.323894400929,2891.8530482720635
forecast_6058,2025-09-10 10:00:00,3504.148551874696,3701.034805719084,3620.190132097653
forecast_6059,2025-09-10 11:00:00,3547.738789699214,2913.644978308315,3562.6990540610077
forecast_6060,2025-09-10 12:00:00,3493.495070557145,2937.444116504857,2965.1117420737432
forecast_6061,2025-09-10 13:00:00,3565.3676207245653,3571.899549250308,3129.243897690756
forecast_6062,2025-09-10 14:00:00,3904.426365968717,3344.7330570847625,3822.6457961232086
forecast_6063,2025-09-10 15:00:00,4277.093915373266,6771.568352100065,3918.616086379777
forecast_6064,2025-09-10 16:00:00,4460.530787584411,5559.929635782115,4921.904524108492
forecast_6065,2025-09-10 17:00:00,4203.419846476094,4096.152179136815,3852.7309787591475
forecast_6066,2025-09-10 18:00:00,3851.2237404175753,3504.7096781574664,16942.491393273962
forecast_6067,2025-09-10 19:00:00,2754.004796209321,2831.7357648164516,3263.998174660111
forecast_6068,2025-09-10 20:00:00,3081.905086217207,3064.0175152781935,2378.7256099661863
forecast_6069,2025-09-10 21:00:00,3407.898236065652,3448.6593431314045,2316.3061483035103
forecast_6070,2025-09-10 22:00:00,3424.547601971797,3395.5696157013376,2297.712450558688
forecast_6071,2025-09-10 23:00:00,3275.0289689630454,3512.561423087572,3374.646679515591
forecast_6072,2025-09-11 00:00:00,3232.8836886985378,3413.9211754604976,3147.9484763300297
forecast_6073,2025-09-11 01:00:00,3320.6193460231943,3303.9924205936886,2149.472734610427
forecast_6074,2025-09-11 02:00:00,3473.917849500194,3401.6536318908675,2217.544786893583
forecast_6075,2025-09-11 03:00:00,3147.5142167875974,3454.646261245492,2302.26105226501
forecast_6076,2025-09-11 04:00:00,3430.125462710864,3395.946355233874,2439.685955102066
forecast_6077,2025-09-11 05:00:00,3735.484539265381,3775.405873515671,3031.096580097887
forecast_6078,2025-09-11 06:00:00,4228.879836536574,4228.110981411754,3146.019389084955
forecast_6079,2025-09-11 07:00:00,3867.17271286752,4167.487484904109,3391.937752265358
forecast_6080,2025-09-11 08:00:00,3893.7951305772017,4290.529413913477,3631.7922987488105
forecast_6081,2025-09-11 09:00:00,3905.6763693807698,4122.034973934233,3357.568663224471
forecast_6082,2025-09-11 10:00:00,3444.583872013118,3876.3257430874337,3093.7231242047465
forecast_6083,2025-09-11 11:00:00,3517.388235072618,3836.036222341776,3375.747046075117
forecast_6084,2025-09-11 12:00:00,3773.3459205948147,3919.9874456407947,3322.606740971122
forecast_6085,2025-09-11 13:00:00,4222.79809562134,4006.0862759801203,3674.68618000563
forecast_6086,2025-09-11 14:00:00,4359.333668023064,4113.88930102135,3366.369940395919
forecast_6087,2025-09-11 15:00:00,3867.97520624671,3807.8102611333647,3224.726751668434
forecast_6088,2025-09-11 16:00:00,3561.823617377765,3889.8782231630285,3158.1309729412033
forecast_6089,2025-09-11 17:00:00,3915.5903690893356,3902.3623116668637,3414.8447773194152
forecast_6090,2025-09-11 18:00:00,3554.528617459925,3855.1223764648744,3416.070705584613
forecast_6091,2025-09-11 19:00:00,3841.1388978823943,4387.510257703873,3508.7903876381365
forecast_6092,2025-09-11 20:00:00,4573.40889005836,5298.815411422764,3542.12687676359
forecast_6093,2025-09-11 21:00:00,4982.497440268804,6023.940695394194,3760.4982806776297
forecast_6094,2025-09-11 22:00:00,5586.792498142147,6571.249939150807,4051.2768007039813
forecast_6095,2025-09-11 23:00:00,5494.569823068038,6671.005180738426,4118.7381120193195
forecast_6096,2025-09-12 00:00:00,5773.417325170225,7077.209601108551,4299.426492170443
forecast_6097,2025-09-12 01:00:00,5292.423085190654,6200.037302066318,3776.503535891869
forecast_6098,2025-09-12 02:00:00,5280.365628670774,5670.938705382119,3488.4102236383433
forecast_6099,2025-09-12 03:00:00,4341.910186303638,4927.167379088655,3593.9494146193047
forecast_6100,2025-09-12 04:00:00,3994.602377973119,4322.2071201365015,2844.4803429080876
forecast_6101,2025-09-12 05:00:00,3760.882433439445,4182.271862837614,3054.302792330814
forecast_6102,2025-09-12 06:00:00,3670.8246497790633,3883.411047627862,2820.7700410804464
forecast_6103,2025-09-12 07:00:00,3362.8854599825863,3958.6582466758987,2857.290785057404
forecast_6104,2025-09-12 08:00:00,3484.7389367008045,3904.0546298604313,2876.567163949496
forecast_6105,2025-09-12 09:00:00,3321.9254637146837,3828.845562505921,2950.138357351743
forecast_6106,2025-09-12 10:00:00,3365.319362157168,3703.014297868495,3362.582622748687
forecast_6107,2025-09-12 11:00:00,3485.663985470579,3926.2982457085336,3348.062476062563
forecast_6108,2025-09-12 12:00:00,3648.3076804344146,3727.507447209385,3432.9351745998642
forecast_6109,2025-09-12 13:00:00,3471.1529949306246,3396.3642196583887,3404.8300901577263
forecast_6110,2025-09-12 14:00:00,3411.149471118439,3562.1048985085754,3080.8313830750267
forecast_6111,2025-09-12 15:00:00,3077.2720391542307,3453.2077973286173,2902.38114770281
forecast_6112,2025-09-12 16:00:00,3260.2665562537873,3373.8125863280475,2966.6024902687154
forecast_6113,2025-09-12 17:00:00,3385.498875385368,3445.519369092208,3069.220748726778
forecast_6114,2025-09-12 18:00:00,3515.729430113454,3586.695619837827,3066.5988931591646
forecast_6115,2025-09-12 19:00:00,3627.455695245755,3484.625845368073,3565.1321099849824
forecast_6116,2025-09-12 20:00:00,3465.687865386929,3542.8458445583174,3730.6570477128453
forecast_6117,2025-09-12 21:00:00,3931.0743107041467,4129.705476188163,3812.561178840154
forecast_6118,2025-09-12 22:00:00,4963.296086922061,5318.444065844664,3541.145456306767
forecast_6119,2025-09-12 23:00:00,5446.041399820286,5853.173970781356,3799.9722961181683
forecast_6120,2025-09-13 00:00:00,5557.358188958544,6129.356735116465,4580.52334099072
forecast_6121,2025-09-13 01:00:00,3941.090689169577,4637.749168851769,3652.151966451057
forecast_6122,2025-09-13 02:00:00,4171.833664901757,5185.975580284014,3795.1334207951977
forecast_6123,2025-09-13 03:00:00,4887.179661158133,5927.139507180662,4264.704190109665
forecast_6124,2025-09-13 04:00:00,6166.790397023389,9472.307527992994,5597.2150864817995
forecast_6125,2025-09-13 05:00:00,8505.241224036004,10631.858555571282,7333.7049412136475
forecast_6126,2025-09-13 06:00:00,9999.291333488445,12370.400251776413,7846.309925618205
forecast_6127,2025-09-13 07:00:00,11874.85384401942,13935.071280004517,11043.327251140929
forecast_6128,2025-09-13 08:00:00,12571.807310927994,14613.04834359749,13077.803920867476
forecast_6129,2025-09-13 09:00:00,13048.47664596201,14705.51254835233,15281.00136147682
forecast_6130,2025-09-13 10:00:00,12170.870777788858,13953.856138989335,13863.584695866442
forecast_6131,2025-09-13 11:00:00,9845.390789510962,10536.035200544251,10665.611719754168
forecast_6132,2025-09-13 12:00:00,6140.862858625658,6365.724527437701,6287.694026925609
forecast_6133,2025-09-13 13:00:00,4195.668124140773,4685.850259912266,3920.252774255007
forecast_6134,2025-09-13 14:00:00,3837.6451495641795,3737.322583622366,3763.688714084259
forecast_6135,2025-09-13 15:00:00,3441.0027316246556,3551.251029118749,3853.303664476016
forecast_6136,2025-09-13 16:00:00,3592.268971124975,3968.7770598488705,3382.6249822034115
forecast_6137,2025-09-13 17:00:00,3930.283519679959,3978.7138661730996,3277.3526268712285
forecast_6138,2025-09-13 18:00:00,3592.1672619661076,3876.07092842437,3323.392751355333
forecast_6139,2025-09-13 19:00:00,3636.780034597713,3485.2119341082525,2657.6913677577254
forecast_6140,2025-09-13 20:00:00,3247.963445600869,3436.982510634358,3475.3454450229738
forecast_6141,2025-09-13 21:00:00,2686.9849991441024,2676.7707426449165,3402.899025789871
forecast_6142,2025-09-13 22:00:00,3156.426239636427,2690.8298189033762,3299.184318655376
forecast_6143,2025-09-13 23:00:00,2700.217793851132,2826.328053484012,2201.080613169844
forecast_6144,2025-09-14 00:00:00,2885.6454215594817,2904.523670317926,2471.9491840170044
forecast_6145,2025-09-14 01:00:00,3796.68801426808,3136.4591675895326,2625.2708020820633
forecast_6146,2025-09-14 02:00:00,2883.2794261838135,3223.47124132444,3525.3141467998603
forecast_6147,2025-09-14 03:00:00,2833.9271235509495,2866.1835437313107,2499.9381032487518
forecast_6148,2025-09-14 04:00:00,3601.1902450464736,3072.2004697655716,2467.1598125504947
forecast_6149,2025-09-14 05:00:00,3547.032457290854,3322.355032838075,2755.8165219894995
forecast_6150,2025-09-14 06:00:00,3813.8245534958132,3491.1140696162956,2249.2007017153933
forecast_6151,2025-09-14 07:00:00,3715.3119560363393,3535.6527586271905,2981.957207014585
forecast_6152,2025-09-14 08:00:00,3771.3362588455175,3694.535652601973,3795.000938353435
forecast_6153,2025-09-14 09:00:00,3847.3112763322215,4006.977052999634,3043.8605882118513
forecast_6154,2025-09-14 10:00:00,3795.634680559224,3843.2134842837095,3474.634035187458
forecast_6155,2025-09-14 11:00:00,4660.896386542863,4009.5789515379215,3214.9666135872667
forecast_6156,2025-09-14 12:00:00,3921.3272837558916,3666.4861886038516,3129.0043435993266
forecast_6157,2025-09-14 13:00:00,3796.9180402622824,3916.170830454749,3180.0504669540333
forecast_6158,2025-09-14 14:00:00,3886.6551809262837,3834.0628433333595,3062.849557363674
forecast_6159,2025-09-14 15:00:00,3668.0029963019456,3480.498150955405,3172.753350057219
forecast_6160,2025-09-14 16:00:00,3528.889244728377,3645.157156269609,3323.2993036592356
forecast_6161,2025-09-14 17:00:00,3876.945571902851,4138.856043976372,3434.7772595983906
forecast_6162,2025-09-14 18:00:00,5089.1907288733255,5869.209568117007,4946.004762269202
forecast_6163,2025-09-14 19:00:00,8823.644795705979,7139.614482989966,5163.379783982009
forecast_6164,2025-09-14 20:00:00,9155.70759680115,9225.073098047267,6572.7570292101
forecast_6165,2025-09-14 21:00:00,11678.946373913228,11540.216413561537,7753.360459863016
forecast_6166,2025-09-14 22:00:00,14023.86778337889,14106.696401437219,10911.21069168168
forecast_6167,2025-09-14 23:00:00,18537.930621181993,15780.596367275544,12831.739967092082
forecast_6168,2025-09-15 00:00:00,18872.504314576207,15236.149604880442,12939.611482303382
forecast_6169,2025-09-15 01:00:00,14909.463838944044,14833.137359173325,12084.111293804996
forecast_6170,2025-09-15 02:00:00,13945.745046013277,15118.650101075085,11411.548270450567
forecast_6171,2025-09-15 03:00:00,13390.428751570904,14341.757003187022,10483.627719569382
forecast_6172,2025-09-15 04:00:00,11710.420597063927,12093.427395623617,9320.732375255784
forecast_6173,2025-09-15 05:00:00,9356.317504730236,11790.097189466882,7692.116259607885
forecast_6174,2025-09-15 06:00:00,9663.025542972162,9247.253213180862,5787.311930265128
forecast_6175,2025-09-15 07:00:00,6459.05221417875,5554.9512375336,4145.620851337594
forecast_6176,2025-09-15 08:00:00,3957.813933205342,3875.304133649832,3840.7044440713216
forecast_6177,2025-09-15 09:00:00,3549.1517499640595,3518.205553298528,3019.3445111062574
forecast_6178,2025-09-15 10:00:00,3826.565643437051,3808.125015643045,2190.319790152347
forecast_6179,2025-09-15 11:00:00,3385.554168014203,3358.645034572445,2209.882046901212
forecast_6180,2025-09-15 12:00:00,3418.018288179233,3564.1247766045244,3333.2591553881243
forecast_6181,2025-09-15 13:00:00,3731.9172116462046,3428.16925473767,3415.0748521082187
forecast_6182,2025-09-15 14:00:00,2871.372756504686,3559.1429392860514,3503.744363750069
forecast_6183,2025-09-15 15:00:00,7559.9488334176995,3107.8598755116323,3726.420012273405
forecast_6184,2025-09-15 16:00:00,3799.772967324507,3341.4583926911127,3621.616058512015
forecast_6185,2025-09-15 17:00:00,3477.7182398577934,3678.2190389518696,3231.326461885492
forecast_6186,2025-09-15 18:00:00,4507.565574310198,4348.654147335699,3410.3622604333905
forecast_6187,2025-09-15 19:00:00,4956.43113049869,6446.133528379575,3807.3274200037845
forecast_6188,2025-09-15 20:00:00,5910.887084385807,5931.332203299302,4120.525044425652
forecast_6189,2025-09-15 21:00:00,5822.8550092015075,5903.806846413852,4502.820503831723
forecast_6190,2025-09-15 22:00:00,5138.501901144448,5124.883170713982,3777.9751116329157
forecast_6191,2025-09-15 23:00:00,4922.964356102415,4890.930705894051,3831.9093254921754
forecast_6192,2025-09-16 00:00:00,4607.249703204823,4470.610741304223,3667.709995169648
forecast_6193,2025-09-16 01:00:00,9676.170771439862,9879.753905515154,6427.882807188287
forecast_6194,2025-09-16 02:00:00,9949.508603049891,10128.93637485083,6560.650305727955
forecast_6195,2025-09-16 03:00:00,10310.280903134259,10471.370161768038,7048.5579152862665
forecast_6196,2025-09-16 04:00:00,12503.94971394444,11026.883118648311,7376.904327984997
forecast_6197,2025-09-16 05:00:00,11985.126326126523,11974.897165595114,8616.92604929506
forecast_6198,2025-09-16 06:00:00,12298.874328627753,12739.366329688803,8801.089437939036
forecast_6199,2025-09-16 07:00:00,11746.421773210091,12178.878449014917,7785.878894655632
forecast_6200,2025-09-16 08:00:00,10945.212801215792,10320.909852164652,6145.474666411176
forecast_6201,2025-09-16 09:00:00,8643.793973664118,8374.759003723531,4722.301358336983
forecast_6202,2025-09-16 10:00:00,7280.651037514632,7405.551210084594,4709.7195922308665
forecast_6203,2025-09-16 11:00:00,5976.331124268038,7428.666450773346,4519.00987910239
forecast_6204,2025-09-16 12:00:00,4952.938525033621,5176.1011764762825,4998.240436382347
forecast_6205,2025-09-16 13:00:00,5247.85677597505,5600.545956928157,5796.738689911169
forecast_6206,2025-09-16 14:00:00,5690.735556808254,6760.827873659781,5336.209204464643
forecast_6207,2025-09-16 15:00:00,5763.551138128012,6307.139290335375,5991.743974288444
forecast_6208,2025-09-16 16:00:00,5503.056908751832,6053.255046582412,5926.426570462552
forecast_6209,2025-09-16 17:00:00,6421.827056657691,6512.639237245419,6180.117296205841
forecast_6210,2025-09-16 18:00:00,6593.77946841612,7107.340789780763,6089.949994791201
forecast_6211,2025-09-16 19:00:00,7058.121677830229,7785.55665623517,7684.287747086507
forecast_6212,2025-09-16 20:00:00,10029.511002151788,11993.091071342575,7713.960706578611
forecast_6213,2025-09-16 21:00:00,9902.588088214154,12124.587522059548,7869.786275483128
forecast_6214,2025-09-16 22:00:00,9928.651791635322,9996.620603591435,9351.735571841846
forecast_6215,2025-09-16 23:00:00,10046.84917878415,10029.973859972886,8768.945608283477
forecast_6216,2025-09-17 00:00:00,8229.968057728025,10228.173381496423,8919.322908222577
forecast_6217,2025-09-17 01:00:00,13500.336320536293,15932.39336488383,15425.899745775678
forecast_6218,2025-09-17 02:00:00,14395.487812671347,16282.270759883137,17012.90251990617
forecast_6219,2025-09-17 03:00:00,15358.362732234846,18032.38798285588,17875.829732990005
forecast_6220,2025-09-17 04:00:00,15120.618982552782,17054.154824585137,17718.029984499182
forecast_6221,2025-09-17 05:00:00,15192.324818790305,17010.400498276427,17114.900797666953
forecast_6222,2025-09-17 06:00:00,13574.162788908365,15287.544684412025,16949.449808593552
forecast_6223,2025-09-17 07:00:00,11627.661321389218,14070.046014693846,11225.58167497463
forecast_6224,2025-09-17 08:00:00,8553.216095183869,8858.425447120375,8292.108217370644
forecast_6225,2025-09-17 09:00:00,6390.138464322475,7700.1202324643655,5605.456671206078
forecast_6226,2025-09-17 10:00:00,4603.456158242578,4983.92746016164,4948.545617947221
forecast_6227,2025-09-17 11:00:00,3974.4661492193377,3909.631216879251,3916.336742887766
forecast_6228,2025-09-17 12:00:00,3338.1887470987544,3313.8256425850504,3799.7827036735443
forecast_6229,2025-09-17 13:00:00,3483.581557957872,3754.070193408777,3728.612961410448
forecast_6230,2025-09-17 14:00:00,4636.23488417065,5179.6427497647255,3668.863427245515
forecast_6231,2025-09-17 15:00:00,4814.5552570538875,5094.2071873356,3588.692607558585
forecast_6232,2025-09-17 16:00:00,4312.6716825684025,4795.453314830712,3767.0150130953384
forecast_6233,2025-09-17 17:00:00,3430.532885663063,3520.3451870518893,3933.6513265208637
forecast_6234,2025-09-17 18:00:00,3929.2735412435322,3536.3177899530524,3364.8383318249403
forecast_6235,2025-09-17 19:00:00,3630.3439384599633,3582.528885924118,3479.218760860337
forecast_6236,2025-09-17 20:00:00,2981.1711832653764,3157.2032087095286,3227.2944090271003
forecast_6237,2025-09-17 21:00:00,3697.4588117028793,3347.526752777338,3885.185644779668
forecast_6238,2025-09-17 22:00:00,3363.6141440544175,3388.6846813408,3556.7423972326874
forecast_6239,2025-09-17 23:00:00,3661.2818627203114,3633.873894776966,3320.259879000383
forecast_6240,2025-09-18 00:00:00,4126.801163566569,3578.5212180185454,2724.351873373095
forecast_6241,2025-09-18 01:00:00,2833.6600062355037,3201.2064030395804,3130.029553399785
forecast_6242,2025-09-18 02:00:00,2647.2374705706206,3408.966573152263,2210.9776346165727
forecast_6243,2025-09-18 03:00:00,2817.435174356677,3274.559662557253,2620.316738777784
forecast_6244,2025-09-18 04:00:00,2891.168408931685,3076.056442500949,2250.837031551316
forecast_6245,2025-09-18 05:00:00,2798.525394446024,3115.425462851154,2556.5570297253244
forecast_6246,2025-09-18 06:00:00,3518.6214272349625,3877.083354964797,3145.74267789021
forecast_6247,2025-09-18 07:00:00,3441.3568473039927,3888.388336294566,3340.214160879695
forecast_6248,2025-09-18 08:00:00,3749.180806977311,4233.941709407629,3278.4260391461453
forecast_6249,2025-09-18 09:00:00,3662.9245575274517,4127.876770611716,3353.4961367069814
forecast_6250,2025-09-18 10:00:00,3447.648301459864,3941.1616817518357,3363.0687318388136
forecast_6251,2025-09-18 11:00:00,3445.659220666112,3993.894432392688,3277.4692431025646
forecast_6252,2025-09-18 12:00:00,3456.998267797961,3545.56385943492,3036.3720173398947
forecast_6253,2025-09-18 13:00:00,3215.638586123382,3323.234580944293,2859.401348604211
forecast_6254,2025-09-18 14:00:00,3189.753918956199,3452.0793093535426,2627.6907507190476
forecast_6255,2025-09-18 15:00:00,3490.807803510852,3396.0392933045136,3384.9878234378502
forecast_6256,2025-09-18 16:00:00,2966.098223585076,3409.401217511595,3388.9056342022495
forecast_6257,2025-09-18 17:00:00,3264.4800140363295,3220.1305375473776,2954.9747133274905
forecast_6258,2025-09-18 18:00:00,3297.352581008444,3568.674714123759,2981.986098312928
forecast_6259,2025-09-18 19:00:00,3408.1653709088287,3649.1687877155628,2772.428450171051
forecast_6260,2025-09-18 20:00:00,3430.99434250088,3462.0374708517948,2809.9608281948144
forecast_6261,2025-09-18 21:00:00,3440.2075813303222,3509.3392165407063,2930.536801619113
forecast_6262,2025-09-18 22:00:00,3337.445918289729,3401.988275730441,2863.018553531143
forecast_6263,2025-09-18 23:00:00,3480.2832219435813,3629.4204417473875,2870.9259852622863
forecast_6264,2025-09-19 00:00:00,3318.62532029258,3464.862721591279,2850.4573110517326
forecast_6265,2025-09-19 01:00:00,3098.5138846845925,3754.071121606841,2712.827424651531
forecast_6266,2025-09-19 02:00:00,3064.4577664627645,3788.735958171157,2715.2074807509525
forecast_6267,2025-09-19 03:00:00,3180.95193530707,3438.869168185448,2557.3187508128617
forecast_6268,2025-09-19 04:00:00,2795.314840403776,3263.3509676556346,2533.68784738261
forecast_6269,2025-09-19 05:00:00,3056.9738875342387,3436.078965385657,2353.576113879889
forecast_6270,2025-09-19 06:00:00,3414.0846804206394,3276.0961414671287,2515.798886453792
forecast_6271,2025-09-19 07:00:00,3412.827971041025,2960.7815444139183,2463.142644238224
forecast_6272,2025-09-19 08:00:00,3332.887526495602,3584.0821180938287,2470.427260515907
forecast_6273,2025-09-19 09:00:00,3648.4439919024417,3464.902477449974,2528.4237836014877
forecast_6274,2025-09-19 10:00:00,4141.183787483966,3529.4764807535184,2190.056862955806
forecast_6275,2025-09-19 11:00:00,3582.662097846701,2819.158212951701,261.34708926188137
forecast_6276,2025-09-19 12:00:00,3477.534395276672,2529.649535415253,192.9109271972449
forecast_6277,2025-09-19 13:00:00,2829.8819354982106,285.7872050674002,149.29307404671215
forecast_6278,2025-09-19 14:00:00,270.78205733236905,261.4104511607677,146.7419592838312
forecast_6279,2025-09-19 15:00:00,201.31467249900095,196.80950031883026,104.86878749343438
forecast_6280,2025-09-19 16:00:00,5066.177075217433,6154.755316813992,3772.501187281654
forecast_6281,2025-09-19 17:00:00,330.14757663491537,317.3700168887019,83.7747142727525
forecast_6282,2025-09-19 18:00:00,2932.059923818897,3150.8400831759527,3039.018410436583
forecast_6283,2025-09-19 19:00:00,3793.877914937024,3300.5786499065734,3267.7224483235846
forecast_6284,2025-09-19 20:00:00,3438.9095527760005,3398.257157959203,3171.459961911984
forecast_6285,2025-09-19 21:00:00,3385.2532518886474,3608.685394862621,3347.180013752517
forecast_6286,2025-09-19 22:00:00,3459.0107678144454,3793.698415989774,4008.1664190435617
forecast_6287,2025-09-19 23:00:00,3883.641072345878,4184.394263589018,3764.1443320009857
forecast_6288,2025-09-20 00:00:00,4016.075331619626,4651.425984311865,3514.997068887996
forecast_6289,2025-09-20 01:00:00,6065.275200559136,7419.76752827673,4108.513928384399
forecast_6290,2025-09-20 02:00:00,5878.048733969173,6753.206198039094,4094.510917067865
forecast_6291,2025-09-20 03:00:00,5891.880434740803,6747.593403415631,3912.559902560098
forecast_6292,2025-09-20 04:00:00,5162.03586659365,6159.829554210646,3651.6078593567217
forecast_6293,2025-09-20 05:00:00,5463.554692051324,6587.514460506499,3808.127203316676
forecast_6294,2025-09-20 06:00:00,5365.51466876134,7036.135592086655,3782.024422500014
forecast_6295,2025-09-20 07:00:00,4950.846679312912,6428.482365178894,3774.217283145075
forecast_6296,2025-09-20 08:00:00,4166.798497809228,4301.922461406086,3453.9458631082784
forecast_6297,2025-09-20 09:00:00,3464.237523265499,3634.4685239046253,3225.993735447856
forecast_6298,2025-09-20 10:00:00,3134.9900132268713,3240.8542808363572,2596.5152040759385
forecast_6299,2025-09-20 11:00:00,2762.073128547819,3536.8770457976975,2753.6182502777824
forecast_6300,2025-09-20 12:00:00,3426.1023362058404,3542.905400272676,2827.897910295501
forecast_6301,2025-09-20 13:00:00,3846.0638127971597,3893.777488823089,3361.2133872052773
forecast_6302,2025-09-20 14:00:00,4079.188248181894,4575.550107583926,3401.6298667570027
forecast_6303,2025-09-20 15:00:00,3657.8816786071775,3828.3533260080885,3213.4707712641934
forecast_6304,2025-09-20 16:00:00,3558.041189798326,3330.711713957754,3097.578274271607
forecast_6305,2025-09-20 17:00:00,3389.125888694379,3385.0323469365844,2941.5706676994128
forecast_6306,2025-09-20 18:00:00,3480.096873181174,3738.712976283726,3357.2891254660017
forecast_6307,2025-09-20 19:00:00,3157.1983153609835,3507.529240884761,3332.644315927541
forecast_6308,2025-09-20 20:00:00,3744.5026351348824,3668.793674598623,3102.368463678815
forecast_6309,2025-09-20 21:00:00,3819.9282954913797,4016.0516418753245,3243.985920982936
forecast_6310,2025-09-20 22:00:00,3856.483492610383,4201.418599776305,3087.2353132540156
forecast_6311,2025-09-20 23:00:00,4078.91258505162,4568.858836325968,3426.067864233433
forecast_6312,2025-09-21 00:00:00,4081.009759212017,4544.285040686034,3409.526785558369
forecast_6313,2025-09-21 01:00:00,4340.604174405042,5241.468756712127,3707.83701880743
forecast_6314,2025-09-21 02:00:00,4409.705306329097,4993.627284846453,3789.409878558057
forecast_6315,2025-09-21 03:00:00,3887.750237162007,4443.519101243238,3441.384599208176
forecast_6316,2025-09-21 04:00:00,3763.0930058520275,4118.379696820762,3401.0751089020932
forecast_6317,2025-09-21 05:00:00,4007.423534924419,4411.965788638436,3276.833403753344
forecast_6318,2025-09-21 06:00:00,4091.9142252974916,4650.087399805969,3647.954942105742
forecast_6319,2025-09-21 07:00:00,4005.3209859810695,4837.825688017218,3521.6205388216076
forecast_6320,2025-09-21 08:00:00,3959.4400488445867,4324.5150581807175,3513.122491260474
forecast_6321,2025-09-21 09:00:00,3317.96344390545,3879.0048244912114,2937.6107880276254
forecast_6322,2025-09-21 10:00:00,3093.9583074455504,3490.291368120091,2502.4379993698335
forecast_6323,2025-09-21 11:00:00,3241.977344507747,3531.49900588165,2866.449653152473
forecast_6324,2025-09-21 12:00:00,3478.6661232059178,3268.0172295435127,3563.4950361488172
forecast_6325,2025-09-21 13:00:00,3436.9190388330444,3515.604830980715,3755.194775095058
forecast_6326,2025-09-21 14:00:00,3814.3382377744156,3526.6781088429725,3758.325141397223
forecast_6327,2025-09-21 15:00:00,3547.660017094318,5513.364905971874,3638.8682734137574
forecast_6328,2025-09-21 16:00:00,3321.0748153885274,3551.993817871559,3697.0860395928594
forecast_6329,2025-09-21 17:00:00,2773.5786733087125,3291.712897711924,3496.804822724547
forecast_6330,2025-09-21 18:00:00,2690.51069730365,3347.100573591425,2977.7815799874043
forecast_6331,2025-09-21 19:00:00,3070.022637246646,3470.156408998152,2634.6700587029995
forecast_6332,2025-09-21 20:00:00,3750.353435141076,3967.0765080995075,3142.280122506868
forecast_6333,2025-09-21 21:00:00,4164.11537486871,4435.908078718836,3463.941491092819
forecast_6334,2025-09-21 22:00:00,5038.550195032173,5775.041603298419,3743.2426128507896
forecast_6335,2025-09-21 23:00:00,5150.3326979949325,5860.403863542384,3744.113219211214
forecast_6336,2025-09-22 00:00:00,5187.813401086171,6218.974847282996,3797.525754328768
forecast_6337,2025-09-22 01:00:00,5079.597840031883,5315.506543758901,3458.3612234982947
forecast_6338,2025-09-22 02:00:00,5687.344503636728,6322.229403073937,3773.3933595649664
forecast_6339,2025-09-22 03:00:00,5314.705543064341,6445.084537694305,3759.100832380078
forecast_6340,2025-09-22 04:00:00,6394.041638165522,7139.798001002867,3770.722099205648
forecast_6341,2025-09-22 05:00:00,6074.3708836035985,5699.863443738232,3851.7275285779324
forecast_6342,2025-09-22 06:00:00,5857.500278415145,6396.90549066191,3793.146684668058
forecast_6343,2025-09-22 07:00:00,5315.534799226735,6695.936561992656,3782.0338173841574
forecast_6344,2025-09-22 08:00:00,4943.929111472316,6556.5555948754745,3730.8970477534676
forecast_6345,2025-09-22 09:00:00,4765.078631978622,5795.164687811135,3913.4718881259955
forecast_6346,2025-09-22 10:00:00,4567.719874739331,5932.431245848638,3865.8949063660384
forecast_6347,2025-09-22 11:00:00,4376.691823180921,5072.739592626394,3893.0527323297006
forecast_6348,2025-09-22 12:00:00,3860.075386825137,4161.524654625802,3480.4139165919128
forecast_6349,2025-09-22 13:00:00,3809.7320901101407,3892.2864144378686,3472.297905169089
forecast_6350,2025-09-22 14:00:00,3752.59519333745,3809.513786940357,3346.7310503795798
forecast_6351,2025-09-22 15:00:00,3597.795571081145,3492.113039582403,3277.608879411921
forecast_6352,2025-09-22 16:00:00,3825.572967745501,3475.673922450719,3336.4415214836154
forecast_6353,2025-09-22 17:00:00,3736.5425194218433,3436.8691566075245,3266.6185398628586
forecast_6354,2025-09-22 18:00:00,3477.359059911101,3529.7588515707257,2847.0939676345265
forecast_6355,2025-09-22 19:00:00,3260.195404969142,3624.390255990643,3010.7242265136956
forecast_6356,2025-09-22 20:00:00,3442.911238354805,3847.679734729036,2825.7850953885895
forecast_6357,2025-09-22 21:00:00,3772.7869705690828,3846.925848054931,3217.828121603209
forecast_6358,2025-09-22 22:00:00,3871.5557131794794,4007.356557771938,3305.2152740806987
forecast_6359,2025-09-22 23:00:00,3890.744873254491,3881.236127022278,2873.0732091833497
forecast_6360,2025-09-23 00:00:00,3867.5216642403675,3874.797668330329,3372.066336515613
forecast_6361,2025-09-23 01:00:00,2947.3263736121653,2798.8885172277123,2863.9560365396023
forecast_6362,2025-09-23 02:00:00,2677.7999079109018,2906.748092267151,2751.610927312524
forecast_6363,2025-09-23 03:00:00,2638.165124552757,3125.8467410991702,2850.766862467776
forecast_6364,2025-09-23 04:00:00,2857.7457226340166,3212.338471079369,2429.12463890282
forecast_6365,2025-09-23 05:00:00,3223.831944053958,3383.4302028214775,2369.7269113698003
forecast_6366,2025-09-23 06:00:00,3317.9549701302153,3143.4253418363905,2386.2615413802596
forecast_6367,2025-09-23 07:00:00,3272.0770365743465,3389.770737333154,2340.8658296376802
forecast_6368,2025-09-23 08:00:00,3410.6826145279233,3460.455752031059,2392.45070242377
forecast_6369,2025-09-23 09:00:00,3056.244336591707,3382.056358116828,2606.1073261122706
forecast_6370,2025-09-23 10:00:00,3071.4688688820042,3549.0348101610757,3350.705535081751
forecast_6371,2025-09-23 11:00:00,2871.2105917561375,3703.0535097031307,3386.5249353242934
forecast_6372,2025-09-23 12:00:00,3115.7113290735897,3353.060876602542,3416.9046614990443
forecast_6373,2025-09-23 13:00:00,3491.1334786458233,3804.9988264638205,3678.2356504516974
forecast_6374,2025-09-23 14:00:00,3377.708745101525,3731.933373494362,3309.0368894670746
forecast_6375,2025-09-23 15:00:00,3308.602378806393,3666.129996429151,3650.350152359635
forecast_6376,2025-09-23 16:00:00,2957.4283238342227,3667.5172840952405,3107.232013826493
forecast_6377,2025-09-23 17:00:00,2749.4685035041202,3706.7379250510494,3095.114166080448
forecast_6378,2025-09-23 18:00:00,3371.3741074283,3857.8590632909645,2614.7958495006937
forecast_6379,2025-09-23 19:00:00,3361.459514467155,3465.283872930586,2230.6411622058877
forecast_6380,2025-09-23 20:00:00,3123.359815331024,3342.9191949183114,2293.991700391529
forecast_6381,2025-09-23 21:00:00,3250.5266729092145,2993.2269267463744,2364.780507786938
forecast_6382,2025-09-23 22:00:00,3411.1586372565766,3399.2951349213618,2867.5576151951877
forecast_6383,2025-09-23 23:00:00,3596.4638260055117,3401.61733719723,2870.2142063025876
forecast_6384,2025-09-24 00:00:00,3452.002596871711,3591.9907749257704,2867.339726418857
forecast_6385,2025-09-24 01:00:00,3505.3679332187503,3495.9889310231774,3509.2745212336195
forecast_6386,2025-09-24 02:00:00,3778.9336120215926,3787.483679316986,3734.426891166383
forecast_6387,2025-09-24 03:00:00,4027.5215994115124,3880.633471258497,3606.7495778767966
forecast_6388,2025-09-24 04:00:00,4903.344548061642,4109.540827219846,3562.5155984332587
forecast_6389,2025-09-24 05:00:00,4626.797185975348,4991.1145187469965,3775.01849281059
forecast_6390,2025-09-24 06:00:00,4572.501540359606,5147.807444218761,3731.580604061995
forecast_6391,2025-09-24 07:00:00,4693.0110378080135,4755.732896501928,3794.5300626248254
forecast_6392,2025-09-24 08:00:00,3922.3934299004586,4250.9227529605305,3765.4932339400366
forecast_6393,2025-09-24 09:00:00,4121.06359351287,4583.1578701531735,3779.727326429759
forecast_6394,2025-09-24 10:00:00,4705.308061976952,5921.376519233638,4572.306355331681
forecast_6395,2025-09-24 11:00:00,6214.840030897507,7894.863310054306,5518.890857600861
forecast_6396,2025-09-24 12:00:00,7020.6863139276065,9039.73430813776,6941.479735698681
forecast_6397,2025-09-24 13:00:00,7803.603215141535,10209.412283981463,7773.191283762999
forecast_6398,2025-09-24 14:00:00,8368.88678832605,10537.215949300538,9149.676342695126
forecast_6399,2025-09-24 15:00:00,7509.5470062620625,9985.27523249813,8827.898658579892
forecast_6400,2025-09-24 16:00:00,7689.205423218809,9417.809805475536,8238.111134290546
forecast_6401,2025-09-24 17:00:00,7234.082518087393,8150.655334011412,6814.777414735868
forecast_6402,2025-09-24 18:00:00,7294.596961668221,8052.867405915456,8515.180674628726
forecast_6403,2025-09-24 19:00:00,7974.359151467849,10869.649931644542,9508.774605782577
forecast_6404,2025-09-24 20:00:00,9394.526292258526,10777.330150272935,11621.726194244779
forecast_6405,2025-09-24 21:00:00,11534.300347399894,14000.820860559706,13230.634839007018
forecast_6406,2025-09-24 22:00:00,12968.37955015159,15143.130390949673,15061.314326999149
forecast_6407,2025-09-24 23:00:00,13799.327387712881,16919.00927130535,16503.55369315875
forecast_6408,2025-09-25 00:00:00,13542.302790934207,16372.84899621262,16694.958794499904
forecast_6409,2025-09-25 01:00:00,16036.942239814964,18329.043825865127,17172.701294560044
forecast_6410,2025-09-25 02:00:00,16006.25081172513,18156.020055475292,17410.23181041259
forecast_6411,2025-09-25 03:00:00,15978.168309368179,18075.76096279144,16848.819797513002
forecast_6412,2025-09-25 04:00:00,15641.957271252644,17384.288751862226,16753.368967048926
forecast_6413,2025-09-25 05:00:00,14858.61562635358,17303.057833198756,16099.516088139097
forecast_6414,2025-09-25 06:00:00,14819.198277685899,16581.19547134777,15112.786485053019
forecast_6415,2025-09-25 07:00:00,13963.83042252284,15570.352473969875,13946.74264363714
forecast_6416,2025-09-25 08:00:00,13539.195379436773,15572.077878560465,11883.747914932394
forecast_6417,2025-09-25 09:00:00,13149.071298146808,15549.711327581992,13668.130637183518
forecast_6418,2025-09-25 10:00:00,13565.121800363959,15672.770641905949,14461.179218504501
forecast_6419,2025-09-25 11:00:00,13437.07245809863,16890.950651675532,14203.999274492535
forecast_6420,2025-09-25 12:00:00,13467.81581224868,16107.125300056672,14355.909717735285
forecast_6421,2025-09-25 13:00:00,13122.741146152628,15794.531659488444,14009.353649750887
forecast_6422,2025-09-25 14:00:00,13589.890459016195,14725.848527319624,13126.943828363592
forecast_6423,2025-09-25 15:00:00,11747.854962870337,13959.28633795527,11127.102801419174
forecast_6424,2025-09-25 16:00:00,11428.438459822712,14711.317466427501,10786.045198328417
forecast_6425,2025-09-25 17:00:00,12346.128829978597,14396.313706147588,11700.023149827042
forecast_6426,2025-09-25 18:00:00,13035.640754973942,14939.914443048721,12983.000562096688
forecast_6427,2025-09-25 19:00:00,14129.951476838394,16212.307018808116,13412.56853339893
forecast_6428,2025-09-25 20:00:00,14952.714987168958,15963.445124098373,13397.153089411522
forecast_6429,2025-09-25 21:00:00,15467.726786211355,16300.635511466722,12376.852173097113
forecast_6430,2025-09-25 22:00:00,15610.955798553581,18023.63351479431,12037.543684379056
forecast_6431,2025-09-25 23:00:00,15611.829292106757,17720.834824482274,11600.749514743675
forecast_6432,2025-09-26 00:00:00,17576.042208403665,17485.254842309194,10057.349487645737
forecast_6433,2025-09-26 01:00:00,11026.494316883434,11426.403582671312,6924.233711172667
forecast_6434,2025-09-26 02:00:00,9029.042426634902,11209.54720600671,6541.168747104628
forecast_6435,2025-09-26 03:00:00,7933.206940480447,8885.04811346432,5421.863101650983
forecast_6436,2025-09-26 04:00:00,7169.334066966902,7120.085786152403,4278.636940762002
forecast_6437,2025-09-26 05:00:00,6914.678960172721,3891.435333100782,3770.718595413853
forecast_6438,2025-09-26 06:00:00,3857.6198014721213,3772.098028928061,3323.4826076304034
forecast_6439,2025-09-26 07:00:00,2895.0524448845845,3115.4746322373044,2946.3522886586593
forecast_6440,2025-09-26 08:00:00,2887.1005090476597,3832.6000994242777,2288.0862111971483
forecast_6441,2025-09-26 09:00:00,2550.143255891206,2996.6432368441065,84.96233759354936
forecast_6442,2025-09-26 10:00:00,3801.4975225332564,3133.258970394173,45.849351468958844
forecast_6443,2025-09-26 11:00:00,4210.936342838172,3116.8150904434187,37.40924053978634
forecast_6444,2025-09-26 12:00:00,3772.9796060136614,30.869971578365906,29.933531555616973
forecast_6445,2025-09-26 13:00:00,3770.5905241320215,2819.6911459227313,25.973918530180924
forecast_6446,2025-09-26 14:00:00,3786.8536646046514,2841.2184457104477,35.31110926898529
forecast_6447,2025-09-26 15:00:00,3785.4292848410896,2643.1647220925424,36.51907125821229
forecast_6448,2025-09-26 16:00:00,3786.1985893399424,2643.5590325656876,32.2523550130149
forecast_6449,2025-09-26 17:00:00,2564.4506915166776,2648.6431083622165,23.393639514695117
forecast_6450,2025-09-26 18:00:00,2584.519353886345,2654.7576727277246,25.74975674677728
forecast_6451,2025-09-26 19:00:00,2607.5007811182154,3320.880775471922,25.928174753453895
forecast_6452,2025-09-26 20:00:00,3266.437037363262,3001.112215003822,30.139017663553112
forecast_6453,2025-09-26 21:00:00,3258.9824061063455,3608.9054411950306,3294.2930021388906
forecast_6454,2025-09-26 22:00:00,3774.416863734829,5850.398319942661,3770.1265722310086
forecast_6455,2025-09-26 23:00:00,2744.709470882665,3126.9175675890865,2602.33715779081
forecast_6456,2025-09-27 00:00:00,2815.968024890902,3354.9746462474095,115.96467822852901
forecast_6457,2025-09-27 01:00:00,3236.4336249087355,3726.699345125477,3792.2670528259196
forecast_6458,2025-09-27 02:00:00,2747.267116824294,2618.4703027286164,2934.6081496779616
forecast_6459,2025-09-27 03:00:00,2750.8489854791874,3551.1257566533777,158.11457624829143
forecast_6460,2025-09-27 04:00:00,3790.7456046382686,3384.8463668001277,2204.9054223138946
forecast_6461,2025-09-27 05:00:00,3196.6387121621146,3393.0364751483603,2144.004747115681
forecast_6462,2025-09-27 06:00:00,3256.4055950860966,3383.595393981065,2243.0788616883624
forecast_6463,2025-09-27 07:00:00,3470.6721685297834,3512.8602174645553,3134.015780391043
forecast_6464,2025-09-27 08:00:00,3047.7664399200257,2598.608465226319,2439.9521862196466
forecast_6465,2025-09-27 09:00:00,3614.8191560689784,3330.284678004304,2383.964791167413
forecast_6466,2025-09-27 10:00:00,3115.2193957867125,3180.633732837361,284.1090338221488
forecast_6467,2025-09-27 11:00:00,4760.732094308238,3550.9336364506544,207.8797994125326
forecast_6468,2025-09-27 12:00:00,5728.754182551889,3831.3677067557705,6909.913941308488
forecast_6469,2025-09-27 13:00:00,5773.315774221167,3783.5871044003115,6792.854448490651
forecast_6470,2025-09-27 14:00:00,3269.0885186864175,3779.5526149954626,6692.910018380628
forecast_6471,2025-09-27 15:00:00,4493.013528030722,3670.4857384388915,4122.239264134199
forecast_6472,2025-09-27 16:00:00,6954.116066923223,6905.91148336177,4046.685866112247
forecast_6473,2025-09-27 17:00:00,4448.590033035464,6873.590520278169,4060.5426909535354
forecast_6474,2025-09-27 18:00:00,5498.439318450579,6793.6285750582365,3141.7681460985814
forecast_6475,2025-09-27 19:00:00,2885.9504357236347,3060.518860042472,3370.5284026304744
forecast_6476,2025-09-27 20:00:00,3098.992733304858,3114.2792028912468,7087.920702429586
forecast_6477,2025-09-27 21:00:00,3384.5469194945517,3354.880110746812,7192.75785894851
forecast_6478,2025-09-27 22:00:00,3626.9080317883763,3118.231540662665,3778.5493746848297
forecast_6479,2025-09-27 23:00:00,3857.4714709774726,3039.9287148236353,3870.2440218395986
forecast_6480,2025-09-28 00:00:00,3480.0782941016414,3205.6858998851308,3701.225413097211
forecast_6481,2025-09-28 01:00:00,4397.0738065403675,5499.227727484255,3714.016102452764
forecast_6482,2025-09-28 02:00:00,5467.022264039401,5582.068043200052,3802.945060278194
forecast_6483,2025-09-28 03:00:00,5749.848719989617,5806.783418149327,3858.336539883871
forecast_6484,2025-09-28 04:00:00,5736.882938439694,5819.010970762565,3950.444767016411
forecast_6485,2025-09-28 05:00:00,5462.380638885072,5642.711159920124,3695.8123122012803
forecast_6486,2025-09-28 06:00:00,4921.041694996702,4875.123420143925,3607.971638297975
forecast_6487,2025-09-28 07:00:00,4401.63372780568,4427.687780513304,3494.9053402101226
forecast_6488,2025-09-28 08:00:00,4680.064642979298,4160.1443664254675,3314.879982971358
forecast_6489,2025-09-28 09:00:00,3918.240663730271,4275.818401938534,3771.208180838345
forecast_6490,2025-09-28 10:00:00,4140.888017906014,4254.514396012704,3816.952976893198
forecast_6491,2025-09-28 11:00:00,3892.693294977149,4330.59553982442,3819.438910432602
forecast_6492,2025-09-28 12:00:00,3554.5099848132104,3862.069144959571,3713.2689932705657
forecast_6493,2025-09-28 13:00:00,3560.5731504951345,3601.2959480506647,3427.551463418583
forecast_6494,2025-09-28 14:00:00,3798.1041268354757,3873.172283011264,3975.4797841184363
forecast_6495,2025-09-28 15:00:00,4400.690305992606,5199.0109776461795,3759.8453502125917
forecast_6496,2025-09-28 16:00:00,5354.350115114809,5568.625018755453,3781.017740280521
forecast_6497,2025-09-28 17:00:00,5134.786186984638,5087.280132981729,3821.177430017825
forecast_6498,2025-09-28 18:00:00,4647.417474702734,4886.147229025997,3787.6875733711286
forecast_6499,2025-09-28 19:00:00,4905.65262941109,4371.188967772533,3739.0727619997947
forecast_6500,2025-09-28 20:00:00,4950.408716550284,5480.741758840553,3753.3419355004803
forecast_6501,2025-09-28 21:00:00,6933.678542834284,6179.800038109811,3853.3071747647346
forecast_6502,2025-09-28 22:00:00,7284.254580765082,7343.230820856271,4465.415415038191
forecast_6503,2025-09-28 23:00:00,5428.361963583113,5970.811556794959,4224.348704085446
forecast_6504,2025-09-29 00:00:00,5456.031355132083,5580.7506098095655,4387.942544460164
forecast_6505,2025-09-29 01:00:00,4275.063214414715,3858.918036937315,3384.996150677148
forecast_6506,2025-09-29 02:00:00,4271.243556470705,3891.106300956759,3315.1938053664544
forecast_6507,2025-09-29 03:00:00,4465.161110465032,3999.3166256081267,3410.1944864998704
forecast_6508,2025-09-29 04:00:00,4481.095986123548,4558.140812198943,3485.6241665918105
forecast_6509,2025-09-29 05:00:00,4165.6313162902925,3947.2448220279057,3315.553277401274
forecast_6510,2025-09-29 06:00:00,3553.5061482083825,3555.899656052572,3337.432767850832
forecast_6511,2025-09-29 07:00:00,3505.640762694286,3427.9047611394662,3076.6789566093157
forecast_6512,2025-09-29 08:00:00,4036.5914486593365,3890.313546344103,3163.4383446016427
forecast_6513,2025-09-29 09:00:00,3050.1088067221604,3688.0723346802383,2857.9361987885063
forecast_6514,2025-09-29 10:00:00,3824.2665690115987,3124.3992477492297,47.652068043903476
forecast_6515,2025-09-29 11:00:00,3773.5077424295023,3045.3886218384237,21.832476529441163
forecast_6516,2025-09-29 12:00:00,3747.496992226177,3126.942059269413,16.1074197560554
forecast_6517,2025-09-29 13:00:00,3772.9271819196324,2808.522289918944,31.678496379898814
forecast_6518,2025-09-29 14:00:00,78.96873868172813,89.96591330619916,67.85094147574432
forecast_6519,2025-09-29 15:00:00,163.49989814917808,181.68733524894685,125.57837972942404
forecast_6520,2025-09-29 16:00:00,3308.4435066761407,2272.632044636726,126.40540396166996
forecast_6521,2025-09-29 17:00:00,2848.5575027304685,2461.8229588034083,91.80851382427943
forecast_6522,2025-09-29 18:00:00,3656.897020085611,3051.3849385755066,3719.9183518812897
forecast_6523,2025-09-29 19:00:00,5234.860844269624,3225.890525457702,3122.61096315551
forecast_6524,2025-09-29 20:00:00,3573.0998528891323,3037.241371831195,3555.565528082266
forecast_6525,2025-09-29 21:00:00,3848.302573219542,7269.220530033399,4704.16995979075
forecast_6526,2025-09-29 22:00:00,3808.59401716409,3748.429997534725,3402.408062265634
forecast_6527,2025-09-29 23:00:00,4119.248402200243,3459.476302220636,3488.3286114981374
forecast_6528,2025-09-30 00:00:00,4123.639607570862,3908.9960175063597,2904.4500622133482
forecast_6529,2025-09-30 01:00:00,3854.2596188606394,3760.3443937810243,3473.22726478902
forecast_6530,2025-09-30 02:00:00,3709.0378376915155,3654.117869478558,3184.9075657100766
forecast_6531,2025-09-30 03:00:00,3776.4578941440664,3662.0197825562354,3386.719430803748
forecast_6532,2025-09-30 04:00:00,3857.5487328897207,3731.142017305637,3231.1614263501633
forecast_6533,2025-09-30 05:00:00,3902.60690028025,3779.8318081166717,3456.673884812076
forecast_6534,2025-09-30 06:00:00,3839.7012435796296,3727.5017583695217,3094.805943139828
forecast_6535,2025-09-30 07:00:00,3220.7469592822918,3412.753491519655,2955.2678132631713
forecast_6536,2025-09-30 08:00:00,3716.197277917714,3402.0230531925117,3522.346953301151
forecast_6537,2025-09-30 09:00:00,3553.006725294197,3335.0169739507055,3466.6605790676667
forecast_6538,2025-09-30 10:00:00,4073.9091903097215,3557.0265081403445,2156.9370303402084
forecast_6539,2025-09-30 11:00:00,3350.7568584495357,3472.274769206682,2790.2157113114804
forecast_6540,2025-09-30 12:00:00,2829.145617139826,3499.3093688552617,3604.231362030784
forecast_6541,2025-09-30 13:00:00,3726.302929924057,3602.2204721547732,3541.8939352555217
forecast_6542,2025-09-30 14:00:00,3829.6496882972356,3544.8562169148563,3527.038496695155
forecast_6543,2025-09-30 15:00:00,3575.44151852181,2676.8777634744692,3758.8308515700564
forecast_6544,2025-09-30 16:00:00,3602.90962658839,3609.2502335199747,3214.739143660235
forecast_6545,2025-09-30 17:00:00,4410.748235842313,3733.18671704513,3780.5447498978933
forecast_6546,2025-09-30 18:00:00,3866.154005393242,3862.2087333922927,3755.4130963587786
forecast_6547,2025-09-30 19:00:00,3939.09519449195,3900.2130207718724,3544.350590324802
forecast_6548,2025-09-30 20:00:00,4680.308114383661,4664.4673321392,3688.705433317248
forecast_6549,2025-09-30 21:00:00,5759.31477237522,5443.5992145430655,3770.441653650563
forecast_6550,2025-09-30 22:00:00,6277.553407661833,6056.10127007947,4248.544190295061
forecast_6551,2025-09-30 23:00:00,6285.563230347019,8130.186614028603,4167.287604618513
forecast_6552,2025-10-01 00:00:00,8568.040007924668,8523.061246617204,4265.9127611598
forecast_6553,2025-10-01 01:00:00,9115.40410743371,7241.921227040811,5833.137392023732
forecast_6554,2025-10-01 02:00:00,8065.502798598634,7504.478899923003,5807.6726467885355
forecast_6555,2025-10-01 03:00:00,8576.102691464428,9347.853346871258,6318.929172582693
forecast_6556,2025-10-01 04:00:00,8736.213937390392,9204.182478708355,6232.152698288032
forecast_6557,2025-10-01 05:00:00,8811.129268197084,9854.641971041041,6197.137607290787
forecast_6558,2025-10-01 06:00:00,9147.081200763783,8980.19863589575,5723.421764141948
forecast_6559,2025-10-01 07:00:00,6454.911179489415,7493.91978129931,4191.709873583657
forecast_6560,2025-10-01 08:00:00,4732.564817822595,4630.002384205606,3775.424137107093
forecast_6561,2025-10-01 09:00:00,4370.524717402289,4099.240683230766,3460.6181125960784
forecast_6562,2025-10-01 10:00:00,3642.241043271958,3425.057412082488,3153.5575089610566
forecast_6563,2025-10-01 11:00:00,3849.6443615712014,3160.447901222335,3366.1348412828347
forecast_6564,2025-10-01 12:00:00,2964.31309061959,2734.1373557684406,2410.679271681102
forecast_6565,2025-10-01 13:00:00,3538.354613383437,3040.7030689766384,3784.929630887505
forecast_6566,2025-10-01 14:00:00,3608.192892919233,2931.3677840200057,3575.6249895106184
forecast_6567,2025-10-01 15:00:00,3652.666262121732,3055.596085490934,2723.401539041858
forecast_6568,2025-10-01 16:00:00,3413.0247705148136,3158.611136236557,2827.3586617096066
forecast_6569,2025-10-01 17:00:00,3949.056624724647,3994.0098992200237,3400.576372581896
forecast_6570,2025-10-01 18:00:00,3850.2406736873954,3739.878593114766,4146.475668729441
forecast_6571,2025-10-01 19:00:00,5063.524215201928,5152.627619103987,3719.1052155904963
forecast_6572,2025-10-01 20:00:00,5895.583058418062,5941.414620217674,4722.614439965551
forecast_6573,2025-10-01 21:00:00,5202.992425661206,5910.139577694759,4462.035888961957
forecast_6574,2025-10-01 22:00:00,5252.785900134385,5835.6774847039005,3789.5733460909833
forecast_6575,2025-10-01 23:00:00,5574.722946854063,5530.558112384538,3735.402835270339
forecast_6576,2025-10-02 00:00:00,5036.272101262983,6029.384868146748,3804.4744772335475
forecast_6577,2025-10-02 01:00:00,7411.398796521917,7363.617691520737,5116.214924502326
forecast_6578,2025-10-02 02:00:00,6793.736939323497,6874.186950756156,4131.851107007582
forecast_6579,2025-10-02 03:00:00,5739.48220783886,5843.055832860039,3571.2651859449034
forecast_6580,2025-10-02 04:00:00,4391.807800457205,4508.6799202108305,3482.4034704725336
forecast_6581,2025-10-02 05:00:00,3797.1964413250194,3719.0219080817847,3359.5130029465
forecast_6582,2025-10-02 06:00:00,3381.369221486757,3506.8196162873073,3443.964391329683
forecast_6583,2025-10-02 07:00:00,3898.5840444579235,3273.682462034456,3131.5565025630776
forecast_6584,2025-10-02 08:00:00,3189.676599109497,2968.3310142759947,2480.356553115031
forecast_6585,2025-10-02 09:00:00,3104.6948614818843,4232.12057258576,2205.256469315434
forecast_6586,2025-10-02 10:00:00,47.49613683037066,57.057832786374405,41.17677932939573
forecast_6587,2025-10-02 11:00:00,3749.239443333226,3051.923483836848,14.14716081307182
forecast_6588,2025-10-02 12:00:00,3762.1321131120458,3051.9011805901646,17.304761651876113
forecast_6589,2025-10-02 13:00:00,3815.976104905504,2339.2807168040695,21.24941518211355
forecast_6590,2025-10-02 14:00:00,27.314385686597454,37.96909682840708,37.694421553573235
forecast_6591,2025-10-02 15:00:00,29.281682342522735,39.47481414979792,40.792656475490325
forecast_6592,2025-10-02 16:00:00,23.61818273570873,30.48265220486399,31.505463037318655
forecast_6593,2025-10-02 17:00:00,13.25023441639743,16.518811140582237,14.23213882704753
forecast_6594,2025-10-02 18:00:00,5231.497526466821,5966.309362241996,3689.7848774837153
forecast_6595,2025-10-02 19:00:00,3564.8960774984744,2914.003692514154,3688.1356804923007
forecast_6596,2025-10-02 20:00:00,5268.8220159541015,7005.616763990193,3705.9809948546495
forecast_6597,2025-10-02 21:00:00,3739.059305953019,3789.9226482791983,3284.52588579902
forecast_6598,2025-10-02 22:00:00,5445.998570238683,6113.884681173855,3752.270030335712
forecast_6599,2025-10-02 23:00:00,3698.8183939170867,3488.8707865837528,3762.253990116919
forecast_6600,2025-10-03 00:00:00,2846.1925853603934,2859.8871299779953,87.01084910855792
forecast_6601,2025-10-03 01:00:00,3219.475442876449,3422.9128978802582,2474.6245082743117
forecast_6602,2025-10-03 02:00:00,3287.490242748002,3054.4207313314523,3068.016772891306
forecast_6603,2025-10-03 03:00:00,3313.4773695216286,3149.304486786798,2113.0897035443795
forecast_6604,2025-10-03 04:00:00,3115.902892067683,3472.659790735537,2171.6728769013225
forecast_6605,2025-10-03 05:00:00,3033.3566380889083,3459.036694087045,2118.3707777671375
forecast_6606,2025-10-03 06:00:00,2947.516058556679,3102.358077042971,2355.844139731465
forecast_6607,2025-10-03 07:00:00,3429.917669767233,3423.364807340594,2418.6148392536584
forecast_6608,2025-10-03 08:00:00,3520.2223278907854,3979.906122476567,2997.4472502476146
forecast_6609,2025-10-03 09:00:00,3867.9767105221645,3820.1696670550045,3387.8754870808466
forecast_6610,2025-10-03 10:00:00,3485.4138051209056,3894.938298503158,3666.079431416959
forecast_6611,2025-10-03 11:00:00,3625.333526350575,4043.910430194142,3739.921037839665
forecast_6612,2025-10-03 12:00:00,3483.650105677525,3876.430906849736,3742.4010381509456
forecast_6613,2025-10-03 13:00:00,3920.6254766435745,3820.2502497848413,3456.4107834908546
forecast_6614,2025-10-03 14:00:00,3447.3387919643974,3437.3514477259246,3252.1871742514645
forecast_6615,2025-10-03 15:00:00,3794.8054574830667,3460.819671818205,3382.768524435023
forecast_6616,2025-10-03 16:00:00,3379.6818953188294,3492.072050682039,3385.597951388665
forecast_6617,2025-10-03 17:00:00,3558.5425368507567,3890.379315428588,3773.3080626802807
forecast_6618,2025-10-03 18:00:00,4187.772478805954,4432.6087140014315,3636.5282411663193
forecast_6619,2025-10-03 19:00:00,4660.058955537129,5273.368868387767,3705.580960365897
forecast_6620,2025-10-03 20:00:00,5457.097683270069,5077.604972032624,3959.6464876532455
forecast_6621,2025-10-03 21:00:00,4620.067238842865,4693.6123819069235,3674.931766547948
forecast_6622,2025-10-03 22:00:00,3891.3290030374383,3950.0827727413734,3772.3241410963406
forecast_6623,2025-10-03 23:00:00,3948.0907984401247,3982.1839076474653,3647.9063504401533
forecast_6624,2025-10-04 00:00:00,3589.679173376968,4035.4348037342684,3332.193493212855
forecast_6625,2025-10-04 01:00:00,4054.74748715287,4076.011742184707,3407.5142782511734
forecast_6626,2025-10-04 02:00:00,3874.1536217676717,3912.2655579017764,3213.603515484941
forecast_6627,2025-10-04 03:00:00,3816.534680093045,3918.557174465116,3342.391536226934
forecast_6628,2025-10-04 04:00:00,3455.644837102788,3701.4227707212895,3115.344055425213
forecast_6629,2025-10-04 05:00:00,3453.559499088307,3565.8459375312,2779.713856235112
forecast_6630,2025-10-04 06:00:00,3501.563224388209,3664.951492464829,2722.0354976407525
forecast_6631,2025-10-04 07:00:00,3080.278107945383,3463.732585417286,2863.9720269281024
forecast_6632,2025-10-04 08:00:00,3015.812712963192,3213.7205412215512,2839.261650116754
forecast_6633,2025-10-04 09:00:00,2958.123188597627,3422.9524277487517,2867.513705325826
forecast_6634,2025-10-04 10:00:00,2935.3050877697074,3165.7440800582804,2579.6981688421183
forecast_6635,2025-10-04 11:00:00,2609.1633243727542,3223.614262973412,2514.0673040246247
forecast_6636,2025-10-04 12:00:00,2847.6697341648974,3164.236964694299,2522.388490855191
forecast_6637,2025-10-04 13:00:00,3328.018783873141,3207.5468098825086,2538.206662340863
forecast_6638,2025-10-04 14:00:00,3720.1949135498107,3320.4648926572636,2429.5809516017966
forecast_6639,2025-10-04 15:00:00,3296.3441707206975,3548.5610667325527,2615.3694795895526
forecast_6640,2025-10-04 16:00:00,3345.058900948423,3477.1925980347633,3051.248254554074
forecast_6641,2025-10-04 17:00:00,3403.629570028969,3510.47502247758,3029.0519074674053
forecast_6642,2025-10-04 18:00:00,3782.431146147209,3976.153590695612,3190.343723593271
forecast_6643,2025-10-04 19:00:00,3765.757447830183,3377.41139751338,3110.987893536406
forecast_6644,2025-10-04 20:00:00,3696.7471508205745,3292.879306572273,2993.229445428882
forecast_6645,2025-10-04 21:00:00,3677.604985915757,3293.089120019621,3158.326179203149
forecast_6646,2025-10-04 22:00:00,3826.8345270338973,3514.757586311257,3094.0698516984153
forecast_6647,2025-10-04 23:00:00,3857.1615524816125,3467.833124435656,3038.938738274056
forecast_6648,2025-10-05 00:00:00,3291.892009542762,2967.759194022905,178.8988650097007
forecast_6649,2025-10-05 01:00:00,3682.2109705758085,2933.479281312595,3346.0778881984993
forecast_6650,2025-10-05 02:00:00,3464.531854863195,3641.9354570575833,3421.40427696621
forecast_6651,2025-10-05 03:00:00,3404.942873309234,3604.079568918928,3354.7833406754885
forecast_6652,2025-10-05 04:00:00,2631.4079624411183,2579.3544485650223,87.82575159542142
forecast_6653,2025-10-05 05:00:00,3354.8048535076796,3172.0193598506085,45.02015543400224
forecast_6654,2025-10-05 06:00:00,3403.5626981484565,3516.637916796194,37.730652963628884
forecast_6655,2025-10-05 07:00:00,3023.535871481466,3172.325066639603,27.2201365268351
forecast_6656,2025-10-05 08:00:00,3822.9667919619524,3545.2458359794537,43.83396191411944
forecast_6657,2025-10-05 09:00:00,3820.1525818101586,3680.8749648141725,42.95533476979912
forecast_6658,2025-10-05 10:00:00,3857.6945149265175,3596.2456514212945,44.26952523834345
forecast_6659,2025-10-05 11:00:00,2716.9088844119065,78.382447722276,25.855581554038704
forecast_6660,2025-10-05 12:00:00,3814.72088983542,3110.672122944161,27.574986035502768
forecast_6661,2025-10-05 13:00:00,3781.3123453584917,3076.7588725318487,19.65096829216129
forecast_6662,2025-10-05 14:00:00,2389.473256951876,3062.8103442285324,19.075626168569748
forecast_6663,2025-10-05 15:00:00,2225.7564656982836,2672.7190402854108,2195.261455703292
forecast_6664,2025-10-05 16:00:00,2281.063438898314,2316.8231661128007,42.90227831414136
forecast_6665,2025-10-05 17:00:00,2250.374144216205,2330.6913760860407,2149.6184001409824
forecast_6666,2025-10-05 18:00:00,3111.6437241041813,3311.7759718500456,3253.4924571353595
forecast_6667,2025-10-05 19:00:00,3087.06883842921,3191.3871884696973,3261.6165421756023
forecast_6668,2025-10-05 20:00:00,3430.078009096862,3875.8192427374356,3389.247256471882
forecast_6669,2025-10-05 21:00:00,3705.4470435569233,3821.756011383909,3312.2126110645218
forecast_6670,2025-10-05 22:00:00,3489.63335242393,3627.828864009618,3270.238435413326
forecast_6671,2025-10-05 23:00:00,3425.8920279566364,3418.3410252290973,2809.140088384075
forecast_6672,2025-10-06 00:00:00,3372.1249574691647,3411.153455894869,2682.55470741331
forecast_6673,2025-10-06 01:00:00,3291.2402186433,3219.8708735534956,2999.6302454023357
forecast_6674,2025-10-06 02:00:00,3257.3954672152377,3420.696334988542,2368.150913307125
forecast_6675,2025-10-06 03:00:00,3023.3652172833345,3203.5507998033045,2990.7852988066525
forecast_6676,2025-10-06 04:00:00,3494.258858621394,4021.4098318811357,2681.617775103555
forecast_6677,2025-10-06 05:00:00,3925.2862325394376,4315.149674515245,3320.6290925269172
forecast_6678,2025-10-06 06:00:00,4987.831479216219,5895.223478839358,3792.196428280042
forecast_6679,2025-10-06 07:00:00,6110.384666137457,7168.992497213776,5435.477370645241
forecast_6680,2025-10-06 08:00:00,7613.004807104515,8812.254784457726,7287.680682083126
forecast_6681,2025-10-06 09:00:00,7978.200737733072,9313.67165076621,8103.728481996559
forecast_6682,2025-10-06 10:00:00,7462.604946615439,8498.188058144186,7445.582689946272
forecast_6683,2025-10-06 11:00:00,6919.028343967586,7709.285258822449,6337.604416012148
forecast_6684,2025-10-06 12:00:00,5583.360903860796,7354.820663659741,4987.984126253145
forecast_6685,2025-10-06 13:00:00,4476.179075864663,5562.591307924893,3796.8747112086107
forecast_6686,2025-10-06 14:00:00,3882.7741403208843,4095.526528404005,3357.48483442645
forecast_6687,2025-10-06 15:00:00,3674.3806117282734,4001.912956798126,3352.465848173588
forecast_6688,2025-10-06 16:00:00,3946.460682302214,4056.996679243344,3601.149513885841
forecast_6689,2025-10-06 17:00:00,4236.346432547238,4781.591384875134,3970.128845415686
forecast_6690,2025-10-06 18:00:00,5285.454247645309,5974.67959191369,4135.82031444542
forecast_6691,2025-10-06 19:00:00,6526.0119095341115,7422.982357390477,5267.10405634519
forecast_6692,2025-10-06 20:00:00,7414.137065450714,8290.469406730426,7462.055000483173
forecast_6693,2025-10-06 21:00:00,8702.189656548013,9444.885047166867,7861.127657192731
forecast_6694,2025-10-06 22:00:00,10774.947589721804,12894.035865632999,11092.612619897194
forecast_6695,2025-10-06 23:00:00,11919.808223405784,15264.20128585427,11858.659879005492
forecast_6696,2025-10-07 00:00:00,12326.09232756855,14086.26416251529,11837.786531834894
forecast_6697,2025-10-07 01:00:00,10035.329842592644,11187.628116978836,6829.110306989191
forecast_6698,2025-10-07 02:00:00,9142.535139819302,10711.886493503049,7191.108932080867
forecast_6699,2025-10-07 03:00:00,8478.810185941957,9821.424038658286,6707.9032075225905
forecast_6700,2025-10-07 04:00:00,8711.893163904895,10915.923276852467,6741.756241339585
forecast_6701,2025-10-07 05:00:00,8873.593034752066,10038.108620334006,6980.266045950097
forecast_6702,2025-10-07 06:00:00,8433.52653368121,9899.658308978609,6619.276644201903
forecast_6703,2025-10-07 07:00:00,7272.6313659318985,8999.949474211437,5794.502396507601
forecast_6704,2025-10-07 08:00:00,6271.7158157192325,8442.281093141819,4967.937916846298
forecast_6705,2025-10-07 09:00:00,5974.7939332891465,6575.142501719636,4443.641684371585
forecast_6706,2025-10-07 10:00:00,4751.78186283779,5758.159705242003,3788.6269628483733
forecast_6707,2025-10-07 11:00:00,3833.1239355735715,4086.766280761343,3796.734283486553
forecast_6708,2025-10-07 12:00:00,3400.374215750046,3790.419834039377,3754.7446682110476
forecast_6709,2025-10-07 13:00:00,3374.9617984347033,3370.419001285313,3248.248653326552
forecast_6710,2025-10-07 14:00:00,2931.994592417016,2871.6672690897194,2804.218445044254
forecast_6711,2025-10-07 15:00:00,3206.0622431369793,2599.005270698168,2471.2386583227
forecast_6712,2025-10-07 16:00:00,2912.256059007789,2699.4736271624656,2171.3259344981457
forecast_6713,2025-10-07 17:00:00,2739.5689421727675,2721.988821313094,328.81763849378405
forecast_6714,2025-10-07 18:00:00,2954.4423347892243,3150.6008325869316,2270.35571005358
forecast_6715,2025-10-07 19:00:00,2819.684744010426,2896.7241724929613,2157.7494181456686
forecast_6716,2025-10-07 20:00:00,2783.1131214443394,2995.972558514052,2559.8328803945574
forecast_6717,2025-10-07 21:00:00,2841.9799260877608,2931.0295464826577,2586.1799203318596
forecast_6718,2025-10-07 22:00:00,2876.7639149648044,3472.6537377200198,3025.1380159993564
forecast_6719,2025-10-07 23:00:00,3678.243770317985,2383.032529562605,3099.1889599662
forecast_6720,2025-10-08 00:00:00,2870.3795744751387,2851.1775200001,214.10158675047867
forecast_6721,2025-10-08 01:00:00,3315.684721965521,3010.295794757417,2951.9869577250065
forecast_6722,2025-10-08 02:00:00,3351.5673682813663,3026.2258632560156,92.6121981571054
forecast_6723,2025-10-08 03:00:00,3625.9313427142624,3134.5914870107536,78.90358193989631
forecast_6724,2025-10-08 04:00:00,2539.805160312243,2513.1794667295862,77.6208065687342
forecast_6725,2025-10-08 05:00:00,3673.0325216218016,2847.1432096905737,2383.634971787241
forecast_6726,2025-10-08 06:00:00,3696.9224534417945,2909.2456816751537,2430.922953571594
forecast_6727,2025-10-08 07:00:00,3666.94035328061,2996.5929310771635,2222.5709596749366
forecast_6728,2025-10-08 08:00:00,3716.9497307877455,3345.993922073759,2148.972670885818
forecast_6729,2025-10-08 09:00:00,3449.3870779406407,3694.5704880114445,2158.0636666956775
forecast_6730,2025-10-08 10:00:00,2606.4944905312273,3319.8357185950313,2473.377701117981
forecast_6731,2025-10-08 11:00:00,2634.886127566193,2749.060575102375,2329.061604067839
forecast_6732,2025-10-08 12:00:00,2578.1644564415105,2487.886993432465,2482.5757892930496
forecast_6733,2025-10-08 13:00:00,2734.411554819976,3035.496049498148,2401.3271203232734
forecast_6734,2025-10-08 14:00:00,2393.724998514117,2491.134985095839,2427.100869926267
forecast_6735,2025-10-08 15:00:00,2289.969227060237,2738.5443300227225,3682.6792617850388
forecast_6736,2025-10-08 16:00:00,3836.219989123055,2939.488676160779,3680.0704406225027
forecast_6737,2025-10-08 17:00:00,3486.75668186154,3027.9805040420238,3236.85213756275
forecast_6738,2025-10-08 18:00:00,2813.9797082392406,3357.142653863547,3217.8404094514844
forecast_6739,2025-10-08 19:00:00,3210.5716274888136,3491.228270195056,2487.53717781276
forecast_6740,2025-10-08 20:00:00,3355.626917530325,3822.337012094097,2633.6641421872237
forecast_6741,2025-10-08 21:00:00,3476.76376373743,3829.6968090431656,3137.543458125557
forecast_6742,2025-10-08 22:00:00,3764.729196518424,4224.831958940983,3305.1719218373382
forecast_6743,2025-10-08 23:00:00,4167.537620273986,4911.254018221565,3799.5409015483297
forecast_6744,2025-10-09 00:00:00,4744.4877715414195,5457.500671918183,3794.9648540048242
forecast_6745,2025-10-09 01:00:00,5373.133696274984,6542.299328498363,4584.018975201864
forecast_6746,2025-10-09 02:00:00,5091.421483507008,6478.652148254245,4328.70562479174
forecast_6747,2025-10-09 03:00:00,4953.267194456113,6871.417583887761,4199.877166580742
forecast_6748,2025-10-09 04:00:00,4678.427078791878,6093.437627803879,4202.021011695069
forecast_6749,2025-10-09 05:00:00,4868.636240644303,6184.128400673027,4180.837643582159
forecast_6750,2025-10-09 06:00:00,5129.9708849956805,6489.634869882519,4657.513637078429
forecast_6751,2025-10-09 07:00:00,4877.216142875631,6282.146560557103,4437.850693083445
forecast_6752,2025-10-09 08:00:00,4659.821994822567,5629.638808589389,4325.257952062615
forecast_6753,2025-10-09 09:00:00,3957.01964646349,5335.939911615998,3864.040027830814
forecast_6754,2025-10-09 10:00:00,3864.3353955622806,4534.302601468558,3601.8819749875365
forecast_6755,2025-10-09 11:00:00,3590.401001556949,4027.398154906003,3284.844990407832
forecast_6756,2025-10-09 12:00:00,3464.899472755148,3537.027965955697,3107.8954313212535
forecast_6757,2025-10-09 13:00:00,3359.3886365591566,3366.5764878345244,3087.264405182288
forecast_6758,2025-10-09 14:00:00,3041.9715174867792,3487.949711078538,3064.9579372987123
forecast_6759,2025-10-09 15:00:00,3004.572981022696,3578.726777618128,2926.548044046463
forecast_6760,2025-10-09 16:00:00,3012.8631897922587,3488.194494361079,2781.7571565171525
forecast_6761,2025-10-09 17:00:00,3027.6358870524955,3514.9013690118845,2721.0803532392406
forecast_6762,2025-10-09 18:00:00,3024.821761845711,3498.1310044406096,2855.574334398587
forecast_6763,2025-10-09 19:00:00,2931.258019530825,3477.5685273398726,2373.820852020539
forecast_6764,2025-10-09 20:00:00,3361.4426467047438,3316.880162357484,2988.5477239618667
forecast_6765,2025-10-09 21:00:00,2921.4583318105247,3085.887774957004,2179.903753613773
forecast_6766,2025-10-09 22:00:00,2813.5716110968347,3032.8048072507663,2211.419061856153
forecast_6767,2025-10-09 23:00:00,3301.0926909741393,2672.8217588439466,378.9659071701824
forecast_6768,2025-10-10 00:00:00,2861.1543446129845,3057.197759742646,2872.793855897732
forecast_6769,2025-10-10 01:00:00,3462.3248033321206,3330.3144481104378,2859.2292561772574
forecast_6770,2025-10-10 02:00:00,3045.6833204312516,3013.084536507382,2454.6123196612252
forecast_6771,2025-10-10 03:00:00,2994.8786254251213,3378.115644641386,2310.9477113888847
forecast_6772,2025-10-10 04:00:00,3436.992626689278,3431.9283646440904,2540.7186553113665
forecast_6773,2025-10-10 05:00:00,3347.3508797301356,3400.0424664410784,2326.7353841252266
forecast_6774,2025-10-10 06:00:00,3456.7537577449784,3520.3581210448247,2263.2802226210188
forecast_6775,2025-10-10 07:00:00,3451.8908180514427,3535.1858859643853,2358.5984056134475
forecast_6776,2025-10-10 08:00:00,3861.7669160619243,3585.83597804818,3578.155637640425
forecast_6777,2025-10-10 09:00:00,3797.8742720837345,3463.326808099746,2760.5742533046914
forecast_6778,2025-10-10 10:00:00,3462.472999229122,3547.2410239876485,2358.6113527014336
forecast_6779,2025-10-10 11:00:00,3691.1754742578887,3251.536558083644,3082.8606825186953
forecast_6780,2025-10-10 12:00:00,3622.399533958703,3403.957449424369,3003.396153890824
forecast_6781,2025-10-10 13:00:00,2808.144528270128,3007.9605767451644,5293.4919065548365
forecast_6782,2025-10-10 14:00:00,3043.8346989081856,3605.7488646368893,2634.162383901182
forecast_6783,2025-10-10 15:00:00,3286.3832617670205,3512.01168476907,2709.156607620548
forecast_6784,2025-10-10 16:00:00,3341.0010331888006,3621.1337931177577,2275.3700251026376
forecast_6785,2025-10-10 17:00:00,3122.695214280078,3610.230983413515,2109.5473483536484
forecast_6786,2025-10-10 18:00:00,3136.5028683494666,3373.9517114599794,2250.705061659457
forecast_6787,2025-10-10 19:00:00,3173.389442101109,3380.3645299993364,2370.463804019472
forecast_6788,2025-10-10 20:00:00,3428.364606342411,3259.81792266171,2597.922202296958
forecast_6789,2025-10-10 21:00:00,3442.4099521695803,3387.647731221239,2960.3513814585895
forecast_6790,2025-10-10 22:00:00,3648.354569672416,3446.69373388727,3237.1142824983513
forecast_6791,2025-10-10 23:00:00,4195.177175467529,3813.7211479828075,3356.546385077424
forecast_6792,2025-10-11 00:00:00,4691.3447014264975,3969.533545656828,3627.7874364992986
forecast_6793,2025-10-11 01:00:00,4468.169667190583,4978.738513803111,3830.7774209637205
forecast_6794,2025-10-11 02:00:00,4614.235162707028,5333.44928689428,3785.733446530998
forecast_6795,2025-10-11 03:00:00,4909.987385898494,5973.138131313887,3770.2148216454543
forecast_6796,2025-10-11 04:00:00,6273.115146948715,8572.963301432708,4769.890098773812
forecast_6797,2025-10-11 05:00:00,9229.962344540694,10005.347248503067,5908.366187288443
forecast_6798,2025-10-11 06:00:00,10095.713100611873,10906.052763381218,6080.802297448085
forecast_6799,2025-10-11 07:00:00,9970.202098709435,10607.004560948328,5877.355738587851
forecast_6800,2025-10-11 08:00:00,7060.03413702988,8072.314896381687,5835.076649089445
forecast_6801,2025-10-11 09:00:00,8713.964454329984,10513.77767337636,7169.782343910412
forecast_6802,2025-10-11 10:00:00,9257.568052350767,9741.814681520817,6065.81761115886
forecast_6803,2025-10-11 11:00:00,8991.914162187279,10671.466343403708,6830.965605037834
forecast_6804,2025-10-11 12:00:00,9834.830467873267,11329.123843427447,7935.799011263098
forecast_6805,2025-10-11 13:00:00,9464.100910652576,11254.646834227022,8723.540308931206
forecast_6806,2025-10-11 14:00:00,9863.855615058403,11803.503714847348,9067.542996978393
forecast_6807,2025-10-11 15:00:00,10315.442153155942,12286.874058351104,9019.429241724629
forecast_6808,2025-10-11 16:00:00,9994.175405569398,12578.989399657654,9086.866023977414
forecast_6809,2025-10-11 17:00:00,10475.343994753408,12515.765817382571,9341.946889772324
forecast_6810,2025-10-11 18:00:00,10720.308940846642,11506.74679591589,9885.96934162285
forecast_6811,2025-10-11 19:00:00,14243.212043822778,12538.682452521749,10644.073324844814
forecast_6812,2025-10-11 20:00:00,13688.198361081226,13167.610738931347,11299.74112500845
forecast_6813,2025-10-11 21:00:00,11917.022650715604,13389.430084333091,11344.792043716869
forecast_6814,2025-10-11 22:00:00,11285.047958480582,12710.032315232613,10023.269368641668
forecast_6815,2025-10-11 23:00:00,10903.677948936462,11692.324449684438,9257.029271289839
forecast_6816,2025-10-12 00:00:00,10602.834804899183,11682.760620619723,10575.863915457652
forecast_6817,2025-10-12 01:00:00,10449.587324578824,11676.105134298637,9670.917867307595
forecast_6818,2025-10-12 02:00:00,9510.968892435418,10128.051077952929,8671.113546452549
forecast_6819,2025-10-12 03:00:00,7441.756467280793,8945.370343904451,7358.71312964951
forecast_6820,2025-10-12 04:00:00,5735.83553508996,10091.173518859025,4536.162069012429
forecast_6821,2025-10-12 05:00:00,4480.62163875145,5247.183919716269,4196.5125250957335
forecast_6822,2025-10-12 06:00:00,3905.3807163207025,3852.265453566296,3850.8762118193467
forecast_6823,2025-10-12 07:00:00,3376.4700724015975,3854.0590293847,3528.1136029358604
forecast_6824,2025-10-12 08:00:00,3228.614068810545,3499.5273617920293,3113.8824133890203
forecast_6825,2025-10-12 09:00:00,3789.263939430803,3878.504069708396,2889.1232345389963
forecast_6826,2025-10-12 10:00:00,4041.4250026343293,4497.155215048698,3806.282679688373
forecast_6827,2025-10-12 11:00:00,3966.1444074644187,4758.698873387717,3789.553284011753
forecast_6828,2025-10-12 12:00:00,4408.261905021122,4721.79968443563,3794.303991504474
forecast_6829,2025-10-12 13:00:00,4263.379079967859,4250.074298988773,3667.1704730904858
forecast_6830,2025-10-12 14:00:00,3980.4817368160066,4111.247904712269,3717.6841686083617
forecast_6831,2025-10-12 15:00:00,3936.7941435769844,4700.1915508325455,3795.710531511124
forecast_6832,2025-10-12 16:00:00,3865.1577505288606,4415.712279042675,3400.4988985970317
forecast_6833,2025-10-12 17:00:00,4041.5565284762934,4704.485928698406,3628.478845645447
forecast_6834,2025-10-12 18:00:00,4624.315178710787,5375.188609511871,4543.974629007002
forecast_6835,2025-10-12 19:00:00,4727.439311282497,5965.198970400024,4900.58733195176
forecast_6836,2025-10-12 20:00:00,4956.550042200594,6012.320544420305,4619.031698210243
forecast_6837,2025-10-12 21:00:00,4744.875292642657,5671.221383594518,4082.679370544418
forecast_6838,2025-10-12 22:00:00,4272.329958766406,5633.0623271640525,4064.4139643371723
forecast_6839,2025-10-12 23:00:00,3800.7478648667757,4281.893899559893,3266.7414050854036
forecast_6840,2025-10-13 00:00:00,3888.354048446276,4190.19884397598,3268.001076126869
forecast_6841,2025-10-13 01:00:00,2919.516156975795,3456.231880360021,2976.8257867188595
forecast_6842,2025-10-13 02:00:00,3124.004416810795,3089.5487365634635,2551.008409937683
forecast_6843,2025-10-13 03:00:00,3458.212225335181,2851.9664214135078,2699.7188852273675
forecast_6844,2025-10-13 04:00:00,3432.5077216285817,3024.6644623973643,3115.702547175611
forecast_6845,2025-10-13 05:00:00,2848.9292193772794,3173.948382860736,2807.823259194278
forecast_6846,2025-10-13 06:00:00,3130.9331753541305,3800.1008403015085,2873.069869723088
forecast_6847,2025-10-13 07:00:00,3759.3558928913203,3862.817133372098,3280.2078703516413
forecast_6848,2025-10-13 08:00:00,3576.161339428386,4228.075102626719,3258.9614312327535
forecast_6849,2025-10-13 09:00:00,3811.2074644533072,4156.091391714292,2993.516214579326
forecast_6850,2025-10-13 10:00:00,3565.4327502477518,3954.7519687485146,2957.3798999782007
forecast_6851,2025-10-13 11:00:00,3536.793370485944,3754.4850482455695,3076.4814214917715
forecast_6852,2025-10-13 12:00:00,3737.8232693393807,3720.68362956723,3045.2540147110385
forecast_6853,2025-10-13 13:00:00,3431.0072022587196,3469.274256869555,2843.650202806387
forecast_6854,2025-10-13 14:00:00,3458.792956284815,3607.0841219768126,3196.0213950093294
forecast_6855,2025-10-13 15:00:00,3476.731048817537,3948.73807179248,3000.339430189547
forecast_6856,2025-10-13 16:00:00,3867.6208703813213,4262.625973392635,3412.187393246969
forecast_6857,2025-10-13 17:00:00,3703.7300336715216,4500.789399668834,3326.915926519625
forecast_6858,2025-10-13 18:00:00,3884.533097481802,4739.268057307147,3393.533731387146
forecast_6859,2025-10-13 19:00:00,3752.8165620884106,4684.867472325842,3360.1919974003076
forecast_6860,2025-10-13 20:00:00,4195.287794734662,5309.13934897301,3878.909061848302
forecast_6861,2025-10-13 21:00:00,4700.593665633711,5636.138057917903,3770.5202308071825
forecast_6862,2025-10-13 22:00:00,4679.186647525628,5699.610344470163,3897.8609415926476
forecast_6863,2025-10-13 23:00:00,4636.610979530246,5377.797760413096,3803.5905284143687
forecast_6864,2025-10-14 00:00:00,4612.7520044975245,5202.605832863417,3763.209051462381
forecast_6865,2025-10-14 01:00:00,6988.5973144152895,7716.154633182843,5161.2673043218965
forecast_6866,2025-10-14 02:00:00,6470.092786663041,7609.390508562064,4947.376754368108
forecast_6867,2025-10-14 03:00:00,6667.526554813721,8036.089241926688,4953.544153767704
forecast_6868,2025-10-14 04:00:00,6294.542235637279,7676.660301599009,4287.685277867746
forecast_6869,2025-10-14 05:00:00,5569.837228223913,6821.786801570259,3980.8499950934333
forecast_6870,2025-10-14 06:00:00,5364.736555203336,6345.5023047285695,3851.6543652198075
forecast_6871,2025-10-14 07:00:00,4878.739393800056,5936.884861266707,3821.6159926200016
forecast_6872,2025-10-14 08:00:00,4654.891928864628,5566.058221422258,4140.303779761476
forecast_6873,2025-10-14 09:00:00,4647.524493563265,6626.2747083620425,3989.438493861683
forecast_6874,2025-10-14 10:00:00,4571.621777272048,5175.004562899761,3805.603764106968
forecast_6875,2025-10-14 11:00:00,4501.524193849914,5327.862529879883,3965.8486472657805
forecast_6876,2025-10-14 12:00:00,4296.378444702637,5150.376288000004,3791.260742077672
forecast_6877,2025-10-14 13:00:00,3941.341347457455,4994.930392525158,3776.074965061781
forecast_6878,2025-10-14 14:00:00,4078.597369048588,4969.744701919883,3784.4388747296566
forecast_6879,2025-10-14 15:00:00,3878.02707736341,4261.717600439924,3658.8546513173187
forecast_6880,2025-10-14 16:00:00,3886.8009015549947,3974.4341533409242,3489.9066879159323
forecast_6881,2025-10-14 17:00:00,3362.501439735014,3898.0164915387927,3158.890277293317
forecast_6882,2025-10-14 18:00:00,3383.683322029433,3931.6446791754615,3098.7280707948885
forecast_6883,2025-10-14 19:00:00,3413.2793559103657,3957.3597435514794,3184.6414638041506
forecast_6884,2025-10-14 20:00:00,3502.968540059723,3907.2588813239577,3328.398184228691
forecast_6885,2025-10-14 21:00:00,3506.6636831359665,3938.8929653169625,3106.7187120746053
forecast_6886,2025-10-14 22:00:00,3643.8710960559642,3826.912902410773,3064.1218069505594
forecast_6887,2025-10-14 23:00:00,3780.8081371003964,3796.0198318256807,3041.899622205704
forecast_6888,2025-10-15 00:00:00,3899.616624789601,3854.2301244401606,2891.03623854823
forecast_6889,2025-10-15 01:00:00,3897.3302258785116,4015.7414394942016,3068.990197601176
forecast_6890,2025-10-15 02:00:00,3957.2385572938465,3947.385639922379,3211.483277226441
forecast_6891,2025-10-15 03:00:00,3770.8852665280738,4041.544269328193,3005.2005800997867
forecast_6892,2025-10-15 04:00:00,3474.763470555059,3889.369055904205,3202.4818271430745
forecast_6893,2025-10-15 05:00:00,3422.17261137821,3511.917177224709,2642.8201934219887
forecast_6894,2025-10-15 06:00:00,3244.5980784894555,3452.1123851547086,2746.163969554067
forecast_6895,2025-10-15 07:00:00,3105.2448036253563,3404.920152313951,2585.387878037831
forecast_6896,2025-10-15 08:00:00,3285.694179291275,3366.5932601904615,2357.0978725114055
forecast_6897,2025-10-15 09:00:00,3278.7782038155865,3501.6581979978823,3501.0520368595926
forecast_6898,2025-10-15 10:00:00,3105.9630950533156,3422.6616731192544,3564.1668278394027
forecast_6899,2025-10-15 11:00:00,3169.8130191930386,3665.698883183323,3472.664667839437
forecast_6900,2025-10-15 12:00:00,3774.8125489022714,3612.9701265996046,3840.1167640837325
forecast_6901,2025-10-15 13:00:00,3190.110560899261,3487.63663728115,3369.160284623101
forecast_6902,2025-10-15 14:00:00,3095.2476312847675,2561.859245210834,2289.467783227435
forecast_6903,2025-10-15 15:00:00,3169.2934328925817,2382.0057495224137,3664.3150909888163
forecast_6904,2025-10-15 16:00:00,3005.392776128409,2819.1081353290283,3655.008248920454
forecast_6905,2025-10-15 17:00:00,3040.9131705434593,2996.453452667917,3749.970881875817
forecast_6906,2025-10-15 18:00:00,3095.6155185988637,2845.2223730656387,469.4116850148765
forecast_6907,2025-10-15 19:00:00,2893.2355787921106,2930.9752813514838,3045.9630196234175
forecast_6908,2025-10-15 20:00:00,3376.0558737833217,3668.1706862212623,3387.0283374345395
forecast_6909,2025-10-15 21:00:00,3876.671345339172,3922.3229416476734,3368.552882459042
forecast_6910,2025-10-15 22:00:00,3847.1952735856676,4166.895663705634,3751.3602014335324
forecast_6911,2025-10-15 23:00:00,3885.0069941713427,4640.895859202976,3363.6218268730795
forecast_6912,2025-10-16 00:00:00,3833.998899639367,4357.282782068043,3382.553880879352
forecast_6913,2025-10-16 01:00:00,3465.8762638009107,3742.637105173276,3300.296368705272
forecast_6914,2025-10-16 02:00:00,3796.7483456851755,3878.34460674541,3439.960627219929
forecast_6915,2025-10-16 03:00:00,3740.4883582838825,4017.8331739833984,3244.331857635775
forecast_6916,2025-10-16 04:00:00,3394.77641768314,3520.8790076879754,3277.730355911141
forecast_6917,2025-10-16 05:00:00,3893.2390771404657,3810.9824278094316,3376.963124380806
forecast_6918,2025-10-16 06:00:00,3906.5457245067437,3854.2851362646593,3663.334740278277
forecast_6919,2025-10-16 07:00:00,3868.602425314827,4087.1384126094017,3434.5764203462277
forecast_6920,2025-10-16 08:00:00,3875.9381314137677,3997.1599869230045,3336.7993521858293
forecast_6921,2025-10-16 09:00:00,3714.292188903284,4160.841755125421,3304.022828819002
forecast_6922,2025-10-16 10:00:00,3794.1208281567356,4135.058142909335,3397.6867604750473
forecast_6923,2025-10-16 11:00:00,3872.771898998198,4162.15985210929,3797.6997758374036
forecast_6924,2025-10-16 12:00:00,3696.8989914436656,4188.459679698299,3577.865687239896
forecast_6925,2025-10-16 13:00:00,4026.997108578093,4422.856355004405,3710.6462986150536
forecast_6926,2025-10-16 14:00:00,3874.417582799264,4283.138708932096,3748.123219154634
forecast_6927,2025-10-16 15:00:00,3719.8048120145477,3905.5391044138437,3261.0270315912376
forecast_6928,2025-10-16 16:00:00,3367.588646067261,3489.401670387461,2808.8378173808305
forecast_6929,2025-10-16 17:00:00,3000.2384754703785,3613.1748086106086,3367.0011665243137
forecast_6930,2025-10-16 18:00:00,3163.0821446056425,3629.5078075045294,2778.9596665779063
forecast_6931,2025-10-16 19:00:00,3735.7532857612846,4131.252195668261,3216.101142810443
forecast_6932,2025-10-16 20:00:00,3831.989756641937,4782.006045249789,3696.7523253558634
forecast_6933,2025-10-16 21:00:00,3791.4714021661744,4557.5745634387295,3638.187213529565
forecast_6934,2025-10-16 22:00:00,3996.42147257496,4551.196521547213,3766.141061137764
forecast_6935,2025-10-16 23:00:00,3821.617002195619,4250.169766073021,3325.1312483272245
forecast_6936,2025-10-17 00:00:00,4065.256198568505,4540.032366237406,3306.895177946714
forecast_6937,2025-10-17 01:00:00,3990.543227444466,4565.131503057071,3539.465306667113
forecast_6938,2025-10-17 02:00:00,3870.345238852319,4563.727460752525,3254.947769047968
forecast_6939,2025-10-17 03:00:00,3807.702849353905,4074.215806641925,2933.7947500069886
forecast_6940,2025-10-17 04:00:00,3510.1699129987483,3867.7857460339105,2862.9759970880477
forecast_6941,2025-10-17 05:00:00,3762.0538968456617,3802.2151836779067,2834.582420212332
forecast_6942,2025-10-17 06:00:00,3513.4810144692397,3452.643100902517,2318.7280166885084
forecast_6943,2025-10-17 07:00:00,3375.0172863395383,3239.6909298615537,2375.2213478622602
forecast_6944,2025-10-17 08:00:00,3320.6543503360317,2618.6774861015892,2208.0163518712416
forecast_6945,2025-10-17 09:00:00,3483.5540323046093,3267.1605706979735,2749.7997303861052
forecast_6946,2025-10-17 10:00:00,3185.843529996183,3114.5847101710087,2549.664849030166
forecast_6947,2025-10-17 11:00:00,3213.625551321825,3190.0312298128315,2270.502169572069
forecast_6948,2025-10-17 12:00:00,4240.977651785168,3448.6129983685123,2422.429203953573
forecast_6949,2025-10-17 13:00:00,4987.650783777586,3360.169108870721,7386.473011736131
forecast_6950,2025-10-17 14:00:00,5211.697695235552,3376.9032843715595,6709.89499914086
forecast_6951,2025-10-17 15:00:00,5031.926363184031,3636.2739506236203,5442.1663582217825
forecast_6952,2025-10-17 16:00:00,4517.36740152021,3596.7525035383333,2642.902379090032
forecast_6953,2025-10-17 17:00:00,4246.923908450765,3361.6318515985545,2718.8657517595484
forecast_6954,2025-10-17 18:00:00,3520.9311203239804,3063.140345470082,3836.370425321136
forecast_6955,2025-10-17 19:00:00,3340.750109213996,3346.9449850849073,2679.6846123060127
forecast_6956,2025-10-17 20:00:00,3810.8253803618686,3376.4495168663047,3344.1815106018094
forecast_6957,2025-10-17 21:00:00,4341.16003670142,4332.769752324644,3345.7858015916713
forecast_6958,2025-10-17 22:00:00,3957.4439039232157,5429.009409982385,3355.0398846963067
forecast_6959,2025-10-17 23:00:00,4811.835843173712,5286.609576788693,3767.9752480062484
forecast_6960,2025-10-18 00:00:00,5056.537013510966,5379.467342410137,3794.343824278261
forecast_6961,2025-10-18 01:00:00,3751.067434229305,3854.0661612754266,3560.6330954817486
forecast_6962,2025-10-18 02:00:00,4056.3738569087923,4087.8139803336094,3932.8571719163365
forecast_6963,2025-10-18 03:00:00,4757.510096299002,4948.898619329113,3559.2831262428695
forecast_6964,2025-10-18 04:00:00,4586.5383095101215,4080.0259840179156,3329.522039986245
forecast_6965,2025-10-18 05:00:00,3889.816450179243,3877.586243544066,3359.781232745099
forecast_6966,2025-10-18 06:00:00,3925.4976960308486,3890.6070752002365,3412.8811101029914
forecast_6967,2025-10-18 07:00:00,3577.0222364478013,3704.1118104041134,2757.4413574066048
forecast_6968,2025-10-18 08:00:00,3036.7124129140034,3298.161172546618,2866.1836748411415
forecast_6969,2025-10-18 09:00:00,2820.1724624576614,3266.9567784123637,3473.818479363732
forecast_6970,2025-10-18 10:00:00,2986.8038818633645,3418.789480970333,2650.126716671368
forecast_6971,2025-10-18 11:00:00,3456.8522643660913,3790.1401180870025,3013.4464541101
forecast_6972,2025-10-18 12:00:00,3220.2609209369434,3651.0959108671095,3126.5067615538765
forecast_6973,2025-10-18 13:00:00,3404.5319852765274,3667.248571131715,3250.526335425622
forecast_6974,2025-10-18 14:00:00,3672.984029356402,3620.789688016798,3353.691670676548
forecast_6975,2025-10-18 15:00:00,3870.58316826561,3626.5432213950276,3239.6216412305976
forecast_6976,2025-10-18 16:00:00,3360.769558118206,3473.8813745277125,3325.733293857271
forecast_6977,2025-10-18 17:00:00,3352.652531612315,3434.769930492499,3323.246669033598
forecast_6978,2025-10-18 18:00:00,2979.611180522127,3368.4207401861972,3322.055198546099
forecast_6979,2025-10-18 19:00:00,3341.753644000867,3450.16011864383,3042.240478883644
forecast_6980,2025-10-18 20:00:00,3033.65916096582,3495.3937015540573,2945.81835974448
forecast_6981,2025-10-18 21:00:00,2918.9850886343,3436.7928656076765,2473.7010956497124
forecast_6982,2025-10-18 22:00:00,3035.1409654609965,3779.4130887802357,2765.5223070245347
forecast_6983,2025-10-18 23:00:00,2689.415386068885,3428.756281275159,3046.811512480658
forecast_6984,2025-10-19 00:00:00,2640.194657708601,3249.9089399720992,3051.9155722228643
forecast_6985,2025-10-19 01:00:00,2556.6260836332567,3007.896447462884,3029.0868844059237
forecast_6986,2025-10-19 02:00:00,3178.7755854141456,2717.538604625215,3004.9589218959823
forecast_6987,2025-10-19 03:00:00,3235.017470661264,3064.772404471375,2940.5642318085274
forecast_6988,2025-10-19 04:00:00,3673.8307252032387,3320.5854315366723,2324.2197484329977
forecast_6989,2025-10-19 05:00:00,3824.9866332464126,3093.4987161122367,2252.5413882442163
forecast_6990,2025-10-19 06:00:00,3294.317627757192,3602.0642222506194,110.79032206861753
forecast_6991,2025-10-19 07:00:00,3216.106119515928,3381.952109731866,2299.581174609804
forecast_6992,2025-10-19 08:00:00,3590.6320548849067,3435.0476547777516,2236.2406885829714
forecast_6993,2025-10-19 09:00:00,4409.345334431058,3936.1647702748032,2293.9867724957317
forecast_6994,2025-10-19 10:00:00,3862.509485263041,3392.153872280778,7586.357790857861
forecast_6995,2025-10-19 11:00:00,4701.339237693762,3833.5485975533174,4378.064592467865
forecast_6996,2025-10-19 12:00:00,3108.5100208184467,3365.749045181713,4579.909320662103
forecast_6997,2025-10-19 13:00:00,3518.3771366504675,3531.678768382912,2824.011198946783
forecast_6998,2025-10-19 14:00:00,3915.4759386612045,3678.578763008222,3664.496751422302
forecast_6999,2025-10-19 15:00:00,4180.642928713776,4225.3601364081305,3825.239710036117
forecast_7000,2025-10-19 16:00:00,5530.048683237752,5676.5323204005945,4883.610822968704
forecast_7001,2025-10-19 17:00:00,6280.176447755389,6349.631362206164,4974.285124914826
forecast_7002,2025-10-19 18:00:00,5474.496744078307,6155.585827494151,4788.850822840223
forecast_7003,2025-10-19 19:00:00,7370.771846956565,6728.891093670397,4511.284683691076
forecast_7004,2025-10-19 20:00:00,7257.065117853678,7606.049842386142,4029.6979028427913
forecast_7005,2025-10-19 21:00:00,6190.875618617798,6837.224410760057,3843.097371004723
forecast_7006,2025-10-19 22:00:00,5260.668213070398,4982.966684815787,3696.5590566217725
forecast_7007,2025-10-19 23:00:00,4307.991747799531,3924.6034763934395,3818.4341238679103
forecast_7008,2025-10-20 00:00:00,3760.352829045718,3822.204823554284,3674.6761168508624
forecast_7009,2025-10-20 01:00:00,3486.254964860369,3729.919080070132,3385.836304932375
forecast_7010,2025-10-20 02:00:00,3409.275363594309,3494.872836152229,3605.3107934866975
forecast_7011,2025-10-20 03:00:00,2899.398464020147,3589.818938206293,3630.1293272820158
forecast_7012,2025-10-20 04:00:00,3486.5560992240703,3375.4595296051325,3600.026962246974
forecast_7013,2025-10-20 05:00:00,3314.9679282964166,3359.3259981974597,3343.2926008144213
forecast_7014,2025-10-20 06:00:00,3553.0690815181583,3382.6113219225913,2900.352184174416
forecast_7015,2025-10-20 07:00:00,3453.5843606285753,3537.6446360175296,2806.5603248032094
forecast_7016,2025-10-20 08:00:00,3168.203979269089,3656.666527218874,2811.6937085075856
forecast_7017,2025-10-20 09:00:00,3049.4228923953424,3470.601035797667,2892.081938860489
forecast_7018,2025-10-20 10:00:00,3146.5026817352955,3449.6447137351456,2868.1339046304574
forecast_7019,2025-10-20 11:00:00,3455.611772063711,3451.0104467460624,2874.9987818215013
forecast_7020,2025-10-20 12:00:00,3416.5716113291555,3417.976985151741,3632.614803996284
forecast_7021,2025-10-20 13:00:00,3664.408547955675,3530.9265802570444,3605.457682736421
forecast_7022,2025-10-20 14:00:00,3298.9874301752925,3859.987332173803,3258.365310356082
forecast_7023,2025-10-20 15:00:00,2669.843713399272,3873.178399338508,3105.1880164725258
forecast_7024,2025-10-20 16:00:00,3008.859006340864,3049.2805984578445,3567.7299477622782
forecast_7025,2025-10-20 17:00:00,3213.6594023498797,3280.727607978654,3002.679721037799
forecast_7026,2025-10-20 18:00:00,3440.0267893066393,3481.2580002156187,2998.396173241711
forecast_7027,2025-10-20 19:00:00,2902.079761492276,2932.885632620436,103.89916859172504
forecast_7028,2025-10-20 20:00:00,2871.583582543911,2950.382607926882,48.87849077633022
forecast_7029,2025-10-20 21:00:00,2681.685883455205,2806.9532835123296,31.844855487595346
forecast_7030,2025-10-20 22:00:00,2938.6063349776114,2745.27162015766,26.57774222676767
forecast_7031,2025-10-20 23:00:00,3125.312831014088,3057.2685311623736,2490.048589788546
forecast_7032,2025-10-21 00:00:00,3448.07333739415,3078.3824398073266,2502.966974443052
forecast_7033,2025-10-21 01:00:00,3091.6569345733424,3175.2417589896295,3423.3388264663054
forecast_7034,2025-10-21 02:00:00,3074.081652368431,3564.5858908403816,3415.6440132096586
forecast_7035,2025-10-21 03:00:00,3427.979187227886,3454.6517113952523,2965.4574225119914
forecast_7036,2025-10-21 04:00:00,3926.4179085223477,3437.2552472133116,2648.329592069036
forecast_7037,2025-10-21 05:00:00,3838.0419775016217,3717.0662849656983,2929.2045424321036
forecast_7038,2025-10-21 06:00:00,3246.6099261890104,2941.736072950595,2801.3876268278955
forecast_7039,2025-10-21 07:00:00,3609.130212458779,2741.2704866690683,3017.3575619348735
forecast_7040,2025-10-21 08:00:00,2651.222538353839,3016.5253360188726,2442.49232226531
forecast_7041,2025-10-21 09:00:00,2639.696541796977,3851.281888541118,2456.2735790442107
forecast_7042,2025-10-21 10:00:00,2520.784618539852,2981.292330600786,2298.118815466129
forecast_7043,2025-10-21 11:00:00,3746.309358521704,3303.8515803774626,12.358975849705578
forecast_7044,2025-10-21 12:00:00,3784.1987278485067,2952.583395537172,1.2124263038962741
forecast_7045,2025-10-21 13:00:00,3898.679403810675,26.715015839874432,2372.1910243539455
forecast_7046,2025-10-21 14:00:00,2269.6230751115504,2290.567642365614,2507.644251341148
forecast_7047,2025-10-21 15:00:00,2556.5682018984858,2488.3225327745067,2611.487167444081
forecast_7048,2025-10-21 16:00:00,3509.6048843125627,3961.651551877968,3146.6210794431754
forecast_7049,2025-10-21 17:00:00,2918.9194653406867,3475.8090480140318,3164.694259147116
forecast_7050,2025-10-21 18:00:00,3659.493679993128,3395.2480786253705,2686.8312240351606
forecast_7051,2025-10-21 19:00:00,3272.5691040956744,3576.5429100543324,2688.098559301906
forecast_7052,2025-10-21 20:00:00,4758.312936934393,3717.3067240177393,2998.2246151000345
forecast_7053,2025-10-21 21:00:00,3723.961863184851,3521.724796339972,3017.2795096813365
forecast_7054,2025-10-21 22:00:00,3188.527130405191,3373.40023260617,3008.6727701263703
forecast_7055,2025-10-21 23:00:00,3363.2392360437457,3291.1946843176756,2731.0978083484924
forecast_7056,2025-10-22 00:00:00,3359.642137363766,3269.4499521866337,3285.1552110984044
forecast_7057,2025-10-22 01:00:00,3913.1065124138377,3477.525529870016,2835.719055678634
forecast_7058,2025-10-22 02:00:00,3685.1331941612075,3541.3168721587144,3443.9971574844053
forecast_7059,2025-10-22 03:00:00,3824.258029408308,3773.789380844415,3155.255745444233
forecast_7060,2025-10-22 04:00:00,3887.608172073524,3314.63663173544,3013.1551843057678
forecast_7061,2025-10-22 05:00:00,3008.556869365227,2801.404352726832,2856.2210132462924
forecast_7062,2025-10-22 06:00:00,2997.267243287642,3336.216202273037,3217.425753369824
forecast_7063,2025-10-22 07:00:00,3215.3365322385516,3330.187693713383,3013.0481117219424
forecast_7064,2025-10-22 08:00:00,3231.9511130186997,3432.214886773195,2882.289923950324
forecast_7065,2025-10-22 09:00:00,3175.525268772501,3511.67339609985,2800.3481065086
forecast_7066,2025-10-22 10:00:00,3177.846842492655,3453.583606315523,2868.523790095151
forecast_7067,2025-10-22 11:00:00,3174.942031566692,3574.820606710191,2951.832546795944
forecast_7068,2025-10-22 12:00:00,3449.675712507103,3449.2571368853214,3331.4921559101454
forecast_7069,2025-10-22 13:00:00,3503.4468160560664,3859.217973307901,3366.4792416347136
forecast_7070,2025-10-22 14:00:00,3006.334335540043,3415.861047687251,3496.7076331303997
forecast_7071,2025-10-22 15:00:00,3464.7988507243435,3414.63651475999,3278.5376189739827
forecast_7072,2025-10-22 16:00:00,3626.087701426317,3838.898448257395,3361.151297365629
forecast_7073,2025-10-22 17:00:00,3274.0146987582193,3471.2353377406234,3500.194943504782
forecast_7074,2025-10-22 18:00:00,3116.401566962796,2611.1161726195005,352.0481626638048
forecast_7075,2025-10-22 19:00:00,3140.5126128050315,2556.254168927793,2215.1813566956484
forecast_7076,2025-10-22 20:00:00,3210.363225957929,2609.3970162652427,284.67155908617
forecast_7077,2025-10-22 21:00:00,3025.0617212332336,2528.1587476347413,378.7606032444444
forecast_7078,2025-10-22 22:00:00,3048.1510396752933,2910.274567257703,3374.019180787336
forecast_7079,2025-10-22 23:00:00,3110.1461162018463,3409.736369160972,3918.9724581633536
forecast_7080,2025-10-23 00:00:00,3207.8593234777795,3382.3595674120406,3861.918116003666
forecast_7081,2025-10-23 01:00:00,2835.554766987535,2881.5234120047307,52.356343333577634
forecast_7082,2025-10-23 02:00:00,3354.1515403080375,2981.233735412118,2521.975453807511
forecast_7083,2025-10-23 03:00:00,3405.0484304715114,3120.3560750677398,36.608348981359185
forecast_7084,2025-10-23 04:00:00,3096.8913728880793,3458.247751639889,19.14983761864832
forecast_7085,2025-10-23 05:00:00,3198.210927867224,3900.6392887065144,6.772846429815175
forecast_7086,2025-10-23 06:00:00,3625.9897992582246,3477.8163859303518,0.05882511610410536
forecast_7087,2025-10-23 07:00:00,3687.9594607070703,3530.8329627705284,0.050203706437757116
forecast_7088,2025-10-23 08:00:00,3693.5762559205305,3323.9313283927218,0.01092807901100271
forecast_7089,2025-10-23 09:00:00,3723.001066908504,3040.088520513838,5.1561548223296345
forecast_7090,2025-10-23 10:00:00,3794.011373135548,3083.573526156494,8.500271058591476
forecast_7091,2025-10-23 11:00:00,5955.922936032617,3109.1667888969932,2189.3518336757984
forecast_7092,2025-10-23 12:00:00,2245.426517990951,2669.088070495024,2206.7188315696126
forecast_7093,2025-10-23 13:00:00,90.64260580678496,3400.042717420398,2399.0093477515056
forecast_7094,2025-10-23 14:00:00,2387.323914053166,2863.840865819422,2429.8784899606617
forecast_7095,2025-10-23 15:00:00,3964.4769038312834,3455.660820082802,8460.069909660626
forecast_7096,2025-10-23 16:00:00,4099.378503157632,3532.457401990734,2470.3774553395115
forecast_7097,2025-10-23 17:00:00,4107.2593484792915,3526.7678545376975,2364.7554293653125
forecast_7098,2025-10-23 18:00:00,3566.1250009673718,3208.466239685175,3703.3178343795707
forecast_7099,2025-10-23 19:00:00,2885.465722033981,2946.638059982239,3292.081836924908
forecast_7100,2025-10-23 20:00:00,3500.4472694670944,3498.699542835834,3184.613525976569
forecast_7101,2025-10-23 21:00:00,3105.0757226055166,3401.06756185725,3156.4104146088575
forecast_7102,2025-10-23 22:00:00,3752.8858898583717,3334.105057055358,2702.256036563827
forecast_7103,2025-10-23 23:00:00,3904.7610116690744,3355.0620563158755,3286.411468169932
forecast_7104,2025-10-24 00:00:00,3813.074995878876,3237.3635872085924,3305.5975653142154
forecast_7105,2025-10-24 01:00:00,4071.1068029859834,3998.419041135142,3395.068597607628
forecast_7106,2025-10-24 02:00:00,3021.566655172769,3515.763381306316,2852.789293888
forecast_7107,2025-10-24 03:00:00,3606.0008656755963,3497.334399946525,3336.315525465867
forecast_7108,2025-10-24 04:00:00,3420.297835200481,3616.503621071998,2736.6994801766946
forecast_7109,2025-10-24 05:00:00,3351.2516858603854,3260.775801591105,2742.207078472544
forecast_7110,2025-10-24 06:00:00,3462.791728883409,3539.361290635225,3026.01000822315
forecast_7111,2025-10-24 07:00:00,3535.6594045203674,3865.597647714775,3143.7796374673517
forecast_7112,2025-10-24 08:00:00,3439.2061525485415,3878.803124056405,3323.1647798234917
forecast_7113,2025-10-24 09:00:00,3866.2895080590683,4075.552448719535,3402.947161533683
forecast_7114,2025-10-24 10:00:00,4200.118512575878,5029.463199633297,3619.043906035787
forecast_7115,2025-10-24 11:00:00,4046.846787820237,4874.221736377377,3788.6328098282575
forecast_7116,2025-10-24 12:00:00,3842.1565404369367,4089.9719839914196,3405.6393031945004
forecast_7117,2025-10-24 13:00:00,3640.3521839144682,3490.2035708865956,3358.8203733991722
forecast_7118,2025-10-24 14:00:00,3070.8430992239387,3078.349892471907,2711.1644693515964
forecast_7119,2025-10-24 15:00:00,2845.6357907523347,3014.432568967277,2524.753381744293
forecast_7120,2025-10-24 16:00:00,3382.218509054649,3263.0431112955966,2510.119957068119
forecast_7121,2025-10-24 17:00:00,3413.7522526132834,2921.193835616702,2559.227535381428
forecast_7122,2025-10-24 18:00:00,3181.09911363451,3123.7169589330147,2594.643240532328
forecast_7123,2025-10-24 19:00:00,3449.523771776368,3048.4081937785063,2867.3342061797657
forecast_7124,2025-10-24 20:00:00,3355.8185321713204,3298.6499765953968,2864.4144050056293
forecast_7125,2025-10-24 21:00:00,3841.7498621497834,3815.502537927337,3208.907196717931
forecast_7126,2025-10-24 22:00:00,4390.61910195834,3916.003843077747,3450.2380827137113
forecast_7127,2025-10-24 23:00:00,4517.101958154215,3888.980095250448,3435.2894329484757
forecast_7128,2025-10-25 00:00:00,4097.1613426200565,3887.6831980957204,2955.9771482395095
forecast_7129,2025-10-25 01:00:00,3849.0899803983903,3823.951387409995,3118.3170547852956
forecast_7130,2025-10-25 02:00:00,3854.3220348251375,3939.2249623554626,3125.510052084361
forecast_7131,2025-10-25 03:00:00,4077.9832885408514,3860.9390541986672,3150.6996688660934
forecast_7132,2025-10-25 04:00:00,3848.360879250087,3961.393500415139,3459.9314976222313
forecast_7133,2025-10-25 05:00:00,3871.4827015021247,3917.526118890963,3770.8455373117886
forecast_7134,2025-10-25 06:00:00,3866.9778104235065,3907.0676189452297,3791.8379395780876
forecast_7135,2025-10-25 07:00:00,3696.0242016642296,3614.478607492444,3752.5148548209386
forecast_7136,2025-10-25 08:00:00,3946.8788073042456,3759.529913321651,3661.1391252420244
forecast_7137,2025-10-25 09:00:00,3826.674109279479,3817.9978658896785,3524.7178203383446
forecast_7138,2025-10-25 10:00:00,3487.4434581084015,3193.1579231687642,3790.016856042387
forecast_7139,2025-10-25 11:00:00,3318.339924930843,3753.9051144866908,3704.4432529631586
forecast_7140,2025-10-25 12:00:00,4025.866342848533,3745.194413868072,3314.461170352521
forecast_7141,2025-10-25 13:00:00,4227.117112006348,3594.7124345030898,3476.5704448461806
forecast_7142,2025-10-25 14:00:00,3019.9622340073297,3626.904318742051,3185.736434682597
forecast_7143,2025-10-25 15:00:00,3698.252853558882,3746.628354800496,2652.489843608724
forecast_7144,2025-10-25 16:00:00,3374.5530392454652,3584.2909561156857,2579.482511999795
forecast_7145,2025-10-25 17:00:00,3789.095421088231,3556.1552523114688,2947.905335528183
forecast_7146,2025-10-25 18:00:00,2884.729402437888,3124.0261326453347,2675.7588589293246
forecast_7147,2025-10-25 19:00:00,2973.952561176136,3155.7938790018243,3861.664879377572
forecast_7148,2025-10-25 20:00:00,3039.6286940655077,3204.133095144435,3886.3168097908774
forecast_7149,2025-10-25 21:00:00,3876.682290930653,3218.120626188499,3638.336040514149
forecast_7150,2025-10-25 22:00:00,3841.7805499877973,3787.2901420999315,3497.691877878411
forecast_7151,2025-10-25 23:00:00,4201.702224845729,4163.510042634151,3755.2345665452713
forecast_7152,2025-10-26 00:00:00,4780.025718177631,4842.812501461159,3716.3286371722957
forecast_7153,2025-10-26 01:00:00,3729.4836915357073,3439.273702703984,3320.4660324982374
forecast_7154,2025-10-26 02:00:00,3718.0336907283754,3289.203366431417,3339.692992743574
forecast_7155,2025-10-26 03:00:00,3897.2545278513226,3398.2540058986124,3054.6019579365657
forecast_7156,2025-10-26 04:00:00,3985.121427989282,4063.7157853410995,3215.3810924112067
forecast_7157,2025-10-26 05:00:00,3846.629881326739,3823.660144153396,3695.1490915210225
forecast_7158,2025-10-26 06:00:00,3868.7922098341787,3696.4814684159005,3352.763073647709
forecast_7159,2025-10-26 07:00:00,4009.603962510178,4096.949809531528,3484.520666659903
forecast_7160,2025-10-26 08:00:00,4075.60990362763,4099.08087989975,3594.9511122315125
forecast_7161,2025-10-26 09:00:00,3771.594820897201,3856.6461096866283,3725.250500224197
forecast_7162,2025-10-26 10:00:00,4168.332149659704,4126.0970003641605,3657.934924941548
forecast_7163,2025-10-26 11:00:00,4192.766640163973,4237.494407130937,3743.896484096772
forecast_7164,2025-10-26 12:00:00,3893.0450424758374,4519.804912221664,3631.9470995236343
forecast_7165,2025-10-26 13:00:00,3885.0806109561017,3725.6836657071112,3476.7326277184648
forecast_7166,2025-10-26 14:00:00,3893.285450914298,3845.6477777732694,3275.1258424852704
forecast_7167,2025-10-26 15:00:00,3992.8057939753307,4132.642323479029,3632.4501421679915
forecast_7168,2025-10-26 16:00:00,4191.505231206649,3917.776468933783,3627.7031466799385
forecast_7169,2025-10-26 17:00:00,5068.389508085624,4048.5776784835452,3768.7825249136695
forecast_7170,2025-10-26 18:00:00,6487.867916967337,5948.3951188069495,4271.848104665162
forecast_7171,2025-10-26 19:00:00,7213.465868239039,7259.347995523943,5553.024568152752
forecast_7172,2025-10-26 20:00:00,9090.143848706539,8936.655245868407,6651.694218570422
forecast_7173,2025-10-26 21:00:00,9217.808998130437,9833.146814238578,8094.657840242018
forecast_7174,2025-10-26 22:00:00,9491.594708425935,10555.937744805953,9243.061595329065
forecast_7175,2025-10-26 23:00:00,10270.173861237989,11572.850320737336,10354.221347039593
forecast_7176,2025-10-27 00:00:00,10923.241462492242,11361.117924343911,11020.462102448782
forecast_7177,2025-10-27 01:00:00,13947.574292425032,15415.36679141805,12977.91110181218
forecast_7178,2025-10-27 02:00:00,15804.823128520064,16329.903889159328,13848.547099962003
forecast_7179,2025-10-27 03:00:00,17200.91970531676,17631.64714433222,15292.952458584557
forecast_7180,2025-10-27 04:00:00,17128.918058163406,17526.76538545536,15383.936459626302
forecast_7181,2025-10-27 05:00:00,17278.556245082465,16991.913798023437,14307.907379008802
forecast_7182,2025-10-27 06:00:00,14622.92968171816,15613.343615652851,12268.729197288854
forecast_7183,2025-10-27 07:00:00,12971.754720742125,15713.393016384001,10664.909600168856
forecast_7184,2025-10-27 08:00:00,12580.555342326159,15107.5367664747,10185.082062900523
forecast_7185,2025-10-27 09:00:00,11414.931454726138,11995.779964028148,8366.962664542652
forecast_7186,2025-10-27 10:00:00,11465.650140633656,11542.48172632897,8051.510437923714
forecast_7187,2025-10-27 11:00:00,10817.1153865549,11156.567320797309,8121.942517357677
forecast_7188,2025-10-27 12:00:00,11004.143029888284,11193.345419224897,8909.305756366664
forecast_7189,2025-10-27 13:00:00,11409.734305911146,11679.48290083328,8503.063735702917
forecast_7190,2025-10-27 14:00:00,12979.968476761816,12909.471308474122,9018.796774101505
forecast_7191,2025-10-27 15:00:00,13075.533010781846,13088.548306060917,9510.555614431696
forecast_7192,2025-10-27 16:00:00,13618.535233785942,13715.081246263499,10267.342170092092
forecast_7193,2025-10-27 17:00:00,13669.20622707659,14348.14305756705,9747.032078380953
forecast_7194,2025-10-27 18:00:00,12814.02230289358,14209.785530103909,9855.750449202498
forecast_7195,2025-10-27 19:00:00,12219.36599441903,13478.202785711723,9757.550400406673
forecast_7196,2025-10-27 20:00:00,11941.71794011192,13462.53623350378,9761.480133714485
forecast_7197,2025-10-27 21:00:00,12067.310541612398,13498.465608991595,10568.135689827825
forecast_7198,2025-10-27 22:00:00,12000.389306678026,12651.85869299401,9770.012085791035
forecast_7199,2025-10-27 23:00:00,11158.090428628313,13220.950885871982,10008.383216010032
forecast_7200,2025-10-28 00:00:00,12090.481700564682,11880.210454625747,9401.437937181528
forecast_7201,2025-10-28 01:00:00,10585.194602168172,11680.260288906888,9980.963257199963
forecast_7202,2025-10-28 02:00:00,10390.762426606541,11275.245318683617,10376.335444506334
forecast_7203,2025-10-28 03:00:00,13169.915637750088,12205.348207016243,10955.378516201325
forecast_7204,2025-10-28 04:00:00,13428.47620872229,12923.371886736877,8817.04923022203
forecast_7205,2025-10-28 05:00:00,11801.89815012893,12593.102695136644,9145.190422428546
forecast_7206,2025-10-28 06:00:00,10896.514276296879,11764.87600717224,8633.155256033093
forecast_7207,2025-10-28 07:00:00,10491.120359521981,11362.690171299184,7991.779556658089
forecast_7208,2025-10-28 08:00:00,7854.779964332743,9569.090232793396,6850.536935561085
forecast_7209,2025-10-28 09:00:00,7020.617209742244,7526.83752785767,4352.642528640384
forecast_7210,2025-10-28 10:00:00,5235.624283259738,5259.372454510286,4334.932809891645
forecast_7211,2025-10-28 11:00:00,4072.2901904092255,3934.484954385509,3781.8318530504025
forecast_7212,2025-10-28 12:00:00,3895.36673206823,3544.0179812503407,3340.2024728503347
forecast_7213,2025-10-28 13:00:00,3923.3426415631216,3938.024329969079,3358.71763965222
forecast_7214,2025-10-28 14:00:00,4104.627652616735,3832.0352233621493,3470.0821256166428
forecast_7215,2025-10-28 15:00:00,3849.4211816789752,3892.071803653732,3754.5689171309177
forecast_7216,2025-10-28 16:00:00,3889.9793405655455,3764.033107125773,3703.0990410613626
forecast_7217,2025-10-28 17:00:00,3961.873827194215,4168.897092848608,3694.100031684153
forecast_7218,2025-10-28 18:00:00,5092.844477542779,5269.1820022857055,3808.651719028655
forecast_7219,2025-10-28 19:00:00,6554.4735868976895,6369.91118588213,5234.507219768155
forecast_7220,2025-10-28 20:00:00,7805.232766768632,8286.48426766027,7130.4017795507625
forecast_7221,2025-10-28 21:00:00,8768.562960752086,9340.03793646778,7065.292161967058
forecast_7222,2025-10-28 22:00:00,9482.882992083976,9959.751126882215,7126.7510121943415
forecast_7223,2025-10-28 23:00:00,10189.93671692956,10891.779711244686,7206.778846536203
forecast_7224,2025-10-29 00:00:00,9833.122286529788,10086.117037727252,7646.103519112016
forecast_7225,2025-10-29 01:00:00,5884.880224666018,5866.569699210393,3808.37937137286
forecast_7226,2025-10-29 02:00:00,5181.906714167314,5159.236288865843,3846.066620005404
forecast_7227,2025-10-29 03:00:00,5011.253133100453,5106.164875648535,3778.5586761100703
forecast_7228,2025-10-29 04:00:00,5216.901091347175,4267.993131349429,3658.735716319147
forecast_7229,2025-10-29 05:00:00,4916.326283588043,4803.5962058050345,3620.03244728708
forecast_7230,2025-10-29 06:00:00,4446.953833239522,4318.422112884991,3079.6845461308394
forecast_7231,2025-10-29 07:00:00,3774.339204547482,3641.2262287593776,3270.739367230275
forecast_7232,2025-10-29 08:00:00,3482.8081675008034,3555.7939117230767,3351.6133930657106
forecast_7233,2025-10-29 09:00:00,3323.31271041934,3787.1473414117577,3731.207066880825
forecast_7234,2025-10-29 10:00:00,2510.2069786025727,3153.963609264814,135.2833754887405
forecast_7235,2025-10-29 11:00:00,2287.4027822027238,2591.5750263756145,12.807906648451953
forecast_7236,2025-10-29 12:00:00,4179.591269938166,2764.6986248733783,1.2967505982685772
forecast_7237,2025-10-29 13:00:00,3756.624284403002,2607.8987338819657,1.3902358792907452
forecast_7238,2025-10-29 14:00:00,3.3108182869299903,2733.6224353285957,1.2395277541082046
forecast_7239,2025-10-29 15:00:00,5080.16512149351,7739.359093246754,6587.885974992752
forecast_7240,2025-10-29 16:00:00,5172.076926935354,7742.613733305123,6589.911390277735
forecast_7241,2025-10-29 17:00:00,3618.9183286736315,2878.836339468358,6641.284336435439
forecast_7242,2025-10-29 18:00:00,3584.798752896737,3805.7056210053624,5203.759379386223
forecast_7243,2025-10-29 19:00:00,3491.541327781942,3237.4345208855957,3782.2999081391545
forecast_7244,2025-10-29 20:00:00,3918.5184982545925,3512.941795405322,3321.3135353489142
forecast_7245,2025-10-29 21:00:00,4247.734010052222,4172.587860931215,3404.864588127275
forecast_7246,2025-10-29 22:00:00,4719.978474473809,4638.179834024274,3359.192948487083
forecast_7247,2025-10-29 23:00:00,4935.72885504409,5879.411924124192,3782.8347019779117
forecast_7248,2025-10-30 00:00:00,6946.452661020043,6213.986368282232,3767.5178368411093
forecast_7249,2025-10-30 01:00:00,6770.313369552425,6726.76600492722,4552.144611634955
forecast_7250,2025-10-30 02:00:00,7471.463611318757,8000.196012926801,5408.778357973589
forecast_7251,2025-10-30 03:00:00,10317.189659994294,9399.071997873589,6894.43175161337
forecast_7252,2025-10-30 04:00:00,10577.747734614348,11322.718861612166,8744.812210468766
forecast_7253,2025-10-30 05:00:00,12264.304122459947,12089.759049042279,9456.536310313193
forecast_7254,2025-10-30 06:00:00,11464.640047578,12276.211554549118,8764.85280776664
forecast_7255,2025-10-30 07:00:00,10588.472439050449,10416.832341825051,7571.069232672984
forecast_7256,2025-10-30 08:00:00,9473.614604278551,9132.431047154823,6167.327529068299
forecast_7257,2025-10-30 09:00:00,8228.951640349067,7606.72098271686,4666.66440023177
forecast_7258,2025-10-30 10:00:00,5669.874733938755,5632.692166478091,3761.981140584544
forecast_7259,2025-10-30 11:00:00,4227.423825714775,4192.865498085383,3738.7254834132646
forecast_7260,2025-10-30 12:00:00,4043.9396422864374,3994.9465541168847,3364.40032537148
forecast_7261,2025-10-30 13:00:00,3674.6350546573085,3554.6467015098683,3250.7303368040743
forecast_7262,2025-10-30 14:00:00,4133.194597049916,3491.520816360731,3362.386545857295
forecast_7263,2025-10-30 15:00:00,3973.3458482967353,3535.6893864757685,3432.8176184117283
forecast_7264,2025-10-30 16:00:00,3527.282278255773,3869.8929136990223,3182.201278149604
forecast_7265,2025-10-30 17:00:00,3949.979119252213,3864.9858660843374,3474.0189477363565
forecast_7266,2025-10-30 18:00:00,4595.743472228034,3885.632125868889,3397.121823888046
forecast_7267,2025-10-30 19:00:00,5295.823493469532,4026.693165727692,3793.1830937375753
forecast_7268,2025-10-30 20:00:00,4501.536634413855,4428.7227154948505,3800.243714629251
forecast_7269,2025-10-30 21:00:00,5333.959721830043,5023.933424087099,3623.5501094933174
forecast_7270,2025-10-30 22:00:00,4113.074667601425,3956.248305063795,3402.1803329550016
forecast_7271,2025-10-30 23:00:00,3817.986961594218,3995.029570694106,3497.1024749727717
forecast_7272,2025-10-31 00:00:00,3898.2521436331876,4019.0197505491674,3630.906989705084
forecast_7273,2025-10-31 01:00:00,3814.5948090384695,3410.4216573489703,3262.096766020555
forecast_7274,2025-10-31 02:00:00,3526.87428474396,3065.546325820296,3439.611183343055
forecast_7275,2025-10-31 03:00:00,3855.626061423269,2940.4922812942427,3463.924307445637
forecast_7276,2025-10-31 04:00:00,2582.785045440758,2659.984790405389,2595.640897751701
forecast_7277,2025-10-31 05:00:00,3394.98152762113,3387.655557490636,108.51567896141168
forecast_7278,2025-10-31 06:00:00,3241.7181167199797,3719.5770673758743,80.99657530761775
forecast_7279,2025-10-31 07:00:00,3150.1250039266556,3302.222372462867,66.24965080444002
forecast_7280,2025-10-31 08:00:00,2548.3476987378663,2849.084787900559,73.81911950439883
forecast_7281,2025-10-31 09:00:00,3215.8669897431178,3873.1911878285773,2233.487669541648
forecast_7282,2025-10-31 10:00:00,2931.909675182029,2751.815417572758,2450.409094355983
forecast_7283,2025-10-31 11:00:00,2826.683721341696,2588.6588500523812,2433.04446756764
forecast_7284,2025-10-31 12:00:00,177.20148235576096,177.92454162881842,89.35629260064889
forecast_7285,2025-10-31 13:00:00,133.1253367370779,130.1670002325891,80.31778923475603
forecast_7286,2025-10-31 14:00:00,81.45943934852387,81.12098570581864,50.47831297060094
forecast_7287,2025-10-31 15:00:00,65.98999786709301,65.4451542711086,54.84046551237947
forecast_7288,2025-10-31 16:00:00,84.47400179130837,81.77192396457374,54.76081724035217
forecast_7289,2025-10-31 17:00:00,3943.1012273739125,6246.588680069154,3863.461887595746
forecast_7290,2025-10-31 18:00:00,3317.1185993242857,3255.482897280268,3743.127585858585
forecast_7291,2025-10-31 19:00:00,3937.614277546493,3959.0822579391775,3354.241884677432
forecast_7292,2025-10-31 20:00:00,5053.248134836862,5084.51839363188,3907.4500307800545
forecast_7293,2025-10-31 21:00:00,10228.937635036229,5584.208388465922,4697.230553721609
forecast_7294,2025-10-31 22:00:00,7882.3550227572205,7832.425696673994,5520.280571150644
forecast_7295,2025-10-31 23:00:00,9047.949453583813,9205.122665015,6077.07132661228
forecast_7296,2025-11-01 00:00:00,8390.424732181718,9397.801840438482,6090.060588571219
forecast_7297,2025-11-01 01:00:00,12238.708818226844,12646.53004483318,6594.973936583001
forecast_7298,2025-11-01 02:00:00,11332.342420451243,13069.508032026124,6605.267254762932
forecast_7299,2025-11-01 03:00:00,10308.340116104062,11708.21118796997,6712.284745248746
forecast_7300,2025-11-01 04:00:00,10662.136551215805,11342.989039655304,8684.993992028261
forecast_7301,2025-11-01 05:00:00,12267.838707416267,13514.693736372536,10800.965526258873
forecast_7302,2025-11-01 06:00:00,13126.059409424608,15097.282366186784,12245.814012545587
forecast_7303,2025-11-01 07:00:00,12634.030839561143,13206.062140092414,10404.382749028804
forecast_7304,2025-11-01 08:00:00,12722.06339499903,13235.194604716215,10236.878130400255
forecast_7305,2025-11-01 09:00:00,13420.859387667477,14895.779433764152,11055.421875408525
forecast_7306,2025-11-01 10:00:00,13974.737501082376,14629.632974826995,10459.368806433835
forecast_7307,2025-11-01 11:00:00,13955.440360639785,14341.341060460098,10223.032967385987
forecast_7308,2025-11-01 12:00:00,13427.648434796272,13165.573182319842,9619.88987730764
forecast_7309,2025-11-01 13:00:00,13514.010373715757,13682.903798469342,9722.588459691962
forecast_7310,2025-11-01 14:00:00,13671.106220163474,13436.46396034995,9462.751242059045
forecast_7311,2025-11-01 15:00:00,13639.26921745599,13446.434463959486,10239.58125730926
forecast_7312,2025-11-01 16:00:00,13453.684056328175,13651.216029779967,10029.174589336504
forecast_7313,2025-11-01 17:00:00,13309.21897512509,14336.418170319852,10123.778353737382
forecast_7314,2025-11-01 18:00:00,12890.134902427246,14214.56671233529,10597.299744202386
forecast_7315,2025-11-01 19:00:00,13504.040912835637,14598.253079347123,11419.220489811463
forecast_7316,2025-11-01 20:00:00,14024.185251814597,15165.323294824622,12796.74555869062
forecast_7317,2025-11-01 21:00:00,15170.910808024733,15001.82301180219,13217.163411500555
forecast_7318,2025-11-01 22:00:00,16055.249654112475,15606.86095842491,14576.02486088543
forecast_7319,2025-11-01 23:00:00,16129.47369248624,16618.670350118442,15082.7463068411
forecast_7320,2025-11-02 00:00:00,16782.401767241987,17048.936754434482,16196.953828150528
forecast_7321,2025-11-02 01:00:00,16569.338551914698,17377.09181046874,15783.755962873092
forecast_7322,2025-11-02 02:00:00,16428.386177397842,16858.527160647198,15708.56639567709
forecast_7323,2025-11-02 03:00:00,16193.566795708646,16654.79798988918,14804.74277394987
forecast_7324,2025-11-02 04:00:00,15964.956429377278,16557.05189914036,14387.843597965291
forecast_7325,2025-11-02 05:00:00,15862.60627063327,16471.146212203974,14496.648380629622
forecast_7326,2025-11-02 06:00:00,16155.287238428526,16619.07724029438,15011.667931864165
forecast_7327,2025-11-02 07:00:00,16240.34931485106,17127.791046634225,15233.649078090775
forecast_7328,2025-11-02 08:00:00,16977.22081227321,17743.37201352402,15692.08372518192
forecast_7329,2025-11-02 09:00:00,17087.667722086855,17662.961231353474,15849.299797548456
forecast_7330,2025-11-02 10:00:00,16918.28625445976,17485.852107642244,15678.03708999465
forecast_7331,2025-11-02 11:00:00,16723.782870566858,17055.125851377667,15030.741786624267
forecast_7332,2025-11-02 12:00:00,16165.807518052301,16609.748623006948,13841.809476958491
forecast_7333,2025-11-02 13:00:00,15213.29611114298,16121.783921440396,11977.451050508416
forecast_7334,2025-11-02 14:00:00,14585.650153822457,15500.246769378737,10518.476521743773
forecast_7335,2025-11-02 15:00:00,14068.398016470706,13598.738577160744,9707.450208470413
forecast_7336,2025-11-02 16:00:00,13572.479783679792,12843.492589277635,9483.644612217448
forecast_7337,2025-11-02 17:00:00,12670.783684665463,12192.737025407347,9145.535735913854
forecast_7338,2025-11-02 18:00:00,11796.081706164874,11870.493056629453,9500.59434994065
forecast_7339,2025-11-02 19:00:00,11385.570131686836,11584.799586951463,9827.16158383196
forecast_7340,2025-11-02 20:00:00,10169.2491902079,11029.831008556186,8742.775587313512
forecast_7341,2025-11-02 21:00:00,8883.942430537281,10030.003172267638,7656.622117257411
forecast_7342,2025-11-02 22:00:00,8864.45422293086,10894.924581967669,6994.162840873935
forecast_7343,2025-11-02 23:00:00,8570.173800972952,9227.493724761698,6719.455573329062
forecast_7344,2025-11-03 00:00:00,6622.284014881927,8958.405917703218,4910.224531620426
forecast_7345,2025-11-03 01:00:00,7692.430047653965,8294.97123121893,5973.646457308718
forecast_7346,2025-11-03 02:00:00,8054.734335373693,8476.247981856166,5640.332663256953
forecast_7347,2025-11-03 03:00:00,7512.529729656699,8100.600836945264,5103.644818286611
forecast_7348,2025-11-03 04:00:00,8314.249760976978,8231.48939490408,5962.7046710324685
forecast_7349,2025-11-03 05:00:00,6872.276048379044,7156.47660408639,4495.528756158466
forecast_7350,2025-11-03 06:00:00,5019.680625876959,6125.395437506263,3894.0356952143497
forecast_7351,2025-11-03 07:00:00,4019.1301449413622,4378.656390342095,3834.0837812754035
forecast_7352,2025-11-03 08:00:00,3698.7700995382247,4064.249156853142,3439.5710592706746
forecast_7353,2025-11-03 09:00:00,3265.38218680126,3621.933714879163,3160.844855744063
forecast_7354,2025-11-03 10:00:00,3085.2479989585245,3367.8353465956307,3293.7530278097875
forecast_7355,2025-11-03 11:00:00,3007.37918097026,3369.129269020792,2546.449976638953
forecast_7356,2025-11-03 12:00:00,3172.2287996173263,2705.1252060507445,2432.4784252066806
forecast_7357,2025-11-03 13:00:00,147.96845597155558,190.112717831732,166.7890092919354
forecast_7358,2025-11-03 14:00:00,49.39164256338684,75.55888781475372,64.67195871268243
forecast_7359,2025-11-03 15:00:00,15.227068114202837,26.026430941539783,24.465310085553373
forecast_7360,2025-11-03 16:00:00,25.306257256037124,22.346804214972884,0.1512791454712433
forecast_7361,2025-11-03 17:00:00,4071.393782698893,6051.797870097721,3695.303973922935
forecast_7362,2025-11-03 18:00:00,2280.473503292111,2286.570686866636,4363.1531919774825
forecast_7363,2025-11-03 19:00:00,3209.3384449482396,3374.89934308971,2809.205046868411
forecast_7364,2025-11-03 20:00:00,4260.509577654659,3845.4814599779975,3351.7914730928355
forecast_7365,2025-11-03 21:00:00,3862.1166770703694,4047.8649657001624,3348.8223666773188
forecast_7366,2025-11-03 22:00:00,6120.678768392981,8026.277098343465,3768.3554873792546
forecast_7367,2025-11-03 23:00:00,7512.222787267231,7213.423163138328,4997.754726422163
forecast_7368,2025-11-04 00:00:00,8645.835999467503,12376.386716035495,5573.293313748057
forecast_7369,2025-11-04 01:00:00,7870.158312125206,10562.659933522114,6165.17290658139
forecast_7370,2025-11-04 02:00:00,8298.799711302583,8418.166504790195,6422.397418902767
forecast_7371,2025-11-04 03:00:00,10133.823828225373,12065.313963890507,6276.72613450537
forecast_7372,2025-11-04 04:00:00,9883.888517672742,13556.171393490065,6302.298930723162
forecast_7373,2025-11-04 05:00:00,12473.181762055649,13917.8659783362,7088.339330773528
forecast_7374,2025-11-04 06:00:00,14222.370000881574,14492.026795452744,8156.729628564707
forecast_7375,2025-11-04 07:00:00,11459.99752948838,14049.588749457002,8949.394351511302
forecast_7376,2025-11-04 08:00:00,12107.379647442913,13286.11183628176,10577.747349330202
forecast_7377,2025-11-04 09:00:00,11597.233611497346,11978.67375675896,11473.56304507305
forecast_7378,2025-11-04 10:00:00,11743.294746707099,12275.81741149173,11322.345667634623
forecast_7379,2025-11-04 11:00:00,11202.22528390184,11685.981894817518,10480.022186160531
forecast_7380,2025-11-04 12:00:00,10321.188952040946,10786.401749651017,8740.613901762219
forecast_7381,2025-11-04 13:00:00,9236.86225326399,9433.423739420025,7951.359671516975
forecast_7382,2025-11-04 14:00:00,9315.943838437717,8748.597074140202,7681.61422979292
forecast_7383,2025-11-04 15:00:00,8706.318537318619,8496.324126998807,7438.711477191671
forecast_7384,2025-11-04 16:00:00,7952.84110086908,8044.389065402861,6726.661348789168
forecast_7385,2025-11-04 17:00:00,7709.4077013253245,7362.711549928141,6453.265031373116
forecast_7386,2025-11-04 18:00:00,7863.414351328997,8069.244778078865,7948.176561364829
forecast_7387,2025-11-04 19:00:00,6889.836936287289,10051.904049247643,8811.13433568799
forecast_7388,2025-11-04 20:00:00,8819.982011951797,11232.360621969226,9869.518130991473
forecast_7389,2025-11-04 21:00:00,8557.892024646626,8875.238641808497,7361.187066368442
forecast_7390,2025-11-04 22:00:00,7430.3089217863235,8373.634504654197,6495.176038649987
forecast_7391,2025-11-04 23:00:00,6563.713803009807,7432.505935145111,5661.668809166095
forecast_7392,2025-11-05 00:00:00,8524.32726272569,8492.103726442743,5004.722030335082
forecast_7393,2025-11-05 01:00:00,8822.929182270627,8937.611127871949,4254.675209098185
forecast_7394,2025-11-05 02:00:00,7667.283641457423,7361.633738308771,3774.6737189746636
forecast_7395,2025-11-05 03:00:00,5299.241964363602,3947.1475912358533,3756.879485269093
forecast_7396,2025-11-05 04:00:00,3685.867659181265,3458.9309332579805,3027.309457080839
forecast_7397,2025-11-05 05:00:00,3618.9433090361317,3024.8362715696485,2805.57452670411
forecast_7398,2025-11-05 06:00:00,3536.5914034211632,2967.5863306977412,2563.188147158901
forecast_7399,2025-11-05 07:00:00,3481.215881207047,2407.8946426048933,73.5742214936892
forecast_7400,2025-11-05 08:00:00,3114.5986748199357,3266.828510706926,77.38101338895518
forecast_7401,2025-11-05 09:00:00,3018.2358277708963,3210.4477576118893,50.82802150060374
forecast_7402,2025-11-05 10:00:00,3807.3182648226148,3354.775970209786,2251.2980954810882
forecast_7403,2025-11-05 11:00:00,5996.113190510036,4847.93767841348,71.2144237050718
forecast_7404,2025-11-05 12:00:00,6186.77859085577,4153.857592831046,58.41223521244528
forecast_7405,2025-11-05 13:00:00,5886.771267752598,3234.571326944174,33.14631950760133
forecast_7406,2025-11-05 14:00:00,5867.709163982731,3922.563493431889,23.620968615874787
forecast_7407,2025-11-05 15:00:00,2370.50978442479,26.268342047155755,24.821902591602626
forecast_7408,2025-11-05 16:00:00,2272.5574846357977,28.932107108699462,25.584745850777153
forecast_7409,2025-11-05 17:00:00,2252.906943700602,2233.8007269789855,18.387592369695007
forecast_7410,2025-11-05 18:00:00,2662.299375869288,2724.7713196621967,14.337050119157478
forecast_7411,2025-11-05 19:00:00,3530.8420103980857,3555.3922174077506,2881.5924222199287
forecast_7412,2025-11-05 20:00:00,3510.4616418639675,3511.275367480256,2894.917956846508
forecast_7413,2025-11-05 21:00:00,3469.0024490181863,3504.385248914352,3470.934730945362
forecast_7414,2025-11-05 22:00:00,3847.283457241148,3412.1387977463023,3508.2498937416676
forecast_7415,2025-11-05 23:00:00,3554.5354265329574,3595.0581083711672,4634.033965461387
forecast_7416,2025-11-06 00:00:00,3973.210509614383,3289.8129809907464,3352.711380079602
forecast_7417,2025-11-06 01:00:00,3421.6347504894884,3393.907746294227,3448.085215292012
forecast_7418,2025-11-06 02:00:00,3786.5462757255414,3890.6384187347107,3450.375119404461
forecast_7419,2025-11-06 03:00:00,4451.182415466732,3933.4673567779832,3672.7730997769963
forecast_7420,2025-11-06 04:00:00,4962.654803992713,4692.394534440856,3638.0751044430153
forecast_7421,2025-11-06 05:00:00,6164.8112059193845,5634.387329062652,3803.823619064761
forecast_7422,2025-11-06 06:00:00,6037.154420152047,5455.743685606528,3678.5994607109724
forecast_7423,2025-11-06 07:00:00,5240.045671841105,5282.72317468393,3863.3585158223414
forecast_7424,2025-11-06 08:00:00,3910.317305443098,3987.5927830421388,3590.512152473748
forecast_7425,2025-11-06 09:00:00,3718.033716185645,3909.2695398566148,3211.6951827021157
forecast_7426,2025-11-06 10:00:00,3006.136872252827,3065.9937101991627,2316.3665408610686
forecast_7427,2025-11-06 11:00:00,2955.366459749158,3241.6910197053157,63.35426223694398
forecast_7428,2025-11-06 12:00:00,3832.784593108815,3131.546592093554,29.72860360531479
forecast_7429,2025-11-06 13:00:00,3814.7768659312837,3055.7664413777507,16.630097299288217
forecast_7430,2025-11-06 14:00:00,2970.6100491001057,2807.130296401387,24.336752360504313
forecast_7431,2025-11-06 15:00:00,3022.5599062798697,2649.3388657382943,2171.9986603107277
forecast_7432,2025-11-06 16:00:00,3928.452307100382,2723.9915419571284,37.00622427439609
forecast_7433,2025-11-06 17:00:00,2778.1694445867593,2871.932001662017,101.63379460982733
forecast_7434,2025-11-06 18:00:00,3779.498962118023,3858.297091350988,3038.2161600262807
forecast_7435,2025-11-06 19:00:00,3012.882063413388,3904.939366069025,3082.10866929607
forecast_7436,2025-11-06 20:00:00,2969.7033862789476,2550.732033067112,240.4008774655844
forecast_7437,2025-11-06 21:00:00,3928.8338811144463,3982.9154721346204,3119.038599024942
forecast_7438,2025-11-06 22:00:00,3873.988701392141,3238.19597708762,3716.7045840990045
forecast_7439,2025-11-06 23:00:00,3720.985317010098,3722.6769349839255,3673.260242910882
forecast_7440,2025-11-07 00:00:00,2816.986984186938,3293.0405498616255,2651.5418026523084
forecast_7441,2025-11-07 01:00:00,3782.6995960255695,3315.462879457958,2609.0147502902832
forecast_7442,2025-11-07 02:00:00,3978.766816787314,3828.2592451775695,4042.3706207749588
forecast_7443,2025-11-07 03:00:00,3919.4859396548172,3888.9597881913523,3443.3645149876857
forecast_7444,2025-11-07 04:00:00,4050.7776994871733,3861.8353086206184,3438.808221618522
forecast_7445,2025-11-07 05:00:00,3900.343989015543,3884.8051144783512,3535.3082007057237
forecast_7446,2025-11-07 06:00:00,3962.3983675414415,3898.446657422361,3753.689657966299
forecast_7447,2025-11-07 07:00:00,3838.1454036040122,4113.764723323624,3451.273919153818
forecast_7448,2025-11-07 08:00:00,3358.006340632137,3674.2199097943094,2547.2669602444585
forecast_7449,2025-11-07 09:00:00,2639.342865814601,2693.866658064988,91.79231269593645
forecast_7450,2025-11-07 10:00:00,66.30082470501571,2619.0140656668427,34.980659157424114
forecast_7451,2025-11-07 11:00:00,4.691970687664987,2316.6940618355957,5.785978890462053
forecast_7452,2025-11-07 12:00:00,16.810997738490478,13.511944971892955,5.308586861672333
forecast_7453,2025-11-07 13:00:00,71.00253977866444,80.35154898015665,53.30509833064009
forecast_7454,2025-11-07 14:00:00,2710.3278662770385,212.2761905431147,177.82583565281502
forecast_7455,2025-11-07 15:00:00,3636.6376478164357,4004.730965169064,352.4678614153562
forecast_7456,2025-11-07 16:00:00,2884.251737669734,3709.8649176081226,3222.244061889038
forecast_7457,2025-11-07 17:00:00,3222.496713957403,3666.85858099039,2681.0823229854623
forecast_7458,2025-11-07 18:00:00,3304.106336493824,3756.4770192592587,3357.3350292869745
forecast_7459,2025-11-07 19:00:00,3158.7617725012633,3439.967701198542,2647.481436423627
forecast_7460,2025-11-07 20:00:00,3366.2076411105418,3460.517554949029,2941.538943925007
forecast_7461,2025-11-07 21:00:00,3465.964322374044,3543.7503673037136,3072.23388108653
forecast_7462,2025-11-07 22:00:00,3414.05447144378,3495.695205097474,3351.8390835472082
forecast_7463,2025-11-07 23:00:00,3224.753967276891,3552.5363207569694,3210.6136189849644
forecast_7464,2025-11-08 00:00:00,3325.422486380551,3461.403540328717,3313.5022578604026
forecast_7465,2025-11-08 01:00:00,3457.9884566178516,3435.2426610560547,2738.5033989166322
forecast_7466,2025-11-08 02:00:00,2850.261200297306,3117.909955289214,3146.4848827298565
forecast_7467,2025-11-08 03:00:00,3440.198634892177,3142.3987862879553,2844.5940528365263
forecast_7468,2025-11-08 04:00:00,3110.4837793550237,3413.844219563035,2715.8452569255674
forecast_7469,2025-11-08 05:00:00,3304.4408501568273,3177.4509950556,2863.6618977481667
forecast_7470,2025-11-08 06:00:00,3516.806766949052,3557.8276566997465,3063.335733161335
forecast_7471,2025-11-08 07:00:00,3657.3214371794775,3794.2783618107255,2904.872700164841
forecast_7472,2025-11-08 08:00:00,3810.9930226854917,3580.707864748235,3322.4727904085285
forecast_7473,2025-11-08 09:00:00,3567.3058167097,3519.218179485605,2843.011490447051
forecast_7474,2025-11-08 10:00:00,3567.0246418866113,3505.395997332333,3370.143145214723
forecast_7475,2025-11-08 11:00:00,3818.167285974347,3426.867610463362,4004.2520562636387
forecast_7476,2025-11-08 12:00:00,3408.883019238453,3347.1309430649767,2141.2865021380035
forecast_7477,2025-11-08 13:00:00,3879.173605656192,3856.1137920713363,2699.383671381431
forecast_7478,2025-11-08 14:00:00,3784.6667141372764,3909.89594838775,3608.158273269426
forecast_7479,2025-11-08 15:00:00,3886.7270712915897,3864.8286399004046,3285.189564458933
forecast_7480,2025-11-08 16:00:00,3881.459086600771,3751.0107562181674,3244.768323181409
forecast_7481,2025-11-08 17:00:00,3596.619776715309,3894.928901814611,3329.12340017698
forecast_7482,2025-11-08 18:00:00,3766.549476833326,3910.4847226213005,3139.5277671801996
forecast_7483,2025-11-08 19:00:00,3853.1957119449,3923.9010657968856,3786.90792272298
forecast_7484,2025-11-08 20:00:00,4306.939475365234,4487.721022482249,3784.273358814915
forecast_7485,2025-11-08 21:00:00,5899.763444058135,6577.986613783774,3837.6662706925767
forecast_7486,2025-11-08 22:00:00,6673.7590868240095,7613.006673702402,4627.816991121454
forecast_7487,2025-11-08 23:00:00,9682.360894825548,10508.122605149898,6389.241224814725
forecast_7488,2025-11-09 00:00:00,8775.1495747198,9066.922246176759,6304.664688203095
forecast_7489,2025-11-09 01:00:00,7471.516901707486,7981.417946196578,5850.684103014245
forecast_7490,2025-11-09 02:00:00,8047.5273501227,8217.891410281138,6171.355991382213
forecast_7491,2025-11-09 03:00:00,8683.542741172461,9506.332946517843,5911.675701561094
forecast_7492,2025-11-09 04:00:00,10388.500286300492,10927.525319123482,7287.873806033997
forecast_7493,2025-11-09 05:00:00,11357.250485532135,13112.4683665408,8837.237083840284
forecast_7494,2025-11-09 06:00:00,15366.697249181816,14981.01155845061,10447.845805379588
forecast_7495,2025-11-09 07:00:00,14855.818792745451,15301.961107950126,10890.652861197186
forecast_7496,2025-11-09 08:00:00,15062.72764022732,15465.996005513029,11212.074686833075
forecast_7497,2025-11-09 09:00:00,17129.638232898655,15434.157637054446,11648.318776172304
forecast_7498,2025-11-09 10:00:00,14460.90679924394,16597.343666877943,12807.263843481946
forecast_7499,2025-11-09 11:00:00,12808.118951364306,13916.202366728347,11965.63166093715
forecast_7500,2025-11-09 12:00:00,11736.03603108185,12744.31030263519,10856.18947327324
forecast_7501,2025-11-09 13:00:00,11284.083928809529,13244.905247735232,9633.027595437523
forecast_7502,2025-11-09 14:00:00,11881.488014400951,12059.486152929767,10088.05096816233
forecast_7503,2025-11-09 15:00:00,12640.847394094513,12572.6516017207,10498.78578609146
forecast_7504,2025-11-09 16:00:00,13898.407609954005,13218.857721177366,9983.08028247064
forecast_7505,2025-11-09 17:00:00,13637.53829717785,13719.96910094422,9855.641594730803
forecast_7506,2025-11-09 18:00:00,13997.251747826696,14108.130991672397,10636.06071359634
forecast_7507,2025-11-09 19:00:00,14794.844418319199,15215.362855513644,12367.85766395443
forecast_7508,2025-11-09 20:00:00,16001.895010464881,16502.69278246071,13480.193636159065
forecast_7509,2025-11-09 21:00:00,16565.069990285716,17163.842605773712,13533.973140882976
forecast_7510,2025-11-09 22:00:00,15896.886903138624,16581.059401632225,12839.454682961246
forecast_7511,2025-11-09 23:00:00,14820.066664952548,15107.658605186338,12062.042095903216
forecast_7512,2025-11-10 00:00:00,14393.291444749946,14428.792893055584,11281.990636272181
forecast_7513,2025-11-10 01:00:00,13697.65851136278,13739.518264198221,9977.034518901854
forecast_7514,2025-11-10 02:00:00,13394.378581656454,12599.862883074842,11834.62709320343
forecast_7515,2025-11-10 03:00:00,13095.29938550399,13589.285299176523,11204.84300436644
forecast_7516,2025-11-10 04:00:00,13248.128083537595,13463.685161329544,11289.51239228822
forecast_7517,2025-11-10 05:00:00,13493.663218178715,14267.271516346264,12231.995599780083
forecast_7518,2025-11-10 06:00:00,14673.516692586847,15170.03389375906,13718.91829182341
forecast_7519,2025-11-10 07:00:00,14984.93831675854,15513.792903159285,14055.050574768176
forecast_7520,2025-11-10 08:00:00,14947.037106630138,15629.54224243993,13554.056348027803
forecast_7521,2025-11-10 09:00:00,13935.315048705781,14752.905316618228,12500.507824856813
forecast_7522,2025-11-10 10:00:00,12985.15899643218,13193.533340907676,10612.529271738915
forecast_7523,2025-11-10 11:00:00,11298.41569641833,11854.950633818931,9194.10602163303
forecast_7524,2025-11-10 12:00:00,8570.365086919186,8880.604337407023,7122.538050594668
forecast_7525,2025-11-10 13:00:00,7639.9287751157,7332.015324034164,4365.099664694792
forecast_7526,2025-11-10 14:00:00,5500.963811722286,6558.866220661198,3780.346813352504
forecast_7527,2025-11-10 15:00:00,5825.361584248027,5700.612930502545,4100.690354683231
forecast_7528,2025-11-10 16:00:00,5344.510354921452,5561.871752770236,4310.756864569057
forecast_7529,2025-11-10 17:00:00,7602.2342095250015,7571.883275686474,5297.217392052885
forecast_7530,2025-11-10 18:00:00,9957.683076833157,10259.324931600277,8399.304169098801
forecast_7531,2025-11-10 19:00:00,14505.374096654756,14840.848950304211,11056.389181019387
forecast_7532,2025-11-10 20:00:00,16802.052446344947,16696.024656362137,13674.975479404238
forecast_7533,2025-11-10 21:00:00,18409.3027347849,19045.972727974342,14825.383813376568
forecast_7534,2025-11-10 22:00:00,18478.336020718547,18666.579761743345,14030.516507535014
forecast_7535,2025-11-10 23:00:00,18693.867762427293,18715.084320944417,14882.974130076404
forecast_7536,2025-11-11 00:00:00,19270.922535799327,18817.0585953629,14702.301885444958
forecast_7537,2025-11-11 01:00:00,19032.684390225226,18730.835724081204,15093.420963143337
forecast_7538,2025-11-11 02:00:00,19364.91035071084,18802.259815800186,14838.010396862554
forecast_7539,2025-11-11 03:00:00,18282.784203787825,18471.567199401186,13297.80890668692
forecast_7540,2025-11-11 04:00:00,17141.15060661105,17434.400789302228,11418.02962124745
forecast_7541,2025-11-11 05:00:00,11596.020735561859,13546.327727971611,8113.890326800056
forecast_7542,2025-11-11 06:00:00,9628.021657699532,9292.785168794908,5927.594230945266
forecast_7543,2025-11-11 07:00:00,7172.520940647414,6298.688836489186,4293.702783662841
forecast_7544,2025-11-11 08:00:00,5833.583964264334,4510.701231486608,3849.966430825129
forecast_7545,2025-11-11 09:00:00,4494.097663354758,4095.071331538826,3783.3963173526763
forecast_7546,2025-11-11 10:00:00,3921.5021177833487,3804.390720838652,3767.04503831451
forecast_7547,2025-11-11 11:00:00,4005.6997698533582,3880.427772496902,3548.447049307331
forecast_7548,2025-11-11 12:00:00,4085.186514053701,3923.7573699306563,3496.7307511707604
forecast_7549,2025-11-11 13:00:00,3402.3831435972897,3397.121059642374,3556.816381791347
forecast_7550,2025-11-11 14:00:00,3034.5175465868406,2792.3243579712857,2856.738037644009
forecast_7551,2025-11-11 15:00:00,3383.9406942192586,3402.6052849532734,3525.807705351762
forecast_7552,2025-11-11 16:00:00,3221.7569348631796,3416.5901969198194,2804.146842681593
forecast_7553,2025-11-11 17:00:00,3158.824229865455,3172.7127933923625,3301.281753291514
forecast_7554,2025-11-11 18:00:00,3060.043430494588,3459.381436477362,3222.9350173397365
forecast_7555,2025-11-11 19:00:00,2843.2927838445557,3952.681927366423,3715.250009233701
forecast_7556,2025-11-11 20:00:00,3815.119964153427,3795.031326256464,3845.625428505325
forecast_7557,2025-11-11 21:00:00,3749.4381845786847,2810.844373578584,3679.7298776400844
forecast_7558,2025-11-11 22:00:00,3528.5540821508166,2469.856515798198,3975.0119110462383
forecast_7559,2025-11-11 23:00:00,2975.390148618054,2573.649121032226,3490.150636128916
forecast_7560,2025-11-12 00:00:00,2852.5638232596966,2976.9341822654933,3438.0267648699855
forecast_7561,2025-11-12 01:00:00,3687.633036898453,3070.415412384163,2703.4187038473956
forecast_7562,2025-11-12 02:00:00,3468.621595526552,3128.6650173370626,3741.574053776688
forecast_7563,2025-11-12 03:00:00,3587.5055125595045,3674.92529916026,3064.9833175479384
forecast_7564,2025-11-12 04:00:00,3600.143998253144,3634.3167595952414,3736.1206861987894
forecast_7565,2025-11-12 05:00:00,3679.8306558259264,3848.7833579930902,3762.6573116499962
forecast_7566,2025-11-12 06:00:00,4345.572400054913,4347.4752071411,3364.7099523085535
forecast_7567,2025-11-12 07:00:00,3975.7805212530175,3945.1169883170123,3660.88622252046
forecast_7568,2025-11-12 08:00:00,4434.638938047229,4235.308478556038,3668.645731468785
forecast_7569,2025-11-12 09:00:00,4747.291237087048,4804.054735410424,3795.6801754769194
forecast_7570,2025-11-12 10:00:00,4360.352948549181,4673.0523846866345,3807.9130389636293
forecast_7571,2025-11-12 11:00:00,4464.722809877555,4511.86003939772,3890.073197462022
forecast_7572,2025-11-12 12:00:00,5198.066928575815,5467.006837014636,4125.585957674401
forecast_7573,2025-11-12 13:00:00,5146.52149116182,5979.181944222244,4718.237068441896
forecast_7574,2025-11-12 14:00:00,5393.1948553233815,4929.231991663208,4425.243971945593
forecast_7575,2025-11-12 15:00:00,5408.2895216685565,4884.648018425608,4476.695672309159
forecast_7576,2025-11-12 16:00:00,5654.9243780835095,5675.880958112427,5053.816869745382
forecast_7577,2025-11-12 17:00:00,8337.522308744758,7720.9399776603095,6554.2713991288165
forecast_7578,2025-11-12 18:00:00,11028.625561880966,10303.289796852512,8766.476316860977
forecast_7579,2025-11-12 19:00:00,12560.895891560098,12770.551108356969,10430.841309671028
forecast_7580,2025-11-12 20:00:00,16329.425460273405,17733.51214021378,13168.052700134813
forecast_7581,2025-11-12 21:00:00,16408.196947959455,17855.075149652203,13469.187830372746
forecast_7582,2025-11-12 22:00:00,17475.75756679141,17753.662271505505,14162.388325557551
forecast_7583,2025-11-12 23:00:00,18108.797930223467,18913.35959970371,15950.744730613731
forecast_7584,2025-11-13 00:00:00,19158.34525383707,19284.740987888348,17333.655798428725
forecast_7585,2025-11-13 01:00:00,20308.52030376296,19879.14406370157,17644.402257469133
forecast_7586,2025-11-13 02:00:00,19881.030999750194,19872.96283949247,18051.95503638855
forecast_7587,2025-11-13 03:00:00,19904.075137203487,19901.523522546337,17458.08862880942
forecast_7588,2025-11-13 04:00:00,18934.080975926765,18726.49406298128,17252.7548854336
forecast_7589,2025-11-13 05:00:00,18337.928317172893,17147.83719922358,15550.665681741044
forecast_7590,2025-11-13 06:00:00,15914.584829406056,17426.855223257746,14872.22103859908
forecast_7591,2025-11-13 07:00:00,14739.647453280058,15507.335220605208,13838.393903260621
forecast_7592,2025-11-13 08:00:00,12953.904347919493,14172.569912469382,11154.435167463345
forecast_7593,2025-11-13 09:00:00,11879.188253487306,12503.507525326124,9701.012332756856
forecast_7594,2025-11-13 10:00:00,11206.107009169054,11673.790805108123,9771.544817786455
forecast_7595,2025-11-13 11:00:00,9163.233269998798,10383.40590812381,8125.211907565959
forecast_7596,2025-11-13 12:00:00,6931.832703029788,7676.599696556204,5702.597346973489
forecast_7597,2025-11-13 13:00:00,5166.846879448617,5265.47576227673,3751.09125642651
forecast_7598,2025-11-13 14:00:00,3873.0342768841256,3874.7294178005345,3753.7441148441517
forecast_7599,2025-11-13 15:00:00,3864.8675820875305,3443.425279427992,3555.1940659863562
forecast_7600,2025-11-13 16:00:00,3897.5408707897227,3883.3513324775226,3717.242840408259
forecast_7601,2025-11-13 17:00:00,4994.568936091575,5143.988863314111,3683.755277909372
forecast_7602,2025-11-13 18:00:00,6313.318744760448,6714.67444623889,4148.294442029438
forecast_7603,2025-11-13 19:00:00,6070.018891435262,6337.473590673517,3993.1548524932805
forecast_7604,2025-11-13 20:00:00,5741.770252821945,5957.690170622409,3886.1275332605173
forecast_7605,2025-11-13 21:00:00,7571.850089358395,6720.735481950804,3835.5453051169484
forecast_7606,2025-11-13 22:00:00,7896.509068692686,8010.296200877051,4330.590814965357
forecast_7607,2025-11-13 23:00:00,8014.414496206362,8182.562179019882,4456.760425039409
forecast_7608,2025-11-14 00:00:00,7821.22496272901,7856.717295927426,4501.846670238407
forecast_7609,2025-11-14 01:00:00,5057.922412927379,4808.030277584881,3745.497857238292
forecast_7610,2025-11-14 02:00:00,3950.94690197289,3977.9465242457827,4046.6738554656135
forecast_7611,2025-11-14 03:00:00,3959.073119840127,3787.3335010139263,3747.7925666659357
forecast_7612,2025-11-14 04:00:00,4055.153523248584,3870.9930913592543,3515.8100849171997
forecast_7613,2025-11-14 05:00:00,4245.886775148743,3913.940077874983,3590.904315815753
forecast_7614,2025-11-14 06:00:00,4263.923594201909,4062.093028877312,3744.0545234621527
forecast_7615,2025-11-14 07:00:00,4137.734227993673,3938.806563903155,3647.6187996243584
forecast_7616,2025-11-14 08:00:00,4132.904483954763,3913.531172530925,3776.015572242743
forecast_7617,2025-11-14 09:00:00,4297.857602914478,4064.198879955794,3777.524223130089
forecast_7618,2025-11-14 10:00:00,4256.943905526713,3982.5082371849567,3690.121459549438
forecast_7619,2025-11-14 11:00:00,3943.8964418968208,4038.925206247027,3717.53706823888
forecast_7620,2025-11-14 12:00:00,3904.707804134836,3862.428021623164,3796.416194768889
forecast_7621,2025-11-14 13:00:00,3822.6292181551717,3871.5404652975312,3849.229239688874
forecast_7622,2025-11-14 14:00:00,3899.2199512843267,3902.3979634232683,3866.6054679869094
forecast_7623,2025-11-14 15:00:00,4078.8765219510597,3837.420612844725,3802.017420924296
forecast_7624,2025-11-14 16:00:00,3831.073224545868,3954.750360587243,3746.125544780922
forecast_7625,2025-11-14 17:00:00,4533.72568845201,4289.030866655783,3777.0124420363777
forecast_7626,2025-11-14 18:00:00,6357.268885838353,8060.774309631159,4602.6889251795155
forecast_7627,2025-11-14 19:00:00,8879.035903433805,10512.361594952898,5613.551413718647
forecast_7628,2025-11-14 20:00:00,10067.670717516541,10177.976388147013,6484.260865927612
forecast_7629,2025-11-14 21:00:00,10406.098040378462,11391.481526085803,7154.545990602765
forecast_7630,2025-11-14 22:00:00,10480.724164446523,10816.084444525042,6259.141273286731
forecast_7631,2025-11-14 23:00:00,9043.980627406801,9614.314542506037,6168.82849849611
forecast_7632,2025-11-15 00:00:00,8462.235098833698,8362.433393544303,6135.3124559317785
forecast_7633,2025-11-15 01:00:00,4483.871425041232,3984.348022562831,3744.5457923843687
forecast_7634,2025-11-15 02:00:00,5288.347945316328,4633.244475642414,3922.921446864356
forecast_7635,2025-11-15 03:00:00,3846.7968622741614,3901.557709869535,4253.424606529493
forecast_7636,2025-11-15 04:00:00,6446.713701030341,3889.7975959696705,4288.604895149728
forecast_7637,2025-11-15 05:00:00,4614.18930520209,3961.954033957685,3804.545591580965
forecast_7638,2025-11-15 06:00:00,4026.7844045020042,3838.6990784131003,3825.8134934398104
forecast_7639,2025-11-15 07:00:00,3900.8548982615266,3886.4506194782853,3827.9036360017585
forecast_7640,2025-11-15 08:00:00,3798.0242181314457,3919.9333666333177,3621.9472604298003
forecast_7641,2025-11-15 09:00:00,3702.150585326307,3514.6080188328597,3260.1041481199954
forecast_7642,2025-11-15 10:00:00,4253.379151226476,3659.498955479771,3203.831101507278
forecast_7643,2025-11-15 11:00:00,2728.6679544526182,3244.5003009860875,3409.0996983412238
forecast_7644,2025-11-15 12:00:00,3023.948196867178,3961.166468444483,3739.5531865585244
forecast_7645,2025-11-15 13:00:00,3185.5954199506705,3624.407656623295,3112.3747468723204
forecast_7646,2025-11-15 14:00:00,3293.864568870743,3302.8071076960982,3672.9774551189066
forecast_7647,2025-11-15 15:00:00,3675.9307164856264,3165.4579430007707,3378.316702883855
forecast_7648,2025-11-15 16:00:00,3842.798117921443,3750.5471030473987,3630.541972676406
forecast_7649,2025-11-15 17:00:00,3630.620623632036,3461.322061741059,3633.073729952192
forecast_7650,2025-11-15 18:00:00,4424.033224248831,4452.194134947955,3875.235372594706
forecast_7651,2025-11-15 19:00:00,6416.847400965356,6525.9676434201965,5322.850517306136
forecast_7652,2025-11-15 20:00:00,7492.631744440569,7990.327038402502,6858.999584025821
forecast_7653,2025-11-15 21:00:00,8603.841326170841,8513.638733571323,7237.855413177815
forecast_7654,2025-11-15 22:00:00,8660.333329208825,8575.887582511557,6727.822946201699
forecast_7655,2025-11-15 23:00:00,7481.485470225237,8092.335603650732,5878.8096575634445
forecast_7656,2025-11-16 00:00:00,7552.579839296606,7580.787183484184,5573.718076987242
forecast_7657,2025-11-16 01:00:00,7519.147822197899,7483.217624371738,6507.854198562405
forecast_7658,2025-11-16 02:00:00,8044.954398041475,9015.116642171808,6477.016454996628
forecast_7659,2025-11-16 03:00:00,8401.020581782763,8325.61372276646,6475.844307251774
forecast_7660,2025-11-16 04:00:00,8953.253421896412,8938.013641133162,7354.72541820566
forecast_7661,2025-11-16 05:00:00,10206.591990688488,10198.225481266538,7993.045645567676
forecast_7662,2025-11-16 06:00:00,11058.376023531433,11135.81587018135,8710.249979133063
forecast_7663,2025-11-16 07:00:00,11438.57039483143,11641.361428274146,10286.788077237863
forecast_7664,2025-11-16 08:00:00,11790.438624865164,12489.776486423627,10626.2448725962
forecast_7665,2025-11-16 09:00:00,11913.8480557135,13044.480362166922,9759.815652535393
forecast_7666,2025-11-16 10:00:00,12353.804190610392,12725.764391695939,9258.904463375027
forecast_7667,2025-11-16 11:00:00,11684.234458515697,13220.742694017066,10473.45776274257
forecast_7668,2025-11-16 12:00:00,12585.185204464122,13897.394712525227,11617.324201977848
forecast_7669,2025-11-16 13:00:00,13275.76197845263,14315.904039636343,12354.61929163905
forecast_7670,2025-11-16 14:00:00,13390.265874540553,14446.230440142765,12721.207957210014
forecast_7671,2025-11-16 15:00:00,14430.370950187254,14537.919660481368,13006.26034795481
forecast_7672,2025-11-16 16:00:00,15738.187948422172,16764.444194015276,14593.032792036807
forecast_7673,2025-11-16 17:00:00,17228.083943232516,17757.11330310736,16592.465535580595
forecast_7674,2025-11-16 18:00:00,18494.318924275136,18978.68974514508,17644.361677326768
forecast_7675,2025-11-16 19:00:00,19887.78848361556,19206.02666267036,18663.9889609355
forecast_7676,2025-11-16 20:00:00,19892.482051039537,19876.174614535863,19328.156254414615
forecast_7677,2025-11-16 21:00:00,19883.14279493069,19917.233453147444,19335.257553767955
forecast_7678,2025-11-16 22:00:00,19886.942831091696,20309.861007645537,19335.213699614655
forecast_7679,2025-11-16 23:00:00,19875.32960684034,20304.463350561993,19349.688376126094
forecast_7680,2025-11-17 00:00:00,19880.010621820733,20310.217639771305,19342.150348533574
forecast_7681,2025-11-17 01:00:00,19878.391981247194,19880.550863703855,19328.095882737027
forecast_7682,2025-11-17 02:00:00,19874.914394567568,19903.819895549186,19355.90581335723
forecast_7683,2025-11-17 03:00:00,19107.75009474546,19887.96792714271,18228.725895886106
forecast_7684,2025-11-17 04:00:00,18895.707446569184,19875.38170012122,18330.045108227903
forecast_7685,2025-11-17 05:00:00,18803.933163606016,19547.656390812204,18490.28568328475
forecast_7686,2025-11-17 06:00:00,19139.331769235676,19589.86830484358,18547.116028305394
forecast_7687,2025-11-17 07:00:00,18768.811239185932,19357.60558593134,18402.93619351277
forecast_7688,2025-11-17 08:00:00,18613.846351038384,18970.212284718655,17454.668781137392
forecast_7689,2025-11-17 09:00:00,17930.57600205502,18301.614753779453,14557.280722912094
forecast_7690,2025-11-17 10:00:00,16104.181915540197,17288.666337910727,13552.386107640068
forecast_7691,2025-11-17 11:00:00,14371.975035692922,15178.288649933344,11375.717904027433
forecast_7692,2025-11-17 12:00:00,13155.028714423604,14336.233842784402,10550.741006427299
forecast_7693,2025-11-17 13:00:00,14150.141217360231,13815.513108276578,10391.726141270272
forecast_7694,2025-11-17 14:00:00,13531.379210740557,13919.778928028252,9833.237124641657
forecast_7695,2025-11-17 15:00:00,12972.199995021594,13771.139926731881,9728.619219911758
forecast_7696,2025-11-17 16:00:00,13272.527295698777,13471.389962183419,9656.183174447597
forecast_7697,2025-11-17 17:00:00,13127.75137889423,13784.219159430411,11173.031703054894
forecast_7698,2025-11-17 18:00:00,12984.143362766185,16015.896407612563,10326.727533621486
forecast_7699,2025-11-17 19:00:00,13253.920895182371,16292.983011831768,10748.04054793204
forecast_7700,2025-11-17 20:00:00,13172.955651863478,13930.590046286989,11661.811346656803
forecast_7701,2025-11-17 21:00:00,14275.960010177396,16055.639676271327,12398.758480943883
forecast_7702,2025-11-17 22:00:00,15871.471766085155,18400.71505938601,13759.076339269583
forecast_7703,2025-11-17 23:00:00,16795.12705749606,18539.173028749556,14511.351033180226
forecast_7704,2025-11-18 00:00:00,16829.815211832247,18942.651973798645,15018.77396381145
forecast_7705,2025-11-18 01:00:00,15292.710298453778,18278.66554882656,13483.934808522676
forecast_7706,2025-11-18 02:00:00,18398.534577854658,18084.858084119627,13574.215768723861
forecast_7707,2025-11-18 03:00:00,17937.344908408817,18107.76729552644,13915.119297882491
forecast_7708,2025-11-18 04:00:00,17166.16673958436,18549.288988396784,13684.547318367915
forecast_7709,2025-11-18 05:00:00,17142.889741177845,18317.318360376805,13731.612940312809
forecast_7710,2025-11-18 06:00:00,16855.84688470649,18340.27134750519,14101.985408146646
forecast_7711,2025-11-18 07:00:00,16171.47409522334,18193.504851544203,14208.865055966538
forecast_7712,2025-11-18 08:00:00,15703.717961619644,17658.951211725,13799.101781084086
forecast_7713,2025-11-18 09:00:00,14483.040608425375,15605.768309117419,12135.752637638143
forecast_7714,2025-11-18 10:00:00,14110.639365023795,14700.142310860441,10942.346808436581
forecast_7715,2025-11-18 11:00:00,12973.107932754536,13118.373174483897,10055.093931100446
forecast_7716,2025-11-18 12:00:00,12468.641399987924,12269.92712221724,9654.051030291224
forecast_7717,2025-11-18 13:00:00,12464.543587336848,11776.240517612223,9765.503136520723
forecast_7718,2025-11-18 14:00:00,12170.3856192452,11481.90358101429,9457.8928967182
forecast_7719,2025-11-18 15:00:00,11387.899237689757,10624.152557463576,8588.949491927986
forecast_7720,2025-11-18 16:00:00,9788.32911719882,9291.273953289348,7440.434782016255
forecast_7721,2025-11-18 17:00:00,7346.154333089864,6669.373248377246,5470.273599155847
forecast_7722,2025-11-18 18:00:00,6372.584151737023,5999.278730802492,4278.544003455358
forecast_7723,2025-11-18 19:00:00,5925.628184624076,5517.675933399635,4499.542439235865
forecast_7724,2025-11-18 20:00:00,5754.468787580078,7053.802305373129,4701.838653160264
forecast_7725,2025-11-18 21:00:00,6830.645857475388,7081.92309029532,4797.196827199813
forecast_7726,2025-11-18 22:00:00,7620.120738226789,8265.050126645652,5660.1889818484515
forecast_7727,2025-11-18 23:00:00,10080.953083066983,7903.591231643335,5730.828878325462
forecast_7728,2025-11-19 00:00:00,9937.723642744677,7830.622629439469,5649.504646311449
forecast_7729,2025-11-19 01:00:00,10961.027350671491,12890.283297204951,5874.280385247032
forecast_7730,2025-11-19 02:00:00,10600.056513582802,12783.700684307707,5932.985884979338
forecast_7731,2025-11-19 03:00:00,10394.084618121318,11746.954346234219,6135.4952105985
forecast_7732,2025-11-19 04:00:00,8563.393453082363,8203.320886041094,5054.012670370425
forecast_7733,2025-11-19 05:00:00,6348.091008727083,5099.726390209612,3910.8019983164395
forecast_7734,2025-11-19 06:00:00,4622.0408046107195,4001.934257218411,3745.169739634533
forecast_7735,2025-11-19 07:00:00,3928.868744693502,3858.2095858770017,3759.659030085244
forecast_7736,2025-11-19 08:00:00,3882.744095820859,3605.1859734725654,3712.988285396296
forecast_7737,2025-11-19 09:00:00,4141.913140355624,3549.9121826899004,3358.2470477013803
forecast_7738,2025-11-19 10:00:00,3799.1893367561406,3715.313953000416,3148.9450016193773
forecast_7739,2025-11-19 11:00:00,3282.1096889626874,3533.743563765805,3503.9228265347233
forecast_7740,2025-11-19 12:00:00,3550.53619034408,3331.938027148035,3423.660044590766
forecast_7741,2025-11-19 13:00:00,3143.0698276424046,3376.19702090741,3129.8859989844973
forecast_7742,2025-11-19 14:00:00,3230.0102244353275,3094.174889345765,3696.639740543652
forecast_7743,2025-11-19 15:00:00,3559.2734448002993,3313.744310191531,3350.413789834612
forecast_7744,2025-11-19 16:00:00,3774.8623065381653,3644.576332572885,3385.0998346293086
forecast_7745,2025-11-19 17:00:00,5238.421188985571,5218.492389912743,4068.288134591365
forecast_7746,2025-11-19 18:00:00,7122.574729745044,7057.019008721517,6236.458869032174
forecast_7747,2025-11-19 19:00:00,10435.775073641193,10284.178236653885,8927.872776427439
forecast_7748,2025-11-19 20:00:00,14130.848769079845,12837.99625272553,10515.911805021353
forecast_7749,2025-11-19 21:00:00,16336.669739055631,16015.843493770746,13100.936279677582
forecast_7750,2025-11-19 22:00:00,18629.587602358675,18948.06894026423,15349.718717607679
forecast_7751,2025-11-19 23:00:00,19878.789775307465,19299.99189234569,16577.540899133273
forecast_7752,2025-11-20 00:00:00,19753.465385858937,19382.196562444697,17081.91085388793
forecast_7753,2025-11-20 01:00:00,20318.856032756816,19909.85236919322,19320.35628877747
forecast_7754,2025-11-20 02:00:00,20311.77470075563,19872.97662828441,19345.878451972196
forecast_7755,2025-11-20 03:00:00,19902.68924985966,20318.397176311468,19326.67037638744
forecast_7756,2025-11-20 04:00:00,20323.384542000087,19952.420829191455,19331.262314849893
forecast_7757,2025-11-20 05:00:00,19922.11449742083,19889.447682454214,17441.849306476848
forecast_7758,2025-11-20 06:00:00,19874.08960847109,19934.037323284243,17484.466527539127
forecast_7759,2025-11-20 07:00:00,19875.974719401052,19898.70412394685,17582.174094998703
forecast_7760,2025-11-20 08:00:00,20305.475127760597,20318.343976142896,19347.653853018695
forecast_7761,2025-11-20 09:00:00,19877.631052896537,19887.999141776898,19321.03275470503
forecast_7762,2025-11-20 10:00:00,19879.109238326426,20304.509923201444,18427.926509293742
forecast_7763,2025-11-20 11:00:00,18369.676514507613,18647.777118150734,16704.152264984532
forecast_7764,2025-11-20 12:00:00,18199.138990067615,18606.623335081065,16446.5939268401
forecast_7765,2025-11-20 13:00:00,18155.571012665612,18608.726492286718,16912.855521745198
forecast_7766,2025-11-20 14:00:00,18361.140762644183,18806.689828369075,16776.50557106902
forecast_7767,2025-11-20 15:00:00,18586.94920761893,19079.9905307432,16868.83570386155
forecast_7768,2025-11-20 16:00:00,18648.171532747103,18925.051009461717,17298.32352254769
forecast_7769,2025-11-20 17:00:00,18861.58595069238,19107.239915893268,17583.613046237577
forecast_7770,2025-11-20 18:00:00,18808.859748630104,19092.071990656073,18220.68425858046
forecast_7771,2025-11-20 19:00:00,19571.195269806554,19128.434561641545,17799.61193269787
forecast_7772,2025-11-20 20:00:00,19501.20796078231,19014.323695094805,17731.729241409954
forecast_7773,2025-11-20 21:00:00,18262.397078510137,19126.756004489474,17520.894200331404
forecast_7774,2025-11-20 22:00:00,18236.21630313543,19168.804933132975,17469.823717829917
forecast_7775,2025-11-20 23:00:00,18240.387607658417,19238.88511496889,17377.633756509556
forecast_7776,2025-11-21 00:00:00,18745.29784723107,18675.70102971014,18182.646707697502
forecast_7777,2025-11-21 01:00:00,17226.000326981124,18468.062677549657,16235.205040690611
forecast_7778,2025-11-21 02:00:00,17012.446517371947,18395.58608377753,15123.543753359381
forecast_7779,2025-11-21 03:00:00,16563.753648943475,17520.711094097358,14648.311250939872
forecast_7780,2025-11-21 04:00:00,17124.019403355916,18166.8041851391,16687.691977601888
forecast_7781,2025-11-21 05:00:00,18043.449538473134,18269.812521423544,14470.936190486253
forecast_7782,2025-11-21 06:00:00,18492.953633369532,18609.271341757827,16758.245099327305
forecast_7783,2025-11-21 07:00:00,18451.648178752956,18616.12580262487,16007.235492068185
forecast_7784,2025-11-21 08:00:00,18507.99537992122,18750.046514650963,15039.79397029378
forecast_7785,2025-11-21 09:00:00,18125.68620114945,18372.550011351006,14328.017775386608
forecast_7786,2025-11-21 10:00:00,17343.459119213647,18185.455568671685,13334.375706494762
forecast_7787,2025-11-21 11:00:00,16582.903414728513,17102.880765246588,12897.146686951228
forecast_7788,2025-11-21 12:00:00,16184.806413089736,16765.022652098014,12033.063434407104
forecast_7789,2025-11-21 13:00:00,15987.379189859656,16559.8513759674,11540.549013140364
forecast_7790,2025-11-21 14:00:00,15529.98729856535,16369.141104939588,11469.068135695581
forecast_7791,2025-11-21 15:00:00,15918.160096397189,15993.988228214173,12669.347659158477
forecast_7792,2025-11-21 16:00:00,16339.77715921526,17653.16686428081,13512.23614504828
forecast_7793,2025-11-21 17:00:00,16731.944936251082,18476.108924428056,15227.94690028039
forecast_7794,2025-11-21 18:00:00,17676.46009593148,18404.074924713746,15417.52261421305
forecast_7795,2025-11-21 19:00:00,17298.38676627446,18906.20906942835,15596.904280153816
forecast_7796,2025-11-21 20:00:00,17299.81106057042,18626.023544252526,15871.255782744262
forecast_7797,2025-11-21 21:00:00,17877.432331452233,19880.16866560446,15435.299883805748
forecast_7798,2025-11-21 22:00:00,17532.20709735878,18870.32137088417,15496.839741102514
forecast_7799,2025-11-21 23:00:00,17908.07704308217,19895.704743975963,15642.187782644642
forecast_7800,2025-11-22 00:00:00,18554.20269928869,19896.295430136342,15796.182674782753
forecast_7801,2025-11-22 01:00:00,18715.593053809676,19168.663640184757,15649.494417788666
forecast_7802,2025-11-22 02:00:00,19904.45479351804,19115.07910094333,15852.006510144492
forecast_7803,2025-11-22 03:00:00,19892.922685686077,19224.99967435901,15768.44424176202
forecast_7804,2025-11-22 04:00:00,17987.368277143396,18880.358551223213,15759.0673287927
forecast_7805,2025-11-22 05:00:00,19913.93081513334,19290.195597579917,15723.624035051611
forecast_7806,2025-11-22 06:00:00,19896.95048841912,19878.414931899042,16118.48367643928
forecast_7807,2025-11-22 07:00:00,19645.130697851328,19504.92666070997,15926.546359191363
forecast_7808,2025-11-22 08:00:00,19880.148511783635,19915.05018199903,15503.447855447812
forecast_7809,2025-11-22 09:00:00,16852.645249399684,18397.80581706127,13587.325990641619
forecast_7810,2025-11-22 10:00:00,14658.529961356146,15006.23299344775,12167.037797634383
forecast_7811,2025-11-22 11:00:00,12475.922355476972,13395.291526096042,11391.853658064187
forecast_7812,2025-11-22 12:00:00,12162.848044430622,12759.047234935153,11380.051067915414
forecast_7813,2025-11-22 13:00:00,12660.766486686354,12871.119817664385,11607.381345282007
forecast_7814,2025-11-22 14:00:00,13775.851642955742,14506.068923939822,12409.389906445136
forecast_7815,2025-11-22 15:00:00,14079.680426690038,14996.65981445477,13201.044980532542
forecast_7816,2025-11-22 16:00:00,15639.954597170952,16474.789565170006,14632.785515913605
forecast_7817,2025-11-22 17:00:00,17685.128406198586,17852.961119709333,15215.159191149385
forecast_7818,2025-11-22 18:00:00,19875.136421238054,18322.47359575886,16130.14256959089
forecast_7819,2025-11-22 19:00:00,19899.358668028275,19894.643619660448,16666.410213093215
forecast_7820,2025-11-22 20:00:00,19881.771966938933,19886.73166317206,19331.819163104858
forecast_7821,2025-11-22 21:00:00,20314.841434814844,19916.151767846786,19336.924008923546
forecast_7822,2025-11-22 22:00:00,20350.458402275148,19891.042622553185,19320.89922284513
forecast_7823,2025-11-22 23:00:00,20326.896635476773,20339.267617109534,19344.806458990475
forecast_7824,2025-11-23 00:00:00,20328.549069690864,20309.666938754657,19398.06443667834
forecast_7825,2025-11-23 01:00:00,20305.88350704695,20316.761228748517,19345.100549979958
forecast_7826,2025-11-23 02:00:00,20354.126024540903,20343.421412247746,19320.906396853657
forecast_7827,2025-11-23 03:00:00,20319.31562054058,20349.78960465866,18913.663962816558
forecast_7828,2025-11-23 04:00:00,20315.467854353934,20322.88247518487,18844.461334159514
forecast_7829,2025-11-23 05:00:00,20319.528385687725,20317.34723567807,19326.891147788752
forecast_7830,2025-11-23 06:00:00,20304.249317739534,20305.620487599535,18482.695099469354
forecast_7831,2025-11-23 07:00:00,20320.070645990676,20315.928334163345,18514.656186015214
forecast_7832,2025-11-23 08:00:00,20319.920091317043,20318.060508456045,17876.677215532112
forecast_7833,2025-11-23 09:00:00,20329.06709789092,19878.813384926314,16859.19016717006
forecast_7834,2025-11-23 10:00:00,19878.060077858652,19872.07932398262,15954.780534886573
forecast_7835,2025-11-23 11:00:00,18548.28943438743,19882.372145150344,16181.481556554394
forecast_7836,2025-11-23 12:00:00,17842.30453631208,18240.093632915596,15557.751296005734
forecast_7837,2025-11-23 13:00:00,16491.869403996163,17441.27105809622,14999.541799222103
forecast_7838,2025-11-23 14:00:00,14549.1215580886,15311.755263922227,13307.690275775458
forecast_7839,2025-11-23 15:00:00,13311.082015079037,13647.999257120691,12237.558760740572
forecast_7840,2025-11-23 16:00:00,13358.786425765258,14072.102015460154,12406.78555307598
forecast_7841,2025-11-23 17:00:00,14653.149465168804,15062.129755002323,13451.025557469235
forecast_7842,2025-11-23 18:00:00,17895.315250356423,17859.70583558716,15035.66047373335
forecast_7843,2025-11-23 19:00:00,19873.78265598976,18776.794804053257,16229.864999287907
forecast_7844,2025-11-23 20:00:00,19914.31144516243,18626.304789742568,16877.58674807656
forecast_7845,2025-11-23 21:00:00,18770.789237152407,18910.034716715254,16794.19061179183
forecast_7846,2025-11-23 22:00:00,18331.567095386745,18567.592008533396,16340.144671977545
forecast_7847,2025-11-23 23:00:00,17646.66181192416,17761.43458910792,15269.308719688574
forecast_7848,2025-11-24 00:00:00,16536.045937321436,17082.756675175377,14701.146184735046
forecast_7849,2025-11-24 01:00:00,18012.93043085457,15090.70744565221,12125.847435914176
forecast_7850,2025-11-24 02:00:00,17451.280795361996,14831.18033341547,11706.98193072213
forecast_7851,2025-11-24 03:00:00,12157.612080917568,13024.234481131352,10378.158434652292
forecast_7852,2025-11-24 04:00:00,10971.28889179821,11799.332988244958,10382.066176919114
forecast_7853,2025-11-24 05:00:00,10870.757703749883,11575.782340665492,9833.986143548975
forecast_7854,2025-11-24 06:00:00,12453.36230698859,13510.557985954214,10219.49134938312
forecast_7855,2025-11-24 07:00:00,13304.726168249057,14612.30876248026,10625.982821636153
forecast_7856,2025-11-24 08:00:00,12049.129476736807,14207.937009116744,10262.481984872818
forecast_7857,2025-11-24 09:00:00,10365.331030441748,11320.075585721585,9536.577644454926
forecast_7858,2025-11-24 10:00:00,11681.935379513774,12202.3956926895,9119.324942021036
forecast_7859,2025-11-24 11:00:00,11745.2740098482,12563.673452493935,10584.783405840835
forecast_7860,2025-11-24 12:00:00,12272.987907480145,12912.99639403437,11131.522976274156
forecast_7861,2025-11-24 13:00:00,12774.362640194626,13364.496956853856,11427.89361270227
forecast_7862,2025-11-24 14:00:00,12656.212847932442,13408.146913112954,11914.136045224233
forecast_7863,2025-11-24 15:00:00,12805.982695871586,13088.5424938465,11947.010257700587
forecast_7864,2025-11-24 16:00:00,12361.643970802219,12673.41262888388,11639.365468399623
forecast_7865,2025-11-24 17:00:00,12190.972929399426,12433.043757492287,10149.390846273765
forecast_7866,2025-11-24 18:00:00,11212.54547933533,12308.324586521387,9583.780929075672
forecast_7867,2025-11-24 19:00:00,11532.282953357017,12775.379430403336,9528.554949116322
forecast_7868,2025-11-24 20:00:00,11199.758491056513,15914.508882151842,9720.845927449413
forecast_7869,2025-11-24 21:00:00,15948.308173710546,16324.177951635022,10558.607880758414
forecast_7870,2025-11-24 22:00:00,11245.010641005934,15726.293165553736,10576.946207576364
forecast_7871,2025-11-24 23:00:00,12901.361978623092,15006.301891516501,10646.230184116108
forecast_7872,2025-11-25 00:00:00,13505.727059757559,15222.543281712064,11104.752895215164
forecast_7873,2025-11-25 01:00:00,13099.972105239387,14068.058407177297,11434.222900215049
forecast_7874,2025-11-25 02:00:00,13108.000776928397,13548.38675144448,11660.057959168771
forecast_7875,2025-11-25 03:00:00,12862.099789221527,13387.915595642547,11326.12696127503
forecast_7876,2025-11-25 04:00:00,12887.759106061852,13633.759963769973,11020.708865578687
forecast_7877,2025-11-25 05:00:00,13588.121373298818,14018.706778670628,11144.882913962856
forecast_7878,2025-11-25 06:00:00,16348.24686143135,15466.09529283967,12225.036149256941
forecast_7879,2025-11-25 07:00:00,17059.49446652019,16193.233870378255,12714.876231328337
forecast_7880,2025-11-25 08:00:00,12489.575912761155,15065.221425777003,10850.554897891436
forecast_7881,2025-11-25 09:00:00,11127.32467947309,11667.18471315989,9422.14453837784
forecast_7882,2025-11-25 10:00:00,8821.889750960683,9265.554060804552,7320.541773620558
forecast_7883,2025-11-25 11:00:00,8542.076069089024,9589.021931986787,7437.783438860802
forecast_7884,2025-11-25 12:00:00,7453.4958346975445,8529.970260914028,6968.219427037836
forecast_7885,2025-11-25 13:00:00,8355.70852529247,9851.100950235676,6999.983276184944
forecast_7886,2025-11-25 14:00:00,11068.65961297886,11746.920585055359,7726.82473427886
forecast_7887,2025-11-25 15:00:00,11481.751482795167,12230.115682670437,7829.9545197300895
forecast_7888,2025-11-25 16:00:00,11401.775809469733,11899.242857448871,9073.314654327116
forecast_7889,2025-11-25 17:00:00,12662.193697213635,12839.543720732094,9468.232267171245
forecast_7890,2025-11-25 18:00:00,12174.016981417455,12566.213638217212,9601.200236201857
forecast_7891,2025-11-25 19:00:00,11570.014570894265,11679.61293225968,8953.336322398709
forecast_7892,2025-11-25 20:00:00,10023.853850538639,10313.302414684893,7591.535606157458
forecast_7893,2025-11-25 21:00:00,9008.679481287782,9544.606256682022,7192.825916083603
forecast_7894,2025-11-25 22:00:00,8763.015271917837,8737.682849180108,6079.354040401996
forecast_7895,2025-11-25 23:00:00,7297.60448124718,7594.276502614084,3795.5884009735983
forecast_7896,2025-11-26 00:00:00,6011.191871102354,6514.730486890932,4426.044062330367
forecast_7897,2025-11-26 01:00:00,5533.372457549356,5874.479945491198,3795.029044984962
forecast_7898,2025-11-26 02:00:00,5171.850555469541,4582.305763188157,3758.0661085378892
forecast_7899,2025-11-26 03:00:00,4848.758780488849,3861.2568305216473,3667.784587187294
forecast_7900,2025-11-26 04:00:00,3923.854053661248,3484.928542534205,3257.3085490166586
forecast_7901,2025-11-26 05:00:00,4080.4529640949627,3456.6602943897087,3183.3889818855823
forecast_7902,2025-11-26 06:00:00,3741.816216771924,3605.531940011612,3147.0959193614003
forecast_7903,2025-11-26 07:00:00,4383.988784120098,4142.611481150746,3191.7474729038477
forecast_7904,2025-11-26 08:00:00,5580.666281056747,3931.163897306209,3455.66711639223
forecast_7905,2025-11-26 09:00:00,5814.820305093931,4237.898913856834,3692.2484931955796
forecast_7906,2025-11-26 10:00:00,4448.559312710791,4202.796297145443,3785.356674158151
forecast_7907,2025-11-26 11:00:00,3886.6134226982913,3941.8009038719433,3805.1875002462284
forecast_7908,2025-11-26 12:00:00,3501.8396749541544,3894.107556917607,3500.58274087836
forecast_7909,2025-11-26 13:00:00,3899.165111127878,3966.5423602896412,3421.7640397026166
forecast_7910,2025-11-26 14:00:00,4442.539645143762,4276.242585735174,3577.46163236928
forecast_7911,2025-11-26 15:00:00,4617.752659412846,5141.040455159248,3793.840593393304
forecast_7912,2025-11-26 16:00:00,6133.255500767649,5876.675821300576,4031.8261060154737
forecast_7913,2025-11-26 17:00:00,7649.485410533391,7719.408943241949,5154.804909004236
forecast_7914,2025-11-26 18:00:00,8309.769031895967,11558.289211103203,6362.78857262737
forecast_7915,2025-11-26 19:00:00,14433.007311567077,14338.721186404257,7922.147381314434
forecast_7916,2025-11-26 20:00:00,15668.043557414105,15944.726473915975,8785.049323264238
forecast_7917,2025-11-26 21:00:00,14862.165438324068,15537.051541584498,9091.548152026182
forecast_7918,2025-11-26 22:00:00,14161.79283188302,17277.968841041395,10076.668116919078
forecast_7919,2025-11-26 23:00:00,17111.659315119847,15240.956694907656,10409.9913771082
forecast_7920,2025-11-27 00:00:00,15131.837182533585,13482.47259939762,10418.2220426723
forecast_7921,2025-11-27 01:00:00,17697.509699783623,18037.97486715905,14461.058288811628
forecast_7922,2025-11-27 02:00:00,16516.224842702108,18359.40764836107,14974.999525996753
forecast_7923,2025-11-27 03:00:00,18045.75489150514,18447.216573923426,14428.91605505173
forecast_7924,2025-11-27 04:00:00,15821.958281298286,17003.676772534123,13875.566255209362
forecast_7925,2025-11-27 05:00:00,17300.568916832508,15951.280353264256,12674.00038743809
forecast_7926,2025-11-27 06:00:00,14309.18096749591,15373.690639356444,12102.178165031955
forecast_7927,2025-11-27 07:00:00,14543.22970139892,14580.434505005074,13005.093943835322
forecast_7928,2025-11-27 08:00:00,16598.079258786864,16482.804009753843,13747.561921144685
forecast_7929,2025-11-27 09:00:00,15023.767645785954,16921.641952254264,15037.8175435046
forecast_7930,2025-11-27 10:00:00,15333.868871835752,17187.958937354913,14798.80765712012
forecast_7931,2025-11-27 11:00:00,14577.675260695052,16628.376188043843,15237.15388724767
forecast_7932,2025-11-27 12:00:00,15179.513267149945,17046.581006635082,15703.322046450417
forecast_7933,2025-11-27 13:00:00,15849.317916884283,17633.714234543804,17871.957662831483
forecast_7934,2025-11-27 14:00:00,16765.330144560663,18342.923671028424,17429.514186769506
forecast_7935,2025-11-27 15:00:00,17613.706300567253,18181.316165386877,17846.826161383568
forecast_7936,2025-11-27 16:00:00,18162.747214405656,18374.981913936652,18053.156248017276
forecast_7937,2025-11-27 17:00:00,17902.28409978952,18622.705209026288,18349.1791060276
forecast_7938,2025-11-27 18:00:00,17821.806037302544,18399.967780775376,18206.88996184113
forecast_7939,2025-11-27 19:00:00,18212.12517983304,18298.82274293644,17843.491471657406
forecast_7940,2025-11-27 20:00:00,17633.354061022306,18216.187961528773,17142.535173272216
forecast_7941,2025-11-27 21:00:00,18141.38782541835,18317.237500735653,17818.716763183027
forecast_7942,2025-11-27 22:00:00,18537.380920095973,18367.101581167328,16813.151075379636
forecast_7943,2025-11-27 23:00:00,18097.32503539237,18792.66669809239,17045.19682542723
forecast_7944,2025-11-28 00:00:00,17968.580596115313,18925.766000143274,17087.34892933065
forecast_7945,2025-11-28 01:00:00,17522.966559682664,18278.075590568154,16126.833793518592
forecast_7946,2025-11-28 02:00:00,17605.24057304586,18425.495592974734,16249.56318751683
forecast_7947,2025-11-28 03:00:00,18055.458324270832,18597.89529050435,15310.9824769205
forecast_7948,2025-11-28 04:00:00,18212.103605968372,18615.078053298752,14936.856616811612
forecast_7949,2025-11-28 05:00:00,16962.19410722776,18580.69654365029,14968.145565237544
forecast_7950,2025-11-28 06:00:00,16894.112850928366,18112.287871839842,14001.546643488737
forecast_7951,2025-11-28 07:00:00,18085.406147026322,16995.61683003982,12940.168548150712
forecast_7952,2025-11-28 08:00:00,17744.093005380997,16209.799256842727,11868.211123225763
forecast_7953,2025-11-28 09:00:00,11832.631810131386,15420.77320869554,8324.725190344501
forecast_7954,2025-11-28 10:00:00,10005.636682107965,9457.673490574936,6560.705542095173
forecast_7955,2025-11-28 11:00:00,9124.577922828055,8676.14902320017,5956.503261737369
forecast_7956,2025-11-28 12:00:00,8181.087784753092,8766.626008619876,6273.309605325479
forecast_7957,2025-11-28 13:00:00,7635.931147426084,7660.677279144773,6241.423787257429
forecast_7958,2025-11-28 14:00:00,6882.844989824765,8258.26261722359,5424.19789465549
forecast_7959,2025-11-28 15:00:00,6034.718591970342,5920.680256658688,4905.550027731344
forecast_7960,2025-11-28 16:00:00,5901.92175025768,5641.183360470531,4622.43080973986
forecast_7961,2025-11-28 17:00:00,8713.08282952026,6142.7829877665545,5087.816187175206
forecast_7962,2025-11-28 18:00:00,6230.9710833389245,6880.009467836391,5280.016181073638
forecast_7963,2025-11-28 19:00:00,7355.749754656008,6637.208641243295,4953.283225788638
forecast_7964,2025-11-28 20:00:00,5852.225083427909,6635.555459101365,5040.600782179286
forecast_7965,2025-11-28 21:00:00,5481.3521909061465,5373.319627488867,4925.957452512291
forecast_7966,2025-11-28 22:00:00,5791.9008253273705,5723.028403273878,5140.263966445462
forecast_7967,2025-11-28 23:00:00,6239.940164470557,6701.978025582302,5219.562435477901
forecast_7968,2025-11-29 00:00:00,8295.73071259788,8116.810949785868,5420.98040742835
forecast_7969,2025-11-29 01:00:00,5912.056757826907,5891.095915856881,4455.064457229364
forecast_7970,2025-11-29 02:00:00,9407.396488596589,6408.325504333006,5000.166612513919
forecast_7971,2025-11-29 03:00:00,9197.601594105863,10392.686603025466,6476.973768600026
forecast_7972,2025-11-29 04:00:00,12138.659610409728,12489.429717021318,7851.120734305242
forecast_7973,2025-11-29 05:00:00,13957.017343650494,14747.169817286009,10098.60157193311
forecast_7974,2025-11-29 06:00:00,13605.01851522073,15895.50992202029,11176.91857224435
forecast_7975,2025-11-29 07:00:00,13825.38562287168,14396.970789836449,11170.981295252757
forecast_7976,2025-11-29 08:00:00,12962.526119830645,13196.878431410147,9031.84690857586
forecast_7977,2025-11-29 09:00:00,10337.808395037559,12460.20395740928,7855.34006431004
forecast_7978,2025-11-29 10:00:00,9250.103815350843,10957.791293677214,7278.985427409566
forecast_7979,2025-11-29 11:00:00,10328.814088699362,11081.701175901868,8450.916609826843
forecast_7980,2025-11-29 12:00:00,12195.914967280609,13312.609670120804,10180.337274797452
forecast_7981,2025-11-29 13:00:00,14020.7761275808,16437.14036254103,12546.790528186033
forecast_7982,2025-11-29 14:00:00,15576.711610591065,17322.229796535405,13630.222486693467
forecast_7983,2025-11-29 15:00:00,17631.592687170873,18370.1272002086,14660.435626960265
forecast_7984,2025-11-29 16:00:00,18303.471132011637,18471.69322346816,16480.28230367419
forecast_7985,2025-11-29 17:00:00,18746.75953280181,19227.096148916866,17459.175192512586
forecast_7986,2025-11-29 18:00:00,19875.45655437026,19873.436641757206,19365.440994695477
forecast_7987,2025-11-29 19:00:00,19880.768839497126,19880.97663396038,19326.876915222372
forecast_7988,2025-11-29 20:00:00,19886.959501311536,19880.36944462737,19325.85719889956
forecast_7989,2025-11-29 21:00:00,19877.64844116661,19917.653501276236,19333.61838038795
forecast_7990,2025-11-29 22:00:00,20312.61290073156,19874.97779512521,19340.145964383464
forecast_7991,2025-11-29 23:00:00,19873.580508101266,19883.88415830067,19330.617228785824
forecast_7992,2025-11-30 00:00:00,19872.58294870116,20311.16868648914,19325.30182316861
forecast_7993,2025-11-30 01:00:00,19896.636529644118,19887.788096456046,19322.19961967532
forecast_7994,2025-11-30 02:00:00,19872.18779982455,19894.061723085775,19335.103836267957
forecast_7995,2025-11-30 03:00:00,19904.30340123153,19878.373070434034,18829.818537705636
forecast_7996,2025-11-30 04:00:00,18465.874858847197,18651.736707136057,17834.59912482727
forecast_7997,2025-11-30 05:00:00,18500.380864698724,18135.033830956487,16071.724152904459
forecast_7998,2025-11-30 06:00:00,17023.096412869305,16794.378560786005,14428.680610460011
forecast_7999,2025-11-30 07:00:00,15455.579813728327,15846.436342294273,13175.484718277294
forecast_8000,2025-11-30 08:00:00,14493.949063206643,15450.235473972962,12729.41420766023
forecast_8001,2025-11-30 09:00:00,14724.711726397805,14073.832592813897,12305.835543204184
forecast_8002,2025-11-30 10:00:00,13820.953784381132,14517.325752894449,10950.104771204426
forecast_8003,2025-11-30 11:00:00,13303.68325808935,14052.777156220893,10180.739676940339
forecast_8004,2025-11-30 12:00:00,12149.5003934346,12740.324888017187,10018.026579683938
forecast_8005,2025-11-30 13:00:00,11722.934902465775,11896.645772077443,9689.122816733732
forecast_8006,2025-11-30 14:00:00,10931.030639402632,11049.493231271474,9612.085682851115
forecast_8007,2025-11-30 15:00:00,11249.837572112054,12005.390347898918,9447.713046725641
forecast_8008,2025-11-30 16:00:00,11695.340271586,12988.227117839366,10242.113424261981
forecast_8009,2025-11-30 17:00:00,13482.43154220297,14787.05345902728,12538.92893478415
forecast_8010,2025-11-30 18:00:00,15398.360053757151,17584.564217036943,15243.617232450184
forecast_8011,2025-11-30 19:00:00,18047.950991953367,19182.347101992866,18338.476577116835
forecast_8012,2025-11-30 20:00:00,19036.767519849436,19878.577912469413,19332.25396905258
forecast_8013,2025-11-30 21:00:00,19878.057711722708,20312.243101999717,19745.256255928212
forecast_8014,2025-11-30 22:00:00,19884.766675982566,20313.79774534516,19745.761556815633
forecast_8015,2025-11-30 23:00:00,19889.621274144418,20331.202123274063,19332.881204589077
forecast_8016,2025-12-01 00:00:00,19884.146719096214,20313.24399764598,19334.682540327245
forecast_8017,2025-12-01 01:00:00,19876.081866345856,20309.921807113053,18141.573342078802
forecast_8018,2025-12-01 02:00:00,19882.08693765965,20307.250645684824,17873.81607738873
forecast_8019,2025-12-01 03:00:00,18414.28654362182,19877.348679989744,18127.915553002742
forecast_8020,2025-12-01 04:00:00,18451.361278529628,19880.171022610884,18131.268699094304
forecast_8021,2025-12-01 05:00:00,19889.92037256149,19873.054449883664,16878.62431087539
forecast_8022,2025-12-01 06:00:00,19879.509860816102,19873.114039699296,17338.07373562473
forecast_8023,2025-12-01 07:00:00,19894.96520535161,19879.385222538855,17185.00132050484
forecast_8024,2025-12-01 08:00:00,18477.26953360031,19879.98791494481,16235.672052177762
forecast_8025,2025-12-01 09:00:00,17215.988540479746,17946.334571387553,13943.99201442433
forecast_8026,2025-12-01 10:00:00,13692.03122706697,14469.319255498844,11695.058597982646
forecast_8027,2025-12-01 11:00:00,10277.772564671428,11094.72983273585,7993.569860335763
forecast_8028,2025-12-01 12:00:00,8114.496408561452,8446.52315823612,5865.561626879993
forecast_8029,2025-12-01 13:00:00,7108.500231203017,7070.026194603723,4664.71182373693
forecast_8030,2025-12-01 14:00:00,5822.927959224389,5800.369084771723,3935.4358523108253
forecast_8031,2025-12-01 15:00:00,4890.776636754706,4913.923180000679,3940.925412887833
forecast_8032,2025-12-01 16:00:00,4571.486957188847,4870.6997100746385,3719.9580839974215
forecast_8033,2025-12-01 17:00:00,5162.88069735142,5221.275668243881,3844.113024204016
forecast_8034,2025-12-01 18:00:00,5556.179929563898,6433.32103550036,4504.323842390757
forecast_8035,2025-12-01 19:00:00,5860.566451178521,7825.792542794347,5539.590966343536
forecast_8036,2025-12-01 20:00:00,8436.538905270696,7883.928514921306,6607.725643982745
forecast_8037,2025-12-01 21:00:00,9439.907406243987,9237.890879632492,6545.816964366869
forecast_8038,2025-12-01 22:00:00,10418.155416767322,12585.89434376086,9308.478689390962
forecast_8039,2025-12-01 23:00:00,13212.883484576569,13997.365002941562,10882.724166092801
forecast_8040,2025-12-02 00:00:00,14644.834633511955,15140.490248321556,11252.881425611458
forecast_8041,2025-12-02 01:00:00,15835.71993160342,16086.845615716062,11703.968151104464
forecast_8042,2025-12-02 02:00:00,16603.936317237247,16850.461947901436,12402.253388736075
forecast_8043,2025-12-02 03:00:00,16035.328397310619,16709.579566750348,12827.161221879598
forecast_8044,2025-12-02 04:00:00,17837.863030824148,17186.43750965072,13366.150182748568
forecast_8045,2025-12-02 05:00:00,16736.927324932763,16705.853455232274,12721.312676199443
forecast_8046,2025-12-02 06:00:00,16692.533928334782,16439.1083649811,12085.906055244446
forecast_8047,2025-12-02 07:00:00,14872.345828488387,14769.519680323316,9898.041212439117
forecast_8048,2025-12-02 08:00:00,12404.899303961782,13315.341394841118,7951.722373346392
forecast_8049,2025-12-02 09:00:00,8523.99823356595,9359.640445937639,5976.267649219936
forecast_8050,2025-12-02 10:00:00,7852.07345066676,8178.2752026111975,4749.8898007770185
forecast_8051,2025-12-02 11:00:00,7507.415965017736,8442.463550693616,5900.8731087309625
forecast_8052,2025-12-02 12:00:00,9093.166756139699,9411.098932508696,6910.366187125921
forecast_8053,2025-12-02 13:00:00,10600.234866819137,10622.041597826623,7597.3555311125065
forecast_8054,2025-12-02 14:00:00,11572.024024879822,12703.346555321203,8781.351437448802
forecast_8055,2025-12-02 15:00:00,13172.96348218836,13710.613784458617,9132.267273254394
forecast_8056,2025-12-02 16:00:00,13135.761386434124,14937.737367248988,10082.58627451728
forecast_8057,2025-12-02 17:00:00,14825.397503950606,15439.675231118928,11070.11992968611
forecast_8058,2025-12-02 18:00:00,15624.24726924781,16604.779990310664,12306.271985457715
forecast_8059,2025-12-02 19:00:00,16262.804810663005,17140.144475457917,13367.103125377047
forecast_8060,2025-12-02 20:00:00,16793.49236445065,17699.010310821715,13957.58598126468
forecast_8061,2025-12-02 21:00:00,17056.052005154477,17269.404255730922,14738.134683897337
forecast_8062,2025-12-02 22:00:00,16012.311604435887,17358.942194089243,14553.237489397921
forecast_8063,2025-12-02 23:00:00,16073.023959028482,17881.209680485557,13999.72309411609
forecast_8064,2025-12-03 00:00:00,15607.77937750594,17867.233141724842,13838.477782019998
forecast_8065,2025-12-03 01:00:00,15341.980676651669,18659.029508777487,15538.966653012956
forecast_8066,2025-12-03 02:00:00,15509.76675063728,18436.308506295474,15711.44423575537
forecast_8067,2025-12-03 03:00:00,14848.050584831695,18235.25456541656,15427.284434088568
forecast_8068,2025-12-03 04:00:00,14473.510874437408,18231.076057995575,15266.158308020174
forecast_8069,2025-12-03 05:00:00,13713.07999223033,17709.99915069825,14716.927321902485
forecast_8070,2025-12-03 06:00:00,13371.725651234432,15714.293230909389,13752.624883793884
forecast_8071,2025-12-03 07:00:00,12717.621415576137,15455.239693998526,12928.572208210433
forecast_8072,2025-12-03 08:00:00,12808.711742539448,15511.601893361661,13248.29059177491
forecast_8073,2025-12-03 09:00:00,13494.385681677528,15335.106412759633,13052.622627978511
forecast_8074,2025-12-03 10:00:00,14021.735032579843,17039.10580779326,13559.378583651243
forecast_8075,2025-12-03 11:00:00,14468.359118613958,17187.62721634205,14440.070371258746
forecast_8076,2025-12-03 12:00:00,17273.722261983938,17258.940001499548,14837.715642371943
forecast_8077,2025-12-03 13:00:00,14947.147716618047,17126.961704415568,15059.585029321874
forecast_8078,2025-12-03 14:00:00,17118.682703623697,17209.723277093126,14548.251321584701
forecast_8079,2025-12-03 15:00:00,14661.130637547642,17292.053339276365,14445.360712284493
forecast_8080,2025-12-03 16:00:00,14092.85958570765,17251.301430526775,14547.424752066323
forecast_8081,2025-12-03 17:00:00,13965.181134540551,17149.001338362243,14352.187843896843
forecast_8082,2025-12-03 18:00:00,13976.1176355278,17404.469204036082,14801.26989977995
forecast_8083,2025-12-03 19:00:00,13493.832512138284,17335.994429398244,14375.525134143842
forecast_8084,2025-12-03 20:00:00,13113.917394833987,16173.128422542934,13513.178390394023
forecast_8085,2025-12-03 21:00:00,13228.282718627992,16629.58257099152,13555.378135404042
forecast_8086,2025-12-03 22:00:00,14096.659880043251,16498.259294955595,13830.303113940829
forecast_8087,2025-12-03 23:00:00,14136.723464485234,17878.78540570802,13682.878269628909
forecast_8088,2025-12-04 00:00:00,17520.90604794445,18425.600227239633,13644.141527740523
forecast_8089,2025-12-04 01:00:00,17657.920968937702,18102.25862214312,13512.021110259604
forecast_8090,2025-12-04 02:00:00,16628.207666719427,18762.700043927,13762.549037882505
forecast_8091,2025-12-04 03:00:00,17281.30178118014,19070.91022640286,14461.772819483791
forecast_8092,2025-12-04 04:00:00,18743.46957907378,19876.020824389903,14955.437692584914
forecast_8093,2025-12-04 05:00:00,19522.54973307867,19496.702438507553,15862.302871316462
forecast_8094,2025-12-04 06:00:00,19619.866372529952,19466.64199742109,16145.872104671484
forecast_8095,2025-12-04 07:00:00,19886.089607850387,19902.754421886646,17569.765085187413
forecast_8096,2025-12-04 08:00:00,19892.30935394759,19879.90827063917,16517.35900051543
forecast_8097,2025-12-04 09:00:00,18192.617242891083,19912.34393989721,15899.579588439323
forecast_8098,2025-12-04 10:00:00,16930.277175678926,18108.601869048744,15194.035400322085
forecast_8099,2025-12-04 11:00:00,15219.82582015919,17173.891763930947,14139.065153906562
forecast_8100,2025-12-04 12:00:00,14023.369648630107,15593.793809996752,11638.542117449004
forecast_8101,2025-12-04 13:00:00,13641.835679662825,14466.594726884105,10965.736716547837
forecast_8102,2025-12-04 14:00:00,13060.386351941179,13842.553535683608,9460.72327319146
forecast_8103,2025-12-04 15:00:00,13228.332728991103,13855.170232250503,10792.067412405586
forecast_8104,2025-12-04 16:00:00,13611.058787442593,14749.67701308677,11563.183427168144
forecast_8105,2025-12-04 17:00:00,14345.223065299657,15784.12275166047,13449.842499807366
forecast_8106,2025-12-04 18:00:00,15429.546510309794,16935.31056661086,14965.42112228441
forecast_8107,2025-12-04 19:00:00,16126.353213420625,17740.000982661848,16010.247645536234
forecast_8108,2025-12-04 20:00:00,16809.661808126555,18047.40820502909,16092.968863726139
forecast_8109,2025-12-04 21:00:00,16242.8003645603,17984.674775921834,15953.072275588802
forecast_8110,2025-12-04 22:00:00,17153.1158537518,17945.52298494795,15508.314668422432
forecast_8111,2025-12-04 23:00:00,15683.72856922036,17184.572661345544,14756.312891285894
forecast_8112,2025-12-05 00:00:00,15583.760676411719,17538.67747723326,14853.405643129903
forecast_8113,2025-12-05 01:00:00,15645.504412180868,17152.061777756906,14198.064076804523
forecast_8114,2025-12-05 02:00:00,15836.199463632513,17262.282597543915,13785.439865458256
forecast_8115,2025-12-05 03:00:00,15816.223586565144,17670.549948076135,13751.333781850595
forecast_8116,2025-12-05 04:00:00,16163.577225701696,17596.90492680492,14872.077285942938
forecast_8117,2025-12-05 05:00:00,15986.95343286462,18256.597462715574,13535.970170991108
forecast_8118,2025-12-05 06:00:00,17489.758036309733,18220.630344196998,13772.166654746914
forecast_8119,2025-12-05 07:00:00,17971.329987609046,18835.80869059872,14309.06299380696
forecast_8120,2025-12-05 08:00:00,18577.664814382777,19168.68116239707,13964.361452910802
forecast_8121,2025-12-05 09:00:00,17849.97797900404,18325.192339697554,15231.522675551707
forecast_8122,2025-12-05 10:00:00,17063.366094905934,17524.086146039754,12300.992544223811
forecast_8123,2025-12-05 11:00:00,15129.403667006633,16454.341512954692,11551.804611883852
forecast_8124,2025-12-05 12:00:00,13278.974414393007,14234.463488828433,10395.933384268968
forecast_8125,2025-12-05 13:00:00,13190.78030331006,15395.433933899863,10430.306741174096
forecast_8126,2025-12-05 14:00:00,14114.787797509354,16098.52987713364,11064.108960869613
forecast_8127,2025-12-05 15:00:00,15770.745223623595,17041.887625203748,12832.601602658178
forecast_8128,2025-12-05 16:00:00,17699.86648581661,17957.69528422992,14220.907183629339
forecast_8129,2025-12-05 17:00:00,17975.69288552991,18197.22402479079,14833.536008813207
forecast_8130,2025-12-05 18:00:00,17948.27726067842,19936.882762844885,14556.519503352494
forecast_8131,2025-12-05 19:00:00,17880.031790189747,19963.50524207114,14331.07711810865
forecast_8132,2025-12-05 20:00:00,18249.521437959782,19879.66304816757,14685.991861554967
forecast_8133,2025-12-05 21:00:00,19896.467690108937,19398.05946997119,15043.14382850692
forecast_8134,2025-12-05 22:00:00,20307.969282077855,19879.551876497215,15200.803230480617
forecast_8135,2025-12-05 23:00:00,19874.906715472614,19901.271945244578,15805.291902457104
forecast_8136,2025-12-06 00:00:00,19891.78080351565,20312.166417461587,16576.08137343455
forecast_8137,2025-12-06 01:00:00,20304.556598860723,20315.578257970523,17402.271216419515
forecast_8138,2025-12-06 02:00:00,20314.14259728186,20308.91666866961,17124.82776644389
forecast_8139,2025-12-06 03:00:00,20337.02265903454,20305.54312628826,17681.098048173735
forecast_8140,2025-12-06 04:00:00,20352.958350708926,20307.596765934537,17768.67017686059
forecast_8141,2025-12-06 05:00:00,20350.308255641656,20323.069991670636,17781.334589632443
forecast_8142,2025-12-06 06:00:00,20327.24927984152,20325.534807195854,17748.078582771523
forecast_8143,2025-12-06 07:00:00,20313.01852383201,20324.879001641195,17223.99705324436
forecast_8144,2025-12-06 08:00:00,19879.00269056232,20308.72178723112,15914.320834142602
forecast_8145,2025-12-06 09:00:00,19877.59304173989,20312.322948817255,15879.307571165387
forecast_8146,2025-12-06 10:00:00,18538.73748028773,19895.663670597336,15622.61125874753
forecast_8147,2025-12-06 11:00:00,18087.273483608784,18586.2529336385,15313.179994561631
forecast_8148,2025-12-06 12:00:00,17665.846304178278,18042.16835910934,14460.047145668557
forecast_8149,2025-12-06 13:00:00,17545.5613448634,18131.955658523915,14449.223978625887
forecast_8150,2025-12-06 14:00:00,17792.190222257403,18494.96126651807,15601.786869240037
forecast_8151,2025-12-06 15:00:00,18206.58498083978,18770.937975163895,15826.607323723618
forecast_8152,2025-12-06 16:00:00,18310.37615567314,19492.15340918433,16372.809823123946
forecast_8153,2025-12-06 17:00:00,18229.340002788118,18780.36217972331,15905.674789162658
forecast_8154,2025-12-06 18:00:00,17476.284656686796,18514.542581763646,16155.914004428492
forecast_8155,2025-12-06 19:00:00,17696.81010473918,18196.77201417965,16424.244825223956
forecast_8156,2025-12-06 20:00:00,17897.198788994494,18637.03662258543,16718.055889548064
forecast_8157,2025-12-06 21:00:00,18258.230775204756,19367.35939123724,17435.094061960714
forecast_8158,2025-12-06 22:00:00,18934.258344095717,19801.236625318692,17800.14271507055
forecast_8159,2025-12-06 23:00:00,19898.77313293031,19940.03094618114,17838.25770682801
forecast_8160,2025-12-07 00:00:00,19872.410693386584,19893.517432118504,18416.277562601135
forecast_8161,2025-12-07 01:00:00,18635.680516919772,19573.300505078594,17002.201086169745
forecast_8162,2025-12-07 02:00:00,18538.760930485623,19470.650853500312,16906.546958908864
forecast_8163,2025-12-07 03:00:00,18356.708560921437,19221.135427334397,16938.824233823943
forecast_8164,2025-12-07 04:00:00,18353.541399663685,19158.709997109116,16923.971545982316
forecast_8165,2025-12-07 05:00:00,18538.2707346276,19219.77987310644,17888.49729556442
forecast_8166,2025-12-07 06:00:00,19161.213234309802,19350.91103709608,17985.64980767884
forecast_8167,2025-12-07 07:00:00,18897.973912459758,19346.475980466854,18470.59506615519
forecast_8168,2025-12-07 08:00:00,18445.358638740392,19179.698432009536,16997.319622650768
forecast_8169,2025-12-07 09:00:00,18436.965452987242,19060.901282095776,16688.777728259603
forecast_8170,2025-12-07 10:00:00,18272.12395001351,18806.739221114865,16638.61194370073
forecast_8171,2025-12-07 11:00:00,19092.11824350733,18570.881010430185,15904.141753327034
forecast_8172,2025-12-07 12:00:00,18164.574132305017,18688.854105199152,16179.821886328255
forecast_8173,2025-12-07 13:00:00,18034.55280073703,19072.861850206584,16659.913782527412
forecast_8174,2025-12-07 14:00:00,18366.608938005644,19524.754392730483,17454.1753846117
forecast_8175,2025-12-07 15:00:00,18918.583623262097,19872.928444851485,17760.858853047506
forecast_8176,2025-12-07 16:00:00,18486.80762325855,19874.666540963866,17976.036429919375
forecast_8177,2025-12-07 17:00:00,19067.883040534343,19879.489943974928,18052.28059855013
forecast_8178,2025-12-07 18:00:00,18746.87106951672,19885.224326683387,18114.92127303555
forecast_8179,2025-12-07 19:00:00,18798.966759915013,19876.884437591147,18016.91888051722
forecast_8180,2025-12-07 20:00:00,18595.263750875223,19885.35514575329,17883.689819551284
forecast_8181,2025-12-07 21:00:00,18394.556101392576,19873.398028457515,17680.518481124087
forecast_8182,2025-12-07 22:00:00,18318.280743927957,19903.396642318985,17628.7892084619
forecast_8183,2025-12-07 23:00:00,18214.29965756664,19530.76973448172,16748.776231396158
forecast_8184,2025-12-08 00:00:00,18063.471703634514,19271.243608784633,16804.60250551822
forecast_8185,2025-12-08 01:00:00,18018.23009989812,19358.901773291735,16146.12599446708
forecast_8186,2025-12-08 02:00:00,17895.563554943357,18732.907971188666,15490.33330916944
forecast_8187,2025-12-08 03:00:00,17677.761767806387,18313.296693681903,14900.712628040648
forecast_8188,2025-12-08 04:00:00,16653.461143002125,17375.363875433457,13622.977073658829
forecast_8189,2025-12-08 05:00:00,16160.021287595762,16768.942792180333,12661.31299393475
forecast_8190,2025-12-08 06:00:00,14386.598562083456,15350.434750323799,11006.126042281643
forecast_8191,2025-12-08 07:00:00,13008.33568629381,14456.54142057649,9822.999935587328
forecast_8192,2025-12-08 08:00:00,12522.463024128014,13610.579633952642,8858.807060676072
forecast_8193,2025-12-08 09:00:00,12138.790909919251,12706.74196120643,9251.709951258805
forecast_8194,2025-12-08 10:00:00,9368.978656605163,10111.746725923978,7849.5583122825055
forecast_8195,2025-12-08 11:00:00,7945.6317769117495,7598.269028705061,6309.317333088553
forecast_8196,2025-12-08 12:00:00,5198.752255221172,5334.664087904093,4208.702933715995
forecast_8197,2025-12-08 13:00:00,4823.190776355499,4654.382846350556,3782.360281543484
forecast_8198,2025-12-08 14:00:00,4918.992885877804,4677.079576971542,3878.690817627859
forecast_8199,2025-12-08 15:00:00,5210.37301878368,5222.274463823027,3868.1997523690825
forecast_8200,2025-12-08 16:00:00,5754.954483901388,5801.012842658957,4069.9706109989825
forecast_8201,2025-12-08 17:00:00,7260.905415864042,7293.501599025113,5200.859343306758
forecast_8202,2025-12-08 18:00:00,8124.271303821198,9082.102577288946,6335.654417576281
forecast_8203,2025-12-08 19:00:00,10348.563963466415,11382.780940213857,8884.463511877988
forecast_8204,2025-12-08 20:00:00,12229.303497917386,14175.071387549533,10474.471098958356
forecast_8205,2025-12-08 21:00:00,15539.636664455213,17775.145344780492,12047.399748544953
forecast_8206,2025-12-08 22:00:00,16191.858455386771,18038.992157783126,13035.912070617163
forecast_8207,2025-12-08 23:00:00,15844.048949005486,17575.067051107064,11942.643575257352
forecast_8208,2025-12-09 00:00:00,15418.655429715507,17295.521664219094,13090.348094116578
forecast_8209,2025-12-09 01:00:00,14742.179290586615,17108.70927469376,11221.36078566436
forecast_8210,2025-12-09 02:00:00,15708.930545581077,17406.744973401168,11460.248250458259
forecast_8211,2025-12-09 03:00:00,18252.063413798973,18194.59301762176,13187.919997718947
forecast_8212,2025-12-09 04:00:00,18684.450342232834,18991.130800727868,12303.456903677934
forecast_8213,2025-12-09 05:00:00,18361.76527677845,18811.860267096115,14910.213983883852
forecast_8214,2025-12-09 06:00:00,18223.062268092097,19915.434487964958,10961.833007789082
forecast_8215,2025-12-09 07:00:00,18297.784823866383,19903.806109094912,12748.185134248795
forecast_8216,2025-12-09 08:00:00,18347.970660227656,19891.162011890563,14577.52912312709
forecast_8217,2025-12-09 09:00:00,18199.24216189097,18940.694643044175,14515.558699809379
forecast_8218,2025-12-09 10:00:00,17949.125999434746,18890.996946006515,13813.386895418485
forecast_8219,2025-12-09 11:00:00,16223.589363263041,17596.291101659903,13375.565326434596
forecast_8220,2025-12-09 12:00:00,15380.045488020594,16454.00994195885,12941.415937162757
forecast_8221,2025-12-09 13:00:00,14176.888873810274,15521.400319929957,11850.194597839642
forecast_8222,2025-12-09 14:00:00,13262.59472955107,14308.033090303841,10890.043394134113
forecast_8223,2025-12-09 15:00:00,12557.451328934269,13716.699856033638,10752.160469501829
forecast_8224,2025-12-09 16:00:00,12679.257980511351,13331.63405743709,10417.555106673135
forecast_8225,2025-12-09 17:00:00,12048.899143352493,13103.622516832278,9949.384319226989
forecast_8226,2025-12-09 18:00:00,13110.892288318364,14144.75848276585,10258.581560260835
forecast_8227,2025-12-09 19:00:00,13634.587790727643,14279.238756047796,11507.052861918053
forecast_8228,2025-12-09 20:00:00,13781.624229621762,16322.69089081297,9868.6460580438
forecast_8229,2025-12-09 21:00:00,14910.528920504747,16402.100646659754,10211.992435793494
forecast_8230,2025-12-09 22:00:00,13250.360431768517,16258.265146741114,10732.287260153204
forecast_8231,2025-12-09 23:00:00,14818.357886098785,16425.221983585925,10676.796963894136
forecast_8232,2025-12-10 00:00:00,12537.948424503791,16142.162386961098,10932.469781781447
forecast_8233,2025-12-10 01:00:00,10991.832064829132,13893.94899803971,10561.164245846305
forecast_8234,2025-12-10 02:00:00,12365.711868957631,14054.979626955432,10828.209699866668
forecast_8235,2025-12-10 03:00:00,14168.161145104827,14956.863346931357,12214.531359946724
forecast_8236,2025-12-10 04:00:00,14992.43166725111,15870.157002184409,12688.12155744396
forecast_8237,2025-12-10 05:00:00,15081.53980214598,17614.791939206698,12471.008021883526
forecast_8238,2025-12-10 06:00:00,14487.201960785318,15511.766420096457,12390.725966996399
forecast_8239,2025-12-10 07:00:00,13150.826007688662,16557.20715359387,11731.70309762606
forecast_8240,2025-12-10 08:00:00,12440.4230014334,15732.955712412591,11452.873867646025
forecast_8241,2025-12-10 09:00:00,12907.114574315041,14803.273061138401,11543.767438837856
forecast_8242,2025-12-10 10:00:00,12828.64946425332,12559.124758063552,10871.746122920946
forecast_8243,2025-12-10 11:00:00,12349.70605561127,13496.055941678527,10820.80132874789
forecast_8244,2025-12-10 12:00:00,12627.703776623579,12386.129100460541,10208.189464458337
forecast_8245,2025-12-10 13:00:00,11241.515495603278,12164.639633454763,9948.416613200156
forecast_8246,2025-12-10 14:00:00,10880.845143890088,11450.143199309217,8991.042371014737
forecast_8247,2025-12-10 15:00:00,10037.838511978154,9677.134135675584,8230.64188775118
forecast_8248,2025-12-10 16:00:00,5812.267081947986,8702.435103885698,6346.291501722789
forecast_8249,2025-12-10 17:00:00,5761.911867198449,5758.887316260409,6350.97764659126
forecast_8250,2025-12-10 18:00:00,6875.526199784625,7222.624590412649,6010.400904663731
forecast_8251,2025-12-10 19:00:00,6722.87187530533,8013.927235621685,6473.461244535419
forecast_8252,2025-12-10 20:00:00,8508.043916822227,9174.564017464747,7445.527243374899
forecast_8253,2025-12-10 21:00:00,10121.920419512273,14371.702617354342,10005.967903306668
forecast_8254,2025-12-10 22:00:00,13367.219488621982,16480.716087779394,12652.04603471862
forecast_8255,2025-12-10 23:00:00,17685.746550622862,17787.590964880965,13951.770531974347
forecast_8256,2025-12-11 00:00:00,17693.797368109554,18236.363628509513,14721.351228950147
forecast_8257,2025-12-11 01:00:00,17580.12104896982,18830.165517469235,15222.955352720694
forecast_8258,2025-12-11 02:00:00,18213.53506385227,19660.984317868533,16149.594077578206
forecast_8259,2025-12-11 03:00:00,18280.271901067234,19365.021585563256,16267.241780797287
forecast_8260,2025-12-11 04:00:00,18453.250874196387,19576.765788936507,17766.059311425644
forecast_8261,2025-12-11 05:00:00,18494.07019139849,19898.608356026456,18491.609737232997
forecast_8262,2025-12-11 06:00:00,19147.263046907727,19968.333912589896,18212.990769887034
forecast_8263,2025-12-11 07:00:00,18600.73185717647,19928.872043002786,18088.748951754507
forecast_8264,2025-12-11 08:00:00,18103.61860795066,19892.93432461234,16613.21372969508
forecast_8265,2025-12-11 09:00:00,17652.451825592318,18693.645067878297,16068.862501121337
forecast_8266,2025-12-11 10:00:00,17754.024994867505,18593.791403471998,15652.327757136547
forecast_8267,2025-12-11 11:00:00,18017.458488564327,18422.31682462311,14419.906402994047
forecast_8268,2025-12-11 12:00:00,16277.94695554824,17607.18802205024,12439.280716303649
forecast_8269,2025-12-11 13:00:00,14439.82229108579,16088.415490965284,10963.387228256997
forecast_8270,2025-12-11 14:00:00,12895.515759851096,13349.262737092446,9097.513926488688
forecast_8271,2025-12-11 15:00:00,12621.215581264212,13623.69848350721,8326.891255566417
forecast_8272,2025-12-11 16:00:00,13132.621891290917,14326.521274599381,9144.076483901435
forecast_8273,2025-12-11 17:00:00,13814.976750124046,15293.752495039138,9897.463084951567
forecast_8274,2025-12-11 18:00:00,13780.413853459542,15390.220446978976,9845.515314442988
forecast_8275,2025-12-11 19:00:00,12484.763814812371,13772.390597500951,8781.686539617038
forecast_8276,2025-12-11 20:00:00,9295.588497607197,9844.817582209687,6345.753330898491
forecast_8277,2025-12-11 21:00:00,6626.114403936489,6534.471340894801,4055.086200782539
forecast_8278,2025-12-11 22:00:00,4297.225573391812,4709.183288196214,3774.229062568192
forecast_8279,2025-12-11 23:00:00,4307.695466950196,5320.760258648547,3800.4764838844617
forecast_8280,2025-12-12 00:00:00,4291.011687068756,5647.924508254239,3749.412179124945
forecast_8281,2025-12-12 01:00:00,3399.6585843711136,3818.2579260064026,2845.3522807748905
forecast_8282,2025-12-12 02:00:00,3333.8632297153113,3545.964950061921,2784.31997485697
forecast_8283,2025-12-12 03:00:00,3205.3695097202235,3393.649435890825,3374.011929584155
forecast_8284,2025-12-12 04:00:00,3018.1656226847863,3693.863919059114,2511.656039559431
forecast_8285,2025-12-12 05:00:00,3235.365316776977,3700.9015828649,2290.3016889438845
forecast_8286,2025-12-12 06:00:00,3481.4431422833336,3459.165881511521,3343.721680483333
forecast_8287,2025-12-12 07:00:00,3457.9200841506727,2985.625679175402,2437.4449573912784
forecast_8288,2025-12-12 08:00:00,3463.3328656902895,3214.587115016713,2120.2200107318586
forecast_8289,2025-12-12 09:00:00,3439.9629856223996,2877.7119064754434,2472.673755884588
forecast_8290,2025-12-12 10:00:00,5054.703888752807,3611.447971349561,3721.8451874035636
forecast_8291,2025-12-12 11:00:00,3899.1084493866665,3746.544060174593,3689.15752440952
forecast_8292,2025-12-12 12:00:00,2898.1430777311502,3346.201823649025,114.90668368208512
forecast_8293,2025-12-12 13:00:00,2902.550948011504,3123.446499527665,131.7294642336318
forecast_8294,2025-12-12 14:00:00,143.125185644927,141.4665069934024,105.89106560583821
forecast_8295,2025-12-12 15:00:00,148.48706194472777,136.8393377035814,95.03065860785857
forecast_8296,2025-12-12 16:00:00,3829.8275222781267,2488.4047948957073,112.7374280779868
forecast_8297,2025-12-12 17:00:00,3508.700757345542,2623.6028904205286,160.31060670686662
forecast_8298,2025-12-12 18:00:00,2976.971945546148,3595.3091904034823,209.50323234449152
forecast_8299,2025-12-12 19:00:00,2689.397871122544,3065.937196953443,212.22891826705785
forecast_8300,2025-12-12 20:00:00,3273.1069202404915,3484.2910088414646,4238.536074894177
forecast_8301,2025-12-12 21:00:00,3872.3836017963026,3474.6563107805005,3589.9954285103627
forecast_8302,2025-12-12 22:00:00,4080.4894019343374,4084.6146322860886,3572.0386566688962
forecast_8303,2025-12-12 23:00:00,4701.045976503518,4766.298202713169,3846.0879046076075
forecast_8304,2025-12-13 00:00:00,4784.052857372134,5089.825975955386,3764.1536751753724
forecast_8305,2025-12-13 01:00:00,4963.798670476043,5642.536548757042,3654.264545800645
forecast_8306,2025-12-13 02:00:00,4708.126000141397,5053.463041920233,3556.982634963125
forecast_8307,2025-12-13 03:00:00,4371.9348960320895,4339.265968736283,3687.962680092196
forecast_8308,2025-12-13 04:00:00,4608.014797825852,6707.445714251409,3647.5770490750906
forecast_8309,2025-12-13 05:00:00,4976.101959187218,5054.385271085741,3738.0753736522597
forecast_8310,2025-12-13 06:00:00,5115.1166438640485,5203.086584027791,3603.3705564751663
forecast_8311,2025-12-13 07:00:00,6104.744909822237,6121.823628293515,3784.665140426354
forecast_8312,2025-12-13 08:00:00,5943.307936518794,5851.885408190006,3562.7562944844294
forecast_8313,2025-12-13 09:00:00,4914.814116501775,5106.145683798525,3705.8873090773905
forecast_8314,2025-12-13 10:00:00,3598.0888724982406,3518.5800950436687,3657.143467131731
forecast_8315,2025-12-13 11:00:00,3568.304234968512,3488.5984604170826,3372.2515062816246
forecast_8316,2025-12-13 12:00:00,3773.4869683164206,3706.1159147918097,3904.611439144623
forecast_8317,2025-12-13 13:00:00,3425.778203107065,3416.1854377711425,3793.0986727180643
forecast_8318,2025-12-13 14:00:00,2465.0611981444044,2763.0829037131466,4344.81431464619
forecast_8319,2025-12-13 15:00:00,2810.884130802661,3023.5146346645693,2907.2370423666216
forecast_8320,2025-12-13 16:00:00,3151.731289224199,3600.3452390462585,3103.0425887835636
forecast_8321,2025-12-13 17:00:00,3409.829206339467,3453.4879897494884,3293.18128671698
forecast_8322,2025-12-13 18:00:00,3891.713211981395,3898.7949644318187,3729.174181162983
forecast_8323,2025-12-13 19:00:00,3916.2113791567126,4146.526401591429,3579.20543082066
forecast_8324,2025-12-13 20:00:00,3891.5597928037496,3882.1794625749617,3579.6044271931523
forecast_8325,2025-12-13 21:00:00,5292.78179993648,5115.709893150891,3797.1087474806
forecast_8326,2025-12-13 22:00:00,5525.67969295136,5609.0556032994555,5182.985071412969
forecast_8327,2025-12-13 23:00:00,6920.38886810667,11551.264168863276,5481.56336096863
forecast_8328,2025-12-14 00:00:00,8783.755272409993,8044.695983557482,7130.923499784025
forecast_8329,2025-12-14 01:00:00,14745.745310345901,16801.05369674164,12359.776170730736
forecast_8330,2025-12-14 02:00:00,14879.58305561956,17081.01875655338,12387.151858315458
forecast_8331,2025-12-14 03:00:00,14284.586629172341,16969.11368549765,12801.262307455969
forecast_8332,2025-12-14 04:00:00,14714.53909513085,17440.53657118151,13285.125443546764
forecast_8333,2025-12-14 05:00:00,15685.311352550396,17224.88920245273,14565.013591895657
forecast_8334,2025-12-14 06:00:00,15793.030618638166,17573.896252492654,14810.046051869745
forecast_8335,2025-12-14 07:00:00,15736.1099505847,17476.197525493488,14925.11435545035
forecast_8336,2025-12-14 08:00:00,16071.882649405141,17615.990257065685,13401.939382849238
forecast_8337,2025-12-14 09:00:00,15978.820868904311,17494.57402539083,12700.581058692036
forecast_8338,2025-12-14 10:00:00,16708.585458428057,17281.00411465877,12039.891479883063
forecast_8339,2025-12-14 11:00:00,16509.689546919613,17500.646630147996,13312.244774580538
forecast_8340,2025-12-14 12:00:00,16303.505429421577,17028.245213405495,12820.938132898862
forecast_8341,2025-12-14 13:00:00,15221.762856839388,15858.246854336006,11452.814748861509
forecast_8342,2025-12-14 14:00:00,13035.007790637288,14301.113102052084,9786.174410448812
forecast_8343,2025-12-14 15:00:00,11821.532572933138,13121.614039518407,9768.49493260164
forecast_8344,2025-12-14 16:00:00,12033.131581973628,13389.126393179997,10045.686007875793
forecast_8345,2025-12-14 17:00:00,13059.675883308375,14593.565374088135,10645.414011715242
forecast_8346,2025-12-14 18:00:00,14419.376481269697,16375.31084238365,11690.242145988168
forecast_8347,2025-12-14 19:00:00,15495.106857544635,16969.1335935173,12741.365028481267
forecast_8348,2025-12-14 20:00:00,15996.479931558672,17785.894646611338,13991.3786716078
forecast_8349,2025-12-14 21:00:00,16544.31332297453,17778.023258187102,14340.623049864433
forecast_8350,2025-12-14 22:00:00,16563.429123224465,17979.230923704385,13839.936552272668
forecast_8351,2025-12-14 23:00:00,17046.105485153363,18303.336814044775,14271.041198087016
forecast_8352,2025-12-15 00:00:00,17485.108997406165,18529.739239954168,15261.572707246609
forecast_8353,2025-12-15 01:00:00,17358.701653992608,18607.905371509998,15241.842779362229
forecast_8354,2025-12-15 02:00:00,19895.604614767697,19882.793837426147,15588.734473673512
forecast_8355,2025-12-15 03:00:00,19892.378909298368,19893.362162735353,15894.275538007478
forecast_8356,2025-12-15 04:00:00,19877.899469834694,19875.013805208,16470.356521204838
forecast_8357,2025-12-15 05:00:00,19877.259757375065,19873.505493928336,15944.514803500317
forecast_8358,2025-12-15 06:00:00,19898.636132342777,19875.53436568414,15427.182567744438
forecast_8359,2025-12-15 07:00:00,19936.87104007001,19210.41701167599,15072.257809387485
forecast_8360,2025-12-15 08:00:00,18361.39652003308,18874.999299352545,14311.927171791813
forecast_8361,2025-12-15 09:00:00,18154.212102087884,18237.55050786291,13493.003043242812
forecast_8362,2025-12-15 10:00:00,17091.313007711175,18054.680705616298,13126.65511480237
forecast_8363,2025-12-15 11:00:00,15609.629115368325,15162.272127956438,12368.281173635936
forecast_8364,2025-12-15 12:00:00,13536.115647245579,13976.182491872612,11569.585951296962
forecast_8365,2025-12-15 13:00:00,13227.47535261185,14780.379506956977,11702.00801100311
forecast_8366,2025-12-15 14:00:00,14646.181077386362,15439.683442943857,12009.727063325847
forecast_8367,2025-12-15 15:00:00,15379.625972805226,17348.126046620157,12977.28885100087
forecast_8368,2025-12-15 16:00:00,16518.77511373902,17828.886983099186,13103.964016708522
forecast_8369,2025-12-15 17:00:00,17970.777942254244,18166.25215574301,15063.315072185736
forecast_8370,2025-12-15 18:00:00,19876.49540117237,19887.04167727713,16264.42578529248
forecast_8371,2025-12-15 19:00:00,20312.101897155833,20311.643831871974,15168.03012774313
forecast_8372,2025-12-15 20:00:00,19883.13763646624,20304.19290318588,15479.548372294303
forecast_8373,2025-12-15 21:00:00,19901.275421076527,19948.75916602374,16613.766719304178
forecast_8374,2025-12-15 22:00:00,19877.000650703892,19875.53989768291,15826.186748400401
forecast_8375,2025-12-15 23:00:00,18824.043126221768,19187.802331477964,15744.463177017225
forecast_8376,2025-12-16 00:00:00,18103.125210177783,18285.27786476411,15420.61162110608
forecast_8377,2025-12-16 01:00:00,17594.399334289334,16738.11220056979,14279.33738337333
forecast_8378,2025-12-16 02:00:00,16808.7336422545,16126.070959488534,13458.107490027773
forecast_8379,2025-12-16 03:00:00,15938.81088373219,15210.599911505427,12517.573138824322
forecast_8380,2025-12-16 04:00:00,12455.992410305198,14915.63834264715,11507.646828740772
forecast_8381,2025-12-16 05:00:00,13662.06511521299,14044.36638431261,10439.087735946392
forecast_8382,2025-12-16 06:00:00,10457.803071332046,13134.920043362967,9692.293188946502
forecast_8383,2025-12-16 07:00:00,11404.568632047296,12260.947030291692,9072.731879798584
forecast_8384,2025-12-16 08:00:00,9571.53831756194,10016.984347214173,9392.449630448426
forecast_8385,2025-12-16 09:00:00,9569.156040753789,9782.619440598844,9554.060681195617
forecast_8386,2025-12-16 10:00:00,9465.412423095037,10161.693809878354,10233.931554964782
forecast_8387,2025-12-16 11:00:00,9290.63412083497,9852.214893298962,10352.091025081892
forecast_8388,2025-12-16 12:00:00,9137.508156414422,9784.697186603626,10053.86103826123
forecast_8389,2025-12-16 13:00:00,9569.015375946949,9683.235423949374,9016.99191139399
forecast_8390,2025-12-16 14:00:00,9246.922013815638,10219.808959356606,9169.51969111283
forecast_8391,2025-12-16 15:00:00,10343.435156032774,10496.633574776819,7975.753561499936
forecast_8392,2025-12-16 16:00:00,9976.097606703774,10592.820180247714,8203.482804513633
forecast_8393,2025-12-16 17:00:00,9858.705071287844,9422.701577268721,7041.3382197615765
forecast_8394,2025-12-16 18:00:00,9670.78986221306,9638.593207052221,6309.284687408475
forecast_8395,2025-12-16 19:00:00,8851.467177661116,9575.669326181096,6693.6843754091615
forecast_8396,2025-12-16 20:00:00,7961.936435624112,8569.176177236186,6598.606019767407
forecast_8397,2025-12-16 21:00:00,9191.886852502577,9339.68554499074,6264.863011058789
forecast_8398,2025-12-16 22:00:00,8617.256412582963,8970.38227899151,6208.748054581762
forecast_8399,2025-12-16 23:00:00,6612.136143898097,6676.226223873483,5831.782820652718
forecast_8400,2025-12-17 00:00:00,5906.425243112214,6315.161968115924,6113.3528992225765
forecast_8401,2025-12-17 01:00:00,9206.996698407738,10012.164710045861,6559.442493896056
forecast_8402,2025-12-17 02:00:00,8751.339457952361,10071.792525338431,6338.648670997303
forecast_8403,2025-12-17 03:00:00,8033.470671264646,10332.535498021649,5761.983902867807
forecast_8404,2025-12-17 04:00:00,7509.496827685227,7796.620360392973,5063.199899134159
forecast_8405,2025-12-17 05:00:00,6805.571934791356,8615.239161706171,4290.210768057507
forecast_8406,2025-12-17 06:00:00,6695.88944782878,9580.467225062834,4751.731455487318
forecast_8407,2025-12-17 07:00:00,6660.880052322303,6753.936373734977,4509.67665499112
forecast_8408,2025-12-17 08:00:00,5922.60016636446,6129.229591035203,4614.059479805661
forecast_8409,2025-12-17 09:00:00,8039.578172043296,8234.934536931705,4759.396665266093
forecast_8410,2025-12-17 10:00:00,7311.98242878547,7432.178127566751,4601.687391705735
forecast_8411,2025-12-17 11:00:00,6997.32395027094,7230.476781904293,3785.6395801957947
forecast_8412,2025-12-17 12:00:00,4430.987085503156,4306.308859612539,3761.668922689626
forecast_8413,2025-12-17 13:00:00,3994.1023738881536,4401.964712874908,3856.9386725169825
forecast_8414,2025-12-17 14:00:00,3889.918021520999,3956.0598502292946,3527.9933598971643
forecast_8415,2025-12-17 15:00:00,3808.4663427896685,3752.5875129442948,3699.6539300418726
forecast_8416,2025-12-17 16:00:00,3790.4359339454577,3395.0248030581884,3678.6607947126777
forecast_8417,2025-12-17 17:00:00,3767.7006093910513,3698.8406575753515,3484.576906450696
forecast_8418,2025-12-17 18:00:00,4634.496153595502,4267.555601904105,3736.6813600059686
forecast_8419,2025-12-17 19:00:00,4788.018544138602,4899.481536365329,3779.1911597762714
forecast_8420,2025-12-17 20:00:00,5752.719887494562,5606.606219616415,3860.650813000916
forecast_8421,2025-12-17 21:00:00,6525.815486391734,6249.035969010605,4593.586325919167
forecast_8422,2025-12-17 22:00:00,6991.198486345206,7030.476526292936,4891.792079647282
forecast_8423,2025-12-17 23:00:00,7614.650159314549,7151.675628092177,5475.291120150111
forecast_8424,2025-12-18 00:00:00,7616.46235535611,7317.1130208849,5805.74371272821
forecast_8425,2025-12-18 01:00:00,13117.040395660324,13514.71679128117,10023.845598612299
forecast_8426,2025-12-18 02:00:00,13626.985459459378,14651.185451030497,10216.770972268545
forecast_8427,2025-12-18 03:00:00,14735.680534348763,14766.70992681448,10948.76816073221
forecast_8428,2025-12-18 04:00:00,15045.572739152836,15670.49067122944,10903.967801562381
forecast_8429,2025-12-18 05:00:00,14387.877548562621,15223.452162960188,10883.732715525392
forecast_8430,2025-12-18 06:00:00,14293.212194898748,14871.69710346079,10751.806248156125
forecast_8431,2025-12-18 07:00:00,14070.807478938716,14154.272186813978,10651.276946802309
forecast_8432,2025-12-18 08:00:00,10369.225246899887,12222.289260778647,9384.923358799058
forecast_8433,2025-12-18 09:00:00,9672.740163124958,8845.083099113253,7794.121285381183
forecast_8434,2025-12-18 10:00:00,5403.518159819534,5420.869539942842,5926.337037377185
forecast_8435,2025-12-18 11:00:00,3930.743723528097,6205.891320680342,4421.157519919221
forecast_8436,2025-12-18 12:00:00,4210.886810682642,4037.9885134745964,3789.7022619332806
forecast_8437,2025-12-18 13:00:00,4048.957293847425,4136.56699043746,3730.5312428332854
forecast_8438,2025-12-18 14:00:00,4036.25837972291,3888.47976159464,3816.8928893323823
forecast_8439,2025-12-18 15:00:00,3772.7512242862886,3873.5681078690495,3758.780077967526
forecast_8440,2025-12-18 16:00:00,3907.751454830889,3992.755346740754,4093.0653652351657
forecast_8441,2025-12-18 17:00:00,3882.1150641176364,4145.038121565484,3950.439798060165
forecast_8442,2025-12-18 18:00:00,3872.30555132274,4416.517002273598,3803.1391838493128
forecast_8443,2025-12-18 19:00:00,6137.471698475607,4618.49751561459,3778.463082745465
forecast_8444,2025-12-18 20:00:00,5034.469334296981,5332.838022885198,4232.063982811182
forecast_8445,2025-12-18 21:00:00,5935.639125136771,6091.200860047139,4962.819809779222
forecast_8446,2025-12-18 22:00:00,7658.952336035994,7868.3100427219715,7065.7893954792235
forecast_8447,2025-12-18 23:00:00,8906.353506674537,9387.981965022718,8492.331717188581
forecast_8448,2025-12-19 00:00:00,9421.912190521312,12876.238261798275,8072.433320576147
forecast_8449,2025-12-19 01:00:00,17724.82415772792,17683.79395078263,13590.73442773609
forecast_8450,2025-12-19 02:00:00,17737.161665549054,17889.839821012567,13947.34635057735
forecast_8451,2025-12-19 03:00:00,18541.81932331643,18160.521355646186,14624.181635474377
forecast_8452,2025-12-19 04:00:00,15049.955521380141,17795.63635084792,12640.78126329394
forecast_8453,2025-12-19 05:00:00,14238.445896645633,16142.149015946736,12832.29660299275
forecast_8454,2025-12-19 06:00:00,12626.988787529253,16126.717077963163,13058.760708650612
forecast_8455,2025-12-19 07:00:00,17532.94997359305,16829.519704448878,13624.380045127737
forecast_8456,2025-12-19 08:00:00,14542.337265394235,18171.351888875233,13988.43651676898
forecast_8457,2025-12-19 09:00:00,16308.584720465074,18464.890110685123,15012.22481464757
forecast_8458,2025-12-19 10:00:00,17513.24607610082,18328.756899568674,15782.144737446302
forecast_8459,2025-12-19 11:00:00,18525.711621570517,18753.52612268856,16974.868558207007
forecast_8460,2025-12-19 12:00:00,18304.314645247847,18946.691033400813,17028.78501592124
forecast_8461,2025-12-19 13:00:00,18127.3607453037,18499.206446501594,16113.423837089444
forecast_8462,2025-12-19 14:00:00,17393.177824637678,18408.867470681336,15711.859376484867
forecast_8463,2025-12-19 15:00:00,17622.901622979367,18526.064368042193,16006.723120409333
forecast_8464,2025-12-19 16:00:00,17589.6086844454,18697.771860558343,16275.350269481087
forecast_8465,2025-12-19 17:00:00,17917.643114108407,18284.685280792157,16421.761076368286
forecast_8466,2025-12-19 18:00:00,15934.860930517149,17359.517064115757,16871.836996164668
forecast_8467,2025-12-19 19:00:00,16178.757394714481,17455.186353319037,17015.04039602683
forecast_8468,2025-12-19 20:00:00,17196.541728996435,17825.487133768143,16935.29879628438
forecast_8469,2025-12-19 21:00:00,18045.972098821938,17946.799175178694,16719.351930360885
forecast_8470,2025-12-19 22:00:00,17393.03852655862,18234.628551560076,16526.653295455384
forecast_8471,2025-12-19 23:00:00,17446.346889094104,18472.248071068676,16261.858510356971
forecast_8472,2025-12-20 00:00:00,17989.423666604507,18443.18561388213,16169.251830590803
forecast_8473,2025-12-20 01:00:00,17437.234742879442,18968.333598653724,15798.663946149307
forecast_8474,2025-12-20 02:00:00,17154.49061227483,17810.06295399675,15495.340012909071
forecast_8475,2025-12-20 03:00:00,16967.57027910567,17865.423438182643,14470.71624342021
forecast_8476,2025-12-20 04:00:00,15669.027593058996,17821.821712515884,13928.232061049752
forecast_8477,2025-12-20 05:00:00,14845.81324728036,17256.960737072077,13227.794995757631
forecast_8478,2025-12-20 06:00:00,14168.146880518862,17020.476743163752,12361.87219650564
forecast_8479,2025-12-20 07:00:00,16116.389586057494,16596.934610697353,11699.492756726202
forecast_8480,2025-12-20 08:00:00,15862.917027018433,16432.787368702146,11562.554130573313
forecast_8481,2025-12-20 09:00:00,15879.570970317212,16385.703396096556,12891.61310889961
forecast_8482,2025-12-20 10:00:00,15675.565202251853,15045.77250858034,12405.812181323246
forecast_8483,2025-12-20 11:00:00,16050.84751789616,16494.805234009626,13101.415666909206
forecast_8484,2025-12-20 12:00:00,15456.469753699479,16694.63691892806,14012.737260279915
forecast_8485,2025-12-20 13:00:00,15201.073104749234,16892.577400319587,14161.202126009419
forecast_8486,2025-12-20 14:00:00,13447.29048302626,15108.330091972814,13328.674034058235
forecast_8487,2025-12-20 15:00:00,12760.55332548454,14000.991041657286,12061.749415975459
forecast_8488,2025-12-20 16:00:00,10970.72212961032,12236.158862961225,10391.276336179139
forecast_8489,2025-12-20 17:00:00,10373.2993805301,11635.511173029327,9962.84810158333
forecast_8490,2025-12-20 18:00:00,10809.225354945078,11946.287643252192,9703.15773646087
forecast_8491,2025-12-20 19:00:00,10384.511775068175,11100.736141919937,9108.103444137256
forecast_8492,2025-12-20 20:00:00,10139.560156951278,11000.418207266155,8604.770562532682
forecast_8493,2025-12-20 21:00:00,9965.854581722333,11642.098850490722,8278.976141204972
forecast_8494,2025-12-20 22:00:00,11199.175444452623,12029.6705631799,9325.112987675417
forecast_8495,2025-12-20 23:00:00,12673.831943024185,13769.91510073108,11285.075132062524
forecast_8496,2025-12-21 00:00:00,12807.630424385767,14821.84234439399,12052.2995660307
forecast_8497,2025-12-21 01:00:00,19884.381713655723,19378.516249217617,16892.150654475885
forecast_8498,2025-12-21 02:00:00,19878.28932367322,19517.72997453647,16809.405627854834
forecast_8499,2025-12-21 03:00:00,19876.06344142937,19386.9997831893,16713.626850444056
forecast_8500,2025-12-21 04:00:00,18936.593502966236,19040.91443443084,16808.141407178777
forecast_8501,2025-12-21 05:00:00,18535.2980027335,18908.872862744196,16364.21026757052
forecast_8502,2025-12-21 06:00:00,17936.301742647425,18431.22746933544,16375.36331328197
forecast_8503,2025-12-21 07:00:00,17822.000912987616,18219.908187553232,15377.711464044094
forecast_8504,2025-12-21 08:00:00,16656.15346515534,17964.528086323422,13800.043084216946
forecast_8505,2025-12-21 09:00:00,14952.757076551972,16517.264850399002,13009.433597722451
forecast_8506,2025-12-21 10:00:00,14329.489002412516,16996.38821274827,10929.474814566407
forecast_8507,2025-12-21 11:00:00,13439.403180514637,16198.880713672173,9105.24264962834
forecast_8508,2025-12-21 12:00:00,11834.651142205847,12828.195393012033,9482.364508613417
forecast_8509,2025-12-21 13:00:00,10083.316097345805,11793.734736250166,7243.718677233635
forecast_8510,2025-12-21 14:00:00,8814.71469622383,8159.019540535731,7400.243950249156
forecast_8511,2025-12-21 15:00:00,5077.4696589370515,6177.5050347206125,3999.7780446125753
forecast_8512,2025-12-21 16:00:00,4285.585109023331,4201.505543183355,3800.543922989692
forecast_8513,2025-12-21 17:00:00,4055.3899422931436,3996.4266050193473,4498.523229781697
forecast_8514,2025-12-21 18:00:00,3870.0815949488124,3894.421352357337,4339.996594105357
forecast_8515,2025-12-21 19:00:00,3859.2497401654336,3883.14827842216,3863.907746629695
forecast_8516,2025-12-21 20:00:00,3926.3508515591416,3838.60798699341,3768.985473779199
forecast_8517,2025-12-21 21:00:00,3681.352563609989,3645.8121382639856,3635.948564163332
forecast_8518,2025-12-21 22:00:00,4002.1065199377094,3842.9944844072265,3617.6331622457556
forecast_8519,2025-12-21 23:00:00,3786.728508866657,3616.749514242769,3756.732989230857
forecast_8520,2025-12-22 00:00:00,3564.9669394498483,3535.537803074276,3613.14795628852
forecast_8521,2025-12-22 01:00:00,3839.0943573721324,3300.241872952929,3242.881258846987
forecast_8522,2025-12-22 02:00:00,3890.164851288588,3294.699260020415,3374.867870322769
forecast_8523,2025-12-22 03:00:00,3745.1363924387697,3130.683782901936,3467.9728913604604
forecast_8524,2025-12-22 04:00:00,3902.4684265732108,3775.481261646023,3331.8359845418813
forecast_8525,2025-12-22 05:00:00,3531.69267582227,3768.0749563343534,2819.2077409298417
forecast_8526,2025-12-22 06:00:00,3348.330995436433,3420.666713913409,2862.8455665854544
forecast_8527,2025-12-22 07:00:00,3511.3699046388965,3472.1723494139405,2367.546360475278
forecast_8528,2025-12-22 08:00:00,3362.094640755423,3659.580899741773,2297.73677818609
forecast_8529,2025-12-22 09:00:00,3294.668067185468,3653.7712595032394,2242.6279539309803
forecast_8530,2025-12-22 10:00:00,3574.5653493716245,3426.809752908366,2119.8729837873043
forecast_8531,2025-12-22 11:00:00,3557.2355648825196,3397.1740686811345,73.35819472335524
forecast_8532,2025-12-22 12:00:00,5946.680483765899,3274.307584248028,34.3308579131
forecast_8533,2025-12-22 13:00:00,40.25566487990767,3242.2697330281594,25.056592205536074
forecast_8534,2025-12-22 14:00:00,40.32151729446814,2598.2988578376912,25.483528821477833
forecast_8535,2025-12-22 15:00:00,57.92387706770705,2616.6469795323724,34.35371771785843
forecast_8536,2025-12-22 16:00:00,148.56766346654854,2707.205997076442,35.9793172057431
forecast_8537,2025-12-22 17:00:00,5424.896971428753,5974.297741827213,3721.5260633119474
forecast_8538,2025-12-22 18:00:00,2393.2179502630092,2389.6997682191527,3312.4216459590057
forecast_8539,2025-12-22 19:00:00,2977.334838442232,3253.9023437725427,3158.1172724636713
forecast_8540,2025-12-22 20:00:00,3096.511022931894,3374.9397926825186,3289.5149712556154
forecast_8541,2025-12-22 21:00:00,3995.064228602272,3596.1092861654215,3358.8400061580796
forecast_8542,2025-12-22 22:00:00,3980.537883100613,4018.455398643301,3052.1873243815503
forecast_8543,2025-12-22 23:00:00,4356.750413227559,3882.9244382177153,3363.2422817224565
forecast_8544,2025-12-23 00:00:00,3867.416376936453,3894.218492348134,3395.5797596648663
forecast_8545,2025-12-23 01:00:00,4604.384407759855,4380.177471282735,3739.217763902827
forecast_8546,2025-12-23 02:00:00,5224.061202689781,5124.452627021934,3831.129191400103
forecast_8547,2025-12-23 03:00:00,6221.331572221732,6184.798070081167,3790.4676621449526
forecast_8548,2025-12-23 04:00:00,6498.777397046818,6453.786720267714,3780.238149355494
forecast_8549,2025-12-23 05:00:00,6832.424987331826,6366.712330983366,3781.1659383865426
forecast_8550,2025-12-23 06:00:00,6606.485304573114,5662.461228657874,3920.806151937181
forecast_8551,2025-12-23 07:00:00,5579.140900178627,4731.32363012713,3666.541660446598
forecast_8552,2025-12-23 08:00:00,5195.38021613968,4423.174663919451,3804.6532627156057
forecast_8553,2025-12-23 09:00:00,4119.6963995657625,4811.122582947974,3790.804884149615
forecast_8554,2025-12-23 10:00:00,5483.396313213226,6334.85397246952,3878.726946036163
forecast_8555,2025-12-23 11:00:00,5386.497647855592,6424.311205412087,4612.546830157912
forecast_8556,2025-12-23 12:00:00,7132.669273623747,8170.044274741055,4198.562442164186
forecast_8557,2025-12-23 13:00:00,6608.749134173255,7470.104441465758,4114.149783857654
forecast_8558,2025-12-23 14:00:00,6881.748765841784,6409.55053318813,4583.570804892255
forecast_8559,2025-12-23 15:00:00,7185.986122584405,6110.170269166295,4068.801120323962
forecast_8560,2025-12-23 16:00:00,6320.405112664513,6861.558493428126,4462.735840541453
forecast_8561,2025-12-23 17:00:00,4126.342478099663,4760.6448144223905,4728.303448868022
forecast_8562,2025-12-23 18:00:00,4723.644006161157,8560.247920345691,3948.291875197866
forecast_8563,2025-12-23 19:00:00,8687.176861406828,9885.206131658399,4984.326739604472
forecast_8564,2025-12-23 20:00:00,10192.019438336627,12294.063634992845,5468.933032130178
forecast_8565,2025-12-23 21:00:00,8912.137423925826,12242.135488064034,5951.727255208415
forecast_8566,2025-12-23 22:00:00,9935.829439256462,14243.396452139417,5957.045968395083
forecast_8567,2025-12-23 23:00:00,9818.89030442397,9861.182872482392,7074.151630035223
forecast_8568,2025-12-24 00:00:00,8456.94584042142,12958.690926984198,6860.479463711797
forecast_8569,2025-12-24 01:00:00,7076.221689288637,9165.85876690833,4976.6091961440015
forecast_8570,2025-12-24 02:00:00,6820.70680376575,6973.7840147767,4701.615800938062
forecast_8571,2025-12-24 03:00:00,4968.425281224461,8738.173332486764,3846.723982693977
forecast_8572,2025-12-24 04:00:00,4303.899366643192,4376.162087392945,3806.8829224280967
forecast_8573,2025-12-24 05:00:00,3930.1335546416167,3973.658222369987,3639.019622578355
forecast_8574,2025-12-24 06:00:00,3848.0156358780864,3888.2310181502253,3750.8991487996254
forecast_8575,2025-12-24 07:00:00,4207.01730947794,4227.118832264969,3158.5249465981533
forecast_8576,2025-12-24 08:00:00,3665.3794317677944,3395.300785499536,2996.238637748005
forecast_8577,2025-12-24 09:00:00,3616.0673626588177,3392.7842689427007,3437.789154733375
forecast_8578,2025-12-24 10:00:00,3540.0959849514634,3481.080758976047,2977.098495591929
forecast_8579,2025-12-24 11:00:00,3413.34102135561,3429.589723456914,2899.474774472265
forecast_8580,2025-12-24 12:00:00,3498.8766885780074,2785.1117157875174,2370.33577563492
forecast_8581,2025-12-24 13:00:00,3531.840751636321,2831.0940753406185,2385.34731290498
forecast_8582,2025-12-24 14:00:00,3660.68523053939,2875.758937938209,2406.7970019176546
forecast_8583,2025-12-24 15:00:00,3593.864095055026,3148.7860752793476,2432.739044928111
forecast_8584,2025-12-24 16:00:00,4651.49422845551,3664.9307787104876,2798.107578273452
forecast_8585,2025-12-24 17:00:00,4591.427337877807,4295.350740546057,2783.2748555513635
forecast_8586,2025-12-24 18:00:00,4549.044596968126,4340.467366379577,2983.162167919859
forecast_8587,2025-12-24 19:00:00,5042.190880643605,5643.873360014761,3353.8631082218417
forecast_8588,2025-12-24 20:00:00,3834.4439925761185,4492.585457660662,3655.435622482176
forecast_8589,2025-12-24 21:00:00,3873.7434608322237,3711.731752961316,3623.850799260127
forecast_8590,2025-12-24 22:00:00,3813.9928879783697,3584.4609181769483,3234.2434061372123
forecast_8591,2025-12-24 23:00:00,4082.2520655001717,3852.3177485680244,3521.6878836922924
forecast_8592,2025-12-25 00:00:00,4202.979964628163,4013.934182905974,3375.69672750818
forecast_8593,2025-12-25 01:00:00,3980.6701824829715,3715.8139003770966,5409.719080573786
forecast_8594,2025-12-25 02:00:00,3885.503552465407,4118.423487721013,3670.1436020890455
forecast_8595,2025-12-25 03:00:00,4622.804358956804,4963.713884587375,4091.580734919953
forecast_8596,2025-12-25 04:00:00,6580.908111953806,6521.8181059671915,4369.52572768328
forecast_8597,2025-12-25 05:00:00,8587.706539514093,10879.404200584924,5117.587993502905
forecast_8598,2025-12-25 06:00:00,10771.515049709424,10888.158577947766,6370.801630142021
forecast_8599,2025-12-25 07:00:00,12796.49079428435,12148.573438779535,8226.950416989968
forecast_8600,2025-12-25 08:00:00,16435.070709306376,15548.078758104344,10358.410665691465
forecast_8601,2025-12-25 09:00:00,16222.08264469741,18030.112981906346,11981.084264883431
forecast_8602,2025-12-25 10:00:00,16103.062609868186,17523.183209165876,13320.184272137194
forecast_8603,2025-12-25 11:00:00,15514.664895855176,16933.610875537073,12218.401178251075
forecast_8604,2025-12-25 12:00:00,13793.828921907889,16303.988376812904,10415.322337173306
forecast_8605,2025-12-25 13:00:00,12927.661811053411,15549.451217658268,9514.129116053173
forecast_8606,2025-12-25 14:00:00,13029.494775362336,13672.708319855594,9582.47466916703
forecast_8607,2025-12-25 15:00:00,13395.39257096058,14972.28355290162,9717.981284886002
forecast_8608,2025-12-25 16:00:00,13969.59824551461,16053.03150575087,10139.948048560153
forecast_8609,2025-12-25 17:00:00,14085.666042912462,16274.230756557785,11684.339040496148
forecast_8610,2025-12-25 18:00:00,15074.913392966326,16868.4914766612,11400.195504491236
forecast_8611,2025-12-25 19:00:00,15626.83460566549,16469.323873203815,12198.89622766698
forecast_8612,2025-12-25 20:00:00,15530.674918098539,16546.204342655583,12737.56042675441
forecast_8613,2025-12-25 21:00:00,15678.194836164146,16552.234883024663,12775.805633459282
forecast_8614,2025-12-25 22:00:00,15659.453475370574,16886.520412409533,12864.03202261786
forecast_8615,2025-12-25 23:00:00,15543.709020423845,17094.10285009029,13271.163513851146
forecast_8616,2025-12-26 00:00:00,15792.24394647257,17541.520850917514,13442.15695534409
forecast_8617,2025-12-26 01:00:00,16750.94623448294,18526.186571922306,14274.27044784602
forecast_8618,2025-12-26 02:00:00,16723.25391015331,19882.96596905363,13542.757970002549
forecast_8619,2025-12-26 03:00:00,16479.90270773686,18496.85600422172,12711.087711004102
forecast_8620,2025-12-26 04:00:00,16395.15632467701,18369.422909979086,12268.701699129895
forecast_8621,2025-12-26 05:00:00,16823.906996370104,18343.20400573237,12142.066861846934
forecast_8622,2025-12-26 06:00:00,17377.520709371405,18873.45706450475,13953.384594391544
forecast_8623,2025-12-26 07:00:00,18147.84730814476,19107.057073983102,12889.436146206508
forecast_8624,2025-12-26 08:00:00,18017.794606017644,19138.07390701603,11491.411767889798
forecast_8625,2025-12-26 09:00:00,17587.645733835197,18593.541929157498,11520.527998223804
forecast_8626,2025-12-26 10:00:00,15806.83057079828,17949.9181443077,10907.650106102456
forecast_8627,2025-12-26 11:00:00,14168.58721273154,16518.759383363114,10238.715141336903
forecast_8628,2025-12-26 12:00:00,12590.1634611082,14228.36739009037,9915.70831441939
forecast_8629,2025-12-26 13:00:00,12708.534369331352,13324.557729089338,9279.821204564134
forecast_8630,2025-12-26 14:00:00,12213.62520131446,12994.626955023507,9477.257536003865
forecast_8631,2025-12-26 15:00:00,12254.296418041298,12935.437564404423,9259.358140235925
forecast_8632,2025-12-26 16:00:00,12074.502535919384,12907.965251877238,8255.548922349884
forecast_8633,2025-12-26 17:00:00,11315.851534839523,13083.66723407823,8664.550244870798
forecast_8634,2025-12-26 18:00:00,11829.844264528196,12458.419182189255,8871.362614990756
forecast_8635,2025-12-26 19:00:00,12864.800804291754,13925.055799878639,9698.531631729573
forecast_8636,2025-12-26 20:00:00,14144.05855446905,16836.340590542382,11148.002824061403
forecast_8637,2025-12-26 21:00:00,16957.72399509148,18653.485262393075,13199.796546500043
forecast_8638,2025-12-26 22:00:00,18313.36277531611,19001.78874374549,13594.593843578741
forecast_8639,2025-12-26 23:00:00,18675.56696984332,19346.329226293707,14271.073392030728
forecast_8640,2025-12-27 00:00:00,18550.301880780375,19377.659326930912,14303.493657085457
forecast_8641,2025-12-27 01:00:00,19874.263824913014,19891.16018061468,15461.055717738825
forecast_8642,2025-12-27 02:00:00,19884.00773352546,19872.097568136225,14851.344896568138
forecast_8643,2025-12-27 03:00:00,18501.256003715174,19884.768958917328,14558.222268441197
forecast_8644,2025-12-27 04:00:00,18381.60391054647,18746.277045792936,14019.924244162767
forecast_8645,2025-12-27 05:00:00,18213.43265568159,18563.042921068052,13865.810090894001
forecast_8646,2025-12-27 06:00:00,18088.102143595977,18851.13951267551,13696.364334626842
forecast_8647,2025-12-27 07:00:00,17983.778341150737,18818.803402494992,13910.487461229879
forecast_8648,2025-12-27 08:00:00,17805.89930810527,18486.64718366776,13694.87461165021
forecast_8649,2025-12-27 09:00:00,17417.872428951174,18133.54675308065,13349.065352845999
forecast_8650,2025-12-27 10:00:00,15121.631684524595,17301.437257080634,13057.248022922488
forecast_8651,2025-12-27 11:00:00,14981.704787944873,16838.914936320587,12537.945114031641
forecast_8652,2025-12-27 12:00:00,15814.857003713885,16911.181405950232,12614.790666690824
forecast_8653,2025-12-27 13:00:00,16128.810919433165,17254.525002100847,13054.788007904179
forecast_8654,2025-12-27 14:00:00,16349.44189151087,17591.46358104199,13525.293033296428
forecast_8655,2025-12-27 15:00:00,16097.985407011618,17395.916249539467,13776.063751003812
forecast_8656,2025-12-27 16:00:00,16614.396011677884,17950.635365350372,13507.746608725583
forecast_8657,2025-12-27 17:00:00,16972.808887832478,18223.338934371775,14326.459694350207
forecast_8658,2025-12-27 18:00:00,17727.343197038354,19872.024869491695,15675.227699595589
forecast_8659,2025-12-27 19:00:00,18377.786513076455,19875.243977680584,16079.674650597886
forecast_8660,2025-12-27 20:00:00,18609.333207721204,19876.184407308665,16193.832765424104
forecast_8661,2025-12-27 21:00:00,19912.001621722862,20306.385175523756,16351.671619640629
forecast_8662,2025-12-27 22:00:00,19876.312913931648,20318.204589218447,16754.707958736533
forecast_8663,2025-12-27 23:00:00,18535.26304315756,19883.230143717003,16100.087858371298
forecast_8664,2025-12-28 00:00:00,18373.152067461044,19920.066291211053,15895.58431359319
forecast_8665,2025-12-28 01:00:00,19888.720939444855,20304.84030160544,18624.482087867233
forecast_8666,2025-12-28 02:00:00,19878.02731786267,20308.687942646447,18668.508621498244
forecast_8667,2025-12-28 03:00:00,20319.297980659445,20316.758392836557,19331.669166451633
forecast_8668,2025-12-28 04:00:00,20315.852420020095,20324.966384766307,17535.353051064198
forecast_8669,2025-12-28 05:00:00,19941.778413444707,20324.633695068966,17423.963421777316
forecast_8670,2025-12-28 06:00:00,19884.18251834414,20327.95340579569,17015.047959658412
forecast_8671,2025-12-28 07:00:00,19938.961922403283,20313.296657828636,17373.15600508835
forecast_8672,2025-12-28 08:00:00,19900.494688919636,20310.9260665945,17420.11043239091
forecast_8673,2025-12-28 09:00:00,19872.17488634886,19898.44953154586,17260.276806521044
forecast_8674,2025-12-28 10:00:00,17497.55991972323,19935.657009166105,16953.694569270265
forecast_8675,2025-12-28 11:00:00,16961.183907397317,18734.685460135544,16544.616573819476
forecast_8676,2025-12-28 12:00:00,17867.456867329554,18124.567029231006,16169.809958155645
forecast_8677,2025-12-28 13:00:00,16641.545465624095,17404.112778094885,15477.63056587641
forecast_8678,2025-12-28 14:00:00,15218.267866639366,16620.940204992625,14124.841000132568
forecast_8679,2025-12-28 15:00:00,14398.959068452015,15548.261233963294,12937.399015955278
forecast_8680,2025-12-28 16:00:00,14895.372217984303,15743.44460791849,12696.318503257491
forecast_8681,2025-12-28 17:00:00,15199.890028368634,16109.892882661567,13002.709183926496
forecast_8682,2025-12-28 18:00:00,14526.635923802653,16120.613760370485,12897.984423713817
forecast_8683,2025-12-28 19:00:00,14329.639236120132,15988.593107711484,12781.483303696732
forecast_8684,2025-12-28 20:00:00,13748.465285240505,15394.53261063866,12930.444941295684
forecast_8685,2025-12-28 21:00:00,14686.439019032909,16297.685761782008,13922.03209784515
forecast_8686,2025-12-28 22:00:00,14763.022979321157,16428.947500431863,13979.474672229728
forecast_8687,2025-12-28 23:00:00,15581.0380718781,17443.279789318996,14404.798617889082
forecast_8688,2025-12-29 00:00:00,17128.111350142983,17553.563006981174,14557.012965926911
forecast_8689,2025-12-29 01:00:00,18323.363788940558,19289.499852166184,16906.754340634147
forecast_8690,2025-12-29 02:00:00,18064.218200570078,19132.462430803687,16663.453515982736
forecast_8691,2025-12-29 03:00:00,18431.649279117737,19132.52777237921,18155.503442996483
forecast_8692,2025-12-29 04:00:00,18718.53766082985,19244.540769108382,18173.989093498698
forecast_8693,2025-12-29 05:00:00,18646.77393297672,19714.73534108384,18117.718718423945
forecast_8694,2025-12-29 06:00:00,18680.635459774723,19871.246469188947,18033.713510576414
forecast_8695,2025-12-29 07:00:00,18609.084924119652,19622.600208932054,16504.08199594567
forecast_8696,2025-12-29 08:00:00,18273.5463364866,19242.16609983009,15941.59333296636
forecast_8697,2025-12-29 09:00:00,18226.098407261048,18938.068873009404,15864.833848034861
forecast_8698,2025-12-29 10:00:00,18027.372567985254,18882.781978593343,16149.880321602659
forecast_8699,2025-12-29 11:00:00,17998.55085090791,19070.46122927284,16041.234371292603
forecast_8700,2025-12-29 12:00:00,18026.321206872864,18852.45068385599,15951.66882491965
forecast_8701,2025-12-29 13:00:00,18019.078519761468,18713.410015510664,15822.548873022799
forecast_8702,2025-12-29 14:00:00,17251.96023745509,18194.322869842435,15486.763320397558
forecast_8703,2025-12-29 15:00:00,17252.915444731472,18007.60532479314,15371.52396687681
forecast_8704,2025-12-29 16:00:00,17114.79751365367,17853.959332787923,15139.834294563745
forecast_8705,2025-12-29 17:00:00,17491.82624046568,18436.84018817058,15537.736673065949
forecast_8706,2025-12-29 18:00:00,17528.223171266724,18425.377701176214,15510.48743091449
forecast_8707,2025-12-29 19:00:00,17386.777929811335,18230.950986569278,15435.346243320375
forecast_8708,2025-12-29 20:00:00,16267.913045797099,17502.146455936734,14049.34621367375
forecast_8709,2025-12-29 21:00:00,15097.39189959931,17313.76668928029,14042.3355152575
forecast_8710,2025-12-29 22:00:00,13701.28394642622,16320.000896885904,13516.071150700489
forecast_8711,2025-12-29 23:00:00,13972.397488436554,16170.613309670149,12723.4555413278
forecast_8712,2025-12-30 00:00:00,16600.584622053037,15845.16365481984,12024.50013805082
forecast_8713,2025-12-30 01:00:00,12401.115116807832,12687.23266591344,9129.039016536432
forecast_8714,2025-12-30 02:00:00,11515.96139791994,12926.79951107144,9191.392233741753
forecast_8715,2025-12-30 03:00:00,11455.699943396132,12411.851178570205,9228.510700509369
forecast_8716,2025-12-30 04:00:00,11619.632593782313,12572.198043578283,8883.911767900083
forecast_8717,2025-12-30 05:00:00,11367.751982458305,12189.777205447539,8714.34453817422
forecast_8718,2025-12-30 06:00:00,10713.181756384723,12270.390116967903,8031.422133193011
forecast_8719,2025-12-30 07:00:00,9192.353390418391,10817.171423828524,6993.06254383945
forecast_8720,2025-12-30 08:00:00,8687.85855663717,9871.167336770504,6582.654128288233
forecast_8721,2025-12-30 09:00:00,8476.886653034377,9318.587327669953,6320.537740855428
forecast_8722,2025-12-30 10:00:00,8759.502421873374,9445.802287914237,6569.1720434987365
forecast_8723,2025-12-30 11:00:00,9921.80176773481,10382.811016790767,7224.68578998428
forecast_8724,2025-12-30 12:00:00,10553.224700576871,10888.275879012775,7419.028613364128
forecast_8725,2025-12-30 13:00:00,11299.220838167466,12397.16782872682,8314.285385174855
forecast_8726,2025-12-30 14:00:00,12274.147539160896,12483.964357053783,8957.903785077071
forecast_8727,2025-12-30 15:00:00,12590.096795171834,12855.565877260357,8897.136534489391
forecast_8728,2025-12-30 16:00:00,12922.477197566264,13401.451087773063,9520.495626332864
forecast_8729,2025-12-30 17:00:00,12982.742751144795,13775.904509640155,9804.967510610304
forecast_8730,2025-12-30 18:00:00,11781.806526853472,13749.54396458802,9358.585469667198
forecast_8731,2025-12-30 19:00:00,11429.433102448389,13722.612481663893,9326.066634160275
forecast_8732,2025-12-30 20:00:00,11994.689742066952,14069.876902347496,10229.071996868623
forecast_8733,2025-12-30 21:00:00,13107.011425043998,15311.911630032093,11230.245035100485
forecast_8734,2025-12-30 22:00:00,13822.68759658602,15620.600581282404,11854.338444675115
forecast_8735,2025-12-30 23:00:00,14141.81819225867,15930.513575165194,12487.918966507577
forecast_8736,2025-12-31 00:00:00,14406.075786469786,16166.643000597673,12972.508338483196
forecast_8737,2025-12-31 01:00:00,15275.546342620159,17538.050166326953,13121.105021602452
forecast_8738,2025-12-31 02:00:00,15753.667976025026,17464.88783149886,13184.56117220744
forecast_8739,2025-12-31 03:00:00,15842.14736753734,17361.836240095578,13248.886951515464
forecast_8740,2025-12-31 04:00:00,15089.14707454663,17120.34494769202,12436.600661058179
forecast_8741,2025-12-31 05:00:00,14930.95459374278,16889.34646900553,11960.88568545162
forecast_8742,2025-12-31 06:00:00,14401.214071326367,16738.3105164195,11966.034344242707
forecast_8743,2025-12-31 07:00:00,13163.779110303563,16657.851007738944,11453.200196836993
forecast_8744,2025-12-31 08:00:00,13252.787826475125,16882.788246283304,11169.725336412579
forecast_8745,2025-12-31 09:00:00,14252.238565544014,16393.917454921582,10538.546199713744
forecast_8746,2025-12-31 10:00:00,14472.090252989932,15212.994652138661,9794.744797166582
forecast_8747,2025-12-31 11:00:00,12845.426475073806,13557.566845534388,8818.459497594275
forecast_8748,2025-12-31 12:00:00,11416.051443885293,12217.386171125729,7970.809537116296
forecast_8749,2025-12-31 13:00:00,9968.629943408701,11185.168571748995,7248.360008849135
forecast_8750,2025-12-31 14:00:00,9737.729723227638,9886.490594532343,6986.79336786164
forecast_8751,2025-12-31 15:00:00,8946.050189166675,10626.787155252357,7690.831829974415
forecast_8752,2025-12-31 16:00:00,10610.580598443506,10739.51604827316,7410.234952125139
forecast_8753,2025-12-31 17:00:00,9902.154757291719,10150.052572705934,8327.398563255796
forecast_8754,2025-12-31 18:00:00,9899.903644076649,10642.444406965456,8577.471482313755
forecast_8755,2025-12-31 19:00:00,10235.436654790647,12527.703157449621,9174.812145584543
forecast_8756,2025-12-31 20:00:00,12380.771171950946,14467.418883407949,9497.55006501249
forecast_8757,2025-12-31 21:00:00,12917.719342866958,16621.687471905847,10753.872796473397
forecast_8758,2025-12-31 22:00:00,14875.33984246994,17451.734165567315,12337.494980594598
forecast_8759,2025-12-31 23:00:00,17268.875825476523,17800.184156068037,12903.92448692766
forecast_8760,2026-01-01 00:00:00,17561.52860197744,17452.50402684235,12859.624153598605
