forecast_id,forecast_kst_dtm,kpx_group_1,kpx_group_2,kpx_group_3
forecast_0001,2025-01-01 01:00:00,18694.855742060354,19037.09118972721,16242.247782189119
forecast_0002,2025-01-01 02:00:00,18659.05728371174,18979.573099889232,16640.5517244207
forecast_0003,2025-01-01 03:00:00,18426.24091593418,19078.619434564505,17645.655896295364
forecast_0004,2025-01-01 04:00:00,18307.22519591893,18762.32137498892,18070.899846566874
forecast_0005,2025-01-01 05:00:00,17893.00787429132,18336.97114594579,17896.852683337227
forecast_0006,2025-01-01 06:00:00,17160.377809935242,17964.617498399515,17048.904784954073
forecast_0007,2025-01-01 07:00:00,16600.054605180445,17303.775726802243,15330.87001149479
forecast_0008,2025-01-01 08:00:00,16177.469885907489,17133.07173473881,14731.038876925853
forecast_0009,2025-01-01 09:00:00,15301.9376890268,16279.897845137144,14181.705988243079
forecast_0010,2025-01-01 10:00:00,14990.658978114312,16549.393263468246,13403.907854480884
forecast_0011,2025-01-01 11:00:00,14871.805706524354,16658.20122140571,12113.61622243839
forecast_0012,2025-01-01 12:00:00,15647.997205792683,16610.205327175503,11882.977353765751
forecast_0013,2025-01-01 13:00:00,15607.002974885312,16344.779641634994,11420.892325247349
forecast_0014,2025-01-01 14:00:00,15270.309283268409,15611.654660885946,11211.665879594666
forecast_0015,2025-01-01 15:00:00,14820.008471514646,15479.90348930158,10842.691650757099
forecast_0016,2025-01-01 16:00:00,14236.29799911977,14859.713642744346,10873.183078024145
forecast_0017,2025-01-01 17:00:00,14245.139653045471,14914.984555205918,11928.892545636727
forecast_0018,2025-01-01 18:00:00,14569.351701344982,15707.227822335662,13189.530439537291
forecast_0019,2025-01-01 19:00:00,15199.375302763752,16499.353143324824,13800.55599592714
forecast_0020,2025-01-01 20:00:00,16018.948523192912,16943.68403857055,14209.094155357852
forecast_0021,2025-01-01 21:00:00,16676.650448944434,17654.077956173318,14514.864386593614
forecast_0022,2025-01-01 22:00:00,17080.87243153647,17675.99748169874,14580.867131560159
forecast_0023,2025-01-01 23:00:00,18234.755241050618,17549.963666466258,14231.703800951225
forecast_0024,2025-01-02 00:00:00,17795.30451203523,17597.344088646652,14060.008715487209
forecast_0025,2025-01-02 01:00:00,15778.909069064406,17070.270241768132,9142.266326292649
forecast_0026,2025-01-02 02:00:00,14609.50878191648,16196.09018912135,9390.331300612246
forecast_0027,2025-01-02 03:00:00,13332.749920260452,14713.658591434087,9240.03616320592
forecast_0028,2025-01-02 04:00:00,12109.295662469909,13596.116796877317,8856.368940587592
forecast_0029,2025-01-02 05:00:00,10153.7028560122,11493.487443576862,7790.918902145868
forecast_0030,2025-01-02 06:00:00,8919.534684830374,9701.307338185832,7033.427288934811
forecast_0031,2025-01-02 07:00:00,8183.819655672212,8814.24044814947,6627.231344538839
forecast_0032,2025-01-02 08:00:00,8312.644489871373,8717.643024168958,6295.518114961361
forecast_0033,2025-01-02 09:00:00,6930.704808684035,7249.003424652359,5467.183230685185
forecast_0034,2025-01-02 10:00:00,5385.427569752759,6020.405512055861,4337.339247724522
forecast_0035,2025-01-02 11:00:00,5772.23277474092,5332.4229854902105,3955.0515056877075
forecast_0036,2025-01-02 12:00:00,5903.99022286505,6443.8048510685285,3891.5133786424553
forecast_0037,2025-01-02 13:00:00,5181.5604886552555,5174.656984991419,3900.9477735612363
forecast_0038,2025-01-02 14:00:00,5809.928486981862,5696.941891077606,4341.131102445932
forecast_0039,2025-01-02 15:00:00,6483.3515276463295,6399.148699957728,5073.127705349271
forecast_0040,2025-01-02 16:00:00,7258.877029762884,7082.421301892485,5244.643365202259
forecast_0041,2025-01-02 17:00:00,7596.116193471736,7563.496284038539,5641.647890844599
forecast_0042,2025-01-02 18:00:00,8684.377287984187,8482.211181199411,6461.074428136216
forecast_0043,2025-01-02 19:00:00,8312.992207955824,9228.511342713153,6578.946257582288
forecast_0044,2025-01-02 20:00:00,8926.281929168352,9466.304650935317,7176.660390895851
forecast_0045,2025-01-02 21:00:00,9254.400662765875,9797.832407056509,7406.166721762773
forecast_0046,2025-01-02 22:00:00,10017.359795883562,10729.114716635959,8121.945800223041
forecast_0047,2025-01-02 23:00:00,10526.700875973298,12274.461086023406,9260.679237947053
forecast_0048,2025-01-03 00:00:00,11502.332480092537,13228.215027674934,9644.014297959546
forecast_0049,2025-01-03 01:00:00,12344.00080703286,14148.990738381424,10033.642187837719
forecast_0050,2025-01-03 02:00:00,12860.257879694815,14656.602910543363,10446.272946870426
forecast_0051,2025-01-03 03:00:00,14245.301496367303,15228.575698689214,10648.897631121563
forecast_0052,2025-01-03 04:00:00,14634.191306881119,15383.296077703995,10535.696734814403
forecast_0053,2025-01-03 05:00:00,13810.064003204672,15048.23917594836,10568.546371489538
forecast_0054,2025-01-03 06:00:00,13228.41194260035,14287.305920681252,10598.490096395693
forecast_0055,2025-01-03 07:00:00,12687.7063645445,12982.946575242013,10477.276812661128
forecast_0056,2025-01-03 08:00:00,12040.369179225818,11495.632006165302,10012.78244965723
forecast_0057,2025-01-03 09:00:00,11123.281522086541,12508.07581529882,10175.340035161435
forecast_0058,2025-01-03 10:00:00,11197.70353076756,10836.847714759488,9805.606521421761
forecast_0059,2025-01-03 11:00:00,11348.147883698193,10219.671047866443,9791.047162436362
forecast_0060,2025-01-03 12:00:00,12116.171890349851,11300.26295176609,9659.050112194727
forecast_0061,2025-01-03 13:00:00,13090.680357430345,12611.345457946296,9761.396379804071
forecast_0062,2025-01-03 14:00:00,13251.733378504134,12998.250322197788,9887.574513297724
forecast_0063,2025-01-03 15:00:00,13638.391915938746,13189.980834434033,10457.483285828293
forecast_0064,2025-01-03 16:00:00,13733.168910272607,13063.575985465919,10685.636658951435
forecast_0065,2025-01-03 17:00:00,12623.903672586768,12867.995807226474,9737.55073198376
forecast_0066,2025-01-03 18:00:00,11681.290214863784,11743.643712466679,9108.008508935578
forecast_0067,2025-01-03 19:00:00,11909.621160913643,12220.277352398958,9489.53808738362
forecast_0068,2025-01-03 20:00:00,12495.178677743263,13461.935098097742,10081.66760224081
forecast_0069,2025-01-03 21:00:00,12910.057276187546,14374.387062664704,11098.208237191771
forecast_0070,2025-01-03 22:00:00,12023.98661452723,12989.444804789358,10899.049340460151
forecast_0071,2025-01-03 23:00:00,11493.570516167867,12392.95254687085,10473.256058381441
forecast_0072,2025-01-04 00:00:00,12063.657194334379,12303.923704873838,10427.78614578473
forecast_0073,2025-01-04 01:00:00,14364.226169047319,14656.153918203358,12707.400246587371
forecast_0074,2025-01-04 02:00:00,14564.731177422525,14972.813698317954,12656.436916997187
forecast_0075,2025-01-04 03:00:00,14724.062774447606,15445.355359291189,12971.170899414716
forecast_0076,2025-01-04 04:00:00,15737.749906367742,16410.655566755322,12906.667650313062
forecast_0077,2025-01-04 05:00:00,16324.477421657875,16918.42205101565,13192.359358878613
forecast_0078,2025-01-04 06:00:00,16664.665891040386,17881.605314076645,13380.95227463967
forecast_0079,2025-01-04 07:00:00,16699.114780681826,17871.169101468557,13179.338431807144
forecast_0080,2025-01-04 08:00:00,15761.122113588151,16997.297651372555,11979.009861542607
forecast_0081,2025-01-04 09:00:00,15326.885467339795,16005.297093152652,11177.981596862535
forecast_0082,2025-01-04 10:00:00,13050.915952178011,13548.381346509808,9668.867233425088
forecast_0083,2025-01-04 11:00:00,11368.752794665244,11666.422857689515,8989.752921813133
forecast_0084,2025-01-04 12:00:00,10517.687365899894,11138.734275438594,8746.56265959494
forecast_0085,2025-01-04 13:00:00,10749.312902339636,10738.80783770994,8687.425488999328
forecast_0086,2025-01-04 14:00:00,10349.818080626794,10576.31388101562,8298.024264293525
forecast_0087,2025-01-04 15:00:00,10439.34338268203,10774.256361296138,8554.05205481965
forecast_0088,2025-01-04 16:00:00,10947.894450580994,11618.365192572724,9443.206295221575
forecast_0089,2025-01-04 17:00:00,12305.375411838242,13188.569706024311,10207.369739491069
forecast_0090,2025-01-04 18:00:00,13510.17995931669,14310.560690674996,11161.939299744192
forecast_0091,2025-01-04 19:00:00,14774.409615904018,16021.047954174139,12185.850604832112
forecast_0092,2025-01-04 20:00:00,15483.608346080297,17153.15953413141,12771.536791000159
forecast_0093,2025-01-04 21:00:00,16758.623946490257,18091.392201666036,14961.964999574413
forecast_0094,2025-01-04 22:00:00,17346.43326270324,18395.285641198054,16225.18812993584
forecast_0095,2025-01-04 23:00:00,18575.388936426785,19003.433049898398,17064.82019252096
forecast_0096,2025-01-05 00:00:00,18692.088429987296,19128.34030585901,17096.826229417507
forecast_0097,2025-01-05 01:00:00,18513.969475996335,18467.307087518413,14938.418006064387
forecast_0098,2025-01-05 02:00:00,18402.61825667676,18533.652784716603,14454.211942598331
forecast_0099,2025-01-05 03:00:00,17993.69337703368,18410.09219569383,13521.927541503894
forecast_0100,2025-01-05 04:00:00,16615.85640037281,17696.84540205513,12224.361298002003
forecast_0101,2025-01-05 05:00:00,14845.733106976648,15478.54848015559,10368.64096289023
forecast_0102,2025-01-05 06:00:00,13516.777857311421,14240.833167869516,9498.359396409425
forecast_0103,2025-01-05 07:00:00,12848.24916399528,14524.403513858464,9607.065340071009
forecast_0104,2025-01-05 08:00:00,13653.361866885512,16273.228942140619,10467.658615640019
forecast_0105,2025-01-05 09:00:00,13742.684687834786,16271.613448633621,11807.893822398079
forecast_0106,2025-01-05 10:00:00,14928.324534660116,16227.888649500794,14022.925500810567
forecast_0107,2025-01-05 11:00:00,16546.323982116268,17147.157246384813,14849.473454145113
forecast_0108,2025-01-05 12:00:00,17513.405595744796,17477.59179194595,15823.804498376812
forecast_0109,2025-01-05 13:00:00,16407.226755380758,17757.253600459346,14225.780902121602
forecast_0110,2025-01-05 14:00:00,14985.440015655993,16673.33165530299,12694.558067061515
forecast_0111,2025-01-05 15:00:00,14381.850442660887,17371.72274310736,12126.6729094562
forecast_0112,2025-01-05 16:00:00,14418.59728405305,16588.088509223675,11548.790775480535
forecast_0113,2025-01-05 17:00:00,13461.741647149254,16128.102580976598,11548.071182648071
forecast_0114,2025-01-05 18:00:00,14375.086575244279,15393.34192839026,12162.634738531546
forecast_0115,2025-01-05 19:00:00,14714.902340826116,16231.691640865442,13432.018075233127
forecast_0116,2025-01-05 20:00:00,14519.220252314104,15733.14880450995,13728.8826877426
forecast_0117,2025-01-05 21:00:00,14852.590222403333,14988.533034518234,13606.5693513876
forecast_0118,2025-01-05 22:00:00,14625.912462590288,14577.114613509015,13286.328000462008
forecast_0119,2025-01-05 23:00:00,14758.964722389375,13949.58700910178,12592.292237862908
forecast_0120,2025-01-06 00:00:00,13091.695121076567,13989.416010682757,11639.820725128304
forecast_0121,2025-01-06 01:00:00,11264.344835757844,12157.952021273722,9350.361788168344
forecast_0122,2025-01-06 02:00:00,11573.447922879443,11738.28799907939,8390.477742059298
forecast_0123,2025-01-06 03:00:00,11787.352705684028,11594.238445603765,7189.420583857848
forecast_0124,2025-01-06 04:00:00,9967.906726773721,11601.376409525174,6003.967530696624
forecast_0125,2025-01-06 05:00:00,8827.967222988094,10104.26984484432,6023.075885567882
forecast_0126,2025-01-06 06:00:00,6851.167821784643,7426.179807720415,4879.438764168856
forecast_0127,2025-01-06 07:00:00,5123.227699672486,5275.540133926973,3919.8435495501512
forecast_0128,2025-01-06 08:00:00,5221.098208263584,5301.162980383671,3713.7660646900317
forecast_0129,2025-01-06 09:00:00,5079.735557018165,5498.057807328526,4091.0850180695356
forecast_0130,2025-01-06 10:00:00,6454.639146176318,6695.91744608095,5329.922429284917
forecast_0131,2025-01-06 11:00:00,7378.505187197267,7456.594521677991,6389.620343808405
forecast_0132,2025-01-06 12:00:00,7813.126333963799,8105.570445639177,6138.801838618251
forecast_0133,2025-01-06 13:00:00,8722.119242397344,8528.960644698964,7397.772513450039
forecast_0134,2025-01-06 14:00:00,9409.33715736371,9404.457499429416,7470.545709997543
forecast_0135,2025-01-06 15:00:00,10113.50751036453,10440.237488761604,8073.546344238991
forecast_0136,2025-01-06 16:00:00,10834.860299412083,11035.40322868581,8532.118612201653
forecast_0137,2025-01-06 17:00:00,11882.140656506781,12481.941951371342,9810.422120063951
forecast_0138,2025-01-06 18:00:00,13174.410222131646,13466.965870470305,10587.198976910073
forecast_0139,2025-01-06 19:00:00,13919.41845897003,14770.329837908617,11636.836182186731
forecast_0140,2025-01-06 20:00:00,14248.702140150728,15347.139131699298,12017.793555298105
forecast_0141,2025-01-06 21:00:00,14656.600044967256,15947.589022312424,12363.850080400845
forecast_0142,2025-01-06 22:00:00,15265.641834086535,17036.462980782548,12825.438883160132
forecast_0143,2025-01-06 23:00:00,15980.82742039196,17875.327273858635,13795.25686130628
forecast_0144,2025-01-07 00:00:00,16269.788141852892,18022.442411166983,14450.720316023131
forecast_0145,2025-01-07 01:00:00,16703.68504003122,19132.193242981426,16608.598512826204
forecast_0146,2025-01-07 02:00:00,16703.886445973105,19914.687065371643,17245.404722741016
forecast_0147,2025-01-07 03:00:00,16829.911176667723,19906.945186558958,17421.4130115161
forecast_0148,2025-01-07 04:00:00,16532.314601671187,18722.2116129682,16994.205055717375
forecast_0149,2025-01-07 05:00:00,16125.345684137405,17843.566642131034,16178.386417881262
forecast_0150,2025-01-07 06:00:00,15683.713132847972,17384.629181774293,15703.138741720519
forecast_0151,2025-01-07 07:00:00,15461.412738800225,17319.037416174495,15582.52472901943
forecast_0152,2025-01-07 08:00:00,15325.629756342194,17482.551589691207,15502.758878800834
forecast_0153,2025-01-07 09:00:00,15254.209573369031,17622.51029525864,15526.804926415378
forecast_0154,2025-01-07 10:00:00,15204.039372977624,17521.014935471012,15488.290029040618
forecast_0155,2025-01-07 11:00:00,15395.719297475473,17892.379941038285,15237.057183793093
forecast_0156,2025-01-07 12:00:00,15581.532100698512,17633.731377038595,15037.284892534813
forecast_0157,2025-01-07 13:00:00,15648.535665749952,17406.463751649728,14742.85464344368
forecast_0158,2025-01-07 14:00:00,15421.562685106932,17223.50125911315,14705.128004605569
forecast_0159,2025-01-07 15:00:00,15625.86714463904,17012.369407824088,14674.540840300906
forecast_0160,2025-01-07 16:00:00,15633.462948936321,17285.641024604825,14788.47013913286
forecast_0161,2025-01-07 17:00:00,15655.102714756555,17618.571203621435,15093.53888573476
forecast_0162,2025-01-07 18:00:00,15799.285498809828,18064.610234050142,15371.968842507202
forecast_0163,2025-01-07 19:00:00,16106.77704583161,18663.25847777816,16574.35696703584
forecast_0164,2025-01-07 20:00:00,16309.68191030225,18500.047645856084,17268.06408468393
forecast_0165,2025-01-07 21:00:00,16223.887258039114,19446.96888626219,17485.84045431897
forecast_0166,2025-01-07 22:00:00,16184.509205259155,18569.007748991302,17591.866742411312
forecast_0167,2025-01-07 23:00:00,15547.580089272738,18272.03717956329,17311.485136049825
forecast_0168,2025-01-08 00:00:00,15364.425392382429,18002.86628247101,17070.30024838765
forecast_0169,2025-01-08 01:00:00,15195.210013423773,17213.678643404084,16468.866569756716
forecast_0170,2025-01-08 02:00:00,15319.678669148927,17528.55198824863,15986.473110461138
forecast_0171,2025-01-08 03:00:00,15098.481434337442,17410.6124981609,15269.95605954081
forecast_0172,2025-01-08 04:00:00,14975.203977365409,17344.607148822382,15229.680477829892
forecast_0173,2025-01-08 05:00:00,14573.034614302063,16936.698330389063,14597.340960637528
forecast_0174,2025-01-08 06:00:00,14348.801457170503,16543.095108800466,14367.214168284228
forecast_0175,2025-01-08 07:00:00,14153.59766263929,16510.02853220876,13972.3477538856
forecast_0176,2025-01-08 08:00:00,14146.589945627404,17184.347632068486,14126.58394382861
forecast_0177,2025-01-08 09:00:00,14396.466420036268,16633.54687434308,14530.861480030524
forecast_0178,2025-01-08 10:00:00,14771.527257179609,16963.021340516887,14699.125571208597
forecast_0179,2025-01-08 11:00:00,15006.22464067074,17472.756027904983,15879.508134687807
forecast_0180,2025-01-08 12:00:00,16155.59060916394,17919.813621786252,16396.21978120527
forecast_0181,2025-01-08 13:00:00,16717.1018831725,18209.003402372357,16785.17054444443
forecast_0182,2025-01-08 14:00:00,16700.737667391295,18085.763102879908,16821.718922264343
forecast_0183,2025-01-08 15:00:00,16568.82659042623,17779.28471780004,16670.604352215778
forecast_0184,2025-01-08 16:00:00,16288.921374216712,17565.5308251225,16582.957744361447
forecast_0185,2025-01-08 17:00:00,15750.877196778218,17624.63468423736,16050.665146604355
forecast_0186,2025-01-08 18:00:00,15939.209909133404,17514.307558811604,16265.848775614131
forecast_0187,2025-01-08 19:00:00,16085.935875571256,17505.110470612555,16378.629181479522
forecast_0188,2025-01-08 20:00:00,16184.747929322359,17720.97037202666,16447.897955349963
forecast_0189,2025-01-08 21:00:00,15886.106003560051,17712.302258139585,16030.781785946276
forecast_0190,2025-01-08 22:00:00,15624.54810987972,17635.876707242227,15805.436509450336
forecast_0191,2025-01-08 23:00:00,15343.82354942628,17578.97312570106,16167.20834133618
forecast_0192,2025-01-09 00:00:00,15344.553067207515,17721.98323773147,16447.370032935967
forecast_0193,2025-01-09 01:00:00,15689.081577233235,17717.25312786451,15766.320511982143
forecast_0194,2025-01-09 02:00:00,15885.647131191468,18198.359302493023,15864.187413745636
forecast_0195,2025-01-09 03:00:00,16100.337965780775,18250.684814121872,16295.343247416407
forecast_0196,2025-01-09 04:00:00,16126.983597492714,18210.259322403115,15871.300344644143
forecast_0197,2025-01-09 05:00:00,17346.278071294924,17964.072194340366,15229.183957822772
forecast_0198,2025-01-09 06:00:00,17192.95954872517,17448.848525189333,14653.421255270432
forecast_0199,2025-01-09 07:00:00,15602.548725194774,17577.772271024078,14620.062423557898
forecast_0200,2025-01-09 08:00:00,15347.276469517179,17202.626916649977,14467.230777628296
forecast_0201,2025-01-09 09:00:00,14989.666594203323,17115.571200575312,14269.12058999402
forecast_0202,2025-01-09 10:00:00,14940.949120871473,17265.84178706498,14342.100968312241
forecast_0203,2025-01-09 11:00:00,14566.40631641552,16975.02892771719,13927.55469113068
forecast_0204,2025-01-09 12:00:00,16232.722614007005,16613.004861728303,13914.28161948216
forecast_0205,2025-01-09 13:00:00,16144.776592201348,16538.346703925632,14009.511119546269
forecast_0206,2025-01-09 14:00:00,15016.157304466096,16701.575351293533,13529.74810332373
forecast_0207,2025-01-09 15:00:00,14315.598383489643,16630.17394166001,12877.792677155056
forecast_0208,2025-01-09 16:00:00,14041.528972886006,15841.4528651749,11647.46939370098
forecast_0209,2025-01-09 17:00:00,13994.82545297146,15482.84895435223,11349.546569838896
forecast_0210,2025-01-09 18:00:00,13896.999992164454,15902.168698121746,11185.15692846673
forecast_0211,2025-01-09 19:00:00,13994.373704194652,15495.229778620673,11256.27721278456
forecast_0212,2025-01-09 20:00:00,15679.445558419107,16251.069121631146,12155.12965488212
forecast_0213,2025-01-09 21:00:00,17485.65684093361,17278.9180567154,13400.952733448408
forecast_0214,2025-01-09 22:00:00,18398.240504041583,18429.646664754542,15112.341040984298
forecast_0215,2025-01-09 23:00:00,19394.715590121148,19886.845744407285,16596.801998192856
forecast_0216,2025-01-10 00:00:00,19196.700351805044,20172.087341222887,17562.018803938277
forecast_0217,2025-01-10 01:00:00,16213.730600891702,16266.590890869893,11419.428978874634
forecast_0218,2025-01-10 02:00:00,16675.177788978654,16690.115159697525,12640.923331293285
forecast_0219,2025-01-10 03:00:00,17519.338966373598,18039.83777506172,13516.189753454439
forecast_0220,2025-01-10 04:00:00,18431.354825648257,18293.219242916566,14041.49182770684
forecast_0221,2025-01-10 05:00:00,18942.57509785902,18443.97278151193,13477.877899432793
forecast_0222,2025-01-10 06:00:00,18677.427729106177,18536.76179157176,12380.2523398772
forecast_0223,2025-01-10 07:00:00,17708.20989421964,17657.755822541636,11197.652516641576
forecast_0224,2025-01-10 08:00:00,16510.113344911326,15446.60971230404,10002.88538139747
forecast_0225,2025-01-10 09:00:00,14095.178877132923,12748.453875690699,8128.896774391616
forecast_0226,2025-01-10 10:00:00,9068.69448745642,7903.185953037609,5801.933996683702
forecast_0227,2025-01-10 11:00:00,5986.709236566419,5370.300370659082,4073.0032818090763
forecast_0228,2025-01-10 12:00:00,4238.817967134085,4093.462859134886,3774.8641612239544
forecast_0229,2025-01-10 13:00:00,3643.7252000019625,3881.803744050258,3331.567142105349
forecast_0230,2025-01-10 14:00:00,3849.117762220163,3739.4082253433294,3604.73746624824
forecast_0231,2025-01-10 15:00:00,4551.166912951067,4244.158264577732,3818.839162737099
forecast_0232,2025-01-10 16:00:00,5825.589072566882,5162.208152369601,3965.480708758979
forecast_0233,2025-01-10 17:00:00,8685.788118932292,7881.742261324713,5983.510024481787
forecast_0234,2025-01-10 18:00:00,9562.033032295121,9357.533324608801,6998.937370013083
forecast_0235,2025-01-10 19:00:00,11012.892417971458,10647.8559570039,7644.211707721357
forecast_0236,2025-01-10 20:00:00,11480.903628620616,10808.292214477096,7771.652813999962
forecast_0237,2025-01-10 21:00:00,11931.443656725058,11545.650307437176,7826.17157611945
forecast_0238,2025-01-10 22:00:00,11842.803230685884,11434.588342470332,7813.949467438438
forecast_0239,2025-01-10 23:00:00,12271.689573152764,11368.797571745528,7964.154497227104
forecast_0240,2025-01-11 00:00:00,12262.809093545662,10251.904247210117,8173.956860838214
forecast_0241,2025-01-11 01:00:00,12671.599558171874,12717.320735329162,7865.037842004354
forecast_0242,2025-01-11 02:00:00,12343.425553500714,11822.469523102915,8913.159848479338
forecast_0243,2025-01-11 03:00:00,11983.06840104065,11865.071852452429,9376.120464014071
forecast_0244,2025-01-11 04:00:00,12095.82516236173,12245.2729314567,9061.368543663039
forecast_0245,2025-01-11 05:00:00,10643.521843225319,10828.351776363988,8393.213489022417
forecast_0246,2025-01-11 06:00:00,9848.361059383313,9952.474287693352,7543.32658852209
forecast_0247,2025-01-11 07:00:00,8698.481431228363,8287.948465943045,7039.968280740306
forecast_0248,2025-01-11 08:00:00,8403.981995943372,7916.224236889684,6269.826773762551
forecast_0249,2025-01-11 09:00:00,7145.637341710302,6853.4571872482065,5075.950240328948
forecast_0250,2025-01-11 10:00:00,6210.598692271434,5704.699295814515,3893.305520236877
forecast_0251,2025-01-11 11:00:00,5256.330952954798,4789.828540136651,3773.8923104069695
forecast_0252,2025-01-11 12:00:00,3887.5899544053273,3903.2427910025212,3768.6284273781193
forecast_0253,2025-01-11 13:00:00,3988.3821971747197,3861.3319708557538,3698.6868491098026
forecast_0254,2025-01-11 14:00:00,4979.69769278928,4676.168886499622,3985.755357646967
forecast_0255,2025-01-11 15:00:00,4928.512669257625,4441.088730708857,4235.175360533837
forecast_0256,2025-01-11 16:00:00,5161.8740514907295,4198.686657030839,3847.8423111883594
forecast_0257,2025-01-11 17:00:00,5840.751105638213,5424.308564774294,3942.0672254964625
forecast_0258,2025-01-11 18:00:00,7982.863597496733,8290.475062736843,5670.442749133165
forecast_0259,2025-01-11 19:00:00,10156.41873448819,9963.87434114854,7206.478068456563
forecast_0260,2025-01-11 20:00:00,10707.63165299645,10273.40460940179,8190.001975355882
forecast_0261,2025-01-11 21:00:00,11735.638575585279,11155.707323459967,9216.672964779178
forecast_0262,2025-01-11 22:00:00,12559.674288944085,11958.242026269918,9853.019700248458
forecast_0263,2025-01-11 23:00:00,13442.835601845081,12244.63073220872,9466.423681356002
forecast_0264,2025-01-12 00:00:00,14086.536230790418,13009.129530057748,9923.498794259292
forecast_0265,2025-01-12 01:00:00,13544.54262448999,12670.892988588294,9687.606252039082
forecast_0266,2025-01-12 02:00:00,14165.409047412752,13825.644405150897,9101.280617353808
forecast_0267,2025-01-12 03:00:00,15131.963008157274,14795.380225847259,9700.06507038581
forecast_0268,2025-01-12 04:00:00,16005.433718185901,15908.732028141018,10988.921015139957
forecast_0269,2025-01-12 05:00:00,17134.76555349233,16731.37231158258,11974.030784152277
forecast_0270,2025-01-12 06:00:00,17992.84629917629,17881.290394521926,13130.875202542205
forecast_0271,2025-01-12 07:00:00,18280.934062611585,18472.91927967795,13613.542924076619
forecast_0272,2025-01-12 08:00:00,18609.633388252707,18603.241299319317,14014.53863065808
forecast_0273,2025-01-12 09:00:00,18485.317848294617,18455.10261341964,13840.685553735213
forecast_0274,2025-01-12 10:00:00,17010.419387677666,17226.564829394232,12702.801083682778
forecast_0275,2025-01-12 11:00:00,13971.35517913846,15510.280573430584,11091.315152241865
forecast_0276,2025-01-12 12:00:00,11738.413616117168,12692.635090097321,9455.595675054361
forecast_0277,2025-01-12 13:00:00,11490.438203558688,11885.898974516585,9121.491566610786
forecast_0278,2025-01-12 14:00:00,11553.177001806944,12265.205846409304,9121.238330997723
forecast_0279,2025-01-12 15:00:00,12055.724398790268,13947.661989493523,9750.084728899536
forecast_0280,2025-01-12 16:00:00,12596.517438827277,14539.257844720893,10193.802060835582
forecast_0281,2025-01-12 17:00:00,13228.806952189903,15742.685029661334,12099.630063038896
forecast_0282,2025-01-12 18:00:00,14261.158544995016,16245.931057076152,12929.243523283187
forecast_0283,2025-01-12 19:00:00,15492.888645483328,17185.77523823299,13497.947154102789
forecast_0284,2025-01-12 20:00:00,17243.07051123078,18021.720444615738,13703.157333635701
forecast_0285,2025-01-12 21:00:00,17772.85923325522,18750.09729916827,13848.564221277984
forecast_0286,2025-01-12 22:00:00,18438.49242565395,19107.36487014575,14186.101941973246
forecast_0287,2025-01-12 23:00:00,18636.90765363421,19112.3869867468,13763.673740487899
forecast_0288,2025-01-13 00:00:00,18900.39032348527,19138.28916712885,14039.1457860599
forecast_0289,2025-01-13 01:00:00,19971.555707818865,19898.091511760784,16912.14714775167
forecast_0290,2025-01-13 02:00:00,20075.476568456714,20202.33916734083,17396.34809133474
forecast_0291,2025-01-13 03:00:00,20331.719445986964,20319.177063595434,18804.5150317215
forecast_0292,2025-01-13 04:00:00,20362.624141306263,20347.97552304291,19028.30171119961
forecast_0293,2025-01-13 05:00:00,20345.810615437047,20348.342540280875,19250.922171154576
forecast_0294,2025-01-13 06:00:00,20330.213047478774,20330.839435850263,19207.163943375894
forecast_0295,2025-01-13 07:00:00,20269.377172948167,20332.706591634917,18830.472742616268
forecast_0296,2025-01-13 08:00:00,20233.113775226913,20325.654880361843,18329.646831784605
forecast_0297,2025-01-13 09:00:00,19948.163111332447,20317.334881965904,17706.524836132055
forecast_0298,2025-01-13 10:00:00,19883.94687542867,20333.040207558002,19118.419039669632
forecast_0299,2025-01-13 11:00:00,19656.394140856235,20170.28774651342,17304.79282526123
forecast_0300,2025-01-13 12:00:00,17723.663668094727,18304.18457406053,15563.222864235253
forecast_0301,2025-01-13 13:00:00,15777.098466999973,17191.30136508399,14370.639784918054
forecast_0302,2025-01-13 14:00:00,14678.629011965193,15949.530701232656,13030.542766555243
forecast_0303,2025-01-13 15:00:00,14261.996841997005,15214.130561242551,12586.988986190101
forecast_0304,2025-01-13 16:00:00,13564.445997224342,14454.323962556062,11794.16853453413
forecast_0305,2025-01-13 17:00:00,13210.710894889153,13610.361062915004,11287.792467216588
forecast_0306,2025-01-13 18:00:00,13068.883996321625,13274.128349411878,11169.885098274044
forecast_0307,2025-01-13 19:00:00,13531.253205210201,14011.722758068156,11821.5665579742
forecast_0308,2025-01-13 20:00:00,14596.356295427495,15409.497454737933,13265.703048940795
forecast_0309,2025-01-13 21:00:00,16393.019862856014,16304.867235402606,14233.105354340569
forecast_0310,2025-01-13 22:00:00,16662.361987682914,16864.809285011648,14703.153723253625
forecast_0311,2025-01-13 23:00:00,17105.2651589568,17502.03852423664,15588.763978996589
forecast_0312,2025-01-14 00:00:00,17424.775483576374,17668.313019409903,15955.863608518364
forecast_0313,2025-01-14 01:00:00,17528.11632416751,17840.565335354586,15949.106397743386
forecast_0314,2025-01-14 02:00:00,17409.034797299453,17806.476264545265,15948.8077293945
forecast_0315,2025-01-14 03:00:00,17499.734167269267,18263.633103636625,16998.906752242598
forecast_0316,2025-01-14 04:00:00,18033.37241707157,18340.072040245443,17425.70052499214
forecast_0317,2025-01-14 05:00:00,19899.593537141558,18753.448363167427,17840.845604623737
forecast_0318,2025-01-14 06:00:00,19908.109662227864,18975.449906259266,17488.70081048391
forecast_0319,2025-01-14 07:00:00,19665.491644733538,18887.6768448076,17718.754955571556
forecast_0320,2025-01-14 08:00:00,18769.20039207806,18843.98146036001,17278.62753672247
forecast_0321,2025-01-14 09:00:00,18522.686891463054,18374.487611735523,16220.245651404963
forecast_0322,2025-01-14 10:00:00,17535.68759742668,18086.553650890153,14850.123054395235
forecast_0323,2025-01-14 11:00:00,16776.947695541967,16930.33398961924,14023.558681110993
forecast_0324,2025-01-14 12:00:00,16053.307088668425,16183.873438437366,13227.04638228481
forecast_0325,2025-01-14 13:00:00,15879.636487236285,15822.587229609582,12320.526960779882
forecast_0326,2025-01-14 14:00:00,15237.312067427572,15341.098333847542,11586.323958514458
forecast_0327,2025-01-14 15:00:00,14518.448661671819,14613.008985181543,11176.798221637226
forecast_0328,2025-01-14 16:00:00,13550.796077640643,13822.46907831446,10718.551293349814
forecast_0329,2025-01-14 17:00:00,13283.325894025473,13394.95751019095,10538.454239645442
forecast_0330,2025-01-14 18:00:00,13212.176971551346,13264.846639613992,10603.523686041375
forecast_0331,2025-01-14 19:00:00,13206.951138967035,13151.464450448611,10927.952261060296
forecast_0332,2025-01-14 20:00:00,13116.794363786003,13155.607305437456,11446.116754221524
forecast_0333,2025-01-14 21:00:00,13018.102359604545,13362.106428497435,11812.078359913303
forecast_0334,2025-01-14 22:00:00,13346.569130212409,13376.152048168751,11828.121621998878
forecast_0335,2025-01-14 23:00:00,13410.58187287053,13084.277136633671,12169.876263345677
forecast_0336,2025-01-15 00:00:00,13673.418399597404,13293.16724629978,12230.143717373938
forecast_0337,2025-01-15 01:00:00,13991.257908042951,13589.822330237346,11736.62377027552
forecast_0338,2025-01-15 02:00:00,13743.332590135242,12947.2242553031,10843.466115599365
forecast_0339,2025-01-15 03:00:00,12978.77617399911,11940.018109222445,10417.349257987727
forecast_0340,2025-01-15 04:00:00,12667.442863792257,12151.336424832898,9506.101897409979
forecast_0341,2025-01-15 05:00:00,12882.336885029314,12328.209916735057,9488.204854690757
forecast_0342,2025-01-15 06:00:00,13622.47075796466,13164.579207878547,9794.844990605094
forecast_0343,2025-01-15 07:00:00,13439.597073773844,14557.915044498754,10247.768367700914
forecast_0344,2025-01-15 08:00:00,13941.745423511722,14384.795846537327,10715.908205405662
forecast_0345,2025-01-15 09:00:00,13200.733014975438,14028.940918292099,10798.210261827006
forecast_0346,2025-01-15 10:00:00,12906.411310441668,13706.323196596184,10617.527700928593
forecast_0347,2025-01-15 11:00:00,12993.889701020733,12805.942473768937,10131.13945751776
forecast_0348,2025-01-15 12:00:00,12746.232900608378,12411.546421098263,9912.92450639206
forecast_0349,2025-01-15 13:00:00,11474.49949611466,11323.137282012543,9476.011689125577
forecast_0350,2025-01-15 14:00:00,10843.978251726088,10136.222142118477,9214.038851653213
forecast_0351,2025-01-15 15:00:00,10600.493193109061,9953.599070220453,9331.003578640253
forecast_0352,2025-01-15 16:00:00,11450.198453417926,10955.694357326762,9992.310069481662
forecast_0353,2025-01-15 17:00:00,12609.166507377553,13323.72892710719,10905.560171693529
forecast_0354,2025-01-15 18:00:00,13769.903267105226,14542.370582387568,11402.523568078537
forecast_0355,2025-01-15 19:00:00,14542.721690706738,16161.545070071592,11844.637861886442
forecast_0356,2025-01-15 20:00:00,15504.009000257818,16125.733065541312,12957.057753707988
forecast_0357,2025-01-15 21:00:00,16746.595326310304,17504.954987457197,14502.220358147692
forecast_0358,2025-01-15 22:00:00,18294.604848028386,18606.71562595903,15958.12803915438
forecast_0359,2025-01-15 23:00:00,19917.96380840909,19915.97842695908,17042.0018537887
forecast_0360,2025-01-16 00:00:00,20256.022173282563,19976.834248472056,18144.62284810951
forecast_0361,2025-01-16 01:00:00,19879.288938592614,20043.916168188167,17039.014392801117
forecast_0362,2025-01-16 02:00:00,20173.263548644063,20010.98102810094,17836.716051850875
forecast_0363,2025-01-16 03:00:00,20224.005750873373,20091.55083736643,19347.68978838232
forecast_0364,2025-01-16 04:00:00,19971.021977072643,20197.745529720614,19376.49140290167
forecast_0365,2025-01-16 05:00:00,20061.666323758098,20206.85192361392,19332.777607409593
forecast_0366,2025-01-16 06:00:00,20058.652074481404,20280.312255957757,19369.84930879504
forecast_0367,2025-01-16 07:00:00,20055.983508779977,20213.717370166483,19532.075921942745
forecast_0368,2025-01-16 08:00:00,20014.380379524282,20064.4761798156,19411.569435312405
forecast_0369,2025-01-16 09:00:00,20036.192567494338,20208.930268404252,19373.15553364563
forecast_0370,2025-01-16 10:00:00,20002.92921498176,20144.633484713548,19336.304799930116
forecast_0371,2025-01-16 11:00:00,20116.08241102715,20231.20031300442,19337.42336176556
forecast_0372,2025-01-16 12:00:00,19928.207060251814,20195.24130456643,17936.602137171845
forecast_0373,2025-01-16 13:00:00,18465.325795117555,19073.608210672275,16708.644203867174
forecast_0374,2025-01-16 14:00:00,17563.53261218703,18285.01604308746,15583.888627607344
forecast_0375,2025-01-16 15:00:00,16615.48160480337,18588.83686601231,14645.669434892108
forecast_0376,2025-01-16 16:00:00,16697.559358979906,18672.923932178728,14818.742098704946
forecast_0377,2025-01-16 17:00:00,17019.99394006062,18538.460964036953,14887.762565062856
forecast_0378,2025-01-16 18:00:00,17238.914510408566,18448.07110716012,15296.71665148657
forecast_0379,2025-01-16 19:00:00,16144.849117970636,17546.21859784272,13595.226779113256
forecast_0380,2025-01-16 20:00:00,13997.272594982987,14924.224088695619,11745.976581922263
forecast_0381,2025-01-16 21:00:00,11339.115360300866,11993.772075384572,9918.610654678989
forecast_0382,2025-01-16 22:00:00,8979.739208505895,9392.447423715668,7132.8914616598195
forecast_0383,2025-01-16 23:00:00,6841.686793788854,6912.961687915885,5172.414984593519
forecast_0384,2025-01-17 00:00:00,5438.295095247597,6051.850046203504,3939.7568473830665
forecast_0385,2025-01-17 01:00:00,3870.8207848419147,3536.1215098599664,3963.171554067124
forecast_0386,2025-01-17 02:00:00,4338.586147314204,4034.801442435811,3668.2224335897645
forecast_0387,2025-01-17 03:00:00,3837.9649345150256,3646.853249096845,3422.753002547637
forecast_0388,2025-01-17 04:00:00,3881.038265721961,3664.2209416820156,3175.4233027100954
forecast_0389,2025-01-17 05:00:00,3987.692922521344,3474.7892017683284,2917.95240791854
forecast_0390,2025-01-17 06:00:00,3457.146402414173,3523.34309503559,3195.244360565684
forecast_0391,2025-01-17 07:00:00,3495.500948054338,3462.146697647503,3039.676023444913
forecast_0392,2025-01-17 08:00:00,3619.632938095723,3798.755418919412,3207.654315664851
forecast_0393,2025-01-17 09:00:00,4021.2807129581493,4093.8995793519084,3529.5671125855793
forecast_0394,2025-01-17 10:00:00,3817.279290388896,3693.138875916846,3112.7294071995425
forecast_0395,2025-01-17 11:00:00,3531.1660117332513,3488.217097575327,3004.48330799213
forecast_0396,2025-01-17 12:00:00,3435.761960851624,3646.7307827604236,3019.6056573660703
forecast_0397,2025-01-17 13:00:00,3494.220827010345,3819.969644845328,3151.4139951728444
forecast_0398,2025-01-17 14:00:00,3751.7430067797773,3905.272077652519,3522.1504017972993
forecast_0399,2025-01-17 15:00:00,4497.47242799896,4013.7086257648702,3561.8666932447513
forecast_0400,2025-01-17 16:00:00,3951.5678678829386,3938.5379704791,3737.9869462852703
forecast_0401,2025-01-17 17:00:00,5840.268535687157,5764.934701393079,4451.451903551647
forecast_0402,2025-01-17 18:00:00,8214.081564060258,8201.96433102686,6164.725044400247
forecast_0403,2025-01-17 19:00:00,9896.963752716221,10256.831736167682,7557.821058082076
forecast_0404,2025-01-17 20:00:00,12176.796173703851,11434.157869303413,8698.59310183324
forecast_0405,2025-01-17 21:00:00,13638.026942995579,12840.542369599372,9571.452391325422
forecast_0406,2025-01-17 22:00:00,14841.396350168146,13384.722741536762,10086.350544863757
forecast_0407,2025-01-17 23:00:00,16054.772259933843,13769.71698280968,10108.653809410887
forecast_0408,2025-01-18 00:00:00,15029.294575230493,13861.568838580806,9984.015542604197
forecast_0409,2025-01-18 01:00:00,10995.868536977361,10116.923068619011,7625.980119200813
forecast_0410,2025-01-18 02:00:00,11974.154456370365,11222.953880789686,8226.717490729769
forecast_0411,2025-01-18 03:00:00,14070.940877605184,12539.107252989132,9182.597773699355
forecast_0412,2025-01-18 04:00:00,15996.585255114178,14856.424246708066,10426.56561653666
forecast_0413,2025-01-18 05:00:00,17116.11954110278,15311.370892108118,10777.87276486665
forecast_0414,2025-01-18 06:00:00,17222.43113463536,14996.306904899442,10139.808004760785
forecast_0415,2025-01-18 07:00:00,15939.648045214164,13224.565622379376,8748.87131026619
forecast_0416,2025-01-18 08:00:00,10539.564980145491,8865.932172944644,6839.3475251944865
forecast_0417,2025-01-18 09:00:00,7262.75058860488,6328.329737085319,4909.222550031369
forecast_0418,2025-01-18 10:00:00,4801.985404232862,4070.060785243766,3961.372918986162
forecast_0419,2025-01-18 11:00:00,5167.111856010854,4734.997195438698,3828.2326842576003
forecast_0420,2025-01-18 12:00:00,5368.667324927561,5210.35614299746,3842.1564348615034
forecast_0421,2025-01-18 13:00:00,4428.737813669603,4385.043795391888,3789.330713493309
forecast_0422,2025-01-18 14:00:00,3992.203600915154,3919.6237726796912,3754.014842218362
forecast_0423,2025-01-18 15:00:00,3961.62577310989,4138.819465938358,3894.7858828652525
forecast_0424,2025-01-18 16:00:00,6342.342269234114,6509.280036047297,4647.66368500235
forecast_0425,2025-01-18 17:00:00,10463.753561875334,10684.426967319014,7585.353900844452
forecast_0426,2025-01-18 18:00:00,14233.97861834739,14154.712721832107,10559.73138619428
forecast_0427,2025-01-18 19:00:00,17066.07483101974,17650.0207581073,13859.731843435331
forecast_0428,2025-01-18 20:00:00,19003.089447746293,18208.77842657645,15708.809142582235
forecast_0429,2025-01-18 21:00:00,19905.387311620983,19050.03447833837,16173.409640934708
forecast_0430,2025-01-18 22:00:00,19936.470665994926,19185.574321655553,16578.670201968693
forecast_0431,2025-01-18 23:00:00,19727.47557990503,19025.201607123417,16014.66622005214
forecast_0432,2025-01-19 00:00:00,19054.557158475134,19118.381917130075,15449.148425317015
forecast_0433,2025-01-19 01:00:00,18280.12862292204,18210.490494353442,14581.935731783102
forecast_0434,2025-01-19 02:00:00,18468.710740698036,18230.79314592424,14854.152889991807
forecast_0435,2025-01-19 03:00:00,18615.197714009228,18922.81173809872,15950.70629081914
forecast_0436,2025-01-19 04:00:00,19064.196422677316,19223.729451708456,15678.704138217541
forecast_0437,2025-01-19 05:00:00,19198.6317988152,19249.502621687727,15737.30314909815
forecast_0438,2025-01-19 06:00:00,19103.72998412279,19119.275999305635,15964.66627326728
forecast_0439,2025-01-19 07:00:00,19829.104652889873,19006.593108097582,16268.695456038404
forecast_0440,2025-01-19 08:00:00,19322.45439811492,18876.55029774382,15732.169946865095
forecast_0441,2025-01-19 09:00:00,18801.6698478816,18480.103263872803,14813.909418813893
forecast_0442,2025-01-19 10:00:00,16413.36923706023,15903.878919914043,13276.938962528291
forecast_0443,2025-01-19 11:00:00,13611.699253004555,13613.297176214675,11155.443895467095
forecast_0444,2025-01-19 12:00:00,10632.910450598634,10802.814496154937,8696.46999763705
forecast_0445,2025-01-19 13:00:00,8756.807899148329,8587.73261052921,7275.844124657594
forecast_0446,2025-01-19 14:00:00,7619.39190083635,7427.664993372683,5543.35139582146
forecast_0447,2025-01-19 15:00:00,6628.409567513683,6601.493853925701,4995.736298500896
forecast_0448,2025-01-19 16:00:00,5831.997553101075,5859.700626384062,4574.436665699944
forecast_0449,2025-01-19 17:00:00,6505.135563084802,6147.404270849579,4921.8933098576035
forecast_0450,2025-01-19 18:00:00,7334.004494654934,7686.318810851307,6082.0937309366955
forecast_0451,2025-01-19 19:00:00,8578.751435779055,10154.146934027505,7156.617188222748
forecast_0452,2025-01-19 20:00:00,10019.48400035606,10751.655980847894,7809.911379047204
forecast_0453,2025-01-19 21:00:00,11800.641335899722,13118.389262921371,9105.397912695069
forecast_0454,2025-01-19 22:00:00,12579.522595122295,14705.065697013846,9785.55989693628
forecast_0455,2025-01-19 23:00:00,13058.009561682797,13439.508605847479,10189.016209653957
forecast_0456,2025-01-20 00:00:00,12084.788514466734,12487.774836800858,9666.47781702846
forecast_0457,2025-01-20 01:00:00,8813.343486109112,8636.813688361586,6318.488761852206
forecast_0458,2025-01-20 02:00:00,7690.110943158405,7602.565560883807,5342.878116851121
forecast_0459,2025-01-20 03:00:00,6170.388092764361,5898.836320165025,4307.659422684099
forecast_0460,2025-01-20 04:00:00,5084.645055635996,4533.851170741236,3675.5884404672993
forecast_0461,2025-01-20 05:00:00,4435.533350164653,4115.643840911286,3679.0503874900246
forecast_0462,2025-01-20 06:00:00,3799.1086937677983,3789.792395336736,3682.7991014967174
forecast_0463,2025-01-20 07:00:00,3655.6281931921894,3601.155220530986,3298.4430725376073
forecast_0464,2025-01-20 08:00:00,3766.7873271740455,3618.6565529410027,3022.4408600988477
forecast_0465,2025-01-20 09:00:00,3665.812746413699,3323.6660129295983,2658.485620517621
forecast_0466,2025-01-20 10:00:00,3336.6994410306083,3261.215011701036,2755.817341921816
forecast_0467,2025-01-20 11:00:00,3867.411643197977,3549.6416463938626,2837.0336006291877
forecast_0468,2025-01-20 12:00:00,3697.96364732576,3319.8509543647665,2605.473661335232
forecast_0469,2025-01-20 13:00:00,3867.3845813854523,4745.876354522371,2135.157390491355
forecast_0470,2025-01-20 14:00:00,3527.861057164074,4932.49317478491,2355.043787913112
forecast_0471,2025-01-20 15:00:00,4032.55065314183,5552.404143984058,2361.7472734387893
forecast_0472,2025-01-20 16:00:00,4139.598979914013,3345.4470985151793,2026.169702576976
forecast_0473,2025-01-20 17:00:00,4333.903134382394,4240.557572971092,3437.04734518989
forecast_0474,2025-01-20 18:00:00,5093.19680864064,5084.962053667241,3532.786328566976
forecast_0475,2025-01-20 19:00:00,5434.781957299214,4626.105363967511,3605.8835529134317
forecast_0476,2025-01-20 20:00:00,5748.126851423919,4123.758173141105,4040.8995732454937
forecast_0477,2025-01-20 21:00:00,4313.053012156359,3257.561964753637,4228.570948017159
forecast_0478,2025-01-20 22:00:00,3906.243987426161,3908.8334618807494,3648.1889692105424
forecast_0479,2025-01-20 23:00:00,4090.978654060405,3850.66131548091,3315.069071736823
forecast_0480,2025-01-21 00:00:00,3830.8824408397627,3649.811546037248,3412.490062722036
forecast_0481,2025-01-21 01:00:00,3903.5783819522617,3847.393351114963,4007.304803075514
forecast_0482,2025-01-21 02:00:00,3753.5417484650397,3754.0499171190763,3725.5568603479765
forecast_0483,2025-01-21 03:00:00,3932.2369974528674,3777.550284278531,3711.2064933223965
forecast_0484,2025-01-21 04:00:00,4377.956267497881,3854.311355973337,3803.411083459941
forecast_0485,2025-01-21 05:00:00,4311.147496609048,3905.512317138759,4008.562360728376
forecast_0486,2025-01-21 06:00:00,4685.310346616613,3940.6891776289144,3943.8038504998353
forecast_0487,2025-01-21 07:00:00,4342.631041805946,3912.477361527442,3785.8573619674785
forecast_0488,2025-01-21 08:00:00,3979.01404722819,3829.526545065507,3580.0106440823665
forecast_0489,2025-01-21 09:00:00,3715.848181981055,3628.606538614664,3663.367481514865
forecast_0490,2025-01-21 10:00:00,4706.257299347578,4139.345440658492,3593.3201506027312
forecast_0491,2025-01-21 11:00:00,4615.7435401584635,5094.5995697374465,3846.8902571539193
forecast_0492,2025-01-21 12:00:00,4522.73087691788,4777.509400061258,3854.822115518981
forecast_0493,2025-01-21 13:00:00,4169.972608446502,4511.105226799908,3815.741020473455
forecast_0494,2025-01-21 14:00:00,4433.561850733208,4707.678628121108,3964.949156942256
forecast_0495,2025-01-21 15:00:00,4055.408033074727,5292.816803717749,3793.8528598310168
forecast_0496,2025-01-21 16:00:00,3720.7074836853017,3586.4620527091606,3742.0390109425284
forecast_0497,2025-01-21 17:00:00,4537.876623788266,4528.321999232202,3681.350118525605
forecast_0498,2025-01-21 18:00:00,6650.350905084634,6358.924642326535,4580.21352882643
forecast_0499,2025-01-21 19:00:00,8987.41448284539,8936.283402147354,6226.538401468859
forecast_0500,2025-01-21 20:00:00,10809.595747024747,11289.316189279769,7887.183782029178
forecast_0501,2025-01-21 21:00:00,11718.036120536213,12280.992531170565,8910.3215722017
forecast_0502,2025-01-21 22:00:00,12582.91008067383,13124.26551000741,9753.137042592549
forecast_0503,2025-01-21 23:00:00,12491.362141756546,13601.754610634214,10111.071114683175
forecast_0504,2025-01-22 00:00:00,12889.208986566407,14743.706707069536,10293.194583795195
forecast_0505,2025-01-22 01:00:00,10634.453650333617,11214.740160774198,9805.972411236868
forecast_0506,2025-01-22 02:00:00,11105.735281316905,12205.096889930513,9861.134056124303
forecast_0507,2025-01-22 03:00:00,12279.158563102766,12731.300483453755,10185.80984132685
forecast_0508,2025-01-22 04:00:00,12894.72984488357,14334.502020282418,10735.88087339232
forecast_0509,2025-01-22 05:00:00,14921.306873129892,15328.359093933479,10641.086534044076
forecast_0510,2025-01-22 06:00:00,16480.235082032283,15980.709611955734,10642.939670191125
forecast_0511,2025-01-22 07:00:00,16903.7824597189,17406.234965728803,11285.676678664864
forecast_0512,2025-01-22 08:00:00,17442.863137310815,17571.484224961176,11234.433376732388
forecast_0513,2025-01-22 09:00:00,15969.262572110592,16137.671085218079,11903.485411908872
forecast_0514,2025-01-22 10:00:00,13541.818623487996,14503.174300333681,10302.298977142158
forecast_0515,2025-01-22 11:00:00,12702.962256642088,12850.760724805614,8156.719664189887
forecast_0516,2025-01-22 12:00:00,10900.606257606041,11430.069419199226,6672.61656066085
forecast_0517,2025-01-22 13:00:00,9658.069703412673,8540.25128728184,5618.938870822373
forecast_0518,2025-01-22 14:00:00,7784.690226185624,7975.018538813319,5025.698817857662
forecast_0519,2025-01-22 15:00:00,7400.760626344039,7096.709818935807,4617.3507027739115
forecast_0520,2025-01-22 16:00:00,7660.377725693607,7093.403484642534,4985.825484610828
forecast_0521,2025-01-22 17:00:00,9120.174546866503,8189.917756433513,5701.573778918637
forecast_0522,2025-01-22 18:00:00,9249.748386184127,9269.700271866594,6072.520861560679
forecast_0523,2025-01-22 19:00:00,9246.296220928467,8718.101042286717,6254.348598746959
forecast_0524,2025-01-22 20:00:00,9475.583853699129,9009.471074104971,5821.587812098
forecast_0525,2025-01-22 21:00:00,9165.541361073008,9146.739905313267,5971.492898498718
forecast_0526,2025-01-22 22:00:00,9001.45469151252,8783.790236611163,5865.625908843173
forecast_0527,2025-01-22 23:00:00,9065.758643200552,9111.997554797012,6007.678529280621
forecast_0528,2025-01-23 00:00:00,9212.477309255793,9142.599133277894,6262.389206059799
forecast_0529,2025-01-23 01:00:00,14259.671387468914,14556.414699029696,8185.064731610516
forecast_0530,2025-01-23 02:00:00,14351.89373407146,14740.50402626917,7912.270399335781
forecast_0531,2025-01-23 03:00:00,14378.30515663783,14706.345326576675,7397.0377399702675
forecast_0532,2025-01-23 04:00:00,13922.437892427182,14645.998780207367,7323.084152145313
forecast_0533,2025-01-23 05:00:00,13559.020114706875,13502.359796130535,7148.972232530241
forecast_0534,2025-01-23 06:00:00,12849.338715316935,13987.939096721899,6835.217793106554
forecast_0535,2025-01-23 07:00:00,9718.019781998546,10331.718504901313,6422.751226259222
forecast_0536,2025-01-23 08:00:00,8699.538199587123,9250.300618417976,5827.910282654467
forecast_0537,2025-01-23 09:00:00,7622.096846872,7680.632537987443,5124.1790518435855
forecast_0538,2025-01-23 10:00:00,6236.681739894512,6406.069594503931,4138.975578599405
forecast_0539,2025-01-23 11:00:00,4869.230986373168,4814.1987758465175,3791.6569327790926
forecast_0540,2025-01-23 12:00:00,3891.8034622917385,3887.108231997342,3722.0693734310294
forecast_0541,2025-01-23 13:00:00,3639.2115982880673,3697.6936894133573,3709.5420367409483
forecast_0542,2025-01-23 14:00:00,3767.255027558484,3738.673577627666,3639.5126667248546
forecast_0543,2025-01-23 15:00:00,3678.8967446782417,3737.410217287982,3304.7786634346626
forecast_0544,2025-01-23 16:00:00,3520.1293301233595,3424.7460567588873,3081.861425854129
forecast_0545,2025-01-23 17:00:00,3581.8094671774975,3685.8109647414944,3244.580365108034
forecast_0546,2025-01-23 18:00:00,3701.9356601085406,3802.258022497226,3433.357272534136
forecast_0547,2025-01-23 19:00:00,5013.178756078591,4141.48550896421,3827.220432868894
forecast_0548,2025-01-23 20:00:00,5209.029615344125,4507.289631362311,3862.8124055150397
forecast_0549,2025-01-23 21:00:00,5587.990871935644,4834.623966364892,4415.2005370487395
forecast_0550,2025-01-23 22:00:00,4912.350266585711,3805.2403415348085,4150.715310532807
forecast_0551,2025-01-23 23:00:00,4611.24027297034,3813.912651853777,4361.682065081243
forecast_0552,2025-01-24 00:00:00,3972.970711784663,3761.916018542625,3839.4375136517915
forecast_0553,2025-01-24 01:00:00,3804.4434107510647,3341.1743132065403,3312.619621440562
forecast_0554,2025-01-24 02:00:00,3394.061170977114,3152.851898142346,2804.198260653546
forecast_0555,2025-01-24 03:00:00,3151.553917573587,3017.9615762316907,2527.5948542915216
forecast_0556,2025-01-24 04:00:00,3314.015406535011,3059.429609415553,3644.4941878274317
forecast_0557,2025-01-24 05:00:00,3629.9361503046853,3468.3480725297445,2506.344141617248
forecast_0558,2025-01-24 06:00:00,4153.11730987996,3683.5507996428887,2611.1208882362903
forecast_0559,2025-01-24 07:00:00,4173.296818767816,3634.300387481116,2577.6723735142436
forecast_0560,2025-01-24 08:00:00,4035.399121016128,3635.550926814238,1947.11398059968
forecast_0561,2025-01-24 09:00:00,3461.4648195100544,3870.3148255142955,1122.4464201626502
forecast_0562,2025-01-24 10:00:00,3823.4281570301105,3542.3545453230636,1087.1336944935567
forecast_0563,2025-01-24 11:00:00,5071.808131703636,3563.3168635907664,1072.5363687285337
forecast_0564,2025-01-24 12:00:00,3481.9195110201854,3813.3881270988,1075.381426998584
forecast_0565,2025-01-24 13:00:00,4071.1338551530002,3463.669218185057,1248.2326136075915
forecast_0566,2025-01-24 14:00:00,3529.8495766230603,3880.0817786919583,2703.9995377175856
forecast_0567,2025-01-24 15:00:00,3514.982629252309,5031.930388811065,2934.2664338981954
forecast_0568,2025-01-24 16:00:00,3058.6371907159473,2985.003710643725,2969.532351133486
forecast_0569,2025-01-24 17:00:00,3328.626651874604,3203.129637206091,2674.2491526158747
forecast_0570,2025-01-24 18:00:00,3483.7598711930846,3577.608920927552,3274.6611709890626
forecast_0571,2025-01-24 19:00:00,3763.7193651950247,3774.081832865987,3539.906108354187
forecast_0572,2025-01-24 20:00:00,4210.095422413954,3899.762060928694,3641.320203447001
forecast_0573,2025-01-24 21:00:00,3625.820795768226,3825.125188543105,3700.491045329383
forecast_0574,2025-01-24 22:00:00,3928.75393290527,3756.1481015835075,3747.616849344959
forecast_0575,2025-01-24 23:00:00,3698.222851500153,3822.084836627291,3802.7960773709474
forecast_0576,2025-01-25 00:00:00,4394.869603652197,3969.5453871329055,3808.9402838710116
forecast_0577,2025-01-25 01:00:00,3854.449899021424,4262.240254016624,3601.3429818957115
forecast_0578,2025-01-25 02:00:00,4658.5006109071355,3842.4575131806178,4164.234340047198
forecast_0579,2025-01-25 03:00:00,5496.2323240852575,4046.8280438619204,4248.306145884198
forecast_0580,2025-01-25 04:00:00,3893.953951275463,4579.009436447864,4334.068020239003
forecast_0581,2025-01-25 05:00:00,3716.086459348349,4426.894434334585,4141.837864783113
forecast_0582,2025-01-25 06:00:00,3654.7656626249805,4555.723250669479,4040.3510079329967
forecast_0583,2025-01-25 07:00:00,3747.32225038371,4421.982968830311,3897.991459958736
forecast_0584,2025-01-25 08:00:00,5773.125106126404,4368.333144356549,3810.6794165612523
forecast_0585,2025-01-25 09:00:00,6160.691098055728,4084.407845814867,3823.717719055693
forecast_0586,2025-01-25 10:00:00,4207.01992153331,5063.551521508024,3678.6036984924062
forecast_0587,2025-01-25 11:00:00,3967.5125419935516,4582.242330662568,3730.4544855806876
forecast_0588,2025-01-25 12:00:00,3832.706050310984,4172.408620552391,3753.0622258069825
forecast_0589,2025-01-25 13:00:00,3813.907465352975,3882.6490111329563,3471.4114499742614
forecast_0590,2025-01-25 14:00:00,4185.5462555234735,3937.5500140247536,3773.112092863366
forecast_0591,2025-01-25 15:00:00,4190.145921418895,4386.682633689951,3671.8737763320655
forecast_0592,2025-01-25 16:00:00,4834.815266819527,4310.000261528076,3389.1669446024625
forecast_0593,2025-01-25 17:00:00,3964.3080645565,3980.585562603869,3708.025465928128
forecast_0594,2025-01-25 18:00:00,4055.7454806403266,4415.649431145388,3745.466399581074
forecast_0595,2025-01-25 19:00:00,4254.216320419544,3936.216560962463,3863.385209165268
forecast_0596,2025-01-25 20:00:00,4012.74862760459,4161.147339419576,4223.303740165168
forecast_0597,2025-01-25 21:00:00,4080.0432392004104,4706.040126672139,4724.519280889475
forecast_0598,2025-01-25 22:00:00,4082.4360618729884,4964.6091774566685,4320.701584310834
forecast_0599,2025-01-25 23:00:00,4500.45573950878,5328.318789535441,5049.597675439439
forecast_0600,2025-01-26 00:00:00,4922.016931127466,5040.254562759201,5036.117339155184
forecast_0601,2025-01-26 01:00:00,6957.373105688999,8137.100452674112,5363.306191889367
forecast_0602,2025-01-26 02:00:00,5425.714981393858,5887.516529458547,5337.395022949873
forecast_0603,2025-01-26 03:00:00,4242.608438539682,4770.906057188567,4872.338255242398
forecast_0604,2025-01-26 04:00:00,4443.372667911695,4184.366310595641,3830.672435365247
forecast_0605,2025-01-26 05:00:00,4023.4049960328757,4568.07732867185,3669.2928695338696
forecast_0606,2025-01-26 06:00:00,3769.192962614492,4198.988557762337,3376.7666115687457
forecast_0607,2025-01-26 07:00:00,3794.4169800184627,3903.2892660778502,3211.8514500549
forecast_0608,2025-01-26 08:00:00,3593.8151419822657,3708.056618497281,3321.7058858859523
forecast_0609,2025-01-26 09:00:00,3540.36520001578,3778.4315439973366,3361.2632302375705
forecast_0610,2025-01-26 10:00:00,3823.206932757447,4109.259288996254,3671.52233378372
forecast_0611,2025-01-26 11:00:00,3740.3415055905625,3509.460163375709,3135.8794333538
forecast_0612,2025-01-26 12:00:00,3701.3398447418263,3440.4195488064843,3034.980013121943
forecast_0613,2025-01-26 13:00:00,2330.799226292572,3288.2018698563816,2488.1417833562155
forecast_0614,2025-01-26 14:00:00,2321.615334797709,2356.8400906869933,841.116381067991
forecast_0615,2025-01-26 15:00:00,3419.262674351751,3339.844613872346,3059.5430065871087
forecast_0616,2025-01-26 16:00:00,1.3352790896122027,3.1414686947266106,8.379956491395031
forecast_0617,2025-01-26 17:00:00,2597.8177894854616,1918.753742953021,996.3098253786071
forecast_0618,2025-01-26 18:00:00,4079.173993027588,3686.658455041014,2012.925475824013
forecast_0619,2025-01-26 19:00:00,3919.51952935438,3776.258708085335,4010.872881730049
forecast_0620,2025-01-26 20:00:00,4662.742003151241,4055.2649954295234,4010.872881730049
forecast_0621,2025-01-26 21:00:00,3445.279164564037,2887.432774936693,3110.117133482474
forecast_0622,2025-01-26 22:00:00,5106.0299598736865,3894.7504615567314,3395.2863673356132
forecast_0623,2025-01-26 23:00:00,3504.5773312443434,3670.13771441703,3009.3510197902046
forecast_0624,2025-01-27 00:00:00,3443.230684115837,3342.697178060985,3123.851567688405
forecast_0625,2025-01-27 01:00:00,3905.635741065562,3908.29080899546,3527.7354794426765
forecast_0626,2025-01-27 02:00:00,3874.2057337000756,3762.967543827129,3702.951307344114
forecast_0627,2025-01-27 03:00:00,4306.820852817728,4603.985126444018,4081.127540709204
forecast_0628,2025-01-27 04:00:00,3844.1716522302904,3775.4928543552096,3794.23735448125
forecast_0629,2025-01-27 05:00:00,3935.446106627399,3677.8165542421093,3909.3464005132914
forecast_0630,2025-01-27 06:00:00,3828.1122290711205,3777.955817197044,3565.5921745983965
forecast_0631,2025-01-27 07:00:00,3848.8920541958378,3779.196658324026,3591.962002043887
forecast_0632,2025-01-27 08:00:00,3925.544262482549,4136.335533301188,3493.924600248079
forecast_0633,2025-01-27 09:00:00,4060.988517226516,4395.790164035606,3283.6644249783867
forecast_0634,2025-01-27 10:00:00,4102.605253775644,4450.743963414685,3474.3379008180773
forecast_0635,2025-01-27 11:00:00,4821.554597455489,5015.491938791556,4240.9507905136115
forecast_0636,2025-01-27 12:00:00,7953.415513362855,8284.017956456459,6839.207322121293
forecast_0637,2025-01-27 13:00:00,11512.145310638556,12178.122433939021,9571.959789848786
forecast_0638,2025-01-27 14:00:00,14348.707727104065,15116.686205320766,13011.347490412276
forecast_0639,2025-01-27 15:00:00,16207.083651263929,17604.01189002729,15464.52179405727
forecast_0640,2025-01-27 16:00:00,16735.43939761016,18521.661608999828,17565.717508788865
forecast_0641,2025-01-27 17:00:00,16917.46691717131,18735.963198399168,17913.874948058794
forecast_0642,2025-01-27 18:00:00,17028.98576464608,18225.887737131197,17980.089020856085
forecast_0643,2025-01-27 19:00:00,18508.78671344312,17596.30996129328,18039.301010797288
forecast_0644,2025-01-27 20:00:00,18153.126364273285,16703.818563608034,17969.79806966046
forecast_0645,2025-01-27 21:00:00,16407.32970905736,16221.171730083626,17673.541264417832
forecast_0646,2025-01-27 22:00:00,15960.065217862946,15844.560914642183,17736.770563670132
forecast_0647,2025-01-27 23:00:00,15555.135042177777,15908.387766671727,17538.71002507643
forecast_0648,2025-01-28 00:00:00,15621.25304356915,15818.235427838463,17444.65548274292
forecast_0649,2025-01-28 01:00:00,16896.379095163713,17770.81910886197,18499.623045583787
forecast_0650,2025-01-28 02:00:00,16744.940826963466,17652.14928450149,18424.79154017127
forecast_0651,2025-01-28 03:00:00,17588.94455833359,17738.05405190809,18142.645682097238
forecast_0652,2025-01-28 04:00:00,17009.6693660429,17682.407307523357,18116.736900453387
forecast_0653,2025-01-28 05:00:00,17682.63454345197,17414.56820801207,18302.104696922375
forecast_0654,2025-01-28 06:00:00,17702.41057306372,17334.09947557675,18497.95545293776
forecast_0655,2025-01-28 07:00:00,17693.74915445453,17213.37927458427,18575.332038265155
forecast_0656,2025-01-28 08:00:00,17826.515119153948,17113.415571714595,18515.18242803223
forecast_0657,2025-01-28 09:00:00,17819.568458527177,17057.055054120232,18567.30920951236
forecast_0658,2025-01-28 10:00:00,17887.868825585323,17225.374282495763,18615.012546590824
forecast_0659,2025-01-28 11:00:00,17534.532939196615,17079.15941023005,18558.571081158952
forecast_0660,2025-01-28 12:00:00,17246.341749311094,16835.61038873485,18548.36506948025
forecast_0661,2025-01-28 13:00:00,16685.718236757468,16380.939724034884,18316.845976373625
forecast_0662,2025-01-28 14:00:00,16541.5694554596,16270.392767602365,18212.949680078113
forecast_0663,2025-01-28 15:00:00,16184.015877008778,16092.519445905702,18132.2221128062
forecast_0664,2025-01-28 16:00:00,16275.543830377625,16005.605522408636,18093.96929507469
forecast_0665,2025-01-28 17:00:00,16657.605943787472,16176.871712168733,18131.19807252707
forecast_0666,2025-01-28 18:00:00,16925.95266979675,16638.70469514345,18169.217981095615
forecast_0667,2025-01-28 19:00:00,17023.524953616085,17041.836879965562,18356.11495544605
forecast_0668,2025-01-28 20:00:00,16491.6056725072,17302.833534096884,18329.3784712929
forecast_0669,2025-01-28 21:00:00,15730.595003518485,17986.559009259472,18521.74937611813
forecast_0670,2025-01-28 22:00:00,15999.730056957318,18393.449175556547,18591.73377296016
forecast_0671,2025-01-28 23:00:00,15716.662165169213,18435.954841935603,18628.26500863004
forecast_0672,2025-01-29 00:00:00,15340.155897926626,18538.225056732146,18661.78299911309
forecast_0673,2025-01-29 01:00:00,16168.144797139747,18764.72445834307,16891.08121609974
forecast_0674,2025-01-29 02:00:00,16488.28548690432,18872.638498682812,16840.41250583758
forecast_0675,2025-01-29 03:00:00,16907.89107854116,19815.25270895754,17201.38912210048
forecast_0676,2025-01-29 04:00:00,17312.414345328914,19722.129666537796,17386.475933209604
forecast_0677,2025-01-29 05:00:00,17480.84783204266,19935.906907658424,17390.697300196225
forecast_0678,2025-01-29 06:00:00,17623.752170588567,19846.79913107449,17484.218456094466
forecast_0679,2025-01-29 07:00:00,17652.365201660363,19334.164742989255,17474.686700914284
forecast_0680,2025-01-29 08:00:00,17470.70717000683,19762.366714373424,17428.313601107144
forecast_0681,2025-01-29 09:00:00,17241.06432776413,19905.58547301447,17401.533038254147
forecast_0682,2025-01-29 10:00:00,16887.548940311008,18865.676713098128,16990.145239712747
forecast_0683,2025-01-29 11:00:00,16788.330285274034,18614.04755661484,16837.48894151692
forecast_0684,2025-01-29 12:00:00,16513.480911416707,18442.504562171096,16245.721225795953
forecast_0685,2025-01-29 13:00:00,16552.927691246652,18707.310819849503,16459.61519894173
forecast_0686,2025-01-29 14:00:00,16370.446916277955,18611.11294488537,16018.980454858862
forecast_0687,2025-01-29 15:00:00,15987.736167281353,18132.987167473573,16146.325802835096
forecast_0688,2025-01-29 16:00:00,15182.098497841074,17953.78134239787,15222.532029525022
forecast_0689,2025-01-29 17:00:00,14839.633906087656,17605.91427139594,14895.094844223986
forecast_0690,2025-01-29 18:00:00,14738.077558319867,17510.184073478416,14832.091463512836
forecast_0691,2025-01-29 19:00:00,14795.16405110392,17752.47953208699,14891.641288007311
forecast_0692,2025-01-29 20:00:00,14991.43915375314,17839.01126980787,15047.631359743737
forecast_0693,2025-01-29 21:00:00,14932.27423657494,17717.304584334135,15091.127428302523
forecast_0694,2025-01-29 22:00:00,15151.911701191679,17600.04497996157,15035.852695540487
forecast_0695,2025-01-29 23:00:00,15450.005443204132,17394.077502238764,14917.514793683742
forecast_0696,2025-01-30 00:00:00,16300.442742163223,17200.619928832773,14852.717934079239
forecast_0697,2025-01-30 01:00:00,16518.66937946885,17508.74811270477,15505.040426949867
forecast_0698,2025-01-30 02:00:00,16352.464547462092,17507.071271633664,15365.161186551159
forecast_0699,2025-01-30 03:00:00,16613.057797528596,17704.003783056636,15631.343175194284
forecast_0700,2025-01-30 04:00:00,16717.510790508684,17620.551111248576,15274.306892245915
forecast_0701,2025-01-30 05:00:00,16659.443648373224,17620.40988746749,15312.612320678023
forecast_0702,2025-01-30 06:00:00,16481.595995868593,17391.010526767426,15281.810714987512
forecast_0703,2025-01-30 07:00:00,16175.881641420756,17286.783737649384,14887.209932632075
forecast_0704,2025-01-30 08:00:00,16498.134558370424,17031.316426000056,15019.646716509957
forecast_0705,2025-01-30 09:00:00,16976.503463082332,17139.414757571594,14622.90126849404
forecast_0706,2025-01-30 10:00:00,16160.525755437535,17202.393775357265,14168.662914762188
forecast_0707,2025-01-30 11:00:00,15345.744389104075,16901.47354356021,13598.616222521096
forecast_0708,2025-01-30 12:00:00,15056.872843040768,16131.003010954122,12232.951568476665
forecast_0709,2025-01-30 13:00:00,14872.4639453364,15856.636178355318,11320.642881961801
forecast_0710,2025-01-30 14:00:00,14747.531986514594,15091.137324011606,11456.931718469026
forecast_0711,2025-01-30 15:00:00,14882.492949011914,15442.86131717323,11709.52734873293
forecast_0712,2025-01-30 16:00:00,14692.244709557628,16032.271958690882,12286.445110626559
forecast_0713,2025-01-30 17:00:00,14956.38957902081,16649.38711195944,13561.239568240555
forecast_0714,2025-01-30 18:00:00,15196.596195642009,16956.180207541107,13975.328852919496
forecast_0715,2025-01-30 19:00:00,15167.518202524621,17421.886442315197,15275.4916386319
forecast_0716,2025-01-30 20:00:00,15570.246125840316,17405.354182246494,15864.259159929623
forecast_0717,2025-01-30 21:00:00,16339.526130314189,18160.962858075523,16420.753288760694
forecast_0718,2025-01-30 22:00:00,17781.480047756613,18436.59373530983,16377.228314665756
forecast_0719,2025-01-30 23:00:00,17098.202880605055,17600.687371766056,14808.148068986286
forecast_0720,2025-01-31 00:00:00,16507.323503113843,16849.679024748948,14497.516470970842
forecast_0721,2025-01-31 01:00:00,16318.531656693529,15914.896505532786,13956.955463608178
forecast_0722,2025-01-31 02:00:00,15534.305865398603,15772.777630981414,13975.119121810216
forecast_0723,2025-01-31 03:00:00,14859.216552501985,15560.776941948377,13755.527969080838
forecast_0724,2025-01-31 04:00:00,15078.783528077147,15930.860074431786,13350.980223366305
forecast_0725,2025-01-31 05:00:00,14724.74304951398,16173.440503246935,12598.35244421609
forecast_0726,2025-01-31 06:00:00,15210.109361715668,16007.038106494958,12396.412009758293
forecast_0727,2025-01-31 07:00:00,13537.198149452977,14579.296910689185,12227.371023334192
forecast_0728,2025-01-31 08:00:00,14381.559996967839,14812.19375392804,12363.594283837381
forecast_0729,2025-01-31 09:00:00,14135.862081330908,14999.777336151408,12557.900052144167
forecast_0730,2025-01-31 10:00:00,14076.973219711255,14942.65882024369,13182.72085907358
forecast_0731,2025-01-31 11:00:00,11692.163790739261,12756.936284316684,9560.566361761877
forecast_0732,2025-01-31 12:00:00,9884.779976054017,10637.764681487835,7253.750953524642
forecast_0733,2025-01-31 13:00:00,8013.436945654017,9819.562228434641,5864.221385217209
forecast_0734,2025-01-31 14:00:00,6786.234587098563,6667.2819638516285,4472.6657120622485
forecast_0735,2025-01-31 15:00:00,5752.152139617883,5919.307740296158,3959.1098612212963
forecast_0736,2025-01-31 16:00:00,4290.250186811734,4601.227600314379,3763.0572740423477
forecast_0737,2025-01-31 17:00:00,4199.563437641298,4494.300126519917,3663.8544525646894
forecast_0738,2025-01-31 18:00:00,4899.397206183529,5244.72566208675,3704.3822811994837
forecast_0739,2025-01-31 19:00:00,6176.389254793002,6430.504197346642,4022.228185733774
forecast_0740,2025-01-31 20:00:00,7536.768640723372,7567.413497414694,5438.373748331056
forecast_0741,2025-01-31 21:00:00,7013.3171468697565,7215.147066036365,4473.687378703179
forecast_0742,2025-01-31 22:00:00,5700.955488101371,6075.151297901266,4088.6215003506895
forecast_0743,2025-01-31 23:00:00,5547.434457224251,5586.5817629608455,3918.9209013792433
forecast_0744,2025-02-01 00:00:00,4631.300323626507,5144.140936351395,3839.2805019199322
forecast_0745,2025-02-01 01:00:00,5245.478229577752,5375.950638910329,3788.631903531115
forecast_0746,2025-02-01 02:00:00,4957.834113201442,5008.184021219187,3795.38859135715
forecast_0747,2025-02-01 03:00:00,4247.0106302397535,4028.546254012247,3704.4736999755455
forecast_0748,2025-02-01 04:00:00,3858.3280081504217,3865.9540986394654,3619.150434305117
forecast_0749,2025-02-01 05:00:00,3915.761308609857,3733.262397961615,3262.1726744601083
forecast_0750,2025-02-01 06:00:00,3405.5703328871023,3547.3029567837366,2676.0825590260415
forecast_0751,2025-02-01 07:00:00,3146.895891017487,2879.7381616652096,3194.2547942218803
forecast_0752,2025-02-01 08:00:00,3628.0529413652357,3409.754656470216,1823.0229881620555
forecast_0753,2025-02-01 09:00:00,2984.1251053931123,3205.773360020968,2285.2535356327116
forecast_0754,2025-02-01 10:00:00,2987.6922702610254,3518.098369570797,2221.1286813075258
forecast_0755,2025-02-01 11:00:00,3832.872590103886,3976.560424372065,1483.5609161432612
forecast_0756,2025-02-01 12:00:00,5923.6541163434695,4386.529706949722,827.3623734601838
forecast_0757,2025-02-01 13:00:00,4012.91514271561,3865.668489881147,22.959483445714557
forecast_0758,2025-02-01 14:00:00,1242.6444035668535,2762.5809921278396,32.87558058838551
forecast_0759,2025-02-01 15:00:00,3020.351034522904,3817.1513492360737,905.6886754640243
forecast_0760,2025-02-01 16:00:00,4086.625703653577,4548.675286638375,2226.5079042365537
forecast_0761,2025-02-01 17:00:00,4383.627579410018,4395.560352038093,2215.956922991876
forecast_0762,2025-02-01 18:00:00,4588.17279965259,4386.270599417804,2203.9470765263427
forecast_0763,2025-02-01 19:00:00,4684.485470078661,4148.311714148907,3273.0899325155838
forecast_0764,2025-02-01 20:00:00,4717.214650225017,4070.800314979313,3307.257932270723
forecast_0765,2025-02-01 21:00:00,4763.237228422587,3959.794510300889,3554.1599712824122
forecast_0766,2025-02-01 22:00:00,4510.322467224498,3781.478510746157,3333.3960533213767
forecast_0767,2025-02-01 23:00:00,4546.603192830588,3884.2491193409223,3641.734629721225
forecast_0768,2025-02-02 00:00:00,5298.704968442442,3842.815455678037,4080.4694578977064
forecast_0769,2025-02-02 01:00:00,4170.621532937952,4024.2701772084397,3129.1398998922805
forecast_0770,2025-02-02 02:00:00,4179.807753261576,3913.5960929168355,3305.5873902080075
forecast_0771,2025-02-02 03:00:00,3987.2169503014534,3569.659726677422,3196.0660802040316
forecast_0772,2025-02-02 04:00:00,3903.7848585820457,3854.0514543198883,3013.483191802216
forecast_0773,2025-02-02 05:00:00,3760.3387800001656,3763.6803879865006,2884.0767298486767
forecast_0774,2025-02-02 06:00:00,3997.277675072513,4020.373489383601,1619.1659863400148
forecast_0775,2025-02-02 07:00:00,3014.38448545278,3579.2696006190517,2015.4672429634159
forecast_0776,2025-02-02 08:00:00,3540.5174006511234,3445.456606218078,2995.519663978802
forecast_0777,2025-02-02 09:00:00,3303.515662668056,2829.152088737871,2000.1704743312564
forecast_0778,2025-02-02 10:00:00,2198.702796579816,2361.335104820624,1583.1631680016096
forecast_0779,2025-02-02 11:00:00,3778.776452111652,3223.8571730313784,1283.093568965493
forecast_0780,2025-02-02 12:00:00,2351.551517186699,2679.8887388427534,1289.7736235120783
forecast_0781,2025-02-02 13:00:00,1158.1642333164205,1234.6008297734588,1315.9680440102054
forecast_0782,2025-02-02 14:00:00,2616.5880506766525,2574.4360947029645,2425.5244332243324
forecast_0783,2025-02-02 15:00:00,2937.1722605232058,2604.280097440481,3655.3437565648155
forecast_0784,2025-02-02 16:00:00,3492.1379753043107,3840.629375867858,3349.7475078230477
forecast_0785,2025-02-02 17:00:00,4214.2784306887725,4077.3747404592295,3693.2038321108535
forecast_0786,2025-02-02 18:00:00,4256.279834150807,4214.344726121975,4001.934991790881
forecast_0787,2025-02-02 19:00:00,6006.798279381414,6220.816420505477,4645.896727408714
forecast_0788,2025-02-02 20:00:00,8760.631318009826,9649.248591728654,4793.8494694656265
forecast_0789,2025-02-02 21:00:00,9814.094272705708,11788.464659140831,6302.708528537981
forecast_0790,2025-02-02 22:00:00,12446.187060691824,12019.433124224726,8053.59367872283
forecast_0791,2025-02-02 23:00:00,14486.798203821929,13864.349775247065,9912.13377677196
forecast_0792,2025-02-03 00:00:00,15116.579872772261,14772.247170996141,11092.629406746411
forecast_0793,2025-02-03 01:00:00,16363.132604174987,17433.507631865483,15064.028500887891
forecast_0794,2025-02-03 02:00:00,16302.7908357851,18043.779363057154,14663.923371794686
forecast_0795,2025-02-03 03:00:00,16176.790059955407,18445.681104361942,14835.990373701618
forecast_0796,2025-02-03 04:00:00,15857.539456850871,18017.47262419557,14910.821535334115
forecast_0797,2025-02-03 05:00:00,16110.499800267915,17742.606603874727,14377.873740049581
forecast_0798,2025-02-03 06:00:00,16298.797176685874,17807.87323740486,14465.955718024701
forecast_0799,2025-02-03 07:00:00,16295.146176036136,18247.0487150593,14710.859556313462
forecast_0800,2025-02-03 08:00:00,16537.915779708124,17612.496835887545,15002.692643397284
forecast_0801,2025-02-03 09:00:00,16207.848019249912,16910.134954259913,14599.668520982283
forecast_0802,2025-02-03 10:00:00,15602.436230385025,16965.867566876914,14183.059092103864
forecast_0803,2025-02-03 11:00:00,15303.032586417876,16815.78427268499,13554.266461443154
forecast_0804,2025-02-03 12:00:00,15087.558427779168,16112.274307308206,12831.308891620336
forecast_0805,2025-02-03 13:00:00,14911.159821097439,15741.45799000556,12497.70877770351
forecast_0806,2025-02-03 14:00:00,14458.205032251277,15557.838967144187,11608.563954925245
forecast_0807,2025-02-03 15:00:00,14300.866454702507,15587.856726682981,10697.506611829363
forecast_0808,2025-02-03 16:00:00,14097.992368671934,15666.326341291513,10911.00916073915
forecast_0809,2025-02-03 17:00:00,14322.558527329578,14218.76893697457,11842.786766820733
forecast_0810,2025-02-03 18:00:00,14330.618209927054,14425.4332277868,12345.638728172584
forecast_0811,2025-02-03 19:00:00,14617.607119886236,14940.293863303057,13241.921130210085
forecast_0812,2025-02-03 20:00:00,14892.474998442933,15324.591281911251,14180.857228672034
forecast_0813,2025-02-03 21:00:00,14811.48961761818,15433.64576489568,14731.995272396047
forecast_0814,2025-02-03 22:00:00,14943.033161307008,15911.644156369486,15188.495239561018
forecast_0815,2025-02-03 23:00:00,15002.546143445006,16234.177104840113,15393.600091059863
forecast_0816,2025-02-04 00:00:00,14904.127858891057,16438.30469550136,15452.581352072773
forecast_0817,2025-02-04 01:00:00,14788.105026363603,16313.521776366357,14106.46526033543
forecast_0818,2025-02-04 02:00:00,14641.634006077491,16199.611834833724,14187.139762346402
forecast_0819,2025-02-04 03:00:00,14551.10111479776,15639.302367562346,15072.104692425115
forecast_0820,2025-02-04 04:00:00,15001.325010793349,15373.4065079724,13706.190795741099
forecast_0821,2025-02-04 05:00:00,15442.010492378684,16301.983070680864,13987.872806426056
forecast_0822,2025-02-04 06:00:00,15690.134639757565,16555.66609635001,14313.000782591811
forecast_0823,2025-02-04 07:00:00,15560.804638473523,16571.237987306282,14283.551147022055
forecast_0824,2025-02-04 08:00:00,15462.295212810774,16470.833906417953,14073.820644006202
forecast_0825,2025-02-04 09:00:00,15365.001607326938,16269.564643992888,13787.065197540696
forecast_0826,2025-02-04 10:00:00,15679.036357424391,16354.35296522012,13813.715299032901
forecast_0827,2025-02-04 11:00:00,15629.492094344798,16530.98117968189,13954.81812276988
forecast_0828,2025-02-04 12:00:00,15656.624125428465,16389.514950359797,13430.077222271573
forecast_0829,2025-02-04 13:00:00,15173.332372419207,15323.660386309279,11926.375717010522
forecast_0830,2025-02-04 14:00:00,14986.631043784413,14646.031222448344,11246.13116260485
forecast_0831,2025-02-04 15:00:00,14459.619223488533,14243.345937668848,11087.340618542816
forecast_0832,2025-02-04 16:00:00,14573.462987026218,14587.844434233733,11160.229493262928
forecast_0833,2025-02-04 17:00:00,14710.743302269138,15271.005819552087,11521.29284231166
forecast_0834,2025-02-04 18:00:00,15233.228277252763,16618.670136498746,12905.778860966684
forecast_0835,2025-02-04 19:00:00,14981.767681464207,16702.743831157823,12924.5371549644
forecast_0836,2025-02-04 20:00:00,14841.293435181697,16624.99592194476,13300.217136831709
forecast_0837,2025-02-04 21:00:00,14471.58735486305,15785.235531228673,13810.298767017484
forecast_0838,2025-02-04 22:00:00,14293.642746601265,15789.419825825225,14967.37546483728
forecast_0839,2025-02-04 23:00:00,14751.24886305929,16547.598421337505,15333.945003245879
forecast_0840,2025-02-05 00:00:00,14492.635882470457,16951.305226405835,14931.502611537851
forecast_0841,2025-02-05 01:00:00,14306.406027601402,17638.86332787894,15849.133862938119
forecast_0842,2025-02-05 02:00:00,15416.730158715469,17612.733736978156,16354.954330191704
forecast_0843,2025-02-05 03:00:00,15520.242743007084,17763.689131818664,16441.948772831664
forecast_0844,2025-02-05 04:00:00,16036.276361619122,17551.01275769889,16119.495968139374
forecast_0845,2025-02-05 05:00:00,15922.10829518896,17400.115360310014,15735.424838393736
forecast_0846,2025-02-05 06:00:00,16003.579003064291,17818.20614584051,15369.022234049546
forecast_0847,2025-02-05 07:00:00,15778.747183782352,17666.940106150018,15118.844938157476
forecast_0848,2025-02-05 08:00:00,15600.92198249834,17491.231598882834,14401.357071574872
forecast_0849,2025-02-05 09:00:00,15525.820447224543,17348.43125013064,13748.2116197322
forecast_0850,2025-02-05 10:00:00,15923.445567416078,16841.979999995285,13048.994712625687
forecast_0851,2025-02-05 11:00:00,15572.077817977039,16518.612443114067,13439.57398181232
forecast_0852,2025-02-05 12:00:00,15684.285962006352,16722.532208749057,13644.491731037635
forecast_0853,2025-02-05 13:00:00,15523.030216655337,16969.454998877165,13883.185239326458
forecast_0854,2025-02-05 14:00:00,15835.60531327659,17076.628354587727,13523.60140121652
forecast_0855,2025-02-05 15:00:00,15598.407626568964,16984.59694662537,13783.65543043912
forecast_0856,2025-02-05 16:00:00,15468.469755812323,16932.71616268445,13824.58524016136
forecast_0857,2025-02-05 17:00:00,15107.777626728697,17028.731334548564,13782.225888430632
forecast_0858,2025-02-05 18:00:00,14346.188016556318,16678.96301461737,13487.407308212869
forecast_0859,2025-02-05 19:00:00,14017.933080955747,16466.689822573575,13275.539405871785
forecast_0860,2025-02-05 20:00:00,14110.803950573265,16015.725995090546,13992.849431927078
forecast_0861,2025-02-05 21:00:00,14341.48611435075,16016.071783897629,14585.110357931333
forecast_0862,2025-02-05 22:00:00,14412.195470061419,16253.33897539059,15599.695295721129
forecast_0863,2025-02-05 23:00:00,15204.981751728214,16697.46222094055,16147.912439551828
forecast_0864,2025-02-06 00:00:00,14797.260040385254,17859.587790015248,16282.736854776858
forecast_0865,2025-02-06 01:00:00,15437.131509027316,16952.21928686873,16272.39697293971
forecast_0866,2025-02-06 02:00:00,15790.073878525794,17106.723985763496,15813.621976873957
forecast_0867,2025-02-06 03:00:00,16489.02336748563,17413.907649631776,16231.616063722844
forecast_0868,2025-02-06 04:00:00,17111.373506039912,17544.718066481775,16784.22086176901
forecast_0869,2025-02-06 05:00:00,17022.026350091077,17473.512322748942,17113.395007930867
forecast_0870,2025-02-06 06:00:00,17626.265412803692,18137.285594058372,16646.921420693638
forecast_0871,2025-02-06 07:00:00,17012.684780414285,18279.895462861303,15996.021971530065
forecast_0872,2025-02-06 08:00:00,16263.730163588098,17432.809412619285,15356.904040548117
forecast_0873,2025-02-06 09:00:00,15374.156767557939,16421.90890840932,14773.130004277988
forecast_0874,2025-02-06 10:00:00,14584.337339835796,15442.40529523734,13674.042495458332
forecast_0875,2025-02-06 11:00:00,14438.1543828411,14790.390517662223,12375.814089796924
forecast_0876,2025-02-06 12:00:00,14212.316274695007,15084.872141447575,11449.215357667757
forecast_0877,2025-02-06 13:00:00,13842.45733823596,14031.16436561419,11591.516495290552
forecast_0878,2025-02-06 14:00:00,13625.597112249325,13017.943265719457,12206.240094595105
forecast_0879,2025-02-06 15:00:00,13263.273599190976,12471.36632029659,12720.621800371282
forecast_0880,2025-02-06 16:00:00,13085.112560210295,12505.686521637965,13190.72033445314
forecast_0881,2025-02-06 17:00:00,13352.475398355393,13332.60475919206,13532.654000822515
forecast_0882,2025-02-06 18:00:00,13857.72079906136,14416.842639185297,14037.511969992565
forecast_0883,2025-02-06 19:00:00,14383.952621890325,13889.436260673967,13919.77949348304
forecast_0884,2025-02-06 20:00:00,14508.074747940009,14131.72236684463,13976.153200941055
forecast_0885,2025-02-06 21:00:00,14381.53184625658,13960.488156587402,12794.824488565275
forecast_0886,2025-02-06 22:00:00,14176.845208614197,14209.640006602065,12392.088662757544
forecast_0887,2025-02-06 23:00:00,13482.917801241818,14273.362909772433,11519.137352127658
forecast_0888,2025-02-07 00:00:00,13259.961515632986,13884.751226679626,11525.923408908968
forecast_0889,2025-02-07 01:00:00,7976.743070963013,8583.300118215835,6723.650795456625
forecast_0890,2025-02-07 02:00:00,7738.618806206792,8043.034681480715,6280.842077401732
forecast_0891,2025-02-07 03:00:00,7824.78050229864,8257.49454370477,6161.22324418602
forecast_0892,2025-02-07 04:00:00,8081.527468889529,9073.94607130982,6587.009476321744
forecast_0893,2025-02-07 05:00:00,8516.95982953975,9399.303197163015,7154.1173151173925
forecast_0894,2025-02-07 06:00:00,7968.919932071693,8970.903977272237,6460.548333957695
forecast_0895,2025-02-07 07:00:00,6607.398824030899,7723.453467938475,5338.662551573695
forecast_0896,2025-02-07 08:00:00,6000.982589480578,6765.539656694039,4992.442489388053
forecast_0897,2025-02-07 09:00:00,6681.812203663754,6712.512858173027,6097.339587101701
forecast_0898,2025-02-07 10:00:00,9980.50023553448,9491.018832791324,8155.591291849396
forecast_0899,2025-02-07 11:00:00,12161.741033691545,12182.957235030211,9931.534048308975
forecast_0900,2025-02-07 12:00:00,13536.211146124195,14652.013984074263,11570.564244589883
forecast_0901,2025-02-07 13:00:00,14526.29532216628,15080.774299322533,12350.628932909614
forecast_0902,2025-02-07 14:00:00,14736.372151513602,15246.565114764531,12547.918289083782
forecast_0903,2025-02-07 15:00:00,14939.549800553492,15292.590307181397,12444.708233324292
forecast_0904,2025-02-07 16:00:00,14727.625068972122,15364.225602573539,11749.481512043969
forecast_0905,2025-02-07 17:00:00,14211.385295727481,15473.798228055197,11078.565208594124
forecast_0906,2025-02-07 18:00:00,14095.010156255901,14536.287520018399,10449.041359625176
forecast_0907,2025-02-07 19:00:00,14416.860452961886,15140.463033077143,10897.628413562363
forecast_0908,2025-02-07 20:00:00,15841.474304094047,16473.71218526083,12567.055161715343
forecast_0909,2025-02-07 21:00:00,16652.0539496377,17327.25812092168,14144.14009147125
forecast_0910,2025-02-07 22:00:00,16918.117724423362,17674.094411206715,15277.527309190657
forecast_0911,2025-02-07 23:00:00,17494.278084209844,18595.36346578833,16552.48211127003
forecast_0912,2025-02-08 00:00:00,18121.565981743104,19753.10230658894,16790.527847630947
forecast_0913,2025-02-08 01:00:00,19666.869658499774,19897.622974251477,17385.7343756629
forecast_0914,2025-02-08 02:00:00,19793.345754967595,20010.972472103003,17667.244739478436
forecast_0915,2025-02-08 03:00:00,20091.884148288445,20080.739615003746,18160.29976242039
forecast_0916,2025-02-08 04:00:00,20285.448905326295,20322.605989561223,19068.5124626189
forecast_0917,2025-02-08 05:00:00,20287.376405068495,20197.46033095809,19241.62020764548
forecast_0918,2025-02-08 06:00:00,20030.087653973515,20286.982924138512,19291.82097938127
forecast_0919,2025-02-08 07:00:00,20329.093454992857,20322.697510373884,17483.08783534932
forecast_0920,2025-02-08 08:00:00,19791.885767551837,19940.032735964203,16803.4553712227
forecast_0921,2025-02-08 09:00:00,17963.544517258393,17854.36634546035,15377.131841422559
forecast_0922,2025-02-08 10:00:00,15694.569134030287,15883.446326278825,13011.635773292219
forecast_0923,2025-02-08 11:00:00,13179.550941552974,13350.605068882105,10244.316883672152
forecast_0924,2025-02-08 12:00:00,9626.130314751741,9900.352509511535,8000.637224245444
forecast_0925,2025-02-08 13:00:00,7014.709349701562,7060.87223356354,5246.6993432205745
forecast_0926,2025-02-08 14:00:00,5164.571209037281,5235.656613409096,3966.621912645231
forecast_0927,2025-02-08 15:00:00,4363.557095476456,4403.173048913647,3677.7632713057806
forecast_0928,2025-02-08 16:00:00,5045.263223389204,5127.3707099911,3850.581160946732
forecast_0929,2025-02-08 17:00:00,7363.2310632253975,7458.728969184877,5369.085822244559
forecast_0930,2025-02-08 18:00:00,9922.892588379535,9901.772828252806,7278.470787867525
forecast_0931,2025-02-08 19:00:00,12382.300137627268,12309.259227836708,8175.170954399839
forecast_0932,2025-02-08 20:00:00,13817.188134775048,13688.482822134627,10275.154356292678
forecast_0933,2025-02-08 21:00:00,16157.491787583936,15949.295976065392,12283.903969687228
forecast_0934,2025-02-08 22:00:00,18406.740528471426,18006.644881381744,14560.678642063382
forecast_0935,2025-02-08 23:00:00,19883.27417053306,18968.711607983565,16316.601933528898
forecast_0936,2025-02-09 00:00:00,20010.365700178787,19538.873037031037,16790.91736867532
forecast_0937,2025-02-09 01:00:00,19368.895324943627,18297.334551448163,13646.216625717074
forecast_0938,2025-02-09 02:00:00,19789.506869015444,18329.55090706963,14071.495799979662
forecast_0939,2025-02-09 03:00:00,19950.54721730825,18921.763416544716,16589.0834270313
forecast_0940,2025-02-09 04:00:00,20201.816401616357,19727.17359891423,17349.841142752895
forecast_0941,2025-02-09 05:00:00,20255.618342123325,19630.664458852858,17661.87901301607
forecast_0942,2025-02-09 06:00:00,20314.198502873813,19879.40756432609,17623.058990168796
forecast_0943,2025-02-09 07:00:00,20317.186170825116,19879.995698850096,17257.426145843405
forecast_0944,2025-02-09 08:00:00,20097.708342189282,19888.583706035166,15851.912797530164
forecast_0945,2025-02-09 09:00:00,19887.585900287966,18692.663069289338,14958.658714923078
forecast_0946,2025-02-09 10:00:00,17545.99121834006,17313.95726194682,13224.578088415668
forecast_0947,2025-02-09 11:00:00,14851.649361276735,15853.672353261732,12027.325190042557
forecast_0948,2025-02-09 12:00:00,12529.69477368406,12940.119589490412,10558.693134309226
forecast_0949,2025-02-09 13:00:00,10598.861752684965,11262.875926105517,9567.226513164263
forecast_0950,2025-02-09 14:00:00,9988.383623913202,9433.428945245829,8677.089844522596
forecast_0951,2025-02-09 15:00:00,10695.606457743823,11161.409618789572,9313.088808396098
forecast_0952,2025-02-09 16:00:00,11992.691951159672,12530.388380583094,10635.09010558885
forecast_0953,2025-02-09 17:00:00,13710.209941191993,14478.560376242871,12074.494149263697
forecast_0954,2025-02-09 18:00:00,14883.650591899448,15892.587947496522,13762.539564588553
forecast_0955,2025-02-09 19:00:00,15997.953541399022,16941.521604035697,14502.430949201847
forecast_0956,2025-02-09 20:00:00,17024.52441999233,17824.579203135883,14825.893198101627
forecast_0957,2025-02-09 21:00:00,17505.419333998325,17806.291539082606,14630.865716232369
forecast_0958,2025-02-09 22:00:00,17868.08731424688,17801.59852782163,14493.065127252397
forecast_0959,2025-02-09 23:00:00,17770.755738045453,18176.222006130516,14692.267949820332
forecast_0960,2025-02-10 00:00:00,18186.840905647085,18405.571328593862,15093.639276097376
forecast_0961,2025-02-10 01:00:00,18009.706363639754,18805.191496834126,15102.996663505319
forecast_0962,2025-02-10 02:00:00,18034.252478821614,18898.41079765245,15287.681769598948
forecast_0963,2025-02-10 03:00:00,18426.15793382245,19263.996953783964,15893.932089007563
forecast_0964,2025-02-10 04:00:00,18899.88933292032,19893.13888166897,17066.305664951007
forecast_0965,2025-02-10 05:00:00,19876.589897881277,20031.147391409533,18303.63859829995
forecast_0966,2025-02-10 06:00:00,19909.33137578146,19905.825787873146,18978.853939711196
forecast_0967,2025-02-10 07:00:00,19899.495431484214,19892.205664524383,18306.487677210578
forecast_0968,2025-02-10 08:00:00,19166.205381349137,19896.98666573034,17436.34185343044
forecast_0969,2025-02-10 09:00:00,17478.937202187793,18436.775446466236,16424.701474985344
forecast_0970,2025-02-10 10:00:00,16103.193366956335,16770.3727306879,14628.530500311483
forecast_0971,2025-02-10 11:00:00,14707.170132288318,15504.4532470756,12457.118367111376
forecast_0972,2025-02-10 12:00:00,14018.413533995421,14878.980475198467,11284.151366857624
forecast_0973,2025-02-10 13:00:00,13317.62481465372,14240.975758067392,10622.813820756628
forecast_0974,2025-02-10 14:00:00,12990.860968518931,12870.723761001578,10251.859603514906
forecast_0975,2025-02-10 15:00:00,12868.139604708756,12719.520725005272,9836.800992407101
forecast_0976,2025-02-10 16:00:00,12619.61090570292,12776.90524343035,10230.930910304043
forecast_0977,2025-02-10 17:00:00,12123.081386650938,12554.26608459662,10221.79480331455
forecast_0978,2025-02-10 18:00:00,12289.038863248374,12641.586336210737,10112.988004006675
forecast_0979,2025-02-10 19:00:00,11892.358109501016,12754.134893372078,9731.273659194849
forecast_0980,2025-02-10 20:00:00,10750.238797309321,11595.65738628298,9047.251015951326
forecast_0981,2025-02-10 21:00:00,10148.60176081937,10685.497273863413,8246.109777758747
forecast_0982,2025-02-10 22:00:00,8607.076668318656,9938.873670029878,7468.4424555402165
forecast_0983,2025-02-10 23:00:00,9221.572229859225,9897.642749510513,7827.948766557611
forecast_0984,2025-02-11 00:00:00,9676.733303949854,10486.036755267074,7907.810694684379
forecast_0985,2025-02-11 01:00:00,10900.266599512192,11406.392923565088,9103.75849275206
forecast_0986,2025-02-11 02:00:00,11327.24466717322,11922.127166278886,9531.956776177843
forecast_0987,2025-02-11 03:00:00,11726.56191109852,12490.44463424784,9989.744634835446
forecast_0988,2025-02-11 04:00:00,11081.376366936314,12468.79542012782,9448.092239124326
forecast_0989,2025-02-11 05:00:00,11082.714429620852,10967.945167331753,8957.829545789567
forecast_0990,2025-02-11 06:00:00,10100.162295616525,9929.55610179214,8053.680260527766
forecast_0991,2025-02-11 07:00:00,9402.24371717709,9034.20222523718,7504.078442716599
forecast_0992,2025-02-11 08:00:00,8449.325641668174,8323.996664568365,6629.672626660185
forecast_0993,2025-02-11 09:00:00,7730.056886977274,7506.230152783317,5850.871269329701
forecast_0994,2025-02-11 10:00:00,6289.38394669247,5581.033386272524,4378.353987201129
forecast_0995,2025-02-11 11:00:00,4556.475189282137,4538.458749040489,3765.3834503790786
forecast_0996,2025-02-11 12:00:00,3931.8477597321707,4012.9438318348048,3964.5082225463952
forecast_0997,2025-02-11 13:00:00,5290.798551703955,4906.256979556966,4108.491644613389
forecast_0998,2025-02-11 14:00:00,5346.677809738891,5372.854893585541,3817.6718572428563
forecast_0999,2025-02-11 15:00:00,4133.857665937004,4031.0744339142916,3695.099876289417
forecast_1000,2025-02-11 16:00:00,4127.667933739288,4274.241683294295,3595.1093764503717
forecast_1001,2025-02-11 17:00:00,3971.2067627865667,4030.298398792982,3583.5431254845116
forecast_1002,2025-02-11 18:00:00,5839.366312953893,5216.535804881037,4043.362616761659
forecast_1003,2025-02-11 19:00:00,8857.453025112452,8674.273002642869,5525.166013219538
forecast_1004,2025-02-11 20:00:00,10947.493382452016,11081.921212045843,7816.539936807729
forecast_1005,2025-02-11 21:00:00,12345.588704858343,13008.491193275411,9015.870555229927
forecast_1006,2025-02-11 22:00:00,13985.56592776959,14799.7803308327,10965.853357350292
forecast_1007,2025-02-11 23:00:00,17808.70055104127,17425.819231740785,13067.139676749295
forecast_1008,2025-02-12 00:00:00,18307.164218515914,18276.16253417168,15109.613243421309
forecast_1009,2025-02-12 01:00:00,18012.944242322603,18307.78039692099,12560.205240107223
forecast_1010,2025-02-12 02:00:00,18425.302351124978,18538.70753877664,13463.66666878488
forecast_1011,2025-02-12 03:00:00,18099.396187907914,18409.283439533825,14208.450480921803
forecast_1012,2025-02-12 04:00:00,17202.414911596632,18169.809535618988,14517.597512235961
forecast_1013,2025-02-12 05:00:00,14643.077346002192,16289.52743572652,13332.649466025498
forecast_1014,2025-02-12 06:00:00,12495.053997544064,14490.9631244238,11218.644702931246
forecast_1015,2025-02-12 07:00:00,10706.354184950269,13049.651739997274,8414.947069863065
forecast_1016,2025-02-12 08:00:00,8997.506007409957,10305.356554593454,6036.315325832407
forecast_1017,2025-02-12 09:00:00,8809.735422820992,9810.333641065568,5600.784780546207
forecast_1018,2025-02-12 10:00:00,8971.919251812715,10622.20961032761,7453.102242636387
forecast_1019,2025-02-12 11:00:00,10296.19445333742,11706.158598060689,8442.593609514359
forecast_1020,2025-02-12 12:00:00,12702.3965956375,13799.221482652478,11477.292432511718
forecast_1021,2025-02-12 13:00:00,14246.264021954288,15185.354607774543,12455.258787440447
forecast_1022,2025-02-12 14:00:00,16459.283517492117,17145.68210047204,14754.024443792096
forecast_1023,2025-02-12 15:00:00,18355.523104190983,18703.116230834643,16815.42893232625
forecast_1024,2025-02-12 16:00:00,18804.025493232468,19258.500316604077,17139.012165940007
forecast_1025,2025-02-12 17:00:00,18559.940409553834,19226.883367807695,18067.834200017667
forecast_1026,2025-02-12 18:00:00,18174.607643385236,18845.792891477387,16630.089475597993
forecast_1027,2025-02-12 19:00:00,17823.916480972068,18333.58994632434,15796.05240249657
forecast_1028,2025-02-12 20:00:00,17368.949521655242,18023.382119690967,15790.980824079676
forecast_1029,2025-02-12 21:00:00,17374.991975438264,17657.198259321394,16016.180876920806
forecast_1030,2025-02-12 22:00:00,17009.053865766346,17056.116561987983,15531.096248581327
forecast_1031,2025-02-12 23:00:00,16712.49842192351,16969.605228004122,15204.532615987775
forecast_1032,2025-02-13 00:00:00,16311.733126982239,16595.625894793968,14819.179347242218
forecast_1033,2025-02-13 01:00:00,13670.012785942303,13848.545596018248,12181.178934983685
forecast_1034,2025-02-13 02:00:00,13564.102360301942,14186.12239872767,12067.526901577647
forecast_1035,2025-02-13 03:00:00,13735.63451799351,14532.663771613066,11891.251283084033
forecast_1036,2025-02-13 04:00:00,13752.694717217279,15401.633017708513,10994.214726805212
forecast_1037,2025-02-13 05:00:00,14277.650781613447,16701.592252016526,11855.210845846905
forecast_1038,2025-02-13 06:00:00,14920.858599427756,16209.292297689146,12897.061601978274
forecast_1039,2025-02-13 07:00:00,16098.7349932822,17013.594169367676,14085.712157918322
forecast_1040,2025-02-13 08:00:00,16800.609122339334,17258.841828960263,15700.849804287842
forecast_1041,2025-02-13 09:00:00,16846.094306235103,17582.89758624712,14947.872602444815
forecast_1042,2025-02-13 10:00:00,16176.303593459339,17217.46154139861,13622.59156262539
forecast_1043,2025-02-13 11:00:00,15151.150216217991,16686.416254504707,12521.644386274585
forecast_1044,2025-02-13 12:00:00,14791.61299717026,16630.318521083238,11539.945299256411
forecast_1045,2025-02-13 13:00:00,14450.469207497319,15405.582421761552,11388.956552584295
forecast_1046,2025-02-13 14:00:00,14514.93750997417,15608.74657561267,11754.77402903342
forecast_1047,2025-02-13 15:00:00,14484.26582418796,15816.738497202019,12216.481745277304
forecast_1048,2025-02-13 16:00:00,14934.273317405206,16973.219384029017,12992.138635890926
forecast_1049,2025-02-13 17:00:00,16072.889168442716,18065.404857403097,14978.969346393254
forecast_1050,2025-02-13 18:00:00,17281.231259813365,18507.72355194386,16897.395131640555
forecast_1051,2025-02-13 19:00:00,18229.503951998075,18982.989428653305,18076.084047023316
forecast_1052,2025-02-13 20:00:00,18736.74027443754,19260.77355454773,18831.551124030153
forecast_1053,2025-02-13 21:00:00,18884.033543368296,19415.550164333898,18970.833996535224
forecast_1054,2025-02-13 22:00:00,19295.585321638267,19628.11302584361,19225.32525765098
forecast_1055,2025-02-13 23:00:00,19839.936349880336,19663.88837955614,19065.903196008232
forecast_1056,2025-02-14 00:00:00,19704.249023024367,19621.24261564035,19155.874922038616
forecast_1057,2025-02-14 01:00:00,19707.868189270543,19900.387243803376,19329.36378385238
forecast_1058,2025-02-14 02:00:00,19634.688798076208,19755.11499456404,19345.773168406682
forecast_1059,2025-02-14 03:00:00,19401.322641059975,19733.420225005953,19295.261906232186
forecast_1060,2025-02-14 04:00:00,19536.59920255437,19771.557400057347,19227.57870826011
forecast_1061,2025-02-14 05:00:00,19916.876041239193,19881.42774613103,18896.06414539156
forecast_1062,2025-02-14 06:00:00,19903.125127604217,19916.387769309556,19287.263890893435
forecast_1063,2025-02-14 07:00:00,20140.757847882793,19957.83919544013,19324.190060830082
forecast_1064,2025-02-14 08:00:00,19888.988947002075,19897.561162809427,18413.69236363005
forecast_1065,2025-02-14 09:00:00,18272.527342249527,18497.727748623394,15728.329548198248
forecast_1066,2025-02-14 10:00:00,14855.594790954663,15733.62700527917,13185.285193451005
forecast_1067,2025-02-14 11:00:00,11878.490659289935,12847.497430529413,10720.63405737774
forecast_1068,2025-02-14 12:00:00,10400.364338205867,10941.27997938199,9045.264783945044
forecast_1069,2025-02-14 13:00:00,9651.628161667019,9721.076675196184,8523.993402659451
forecast_1070,2025-02-14 14:00:00,9424.466451616756,9493.65749181089,8281.53169912714
forecast_1071,2025-02-14 15:00:00,9278.675990352915,9295.149020596202,8200.492128307245
forecast_1072,2025-02-14 16:00:00,9632.513781918991,9699.619463906563,8697.726640821118
forecast_1073,2025-02-14 17:00:00,10357.5981659278,11140.72495831975,9392.454247181728
forecast_1074,2025-02-14 18:00:00,11628.102713118604,12238.505584505267,11063.09551479071
forecast_1075,2025-02-14 19:00:00,13858.3594589569,14548.84958697274,12218.512192258553
forecast_1076,2025-02-14 20:00:00,15312.94506737285,16743.444678153217,13249.801235833458
forecast_1077,2025-02-14 21:00:00,17000.116300009555,17785.2060932485,12461.183716498688
forecast_1078,2025-02-14 22:00:00,16889.233873607063,17711.36976472975,12381.623468333042
forecast_1079,2025-02-14 23:00:00,16768.3017921536,17606.276353309102,13147.317433542834
forecast_1080,2025-02-15 00:00:00,16807.583028410958,16943.918060793076,13320.70666958704
forecast_1081,2025-02-15 01:00:00,17845.15004553266,16986.516783294508,12135.34010834918
forecast_1082,2025-02-15 02:00:00,17853.01434359618,17221.109342847434,12374.491331812458
forecast_1083,2025-02-15 03:00:00,18253.669730323534,17295.591053129738,12119.134874372405
forecast_1084,2025-02-15 04:00:00,18623.355033120934,17375.55875053311,11745.01711357371
forecast_1085,2025-02-15 05:00:00,18782.856164205947,17120.141498495064,11519.36192689288
forecast_1086,2025-02-15 06:00:00,18484.897688183126,16842.38391069077,11659.506233310218
forecast_1087,2025-02-15 07:00:00,18013.876104831757,16951.465521782793,11413.145447531762
forecast_1088,2025-02-15 08:00:00,16785.571988651795,16301.49613883586,10643.65228198827
forecast_1089,2025-02-15 09:00:00,15985.163852129568,16040.756148200491,10756.956049507917
forecast_1090,2025-02-15 10:00:00,13784.214563576757,14227.119880308572,9255.087316765332
forecast_1091,2025-02-15 11:00:00,12158.06605961718,12767.321412297677,8950.064244735522
forecast_1092,2025-02-15 12:00:00,10662.608430447372,11112.309908287763,8758.810306109155
forecast_1093,2025-02-15 13:00:00,11251.625719098181,11429.283246012492,10166.49594549881
forecast_1094,2025-02-15 14:00:00,11567.59954196652,12614.200194612798,11025.019045469759
forecast_1095,2025-02-15 15:00:00,12559.061762198196,13488.128124411578,11798.228394173144
forecast_1096,2025-02-15 16:00:00,13566.479929094095,13944.519879317593,12092.414177014776
forecast_1097,2025-02-15 17:00:00,14245.548186519467,14795.116668886662,12856.889394127686
forecast_1098,2025-02-15 18:00:00,15300.451254895712,15927.027087007296,14457.89996174396
forecast_1099,2025-02-15 19:00:00,16835.59708956811,17597.97924815281,15584.279870953182
forecast_1100,2025-02-15 20:00:00,18963.177830897705,19797.9282163886,16528.948991261732
forecast_1101,2025-02-15 21:00:00,19827.106366070628,19880.053764274468,16869.751175904054
forecast_1102,2025-02-15 22:00:00,19834.15753381541,19887.455002303544,16810.54426826004
forecast_1103,2025-02-15 23:00:00,19829.591499978236,19882.4888354834,17968.91894462134
forecast_1104,2025-02-16 00:00:00,19685.802600256637,19887.033338039124,18031.696772030693
forecast_1105,2025-02-16 01:00:00,19891.299290272353,19904.925384303122,17775.84521840424
forecast_1106,2025-02-16 02:00:00,19899.27188553778,19906.463860146203,17070.7634041991
forecast_1107,2025-02-16 03:00:00,19397.00555770268,19346.176490444628,14785.848500570082
forecast_1108,2025-02-16 04:00:00,18556.170919299246,18597.157664590908,14069.034448460176
forecast_1109,2025-02-16 05:00:00,18097.303445591926,18301.39405589458,13308.622101058381
forecast_1110,2025-02-16 06:00:00,17508.2358226086,17809.336252522397,11766.400980513417
forecast_1111,2025-02-16 07:00:00,17249.284424223602,17386.352091264656,11676.615384155835
forecast_1112,2025-02-16 08:00:00,16925.00779280905,17286.042426198455,10953.71859812039
forecast_1113,2025-02-16 09:00:00,16352.477409192163,16539.274124187625,11039.83579634187
forecast_1114,2025-02-16 10:00:00,14797.974700573659,15034.41219608745,10204.1269288569
forecast_1115,2025-02-16 11:00:00,12917.535135348382,12668.586021760302,9155.465639632974
forecast_1116,2025-02-16 12:00:00,11422.96956406285,11494.404988673881,8580.054036286523
forecast_1117,2025-02-16 13:00:00,11855.740502736508,11734.043166408237,9065.302696560735
forecast_1118,2025-02-16 14:00:00,14029.261159214802,13577.192433406999,11058.913697066668
forecast_1119,2025-02-16 15:00:00,15060.357213567968,15140.914030826176,12701.21948794014
forecast_1120,2025-02-16 16:00:00,16161.738311401983,16136.031006260151,14458.89205953261
forecast_1121,2025-02-16 17:00:00,16612.190533396246,16760.78477374109,15480.328751454266
forecast_1122,2025-02-16 18:00:00,17031.34221413357,17179.79780212464,15871.93070658664
forecast_1123,2025-02-16 19:00:00,17231.67236771509,17409.28785019472,15956.36817309231
forecast_1124,2025-02-16 20:00:00,17326.39061989142,17605.25215122209,15454.626286138177
forecast_1125,2025-02-16 21:00:00,17391.408510496243,17916.418264302418,15280.444504794983
forecast_1126,2025-02-16 22:00:00,17264.28436397426,17754.955552429703,15248.838089612198
forecast_1127,2025-02-16 23:00:00,17217.675088200944,17709.678587687307,14971.031169033045
forecast_1128,2025-02-17 00:00:00,16576.64119576141,17583.8722550859,14637.57756611019
forecast_1129,2025-02-17 01:00:00,13447.688242428101,15409.764781822618,12007.293537065212
forecast_1130,2025-02-17 02:00:00,13554.223750341629,14928.567945119223,11949.103870696654
forecast_1131,2025-02-17 03:00:00,13343.573779923683,14501.593203708519,11935.970138014438
forecast_1132,2025-02-17 04:00:00,12711.304582337538,12830.954034252942,11105.76302730771
forecast_1133,2025-02-17 05:00:00,12169.08755012134,11554.704391211175,10578.21925195664
forecast_1134,2025-02-17 06:00:00,12077.016239114122,11802.87805089582,10117.59269679391
forecast_1135,2025-02-17 07:00:00,12484.315004132659,12372.436126380666,10218.907855274883
forecast_1136,2025-02-17 08:00:00,12830.590090722308,12548.42692760258,10812.413051171045
forecast_1137,2025-02-17 09:00:00,12984.059249666181,12168.114428664767,10677.380014708437
forecast_1138,2025-02-17 10:00:00,12684.05687438155,12522.804283364081,10531.168208780171
forecast_1139,2025-02-17 11:00:00,12578.042355756876,11686.565340763018,9086.804901557818
forecast_1140,2025-02-17 12:00:00,12485.225577449268,12134.737960623555,9371.90453681112
forecast_1141,2025-02-17 13:00:00,12584.21816448556,12406.072273743095,9520.235340336947
forecast_1142,2025-02-17 14:00:00,12881.307018622838,12486.443154655219,9776.007945559108
forecast_1143,2025-02-17 15:00:00,11977.74617775434,11360.950434292967,9150.253997650472
forecast_1144,2025-02-17 16:00:00,10721.224976672924,10919.167832266558,8235.099169041418
forecast_1145,2025-02-17 17:00:00,9149.542002351256,8295.578073172479,7753.314093879973
forecast_1146,2025-02-17 18:00:00,8508.153044476237,7699.757488057336,7392.703817190061
forecast_1147,2025-02-17 19:00:00,8199.904607481452,7838.474002411466,6746.868333487174
forecast_1148,2025-02-17 20:00:00,8655.174899172629,8624.291618749758,6459.977224561554
forecast_1149,2025-02-17 21:00:00,8265.42911129153,8996.72657912441,5830.104444955681
forecast_1150,2025-02-17 22:00:00,8141.805723748504,9532.844038152347,5045.203515307836
forecast_1151,2025-02-17 23:00:00,7316.496002179907,8473.96804922207,5878.989633939874
forecast_1152,2025-02-18 00:00:00,7418.944684501999,7782.066406631301,6013.0875597876775
forecast_1153,2025-02-18 01:00:00,10238.225093344285,11501.044493929292,7755.872896420622
forecast_1154,2025-02-18 02:00:00,10835.034683870897,11476.339432789244,8920.108137926578
forecast_1155,2025-02-18 03:00:00,10862.310736285646,12046.141591309935,10016.016410331255
forecast_1156,2025-02-18 04:00:00,11001.949746545986,12240.097580549045,9119.611392697261
forecast_1157,2025-02-18 05:00:00,12176.34144692749,13087.874165944373,9483.896890589967
forecast_1158,2025-02-18 06:00:00,13283.38324777782,13815.784368912196,9956.847033232254
forecast_1159,2025-02-18 07:00:00,13403.627092054932,14345.941087946016,10422.354062117636
forecast_1160,2025-02-18 08:00:00,12984.943090158478,13799.245278850061,10447.906478416426
forecast_1161,2025-02-18 09:00:00,12397.227778421731,12537.14496976496,9959.400757812522
forecast_1162,2025-02-18 10:00:00,11697.306146173676,11788.404146287321,9560.209262201095
forecast_1163,2025-02-18 11:00:00,11648.370143795015,11523.089524863111,9219.221931195214
forecast_1164,2025-02-18 12:00:00,12000.263523074334,11417.006903171006,9031.331568857115
forecast_1165,2025-02-18 13:00:00,12195.061383532415,11779.869356647436,8937.60328520672
forecast_1166,2025-02-18 14:00:00,12474.761524490763,11987.582439665179,8913.621742183717
forecast_1167,2025-02-18 15:00:00,12643.609476791496,12214.029291842484,9038.627190013707
forecast_1168,2025-02-18 16:00:00,13104.95903910044,12123.53684839467,9202.515302112439
forecast_1169,2025-02-18 17:00:00,12557.093275548874,12118.80756149177,9087.549780618328
forecast_1170,2025-02-18 18:00:00,13145.150091846994,12104.164617662098,9275.645744444198
forecast_1171,2025-02-18 19:00:00,11625.293574149875,11320.035951471038,9623.285240406765
forecast_1172,2025-02-18 20:00:00,11476.637611463402,11010.512944486252,9755.641639549294
forecast_1173,2025-02-18 21:00:00,10643.693909831512,11030.75873762958,9074.984263768089
forecast_1174,2025-02-18 22:00:00,10772.660327916356,12194.620937812377,8579.128396352946
forecast_1175,2025-02-18 23:00:00,10605.652894375846,13247.73238617949,7991.767554328984
forecast_1176,2025-02-19 00:00:00,11220.188501617618,12879.204808164963,8181.903158530785
forecast_1177,2025-02-19 01:00:00,12517.569826341758,13526.422134352146,9756.715190977016
forecast_1178,2025-02-19 02:00:00,13112.168401639809,13586.609566419447,9904.480878150089
forecast_1179,2025-02-19 03:00:00,14518.470030788634,14739.237810553113,10244.54787005147
forecast_1180,2025-02-19 04:00:00,14984.489480415396,15153.91221046901,10434.338475160592
forecast_1181,2025-02-19 05:00:00,15115.813041693358,15460.227244675418,10784.427307354134
forecast_1182,2025-02-19 06:00:00,15301.354414555495,16083.737061776632,10912.385586798498
forecast_1183,2025-02-19 07:00:00,15408.987121228123,15927.584342294054,10980.759868239487
forecast_1184,2025-02-19 08:00:00,14933.421777171938,15411.490232377688,10329.806334383531
forecast_1185,2025-02-19 09:00:00,13028.842707042953,13354.69221815609,9245.981482448606
forecast_1186,2025-02-19 10:00:00,10450.150550115852,10649.423985430018,8020.0251662322535
forecast_1187,2025-02-19 11:00:00,7920.0431631316915,8175.92947080867,6440.945173728404
forecast_1188,2025-02-19 12:00:00,6091.109357828597,6487.097620241148,4753.997246519995
forecast_1189,2025-02-19 13:00:00,5270.874382542245,5356.040094571046,4560.523017656438
forecast_1190,2025-02-19 14:00:00,4882.088074939806,5009.660587782514,4410.229819526258
forecast_1191,2025-02-19 15:00:00,5360.282233744362,5191.614254307239,4284.927949083401
forecast_1192,2025-02-19 16:00:00,5515.849697202523,5318.504940696449,4394.217729885848
forecast_1193,2025-02-19 17:00:00,5498.4579514380275,5637.795158589457,4881.033581636138
forecast_1194,2025-02-19 18:00:00,5763.766542091059,5825.162043423209,4916.54903094233
forecast_1195,2025-02-19 19:00:00,6099.218146419999,6183.890624019289,5265.206817515569
forecast_1196,2025-02-19 20:00:00,7017.8354317002995,8078.639682283882,5669.773887154731
forecast_1197,2025-02-19 21:00:00,7627.205269856912,8095.370138547099,5895.207730338117
forecast_1198,2025-02-19 22:00:00,8502.538278182412,8956.021749291724,6623.080878773142
forecast_1199,2025-02-19 23:00:00,9102.148430868932,9818.749991963587,6977.88528730762
forecast_1200,2025-02-20 00:00:00,9861.575326672366,11007.834989802948,7258.224589791895
forecast_1201,2025-02-20 01:00:00,8268.63784808108,9054.226437390394,6322.857982186471
forecast_1202,2025-02-20 02:00:00,8898.61839928224,9393.318945870657,6446.948208250648
forecast_1203,2025-02-20 03:00:00,10108.46641159142,10104.158552938303,6994.57832891471
forecast_1204,2025-02-20 04:00:00,10391.651201926494,10472.361617864826,7240.971239329981
forecast_1205,2025-02-20 05:00:00,10729.712933844658,10774.643905503703,7508.980968067745
forecast_1206,2025-02-20 06:00:00,11192.598869882027,11640.733354759124,8113.378967451721
forecast_1207,2025-02-20 07:00:00,11997.583297741197,12603.932286356225,8858.574731889368
forecast_1208,2025-02-20 08:00:00,12665.07184496755,12908.788334745326,9759.869036213006
forecast_1209,2025-02-20 09:00:00,11636.561165194766,11715.729352702292,9306.713266042507
forecast_1210,2025-02-20 10:00:00,10729.028291550994,11104.670363252751,8435.713551959478
forecast_1211,2025-02-20 11:00:00,10027.428688126569,10535.181571138814,7972.327350488311
forecast_1212,2025-02-20 12:00:00,9132.338357459235,9211.470595711928,7472.832155994635
forecast_1213,2025-02-20 13:00:00,8837.165794400273,9232.266101229558,7207.692424463482
forecast_1214,2025-02-20 14:00:00,9263.603207250782,10076.473449980871,7246.749708174599
forecast_1215,2025-02-20 15:00:00,9020.413873499934,9674.681817613946,7373.501077652921
forecast_1216,2025-02-20 16:00:00,9297.644993692336,8325.965334745933,7133.622766715043
forecast_1217,2025-02-20 17:00:00,9267.652830097046,9364.514124934694,7242.621632202886
forecast_1218,2025-02-20 18:00:00,9124.830084191104,10169.82520817669,8178.888868318788
forecast_1219,2025-02-20 19:00:00,10044.089381399639,10208.918666063642,8913.171392496413
forecast_1220,2025-02-20 20:00:00,9464.107220090817,9755.345674897595,8578.676098713206
forecast_1221,2025-02-20 21:00:00,9303.996030654558,10270.969614068626,7644.597559963497
forecast_1222,2025-02-20 22:00:00,8567.646312951598,9738.30560646616,6971.156434332338
forecast_1223,2025-02-20 23:00:00,9263.200191940634,10637.593464190326,6954.160636115848
forecast_1224,2025-02-21 00:00:00,9818.544539387005,11430.149732397165,7360.219881975048
forecast_1225,2025-02-21 01:00:00,11136.818675816408,11370.329212348552,8745.235858683891
forecast_1226,2025-02-21 02:00:00,11509.211531652107,11656.951933894485,8939.73383360576
forecast_1227,2025-02-21 03:00:00,11943.086161756586,12371.245841662592,9464.754240471837
forecast_1228,2025-02-21 04:00:00,11749.151843746626,12097.275956117668,8935.460299711174
forecast_1229,2025-02-21 05:00:00,11794.48455985913,12021.643928254876,8889.444916527314
forecast_1230,2025-02-21 06:00:00,12107.997383536273,12423.472036596902,9225.712862011498
forecast_1231,2025-02-21 07:00:00,12587.091316387023,13004.56231966832,9736.987730759078
forecast_1232,2025-02-21 08:00:00,12184.574781371599,12705.169332834352,9637.810340852837
forecast_1233,2025-02-21 09:00:00,10320.61536892252,10881.080350549588,8541.518637564626
forecast_1234,2025-02-21 10:00:00,7666.335749087816,8292.660288137444,6683.416707218774
forecast_1235,2025-02-21 11:00:00,5918.645683250492,6374.1876405740595,5645.602312554324
forecast_1236,2025-02-21 12:00:00,4576.641455422138,4564.770631600224,4187.9273077315
forecast_1237,2025-02-21 13:00:00,4784.054605581931,4629.14391881085,3848.0979621012766
forecast_1238,2025-02-21 14:00:00,5418.872952516688,5275.045768600733,4960.451020548048
forecast_1239,2025-02-21 15:00:00,5679.231058527076,5705.878453810712,5194.378240876534
forecast_1240,2025-02-21 16:00:00,6073.421010750475,5745.9616848773585,5588.466595585371
forecast_1241,2025-02-21 17:00:00,6772.527825498188,6641.48162180527,6193.169561920819
forecast_1242,2025-02-21 18:00:00,8559.028990063838,8265.24207268291,7405.564847085533
forecast_1243,2025-02-21 19:00:00,9927.014458167665,9809.228646386717,8395.52871933569
forecast_1244,2025-02-21 20:00:00,11031.76973993971,11076.276181251793,9263.538147954321
forecast_1245,2025-02-21 21:00:00,11120.073419637849,11594.52697849238,9405.092634341609
forecast_1246,2025-02-21 22:00:00,11161.278650875329,12087.683455077897,9923.728393522888
forecast_1247,2025-02-21 23:00:00,10824.24110704407,11556.880247737576,9902.944498910965
forecast_1248,2025-02-22 00:00:00,10788.137383510117,11513.730125553673,9831.905180445681
forecast_1249,2025-02-22 01:00:00,13865.746597535002,13694.923914663772,12591.492437362454
forecast_1250,2025-02-22 02:00:00,13860.223085717396,13994.152581661667,13065.134598392704
forecast_1251,2025-02-22 03:00:00,14040.48522107972,14553.529988454646,13329.579715062227
forecast_1252,2025-02-22 04:00:00,14075.491560145158,14017.232658060082,12663.329326891802
forecast_1253,2025-02-22 05:00:00,13548.653229001882,13681.714084447953,11374.854354786034
forecast_1254,2025-02-22 06:00:00,12775.355637903076,13656.794139457197,10431.515705150448
forecast_1255,2025-02-22 07:00:00,13321.62113134107,14091.785576616372,10437.311303440882
forecast_1256,2025-02-22 08:00:00,12678.531280325811,13961.694436759299,9500.326733376472
forecast_1257,2025-02-22 09:00:00,9776.718893371151,10307.124960438856,7152.598346959203
forecast_1258,2025-02-22 10:00:00,6413.298198651497,6844.738214910477,4734.301454380994
forecast_1259,2025-02-22 11:00:00,4388.886135265272,4697.926453418762,3813.8571919257533
forecast_1260,2025-02-22 12:00:00,4478.681975199482,4491.913523666152,3817.8083292486363
forecast_1261,2025-02-22 13:00:00,5141.302227786762,4966.514978789907,3873.9506360051023
forecast_1262,2025-02-22 14:00:00,6121.155656726927,5914.481429819458,4685.215499394594
forecast_1263,2025-02-22 15:00:00,6524.729211490601,6422.713467919686,5127.378017413135
forecast_1264,2025-02-22 16:00:00,6938.824462994428,6703.823974597429,5750.685247098611
forecast_1265,2025-02-22 17:00:00,8201.98887278613,8020.223560508354,6565.013149045115
forecast_1266,2025-02-22 18:00:00,9549.306561750625,10043.390636160888,8291.9116818533
forecast_1267,2025-02-22 19:00:00,11101.212103706353,11616.298964374984,10118.828479318909
forecast_1268,2025-02-22 20:00:00,12454.021734751625,13640.700674764263,11797.080693737174
forecast_1269,2025-02-22 21:00:00,13954.981575004664,15944.807609380858,12850.825354590339
forecast_1270,2025-02-22 22:00:00,14857.328844131842,16923.9229539506,14718.91457322219
forecast_1271,2025-02-22 23:00:00,16163.998997948125,17532.340325051464,15478.429151384153
forecast_1272,2025-02-23 00:00:00,16551.899611002045,18211.087205914322,16332.53380837241
forecast_1273,2025-02-23 01:00:00,16959.03459256308,18437.389671728586,15377.056158832334
forecast_1274,2025-02-23 02:00:00,17302.966741514105,18684.566128169387,16256.10527245093
forecast_1275,2025-02-23 03:00:00,17490.71962585024,19111.192551739176,16815.32069995226
forecast_1276,2025-02-23 04:00:00,17717.332584604963,19087.713211833223,17363.034690437577
forecast_1277,2025-02-23 05:00:00,17885.317781874466,18818.191609833862,16593.120649134155
forecast_1278,2025-02-23 06:00:00,17744.40674067846,18944.797702820575,16917.075310758115
forecast_1279,2025-02-23 07:00:00,18036.12203219275,19421.169711482366,17229.03715215196
forecast_1280,2025-02-23 08:00:00,18229.032850106476,19832.576625583286,17240.358564760005
forecast_1281,2025-02-23 09:00:00,17647.267472114458,18762.118827575174,16725.96227551703
forecast_1282,2025-02-23 10:00:00,16723.890931483216,17562.20202628251,15015.39829528308
forecast_1283,2025-02-23 11:00:00,15780.815465586733,16536.923175667514,13711.765657797507
forecast_1284,2025-02-23 12:00:00,14862.709001315872,15537.07037649972,12766.775192568051
forecast_1285,2025-02-23 13:00:00,14316.902972009404,14785.43059534135,12415.749334107213
forecast_1286,2025-02-23 14:00:00,14076.921692442147,14303.666770436015,12096.350550292478
forecast_1287,2025-02-23 15:00:00,14255.971924225454,14043.141007843386,12006.868147640535
forecast_1288,2025-02-23 16:00:00,13449.50326384243,14208.00782383015,11732.95278318498
forecast_1289,2025-02-23 17:00:00,12345.352717850958,12466.970690193568,11164.295691729729
forecast_1290,2025-02-23 18:00:00,11681.13181531322,11813.174777272716,10104.85965781505
forecast_1291,2025-02-23 19:00:00,10999.56392185901,11321.286286345168,9184.311290831121
forecast_1292,2025-02-23 20:00:00,10835.343094883005,11529.177437115099,9302.03679567758
forecast_1293,2025-02-23 21:00:00,11583.107338588077,12973.050209398514,10140.261877190933
forecast_1294,2025-02-23 22:00:00,13258.168902512105,14470.562017560715,10992.571146624694
forecast_1295,2025-02-23 23:00:00,15048.434469873471,15990.368819998375,12591.22865626179
forecast_1296,2025-02-24 00:00:00,15612.498727311064,16228.534925956825,12884.40563104816
forecast_1297,2025-02-24 01:00:00,17390.961813071204,17829.474362302462,12652.66538627554
forecast_1298,2025-02-24 02:00:00,17665.4928531247,17956.01768811053,13017.666141726055
forecast_1299,2025-02-24 03:00:00,18067.902120438055,18278.894240691054,13638.494340699563
forecast_1300,2025-02-24 04:00:00,18157.459844649467,18353.0569766761,13537.654710850655
forecast_1301,2025-02-24 05:00:00,17994.66917516642,18397.276216281305,13205.922848882556
forecast_1302,2025-02-24 06:00:00,17770.18701485082,17744.29793423479,12471.205622018844
forecast_1303,2025-02-24 07:00:00,17371.082761849415,17442.81249503769,12196.23594707439
forecast_1304,2025-02-24 08:00:00,16987.714673211667,16814.803598846003,11959.183148032183
forecast_1305,2025-02-24 09:00:00,15377.01641771563,14997.507939895942,11155.102864748946
forecast_1306,2025-02-24 10:00:00,13410.099024289399,13168.474344255425,9738.936048308895
forecast_1307,2025-02-24 11:00:00,10916.726713635884,10816.338460020286,7816.955498905285
forecast_1308,2025-02-24 12:00:00,9552.067476489874,9528.391635900585,6566.934054635871
forecast_1309,2025-02-24 13:00:00,8900.577345789834,7677.549589900633,5512.451688647833
forecast_1310,2025-02-24 14:00:00,9452.62500731154,8836.231282364466,5685.242044227051
forecast_1311,2025-02-24 15:00:00,9783.585259884861,10024.359361966339,6308.690329421547
forecast_1312,2025-02-24 16:00:00,10280.75437586521,10530.106155626147,8526.165248591444
forecast_1313,2025-02-24 17:00:00,11323.723091546919,11893.409453390694,10352.257662790744
forecast_1314,2025-02-24 18:00:00,13115.406039217021,13822.495503765216,11993.18565443454
forecast_1315,2025-02-24 19:00:00,15584.307946455863,17318.29388903015,14059.067665375092
forecast_1316,2025-02-24 20:00:00,18232.709494492523,18749.9770631045,17498.938197849868
forecast_1317,2025-02-24 21:00:00,19462.304910243194,19912.81084611225,18595.497807668766
forecast_1318,2025-02-24 22:00:00,19894.837988363965,19945.195537816264,19335.052971226512
forecast_1319,2025-02-24 23:00:00,20316.90683952046,20324.5124311456,19368.155168114972
forecast_1320,2025-02-25 00:00:00,20323.585144285174,20290.02534625732,19377.215740704534
forecast_1321,2025-02-25 01:00:00,20225.421076756298,20266.816649824257,19332.3191411407
forecast_1322,2025-02-25 02:00:00,20256.984787892965,20288.816966103073,19338.60666798778
forecast_1323,2025-02-25 03:00:00,20321.96733138878,20208.5922202892,19332.997303612927
forecast_1324,2025-02-25 04:00:00,20345.651422705378,20317.30967825655,19589.064598287066
forecast_1325,2025-02-25 05:00:00,20350.40650458477,20331.58514557154,19768.780285014254
forecast_1326,2025-02-25 06:00:00,20349.58579355481,20336.722825599452,19786.323486422792
forecast_1327,2025-02-25 07:00:00,20339.651360561915,20338.471220569823,19752.01028260642
forecast_1328,2025-02-25 08:00:00,20338.802030695068,20372.562088027444,19758.9430076601
forecast_1329,2025-02-25 09:00:00,20335.654617362077,20329.293244047847,19744.19668720138
forecast_1330,2025-02-25 10:00:00,20320.981981913224,20251.60108585697,19390.343929774706
forecast_1331,2025-02-25 11:00:00,20018.856185344743,20316.59912164909,19166.86472756408
forecast_1332,2025-02-25 12:00:00,17507.80660836683,18381.13340153429,15446.127609145296
forecast_1333,2025-02-25 13:00:00,15921.085805969573,17669.69886481785,14363.340506545
forecast_1334,2025-02-25 14:00:00,15592.53303207459,16208.042716487804,13952.823885282098
forecast_1335,2025-02-25 15:00:00,16674.001767807276,16721.28567675126,15187.930878920908
forecast_1336,2025-02-25 16:00:00,17355.81997703661,17585.68116123659,16141.14519252123
forecast_1337,2025-02-25 17:00:00,18282.16055221042,18516.82091696393,16818.96257118504
forecast_1338,2025-02-25 18:00:00,19054.286104526436,18817.759720726925,17826.385424328397
forecast_1339,2025-02-25 19:00:00,19410.84255279287,19133.77661669444,19236.230847224757
forecast_1340,2025-02-25 20:00:00,19694.404058715434,19255.390138467887,19328.582156663524
forecast_1341,2025-02-25 21:00:00,19890.955793440095,19366.079593853807,19335.1136885997
forecast_1342,2025-02-25 22:00:00,19494.961626188324,19256.24539696442,19329.72817743386
forecast_1343,2025-02-25 23:00:00,19248.048923039176,19344.08375414553,19317.284576035814
forecast_1344,2025-02-26 00:00:00,19125.20294687903,19260.999394941886,18467.0897161634
forecast_1345,2025-02-26 01:00:00,19860.67545071118,19271.645213964228,17986.373148883064
forecast_1346,2025-02-26 02:00:00,19127.436052736808,19027.773477123803,17830.657136150512
forecast_1347,2025-02-26 03:00:00,18628.01999538222,18890.95404426957,17593.74165597553
forecast_1348,2025-02-26 04:00:00,18750.77979789761,19314.247934816944,17718.13622986578
forecast_1349,2025-02-26 05:00:00,19052.90484151811,19184.662203367287,17808.146189142975
forecast_1350,2025-02-26 06:00:00,18431.473449329373,19260.91549034204,17807.3002215782
forecast_1351,2025-02-26 07:00:00,17817.875706219736,18678.473022151833,17360.004047546656
forecast_1352,2025-02-26 08:00:00,17031.946671956604,18469.6512831103,16629.01962326379
forecast_1353,2025-02-26 09:00:00,16180.194646230259,17521.277498004565,15075.4418581258
forecast_1354,2025-02-26 10:00:00,15144.105691900864,16358.96552834173,13427.58173646714
forecast_1355,2025-02-26 11:00:00,13877.310912067487,14573.490222955481,12054.627446360273
forecast_1356,2025-02-26 12:00:00,13322.442818708822,14405.591538051569,10730.563303630073
forecast_1357,2025-02-26 13:00:00,12967.02955799036,13861.934996318143,10381.783036611532
forecast_1358,2025-02-26 14:00:00,13741.927143794099,14319.229023897538,10526.95336090373
forecast_1359,2025-02-26 15:00:00,14292.147965260236,14697.923860846107,10715.732852203142
forecast_1360,2025-02-26 16:00:00,14521.330124124916,14889.742017322431,11524.136059307797
forecast_1361,2025-02-26 17:00:00,14044.61592430619,14600.300577193098,11488.221695489501
forecast_1362,2025-02-26 18:00:00,14154.966849777335,14935.25685130039,12421.436330835997
forecast_1363,2025-02-26 19:00:00,14916.271450560442,16360.529814022111,14268.110429134773
forecast_1364,2025-02-26 20:00:00,16356.29763452766,17674.7960552091,16228.183638258914
forecast_1365,2025-02-26 21:00:00,17657.94671246194,18759.121477330278,17434.277483563474
forecast_1366,2025-02-26 22:00:00,18413.49348125487,19127.130200321037,17681.002145090737
forecast_1367,2025-02-26 23:00:00,18573.762871277442,19206.626482787535,17718.899717698183
forecast_1368,2025-02-27 00:00:00,18575.143381762442,19293.844530485618,17779.59842397562
forecast_1369,2025-02-27 01:00:00,19732.24310982124,20003.273314308233,19329.681172927205
forecast_1370,2025-02-27 02:00:00,19889.477374753667,20015.465936537807,19335.44773492225
forecast_1371,2025-02-27 03:00:00,19888.852244494825,20099.901403952226,19464.883186411913
forecast_1372,2025-02-27 04:00:00,19889.966261244943,20082.352915242096,19362.51452303167
forecast_1373,2025-02-27 05:00:00,19778.64157413139,19926.522762800687,19349.548209354514
forecast_1374,2025-02-27 06:00:00,19623.4811630384,19929.476470571048,19339.220226532765
forecast_1375,2025-02-27 07:00:00,19313.3288274514,19330.974073184305,19048.44733693114
forecast_1376,2025-02-27 08:00:00,19890.981544806255,19365.133886134186,18261.593315877803
forecast_1377,2025-02-27 09:00:00,18787.26956785699,18661.66375073696,16693.091574562048
forecast_1378,2025-02-27 10:00:00,18330.23392479176,17701.538842172846,14867.836462376708
forecast_1379,2025-02-27 11:00:00,16012.597439193258,16141.654095470814,14112.92959377918
forecast_1380,2025-02-27 12:00:00,15385.16723895162,15486.78388150386,14182.880846538807
forecast_1381,2025-02-27 13:00:00,13414.253037927052,14618.774465295366,13066.862974220172
forecast_1382,2025-02-27 14:00:00,12009.278133776523,12528.35886171017,10668.528642173174
forecast_1383,2025-02-27 15:00:00,10343.553198400354,10332.83712956335,8173.939670238239
forecast_1384,2025-02-27 16:00:00,8499.431655481512,8964.98262831018,6620.707953787531
forecast_1385,2025-02-27 17:00:00,8706.821164722493,9330.985171980043,6713.582711975722
forecast_1386,2025-02-27 18:00:00,9783.406879188244,10278.666819331369,7666.289779040177
forecast_1387,2025-02-27 19:00:00,11133.81817373329,12363.65932769972,9641.06781416875
forecast_1388,2025-02-27 20:00:00,11933.116474438284,13685.274802844167,11780.296536858103
forecast_1389,2025-02-27 21:00:00,12679.57466563508,14679.603469896008,12443.417940440348
forecast_1390,2025-02-27 22:00:00,12997.41831579362,15442.906263193898,12542.858713140728
forecast_1391,2025-02-27 23:00:00,13863.326575968154,16086.414166138302,12750.840851390754
forecast_1392,2025-02-28 00:00:00,14528.10397058281,16579.410482362116,12988.852840496906
forecast_1393,2025-02-28 01:00:00,16379.401218260913,15786.874886423197,12722.417657383334
forecast_1394,2025-02-28 02:00:00,16398.90020180843,16200.084799012093,13979.574731766623
forecast_1395,2025-02-28 03:00:00,17827.511124129887,17841.928413518024,15159.145892937937
forecast_1396,2025-02-28 04:00:00,18515.550872841737,18516.821248345204,16214.077861532474
forecast_1397,2025-02-28 05:00:00,18594.21713311492,18940.84346885452,16621.50565950188
forecast_1398,2025-02-28 06:00:00,18779.570129677584,19395.913369387206,16991.837168584003
forecast_1399,2025-02-28 07:00:00,18841.85134561824,19395.041533842028,17556.269142811445
forecast_1400,2025-02-28 08:00:00,18967.352601970895,19812.590137423642,18251.92393203614
forecast_1401,2025-02-28 09:00:00,18454.63915817507,19058.479829325344,16897.323820544854
forecast_1402,2025-02-28 10:00:00,17448.70351724134,18615.563444739666,17316.41972025546
forecast_1403,2025-02-28 11:00:00,15886.73040313299,17203.15750910557,15924.071955035488
forecast_1404,2025-02-28 12:00:00,14517.492365947493,15929.028791808814,14658.271738778682
forecast_1405,2025-02-28 13:00:00,13577.39374697943,15041.657434988534,13581.223288393872
forecast_1406,2025-02-28 14:00:00,12765.17451444474,14345.989098548924,12641.125091574248
forecast_1407,2025-02-28 15:00:00,12786.972813730654,14139.980886220708,12651.40700969358
forecast_1408,2025-02-28 16:00:00,13662.840707635001,14888.887496593557,13044.58292448873
forecast_1409,2025-02-28 17:00:00,14547.56444037354,15809.16868537172,13831.285051677674
forecast_1410,2025-02-28 18:00:00,15883.223795844817,17183.8810572928,14303.499936454462
forecast_1411,2025-02-28 19:00:00,16828.08885008148,17449.901993131683,14174.433638735134
forecast_1412,2025-02-28 20:00:00,17280.423385292557,17160.334564442386,12758.094113215344
forecast_1413,2025-02-28 21:00:00,15701.654622172984,15658.849764649762,10321.25443027449
forecast_1414,2025-02-28 22:00:00,13212.971542180758,12997.847776763025,8287.92580003857
forecast_1415,2025-02-28 23:00:00,11146.252662193594,10928.029893212393,7007.122814215122
forecast_1416,2025-03-01 00:00:00,9704.271497635533,9784.891545825947,8056.815860163167
forecast_1417,2025-03-01 01:00:00,10595.502881550137,9784.896593468242,6495.133006789164
forecast_1418,2025-03-01 02:00:00,8847.503999450577,9139.024889475146,5689.476238624736
forecast_1419,2025-03-01 03:00:00,5989.96527869777,5664.50935535107,4126.174290010526
forecast_1420,2025-03-01 04:00:00,5122.042731098728,4702.564565985882,3823.1127642944966
forecast_1421,2025-03-01 05:00:00,4001.760878535718,3879.977113077287,3449.502414092586
forecast_1422,2025-03-01 06:00:00,4375.687562220963,4310.754168856663,3661.681292385298
forecast_1423,2025-03-01 07:00:00,4947.887028353754,5048.750880208946,3678.569711787591
forecast_1424,2025-03-01 08:00:00,4889.442332354223,4899.935679081938,3734.8246744232656
forecast_1425,2025-03-01 09:00:00,4929.752829442341,4713.661977099011,3698.1997254390003
forecast_1426,2025-03-01 10:00:00,4303.008573908819,4690.049682409567,3641.951255404922
forecast_1427,2025-03-01 11:00:00,3760.817945738743,3738.8325270431733,3370.5128827062936
forecast_1428,2025-03-01 12:00:00,4001.1690497352074,3886.717978654657,3355.0995310659005
forecast_1429,2025-03-01 13:00:00,4016.524460093569,3996.4386575700078,3805.1842976089874
forecast_1430,2025-03-01 14:00:00,5084.387931806749,5088.349177283668,4194.225459874549
forecast_1431,2025-03-01 15:00:00,5028.756181057463,4920.601390088865,3859.7247961786147
forecast_1432,2025-03-01 16:00:00,4414.828262033387,4283.243540612237,3737.8424945487395
forecast_1433,2025-03-01 17:00:00,5040.324479504375,4442.589932867896,3808.0678962542065
forecast_1434,2025-03-01 18:00:00,3735.268292190616,3610.839686320831,3719.786614369957
forecast_1435,2025-03-01 19:00:00,6406.226059364767,6055.317929103248,3817.864274884803
forecast_1436,2025-03-01 20:00:00,3933.60438096889,3964.4767770375693,3735.1734788467393
forecast_1437,2025-03-01 21:00:00,3746.0285317094035,3666.8216786373227,3862.5253945834456
forecast_1438,2025-03-01 22:00:00,3741.832943183466,3843.633601988839,3567.1638105096727
forecast_1439,2025-03-01 23:00:00,3674.900812242477,3660.634966132522,3252.4224215381864
forecast_1440,2025-03-02 00:00:00,3654.919546045029,3623.2101389855516,3377.3839100025316
forecast_1441,2025-03-02 01:00:00,4390.099159473345,4144.788968983893,3972.3494629279644
forecast_1442,2025-03-02 02:00:00,4299.745215572043,3867.361920713519,3841.266228275489
forecast_1443,2025-03-02 03:00:00,3871.356024892584,3869.7235387884543,3739.4946305899052
forecast_1444,2025-03-02 04:00:00,3975.4250989515426,3905.723877608531,3709.774544278735
forecast_1445,2025-03-02 05:00:00,3924.375090188379,3904.8532826977475,3547.6881168712557
forecast_1446,2025-03-02 06:00:00,4017.426542918387,3796.8905318760053,3474.201777716482
forecast_1447,2025-03-02 07:00:00,3746.2857852044776,3739.2827252989237,3250.9121388981216
forecast_1448,2025-03-02 08:00:00,3544.929881331821,3579.920305046495,2975.2582383650856
forecast_1449,2025-03-02 09:00:00,3511.9984894983895,3579.2348068262168,2677.9782668425496
forecast_1450,2025-03-02 10:00:00,3904.999044406718,3976.4827840592393,3675.0978730377246
forecast_1451,2025-03-02 11:00:00,3779.0413223735045,3638.8873943103245,3599.1056968104235
forecast_1452,2025-03-02 12:00:00,4836.4297048456465,5428.048473023178,3762.757108088316
forecast_1453,2025-03-02 13:00:00,4187.48385824265,5549.973240858816,3838.014967220042
forecast_1454,2025-03-02 14:00:00,3958.7858757014155,4914.480449920726,3846.94466589169
forecast_1455,2025-03-02 15:00:00,4717.283612702424,5673.189098322841,4360.090118033249
forecast_1456,2025-03-02 16:00:00,5275.66840828622,6138.117926270073,4736.0024912209465
forecast_1457,2025-03-02 17:00:00,7861.134978089505,9908.389579623841,5409.0480812033675
forecast_1458,2025-03-02 18:00:00,11733.945072226712,15051.068847911873,7184.177932824057
forecast_1459,2025-03-02 19:00:00,14867.11777793037,15329.455922105702,9159.776073012712
forecast_1460,2025-03-02 20:00:00,13065.557036280576,15971.56018715503,10669.751730489592
forecast_1461,2025-03-02 21:00:00,12177.085781378664,14215.200123025337,10178.293252730282
forecast_1462,2025-03-02 22:00:00,13049.494807085102,15807.075020876848,11701.85007057949
forecast_1463,2025-03-02 23:00:00,13328.856827181824,16047.403624125418,12041.647972905352
forecast_1464,2025-03-03 00:00:00,13543.238709049147,16129.475171432334,10735.656886605384
forecast_1465,2025-03-03 01:00:00,16130.63286516064,17690.208466394546,12668.905956641724
forecast_1466,2025-03-03 02:00:00,16454.893135239432,17268.73809542004,12285.22533334754
forecast_1467,2025-03-03 03:00:00,15984.530915496991,17008.616483194248,11408.102996639185
forecast_1468,2025-03-03 04:00:00,16082.710935365885,16797.94373274788,12023.253775535582
forecast_1469,2025-03-03 05:00:00,15294.461989644262,17086.688659073254,11914.692864608038
forecast_1470,2025-03-03 06:00:00,14457.002750029904,17308.0434037884,12679.259708347208
forecast_1471,2025-03-03 07:00:00,14678.174864530842,17541.620333459625,12888.706054887905
forecast_1472,2025-03-03 08:00:00,14487.130769424612,17908.00993432208,12995.603119940502
forecast_1473,2025-03-03 09:00:00,14050.486051988086,17495.676658354332,12980.769759120067
forecast_1474,2025-03-03 10:00:00,13906.806903583622,17413.054784460754,12609.082696067875
forecast_1475,2025-03-03 11:00:00,13786.753620418234,17102.33093365928,12582.090064669335
forecast_1476,2025-03-03 12:00:00,13637.93595667971,16850.429070231276,12327.838290965583
forecast_1477,2025-03-03 13:00:00,13743.87875118248,16803.975585777116,12572.682029942747
forecast_1478,2025-03-03 14:00:00,13697.609488071195,16705.890639278827,12741.806219545366
forecast_1479,2025-03-03 15:00:00,13498.858854448132,16901.99050834001,12740.028313558378
forecast_1480,2025-03-03 16:00:00,13844.06127491315,16940.674866568217,12617.941478390097
forecast_1481,2025-03-03 17:00:00,14021.653570351698,16670.76433608462,12702.490578485531
forecast_1482,2025-03-03 18:00:00,15647.038194986138,17146.80906605318,12577.12349535337
forecast_1483,2025-03-03 19:00:00,14308.427551778868,17432.068641867125,12241.045951187338
forecast_1484,2025-03-03 20:00:00,14705.275610690831,17176.622778594527,12525.642305878398
forecast_1485,2025-03-03 21:00:00,14430.126037459535,17334.046503821533,12574.968485132127
forecast_1486,2025-03-03 22:00:00,16187.093269511166,17760.58148875781,13236.017751711193
forecast_1487,2025-03-03 23:00:00,16176.682899522937,17817.828315864936,13306.939919999586
forecast_1488,2025-03-04 00:00:00,15861.161009240457,17727.829367061913,13615.380735388457
forecast_1489,2025-03-04 01:00:00,15416.411976177355,18242.978897840887,13232.539679718913
forecast_1490,2025-03-04 02:00:00,15746.901644500986,18308.590307180468,13247.802243662178
forecast_1491,2025-03-04 03:00:00,14522.332386166203,18221.596300546753,13506.895703874152
forecast_1492,2025-03-04 04:00:00,14059.30660894043,18163.008304904455,13269.233070508426
forecast_1493,2025-03-04 05:00:00,13368.117557251007,18107.8949939375,12770.127450827413
forecast_1494,2025-03-04 06:00:00,12934.292960169038,17867.637203227594,12242.52940785543
forecast_1495,2025-03-04 07:00:00,13120.755887378102,17457.57759303337,12386.932214964148
forecast_1496,2025-03-04 08:00:00,13226.993647022486,17476.26704791629,12323.946993190497
forecast_1497,2025-03-04 09:00:00,13462.006269444659,17462.488495109177,12380.939133089742
forecast_1498,2025-03-04 10:00:00,13758.012664934065,17709.550708537467,12218.620519295588
forecast_1499,2025-03-04 11:00:00,13963.812042638696,17820.84867377587,12330.348711494256
forecast_1500,2025-03-04 12:00:00,14128.956846845982,17947.8667864678,12242.733416508288
forecast_1501,2025-03-04 13:00:00,14615.689726017737,17585.072886012593,12487.779354034248
forecast_1502,2025-03-04 14:00:00,14559.059999311079,17377.854984809568,12708.816084219312
forecast_1503,2025-03-04 15:00:00,14426.712134194295,17154.59069419731,12442.170293198635
forecast_1504,2025-03-04 16:00:00,14177.63058761349,17470.450311292592,12823.004820604177
forecast_1505,2025-03-04 17:00:00,13921.920834131231,17340.413074457803,13375.133447455633
forecast_1506,2025-03-04 18:00:00,13409.597702946641,17310.880657158064,13598.285654790867
forecast_1507,2025-03-04 19:00:00,13975.086539968584,17011.784502397553,13576.153633670037
forecast_1508,2025-03-04 20:00:00,13566.203483625131,16912.320209716137,13388.147738203374
forecast_1509,2025-03-04 21:00:00,13580.22357418961,17025.05155680807,13709.18544370472
forecast_1510,2025-03-04 22:00:00,13399.744167009729,16680.470095808134,13795.159191868794
forecast_1511,2025-03-04 23:00:00,13214.857633161011,16069.607377663275,13032.097382928985
forecast_1512,2025-03-05 00:00:00,12814.77563932798,16173.922814615908,12677.285868711326
forecast_1513,2025-03-05 01:00:00,6643.7291398832585,7308.941096369699,5332.076566621996
forecast_1514,2025-03-05 02:00:00,6846.844515090602,7204.7690375073,4746.876097200616
forecast_1515,2025-03-05 03:00:00,5820.649112333664,6443.555448241279,4554.055915409076
forecast_1516,2025-03-05 04:00:00,5436.417182923204,6191.786047087194,4143.481611243243
forecast_1517,2025-03-05 05:00:00,5474.447289950603,4463.7364563019755,3909.7566137622102
forecast_1518,2025-03-05 06:00:00,5401.035930081097,6196.601551415477,4085.0245449891963
forecast_1519,2025-03-05 07:00:00,5906.259321209571,6614.000876964269,4056.317898910267
forecast_1520,2025-03-05 08:00:00,4880.967040533203,5839.112648572739,3802.9331189525174
forecast_1521,2025-03-05 09:00:00,4070.221597482972,4605.545973465435,3609.8470900670804
forecast_1522,2025-03-05 10:00:00,4716.445756688042,6178.542933869599,3815.7902254251067
forecast_1523,2025-03-05 11:00:00,4427.393449393377,4981.59661568453,3958.4755501913983
forecast_1524,2025-03-05 12:00:00,3990.793229867282,4408.035452590224,3823.596893150749
forecast_1525,2025-03-05 13:00:00,3810.2143708724825,4143.932711580023,3746.0617360423066
forecast_1526,2025-03-05 14:00:00,3798.332247258429,4106.240439006096,3328.445492761263
forecast_1527,2025-03-05 15:00:00,3900.892755966649,4256.974994655312,3344.499624862546
forecast_1528,2025-03-05 16:00:00,3820.2939748365443,3916.7393596350967,3321.7898959442537
forecast_1529,2025-03-05 17:00:00,3621.511553110181,4010.1910008061577,3093.9759993803427
forecast_1530,2025-03-05 18:00:00,3397.26133335191,3481.5974242493453,2861.22534151155
forecast_1531,2025-03-05 19:00:00,3384.563419108279,3587.5209363441772,3308.2348409835463
forecast_1532,2025-03-05 20:00:00,3617.0655264107822,3825.827195340449,3290.8312900947376
forecast_1533,2025-03-05 21:00:00,3813.6543492786145,3844.934134757374,3368.9501744420613
forecast_1534,2025-03-05 22:00:00,3672.652323011267,3837.488852772086,3239.3428529365833
forecast_1535,2025-03-05 23:00:00,3728.1259668740013,3773.9194908802738,3198.263119746995
forecast_1536,2025-03-06 00:00:00,3522.7457691128125,3657.204885103243,3160.3226532189456
forecast_1537,2025-03-06 01:00:00,3383.749518686229,3608.722411543201,3378.3955683577633
forecast_1538,2025-03-06 02:00:00,3338.430678655051,3486.238836006057,3257.376779467305
forecast_1539,2025-03-06 03:00:00,3196.509543983155,3316.3622466214774,3223.773072471232
forecast_1540,2025-03-06 04:00:00,3362.4430707392903,3358.351606075735,3174.8685021221822
forecast_1541,2025-03-06 05:00:00,3588.8854732804984,3447.595273587132,2937.7260879445125
forecast_1542,2025-03-06 06:00:00,3662.4932156732984,3848.998637687829,2931.3863806957893
forecast_1543,2025-03-06 07:00:00,3756.745374339928,3718.165430659914,3024.1081376507805
forecast_1544,2025-03-06 08:00:00,3413.9732986880176,3595.4844918395274,1128.2980856276497
forecast_1545,2025-03-06 09:00:00,3451.9493824936776,3645.6649780507432,1023.0266439958697
forecast_1546,2025-03-06 10:00:00,3378.376662256796,3883.1240898655346,1126.0752546152685
forecast_1547,2025-03-06 11:00:00,2720.74450176297,3681.1218563191555,1308.6940964247099
forecast_1548,2025-03-06 12:00:00,2857.669676254298,4557.73585377913,1824.0159217024916
forecast_1549,2025-03-06 13:00:00,3211.33871058207,3392.0067284471374,2486.7957563317427
forecast_1550,2025-03-06 14:00:00,3392.631962212953,2949.5815062250927,3312.2184200495644
forecast_1551,2025-03-06 15:00:00,3323.239637003724,3590.958179467794,2076.469064412467
forecast_1552,2025-03-06 16:00:00,3500.980185244491,3873.8657270794765,2903.9001657393533
forecast_1553,2025-03-06 17:00:00,3718.0165783173607,4379.001582739648,2937.6009960860583
forecast_1554,2025-03-06 18:00:00,4042.5298368938593,3577.8880155308902,2971.3593216479985
forecast_1555,2025-03-06 19:00:00,4048.2240458167016,4283.687669977002,3114.355005795987
forecast_1556,2025-03-06 20:00:00,3600.2206284552617,3809.19405534965,3996.075467896111
forecast_1557,2025-03-06 21:00:00,3124.2743124942062,3121.9815245786845,5111.667243198028
forecast_1558,2025-03-06 22:00:00,2906.891311385848,3139.492883157727,2823.5804909837852
forecast_1559,2025-03-06 23:00:00,3734.968030023702,3753.481141255996,3581.4344642170445
forecast_1560,2025-03-07 00:00:00,3555.814674907921,3769.1120286452333,3419.5235628716964
forecast_1561,2025-03-07 01:00:00,3182.5505847603326,3100.0320338581882,4571.051080812775
forecast_1562,2025-03-07 02:00:00,3404.056606109889,3470.691583018242,5361.813994354923
forecast_1563,2025-03-07 03:00:00,2574.0469260062578,3097.208989986851,3667.2503406479113
forecast_1564,2025-03-07 04:00:00,2779.575002842173,3107.753968910898,3777.15513532089
forecast_1565,2025-03-07 05:00:00,3218.568046017864,3413.8634732660244,2355.7474578273777
forecast_1566,2025-03-07 06:00:00,3215.3496398387206,3319.999398730683,1713.7950198948097
forecast_1567,2025-03-07 07:00:00,2653.0313438539347,3339.8904020196373,7.788640232549882
forecast_1568,2025-03-07 08:00:00,3582.237188068182,3476.500876644532,659.9631224200518
forecast_1569,2025-03-07 09:00:00,3793.3139439288952,4151.884971112848,652.4676329090823
forecast_1570,2025-03-07 10:00:00,3701.020072917724,3279.262729943916,1658.6777148598476
forecast_1571,2025-03-07 11:00:00,3935.6882494258025,3649.120284757643,1718.1970371812085
forecast_1572,2025-03-07 12:00:00,3873.542718545864,3899.2792210514535,2474.0012157428914
forecast_1573,2025-03-07 13:00:00,1.2044408957264159,3.890176812584244,9.90374188424954
forecast_1574,2025-03-07 14:00:00,2299.406143466136,1568.635300680145,1444.5087896134505
forecast_1575,2025-03-07 15:00:00,5312.341098459558,4916.561779796445,4321.516430056606
forecast_1576,2025-03-07 16:00:00,4653.589543251305,4602.945761803335,6418.5305401491405
forecast_1577,2025-03-07 17:00:00,4554.28916946774,3850.4375573043294,4635.932058652295
forecast_1578,2025-03-07 18:00:00,5042.311906693578,6438.0320525901925,4830.327495620811
forecast_1579,2025-03-07 19:00:00,3513.9571797781714,3637.1280846660284,3441.001635589103
forecast_1580,2025-03-07 20:00:00,3803.0689054519926,3770.474579620275,3416.708400897928
forecast_1581,2025-03-07 21:00:00,3694.189558103152,3564.347056558103,3530.0378136671857
forecast_1582,2025-03-07 22:00:00,3967.3089581644354,4072.2957084571813,3596.3438594658423
forecast_1583,2025-03-07 23:00:00,4157.123940986122,4232.665180873761,3696.688604876956
forecast_1584,2025-03-08 00:00:00,4539.428258238857,3984.3077609382444,3664.665935765231
forecast_1585,2025-03-08 01:00:00,4164.063963045498,4779.294495665896,3675.585083898932
forecast_1586,2025-03-08 02:00:00,4045.962000522146,4590.704962744811,3608.300294016262
forecast_1587,2025-03-08 03:00:00,3962.1172519054608,4631.173360312171,3764.944015968097
forecast_1588,2025-03-08 04:00:00,4068.445652844256,4987.01873806424,3804.5635717026935
forecast_1589,2025-03-08 05:00:00,4432.571953470502,5426.9978501207215,3835.5601131610524
forecast_1590,2025-03-08 06:00:00,4853.911612564295,5276.127973474285,3863.92134030842
forecast_1591,2025-03-08 07:00:00,6334.656741977439,5887.718483802275,3828.860024804912
forecast_1592,2025-03-08 08:00:00,5830.82164293469,5874.804037579604,3926.55318915832
forecast_1593,2025-03-08 09:00:00,5700.265192198596,5750.825969715577,4069.0890408055793
forecast_1594,2025-03-08 10:00:00,5326.695011901988,5890.827689319312,4603.856061825206
forecast_1595,2025-03-08 11:00:00,5780.861996384992,6128.766606817856,5251.856865038872
forecast_1596,2025-03-08 12:00:00,5722.461956940785,5928.166478627675,4863.3383461023095
forecast_1597,2025-03-08 13:00:00,6590.563698072082,6705.351644432762,5408.24620267781
forecast_1598,2025-03-08 14:00:00,6497.300050927442,6494.574484745304,5891.70737023687
forecast_1599,2025-03-08 15:00:00,7024.302376731561,7006.675344971664,6286.959966489074
forecast_1600,2025-03-08 16:00:00,7445.085823111526,7447.620991342139,6414.713121154974
forecast_1601,2025-03-08 17:00:00,7940.350283833921,8152.080765835544,6642.328503455734
forecast_1602,2025-03-08 18:00:00,9409.322382750019,9860.12465687204,7409.766197413859
forecast_1603,2025-03-08 19:00:00,10288.348289155672,11148.684961430667,8394.41854836142
forecast_1604,2025-03-08 20:00:00,11372.85205640703,12209.530527936991,9953.627482737373
forecast_1605,2025-03-08 21:00:00,11683.736911128108,12567.133588522336,9916.736028241281
forecast_1606,2025-03-08 22:00:00,12266.477889076872,12710.512932723563,10270.168161403712
forecast_1607,2025-03-08 23:00:00,11679.023499933566,12240.998561151242,9341.250801505572
forecast_1608,2025-03-09 00:00:00,11259.062091002757,12153.444883422924,9678.085085629207
forecast_1609,2025-03-09 01:00:00,8412.547750325502,8507.584465277036,6106.7349155115135
forecast_1610,2025-03-09 02:00:00,8073.893488710985,8024.593343163217,5869.231105662606
forecast_1611,2025-03-09 03:00:00,6980.490320155434,6757.695050739068,5056.540459413181
forecast_1612,2025-03-09 04:00:00,5406.809475750856,5208.100631059769,4077.401079653783
forecast_1613,2025-03-09 05:00:00,4604.764944037137,4278.636448810502,3888.7677040317876
forecast_1614,2025-03-09 06:00:00,4521.569549277516,4061.384584238352,3918.0211451167747
forecast_1615,2025-03-09 07:00:00,3942.0060129554477,3859.279116876046,3962.954079445035
forecast_1616,2025-03-09 08:00:00,4067.3743426413744,4077.0750674056185,3570.2549391427556
forecast_1617,2025-03-09 09:00:00,3857.893314781943,3689.7188312452013,3095.534993636101
forecast_1618,2025-03-09 10:00:00,3219.2252293724187,3187.3091050257,147.2426103868988
forecast_1619,2025-03-09 11:00:00,3036.7779350208416,3438.5527309202585,1411.235230754962
forecast_1620,2025-03-09 12:00:00,2122.4130663169444,2063.3775381868954,8.224305909298891
forecast_1621,2025-03-09 13:00:00,2580.2603438254296,3415.8713439204994,14.120203418128373
forecast_1622,2025-03-09 14:00:00,2358.104333758291,3286.810800978912,44.01944537349028
forecast_1623,2025-03-09 15:00:00,3102.7686224908775,3432.0103107102477,48.833759489970895
forecast_1624,2025-03-09 16:00:00,2789.897039130415,2575.776183908476,1846.312991481461
forecast_1625,2025-03-09 17:00:00,2981.7750499296867,2849.6020915358617,1793.4877742680767
forecast_1626,2025-03-09 18:00:00,5047.482245415589,4398.579410926921,3887.190528218895
forecast_1627,2025-03-09 19:00:00,6320.810272986282,6722.216099151736,5457.0764499863435
forecast_1628,2025-03-09 20:00:00,4452.94849542541,5341.969578420219,4273.205731637535
forecast_1629,2025-03-09 21:00:00,4052.7970121903318,5737.862058185982,5959.918961417455
forecast_1630,2025-03-09 22:00:00,4475.706152567293,5934.644836207737,5960.636384485754
forecast_1631,2025-03-09 23:00:00,3346.942417860758,3618.901537763687,3596.179442190132
forecast_1632,2025-03-10 00:00:00,3609.9134072696984,3559.8338728505664,3252.855572304422
forecast_1633,2025-03-10 01:00:00,5226.40076248496,4982.430082803646,3750.6394656874036
forecast_1634,2025-03-10 02:00:00,5818.097279694411,5998.294662647715,3816.110715500091
forecast_1635,2025-03-10 03:00:00,7214.421572755472,7313.874008565664,4591.684682145486
forecast_1636,2025-03-10 04:00:00,7366.655836236651,7357.653694583789,4679.355364635358
forecast_1637,2025-03-10 05:00:00,6925.4574694930025,7800.1971609932,4578.768906135209
forecast_1638,2025-03-10 06:00:00,7063.425323171815,7342.000361860055,4588.9460348809525
forecast_1639,2025-03-10 07:00:00,7286.414739439333,7555.359036853931,4770.657130738691
forecast_1640,2025-03-10 08:00:00,6741.765077974094,6828.49462615383,4396.856861699443
forecast_1641,2025-03-10 09:00:00,5042.372998237925,5100.733310706083,3693.723419906988
forecast_1642,2025-03-10 10:00:00,3689.83842627999,3787.6177290133182,3464.487381093089
forecast_1643,2025-03-10 11:00:00,3651.926302066854,3610.5313460097514,3610.4069464069016
forecast_1644,2025-03-10 12:00:00,3630.851451464362,3658.906024382383,3524.949269621454
forecast_1645,2025-03-10 13:00:00,3861.7625024116537,4147.507666759624,3574.0734792312464
forecast_1646,2025-03-10 14:00:00,4496.418466043095,4264.375687709713,3980.1640502589007
forecast_1647,2025-03-10 15:00:00,4771.166624714419,4690.373123082213,4595.998235960262
forecast_1648,2025-03-10 16:00:00,4914.698493412317,4907.431637815953,4458.473935476618
forecast_1649,2025-03-10 17:00:00,5156.4718976633585,5123.172964417701,4324.9061994372805
forecast_1650,2025-03-10 18:00:00,5469.242372892658,5844.04152904153,4572.283903426965
forecast_1651,2025-03-10 19:00:00,6423.025792198312,6982.689705458934,5158.688513788871
forecast_1652,2025-03-10 20:00:00,8013.887336909158,8221.774996172719,6423.98962071465
forecast_1653,2025-03-10 21:00:00,9387.691494078299,10121.725101851542,8021.380672387927
forecast_1654,2025-03-10 22:00:00,11519.560887334423,12362.401127187539,10572.980256071021
forecast_1655,2025-03-10 23:00:00,12824.23103198388,14214.760398931014,12653.525787597011
forecast_1656,2025-03-11 00:00:00,14881.410675943882,16121.424802817253,14260.15440624046
forecast_1657,2025-03-11 01:00:00,18139.717973045852,18302.250700940243,15321.965356573624
forecast_1658,2025-03-11 02:00:00,18176.069637271445,18317.815369583826,15373.90658610114
forecast_1659,2025-03-11 03:00:00,18094.076615567163,18302.797305838747,16256.326055320122
forecast_1660,2025-03-11 04:00:00,18033.876156875165,18413.350808895848,16719.58604131792
forecast_1661,2025-03-11 05:00:00,17870.119233079935,18353.556598388164,15591.427814134191
forecast_1662,2025-03-11 06:00:00,18140.090984766593,17392.39673438048,13580.054069700593
forecast_1663,2025-03-11 07:00:00,15103.400370804155,14008.228303365504,10514.85929848246
forecast_1664,2025-03-11 08:00:00,8947.642578408844,9273.66586686277,6201.253746481914
forecast_1665,2025-03-11 09:00:00,5626.829379389881,4627.99986002121,3920.5676748237634
forecast_1666,2025-03-11 10:00:00,4224.237641744132,4239.994363228079,3380.091948581484
forecast_1667,2025-03-11 11:00:00,4026.207664682412,4018.568430152462,3491.868196767297
forecast_1668,2025-03-11 12:00:00,4030.4987723258014,3735.3604931962195,3238.8915010434234
forecast_1669,2025-03-11 13:00:00,3568.259566224256,3452.7412379403995,2679.429052175095
forecast_1670,2025-03-11 14:00:00,3689.293068182636,3482.8176693617784,2816.9289787890284
forecast_1671,2025-03-11 15:00:00,3811.044056229194,3486.08052910338,3017.972027610998
forecast_1672,2025-03-11 16:00:00,3792.5266109356876,3986.816267376381,3346.7976789599074
forecast_1673,2025-03-11 17:00:00,3889.3407932719215,3810.0119042355564,3431.335184444006
forecast_1674,2025-03-11 18:00:00,4127.244324964095,4203.674746611108,3665.9631041975267
forecast_1675,2025-03-11 19:00:00,6419.665844591367,6207.330057148728,3893.41563498894
forecast_1676,2025-03-11 20:00:00,9628.386557204865,9262.001791191096,5640.203261442741
forecast_1677,2025-03-11 21:00:00,11290.082383983392,12180.655631913658,7348.445940638413
forecast_1678,2025-03-11 22:00:00,13361.121987094511,13797.836189055855,8916.164533795974
forecast_1679,2025-03-11 23:00:00,16216.902058888036,16028.571461027854,11729.93841471402
forecast_1680,2025-03-12 00:00:00,16261.313236806423,16800.319094366154,13960.776748264014
forecast_1681,2025-03-12 01:00:00,15968.37584367696,16387.583528589388,10446.62330825914
forecast_1682,2025-03-12 02:00:00,15146.87021206744,15914.09353880875,10864.670117772745
forecast_1683,2025-03-12 03:00:00,15807.348034343919,16308.51908241212,11936.406496308073
forecast_1684,2025-03-12 04:00:00,16662.477431815485,16987.373948122306,13672.361270827976
forecast_1685,2025-03-12 05:00:00,17630.919348411684,18406.854901684866,15215.828803693676
forecast_1686,2025-03-12 06:00:00,18290.630398350775,19142.004899671185,16248.499093859224
forecast_1687,2025-03-12 07:00:00,18696.28737662681,19416.203965622797,16792.83493935347
forecast_1688,2025-03-12 08:00:00,19767.728400772834,19828.401952777243,17318.25700447967
forecast_1689,2025-03-12 09:00:00,19644.23456073925,18853.515682051428,17831.991523473323
forecast_1690,2025-03-12 10:00:00,17527.45276353281,18332.123157199203,17184.75240014929
forecast_1691,2025-03-12 11:00:00,16464.918453593706,17135.28376902293,16030.200051486414
forecast_1692,2025-03-12 12:00:00,15927.135951598355,17282.500461052117,14766.540362424672
forecast_1693,2025-03-12 13:00:00,16448.633375983667,17143.120529745116,14874.442842767552
forecast_1694,2025-03-12 14:00:00,16946.42261313015,17711.018085352494,15563.314278984459
forecast_1695,2025-03-12 15:00:00,17854.039066574736,18281.556770506762,16664.889513537877
forecast_1696,2025-03-12 16:00:00,18167.231508024757,19738.189840702027,17307.247927328142
forecast_1697,2025-03-12 17:00:00,18790.621811419045,19894.195081280086,17742.001858529045
forecast_1698,2025-03-12 18:00:00,18966.78332357091,19923.57716186849,17796.03109048242
forecast_1699,2025-03-12 19:00:00,18148.87210222541,18584.868732097028,16424.79200239083
forecast_1700,2025-03-12 20:00:00,16490.430849398417,17377.37554329118,14346.203988135556
forecast_1701,2025-03-12 21:00:00,14783.689374136358,16422.800059196714,12713.002657562743
forecast_1702,2025-03-12 22:00:00,13868.584401574159,15402.499226820782,11880.626344769445
forecast_1703,2025-03-12 23:00:00,13059.245856931762,14966.216102107142,11689.935904017873
forecast_1704,2025-03-13 00:00:00,12656.582218805457,14087.040212750442,11825.17607765153
forecast_1705,2025-03-13 01:00:00,13816.114161698953,15078.009269828157,11342.272003827058
forecast_1706,2025-03-13 02:00:00,13494.853996032354,15023.80163078849,11924.408306216523
forecast_1707,2025-03-13 03:00:00,13390.266676314872,15128.101126176332,12376.916983703995
forecast_1708,2025-03-13 04:00:00,14280.15933722459,15613.283412054489,12808.945286162801
forecast_1709,2025-03-13 05:00:00,14723.240421399212,15492.673292577092,12494.273051824704
forecast_1710,2025-03-13 06:00:00,13440.268761395691,14379.466258512955,11327.40555257988
forecast_1711,2025-03-13 07:00:00,11318.297077307907,13141.83054479811,8055.281895857871
forecast_1712,2025-03-13 08:00:00,11103.468860661267,12182.578239770466,7419.424001055798
forecast_1713,2025-03-13 09:00:00,10527.611646492924,10672.413688833767,6761.693782420278
forecast_1714,2025-03-13 10:00:00,8409.485755889795,8318.612959622364,4830.422120391341
forecast_1715,2025-03-13 11:00:00,5650.227655674359,5731.788865010918,3892.3609773927424
forecast_1716,2025-03-13 12:00:00,5410.548056148862,5450.61326015718,4197.209026730643
forecast_1717,2025-03-13 13:00:00,4824.719109191849,4808.580362108844,3710.0666934323376
forecast_1718,2025-03-13 14:00:00,3970.6351656357288,3715.47099472967,3418.491830066932
forecast_1719,2025-03-13 15:00:00,3572.233070265814,3535.6745515922717,3109.993665284374
forecast_1720,2025-03-13 16:00:00,3382.7049942837693,3180.2285078895084,2734.883797356527
forecast_1721,2025-03-13 17:00:00,3194.884801173312,3308.958817876656,2843.8362277845504
forecast_1722,2025-03-13 18:00:00,3750.192666959029,3532.5664709523717,4398.922225443457
forecast_1723,2025-03-13 19:00:00,3826.1123061265384,3785.2555740870944,3842.0194192877943
forecast_1724,2025-03-13 20:00:00,3978.439829675467,3876.1556086089,3835.7988505090084
forecast_1725,2025-03-13 21:00:00,4057.9208007153543,3875.214966507661,3685.4386521825013
forecast_1726,2025-03-13 22:00:00,4279.742148964158,4182.372966697582,3567.2408819858374
forecast_1727,2025-03-13 23:00:00,4066.09536915645,3940.324688020878,3725.3152182591093
forecast_1728,2025-03-14 00:00:00,3853.080976774501,3840.0314067945633,3694.510298627866
forecast_1729,2025-03-14 01:00:00,4761.187812487135,5465.893169084192,4590.891478997653
forecast_1730,2025-03-14 02:00:00,5302.837818181773,4939.767272854177,3639.2499095598027
forecast_1731,2025-03-14 03:00:00,4382.685761430899,3924.2601810316623,3544.001015553706
forecast_1732,2025-03-14 04:00:00,4024.913205276971,3894.767820336858,3457.999580983694
forecast_1733,2025-03-14 05:00:00,3458.2522624374747,3658.2930571306274,3154.2473679998934
forecast_1734,2025-03-14 06:00:00,3694.1061749363726,3429.64096792829,3180.524782018345
forecast_1735,2025-03-14 07:00:00,3166.135098432648,3162.5515449368736,3164.5038055691693
forecast_1736,2025-03-14 08:00:00,3498.027322672196,3309.8087342138506,3459.8645399436296
forecast_1737,2025-03-14 09:00:00,3336.677401735985,3368.694338479924,3443.633758877772
forecast_1738,2025-03-14 10:00:00,3517.2355238310056,3254.8500684979986,3728.242365572556
forecast_1739,2025-03-14 11:00:00,4006.6307191642313,5063.029286758963,3671.258053654567
forecast_1740,2025-03-14 12:00:00,3390.8771021045104,3457.270711938794,3542.3709695574694
forecast_1741,2025-03-14 13:00:00,3509.9077258899038,3540.546648387836,3255.15365697066
forecast_1742,2025-03-14 14:00:00,3782.3766421835235,3784.195479180431,3323.3131920209485
forecast_1743,2025-03-14 15:00:00,3674.6530372974203,3727.538550351396,3428.9303306379184
forecast_1744,2025-03-14 16:00:00,3827.7503914316344,3621.889045198979,3565.5568778489446
forecast_1745,2025-03-14 17:00:00,3283.646089542333,3317.3521215226306,3401.2328935384603
forecast_1746,2025-03-14 18:00:00,2997.0976810724874,3331.725300186945,2782.792832157646
forecast_1747,2025-03-14 19:00:00,3181.254736727446,3219.9039157414163,2978.1088676886507
forecast_1748,2025-03-14 20:00:00,3291.458729314518,3346.934725404128,2597.3590492196367
forecast_1749,2025-03-14 21:00:00,3423.7480767583706,3367.9893879611886,2741.053195942098
forecast_1750,2025-03-14 22:00:00,3492.5126929479234,3269.111429295003,2602.043478075944
forecast_1751,2025-03-14 23:00:00,3711.6935638224804,3312.986898686446,2934.6435162285925
forecast_1752,2025-03-15 00:00:00,3809.1895502667207,3402.0488304573514,2886.030425195099
forecast_1753,2025-03-15 01:00:00,3869.488493702561,3922.873045859362,3407.36511499122
forecast_1754,2025-03-15 02:00:00,4434.882473693681,3970.403287825718,3419.9532690495844
forecast_1755,2025-03-15 03:00:00,4609.601836994304,4304.917348385683,3436.416693287318
forecast_1756,2025-03-15 04:00:00,4496.215372588765,4181.2228743312035,3519.8110718203097
forecast_1757,2025-03-15 05:00:00,4840.902916757371,4378.386034908627,3515.4688679830197
forecast_1758,2025-03-15 06:00:00,5485.973067443397,5064.821722780155,3830.793593419102
forecast_1759,2025-03-15 07:00:00,4734.399367402328,5335.938818318128,4124.923741873144
forecast_1760,2025-03-15 08:00:00,5816.060912326265,5384.509707000743,4755.554596865898
forecast_1761,2025-03-15 09:00:00,7310.354944386903,7887.037365337676,6299.68449264592
forecast_1762,2025-03-15 10:00:00,8523.462425741984,9313.364338996245,7119.730783394041
forecast_1763,2025-03-15 11:00:00,8780.315232405106,9835.334778227778,7506.44583841402
forecast_1764,2025-03-15 12:00:00,7791.694596903884,9142.847191185241,6513.069435332552
forecast_1765,2025-03-15 13:00:00,6173.10911216689,7548.713902110758,5924.030227006378
forecast_1766,2025-03-15 14:00:00,4279.278373937441,5178.311766333148,4072.358875088618
forecast_1767,2025-03-15 15:00:00,3782.7091328504875,3982.9511788813584,3699.0155442166165
forecast_1768,2025-03-15 16:00:00,3391.7442819970256,3929.9352340151936,3280.685424194882
forecast_1769,2025-03-15 17:00:00,3833.4934717271367,3955.1922584415875,3568.887223229278
forecast_1770,2025-03-15 18:00:00,3557.962313260613,3821.7760759656917,3378.273071311019
forecast_1771,2025-03-15 19:00:00,3664.518312634588,3704.1537031146127,3318.5823712582664
forecast_1772,2025-03-15 20:00:00,3840.6368661634106,4000.687516221892,3529.035105359786
forecast_1773,2025-03-15 21:00:00,3989.82346690406,3891.4716028974476,3746.4673218307785
forecast_1774,2025-03-15 22:00:00,4294.272249789114,4444.702420341021,3732.360816165694
forecast_1775,2025-03-15 23:00:00,3938.848229500774,4029.9511527703467,3449.3208541241884
forecast_1776,2025-03-16 00:00:00,3702.001771732883,3829.7537957859668,3331.5482355398344
forecast_1777,2025-03-16 01:00:00,3648.137611812802,3655.5852103104903,2874.305481516639
forecast_1778,2025-03-16 02:00:00,3667.619440167648,3565.2852108020165,3080.6087974044744
forecast_1779,2025-03-16 03:00:00,3694.4721129529307,3689.805136570615,3269.728900340259
forecast_1780,2025-03-16 04:00:00,3599.9942422889553,3598.9569350997717,3212.6427120834906
forecast_1781,2025-03-16 05:00:00,3656.254378300944,3336.1520179618365,3930.2719518385015
forecast_1782,2025-03-16 06:00:00,3442.088061739086,3132.822949719053,2193.2368889502104
forecast_1783,2025-03-16 07:00:00,3338.4884301872503,3576.745804840978,2872.3945941443767
forecast_1784,2025-03-16 08:00:00,4784.449156144847,3756.7010747555887,3476.07242798537
forecast_1785,2025-03-16 09:00:00,3824.102322671283,3793.407066728364,3569.7872421836537
forecast_1786,2025-03-16 10:00:00,3843.7475605718178,3606.316620879484,2720.01381449478
forecast_1787,2025-03-16 11:00:00,4348.168613365013,3804.3813197894688,4148.481788460936
forecast_1788,2025-03-16 12:00:00,5166.126014851889,4598.712336022563,3868.7718393145155
forecast_1789,2025-03-16 13:00:00,3435.371034383555,3403.248816992048,3085.0003713449455
forecast_1790,2025-03-16 14:00:00,3538.812855017869,4093.751699985131,3458.7347826644086
forecast_1791,2025-03-16 15:00:00,5835.779319801926,6118.853370294529,4892.61929059952
forecast_1792,2025-03-16 16:00:00,7884.459128016691,7668.389206596969,5807.533303844777
forecast_1793,2025-03-16 17:00:00,9237.26732360514,9503.982469894756,7350.99935688729
forecast_1794,2025-03-16 18:00:00,10658.04515359898,11073.804844581515,7666.507815033209
forecast_1795,2025-03-16 19:00:00,12249.09290769857,12463.176192007018,8615.427138545614
forecast_1796,2025-03-16 20:00:00,12865.046993058953,13660.941632015634,9980.214909078972
forecast_1797,2025-03-16 21:00:00,13212.034497549435,14262.296857424528,11320.516657756983
forecast_1798,2025-03-16 22:00:00,12189.455331523533,13411.633428049614,9670.461977629773
forecast_1799,2025-03-16 23:00:00,11013.920734433845,10965.691966594937,8196.525032747726
forecast_1800,2025-03-17 00:00:00,8101.401993343476,9035.912156228496,6994.688290996975
forecast_1801,2025-03-17 01:00:00,12004.666118040193,15579.379563523318,9740.396691900803
forecast_1802,2025-03-17 02:00:00,11400.46204625378,13423.739761144745,9540.444666839376
forecast_1803,2025-03-17 03:00:00,12359.60557045026,13180.845531694165,10038.261602785808
forecast_1804,2025-03-17 04:00:00,11667.220119421621,11708.272233863949,9372.37181978116
forecast_1805,2025-03-17 05:00:00,9023.102101487633,9467.872857348548,6128.154481881392
forecast_1806,2025-03-17 06:00:00,7100.103317524153,7189.226805280016,5162.8752418671365
forecast_1807,2025-03-17 07:00:00,5704.215795754904,5073.777569010225,4193.101516909806
forecast_1808,2025-03-17 08:00:00,4537.00344405998,4652.073307820459,3629.7741596804563
forecast_1809,2025-03-17 09:00:00,4006.865079867463,4042.718116903502,3691.4579544959115
forecast_1810,2025-03-17 10:00:00,4191.587329669901,4013.599724408537,3761.114871001449
forecast_1811,2025-03-17 11:00:00,3807.1966248965923,3677.209338601207,3566.552239907862
forecast_1812,2025-03-17 12:00:00,4913.241426591,4941.530906901478,3835.323566884628
forecast_1813,2025-03-17 13:00:00,6757.747667706073,6594.0056764307255,5437.700431164125
forecast_1814,2025-03-17 14:00:00,8565.65187951393,8778.040298849723,7905.557652235268
forecast_1815,2025-03-17 15:00:00,9210.072430160628,9015.573852120457,8849.189868192716
forecast_1816,2025-03-17 16:00:00,9476.56066277014,9162.228255050291,8672.963254246068
forecast_1817,2025-03-17 17:00:00,8556.814147105619,8299.454077165296,7847.625950133212
forecast_1818,2025-03-17 18:00:00,7638.483532600307,7562.510011950947,7112.275145338357
forecast_1819,2025-03-17 19:00:00,7687.8775360156105,7315.501443277828,6755.190974020124
forecast_1820,2025-03-17 20:00:00,8610.577864764944,8474.99758733005,7696.410552899228
forecast_1821,2025-03-17 21:00:00,10044.262316482465,11962.20019027818,9024.309188335676
forecast_1822,2025-03-17 22:00:00,12366.079021196427,11485.563704850474,9764.219241943229
forecast_1823,2025-03-17 23:00:00,9289.99582901903,9924.501143389838,8082.9020429595175
forecast_1824,2025-03-18 00:00:00,8446.746197595223,8845.771194614088,7335.651909300036
forecast_1825,2025-03-18 01:00:00,7724.081764389767,8946.294080642223,5212.321354538852
forecast_1826,2025-03-18 02:00:00,6799.664494753936,7511.235184780041,4766.372805119169
forecast_1827,2025-03-18 03:00:00,4382.253408218009,4810.105976984251,3714.552804785559
forecast_1828,2025-03-18 04:00:00,4387.020830895651,3853.673291779145,3867.2562926155892
forecast_1829,2025-03-18 05:00:00,4591.2838983971305,4694.100373285365,3842.0409439327263
forecast_1830,2025-03-18 06:00:00,4325.731870535546,3953.2690540111084,4012.751595182091
forecast_1831,2025-03-18 07:00:00,3755.6404729848464,3885.514225224282,3925.2204855700234
forecast_1832,2025-03-18 08:00:00,3778.2975558620524,3839.5570189949012,3376.671320867716
forecast_1833,2025-03-18 09:00:00,4066.6719493293253,3844.429553588328,3389.793389022061
forecast_1834,2025-03-18 10:00:00,3779.922184605751,3584.5494413487654,3391.8711039028994
forecast_1835,2025-03-18 11:00:00,3581.4483793197837,3469.539031674681,3189.9562978680783
forecast_1836,2025-03-18 12:00:00,3732.678484020697,3710.0437738168357,3048.184809588693
forecast_1837,2025-03-18 13:00:00,4234.814757863147,4342.130369590911,3507.619208366146
forecast_1838,2025-03-18 14:00:00,4234.927810258434,4243.408837068533,3432.212508584685
forecast_1839,2025-03-18 15:00:00,6187.880004902359,5844.878568569155,4227.791664005216
forecast_1840,2025-03-18 16:00:00,11643.944614672497,9832.488723682798,6744.582001432647
forecast_1841,2025-03-18 17:00:00,10756.36600765971,11862.037119132408,8848.513601345026
forecast_1842,2025-03-18 18:00:00,12062.621945814446,13298.518498033265,10469.932026271043
forecast_1843,2025-03-18 19:00:00,12324.999738942164,14265.13271627397,10605.11888079632
forecast_1844,2025-03-18 20:00:00,11746.210112547475,14376.244167100183,10207.907537064597
forecast_1845,2025-03-18 21:00:00,11616.263359418263,12744.09466790952,8359.11440132109
forecast_1846,2025-03-18 22:00:00,7477.7574383009605,7966.477550484822,5533.781655022659
forecast_1847,2025-03-18 23:00:00,5911.332720475125,6166.913987369365,4609.0683862285105
forecast_1848,2025-03-19 00:00:00,4289.717975269049,4573.873048142558,3890.392464150767
forecast_1849,2025-03-19 01:00:00,4100.241032372133,3921.030138984862,3491.067592842645
forecast_1850,2025-03-19 02:00:00,4130.171275204759,4020.1286197848103,3553.6913890157784
forecast_1851,2025-03-19 03:00:00,3994.71938157553,3900.567506256088,3540.075342759685
forecast_1852,2025-03-19 04:00:00,4192.9334432119485,3967.288826783698,3588.01786076802
forecast_1853,2025-03-19 05:00:00,3878.0645975486013,3797.369712123595,3569.793600823253
forecast_1854,2025-03-19 06:00:00,3888.6168818865876,3932.714649274428,3691.610875696553
forecast_1855,2025-03-19 07:00:00,4207.090122478841,4048.7185436759746,3761.5221477099467
forecast_1856,2025-03-19 08:00:00,3941.7030289447257,3944.4120234172174,3642.7831123519636
forecast_1857,2025-03-19 09:00:00,4257.856128623539,4291.170239338876,3978.737903767833
forecast_1858,2025-03-19 10:00:00,5783.610307931324,6093.009644187013,5312.684936990958
forecast_1859,2025-03-19 11:00:00,5277.490798553117,5238.337046253421,5057.00502526557
forecast_1860,2025-03-19 12:00:00,6209.348184436575,5790.0333328272645,5222.597950869002
forecast_1861,2025-03-19 13:00:00,6648.5533738292315,6255.53785415672,5829.766398587684
forecast_1862,2025-03-19 14:00:00,7251.2458276946445,7129.593465641045,6767.14097236423
forecast_1863,2025-03-19 15:00:00,7823.496765681047,7703.280555587224,7105.619936155542
forecast_1864,2025-03-19 16:00:00,7860.120241284557,7698.026086681029,7401.4632900379975
forecast_1865,2025-03-19 17:00:00,7883.638257387076,7893.170330858635,7342.900305447665
forecast_1866,2025-03-19 18:00:00,8505.400141389435,8633.189522919161,8059.662818484791
forecast_1867,2025-03-19 19:00:00,10931.618344664827,10332.400595825715,9199.413834922565
forecast_1868,2025-03-19 20:00:00,12706.524288843639,13386.82863022434,10757.232443472127
forecast_1869,2025-03-19 21:00:00,14551.403529801993,15318.065148995842,12407.006658109998
forecast_1870,2025-03-19 22:00:00,15556.303072205792,16783.64605780297,13385.04470557247
forecast_1871,2025-03-19 23:00:00,16727.895085921846,17377.60140301924,14057.07912375377
forecast_1872,2025-03-20 00:00:00,17145.56751493932,17261.108948525587,14336.458514637055
forecast_1873,2025-03-20 01:00:00,18144.80713500245,18847.721099501494,16228.379325831473
forecast_1874,2025-03-20 02:00:00,18437.969452517882,19012.542816548743,16255.964483214124
forecast_1875,2025-03-20 03:00:00,18732.344081128722,19772.172984190194,17035.654140837076
forecast_1876,2025-03-20 04:00:00,19082.89081499803,19889.03820506735,17448.101695439273
forecast_1877,2025-03-20 05:00:00,19329.308382021023,19880.02913350949,17990.131912825862
forecast_1878,2025-03-20 06:00:00,19106.54152701319,20073.254503041706,18325.325251176557
forecast_1879,2025-03-20 07:00:00,19127.024994838208,20060.437854583448,18652.647891902387
forecast_1880,2025-03-20 08:00:00,18933.45380463076,19895.354546995146,18002.177387345007
forecast_1881,2025-03-20 09:00:00,18426.788437860334,19923.015141848926,17187.38570506645
forecast_1882,2025-03-20 10:00:00,17511.153989988044,18984.0971286093,16896.239540953793
forecast_1883,2025-03-20 11:00:00,16838.1976049453,18342.883906015137,16792.574403582927
forecast_1884,2025-03-20 12:00:00,16464.616183899965,17669.63213968389,16732.63856552788
forecast_1885,2025-03-20 13:00:00,16628.80148451635,17317.979205014042,16710.022907713563
forecast_1886,2025-03-20 14:00:00,16629.548000129216,17569.71167226992,16819.220273256873
forecast_1887,2025-03-20 15:00:00,17126.700414961066,17791.707128572827,16996.477492341317
forecast_1888,2025-03-20 16:00:00,17355.978870803203,18536.58005094792,17210.325589451153
forecast_1889,2025-03-20 17:00:00,17553.927908549176,19350.0537719905,17675.92052361967
forecast_1890,2025-03-20 18:00:00,17831.50710996382,19876.708095645186,18292.06486169966
forecast_1891,2025-03-20 19:00:00,17987.285128860654,19881.35601555554,19105.005764676076
forecast_1892,2025-03-20 20:00:00,18658.352842619155,19888.173503889804,19333.178963645143
forecast_1893,2025-03-20 21:00:00,18986.69157512082,19922.06244271806,19329.917769345928
forecast_1894,2025-03-20 22:00:00,19300.151962189037,19920.352709517705,19448.374563230867
forecast_1895,2025-03-20 23:00:00,19661.220606363993,19852.063855298093,19331.113703432806
forecast_1896,2025-03-21 00:00:00,19889.84921412249,19833.14482158706,19369.64176668067
forecast_1897,2025-03-21 01:00:00,19127.840856740277,20313.670167391312,19331.192398737036
forecast_1898,2025-03-21 02:00:00,18791.945378885855,19911.006523339613,19358.406662995636
forecast_1899,2025-03-21 03:00:00,18838.959400674947,19894.991230861266,19341.769437871455
forecast_1900,2025-03-21 04:00:00,19192.44256719333,19916.169449489462,19331.268510323276
forecast_1901,2025-03-21 05:00:00,19882.564293286126,19943.55350638615,19338.659240537745
forecast_1902,2025-03-21 06:00:00,20041.29137704857,19968.803586582537,19389.34608104593
forecast_1903,2025-03-21 07:00:00,20011.854646294385,19910.013354496306,19368.51029897826
forecast_1904,2025-03-21 08:00:00,20042.00506887318,19904.09344262687,19335.228595266537
forecast_1905,2025-03-21 09:00:00,19831.564756402753,19905.803981878806,19337.0443346812
forecast_1906,2025-03-21 10:00:00,19042.50748852036,19970.829616358566,19324.932323059707
forecast_1907,2025-03-21 11:00:00,18420.614383382606,19880.284431602187,18248.55789863855
forecast_1908,2025-03-21 12:00:00,17962.073349983482,19909.57591772699,17756.20007969387
forecast_1909,2025-03-21 13:00:00,17688.844425510506,19436.106290433418,17427.165338587438
forecast_1910,2025-03-21 14:00:00,17520.424243942918,18606.76112320578,17076.669226460344
forecast_1911,2025-03-21 15:00:00,17414.43439877574,18557.588938958583,17108.003780939038
forecast_1912,2025-03-21 16:00:00,17224.720444191797,18505.151168382974,16943.61606456082
forecast_1913,2025-03-21 17:00:00,17348.438478028544,18819.535237301807,17215.913507769426
forecast_1914,2025-03-21 18:00:00,17422.71353390501,19179.18559997543,17706.034377314034
forecast_1915,2025-03-21 19:00:00,17796.575170626682,19434.46810586307,17823.517724829937
forecast_1916,2025-03-21 20:00:00,18102.55198284883,19888.95868635621,18585.580904581137
forecast_1917,2025-03-21 21:00:00,17946.113483930254,19893.69009775581,19327.46713259284
forecast_1918,2025-03-21 22:00:00,18399.22505425115,20207.100959699914,19337.53109675954
forecast_1919,2025-03-21 23:00:00,18621.242584284428,20095.547717592726,19346.554154801117
forecast_1920,2025-03-22 00:00:00,18897.418211888613,20314.83422860954,19363.16902193442
forecast_1921,2025-03-22 01:00:00,19385.346964624037,19574.61493111248,19348.063275742337
forecast_1922,2025-03-22 02:00:00,18969.882052452926,19673.133696830275,19330.967069699174
forecast_1923,2025-03-22 03:00:00,18613.056531829374,19372.51310088997,19337.294737054857
forecast_1924,2025-03-22 04:00:00,18571.11655911386,19632.383075331898,19329.81932047246
forecast_1925,2025-03-22 05:00:00,18452.089565513354,19420.714478660415,19335.374074230356
forecast_1926,2025-03-22 06:00:00,18751.231900544706,19292.063063033027,19330.807594065212
forecast_1927,2025-03-22 07:00:00,18920.7906452629,19269.780342014983,19328.02196930735
forecast_1928,2025-03-22 08:00:00,18702.47598780352,19408.08356263703,19405.937700350994
forecast_1929,2025-03-22 09:00:00,18399.983394185907,19265.528902790455,19328.05705263508
forecast_1930,2025-03-22 10:00:00,17883.637127445323,18479.74511413197,18241.621991223805
forecast_1931,2025-03-22 11:00:00,17818.114674831406,18533.935096224304,17428.053535610583
forecast_1932,2025-03-22 12:00:00,17274.055080443544,18407.153539331266,16996.76424386073
forecast_1933,2025-03-22 13:00:00,17239.568455764787,18637.224704039283,17063.48784600342
forecast_1934,2025-03-22 14:00:00,17163.992819378003,18691.79639027773,16916.13975643188
forecast_1935,2025-03-22 15:00:00,16993.890122021603,18361.40885167776,16826.13687811753
forecast_1936,2025-03-22 16:00:00,16952.944034309472,18182.92183967803,16465.824969445777
forecast_1937,2025-03-22 17:00:00,16979.43682763972,17980.422553358603,16314.436834069023
forecast_1938,2025-03-22 18:00:00,17053.602039627993,18368.61617747431,16994.930975054365
forecast_1939,2025-03-22 19:00:00,17580.878187200415,18813.044604585702,17559.576241607338
forecast_1940,2025-03-22 20:00:00,17658.93125249956,19904.758328127045,18129.138957039242
forecast_1941,2025-03-22 21:00:00,17848.796980260133,19911.608305010417,18623.65434265717
forecast_1942,2025-03-22 22:00:00,18350.19105689583,19894.187808524784,19351.25188063524
forecast_1943,2025-03-22 23:00:00,19130.18383280961,19898.731629646532,19337.579490562934
forecast_1944,2025-03-23 00:00:00,19889.22513245364,19886.475881184466,19326.17883456487
forecast_1945,2025-03-23 01:00:00,16016.811457578018,17359.70860667671,16320.120185440823
forecast_1946,2025-03-23 02:00:00,16126.831140349446,17153.023084753488,16010.796755203774
forecast_1947,2025-03-23 03:00:00,16093.391201673196,17180.59662760965,15024.168518430937
forecast_1948,2025-03-23 04:00:00,16750.888025474756,17538.407924687326,15012.413992125257
forecast_1949,2025-03-23 05:00:00,16164.265145030648,16626.08450693791,14166.70529243699
forecast_1950,2025-03-23 06:00:00,14746.346472383573,15130.03441706071,11513.009989604841
forecast_1951,2025-03-23 07:00:00,12112.5350279422,11554.549305109702,8004.462380901206
forecast_1952,2025-03-23 08:00:00,7605.21448606395,9436.041390570923,4950.386932918895
forecast_1953,2025-03-23 09:00:00,5024.961493880396,4022.7220020887553,3846.5776013160844
forecast_1954,2025-03-23 10:00:00,3850.39766608855,3658.3698877715524,3582.3817287663665
forecast_1955,2025-03-23 11:00:00,3549.1957754805912,3351.4995436382364,2980.4676067160544
forecast_1956,2025-03-23 12:00:00,3709.247340201623,3473.7394148659514,2962.6760188868866
forecast_1957,2025-03-23 13:00:00,3759.137347887017,3591.959570740463,2951.7303818665096
forecast_1958,2025-03-23 14:00:00,5079.141608337972,4740.622611003494,4002.5050055080483
forecast_1959,2025-03-23 15:00:00,3440.4603697570665,3513.9722053883315,3387.7812360138046
forecast_1960,2025-03-23 16:00:00,3728.69842605468,3718.923997277007,3766.3793944152526
forecast_1961,2025-03-23 17:00:00,3838.662019631482,3919.4244463991986,3752.054764912415
forecast_1962,2025-03-23 18:00:00,4011.883106132786,4032.098127942588,3758.281732341492
forecast_1963,2025-03-23 19:00:00,5137.0837458282185,5193.018188370756,3856.9532694362283
forecast_1964,2025-03-23 20:00:00,6984.869983786571,8948.178100246472,4491.988217105621
forecast_1965,2025-03-23 21:00:00,10340.557278856362,12268.210183448242,5971.146443066936
forecast_1966,2025-03-23 22:00:00,11964.28767234942,14042.650076485688,7639.903637436074
forecast_1967,2025-03-23 23:00:00,12455.370090479355,14936.210452509267,9296.639752099936
forecast_1968,2025-03-24 00:00:00,12975.377877504885,15332.853035546777,10261.828890688404
forecast_1969,2025-03-24 01:00:00,12442.872807585958,14667.94433572768,10124.638836195514
forecast_1970,2025-03-24 02:00:00,10223.912730855725,13262.172188589906,9701.293537911468
forecast_1971,2025-03-24 03:00:00,12370.629246925697,12659.066385051306,9332.451090776036
forecast_1972,2025-03-24 04:00:00,12064.812170692194,14115.078725943144,10390.388060711724
forecast_1973,2025-03-24 05:00:00,12371.140383377664,13911.597212009812,11276.175075648198
forecast_1974,2025-03-24 06:00:00,11870.409441325733,14079.369142935708,12260.969721591466
forecast_1975,2025-03-24 07:00:00,11277.265679108003,14256.08220805524,11933.239727791713
forecast_1976,2025-03-24 08:00:00,12900.063651276803,15727.579485527198,12313.67391533424
forecast_1977,2025-03-24 09:00:00,13804.874132314835,15440.129304117592,13045.393330068187
forecast_1978,2025-03-24 10:00:00,14909.841665780736,16613.853100897206,14670.970819447542
forecast_1979,2025-03-24 11:00:00,15455.764935132172,16577.43039283051,14791.422401526772
forecast_1980,2025-03-24 12:00:00,15989.461973464167,17232.44968654765,15029.080097912902
forecast_1981,2025-03-24 13:00:00,16307.974250796558,17606.36413009181,15010.456768452446
forecast_1982,2025-03-24 14:00:00,16156.164944160655,17416.81301082644,14468.869227428357
forecast_1983,2025-03-24 15:00:00,16110.158512471344,16972.97127015961,13391.884765165876
forecast_1984,2025-03-24 16:00:00,15872.475534942345,16421.687559728114,12659.064617886022
forecast_1985,2025-03-24 17:00:00,15529.616885236452,16006.746432610305,12262.468225692346
forecast_1986,2025-03-24 18:00:00,15123.228726440098,15602.471684375789,12004.256026651601
forecast_1987,2025-03-24 19:00:00,15685.949073950838,15414.083276326868,12339.490132400193
forecast_1988,2025-03-24 20:00:00,15947.9763104341,16899.48240070685,13268.444943737519
forecast_1989,2025-03-24 21:00:00,16015.779453311807,17561.226973350807,14780.819530589599
forecast_1990,2025-03-24 22:00:00,17664.694947958935,18623.90990558622,17809.25600468407
forecast_1991,2025-03-24 23:00:00,18396.664375959444,19459.002725071972,18340.08524881503
forecast_1992,2025-03-25 00:00:00,18773.583653308684,19905.155915129562,18853.142981559336
forecast_1993,2025-03-25 01:00:00,18225.7347708004,18677.701075041492,16999.288824174317
forecast_1994,2025-03-25 02:00:00,17953.758611242218,18212.874757167814,16619.710624746043
forecast_1995,2025-03-25 03:00:00,16653.651965522127,16480.42234945298,13720.357072713447
forecast_1996,2025-03-25 04:00:00,14066.455763928789,14363.702348065923,10613.013446966399
forecast_1997,2025-03-25 05:00:00,11160.513311474357,11393.463213144747,7883.368596106293
forecast_1998,2025-03-25 06:00:00,9676.751009970892,10363.788290348335,6634.910627919218
forecast_1999,2025-03-25 07:00:00,9147.873230416038,10009.171679542369,6435.248543117533
forecast_2000,2025-03-25 08:00:00,8848.297348723514,10311.40908281451,6294.353053926453
forecast_2001,2025-03-25 09:00:00,9404.812625836938,10927.57430930532,6620.181596410519
forecast_2002,2025-03-25 10:00:00,10526.59711669546,11387.025515212035,7829.020599811044
forecast_2003,2025-03-25 11:00:00,10276.962743793165,11452.215184431647,8433.755086900886
forecast_2004,2025-03-25 12:00:00,10901.612604830401,11512.93973989347,9727.910179137389
forecast_2005,2025-03-25 13:00:00,12654.622778046036,13023.470379635479,11585.808379144202
forecast_2006,2025-03-25 14:00:00,12973.456569127318,15144.430193773474,14681.267447242199
forecast_2007,2025-03-25 15:00:00,14962.145607466566,16344.959813441907,16846.886462719925
forecast_2008,2025-03-25 16:00:00,17415.1496417787,16588.503660745813,17749.472917095136
forecast_2009,2025-03-25 17:00:00,17829.655132641015,17190.991836814374,17860.905952872075
forecast_2010,2025-03-25 18:00:00,17897.4174404687,17656.06315813966,17946.983066558787
forecast_2011,2025-03-25 19:00:00,17965.827888224685,18090.301437285983,17869.104178388603
forecast_2012,2025-03-25 20:00:00,17926.213134738795,18344.076422484373,18008.000047320602
forecast_2013,2025-03-25 21:00:00,18336.51808672318,18894.96078162326,18566.75076020141
forecast_2014,2025-03-25 22:00:00,19674.435699300007,19380.831465203177,19331.39163762499
forecast_2015,2025-03-25 23:00:00,19278.91763317744,19276.710967643696,19324.184961464405
forecast_2016,2025-03-26 00:00:00,19476.644347627847,19237.635283940173,19333.65243094554
forecast_2017,2025-03-26 01:00:00,18645.3618312021,18782.662544129646,17430.065265349946
forecast_2018,2025-03-26 02:00:00,17936.100670856762,18462.748435292848,17310.751902363125
forecast_2019,2025-03-26 03:00:00,17297.09012040353,16927.20612579558,14471.881907536832
forecast_2020,2025-03-26 04:00:00,14954.25926077096,15331.187819458604,12479.255566167429
forecast_2021,2025-03-26 05:00:00,12879.09223991411,14187.566565694055,9609.189264774526
forecast_2022,2025-03-26 06:00:00,11254.36159424173,10950.843778886281,7187.279486307089
forecast_2023,2025-03-26 07:00:00,6389.24012309357,6284.096869974329,4006.186506257864
forecast_2024,2025-03-26 08:00:00,3888.3795288391125,3911.563591721996,3549.8245696500912
forecast_2025,2025-03-26 09:00:00,4620.218707044389,3784.874831346248,4694.497032292045
forecast_2026,2025-03-26 10:00:00,4350.191425205429,4402.175185220464,3675.046277476724
forecast_2027,2025-03-26 11:00:00,4641.590532235261,4358.934815632116,3762.2891276170803
forecast_2028,2025-03-26 12:00:00,4557.022338660329,4651.157874193028,3771.8898127614466
forecast_2029,2025-03-26 13:00:00,4233.606853948934,3756.9586053543876,4140.181124573762
forecast_2030,2025-03-26 14:00:00,3696.9939381699005,3893.6600501414114,3903.863593873719
forecast_2031,2025-03-26 15:00:00,3824.6084834547523,4022.636945759731,3936.2135373612964
forecast_2032,2025-03-26 16:00:00,3522.188092935359,3864.397735400147,3569.149223040287
forecast_2033,2025-03-26 17:00:00,3982.489434315534,4052.980370218438,3820.491269632
forecast_2034,2025-03-26 18:00:00,4889.435374519957,5865.3694327770945,4055.2587902836503
forecast_2035,2025-03-26 19:00:00,7109.603597393287,10063.633018611406,5500.442143214029
forecast_2036,2025-03-26 20:00:00,9396.796917210931,12189.437498710911,6165.1182942528985
forecast_2037,2025-03-26 21:00:00,10917.010217651537,14048.38630945307,7381.734666848707
forecast_2038,2025-03-26 22:00:00,13455.774712636929,15905.38915756802,9315.201635634281
forecast_2039,2025-03-26 23:00:00,15674.191644748871,17116.859495174507,13455.56652993196
forecast_2040,2025-03-27 00:00:00,16592.138810953806,17215.83360531803,15298.314868041178
forecast_2041,2025-03-27 01:00:00,17036.04461027528,17085.77765885794,17874.95717377096
forecast_2042,2025-03-27 02:00:00,17223.751687793152,16964.963064651227,17918.655626707205
forecast_2043,2025-03-27 03:00:00,17278.725788158754,16833.095696584143,17855.556646455047
forecast_2044,2025-03-27 04:00:00,16674.706912544076,16290.320113709413,16883.353102340192
forecast_2045,2025-03-27 05:00:00,15475.024983489278,15073.759168549337,16373.336391061777
forecast_2046,2025-03-27 06:00:00,13228.099018507146,16013.21395519912,12927.347920167524
forecast_2047,2025-03-27 07:00:00,13284.29910751157,15234.271921171563,12715.943493040542
forecast_2048,2025-03-27 08:00:00,13916.907346233402,16533.44612915424,13167.870132840479
forecast_2049,2025-03-27 09:00:00,13364.160259804532,14229.495035937525,12363.442331527709
forecast_2050,2025-03-27 10:00:00,11722.289611589438,12680.861949212202,10628.730119626338
forecast_2051,2025-03-27 11:00:00,10306.868001742287,11250.20342260617,9663.660659263698
forecast_2052,2025-03-27 12:00:00,9017.239059289986,10396.774268788953,8713.280098687137
forecast_2053,2025-03-27 13:00:00,8315.285310790463,9043.397410690648,7498.460695174692
forecast_2054,2025-03-27 14:00:00,7436.925125663357,7909.109918150902,6222.795108002499
forecast_2055,2025-03-27 15:00:00,7107.261200064636,7558.544363497913,5878.620514096339
forecast_2056,2025-03-27 16:00:00,6660.952996674326,7263.191013893519,4492.232171876975
forecast_2057,2025-03-27 17:00:00,6633.137789929522,6388.35548251992,4834.124926352403
forecast_2058,2025-03-27 18:00:00,6379.5883767174355,6883.815180001,5154.46025853501
forecast_2059,2025-03-27 19:00:00,6502.032816930135,7656.931867231405,4919.216420971486
forecast_2060,2025-03-27 20:00:00,8456.005874036618,8894.999794217138,6129.514067845611
forecast_2061,2025-03-27 21:00:00,9965.908415949436,9918.440167085997,7355.073217725957
forecast_2062,2025-03-27 22:00:00,10529.676757894322,10365.119815045511,8498.968918325692
forecast_2063,2025-03-27 23:00:00,9901.58365830663,10631.56029148328,8093.866290901356
forecast_2064,2025-03-28 00:00:00,9514.15800113543,10072.280396609274,7853.633586834984
forecast_2065,2025-03-28 01:00:00,4043.959534623297,5424.760690899664,3791.037802779994
forecast_2066,2025-03-28 02:00:00,4692.534420633058,5270.635979863796,3918.561664217296
forecast_2067,2025-03-28 03:00:00,4564.2267274663445,4870.852815387026,3834.653443019197
forecast_2068,2025-03-28 04:00:00,4306.269048511114,3830.289075244617,3576.970763733031
forecast_2069,2025-03-28 05:00:00,3957.093869683548,3656.499171925966,3556.49399463149
forecast_2070,2025-03-28 06:00:00,3921.768856702075,3731.781129972134,3538.7403716244994
forecast_2071,2025-03-28 07:00:00,3746.679629131126,3913.4468255145684,3303.911910506775
forecast_2072,2025-03-28 08:00:00,3794.3531381883386,3821.1089030509424,3117.943191242032
forecast_2073,2025-03-28 09:00:00,3726.9280600595816,4064.821410243305,3332.791185550551
forecast_2074,2025-03-28 10:00:00,3866.630956483189,4082.1381650103785,3198.6796853382575
forecast_2075,2025-03-28 11:00:00,3872.9193428391927,3677.2097581872217,3299.1956900797736
forecast_2076,2025-03-28 12:00:00,3776.573267431359,3901.0898336732525,3255.038098997876
forecast_2077,2025-03-28 13:00:00,4026.437385922506,4169.114587696542,3791.0797291991103
forecast_2078,2025-03-28 14:00:00,3918.093803939954,3897.9587408408097,3801.032206632269
forecast_2079,2025-03-28 15:00:00,4081.9098511648876,3920.250329377672,3596.949072838681
forecast_2080,2025-03-28 16:00:00,4021.9548739699403,4198.429042476818,3855.670507646774
forecast_2081,2025-03-28 17:00:00,3884.868481942077,3830.6183485265065,3883.72132874465
forecast_2082,2025-03-28 18:00:00,3423.847335896708,3414.2095699037377,3411.5364333376947
forecast_2083,2025-03-28 19:00:00,4611.726910797531,4816.80170221898,3750.9223405983334
forecast_2084,2025-03-28 20:00:00,6511.198298104665,6796.398178817814,4113.112268571179
forecast_2085,2025-03-28 21:00:00,6942.283379046364,7722.329858268064,4690.342209696993
forecast_2086,2025-03-28 22:00:00,5743.439714626306,6746.04470474552,4239.279775377249
forecast_2087,2025-03-28 23:00:00,5326.919544084243,6128.506591687097,3811.5641780999144
forecast_2088,2025-03-29 00:00:00,5771.064971164862,6823.3318871010215,3901.511866683834
forecast_2089,2025-03-29 01:00:00,4827.322483390992,4821.807080488542,3756.3245665582353
forecast_2090,2025-03-29 02:00:00,4231.248113914989,4407.5154163578345,3986.3992820740627
forecast_2091,2025-03-29 03:00:00,3565.012874928798,3492.9690966240228,4380.339157113635
forecast_2092,2025-03-29 04:00:00,4175.272773506106,4225.172305529141,3526.345684966087
forecast_2093,2025-03-29 05:00:00,6480.549819532443,6587.973583412572,4843.21888934537
forecast_2094,2025-03-29 06:00:00,7933.372927208223,8108.6723643992855,6151.614871038313
forecast_2095,2025-03-29 07:00:00,8098.648070244066,8061.666738946703,5642.183629550892
forecast_2096,2025-03-29 08:00:00,7914.693237538168,7934.210954956326,5646.963897375057
forecast_2097,2025-03-29 09:00:00,7257.957291768167,7520.105784157333,6031.538516272029
forecast_2098,2025-03-29 10:00:00,8050.950500066104,8610.401631195096,7266.205873116519
forecast_2099,2025-03-29 11:00:00,9653.68298247997,10540.394303979838,8632.275497149592
forecast_2100,2025-03-29 12:00:00,11890.658298658964,12298.994751834398,10113.377402631395
forecast_2101,2025-03-29 13:00:00,13025.119077683135,13674.094468200567,11136.806935529263
forecast_2102,2025-03-29 14:00:00,13862.807948099151,15053.608744261646,11767.83083153011
forecast_2103,2025-03-29 15:00:00,14409.87755036167,15377.616626295268,12645.090143804586
forecast_2104,2025-03-29 16:00:00,14577.670776813842,15701.956789001904,12668.96513269551
forecast_2105,2025-03-29 17:00:00,14729.281871977595,15639.862226920193,12357.927713530382
forecast_2106,2025-03-29 18:00:00,14330.894871476297,14378.38018416278,11259.466152056182
forecast_2107,2025-03-29 19:00:00,13607.657039479198,12936.281183342091,10458.67827095675
forecast_2108,2025-03-29 20:00:00,12775.479238660888,12041.465426422532,10113.180104838733
forecast_2109,2025-03-29 21:00:00,12568.189124303388,11881.440321108328,11326.32083722166
forecast_2110,2025-03-29 22:00:00,12341.653704602748,11702.949204184466,11651.845737393998
forecast_2111,2025-03-29 23:00:00,12331.157832019306,11864.884973584236,11616.943986944603
forecast_2112,2025-03-30 00:00:00,12511.57767884584,11843.071173535322,11449.57602360914
forecast_2113,2025-03-30 01:00:00,12077.462340239006,11470.211186724187,10694.945668261851
forecast_2114,2025-03-30 02:00:00,11716.667944548422,10883.548310540256,10354.019162186096
forecast_2115,2025-03-30 03:00:00,11668.031415019977,10361.180365712115,9830.156957068762
forecast_2116,2025-03-30 04:00:00,11340.836993160017,11164.343713478018,9299.547617860728
forecast_2117,2025-03-30 05:00:00,10868.601009682163,12229.734805060687,8316.005075493824
forecast_2118,2025-03-30 06:00:00,10297.307697207107,11778.06564647028,7924.151143373601
forecast_2119,2025-03-30 07:00:00,9402.130319563119,9884.010698958173,7463.275991521352
forecast_2120,2025-03-30 08:00:00,8980.543717869436,8211.998182834586,6914.401680049879
forecast_2121,2025-03-30 09:00:00,7987.932432311198,7446.594796036661,6618.702631543806
forecast_2122,2025-03-30 10:00:00,8501.062107756003,7919.911051599518,7187.011430375395
forecast_2123,2025-03-30 11:00:00,9409.442532376712,8764.82046669608,7733.621365498268
forecast_2124,2025-03-30 12:00:00,11166.561441508924,10105.868896229425,8593.377729792273
forecast_2125,2025-03-30 13:00:00,11719.46693455012,11153.946521191712,8918.352116689815
forecast_2126,2025-03-30 14:00:00,11619.462307187849,11025.555811506521,8531.100686587446
forecast_2127,2025-03-30 15:00:00,9821.28805108467,9627.303662638338,7516.140505721739
forecast_2128,2025-03-30 16:00:00,8512.711676996683,8025.39306960927,6201.878013257164
forecast_2129,2025-03-30 17:00:00,7914.317045984856,7741.772532409402,5487.947036149993
forecast_2130,2025-03-30 18:00:00,7729.839400218588,7701.743822424844,5467.793529223024
forecast_2131,2025-03-30 19:00:00,7949.427971648274,8155.2119962659635,5986.011552734735
forecast_2132,2025-03-30 20:00:00,8121.279767868486,8434.062834492606,6632.903587766304
forecast_2133,2025-03-30 21:00:00,8682.387601067852,9524.771024288764,7202.481504673723
forecast_2134,2025-03-30 22:00:00,8711.758481797246,9674.245524177999,7573.870776122508
forecast_2135,2025-03-30 23:00:00,9766.107779889291,10878.423340212066,8395.961926622713
forecast_2136,2025-03-31 00:00:00,9998.552395114339,11190.168709130458,8440.956960332514
forecast_2137,2025-03-31 01:00:00,13925.490231659036,16354.845273799805,14416.669315405152
forecast_2138,2025-03-31 02:00:00,14202.713488790543,16466.11177295863,14299.416106951
forecast_2139,2025-03-31 03:00:00,14889.500460798212,16696.26104834995,14045.488795362307
forecast_2140,2025-03-31 04:00:00,15881.872723874094,16934.055102156788,13891.695303893868
forecast_2141,2025-03-31 05:00:00,16440.470207013925,17287.18364458919,14381.210337124538
forecast_2142,2025-03-31 06:00:00,16226.892881178375,16956.76240879655,13030.72783589322
forecast_2143,2025-03-31 07:00:00,13754.884690243663,14677.634599281328,10839.497759946804
forecast_2144,2025-03-31 08:00:00,9939.383842793697,10650.37015962197,8153.435168110808
forecast_2145,2025-03-31 09:00:00,6268.92334765418,6478.503029236094,4522.028968263413
forecast_2146,2025-03-31 10:00:00,4364.736052246999,4347.199117589478,3802.3432038161595
forecast_2147,2025-03-31 11:00:00,5662.734784541674,5630.308903962039,3879.42028031939
forecast_2148,2025-03-31 12:00:00,4111.0534334823205,4200.745478667381,3592.4952136612424
forecast_2149,2025-03-31 13:00:00,3738.771155681984,3696.631159310701,3385.926351757185
forecast_2150,2025-03-31 14:00:00,3849.8795071334157,3706.7796732701504,3422.778790167832
forecast_2151,2025-03-31 15:00:00,3855.5961404360655,3816.0663394358417,3446.4332480390813
forecast_2152,2025-03-31 16:00:00,4172.551108813479,4034.9137727832526,3800.44452576307
forecast_2153,2025-03-31 17:00:00,4269.565026260457,4177.485223264423,4505.980182467246
forecast_2154,2025-03-31 18:00:00,4869.863544819411,4791.150941878368,5052.84645828309
forecast_2155,2025-03-31 19:00:00,6580.93811384331,6707.686471801609,5889.282070406803
forecast_2156,2025-03-31 20:00:00,9352.539954652075,9363.575396611015,7420.781809208675
forecast_2157,2025-03-31 21:00:00,11283.092855798435,11897.103899522754,9058.891015600364
forecast_2158,2025-03-31 22:00:00,12443.545541298485,13190.049314007436,10571.014490623458
forecast_2159,2025-03-31 23:00:00,13247.594335181702,13529.203526413765,11370.549598393633
forecast_2160,2025-04-01 00:00:00,13516.268569037511,14001.96161428892,11825.105462003705
forecast_2161,2025-04-01 01:00:00,8911.2853594231,8779.016995477532,7248.3785592750955
forecast_2162,2025-04-01 02:00:00,8420.823930887585,8493.35862235127,7077.978689791639
forecast_2163,2025-04-01 03:00:00,8575.779180464971,8389.013472952643,7054.7254221299745
forecast_2164,2025-04-01 04:00:00,8601.595796940506,8705.332232805651,7064.101524797009
forecast_2165,2025-04-01 05:00:00,8327.540200313615,8312.600600105628,6669.292679933647
forecast_2166,2025-04-01 06:00:00,7351.451867908848,6775.212464514584,5759.244121305283
forecast_2167,2025-04-01 07:00:00,5560.9461851373735,5179.404028316767,4479.557833502762
forecast_2168,2025-04-01 08:00:00,4213.516073685349,3986.1340402353617,3709.633864628396
forecast_2169,2025-04-01 09:00:00,3799.3960415832407,3704.8270848137668,3269.288329952507
forecast_2170,2025-04-01 10:00:00,3329.821159571342,3657.3467415130563,2791.4881942056963
forecast_2171,2025-04-01 11:00:00,4140.6999998308465,3900.2603691661625,2384.1056662949477
forecast_2172,2025-04-01 12:00:00,1584.3367825959924,1283.2378097538751,182.49823046721752
forecast_2173,2025-04-01 13:00:00,177.937324410456,190.53424295834853,181.4558510281556
forecast_2174,2025-04-01 14:00:00,3377.7939834745994,3503.171004286923,2835.836828592032
forecast_2175,2025-04-01 15:00:00,3270.9176155664077,3552.022427609263,3173.4656432740517
forecast_2176,2025-04-01 16:00:00,3315.073380505264,3287.204396497748,3107.3457191349244
forecast_2177,2025-04-01 17:00:00,3939.3078624236487,3654.9346627280884,3309.0990497034413
forecast_2178,2025-04-01 18:00:00,3634.829870353132,3529.6783095062233,3249.316798467917
forecast_2179,2025-04-01 19:00:00,3091.001185562291,3127.4643979867055,3144.3096007161066
forecast_2180,2025-04-01 20:00:00,3321.612431354265,3460.0182689255666,2694.718008407905
forecast_2181,2025-04-01 21:00:00,3387.025034629166,3240.8376625950873,2245.066163994318
forecast_2182,2025-04-01 22:00:00,3289.4441119571147,3376.4004615209824,2675.5769107337555
forecast_2183,2025-04-01 23:00:00,3764.2123381281317,4596.557079412641,3251.281701219514
forecast_2184,2025-04-02 00:00:00,4079.753452422566,4795.013156222144,3351.1826336408267
forecast_2185,2025-04-02 01:00:00,3841.539465856151,5477.664931939216,4459.017659078146
forecast_2186,2025-04-02 02:00:00,3636.8035330093976,4812.93475122579,4722.755467559118
forecast_2187,2025-04-02 03:00:00,3713.058406228517,3818.8831533327475,3546.7766028901415
forecast_2188,2025-04-02 04:00:00,3062.4563665918668,3658.707968839385,2102.391637227428
forecast_2189,2025-04-02 05:00:00,3634.918666187125,3470.7401491004925,1100.8500081793331
forecast_2190,2025-04-02 06:00:00,3894.9988502593937,3366.061691783513,82.44236178156773
forecast_2191,2025-04-02 07:00:00,3019.454268764754,2987.663548151875,37.76881800656281
forecast_2192,2025-04-02 08:00:00,2649.1367022141885,3108.702080799202,22.59707278588446
forecast_2193,2025-04-02 09:00:00,2524.0132667872463,3002.002704672876,36.42344765373782
forecast_2194,2025-04-02 10:00:00,2415.139371002266,3064.138405238069,92.54102289368431
forecast_2195,2025-04-02 11:00:00,4483.515051264423,3584.1491410395593,2131.811877197284
forecast_2196,2025-04-02 12:00:00,2469.815128209363,2303.974225999341,319.5270338687178
forecast_2197,2025-04-02 13:00:00,2568.3725407006655,2600.7754154235654,2466.0691948925473
forecast_2198,2025-04-02 14:00:00,3007.5914327631067,2976.151596328605,2419.36033069906
forecast_2199,2025-04-02 15:00:00,3180.1216032332068,3414.5799530714244,2921.008570295112
forecast_2200,2025-04-02 16:00:00,3296.757401593246,3283.261670266286,2739.9856107249893
forecast_2201,2025-04-02 17:00:00,3459.309000791897,3397.1867554231135,2910.2077541754866
forecast_2202,2025-04-02 18:00:00,2945.664025013075,3320.593204327379,1912.311746190167
forecast_2203,2025-04-02 19:00:00,4053.436109214545,5458.119811603758,2410.2962955389507
forecast_2204,2025-04-02 20:00:00,4437.853815605237,4092.594175842771,1494.9308419504966
forecast_2205,2025-04-02 21:00:00,3823.995332526783,3562.174282954293,3334.426019814549
forecast_2206,2025-04-02 22:00:00,4152.61717021408,3540.786959222251,4083.3521255742185
forecast_2207,2025-04-02 23:00:00,3306.4368488818227,3387.7619992277973,3354.9800354886174
forecast_2208,2025-04-03 00:00:00,3543.487264767942,3483.1779587762057,2743.7461559589765
forecast_2209,2025-04-03 01:00:00,3233.2807092084463,3410.0811326316393,2957.1487017031923
forecast_2210,2025-04-03 02:00:00,3544.992252503694,3495.495965203234,2996.960743242284
forecast_2211,2025-04-03 03:00:00,3314.0202434959606,3521.2166826459074,2907.4078178827617
forecast_2212,2025-04-03 04:00:00,3664.0023276488796,3707.7287628260106,3234.2782416020036
forecast_2213,2025-04-03 05:00:00,3732.513334686399,3684.0120465958553,3149.2190874333446
forecast_2214,2025-04-03 06:00:00,3707.4457528889634,3677.8803079351073,3272.9997073738023
forecast_2215,2025-04-03 07:00:00,3675.3139849787594,3764.1996016333997,3295.7541472823673
forecast_2216,2025-04-03 08:00:00,3409.8421027566387,3604.4204647647666,3305.545885593575
forecast_2217,2025-04-03 09:00:00,3671.27399630769,3590.9468290163277,3198.4707347054546
forecast_2218,2025-04-03 10:00:00,3537.00418276626,3471.913835457516,3538.7280220919843
forecast_2219,2025-04-03 11:00:00,3557.372444450388,3570.2186662369804,3946.6553708361807
forecast_2220,2025-04-03 12:00:00,3007.3330091863954,3137.6978032133648,1971.2706599265987
forecast_2221,2025-04-03 13:00:00,3979.321391526166,2845.5861652343474,1939.5176231236626
forecast_2222,2025-04-03 14:00:00,321.2176345877491,2472.373330814797,1245.0263057219338
forecast_2223,2025-04-03 15:00:00,5501.41626710183,3642.1504068417025,1394.290766768763
forecast_2224,2025-04-03 16:00:00,4792.591223208309,3854.4534570200103,212.5193147712821
forecast_2225,2025-04-03 17:00:00,2999.6917266749647,3555.8039793819053,93.57700772457996
forecast_2226,2025-04-03 18:00:00,3448.792230104336,4538.253209365968,1326.5684836841026
forecast_2227,2025-04-03 19:00:00,2612.5351007246054,2672.8688027496028,1543.9493247838752
forecast_2228,2025-04-03 20:00:00,3178.3831410918306,3238.4054072159583,2683.4766431447624
forecast_2229,2025-04-03 21:00:00,3451.018530580832,3260.626775129561,2676.256707395579
forecast_2230,2025-04-03 22:00:00,3433.7584454656344,3092.353705132489,2752.6999411261036
forecast_2231,2025-04-03 23:00:00,3531.875733339082,3577.9053247431725,3414.7800596891407
forecast_2232,2025-04-04 00:00:00,3775.025890048599,3832.31170275851,3708.000069921292
forecast_2233,2025-04-04 01:00:00,5475.761727602181,5958.2449167388795,3834.795006888797
forecast_2234,2025-04-04 02:00:00,5897.462954892382,6249.570280622489,4105.87386746258
forecast_2235,2025-04-04 03:00:00,7038.027819949305,7187.070567848218,5331.129072000145
forecast_2236,2025-04-04 04:00:00,8245.263356001196,8624.982254706478,6500.147627484191
forecast_2237,2025-04-04 05:00:00,9967.995295376217,10956.81169633582,7419.388154723841
forecast_2238,2025-04-04 06:00:00,10523.936626071754,10914.045596380916,7175.282958484991
forecast_2239,2025-04-04 07:00:00,9847.675805153296,9914.672523972591,6591.184681326487
forecast_2240,2025-04-04 08:00:00,7427.077297944522,7415.539972170583,5100.536647199436
forecast_2241,2025-04-04 09:00:00,5106.111296244572,5040.899393783868,3807.9077201586742
forecast_2242,2025-04-04 10:00:00,3960.249304985496,3932.754011644881,3515.2615040172595
forecast_2243,2025-04-04 11:00:00,4059.423683366091,3636.2479758824684,3144.5437519698257
forecast_2244,2025-04-04 12:00:00,3121.718631250982,3245.5049490907923,2498.4706573245176
forecast_2245,2025-04-04 13:00:00,3259.2357565163006,3352.5492157439658,2800.2530523672954
forecast_2246,2025-04-04 14:00:00,3672.752102047455,3431.955072199708,2570.546519145626
forecast_2247,2025-04-04 15:00:00,3602.666934723856,3652.610530026378,3052.22939046859
forecast_2248,2025-04-04 16:00:00,3721.78911412359,3512.7966331703597,3295.977618440557
forecast_2249,2025-04-04 17:00:00,3851.3028385177836,3673.939343438529,3362.521558194172
forecast_2250,2025-04-04 18:00:00,3806.2318665271364,3866.636373580485,3493.9493465398014
forecast_2251,2025-04-04 19:00:00,3751.3085139875507,3852.836706931236,3497.0065341422905
forecast_2252,2025-04-04 20:00:00,3782.0500979805042,3926.382301315262,3490.1615886657005
forecast_2253,2025-04-04 21:00:00,3905.047251796814,3980.8846670737603,3737.972715697235
forecast_2254,2025-04-04 22:00:00,3818.724635557932,3976.5199747548177,3730.3484035723277
forecast_2255,2025-04-04 23:00:00,4021.3613617679143,4659.284200218895,3710.316474556137
forecast_2256,2025-04-05 00:00:00,4513.953131932367,4897.399485681556,3727.7159759570422
forecast_2257,2025-04-05 01:00:00,11116.034179234292,11983.587689385091,6630.258750823276
forecast_2258,2025-04-05 02:00:00,10998.373531229794,11632.692822658808,6103.755035050893
forecast_2259,2025-04-05 03:00:00,11203.795882166914,12016.35823804023,5973.536711861656
forecast_2260,2025-04-05 04:00:00,10677.09773604983,11346.044782925093,7697.038528491636
forecast_2261,2025-04-05 05:00:00,10651.752056822908,11309.081670372998,6541.269607699301
forecast_2262,2025-04-05 06:00:00,9495.598649583668,11828.249471361567,7396.0841737178525
forecast_2263,2025-04-05 07:00:00,9049.681722554373,10381.87537092904,6603.772870423634
forecast_2264,2025-04-05 08:00:00,8591.11989494874,10547.73980546566,6475.515114995723
forecast_2265,2025-04-05 09:00:00,6749.116161788986,7920.779723312382,5466.084250094603
forecast_2266,2025-04-05 10:00:00,4763.231132294724,5597.177712777926,4790.610600141223
forecast_2267,2025-04-05 11:00:00,6635.428348927214,8051.323217368592,5576.820288321865
forecast_2268,2025-04-05 12:00:00,8452.857435299851,10929.153908184235,8935.76189651399
forecast_2269,2025-04-05 13:00:00,9900.569511975169,11599.118594202642,9202.106148351091
forecast_2270,2025-04-05 14:00:00,10908.236666628602,13189.011531925798,10978.318226404848
forecast_2271,2025-04-05 15:00:00,11762.749655781152,14511.341213288426,12292.403735256024
forecast_2272,2025-04-05 16:00:00,15768.258311274929,16351.480550191009,12929.267952371309
forecast_2273,2025-04-05 17:00:00,15194.843556017711,16703.038692088958,14244.236604832238
forecast_2274,2025-04-05 18:00:00,15617.189550841345,16604.880411774724,14348.352970909638
forecast_2275,2025-04-05 19:00:00,15290.06096881878,16556.323636195342,13319.288063784345
forecast_2276,2025-04-05 20:00:00,14855.364944699399,16032.667587203805,13399.405570540903
forecast_2277,2025-04-05 21:00:00,14682.679920520843,17021.885914891627,13409.36186999961
forecast_2278,2025-04-05 22:00:00,14222.35888203194,16034.770423550686,13158.68051712804
forecast_2279,2025-04-05 23:00:00,14574.559520867297,17453.024595182575,13923.076320339404
forecast_2280,2025-04-06 00:00:00,14793.460670570046,16922.35573887017,14647.094034092781
forecast_2281,2025-04-06 01:00:00,14887.392716849734,17141.44789203811,14466.804669453977
forecast_2282,2025-04-06 02:00:00,15227.61682362788,17619.719894443373,14645.621935628827
forecast_2283,2025-04-06 03:00:00,15537.771561032432,17656.401089602263,15118.822562277728
forecast_2284,2025-04-06 04:00:00,15537.543465901023,17058.40736230503,14885.939026209058
forecast_2285,2025-04-06 05:00:00,15195.061551347582,16554.377903117685,14416.32907909828
forecast_2286,2025-04-06 06:00:00,14494.319332874984,17384.0930229474,13853.116285546292
forecast_2287,2025-04-06 07:00:00,14220.71001946866,15760.784394077176,13643.786028489825
forecast_2288,2025-04-06 08:00:00,14229.063569728023,16764.999311720563,13053.939029339765
forecast_2289,2025-04-06 09:00:00,13607.407102291227,15560.060501703054,12029.402500422764
forecast_2290,2025-04-06 10:00:00,12934.672303634268,13655.93700295106,10889.021316804869
forecast_2291,2025-04-06 11:00:00,13050.111477180959,13294.828232786542,10440.966795598086
forecast_2292,2025-04-06 12:00:00,12801.733440569498,13035.74222812479,10062.038129398128
forecast_2293,2025-04-06 13:00:00,13158.234359878048,12741.390310855913,10297.547380763472
forecast_2294,2025-04-06 14:00:00,12753.637393155666,12981.805368127152,9894.139059014638
forecast_2295,2025-04-06 15:00:00,12884.862043773282,12977.203868918086,10440.676451948897
forecast_2296,2025-04-06 16:00:00,13145.961786792259,13108.67091050032,10351.55216807731
forecast_2297,2025-04-06 17:00:00,13416.37563930087,13371.66898322081,10843.040396691942
forecast_2298,2025-04-06 18:00:00,13804.408324365757,14167.165503841594,11495.174747012208
forecast_2299,2025-04-06 19:00:00,14151.865754351658,14499.46440086041,11810.486091984714
forecast_2300,2025-04-06 20:00:00,14147.332535993099,15076.063513717563,12226.486353867887
forecast_2301,2025-04-06 21:00:00,14060.921699960198,15350.22826629536,12992.79680404443
forecast_2302,2025-04-06 22:00:00,14162.98480745087,15537.950081131072,13293.739616530313
forecast_2303,2025-04-06 23:00:00,14652.215818185448,16361.096472600333,13789.46098995594
forecast_2304,2025-04-07 00:00:00,14922.854372798429,16752.475094599493,13901.245919641702
forecast_2305,2025-04-07 01:00:00,15910.454882037078,17737.402254223347,15216.590913240827
forecast_2306,2025-04-07 02:00:00,15594.496735301487,17656.138628070003,14714.584332932249
forecast_2307,2025-04-07 03:00:00,15126.041150666224,17336.974373692625,14391.975574508384
forecast_2308,2025-04-07 04:00:00,14934.670937967856,16914.21786122958,13621.529236241651
forecast_2309,2025-04-07 05:00:00,14761.714195566083,16392.55638847735,13493.963792940394
forecast_2310,2025-04-07 06:00:00,13978.273800414563,15771.959606171304,12616.112106822617
forecast_2311,2025-04-07 07:00:00,14224.732430177088,15706.60612171533,11698.774683021122
forecast_2312,2025-04-07 08:00:00,14217.008567318786,14824.360464521025,10964.701027564139
forecast_2313,2025-04-07 09:00:00,12575.640789269724,13555.280425115056,9883.890792852568
forecast_2314,2025-04-07 10:00:00,11389.097445313599,12255.803364118334,8790.025421444707
forecast_2315,2025-04-07 11:00:00,10151.416853231429,10915.630458244135,7690.273891085204
forecast_2316,2025-04-07 12:00:00,10286.674675114162,10473.8893017477,7328.630303176523
forecast_2317,2025-04-07 13:00:00,10789.120708370194,10913.723981012561,7504.915374763539
forecast_2318,2025-04-07 14:00:00,11471.669636860865,11397.739251458725,8579.992130702589
forecast_2319,2025-04-07 15:00:00,12651.650768316113,12909.308221976498,10155.342931472775
forecast_2320,2025-04-07 16:00:00,13766.665396593375,14095.193344552528,12447.75441298854
forecast_2321,2025-04-07 17:00:00,15010.195817893697,16445.86080520682,13859.459913601897
forecast_2322,2025-04-07 18:00:00,15955.323857649775,17125.029223965776,15974.15332837401
forecast_2323,2025-04-07 19:00:00,16780.829659810122,18292.34089706433,16855.51647109054
forecast_2324,2025-04-07 20:00:00,17093.71532900515,18752.10326533049,17446.87970467122
forecast_2325,2025-04-07 21:00:00,17954.600547212616,19547.750088777895,18577.88622966479
forecast_2326,2025-04-07 22:00:00,18624.50360371589,19654.591222213592,19324.406570833737
forecast_2327,2025-04-07 23:00:00,19059.42543210158,19903.47961359238,19330.60470771778
forecast_2328,2025-04-08 00:00:00,19890.83844395325,20016.934885285977,19333.295042609545
forecast_2329,2025-04-08 01:00:00,19215.070881187574,19904.061133945263,19336.02055418463
forecast_2330,2025-04-08 02:00:00,19887.782376770232,19893.837335276356,19348.908888994698
forecast_2331,2025-04-08 03:00:00,19896.603996727183,19885.998321652583,19354.948712071975
forecast_2332,2025-04-08 04:00:00,19878.04799388894,19913.022775751826,19335.59639688673
forecast_2333,2025-04-08 05:00:00,19708.98131044524,19547.390840050175,19340.361885968654
forecast_2334,2025-04-08 06:00:00,19156.265948815897,19379.144199692935,18491.2741893704
forecast_2335,2025-04-08 07:00:00,18705.18420953901,18997.23122491729,17800.378028882024
forecast_2336,2025-04-08 08:00:00,17628.74620441058,18362.23552954233,15400.585625172225
forecast_2337,2025-04-08 09:00:00,16224.993569062628,17348.664833776573,13346.339977866326
forecast_2338,2025-04-08 10:00:00,14988.987006203939,15644.247529526738,11396.22830957894
forecast_2339,2025-04-08 11:00:00,13901.112030066603,14285.998527118736,9838.406023581241
forecast_2340,2025-04-08 12:00:00,13102.794037979302,13306.328832395458,8790.659243811453
forecast_2341,2025-04-08 13:00:00,11977.336690759517,12056.569725374266,8825.138876353378
forecast_2342,2025-04-08 14:00:00,10895.945010259928,10664.039493292277,8169.290639540858
forecast_2343,2025-04-08 15:00:00,8820.847383692219,9820.755993612762,6836.575663050432
forecast_2344,2025-04-08 16:00:00,7204.394156707672,7098.93651742458,5102.186944406291
forecast_2345,2025-04-08 17:00:00,4298.995861611163,4193.1758674768025,3720.7730960306053
forecast_2346,2025-04-08 18:00:00,4021.034829005036,3945.9594203386514,3630.8855679585013
forecast_2347,2025-04-08 19:00:00,4103.891847331069,3889.035896061015,3401.924018850267
forecast_2348,2025-04-08 20:00:00,3758.9525461971293,3743.446500593187,3273.643571570025
forecast_2349,2025-04-08 21:00:00,3710.124756788932,3608.620098442703,3065.6592283037926
forecast_2350,2025-04-08 22:00:00,3424.760665086802,3566.7120880092452,3108.8033408752276
forecast_2351,2025-04-08 23:00:00,3449.4836847704128,3375.7428239902497,2918.9071081994557
forecast_2352,2025-04-09 00:00:00,3487.7393864321584,3354.6601589045517,2902.7704947137913
forecast_2353,2025-04-09 01:00:00,3535.951083986577,3776.120981071774,5650.11215687444
forecast_2354,2025-04-09 02:00:00,3800.9782625568055,3467.410917257193,5134.4922133979835
forecast_2355,2025-04-09 03:00:00,3631.8870348025794,3508.34535724115,3779.193626345138
forecast_2356,2025-04-09 04:00:00,2964.9827949512596,3580.5196962534797,2378.946839314362
forecast_2357,2025-04-09 05:00:00,3186.5304842554206,3551.3306879312167,3633.6908927108143
forecast_2358,2025-04-09 06:00:00,3492.6777958327093,3387.9442442747445,4445.540721202002
forecast_2359,2025-04-09 07:00:00,3532.2930964890793,3547.085529964153,3072.2001591858193
forecast_2360,2025-04-09 08:00:00,3544.8336684656824,3463.1416669299674,2995.802213381924
forecast_2361,2025-04-09 09:00:00,3486.134055750096,3711.203660270433,3428.3265778479167
forecast_2362,2025-04-09 10:00:00,3748.624548120676,3697.1931930462283,3729.8467347472865
forecast_2363,2025-04-09 11:00:00,3482.887655809239,3643.0576806093604,3463.255713210363
forecast_2364,2025-04-09 12:00:00,3816.409180507306,3720.734273968492,3424.4774162650856
forecast_2365,2025-04-09 13:00:00,3738.3237473606086,3932.780339594012,3374.8223691994444
forecast_2366,2025-04-09 14:00:00,4188.957427695374,4486.272329225712,3733.9551427646225
forecast_2367,2025-04-09 15:00:00,6013.549761965892,5911.185988176368,4191.010195301986
forecast_2368,2025-04-09 16:00:00,6046.101001485795,8304.724733779038,4386.129284641441
forecast_2369,2025-04-09 17:00:00,6441.05189062213,7264.78504953492,4802.995031319641
forecast_2370,2025-04-09 18:00:00,9853.568486839478,8324.452460882467,5249.530984415197
forecast_2371,2025-04-09 19:00:00,7162.3852182138835,8559.033296006695,5295.392720677021
forecast_2372,2025-04-09 20:00:00,6892.228969754815,7831.164951162945,5897.75992855567
forecast_2373,2025-04-09 21:00:00,5626.346476509394,5965.700244444327,4971.779222674475
forecast_2374,2025-04-09 22:00:00,6908.732135880374,8166.011150176517,5483.4635849449
forecast_2375,2025-04-09 23:00:00,7327.640135927276,7564.701989610392,6197.7559833495625
forecast_2376,2025-04-10 00:00:00,7712.773301517556,9193.871363207785,6497.980326388065
forecast_2377,2025-04-10 01:00:00,6358.826952712149,7741.4849323974,5244.666259341879
forecast_2378,2025-04-10 02:00:00,7827.472927058284,8711.810084577557,5817.075651320655
forecast_2379,2025-04-10 03:00:00,8694.41562355738,9648.056035372001,6551.8237328554
forecast_2380,2025-04-10 04:00:00,8562.858789574519,9684.363906898727,6648.522471357718
forecast_2381,2025-04-10 05:00:00,8162.649783921645,8990.366781164861,5578.878858540038
forecast_2382,2025-04-10 06:00:00,6980.070477662973,7493.306590809542,4823.733386720992
forecast_2383,2025-04-10 07:00:00,7597.480591904138,7294.340713398556,4125.431139109527
forecast_2384,2025-04-10 08:00:00,5257.525490479003,4995.116167942571,3809.6105789303665
forecast_2385,2025-04-10 09:00:00,5098.457371460372,5059.393649749077,3770.1272948146
forecast_2386,2025-04-10 10:00:00,4976.8152174324105,5063.453690150467,3786.3660233026358
forecast_2387,2025-04-10 11:00:00,4373.323452135347,4642.801824395686,3565.043782738906
forecast_2388,2025-04-10 12:00:00,3908.1292340365094,3873.1925803242657,3597.4246283190078
forecast_2389,2025-04-10 13:00:00,4083.0924290835364,3968.576889829474,3772.054505673659
forecast_2390,2025-04-10 14:00:00,3848.5527136429723,3743.0693307789534,3490.7534207780122
forecast_2391,2025-04-10 15:00:00,4067.563387914859,3682.7025535738653,3759.135229397334
forecast_2392,2025-04-10 16:00:00,3802.9626265305906,3776.5000937324335,3697.3019965411095
forecast_2393,2025-04-10 17:00:00,3718.7463747707225,3740.7181773509155,3618.6431332329153
forecast_2394,2025-04-10 18:00:00,3765.5183888781853,3713.237098562057,3404.8963418948347
forecast_2395,2025-04-10 19:00:00,4120.077330367781,4138.187716249015,3888.311391247009
forecast_2396,2025-04-10 20:00:00,3831.4784276688715,3604.777446031432,3695.6462453487743
forecast_2397,2025-04-10 21:00:00,3758.0860023334963,3823.2072432779523,3602.5702700837924
forecast_2398,2025-04-10 22:00:00,3771.8008115357825,3809.609932397037,3685.8009644199615
forecast_2399,2025-04-10 23:00:00,3969.651220996015,3923.441200162938,3706.3990894927065
forecast_2400,2025-04-11 00:00:00,4029.563740345,4064.579846097307,3752.991709175733
forecast_2401,2025-04-11 01:00:00,3768.346081538031,3471.6391009304193,3202.3596879010993
forecast_2402,2025-04-11 02:00:00,3678.955916350912,3431.4402272457696,3353.360609290323
forecast_2403,2025-04-11 03:00:00,3492.541814350522,3479.085888318399,3160.1970657665597
forecast_2404,2025-04-11 04:00:00,3548.7417870297263,3491.333077731432,3281.5405850403795
forecast_2405,2025-04-11 05:00:00,3508.961801006002,3490.5821183951657,3338.083618397969
forecast_2406,2025-04-11 06:00:00,3791.245657602246,3537.1264275512845,3141.7546342562478
forecast_2407,2025-04-11 07:00:00,3589.2268002434107,3662.5566865450314,3005.9665579914495
forecast_2408,2025-04-11 08:00:00,3468.7635619734956,3760.839027113938,2575.5667399021386
forecast_2409,2025-04-11 09:00:00,3314.124589507568,3475.7424618189,1052.7918035097518
forecast_2410,2025-04-11 10:00:00,3326.7468098703544,3548.5778561276684,5.466531254141572
forecast_2411,2025-04-11 11:00:00,2331.0229203318313,2481.893682409777,14.858442699474743
forecast_2412,2025-04-11 12:00:00,30.212456033064218,1135.462065784698,43.941491201778355
forecast_2413,2025-04-11 13:00:00,112.97629083716484,123.7199287309105,138.23603569263543
forecast_2414,2025-04-11 14:00:00,2185.03493163805,2164.6211517442807,1831.496823733354
forecast_2415,2025-04-11 15:00:00,3388.948422410959,3689.894401495998,3325.0673779796775
forecast_2416,2025-04-11 16:00:00,4356.110461447791,4292.948078920338,3401.1844306951584
forecast_2417,2025-04-11 17:00:00,3597.378791806577,3434.6036254803794,3127.8746982194198
forecast_2418,2025-04-11 18:00:00,3628.1256269406344,3576.62258826563,2783.8881489769037
forecast_2419,2025-04-11 19:00:00,4598.517043132839,4203.8471745677,3853.141792937094
forecast_2420,2025-04-11 20:00:00,4142.542145400418,3936.538654503061,3726.119408647614
forecast_2421,2025-04-11 21:00:00,4337.4641686098175,4331.530862197247,3813.815326214978
forecast_2422,2025-04-11 22:00:00,4105.9240193414,5201.8274901956065,4553.133639103378
forecast_2423,2025-04-11 23:00:00,4767.48729495806,5257.618484102423,4668.32955172417
forecast_2424,2025-04-12 00:00:00,4715.910118192652,4831.57078071968,4607.034166202458
forecast_2425,2025-04-12 01:00:00,3814.953897203724,3799.30819104827,3730.993518581658
forecast_2426,2025-04-12 02:00:00,3740.3327626171285,3740.260880981826,3719.573417709592
forecast_2427,2025-04-12 03:00:00,3935.3381994002452,3870.971081030868,3725.2259782768983
forecast_2428,2025-04-12 04:00:00,3894.575503484023,4050.5609906686354,3820.1915987432535
forecast_2429,2025-04-12 05:00:00,4237.923851659876,4528.267803568607,3731.1230554004346
forecast_2430,2025-04-12 06:00:00,5378.993689280903,5969.329161463711,4133.012477362178
forecast_2431,2025-04-12 07:00:00,6100.598453660342,6592.53738405654,4677.669269154733
forecast_2432,2025-04-12 08:00:00,5690.0926733701235,6470.115163128792,5371.317209320799
forecast_2433,2025-04-12 09:00:00,7605.770025145874,9390.562059012069,6163.427060762068
forecast_2434,2025-04-12 10:00:00,9314.514259432251,10844.023855792582,7727.771777478648
forecast_2435,2025-04-12 11:00:00,9620.903508546306,11296.037100382286,8215.225658902027
forecast_2436,2025-04-12 12:00:00,12702.312302647038,13182.00436298076,9839.498854301424
forecast_2437,2025-04-12 13:00:00,12310.227095999637,14583.453742583553,10283.784808854165
forecast_2438,2025-04-12 14:00:00,11703.128633673417,14029.726889293528,10524.650410682147
forecast_2439,2025-04-12 15:00:00,11286.44384241571,12346.643527228367,10104.65509890974
forecast_2440,2025-04-12 16:00:00,10889.565890830552,12761.786508668003,9808.300578596018
forecast_2441,2025-04-12 17:00:00,10792.56623615458,11718.988823883528,9924.741698308286
forecast_2442,2025-04-12 18:00:00,11999.326832235794,13634.8767385257,10253.939229197968
forecast_2443,2025-04-12 19:00:00,13581.291158755406,14968.344511275116,12197.976789709779
forecast_2444,2025-04-12 20:00:00,14586.963554610686,15052.689443601674,13448.658880975874
forecast_2445,2025-04-12 21:00:00,15342.110867960013,15915.875337015734,14405.220245318085
forecast_2446,2025-04-12 22:00:00,15537.905381005045,16178.523519448361,15235.665606572189
forecast_2447,2025-04-12 23:00:00,15870.186008790963,16304.061805292336,15607.980028488966
forecast_2448,2025-04-13 00:00:00,15964.837323048347,16350.935030655179,15489.7731935065
forecast_2449,2025-04-13 01:00:00,15372.662253438304,16734.935248685113,14867.254056554733
forecast_2450,2025-04-13 02:00:00,15354.174852497297,17432.468828379824,14925.880528196216
forecast_2451,2025-04-13 03:00:00,15986.534412510537,17746.196406604988,15761.05004167217
forecast_2452,2025-04-13 04:00:00,16573.30279263028,18729.8618862658,16458.08221729405
forecast_2453,2025-04-13 05:00:00,17282.72768320218,18783.276829599123,17567.853885985496
forecast_2454,2025-04-13 06:00:00,18110.333862812444,19904.19691055177,18131.025932829372
forecast_2455,2025-04-13 07:00:00,18768.310587439646,19888.983629111,19006.220986170465
forecast_2456,2025-04-13 08:00:00,19903.72661962573,20037.982226313827,19326.131421912178
forecast_2457,2025-04-13 09:00:00,19777.504379320493,19937.873553295296,19334.058784329965
forecast_2458,2025-04-13 10:00:00,18007.96030939226,19690.837600828894,19329.988950331404
forecast_2459,2025-04-13 11:00:00,17774.582616410884,19403.780935868523,19200.0617127245
forecast_2460,2025-04-13 12:00:00,17539.768585226404,19144.392981150988,18622.16636847937
forecast_2461,2025-04-13 13:00:00,17612.46721201659,19218.69804366119,18641.08440887464
forecast_2462,2025-04-13 14:00:00,17603.28046599238,19430.1024419422,18520.512099165782
forecast_2463,2025-04-13 15:00:00,17589.959388737847,19260.926932382103,18381.885973870743
forecast_2464,2025-04-13 16:00:00,17641.497664153627,19291.73641608037,18462.22647371923
forecast_2465,2025-04-13 17:00:00,17834.193531916997,19140.691746652945,18594.55091939525
forecast_2466,2025-04-13 18:00:00,17985.856139610125,18702.63543772429,18543.499680112353
forecast_2467,2025-04-13 19:00:00,17757.131919318843,18262.049249759482,18274.736631880314
forecast_2468,2025-04-13 20:00:00,16998.188797067076,17619.694650393893,18274.1585555725
forecast_2469,2025-04-13 21:00:00,16090.629073469518,16666.970831635612,17978.383469148066
forecast_2470,2025-04-13 22:00:00,14835.863808899096,15531.26349239214,17409.22247097406
forecast_2471,2025-04-13 23:00:00,14292.046068066307,15746.20564621341,17169.29563688515
forecast_2472,2025-04-14 00:00:00,14146.371211012689,15331.076724524215,16354.304217656632
forecast_2473,2025-04-14 01:00:00,11896.409845301017,13759.366625900679,12773.043332042032
forecast_2474,2025-04-14 02:00:00,12770.771563907425,15009.957649085567,10132.312070381975
forecast_2475,2025-04-14 03:00:00,10261.791154398805,12258.499621212699,7747.521628774098
forecast_2476,2025-04-14 04:00:00,7984.883249500776,9596.507869704896,6829.958006919056
forecast_2477,2025-04-14 05:00:00,6059.280318803589,7757.021257802916,6109.089675357236
forecast_2478,2025-04-14 06:00:00,5421.013587462548,5731.455698651361,4740.06277475358
forecast_2479,2025-04-14 07:00:00,3911.759652321731,5061.46084955241,3839.298339765795
forecast_2480,2025-04-14 08:00:00,4008.0916528562116,5369.385077735394,3701.4775818969433
forecast_2481,2025-04-14 09:00:00,4880.569670564237,4087.6708023771093,3406.4229099889717
forecast_2482,2025-04-14 10:00:00,4106.757528808627,3908.8878702743805,3455.4392299400442
forecast_2483,2025-04-14 11:00:00,3594.5653951468134,3529.131132954803,3170.9645515882003
forecast_2484,2025-04-14 12:00:00,3822.569139980863,4010.7660468421595,3366.702340120137
forecast_2485,2025-04-14 13:00:00,3839.0079953965687,4368.362857224784,3275.217171314239
forecast_2486,2025-04-14 14:00:00,3491.2763092003065,3490.3516682760937,2942.950777464273
forecast_2487,2025-04-14 15:00:00,3722.7823577817258,3613.149725248461,3306.6689924751668
forecast_2488,2025-04-14 16:00:00,3838.1746427470844,3902.1161727605654,3228.996672433919
forecast_2489,2025-04-14 17:00:00,3497.3515292427996,3191.5960195625717,2874.009914250121
forecast_2490,2025-04-14 18:00:00,3371.40933986078,3529.3316611930295,3245.175705753135
forecast_2491,2025-04-14 19:00:00,3535.7004309658005,3530.738847147378,3478.56073358818
forecast_2492,2025-04-14 20:00:00,4278.877416648495,4237.98493321971,3346.8727898420957
forecast_2493,2025-04-14 21:00:00,4300.641539467647,4521.926914053551,3481.5641502711337
forecast_2494,2025-04-14 22:00:00,4040.281495486452,4939.274836584492,3724.7834479707117
forecast_2495,2025-04-14 23:00:00,5179.87335193305,4886.266162864728,3766.656929402899
forecast_2496,2025-04-15 00:00:00,5278.391391517724,5162.497663942112,3770.1243521793144
forecast_2497,2025-04-15 01:00:00,7237.214184735498,7553.920571516695,4533.696499286428
forecast_2498,2025-04-15 02:00:00,7485.519041449178,7816.831044029098,5209.659370878158
forecast_2499,2025-04-15 03:00:00,7289.393738717316,7507.808201701391,4877.64213773249
forecast_2500,2025-04-15 04:00:00,7475.133327689629,7607.1140398084535,4811.503765368533
forecast_2501,2025-04-15 05:00:00,7398.896155009005,7725.174840221161,4875.014180132048
forecast_2502,2025-04-15 06:00:00,7478.307322353274,7360.267480649535,5061.0502319305515
forecast_2503,2025-04-15 07:00:00,7488.650606452089,8337.838313592003,5297.973475611683
forecast_2504,2025-04-15 08:00:00,7810.0665716165695,7810.488721534629,5463.085605178272
forecast_2505,2025-04-15 09:00:00,8029.788094576462,9350.514721120837,5356.076234512611
forecast_2506,2025-04-15 10:00:00,8521.518942597006,9341.3237950494,6521.657800236856
forecast_2507,2025-04-15 11:00:00,8923.383060628963,8931.826377293193,7188.124630806849
forecast_2508,2025-04-15 12:00:00,9659.44137383657,9243.782846951808,7420.950410736309
forecast_2509,2025-04-15 13:00:00,9568.563319206354,9268.620767020655,7755.59835204143
forecast_2510,2025-04-15 14:00:00,9425.263667816871,9142.757910324988,8307.011562291784
forecast_2511,2025-04-15 15:00:00,10237.736308610116,9750.408028801798,8920.079504053416
forecast_2512,2025-04-15 16:00:00,11073.357787799847,10666.522554217783,9564.866516510909
forecast_2513,2025-04-15 17:00:00,12120.550295046303,12065.641440757687,9989.750589342322
forecast_2514,2025-04-15 18:00:00,12859.145824874093,13134.37120484197,10801.59165321405
forecast_2515,2025-04-15 19:00:00,13757.28499813363,13835.839648938507,11665.994217219702
forecast_2516,2025-04-15 20:00:00,14707.630518332846,15592.191983028482,13065.545873851635
forecast_2517,2025-04-15 21:00:00,15047.057773596873,17182.390816271298,14392.965817683586
forecast_2518,2025-04-15 22:00:00,15722.725889510159,18047.264585158824,16481.45414438767
forecast_2519,2025-04-15 23:00:00,15676.186727316039,18076.09701393358,15168.90275688055
forecast_2520,2025-04-16 00:00:00,15848.589910601722,17331.46629427619,15013.94150477012
forecast_2521,2025-04-16 01:00:00,17307.326600560635,17698.498282160792,15550.165780724023
forecast_2522,2025-04-16 02:00:00,16975.783565716694,17463.351871157498,14816.7885362335
forecast_2523,2025-04-16 03:00:00,16783.20325245333,17088.48346998221,14308.113448987055
forecast_2524,2025-04-16 04:00:00,16416.72200371367,17193.97490961921,14129.64159484121
forecast_2525,2025-04-16 05:00:00,16032.662261419113,17047.42102064672,14444.710823330883
forecast_2526,2025-04-16 06:00:00,15561.169790525873,17027.581856282744,14060.291272175753
forecast_2527,2025-04-16 07:00:00,15059.030628655517,16003.835494349087,13798.82620936915
forecast_2528,2025-04-16 08:00:00,14699.966882896233,14908.318200829024,12768.86629096056
forecast_2529,2025-04-16 09:00:00,11120.03432036925,14515.491111585932,11694.522026719116
forecast_2530,2025-04-16 10:00:00,12080.699066018726,12426.635547538452,10510.366981211799
forecast_2531,2025-04-16 11:00:00,10669.730933059434,10551.312841392468,9858.662577746873
forecast_2532,2025-04-16 12:00:00,10297.32252644592,10043.533483375415,10342.870750488324
forecast_2533,2025-04-16 13:00:00,11311.82757524897,11342.309797062962,11377.942017764237
forecast_2534,2025-04-16 14:00:00,11872.861479727277,11603.310655296145,12508.157074180646
forecast_2535,2025-04-16 15:00:00,12361.79052022854,12808.119297032086,13756.563711906656
forecast_2536,2025-04-16 16:00:00,13195.908664127162,15160.965185592322,14473.529034034542
forecast_2537,2025-04-16 17:00:00,14433.733250082238,16445.520615762405,14935.253338174973
forecast_2538,2025-04-16 18:00:00,16100.565292356727,17538.435595880554,16001.065127490754
forecast_2539,2025-04-16 19:00:00,16736.815123950808,17752.032499224886,17214.299601838058
forecast_2540,2025-04-16 20:00:00,16662.449712919097,18162.872483024406,17754.190849405415
forecast_2541,2025-04-16 21:00:00,16524.492632034406,18308.50187677581,18128.430151231452
forecast_2542,2025-04-16 22:00:00,16623.84322389781,18331.86529006092,17930.555421158402
forecast_2543,2025-04-16 23:00:00,16927.66036610287,18456.804753583583,18077.336645178282
forecast_2544,2025-04-17 00:00:00,17249.584422290736,18615.712416041635,18030.23102460648
forecast_2545,2025-04-17 01:00:00,17577.361767575967,18662.21066899953,16334.146177080662
forecast_2546,2025-04-17 02:00:00,17725.022451779714,19049.991720589478,17372.50345691453
forecast_2547,2025-04-17 03:00:00,17418.00216713705,18798.12080783149,17527.58077110075
forecast_2548,2025-04-17 04:00:00,16867.050698385916,18762.46786770971,17471.284233275343
forecast_2549,2025-04-17 05:00:00,16176.537822308475,17008.04519905813,16097.793161800446
forecast_2550,2025-04-17 06:00:00,16157.486328070156,17002.016361835234,16447.627325582045
forecast_2551,2025-04-17 07:00:00,16214.028793991758,18085.702383750366,16774.478047855115
forecast_2552,2025-04-17 08:00:00,14857.819340491864,17073.484650160033,15963.561267271585
forecast_2553,2025-04-17 09:00:00,15214.336338218314,16187.830783731044,13392.739604240818
forecast_2554,2025-04-17 10:00:00,14870.082665414237,16221.096259474913,10540.483937590145
forecast_2555,2025-04-17 11:00:00,14289.191649908837,14332.11046115934,10536.822760681158
forecast_2556,2025-04-17 12:00:00,12444.498342896806,12388.87649942911,9519.112543856903
forecast_2557,2025-04-17 13:00:00,11804.10722668877,11787.751290924914,8479.603791076244
forecast_2558,2025-04-17 14:00:00,10645.411975939613,11465.365130154732,8072.151500336257
forecast_2559,2025-04-17 15:00:00,10460.780319008703,11714.030854127768,9172.911154052503
forecast_2560,2025-04-17 16:00:00,10778.147510751372,11767.577084282793,10409.084752876457
forecast_2561,2025-04-17 17:00:00,11276.187803085399,12646.162001142699,11840.580678828732
forecast_2562,2025-04-17 18:00:00,11398.271520963823,13585.732901552194,12272.762832662846
forecast_2563,2025-04-17 19:00:00,12519.589425843044,14435.996640576455,12521.559562781295
forecast_2564,2025-04-17 20:00:00,12648.819942250002,15397.504067744565,12536.18456000214
forecast_2565,2025-04-17 21:00:00,13637.224631874655,16140.24819816523,12098.699497486838
forecast_2566,2025-04-17 22:00:00,13401.812297434331,16343.273134747558,11679.082804246942
forecast_2567,2025-04-17 23:00:00,15523.748303599521,17661.282517204036,13536.066908717321
forecast_2568,2025-04-18 00:00:00,15462.531643370943,17958.756421395043,15083.012042411136
forecast_2569,2025-04-18 01:00:00,17464.456273620748,19913.16145734211,17819.48951471916
forecast_2570,2025-04-18 02:00:00,17554.388096764138,19889.276649498504,17694.010148346486
forecast_2571,2025-04-18 03:00:00,17886.765862040033,19885.02808224711,19008.25163271029
forecast_2572,2025-04-18 04:00:00,18503.573352114996,19922.105728105627,18521.58718908502
forecast_2573,2025-04-18 05:00:00,18449.858044511395,19333.03690386523,17471.381483082878
forecast_2574,2025-04-18 06:00:00,17438.413971820966,18708.82950746217,15051.38871330966
forecast_2575,2025-04-18 07:00:00,16660.499010823372,17365.142546213607,13418.659291450538
forecast_2576,2025-04-18 08:00:00,15899.787153082147,16948.330546194324,13162.860761064048
forecast_2577,2025-04-18 09:00:00,14611.92628000864,15787.588885996605,13143.539906070979
forecast_2578,2025-04-18 10:00:00,15228.17115176627,15316.957870071697,12532.774513495055
forecast_2579,2025-04-18 11:00:00,13265.220340786804,13350.848699934264,11877.560022575415
forecast_2580,2025-04-18 12:00:00,11053.14984229751,11793.1218048115,10523.438019990743
forecast_2581,2025-04-18 13:00:00,10047.065724611186,10457.814851528752,8991.972338672918
forecast_2582,2025-04-18 14:00:00,8788.002734547365,9071.206384008452,8193.599775071409
forecast_2583,2025-04-18 15:00:00,8139.95856208752,8308.270609490432,7417.714043776845
forecast_2584,2025-04-18 16:00:00,7418.81689437165,7563.803081112278,6675.746755662666
forecast_2585,2025-04-18 17:00:00,7091.798040390423,7170.210845833416,6536.219205863357
forecast_2586,2025-04-18 18:00:00,7484.596991584333,7486.390008738747,6372.030716704224
forecast_2587,2025-04-18 19:00:00,8097.769112818464,8571.424787583717,8315.43061131208
forecast_2588,2025-04-18 20:00:00,9651.536061020446,10456.287237485116,9039.16864691298
forecast_2589,2025-04-18 21:00:00,10909.837508382549,12816.212375531228,10616.377634619985
forecast_2590,2025-04-18 22:00:00,12417.763845094269,13763.914834296485,10794.376624245628
forecast_2591,2025-04-18 23:00:00,11091.531534839218,13476.551874183298,9416.710297158326
forecast_2592,2025-04-19 00:00:00,10626.681234036563,10919.741612537551,9163.634645127604
forecast_2593,2025-04-19 01:00:00,11287.38060181898,13871.661489257522,10651.219907475808
forecast_2594,2025-04-19 02:00:00,11814.134138099442,14103.654633225715,11388.581979848614
forecast_2595,2025-04-19 03:00:00,13341.862775164223,15335.332777520995,12422.962267316576
forecast_2596,2025-04-19 04:00:00,13818.22455804278,15359.494929662944,12817.153839567032
forecast_2597,2025-04-19 05:00:00,14008.694591928086,15362.75481776881,11858.94471607145
forecast_2598,2025-04-19 06:00:00,13176.675458693879,15377.539704564628,11336.775499183153
forecast_2599,2025-04-19 07:00:00,13444.941953699743,15451.403833702478,10882.134572205117
forecast_2600,2025-04-19 08:00:00,13208.431818993047,14704.137209398354,10512.19524337311
forecast_2601,2025-04-19 09:00:00,13189.774062175751,15719.551986696531,10323.047641343619
forecast_2602,2025-04-19 10:00:00,13436.64901400485,14892.729287242493,11134.249045139975
forecast_2603,2025-04-19 11:00:00,13801.621129496396,15321.527690242347,12268.973683639844
forecast_2604,2025-04-19 12:00:00,15199.894688983688,16143.21285984935,13279.233875181118
forecast_2605,2025-04-19 13:00:00,14911.34249522966,17015.115772822104,14747.498554815917
forecast_2606,2025-04-19 14:00:00,15571.052384475553,17566.851070118686,16055.173373161522
forecast_2607,2025-04-19 15:00:00,15813.154626674057,17700.759113109783,16516.359658886227
forecast_2608,2025-04-19 16:00:00,17076.776700069844,18323.550171608105,17118.00625153217
forecast_2609,2025-04-19 17:00:00,17251.093723160306,18262.113093855893,17448.554704562317
forecast_2610,2025-04-19 18:00:00,17222.740100254698,18203.86334381588,17596.297298592766
forecast_2611,2025-04-19 19:00:00,16849.73948904167,17633.81873820402,16309.876017904164
forecast_2612,2025-04-19 20:00:00,16359.874278189223,16092.528454656405,15692.596490077958
forecast_2613,2025-04-19 21:00:00,15278.028561464656,14426.990225351588,14238.171303182513
forecast_2614,2025-04-19 22:00:00,15037.617422089806,14267.424977012912,12616.386574464581
forecast_2615,2025-04-19 23:00:00,12432.349621736414,13923.765818773414,9873.134392235948
forecast_2616,2025-04-20 00:00:00,12945.23389168138,12634.881066186505,9381.912916172392
forecast_2617,2025-04-20 01:00:00,8997.746942864445,10126.547205396655,6374.925766079194
forecast_2618,2025-04-20 02:00:00,7582.598617761033,8261.502073164867,5952.341758279141
forecast_2619,2025-04-20 03:00:00,5199.081334430187,5765.767242915304,4223.727570536051
forecast_2620,2025-04-20 04:00:00,4149.052987972336,3945.8107044769204,3429.1500981044574
forecast_2621,2025-04-20 05:00:00,3903.4955854856667,3884.451125841444,3362.9033842068475
forecast_2622,2025-04-20 06:00:00,3695.8912940832515,3718.356938010174,3248.925497012416
forecast_2623,2025-04-20 07:00:00,3265.934720473394,3527.3503831382823,2345.8465124862996
forecast_2624,2025-04-20 08:00:00,3182.865727458427,3244.876405398766,1169.8601807208668
forecast_2625,2025-04-20 09:00:00,2877.7048002628094,3269.932442467788,126.27266384610701
forecast_2626,2025-04-20 10:00:00,2850.3594542480405,3266.43029018984,1163.9354185197326
forecast_2627,2025-04-20 11:00:00,4304.585062793153,4051.0851448936355,1141.0918889670934
forecast_2628,2025-04-20 12:00:00,4101.535543765855,2735.888840771327,176.2494517995661
forecast_2629,2025-04-20 13:00:00,2809.9977336808956,2522.4907934384178,216.1536086013536
forecast_2630,2025-04-20 14:00:00,312.94327869882267,2699.606302088726,291.54295186001923
forecast_2631,2025-04-20 15:00:00,3518.509445627665,3745.547256052065,307.3925221277026
forecast_2632,2025-04-20 16:00:00,4659.31446663067,3641.5705107074373,257.9672466046567
forecast_2633,2025-04-20 17:00:00,3522.2558254234727,3447.571669903367,197.24243483554434
forecast_2634,2025-04-20 18:00:00,2980.852425651583,2872.6797293908344,887.3179455492976
forecast_2635,2025-04-20 19:00:00,2591.8518521474994,2452.27057252971,1659.3010094263514
forecast_2636,2025-04-20 20:00:00,3080.457553063513,2783.2908340093345,2015.303828131511
forecast_2637,2025-04-20 21:00:00,3151.2798152334667,3003.1713382895027,3953.3614348323827
forecast_2638,2025-04-20 22:00:00,3321.9107113327527,3109.89697455241,4754.002905249541
forecast_2639,2025-04-20 23:00:00,3263.318495124561,3087.740864599093,3151.0287299734327
forecast_2640,2025-04-21 00:00:00,3262.336158611772,3028.3995492864883,2943.5312629430396
forecast_2641,2025-04-21 01:00:00,3137.8383704817793,3424.565607405802,2689.3506763721257
forecast_2642,2025-04-21 02:00:00,3313.465184603012,3401.69028771904,3055.550838994748
forecast_2643,2025-04-21 03:00:00,3236.8538844061836,2889.510278962379,2370.072078992626
forecast_2644,2025-04-21 04:00:00,3050.4177523118797,2944.452739816773,2217.419695008969
forecast_2645,2025-04-21 05:00:00,3293.6454085144987,3135.5882034362035,2076.10410719876
forecast_2646,2025-04-21 06:00:00,3053.1894019364818,3384.656096657206,2116.7933386889877
forecast_2647,2025-04-21 07:00:00,3295.8350602021883,3575.2612300251594,2833.7137684396707
forecast_2648,2025-04-21 08:00:00,3417.4968200147123,3729.0675810315192,3325.0144211653446
forecast_2649,2025-04-21 09:00:00,3522.2265383864237,3660.1142240215113,3536.988366103501
forecast_2650,2025-04-21 10:00:00,3661.469216846073,3731.5049059177595,3583.625036503741
forecast_2651,2025-04-21 11:00:00,3832.7862128024276,3949.153487472829,3660.284503182792
forecast_2652,2025-04-21 12:00:00,3621.166655683517,3776.104756574365,3654.771227878275
forecast_2653,2025-04-21 13:00:00,3789.9668711266704,4057.181939098355,3722.376228883436
forecast_2654,2025-04-21 14:00:00,3690.049668546987,3846.9556203999464,3754.7627226389204
forecast_2655,2025-04-21 15:00:00,3778.9887618519774,3796.992904328113,3605.9710326893546
forecast_2656,2025-04-21 16:00:00,4328.809889002749,3969.532039824181,3583.9698107161207
forecast_2657,2025-04-21 17:00:00,4210.8526005634185,3998.4517698321297,3679.0664002293584
forecast_2658,2025-04-21 18:00:00,3978.344480052449,3738.5310260560573,3765.113289766188
forecast_2659,2025-04-21 19:00:00,4144.927886405049,4471.6678469479,3816.5411838390482
forecast_2660,2025-04-21 20:00:00,5009.111825597445,5782.323423022404,3973.4930479695163
forecast_2661,2025-04-21 21:00:00,5798.511812739379,7261.257550033755,4648.734783898486
forecast_2662,2025-04-21 22:00:00,7320.632756084368,8008.285861418676,5298.916461888087
forecast_2663,2025-04-21 23:00:00,8421.73017893968,9267.90987441838,6189.004749175164
forecast_2664,2025-04-22 00:00:00,8950.56277340465,10465.631581428852,6542.476343707951
forecast_2665,2025-04-22 01:00:00,9504.96383205249,10434.555176793712,7157.920447943968
forecast_2666,2025-04-22 02:00:00,9103.623333637357,9952.73386819041,6417.26183607364
forecast_2667,2025-04-22 03:00:00,8380.356219188256,9078.374350946173,5579.2870768518105
forecast_2668,2025-04-22 04:00:00,7593.327755317934,8174.648364673392,4894.668821631468
forecast_2669,2025-04-22 05:00:00,7061.838450778473,7339.645781426616,4763.385680167083
forecast_2670,2025-04-22 06:00:00,6411.333133143693,7229.577098332431,4036.3920812188458
forecast_2671,2025-04-22 07:00:00,4548.091339972836,4945.079819417465,3406.8236438448666
forecast_2672,2025-04-22 08:00:00,4905.319577897687,5629.385841034419,4209.9559367377615
forecast_2673,2025-04-22 09:00:00,4914.723415051136,5436.9543957283295,5058.425204490787
forecast_2674,2025-04-22 10:00:00,6874.854339584099,9586.670956397347,6827.134503086613
forecast_2675,2025-04-22 11:00:00,8211.338732843175,11217.62558639956,7815.354425466393
forecast_2676,2025-04-22 12:00:00,10456.227568095585,14278.513366378886,8052.830636447374
forecast_2677,2025-04-22 13:00:00,11608.7873093801,14042.798198864035,7601.870054697441
forecast_2678,2025-04-22 14:00:00,10489.777211354027,11662.643064598253,7378.447881296442
forecast_2679,2025-04-22 15:00:00,5736.610191894776,6543.82218324461,4719.947905736118
forecast_2680,2025-04-22 16:00:00,4670.122334092581,4697.444088236799,3790.742448000142
forecast_2681,2025-04-22 17:00:00,3793.444932920746,3813.4865283774056,3606.771120953164
forecast_2682,2025-04-22 18:00:00,3531.2375026984723,3641.7849949648817,3485.9963749714193
forecast_2683,2025-04-22 19:00:00,3951.003757281513,3914.0302136838127,3726.749076066706
forecast_2684,2025-04-22 20:00:00,4134.117076152927,4379.921966089179,3543.029173642362
forecast_2685,2025-04-22 21:00:00,4317.790110832247,4319.7884335476465,3674.211033564554
forecast_2686,2025-04-22 22:00:00,4562.054507580613,4179.148503255859,3777.133774858041
forecast_2687,2025-04-22 23:00:00,4761.009564039648,5100.3505966343355,3698.9481976139577
forecast_2688,2025-04-23 00:00:00,5606.577519917243,5837.888901627792,4011.300656891082
forecast_2689,2025-04-23 01:00:00,6249.6180264969025,6894.857004353823,5016.580555402227
forecast_2690,2025-04-23 02:00:00,5715.781418596031,6602.603176703706,4724.991403753772
forecast_2691,2025-04-23 03:00:00,5211.549012413508,5628.010081021783,3906.1392074240925
forecast_2692,2025-04-23 04:00:00,5233.822860172755,5761.30707658736,3996.9686958428883
forecast_2693,2025-04-23 05:00:00,4826.957360988572,5060.72996282753,3974.678484548714
forecast_2694,2025-04-23 06:00:00,3935.3985567383925,4159.782871575362,3534.149156387766
forecast_2695,2025-04-23 07:00:00,3812.7390757521343,3846.499676190145,3819.3049415868
forecast_2696,2025-04-23 08:00:00,4360.148233021059,4269.723797695367,3800.89705689447
forecast_2697,2025-04-23 09:00:00,3846.887192211195,3982.6782595061227,3427.7126408812132
forecast_2698,2025-04-23 10:00:00,3471.5069147165077,3683.6618412292446,3415.810979249895
forecast_2699,2025-04-23 11:00:00,3357.8094344902997,3527.9398129886335,3535.5995003242547
forecast_2700,2025-04-23 12:00:00,3938.63323280099,3858.3560753627494,3443.529135011652
forecast_2701,2025-04-23 13:00:00,2542.842235296497,2800.4123093054377,1751.4530112279563
forecast_2702,2025-04-23 14:00:00,3340.359896914614,2340.261594964684,831.0843444057318
forecast_2703,2025-04-23 15:00:00,3617.0658538089788,3308.165097366886,2550.470126894511
forecast_2704,2025-04-23 16:00:00,3683.9535204165372,3642.345860037751,2752.5370899009417
forecast_2705,2025-04-23 17:00:00,3694.1185990808945,3955.647027597562,3366.5597170104606
forecast_2706,2025-04-23 18:00:00,3823.3524345340506,3829.4783006868947,3635.3213941434287
forecast_2707,2025-04-23 19:00:00,3536.523059837698,3651.0493144432435,3455.1594964823944
forecast_2708,2025-04-23 20:00:00,5193.897577294464,5301.831230475682,3819.430627340584
forecast_2709,2025-04-23 21:00:00,7153.735777656996,7318.493777870767,4836.512533353071
forecast_2710,2025-04-23 22:00:00,9255.218492073041,9923.466557699288,7388.402915240303
forecast_2711,2025-04-23 23:00:00,11188.808953308268,12010.303553325839,9489.906541756198
forecast_2712,2025-04-24 00:00:00,12494.41859388467,12695.500814522338,10590.619444700504
forecast_2713,2025-04-24 01:00:00,15286.721521131523,15881.617492806261,13207.560941240376
forecast_2714,2025-04-24 02:00:00,15111.813706760839,16688.257639063475,11249.106782426401
forecast_2715,2025-04-24 03:00:00,15092.857665997737,17317.6899591444,11153.6935597969
forecast_2716,2025-04-24 04:00:00,16047.37556221236,17731.37519615952,12679.635888384852
forecast_2717,2025-04-24 05:00:00,16785.82387748736,17559.612270096073,14784.40700509088
forecast_2718,2025-04-24 06:00:00,16950.56413606764,17708.1382585951,14761.994013494603
forecast_2719,2025-04-24 07:00:00,16194.037250916264,16969.153913184928,13639.007875654828
forecast_2720,2025-04-24 08:00:00,14299.599068645239,14907.001902442726,11099.452488347331
forecast_2721,2025-04-24 09:00:00,12463.939969256951,12500.060540876892,9024.714921366316
forecast_2722,2025-04-24 10:00:00,11193.40538937692,11238.047317050654,7585.398024595713
forecast_2723,2025-04-24 11:00:00,10873.538929863611,11029.181033825034,8279.614897347943
forecast_2724,2025-04-24 12:00:00,10853.278952147886,10995.313245328809,8928.281665217772
forecast_2725,2025-04-24 13:00:00,12149.97978557872,12663.709801647929,10226.224563350155
forecast_2726,2025-04-24 14:00:00,13245.465720353764,14420.287365540213,11351.835849549585
forecast_2727,2025-04-24 15:00:00,14552.187061138482,15848.741384570907,12452.9132917714
forecast_2728,2025-04-24 16:00:00,15220.882458460746,16646.998856521906,13068.72908859127
forecast_2729,2025-04-24 17:00:00,15601.824190641551,16009.602184937745,13809.145932299516
forecast_2730,2025-04-24 18:00:00,16082.767482281199,16541.51355892139,14410.88959009024
forecast_2731,2025-04-24 19:00:00,16730.074319215,17239.152156033404,15117.283593914877
forecast_2732,2025-04-24 20:00:00,16801.224383746438,17834.886129151335,16142.798728628124
forecast_2733,2025-04-24 21:00:00,16767.148538309888,17791.27854635995,16581.46247198279
forecast_2734,2025-04-24 22:00:00,16090.421239177584,17194.33478205602,15671.171031628612
forecast_2735,2025-04-24 23:00:00,15614.397004016122,16954.550888926005,14307.461707496475
forecast_2736,2025-04-25 00:00:00,15538.600699459113,17014.182195478763,13714.697052298065
forecast_2737,2025-04-25 01:00:00,14306.633292476488,15318.150920187383,12225.009341266035
forecast_2738,2025-04-25 02:00:00,13125.500774924814,14805.193405281025,11774.051787525548
forecast_2739,2025-04-25 03:00:00,12908.766686604968,14595.921110846546,10948.831644092535
forecast_2740,2025-04-25 04:00:00,12650.316652736894,14075.548301792149,10562.573904710775
forecast_2741,2025-04-25 05:00:00,12647.47589096263,14064.638365118528,10507.504118486715
forecast_2742,2025-04-25 06:00:00,12499.757342582678,14042.43496886479,10223.06562612739
forecast_2743,2025-04-25 07:00:00,12728.684188328252,13872.550589363078,9842.818439059678
forecast_2744,2025-04-25 08:00:00,12530.89976398232,14708.072233296181,9742.559318320493
forecast_2745,2025-04-25 09:00:00,13032.45026391626,13188.987402277271,9757.35373327099
forecast_2746,2025-04-25 10:00:00,12754.142256526913,13228.249084957799,9617.002736287839
forecast_2747,2025-04-25 11:00:00,12449.829737608243,12402.86624309281,9130.876239091294
forecast_2748,2025-04-25 12:00:00,11799.568378950802,12019.969148898137,8455.09298260511
forecast_2749,2025-04-25 13:00:00,11545.110858141119,11387.027772629639,8126.799801510816
forecast_2750,2025-04-25 14:00:00,11352.84967845137,11604.040416004687,8552.797547227687
forecast_2751,2025-04-25 15:00:00,11609.753574688304,11798.91464295481,8691.346227976333
forecast_2752,2025-04-25 16:00:00,11657.099632570795,12018.708004517064,9259.707526594048
forecast_2753,2025-04-25 17:00:00,12659.423930304218,12505.69368333848,9128.521469760883
forecast_2754,2025-04-25 18:00:00,13078.628573759242,12694.474548086419,9516.149832490964
forecast_2755,2025-04-25 19:00:00,13509.641176887586,12954.902107402664,9766.403254517452
forecast_2756,2025-04-25 20:00:00,13739.176242398395,14032.665044053248,10909.497899472532
forecast_2757,2025-04-25 21:00:00,13699.626539665898,14864.498041494426,11557.215098855824
forecast_2758,2025-04-25 22:00:00,13703.342291555782,13792.15890687908,11247.42022396281
forecast_2759,2025-04-25 23:00:00,12974.326312166892,13473.337150372503,10146.328364714964
forecast_2760,2025-04-26 00:00:00,12701.10211894668,13103.31866235015,9835.47007165586
forecast_2761,2025-04-26 01:00:00,9527.207777759995,10827.830394175026,8684.385107815342
forecast_2762,2025-04-26 02:00:00,10718.861597394762,11630.011352710164,9848.859212351932
forecast_2763,2025-04-26 03:00:00,11871.141916473316,13232.008242596983,11075.66695790124
forecast_2764,2025-04-26 04:00:00,12164.083694389876,14362.475216722694,11985.16742318571
forecast_2765,2025-04-26 05:00:00,12515.741301036434,14153.491476399686,11803.54538243737
forecast_2766,2025-04-26 06:00:00,13527.424713417518,14883.463037121628,12216.723554934322
forecast_2767,2025-04-26 07:00:00,14098.622386473542,15030.771077767831,12735.953602561609
forecast_2768,2025-04-26 08:00:00,14811.761222342955,15810.439027062888,12984.004312342533
forecast_2769,2025-04-26 09:00:00,14599.276788009529,15585.225843478467,12651.644600639656
forecast_2770,2025-04-26 10:00:00,14683.60017186335,15613.490188030926,11515.356185287907
forecast_2771,2025-04-26 11:00:00,13673.597784072475,14003.592850675666,11552.444028622524
forecast_2772,2025-04-26 12:00:00,13572.323533293782,13654.123074365947,11301.864373937453
forecast_2773,2025-04-26 13:00:00,13906.546624395018,14140.884667235601,11324.302910342882
forecast_2774,2025-04-26 14:00:00,14718.963896710342,14848.685637294815,11788.075603930462
forecast_2775,2025-04-26 15:00:00,15291.089759898789,15520.824623517405,12539.490722379003
forecast_2776,2025-04-26 16:00:00,15937.30819252697,16438.2477919217,14250.858814616093
forecast_2777,2025-04-26 17:00:00,16487.514675358936,17079.44157920921,15161.126327904705
forecast_2778,2025-04-26 18:00:00,16894.675419998657,17784.91543723946,16663.97554110153
forecast_2779,2025-04-26 19:00:00,17725.532144817666,18629.723573888718,18164.565244962476
forecast_2780,2025-04-26 20:00:00,18473.157527846757,19138.286163843975,19223.21191113855
forecast_2781,2025-04-26 21:00:00,19361.033020026152,19784.53800851684,19331.850656786843
forecast_2782,2025-04-26 22:00:00,19905.236055666774,20027.086976047434,19665.375930837756
forecast_2783,2025-04-26 23:00:00,20005.917975071578,19919.53635930881,19759.044624843635
forecast_2784,2025-04-27 00:00:00,19936.164970508824,19928.380930695435,19730.648407103894
forecast_2785,2025-04-27 01:00:00,19898.54752968875,19994.005969815964,19334.321769015678
forecast_2786,2025-04-27 02:00:00,19894.85195263184,19880.002331812473,19332.39592844682
forecast_2787,2025-04-27 03:00:00,19365.843576173495,19798.47626003094,19325.41403015734
forecast_2788,2025-04-27 04:00:00,18903.586714719677,19522.72359079866,19330.52529615337
forecast_2789,2025-04-27 05:00:00,18678.692387731804,19158.701962853524,19363.530152127994
forecast_2790,2025-04-27 06:00:00,18318.12892343052,18931.384969397917,19333.047074043567
forecast_2791,2025-04-27 07:00:00,18215.196055500735,18797.951571579386,19339.765868642007
forecast_2792,2025-04-27 08:00:00,18076.670269827533,19078.865522758515,18686.51035986347
forecast_2793,2025-04-27 09:00:00,17331.643159111565,18682.03117977403,16984.67414106875
forecast_2794,2025-04-27 10:00:00,17090.420001585302,17894.592581051544,15668.308247450132
forecast_2795,2025-04-27 11:00:00,16953.678348353198,17704.77789629332,15563.580043457874
forecast_2796,2025-04-27 12:00:00,17248.441383190988,17949.9473725135,16092.109982458891
forecast_2797,2025-04-27 13:00:00,17432.485074840424,18737.357334178545,16160.670195625942
forecast_2798,2025-04-27 14:00:00,17642.785450914213,18368.98423832985,15994.932621857803
forecast_2799,2025-04-27 15:00:00,17107.782778026143,18566.616426254004,15962.224361279785
forecast_2800,2025-04-27 16:00:00,16902.109799788108,18255.250551653753,16098.937888984085
forecast_2801,2025-04-27 17:00:00,16796.832177045188,17382.299511766872,16022.825515943963
forecast_2802,2025-04-27 18:00:00,16826.209146016285,17559.06165204287,15757.840490162584
forecast_2803,2025-04-27 19:00:00,17117.264577301117,18045.347093559652,16317.53366713381
forecast_2804,2025-04-27 20:00:00,17225.69733304448,18534.748700356486,17256.697246029333
forecast_2805,2025-04-27 21:00:00,17618.18356919322,18834.157253730948,17507.109153280882
forecast_2806,2025-04-27 22:00:00,17817.404537023573,18963.493717114558,17937.899280002734
forecast_2807,2025-04-27 23:00:00,18034.038929569862,18823.80104683291,17151.531775631924
forecast_2808,2025-04-28 00:00:00,18285.029451655915,18946.3193949347,17123.807558378892
forecast_2809,2025-04-28 01:00:00,15108.520593969291,17448.245066189676,15425.25894199505
forecast_2810,2025-04-28 02:00:00,15024.665596630874,17288.36877435326,15127.225360143753
forecast_2811,2025-04-28 03:00:00,14585.381193092464,16599.968618307248,14204.831495798222
forecast_2812,2025-04-28 04:00:00,13777.453197052451,15223.910669520523,12392.240492474813
forecast_2813,2025-04-28 05:00:00,11159.776996010098,12854.234980947596,9648.928392913698
forecast_2814,2025-04-28 06:00:00,9149.371797443142,10951.343044250163,7224.7506098964195
forecast_2815,2025-04-28 07:00:00,7361.226339656176,8314.776151932883,5843.748832091408
forecast_2816,2025-04-28 08:00:00,7240.813881006216,7580.028811762942,4698.0005837108065
forecast_2817,2025-04-28 09:00:00,6629.586419117024,7917.410230115342,4748.166928383214
forecast_2818,2025-04-28 10:00:00,6991.425108373606,6614.05349891192,4602.8118989976565
forecast_2819,2025-04-28 11:00:00,9838.944044904341,8888.498850815924,6168.614602353625
forecast_2820,2025-04-28 12:00:00,10171.477653896434,10398.553008412935,8181.330793847971
forecast_2821,2025-04-28 13:00:00,11191.173652080593,10948.112059315405,9396.932234561942
forecast_2822,2025-04-28 14:00:00,12323.55263215427,12092.00465427033,9532.143162590086
forecast_2823,2025-04-28 15:00:00,11414.696643202284,11299.492536223755,8821.781653610948
forecast_2824,2025-04-28 16:00:00,9292.072851549854,9213.167034239226,7135.373488065642
forecast_2825,2025-04-28 17:00:00,6595.4252427147,6653.322427320522,5244.632725446294
forecast_2826,2025-04-28 18:00:00,5136.175408062997,4951.841090479286,3786.0602757875163
forecast_2827,2025-04-28 19:00:00,4020.753246145534,4367.955868311992,3584.413278044864
forecast_2828,2025-04-28 20:00:00,6272.126142797477,6439.093649453311,4548.34935476217
forecast_2829,2025-04-28 21:00:00,5367.398439042409,5791.256573500287,4601.375838471267
forecast_2830,2025-04-28 22:00:00,7006.150640247859,5692.574381514549,4220.3474440392865
forecast_2831,2025-04-28 23:00:00,4741.933602413386,5231.291089987275,5428.660057913381
forecast_2832,2025-04-29 00:00:00,4949.136589609023,4663.5697548625285,4321.850667952989
forecast_2833,2025-04-29 01:00:00,3739.032829743313,3868.455696560556,3446.2357972732634
forecast_2834,2025-04-29 02:00:00,3794.2685927099474,3779.943587914445,3487.5896231725424
forecast_2835,2025-04-29 03:00:00,3974.9196289889096,3893.1476583755643,3553.945786878497
forecast_2836,2025-04-29 04:00:00,3880.119711211499,3894.1117534322866,3337.1139189112114
forecast_2837,2025-04-29 05:00:00,3978.9590890539985,3926.1102451365346,3705.6688508618695
forecast_2838,2025-04-29 06:00:00,3996.691707633741,4148.089887537198,3971.2368844376083
forecast_2839,2025-04-29 07:00:00,3906.523025772346,4071.7893015901504,4266.2466621165795
forecast_2840,2025-04-29 08:00:00,6876.616292729656,6745.971155353264,4981.816344810223
forecast_2841,2025-04-29 09:00:00,7016.342777959574,7050.715598166862,5263.21726977063
forecast_2842,2025-04-29 10:00:00,7218.276948663883,6716.664472319646,4674.9547411181165
forecast_2843,2025-04-29 11:00:00,7504.580483399652,7179.973710739984,4942.616212059793
forecast_2844,2025-04-29 12:00:00,7852.421146089046,6982.704362387285,4876.5241378942565
forecast_2845,2025-04-29 13:00:00,7055.600274559412,6559.871025414965,4395.595912914511
forecast_2846,2025-04-29 14:00:00,6480.332903950782,5830.312070690697,4548.5614664848745
forecast_2847,2025-04-29 15:00:00,6923.582901614793,6646.071869632196,4810.27058151736
forecast_2848,2025-04-29 16:00:00,6382.64982752391,6648.210444550956,5088.571207828832
forecast_2849,2025-04-29 17:00:00,6212.240992216018,6607.440694212278,4970.362814248379
forecast_2850,2025-04-29 18:00:00,6647.884229629294,6778.7640696359485,5475.620053797578
forecast_2851,2025-04-29 19:00:00,9033.182746708739,8912.83865999773,7350.443922259186
forecast_2852,2025-04-29 20:00:00,12387.207635762099,13238.089196399973,10297.492852557143
forecast_2853,2025-04-29 21:00:00,15974.535082819173,16652.167155957246,12876.203448566104
forecast_2854,2025-04-29 22:00:00,16804.588989151784,18048.174523742495,15635.909251729026
forecast_2855,2025-04-29 23:00:00,18182.89007906976,19140.06494833637,17584.92820143054
forecast_2856,2025-04-30 00:00:00,18442.424794931954,19359.795331810714,18315.737849628647
forecast_2857,2025-04-30 01:00:00,19974.788586518207,20309.841682748214,19330.302629453243
forecast_2858,2025-04-30 02:00:00,19954.406932669233,20309.66748970008,19331.037943639712
forecast_2859,2025-04-30 03:00:00,19976.820010470386,20314.24319268304,19347.33849099375
forecast_2860,2025-04-30 04:00:00,19884.075354634577,20309.41471634073,19335.302357555014
forecast_2861,2025-04-30 05:00:00,19890.584064694125,20271.3428020179,19327.442721117128
forecast_2862,2025-04-30 06:00:00,18890.883582079026,19888.40310566692,19330.660049311755
forecast_2863,2025-04-30 07:00:00,17596.056443493235,18625.34448149403,17933.963892314194
forecast_2864,2025-04-30 08:00:00,17280.925698272975,17868.124113100046,16834.75257518619
forecast_2865,2025-04-30 09:00:00,16693.72230929617,17281.670698572867,16492.846620877397
forecast_2866,2025-04-30 10:00:00,13365.247999015779,16551.16298265084,15459.137540441247
forecast_2867,2025-04-30 11:00:00,13071.244864991406,14025.315919889845,13648.850721519315
forecast_2868,2025-04-30 12:00:00,12956.630185734279,14012.914267447108,11722.337458207254
forecast_2869,2025-04-30 13:00:00,11549.558182873405,12894.674131522015,10644.916402577104
forecast_2870,2025-04-30 14:00:00,10907.31123100067,11842.04007950818,10312.937619723814
forecast_2871,2025-04-30 15:00:00,9567.819638692683,11332.979793285333,9590.47042868417
forecast_2872,2025-04-30 16:00:00,8979.471714059871,10196.32655431257,9278.474025127533
forecast_2873,2025-04-30 17:00:00,7793.808801051632,8555.20789394067,6177.7078974017795
forecast_2874,2025-04-30 18:00:00,6710.006415534722,7316.760352484714,5458.21942652576
forecast_2875,2025-04-30 19:00:00,5231.230822158311,6836.351231879368,4483.1352236957
forecast_2876,2025-04-30 20:00:00,7071.9914446007,8882.55176494858,5412.348768713298
forecast_2877,2025-04-30 21:00:00,9457.253023124289,11168.696086074839,7211.519536498016
forecast_2878,2025-04-30 22:00:00,10122.474051785983,12570.610725317425,8625.073059751181
forecast_2879,2025-04-30 23:00:00,11403.77483929434,13331.076811279449,8916.070312657477
forecast_2880,2025-05-01 00:00:00,10973.637470606103,13096.569635451613,8922.663230371281
forecast_2881,2025-05-01 01:00:00,13280.47679681364,12766.834916803464,10854.636024842415
forecast_2882,2025-05-01 02:00:00,14002.368101658074,15086.79591297143,11693.737645318955
forecast_2883,2025-05-01 03:00:00,13898.230211607368,15586.933912570099,12770.548650807148
forecast_2884,2025-05-01 04:00:00,14148.321103978595,15739.379955958204,14005.589579899923
forecast_2885,2025-05-01 05:00:00,14286.254311873028,16774.166216544116,14119.892854223746
forecast_2886,2025-05-01 06:00:00,15287.531711244432,17194.65495468494,14162.569783174507
forecast_2887,2025-05-01 07:00:00,15652.517096880538,17167.194971871206,15053.640820322964
forecast_2888,2025-05-01 08:00:00,15779.1187119936,17086.965642906824,14853.443435725432
forecast_2889,2025-05-01 09:00:00,16023.798261962833,15793.198536672926,14353.455445405649
forecast_2890,2025-05-01 10:00:00,16524.94354759494,16517.901858999783,14400.876390016032
forecast_2891,2025-05-01 11:00:00,17017.019380572598,16909.35957430377,14603.934698621964
forecast_2892,2025-05-01 12:00:00,16989.000082365885,17122.460182222847,15475.58234985542
forecast_2893,2025-05-01 13:00:00,17229.895363254334,17436.09888547075,16188.613956082503
forecast_2894,2025-05-01 14:00:00,17549.83563227354,17726.83748762197,17124.06568357255
forecast_2895,2025-05-01 15:00:00,18037.093167974428,17849.564990309063,17556.48777258925
forecast_2896,2025-05-01 16:00:00,17344.059259789607,17667.663757139697,17626.995809865683
forecast_2897,2025-05-01 17:00:00,16214.906730457176,17126.84294757962,16554.96464500868
forecast_2898,2025-05-01 18:00:00,14567.668948935632,17637.385146517958,14658.375558294201
forecast_2899,2025-05-01 19:00:00,16314.275497685596,16913.516842219287,13853.020904640722
forecast_2900,2025-05-01 20:00:00,13835.867926509274,16241.627942041865,12316.296390266723
forecast_2901,2025-05-01 21:00:00,13788.811085880941,16500.491745665888,11498.873629078402
forecast_2902,2025-05-01 22:00:00,13431.42599472297,15295.570074377216,11882.97328304579
forecast_2903,2025-05-01 23:00:00,14632.939326093776,16847.66982883442,13370.968818331809
forecast_2904,2025-05-02 00:00:00,16502.163716338142,17712.98121137674,15462.584596220946
forecast_2905,2025-05-02 01:00:00,16923.07099205445,17595.81380386576,15692.100594795975
forecast_2906,2025-05-02 02:00:00,17025.117840103518,17372.302513942443,15765.325265325831
forecast_2907,2025-05-02 03:00:00,15904.666965475997,16405.73435185167,14360.524997864695
forecast_2908,2025-05-02 04:00:00,15779.938381989914,16181.445372932301,14129.88356381971
forecast_2909,2025-05-02 05:00:00,15940.600520697688,16746.169429728416,14372.83940485189
forecast_2910,2025-05-02 06:00:00,16145.030688427867,16913.983574640206,14268.866612218528
forecast_2911,2025-05-02 07:00:00,16082.292873937398,16574.584481985188,13187.407846790902
forecast_2912,2025-05-02 08:00:00,15303.019202591067,16030.047183388588,12589.400716166307
forecast_2913,2025-05-02 09:00:00,13438.90450981891,14221.954408257963,11561.076403422547
forecast_2914,2025-05-02 10:00:00,10870.714466252659,12419.310671665911,9511.745327234818
forecast_2915,2025-05-02 11:00:00,9087.637961643324,11216.395615769314,6739.356105722568
forecast_2916,2025-05-02 12:00:00,7414.172731812107,10271.467917181622,5626.7656594505515
forecast_2917,2025-05-02 13:00:00,7196.639847176357,11012.221252584231,5221.299039131583
forecast_2918,2025-05-02 14:00:00,8281.060990712273,10162.409406799845,4791.007261387871
forecast_2919,2025-05-02 15:00:00,8766.026129635931,9769.647833801258,5171.586963530458
forecast_2920,2025-05-02 16:00:00,9020.982391369429,8700.141837881036,6749.077477577808
forecast_2921,2025-05-02 17:00:00,9641.018210570763,9497.906726854435,5608.683199998658
forecast_2922,2025-05-02 18:00:00,10177.60667956095,9344.276995659613,6757.640423881351
forecast_2923,2025-05-02 19:00:00,9522.358210908968,10034.219345190364,7533.830092810036
forecast_2924,2025-05-02 20:00:00,10150.998712353403,10382.082192892649,8509.01450799161
forecast_2925,2025-05-02 21:00:00,10714.276039748092,11137.833632539589,8668.522853772212
forecast_2926,2025-05-02 22:00:00,9895.144706125728,10873.349977403655,8558.369476292091
forecast_2927,2025-05-02 23:00:00,10218.274395575487,10688.189946192953,8674.979809652537
forecast_2928,2025-05-03 00:00:00,10059.540485529218,10383.247655110932,9232.483110847968
forecast_2929,2025-05-03 01:00:00,9819.388341731981,10323.165714274239,7780.557472731438
forecast_2930,2025-05-03 02:00:00,8968.854317793519,9901.38791307668,7429.835897591842
forecast_2931,2025-05-03 03:00:00,8030.603662298128,9152.877917626853,6665.78519606919
forecast_2932,2025-05-03 04:00:00,7609.183594048851,8147.755818791066,6188.686739184446
forecast_2933,2025-05-03 05:00:00,6759.345655466546,7612.723369135182,5116.533831311493
forecast_2934,2025-05-03 06:00:00,4981.9900640235155,5199.655160108953,4942.809036181036
forecast_2935,2025-05-03 07:00:00,3811.5072129428922,3866.261169291406,3857.5668395913067
forecast_2936,2025-05-03 08:00:00,3987.44282635443,4196.038756208034,3689.665545060244
forecast_2937,2025-05-03 09:00:00,5763.734764496331,6103.919357345364,4485.778067883647
forecast_2938,2025-05-03 10:00:00,8384.456803334491,8612.679951964254,6393.8624583145265
forecast_2939,2025-05-03 11:00:00,11700.134380968626,12479.754230071507,9317.817122446942
forecast_2940,2025-05-03 12:00:00,11766.46416977938,13089.837132723193,11808.8941855103
forecast_2941,2025-05-03 13:00:00,12278.954467627778,13753.338412970845,11451.690760605057
forecast_2942,2025-05-03 14:00:00,12280.080281191493,13408.432391581406,11343.817764599004
forecast_2943,2025-05-03 15:00:00,13688.469380477483,14086.750975428162,11084.239122265833
forecast_2944,2025-05-03 16:00:00,13845.664113302291,14412.71703961977,11508.763891259243
forecast_2945,2025-05-03 17:00:00,14182.997928952864,13768.853740168335,11560.839102711634
forecast_2946,2025-05-03 18:00:00,13252.349956056489,13476.726454388305,11279.6022910175
forecast_2947,2025-05-03 19:00:00,13819.166343068227,14413.695750114015,11246.173172370798
forecast_2948,2025-05-03 20:00:00,14604.09455670311,15330.657415089743,12213.033304305387
forecast_2949,2025-05-03 21:00:00,15106.5537496886,16345.279828218183,12502.154845510422
forecast_2950,2025-05-03 22:00:00,14389.67027855501,16239.325748051477,11459.657916619533
forecast_2951,2025-05-03 23:00:00,14863.709708119843,16798.372437154132,11888.111098376508
forecast_2952,2025-05-04 00:00:00,14766.000537525053,16688.136153494524,12961.921857178233
forecast_2953,2025-05-04 01:00:00,14878.298299003412,17908.91226641486,14911.312964829225
forecast_2954,2025-05-04 02:00:00,14739.641526604883,15786.999183258795,14497.312029666044
forecast_2955,2025-05-04 03:00:00,14927.314856699917,15093.056405027555,14258.080246332069
forecast_2956,2025-05-04 04:00:00,14795.171776040335,14725.647437786849,14238.3324760861
forecast_2957,2025-05-04 05:00:00,15095.443113345833,15847.110999270142,14320.294832614156
forecast_2958,2025-05-04 06:00:00,14938.639234871776,15449.333941650902,14090.626731607135
forecast_2959,2025-05-04 07:00:00,14643.76935817048,15278.753832014649,13412.516610857534
forecast_2960,2025-05-04 08:00:00,13591.101061084659,13740.31752555445,13014.40794461148
forecast_2961,2025-05-04 09:00:00,12938.374199257332,13069.817870872848,11193.507645932748
forecast_2962,2025-05-04 10:00:00,13282.411723087684,13868.199429323742,10369.218206758607
forecast_2963,2025-05-04 11:00:00,14099.04951357844,15708.213880051215,9965.568366187588
forecast_2964,2025-05-04 12:00:00,14633.023365048164,16096.213576416973,11183.497214489604
forecast_2965,2025-05-04 13:00:00,15561.246866960724,16200.39987421137,13551.549925157015
forecast_2966,2025-05-04 14:00:00,15833.3852437555,16344.287244045774,14933.948980229761
forecast_2967,2025-05-04 15:00:00,16070.932334543228,16481.006410533886,14960.395409298399
forecast_2968,2025-05-04 16:00:00,16264.10987220157,17010.120554126297,14989.737700114967
forecast_2969,2025-05-04 17:00:00,16387.111237271405,17081.667914292815,15282.546599985617
forecast_2970,2025-05-04 18:00:00,16303.802977991827,17481.528431786362,14852.494890242027
forecast_2971,2025-05-04 19:00:00,15823.507676355417,16588.989286920554,14079.318858797364
forecast_2972,2025-05-04 20:00:00,14225.757293791188,16014.261866018183,12562.387997466652
forecast_2973,2025-05-04 21:00:00,12043.487607308934,13130.673079022517,11327.37341055193
forecast_2974,2025-05-04 22:00:00,9730.347688440797,10213.247410534124,7865.651790953265
forecast_2975,2025-05-04 23:00:00,8078.006148547921,7864.724865400216,5961.194074906725
forecast_2976,2025-05-05 00:00:00,5942.066693754283,6395.917289577427,4783.670174625459
forecast_2977,2025-05-05 01:00:00,6403.324872141068,6450.371493797075,4552.583240065795
forecast_2978,2025-05-05 02:00:00,6687.270053876601,6917.964100033201,4628.49418367061
forecast_2979,2025-05-05 03:00:00,6658.436453366677,6599.119475210189,4342.320379242914
forecast_2980,2025-05-05 04:00:00,6113.1832453957295,5602.168879909131,3829.7411872571383
forecast_2981,2025-05-05 05:00:00,4324.59705048685,4177.878498436472,3566.3703794248145
forecast_2982,2025-05-05 06:00:00,4188.196483934132,4094.1493198156813,3617.870531634652
forecast_2983,2025-05-05 07:00:00,3438.6527755830098,3441.272878292992,2793.2084984565863
forecast_2984,2025-05-05 08:00:00,3454.679396080961,3395.444956356548,2560.1209685308977
forecast_2985,2025-05-05 09:00:00,3351.0210879992756,3178.0833975252117,3065.4909824214624
forecast_2986,2025-05-05 10:00:00,3290.752469398975,3407.4984003581467,5335.69809951602
forecast_2987,2025-05-05 11:00:00,4242.098489616106,3892.8618433177526,85.97937249673578
forecast_2988,2025-05-05 12:00:00,5180.336494525574,5059.817820360712,1128.219713285056
forecast_2989,2025-05-05 13:00:00,2431.827791775601,3821.7303317687233,1363.3247895668544
forecast_2990,2025-05-05 14:00:00,6866.177944963917,5338.004192890847,1872.2104598278129
forecast_2991,2025-05-05 15:00:00,5017.202173490011,5705.798413791193,3265.1838953626834
forecast_2992,2025-05-05 16:00:00,3681.1948510651914,3831.7616531546396,3348.523265711547
forecast_2993,2025-05-05 17:00:00,3424.3017061189034,3046.9556730486624,3153.292653027255
forecast_2994,2025-05-05 18:00:00,4259.632281642734,3925.089954313764,3820.5349195450267
forecast_2995,2025-05-05 19:00:00,5102.581832540779,6284.577558097808,3673.5797373590253
forecast_2996,2025-05-05 20:00:00,6069.081446411076,6672.028181927794,4076.244615001446
forecast_2997,2025-05-05 21:00:00,3827.1290514237653,4033.4227814590654,3750.722676877613
forecast_2998,2025-05-05 22:00:00,4930.30391885986,6232.703059547264,3659.2607775733236
forecast_2999,2025-05-05 23:00:00,3835.5795846940723,4364.51576356722,4097.21791321377
forecast_3000,2025-05-06 00:00:00,4585.467815526401,4708.868860844215,3716.4224748540337
forecast_3001,2025-05-06 01:00:00,3624.462501816031,3436.413098144908,3450.682626294284
forecast_3002,2025-05-06 02:00:00,2939.454677670672,3250.206642463985,1934.556231775349
forecast_3003,2025-05-06 03:00:00,3528.032194647884,3786.3280777481186,3422.9818456146245
forecast_3004,2025-05-06 04:00:00,3615.883129131206,3654.816750975129,1026.7954470321552
forecast_3005,2025-05-06 05:00:00,3521.756727429173,3403.891504307392,2576.2769892000083
forecast_3006,2025-05-06 06:00:00,2906.6781666704655,3160.428214755297,229.68594899542697
forecast_3007,2025-05-06 07:00:00,3285.321941663113,3161.5863500908913,1301.9601667892382
forecast_3008,2025-05-06 08:00:00,3373.265002064201,3103.303295417565,4119.637595818588
forecast_3009,2025-05-06 09:00:00,3458.9676686488006,3072.8493352579553,2609.729247625469
forecast_3010,2025-05-06 10:00:00,3275.9623348073455,3450.6259776573525,4971.207925677192
forecast_3011,2025-05-06 11:00:00,2800.248810848764,3161.247899337595,2175.6996405786094
forecast_3012,2025-05-06 12:00:00,2356.4300918560743,2780.4806259751,952.7845036209849
forecast_3013,2025-05-06 13:00:00,2617.0402009355525,2711.0626512666245,2366.0725305868978
forecast_3014,2025-05-06 14:00:00,2696.158831729975,2849.4900803209175,2282.6973069215337
forecast_3015,2025-05-06 15:00:00,2618.9103780269675,2648.705084480643,2162.391065164048
forecast_3016,2025-05-06 16:00:00,314.4418482698589,2407.372259630329,1136.6228165021587
forecast_3017,2025-05-06 17:00:00,2874.580453034047,3441.584524229215,2581.8537973300436
forecast_3018,2025-05-06 18:00:00,4469.458829250908,4787.884369607256,2097.509585846035
forecast_3019,2025-05-06 19:00:00,3322.9144607560834,3168.9572003556164,2698.495155201845
forecast_3020,2025-05-06 20:00:00,3319.1662831675785,3102.285106303605,3123.9396845775673
forecast_3021,2025-05-06 21:00:00,3712.9229298310597,3725.42279401337,3259.748491262614
forecast_3022,2025-05-06 22:00:00,4613.137074691791,4553.04334239788,3980.3006853650227
forecast_3023,2025-05-06 23:00:00,3830.514930702085,3829.607377236963,3831.062970887434
forecast_3024,2025-05-07 00:00:00,4004.7201157749505,3924.654694996548,3869.979217350078
forecast_3025,2025-05-07 01:00:00,3741.4577521811475,3681.8869966008656,3911.861004747628
forecast_3026,2025-05-07 02:00:00,3615.18627038048,3696.510559863723,3941.778980030013
forecast_3027,2025-05-07 03:00:00,3377.2477947867496,3551.5189870853965,3844.3658419866015
forecast_3028,2025-05-07 04:00:00,3603.4953912203155,3718.997116584321,3583.212215075805
forecast_3029,2025-05-07 05:00:00,3934.346222032677,3980.3895863861426,3532.9505850249852
forecast_3030,2025-05-07 06:00:00,4156.508659481654,4344.240365105413,3471.979226939389
forecast_3031,2025-05-07 07:00:00,4182.450826372752,4231.459532186292,3445.9317395837716
forecast_3032,2025-05-07 08:00:00,3800.9337032486296,3859.612796244343,3767.1904196354203
forecast_3033,2025-05-07 09:00:00,3770.3512541335554,3753.31880409199,3464.7325791799135
forecast_3034,2025-05-07 10:00:00,3844.4746084682843,3734.591084034751,3514.752950021233
forecast_3035,2025-05-07 11:00:00,3701.479878956389,3316.2456824226847,2986.4011917551106
forecast_3036,2025-05-07 12:00:00,3496.0899934090467,4404.335079206276,2984.6765906449523
forecast_3037,2025-05-07 13:00:00,3529.569161031518,3318.0919160894864,3264.284334215876
forecast_3038,2025-05-07 14:00:00,3803.843256913357,3811.0923351980737,3507.3244564861466
forecast_3039,2025-05-07 15:00:00,3682.020073172347,3604.6376757905896,3946.9170051875726
forecast_3040,2025-05-07 16:00:00,4752.076042339124,5391.818649892889,3918.077668851169
forecast_3041,2025-05-07 17:00:00,4706.435205079602,5193.491011413862,3871.9504033264357
forecast_3042,2025-05-07 18:00:00,4716.522346111279,4942.8778247478485,3881.0581580590997
forecast_3043,2025-05-07 19:00:00,4093.7606908352423,4121.696418272526,3506.8502401219325
forecast_3044,2025-05-07 20:00:00,3905.9958280387114,3927.313329212561,3349.8660913259523
forecast_3045,2025-05-07 21:00:00,3869.771678177121,4053.296629092014,3579.4138064344947
forecast_3046,2025-05-07 22:00:00,4560.960483867607,4760.840977498451,3708.6299463454898
forecast_3047,2025-05-07 23:00:00,5449.489363524733,5337.888355411677,3808.009323897964
forecast_3048,2025-05-08 00:00:00,4834.747111305939,5082.5022173488705,4020.6968721326025
forecast_3049,2025-05-08 01:00:00,5061.344348305649,5068.159153478531,3821.3260505673607
forecast_3050,2025-05-08 02:00:00,5904.076882750437,5857.185023522176,4405.735741548519
forecast_3051,2025-05-08 03:00:00,7821.076902079438,8008.9373122481775,5873.141940013109
forecast_3052,2025-05-08 04:00:00,9414.37350094325,10413.860243272376,6858.7166882504935
forecast_3053,2025-05-08 05:00:00,10161.102856714057,10812.661334329516,6633.88573014776
forecast_3054,2025-05-08 06:00:00,8662.37636234924,8604.640192633025,5590.310048640125
forecast_3055,2025-05-08 07:00:00,6716.223041818603,5945.093816862481,4283.9871582276855
forecast_3056,2025-05-08 08:00:00,4652.497583218773,4074.8192105549897,3609.7647746431317
forecast_3057,2025-05-08 09:00:00,3427.163371853691,3480.103047057012,3230.935187546626
forecast_3058,2025-05-08 10:00:00,3402.701433060486,3505.773977817822,3226.940832804608
forecast_3059,2025-05-08 11:00:00,3405.35411726352,2728.160671215865,1381.1446540420764
forecast_3060,2025-05-08 12:00:00,5968.590925314767,3191.9336876566917,3064.0036601456345
forecast_3061,2025-05-08 13:00:00,3385.9336540483005,3470.4424170612533,3053.2458045699436
forecast_3062,2025-05-08 14:00:00,3842.95496869105,3783.8769145025817,3928.6711813934726
forecast_3063,2025-05-08 15:00:00,3479.9958004894484,3690.632156550165,3641.639777015879
forecast_3064,2025-05-08 16:00:00,3970.423740111465,3887.444628428041,3746.312612622657
forecast_3065,2025-05-08 17:00:00,3891.7182535801726,3693.873690411188,3489.5005957936573
forecast_3066,2025-05-08 18:00:00,3929.6993923349405,3779.5738283239434,3533.36169362509
forecast_3067,2025-05-08 19:00:00,4128.1809424538205,3854.2598702696914,3693.679962450865
forecast_3068,2025-05-08 20:00:00,3887.9091715995064,3910.1281370557126,3808.214545013641
forecast_3069,2025-05-08 21:00:00,3902.803141166195,3883.576610692466,3631.7726873174856
forecast_3070,2025-05-08 22:00:00,3845.554343110675,3776.1432906755426,3554.855972137835
forecast_3071,2025-05-08 23:00:00,4232.068242085481,4239.204664582987,3627.694389019382
forecast_3072,2025-05-09 00:00:00,5552.943691192488,5805.089296062475,3837.2490356260746
forecast_3073,2025-05-09 01:00:00,7075.184140935951,7776.296677052146,4777.39996531203
forecast_3074,2025-05-09 02:00:00,6782.453657484209,7565.304881133702,4228.637647548741
forecast_3075,2025-05-09 03:00:00,5020.687666471462,5827.610275846569,3940.8011606731543
forecast_3076,2025-05-09 04:00:00,5343.113558033479,5127.31274122108,3752.7917857184343
forecast_3077,2025-05-09 05:00:00,4603.4654612260265,4572.424459364572,3764.493437463425
forecast_3078,2025-05-09 06:00:00,4338.801418443778,4561.577501079129,3489.989329350575
forecast_3079,2025-05-09 07:00:00,5542.768652460863,4199.861558403999,3896.516950256722
forecast_3080,2025-05-09 08:00:00,4194.691390132554,3915.5927642219804,3402.316800475672
forecast_3081,2025-05-09 09:00:00,4134.2336273591845,4013.0109254131535,3546.6557520245115
forecast_3082,2025-05-09 10:00:00,3904.7848503495147,4394.611023921833,3552.459184394559
forecast_3083,2025-05-09 11:00:00,5763.297784280344,6511.623323308674,4557.6553277853445
forecast_3084,2025-05-09 12:00:00,7642.208386261072,8620.663632478532,6136.701142163997
forecast_3085,2025-05-09 13:00:00,8815.067957629251,9797.41148479604,8053.028650787378
forecast_3086,2025-05-09 14:00:00,11546.943918284875,12748.525780210895,9750.553161644895
forecast_3087,2025-05-09 15:00:00,12429.017265886961,13747.90965372518,10822.6889612315
forecast_3088,2025-05-09 16:00:00,12662.809182685069,14314.284418369603,11466.008677125803
forecast_3089,2025-05-09 17:00:00,12366.488110694434,13689.580337366198,10878.97290986546
forecast_3090,2025-05-09 18:00:00,11722.516243845665,11592.593819741045,8908.305181203785
forecast_3091,2025-05-09 19:00:00,8499.186915088432,10435.221447350452,6650.700866695282
forecast_3092,2025-05-09 20:00:00,5561.47795186154,6207.362738403639,4437.341562720566
forecast_3093,2025-05-09 21:00:00,3823.59454036458,3970.8017080701193,3469.333671905773
forecast_3094,2025-05-09 22:00:00,3556.953809424116,3560.5054708893585,3624.493039515422
forecast_3095,2025-05-09 23:00:00,4149.505855172063,4153.976228297674,3768.3568302401195
forecast_3096,2025-05-10 00:00:00,6376.643410789209,7011.392265365237,5649.601173345159
forecast_3097,2025-05-10 01:00:00,12371.514214062865,14323.397443747785,11967.55416877967
forecast_3098,2025-05-10 02:00:00,14864.181791023228,15767.0890616488,13754.583700922482
forecast_3099,2025-05-10 03:00:00,15774.955912600872,16600.17566015934,15779.492001615352
forecast_3100,2025-05-10 04:00:00,16173.845473402434,16973.942516386534,16444.981546841736
forecast_3101,2025-05-10 05:00:00,16753.469984875708,17854.73439112316,17429.699958368674
forecast_3102,2025-05-10 06:00:00,17562.022528387697,18515.4479343309,17791.631483065707
forecast_3103,2025-05-10 07:00:00,18201.547580731178,19277.01628523946,18161.727727325106
forecast_3104,2025-05-10 08:00:00,18806.266597435402,19574.35039247879,18321.26095397961
forecast_3105,2025-05-10 09:00:00,18799.576865663334,19379.996244018188,18343.10680893692
forecast_3106,2025-05-10 10:00:00,18469.319841196342,19244.37381520706,18301.049738910126
forecast_3107,2025-05-10 11:00:00,19820.34610234904,19297.720507042905,18681.40374026355
forecast_3108,2025-05-10 12:00:00,19797.943137046062,19259.863771766548,19108.194529262382
forecast_3109,2025-05-10 13:00:00,19896.890598454207,19215.455034528575,18428.541448776738
forecast_3110,2025-05-10 14:00:00,18366.905734919714,18801.593218989387,18190.56244473098
forecast_3111,2025-05-10 15:00:00,18218.130610476914,18509.293140870384,17796.5326111415
forecast_3112,2025-05-10 16:00:00,17164.60447355387,18024.926420519296,16878.549697722487
forecast_3113,2025-05-10 17:00:00,16705.3154569306,17335.971120534577,14966.12291054917
forecast_3114,2025-05-10 18:00:00,14801.304072588586,16747.468846887023,14030.784503244287
forecast_3115,2025-05-10 19:00:00,13724.09174623091,15810.311215142525,12695.95826296803
forecast_3116,2025-05-10 20:00:00,12268.18117412578,14151.259842960533,11397.021300643964
forecast_3117,2025-05-10 21:00:00,11535.359339969842,13626.376288420426,10112.538808268144
forecast_3118,2025-05-10 22:00:00,10857.229699602842,12211.751280270006,9067.73689531861
forecast_3119,2025-05-10 23:00:00,9531.663506635874,10714.732291398415,8213.046121586833
forecast_3120,2025-05-11 00:00:00,9347.309956212395,10178.710302168123,7741.086015646612
forecast_3121,2025-05-11 01:00:00,9698.643275630708,10340.43336130614,7818.145639545344
forecast_3122,2025-05-11 02:00:00,9772.528393800942,10737.571048449698,8146.401549858774
forecast_3123,2025-05-11 03:00:00,10165.706478546372,11489.39434575133,8043.045216676499
forecast_3124,2025-05-11 04:00:00,11095.873114978982,11553.984075780569,7769.818470386411
forecast_3125,2025-05-11 05:00:00,10983.920853605754,10796.667915996577,7461.713605402296
forecast_3126,2025-05-11 06:00:00,8834.637701117288,9560.54542104971,5981.759596105174
forecast_3127,2025-05-11 07:00:00,6493.383938459024,6778.129977900902,4196.692877672899
forecast_3128,2025-05-11 08:00:00,5220.937711564812,5416.557280551776,3923.193324732566
forecast_3129,2025-05-11 09:00:00,3889.5237097571285,3934.395682590602,3530.904877290651
forecast_3130,2025-05-11 10:00:00,3490.865848619443,3731.966681151774,2980.891021987841
forecast_3131,2025-05-11 11:00:00,3604.9882435004174,3532.7263903990465,2694.884562716042
forecast_3132,2025-05-11 12:00:00,3563.10264631624,3546.795043285309,3073.993380698476
forecast_3133,2025-05-11 13:00:00,4070.3633966229977,3990.8450101236176,3560.2540313119575
forecast_3134,2025-05-11 14:00:00,4027.5232100546727,3981.7431151056053,3790.680071781703
forecast_3135,2025-05-11 15:00:00,5252.485055939123,4283.972280178361,3759.7171461567264
forecast_3136,2025-05-11 16:00:00,4529.930327686219,4303.608539813114,3990.3910240779946
forecast_3137,2025-05-11 17:00:00,4093.954196915535,4093.2063782221408,3524.255796549539
forecast_3138,2025-05-11 18:00:00,5335.733208417111,5354.417027001897,3969.368045914465
forecast_3139,2025-05-11 19:00:00,7428.519974535089,7679.734200388123,4573.029032161613
forecast_3140,2025-05-11 20:00:00,9096.362992223554,9806.06946895844,6688.6888771839285
forecast_3141,2025-05-11 21:00:00,10021.255765137901,10760.815318130679,7426.028591109031
forecast_3142,2025-05-11 22:00:00,10138.010719038874,11789.23375939083,8975.887019832995
forecast_3143,2025-05-11 23:00:00,11984.201727854419,13031.700767553275,11330.138996035113
forecast_3144,2025-05-12 00:00:00,14126.040633379082,14863.941909302923,12426.7140023346
forecast_3145,2025-05-12 01:00:00,14771.323432658439,15297.230000960155,12519.460570676
forecast_3146,2025-05-12 02:00:00,15282.740463910854,16016.99218387859,13413.606374627223
forecast_3147,2025-05-12 03:00:00,15034.605905429135,16608.723952023858,14282.288484414019
forecast_3148,2025-05-12 04:00:00,16434.49846741003,17160.591324580582,15234.917599079654
forecast_3149,2025-05-12 05:00:00,15147.317085714878,16973.53022319855,14879.582237222248
forecast_3150,2025-05-12 06:00:00,16450.236212293912,17229.56682202955,13604.577943651266
forecast_3151,2025-05-12 07:00:00,16850.647558438806,17276.77408477564,12554.018006581111
forecast_3152,2025-05-12 08:00:00,15231.002537228223,15844.452562157841,11256.761533782297
forecast_3153,2025-05-12 09:00:00,13529.27381436679,13955.434460487899,10178.902817946562
forecast_3154,2025-05-12 10:00:00,12117.921507466039,12392.374267392423,9487.542396550212
forecast_3155,2025-05-12 11:00:00,11632.426461366771,11539.779107175125,8925.238619366226
forecast_3156,2025-05-12 12:00:00,10890.604645507736,11119.178727276223,8187.465537975505
forecast_3157,2025-05-12 13:00:00,10109.991419403674,10274.465533231563,7617.714959322656
forecast_3158,2025-05-12 14:00:00,9864.03743340436,9664.100393903014,7406.02561764684
forecast_3159,2025-05-12 15:00:00,10047.816875184204,9888.01325968223,7877.9819979861795
forecast_3160,2025-05-12 16:00:00,10701.99035882342,10466.312725434438,8383.457946225079
forecast_3161,2025-05-12 17:00:00,10548.76397667498,10375.26500386115,8529.774120376174
forecast_3162,2025-05-12 18:00:00,10212.446335431405,10220.361654651553,8872.750236363672
forecast_3163,2025-05-12 19:00:00,11063.420399568085,11848.095689141686,10399.967357478634
forecast_3164,2025-05-12 20:00:00,13259.629654642393,15152.047439274382,12202.134076083128
forecast_3165,2025-05-12 21:00:00,15082.108069911428,15844.567681432798,14570.87251578633
forecast_3166,2025-05-12 22:00:00,16208.227872504793,17155.50695788514,16331.59189550281
forecast_3167,2025-05-12 23:00:00,16973.689024186056,17456.93517166284,17698.981402454043
forecast_3168,2025-05-13 00:00:00,17023.924580337436,17504.243687356226,17902.052793087623
forecast_3169,2025-05-13 01:00:00,19892.68202532593,19876.398423068753,19323.206351835397
forecast_3170,2025-05-13 02:00:00,19980.66470156439,19878.039196492864,19348.398420497524
forecast_3171,2025-05-13 03:00:00,19894.584503107762,19884.563196429106,19327.81757873197
forecast_3172,2025-05-13 04:00:00,19907.731195827553,19897.337631631803,19056.717604222304
forecast_3173,2025-05-13 05:00:00,18656.444515856925,19040.469956848752,18344.69251690795
forecast_3174,2025-05-13 06:00:00,18496.60480129714,18426.345898051026,17979.113626995437
forecast_3175,2025-05-13 07:00:00,17818.86337612629,18472.93473540214,17467.088451604483
forecast_3176,2025-05-13 08:00:00,17299.948418712298,17893.4928654007,17105.96302953906
forecast_3177,2025-05-13 09:00:00,16291.02256608031,17824.32499748913,17175.558437053533
forecast_3178,2025-05-13 10:00:00,15067.369666312474,17472.394195774647,16713.898324109145
forecast_3179,2025-05-13 11:00:00,14281.275512263192,16690.770427049385,16227.250797191293
forecast_3180,2025-05-13 12:00:00,13853.2110729971,15953.418712622957,14661.510814840622
forecast_3181,2025-05-13 13:00:00,13200.983127020481,15526.405588944242,14933.031608441752
forecast_3182,2025-05-13 14:00:00,13109.992897865059,15415.847501844246,14810.210083359987
forecast_3183,2025-05-13 15:00:00,12897.433585412935,15152.903247617582,14607.179052281745
forecast_3184,2025-05-13 16:00:00,13083.439666507069,15522.029789548338,14764.868804990007
forecast_3185,2025-05-13 17:00:00,14068.255913547786,15116.08660767468,15012.272367078265
forecast_3186,2025-05-13 18:00:00,15078.886557111333,15903.859303281477,15704.79510276063
forecast_3187,2025-05-13 19:00:00,16256.124279057109,17354.58324765978,17210.85361168685
forecast_3188,2025-05-13 20:00:00,18282.038849600616,18494.801157302292,18590.676859038496
forecast_3189,2025-05-13 21:00:00,19576.091494579076,19051.672730263803,19323.064281978553
forecast_3190,2025-05-13 22:00:00,19896.60526640426,19890.58816187388,19346.251137803567
forecast_3191,2025-05-13 23:00:00,19756.461453909116,19890.962673234844,19333.198120628025
forecast_3192,2025-05-14 00:00:00,19737.720945245124,19882.441564887937,19343.67020257386
forecast_3193,2025-05-14 01:00:00,19884.755849312747,19425.016995692175,19332.183382629646
forecast_3194,2025-05-14 02:00:00,19908.3581114271,19762.459048393885,19332.99645990393
forecast_3195,2025-05-14 03:00:00,20260.107508550023,19881.678904188473,19330.71985698358
forecast_3196,2025-05-14 04:00:00,20322.359611857533,19966.55480988535,19362.595086049678
forecast_3197,2025-05-14 05:00:00,20266.312251892017,20113.067982159682,19327.655048470086
forecast_3198,2025-05-14 06:00:00,20078.300435654255,19885.90926754176,19006.05744619491
forecast_3199,2025-05-14 07:00:00,19651.982854289286,18852.638460207287,16972.42232554338
forecast_3200,2025-05-14 08:00:00,16987.892074611522,16943.901698792888,15049.485505471144
forecast_3201,2025-05-14 09:00:00,14075.219160493954,14460.513523046151,9904.15480044776
forecast_3202,2025-05-14 10:00:00,10889.520083137179,11068.267888324499,7610.6584242960225
forecast_3203,2025-05-14 11:00:00,7563.265899504765,7892.561991469804,5003.628694041709
forecast_3204,2025-05-14 12:00:00,5461.871712410635,5575.66950494184,3827.5647756799503
forecast_3205,2025-05-14 13:00:00,4837.644937653823,4328.346247640032,3818.053715329233
forecast_3206,2025-05-14 14:00:00,4432.186249376595,4217.710982798068,3867.659002780824
forecast_3207,2025-05-14 15:00:00,4542.620738992255,4421.589453812866,3890.6638574514645
forecast_3208,2025-05-14 16:00:00,4658.660355753169,4738.7762215587945,4435.303649877593
forecast_3209,2025-05-14 17:00:00,5096.78571206994,5349.155383561966,4243.619857171678
forecast_3210,2025-05-14 18:00:00,5443.195035427334,5883.1276688163225,4384.250396189206
forecast_3211,2025-05-14 19:00:00,7653.022811699047,8503.938228611707,5133.939331847276
forecast_3212,2025-05-14 20:00:00,8577.400189872944,9772.064633325248,6263.914771103087
forecast_3213,2025-05-14 21:00:00,9876.99447884113,10874.862341442007,7598.322061373113
forecast_3214,2025-05-14 22:00:00,10703.254986664006,11819.820293889532,8206.570320892453
forecast_3215,2025-05-14 23:00:00,11815.992842893918,13256.119264921266,10518.841896441976
forecast_3216,2025-05-15 00:00:00,12375.661861024655,14144.458884538535,11228.645000169361
forecast_3217,2025-05-15 01:00:00,13659.094733982447,15206.90862634319,11862.531880272594
forecast_3218,2025-05-15 02:00:00,13227.80547650447,15068.868939830456,11541.444161398607
forecast_3219,2025-05-15 03:00:00,13172.295211439678,15335.025054385838,11635.41393846415
forecast_3220,2025-05-15 04:00:00,13535.833284216595,15192.727495580251,11842.508963269174
forecast_3221,2025-05-15 05:00:00,14159.554401488243,15742.172145727469,12886.9136002918
forecast_3222,2025-05-15 06:00:00,14889.06376845821,17914.565290039325,13956.961862546832
forecast_3223,2025-05-15 07:00:00,15786.628982930957,17900.525406734694,15685.201316100018
forecast_3224,2025-05-15 08:00:00,17131.506921210632,18420.556773099994,16898.697643265346
forecast_3225,2025-05-15 09:00:00,17676.348262682288,18699.852111826152,17077.919776690676
forecast_3226,2025-05-15 10:00:00,17168.964397861913,18284.91614848225,16572.372430513795
forecast_3227,2025-05-15 11:00:00,16471.299113422905,17775.12383465574,15862.536443456978
forecast_3228,2025-05-15 12:00:00,16777.129561644775,17659.029548526487,15985.983596612472
forecast_3229,2025-05-15 13:00:00,17410.6018459648,18245.458075243587,17134.015245673312
forecast_3230,2025-05-15 14:00:00,17929.15987552471,18504.867904727886,17857.343670369788
forecast_3231,2025-05-15 15:00:00,18015.56021527958,18751.702239103044,18027.047070614753
forecast_3232,2025-05-15 16:00:00,17302.383182613958,18291.024257269335,17779.785751790638
forecast_3233,2025-05-15 17:00:00,17033.11494922927,17862.62468596973,17562.06432788154
forecast_3234,2025-05-15 18:00:00,16938.57303944534,17890.088678493383,17655.59283783987
forecast_3235,2025-05-15 19:00:00,17461.80637913021,18185.782475833777,17875.572201937106
forecast_3236,2025-05-15 20:00:00,17804.12168488104,18428.86570515046,18154.094934649645
forecast_3237,2025-05-15 21:00:00,17704.3957410023,18465.375094749106,18648.5206107255
forecast_3238,2025-05-15 22:00:00,17869.807391261023,18752.752679228703,18909.40569493554
forecast_3239,2025-05-15 23:00:00,18289.061791823293,18753.09433287243,18791.131731796257
forecast_3240,2025-05-16 00:00:00,18111.409179830665,18546.49914774055,18551.98622913478
forecast_3241,2025-05-16 01:00:00,18290.700034607413,18637.137245096754,17263.44739156028
forecast_3242,2025-05-16 02:00:00,18244.765516424162,18578.50861991748,17352.15761926406
forecast_3243,2025-05-16 03:00:00,17569.717760119565,18264.101827561986,16891.086178049583
forecast_3244,2025-05-16 04:00:00,17457.587203337134,18129.576810339637,16526.844397734043
forecast_3245,2025-05-16 05:00:00,16877.87247986809,17488.01973697135,16291.865807767183
forecast_3246,2025-05-16 06:00:00,16105.00956177654,16633.894875883932,16388.107689557062
forecast_3247,2025-05-16 07:00:00,16073.842162201689,16592.103573933342,15594.854259660242
forecast_3248,2025-05-16 08:00:00,15394.290286396677,15883.956589723903,14484.494478612678
forecast_3249,2025-05-16 09:00:00,14475.33694147851,14852.939826828417,13600.837888162254
forecast_3250,2025-05-16 10:00:00,12128.605139987647,13081.055463653134,12183.380441090392
forecast_3251,2025-05-16 11:00:00,10622.95508121589,11981.614616838944,10849.313478608492
forecast_3252,2025-05-16 12:00:00,9840.296589844282,10613.814634975037,9796.12316730456
forecast_3253,2025-05-16 13:00:00,8936.913974170855,10046.482380269203,8298.28933969866
forecast_3254,2025-05-16 14:00:00,7994.451103909303,8539.278449524361,7109.795315357333
forecast_3255,2025-05-16 15:00:00,7309.808642487975,7702.150010061814,5788.168249406526
forecast_3256,2025-05-16 16:00:00,6472.174134448729,6964.9790146421055,4830.406052363441
forecast_3257,2025-05-16 17:00:00,6161.414932466141,6931.23411996169,4772.856882546639
forecast_3258,2025-05-16 18:00:00,5928.504777386814,6210.042176646811,5072.919694837115
forecast_3259,2025-05-16 19:00:00,4848.7903570617345,5275.62109283691,3814.953749239274
forecast_3260,2025-05-16 20:00:00,5484.457701669987,5394.668807702506,4361.931235925786
forecast_3261,2025-05-16 21:00:00,4197.926481390788,4965.4458218624795,4802.211118401291
forecast_3262,2025-05-16 22:00:00,6663.379927268897,6829.607214353102,5017.308640073447
forecast_3263,2025-05-16 23:00:00,4435.885342668908,4567.283597015433,3950.7473551076487
forecast_3264,2025-05-17 00:00:00,4735.684042399785,4841.01449701184,3893.483524703461
forecast_3265,2025-05-17 01:00:00,5026.037484194707,5202.343686957382,3802.0257221829006
forecast_3266,2025-05-17 02:00:00,5471.201516907854,5556.055998083121,3983.80470483607
forecast_3267,2025-05-17 03:00:00,5210.186682966077,5093.32737558219,3827.0107040931516
forecast_3268,2025-05-17 04:00:00,4548.4732618811795,4477.618443262225,3616.437984486508
forecast_3269,2025-05-17 05:00:00,3472.9814385469926,3630.115206506978,3868.7093529185518
forecast_3270,2025-05-17 06:00:00,4073.193388335335,4472.670131386481,3625.119930464552
forecast_3271,2025-05-17 07:00:00,4318.169943874318,4636.327867425057,3635.2168618190635
forecast_3272,2025-05-17 08:00:00,3871.2816965777415,3871.4922346081703,4067.3787845080356
forecast_3273,2025-05-17 09:00:00,3957.123611423897,3683.346196689837,3720.798095935649
forecast_3274,2025-05-17 10:00:00,3986.2721232889135,4535.572889931931,4559.539909348482
forecast_3275,2025-05-17 11:00:00,4228.841275878465,5316.1626100127,4052.485988748928
forecast_3276,2025-05-17 12:00:00,4427.416188090153,4262.2994050175175,4001.0743417641957
forecast_3277,2025-05-17 13:00:00,6803.965857255779,6663.804923926911,6214.091931296438
forecast_3278,2025-05-17 14:00:00,8306.325573040936,8945.314239932015,8612.363104561166
forecast_3279,2025-05-17 15:00:00,10484.667361143798,10840.694739003047,10430.261002309193
forecast_3280,2025-05-17 16:00:00,13381.092094117763,12564.513748585341,12312.407757619196
forecast_3281,2025-05-17 17:00:00,14884.049936479974,15043.117585075548,14174.40034376833
forecast_3282,2025-05-17 18:00:00,17003.054692370068,17538.872071761954,16359.449671192155
forecast_3283,2025-05-17 19:00:00,18171.786341301493,18201.840526622105,17773.93425641651
forecast_3284,2025-05-17 20:00:00,18874.815628500673,18889.50550867332,18544.43240772978
forecast_3285,2025-05-17 21:00:00,19079.98475099056,18991.224441020535,19336.511777107946
forecast_3286,2025-05-17 22:00:00,19838.21545407234,19175.35760288064,19338.350713662807
forecast_3287,2025-05-17 23:00:00,19890.40051055151,19127.149365710222,19341.293033002145
forecast_3288,2025-05-18 00:00:00,19889.03026536212,19171.41271912663,19324.820851537803
forecast_3289,2025-05-18 01:00:00,18164.74626536338,18220.21025683001,16094.766238090177
forecast_3290,2025-05-18 02:00:00,17581.56545485234,17711.533638890247,15076.328364996178
forecast_3291,2025-05-18 03:00:00,16122.15560006683,15885.934495841246,13247.996174025213
forecast_3292,2025-05-18 04:00:00,13927.381685610046,14706.766661508575,10918.072716826737
forecast_3293,2025-05-18 05:00:00,10978.975166024942,12191.526962415564,8531.801613215599
forecast_3294,2025-05-18 06:00:00,7989.541490136748,8473.761063612877,5979.441382134803
forecast_3295,2025-05-18 07:00:00,4587.839523814779,4856.389771344513,3709.5610035245245
forecast_3296,2025-05-18 08:00:00,3666.0955274056773,3584.3579328217834,3657.4964169577993
forecast_3297,2025-05-18 09:00:00,4711.104953156819,5737.535342333428,3685.25318269149
forecast_3298,2025-05-18 10:00:00,4227.276205418582,4658.626356302859,3364.3064973442465
forecast_3299,2025-05-18 11:00:00,4172.330804314369,4498.122810110244,3222.0488942937213
forecast_3300,2025-05-18 12:00:00,3852.907899055104,3770.592452932564,3538.855980613099
forecast_3301,2025-05-18 13:00:00,3812.539412169206,3817.787301664487,3563.2510724925714
forecast_3302,2025-05-18 14:00:00,4176.626020780308,4072.464225499656,3718.0581245820345
forecast_3303,2025-05-18 15:00:00,5114.897956577828,4887.754759098419,3906.652451650937
forecast_3304,2025-05-18 16:00:00,7332.101962123676,6385.973272463824,4200.838689017263
forecast_3305,2025-05-18 17:00:00,8499.924337808929,8525.72926792751,5160.9265025999675
forecast_3306,2025-05-18 18:00:00,10227.357221296774,9826.427737430615,6771.094747900939
forecast_3307,2025-05-18 19:00:00,10455.586698951864,11752.968062613305,8229.487724050528
forecast_3308,2025-05-18 20:00:00,11535.474512979763,12277.81907424773,9698.89041446165
forecast_3309,2025-05-18 21:00:00,12051.6879727933,12276.931152320572,11091.679438063506
forecast_3310,2025-05-18 22:00:00,12920.955241511841,13130.721762624931,11985.400258549847
forecast_3311,2025-05-18 23:00:00,13071.852306607649,13394.99633152563,12033.644535327243
forecast_3312,2025-05-19 00:00:00,12938.388289724768,14103.083414077555,11994.094970503787
forecast_3313,2025-05-19 01:00:00,11100.199363950345,11475.536936777757,10068.979149524179
forecast_3314,2025-05-19 02:00:00,10693.569982443696,11338.73054162183,9431.499673833368
forecast_3315,2025-05-19 03:00:00,10280.52518637478,10952.061795175081,7895.716602064018
forecast_3316,2025-05-19 04:00:00,10488.303604823428,11294.825331897084,7335.668053871962
forecast_3317,2025-05-19 05:00:00,10575.541795441393,11418.02962462275,7148.104876067591
forecast_3318,2025-05-19 06:00:00,10936.452264197565,11946.689273798496,7243.269048522975
forecast_3319,2025-05-19 07:00:00,10188.394985619678,13434.115206581278,7351.625160447186
forecast_3320,2025-05-19 08:00:00,13351.551243319529,14814.142351386072,8540.148559481675
forecast_3321,2025-05-19 09:00:00,12974.807834126534,14382.926862279219,10848.80422865204
forecast_3322,2025-05-19 10:00:00,14152.394454233701,15751.50398484605,12637.740960996663
forecast_3323,2025-05-19 11:00:00,14559.21657501677,15115.152063941427,13135.083259625531
forecast_3324,2025-05-19 12:00:00,14304.757073903891,15923.0810889917,14521.15460860306
forecast_3325,2025-05-19 13:00:00,14203.462162023405,15781.99796970495,15636.210685874861
forecast_3326,2025-05-19 14:00:00,14208.719742359295,15963.315015639657,15922.296583082925
forecast_3327,2025-05-19 15:00:00,15510.195585553733,15543.82625273056,15822.129328872452
forecast_3328,2025-05-19 16:00:00,15612.9743497813,16684.62155935536,16232.64542601142
forecast_3329,2025-05-19 17:00:00,17231.618679184707,17287.258053534064,16751.56857025745
forecast_3330,2025-05-19 18:00:00,17836.43531072557,17857.60999487914,17386.02599977581
forecast_3331,2025-05-19 19:00:00,17999.381709866877,18349.755739777458,18149.744372406378
forecast_3332,2025-05-19 20:00:00,18346.057924194243,18694.181325477326,18247.47033938731
forecast_3333,2025-05-19 21:00:00,18185.481280618278,18634.005023215464,18107.233583845766
forecast_3334,2025-05-19 22:00:00,17996.091709703516,18430.144998456744,17999.78155999933
forecast_3335,2025-05-19 23:00:00,17657.97938051661,18147.748397306885,17662.422874957472
forecast_3336,2025-05-20 00:00:00,17504.619641064775,18240.863213232424,17659.31632926752
forecast_3337,2025-05-20 01:00:00,17469.333257831386,17993.430835245825,16603.38161365179
forecast_3338,2025-05-20 02:00:00,17520.552085010277,18105.59152593883,17148.08692758451
forecast_3339,2025-05-20 03:00:00,17384.86373707819,18202.673637904983,17459.33132497576
forecast_3340,2025-05-20 04:00:00,18659.78847387305,18468.426330734383,17714.390205681557
forecast_3341,2025-05-20 05:00:00,18896.49641625642,18718.433809004713,17959.76597761234
forecast_3342,2025-05-20 06:00:00,19565.745487901546,18912.951239362876,18097.841605481757
forecast_3343,2025-05-20 07:00:00,18100.62409161318,18588.080178828666,17039.079499167612
forecast_3344,2025-05-20 08:00:00,17362.8019273873,18170.168547813373,16337.631352446513
forecast_3345,2025-05-20 09:00:00,16033.266041143366,16735.31372779808,15201.074001366425
forecast_3346,2025-05-20 10:00:00,14247.18769872586,15230.010214804968,13528.66942285851
forecast_3347,2025-05-20 11:00:00,12629.260979035838,13228.716021253118,11973.873305151248
forecast_3348,2025-05-20 12:00:00,12112.380025155055,11719.925461787965,10743.28408712906
forecast_3349,2025-05-20 13:00:00,12151.057711067271,12137.138573715072,11341.580788222962
forecast_3350,2025-05-20 14:00:00,12306.198908100663,12286.441237969482,12270.645566002322
forecast_3351,2025-05-20 15:00:00,13074.432584551174,12688.172561416643,13138.877924360371
forecast_3352,2025-05-20 16:00:00,13250.646476645627,13661.904208320799,14218.255468603975
forecast_3353,2025-05-20 17:00:00,14014.519734081568,14436.168691282803,14839.213762090336
forecast_3354,2025-05-20 18:00:00,14664.86037863066,16213.478404851316,15831.767083063392
forecast_3355,2025-05-20 19:00:00,15255.16090624253,16396.543483689507,17129.14381294128
forecast_3356,2025-05-20 20:00:00,15759.965706750556,17008.022637249516,17920.84364342716
forecast_3357,2025-05-20 21:00:00,16069.837775959815,17586.562048469834,18217.19760564383
forecast_3358,2025-05-20 22:00:00,16296.825388999101,17615.067622014994,18319.78842328872
forecast_3359,2025-05-20 23:00:00,16893.959216567182,17607.745031167753,18205.937779012034
forecast_3360,2025-05-21 00:00:00,17411.99490169967,17853.73166976923,18410.1578363821
forecast_3361,2025-05-21 01:00:00,17906.055217498208,17426.89495778818,16416.14504149659
forecast_3362,2025-05-21 02:00:00,16885.87582158382,16995.12788485744,15532.357804125273
forecast_3363,2025-05-21 03:00:00,15974.912721476814,16460.308277991302,14631.41666529013
forecast_3364,2025-05-21 04:00:00,14620.244872655423,15093.39169470211,13133.853265919422
forecast_3365,2025-05-21 05:00:00,13515.093963034293,15032.779269656663,11037.608030211
forecast_3366,2025-05-21 06:00:00,11583.10477202744,12914.033850169839,8456.259744972089
forecast_3367,2025-05-21 07:00:00,8398.725685746884,8436.462123108176,6376.955448329782
forecast_3368,2025-05-21 08:00:00,5802.685465259403,5970.645178087973,4249.389620881626
forecast_3369,2025-05-21 09:00:00,5096.70851612336,5112.091391032071,3735.22068876228
forecast_3370,2025-05-21 10:00:00,3850.9567233983294,3779.052017117553,3042.2596366166576
forecast_3371,2025-05-21 11:00:00,3124.7774094412557,3115.3255086419294,3036.2419890631822
forecast_3372,2025-05-21 12:00:00,3379.181900964393,3425.9549191929677,3145.590203356391
forecast_3373,2025-05-21 13:00:00,4575.415633145602,3458.3611533463395,3054.0895790109876
forecast_3374,2025-05-21 14:00:00,3608.4586555922583,3676.427194791209,3236.627500352156
forecast_3375,2025-05-21 15:00:00,3570.0993414871505,3571.3210120647464,2563.048168441704
forecast_3376,2025-05-21 16:00:00,3211.0043022458563,3337.4661290668428,2696.8433517701515
forecast_3377,2025-05-21 17:00:00,3062.3359568269952,3120.9670033205607,2323.8634068121446
forecast_3378,2025-05-21 18:00:00,3429.8821229898113,2825.839537776772,2758.964241280292
forecast_3379,2025-05-21 19:00:00,3517.074409911604,3419.436962112282,3210.051649310638
forecast_3380,2025-05-21 20:00:00,3730.047655013324,3695.74096362728,2749.2437217169518
forecast_3381,2025-05-21 21:00:00,3651.74237400664,3570.818913316905,3043.284896155984
forecast_3382,2025-05-21 22:00:00,3619.8680741425314,3575.0547035404775,3312.031608579974
forecast_3383,2025-05-21 23:00:00,3673.1124198601624,3807.534863669376,3329.2393167666946
forecast_3384,2025-05-22 00:00:00,3834.9322384383313,3720.135795559577,3177.415570917613
forecast_3385,2025-05-22 01:00:00,3661.1131986368982,3681.7288451660056,3261.7936096992053
forecast_3386,2025-05-22 02:00:00,3480.8038436594925,3583.7374164725115,3172.9179349742703
forecast_3387,2025-05-22 03:00:00,3507.1433597375394,3645.6480759651845,3422.890158236798
forecast_3388,2025-05-22 04:00:00,3531.5216612035965,3365.5146444877378,3220.9494251832316
forecast_3389,2025-05-22 05:00:00,3593.379845837325,3437.247513322275,3211.1351870038056
forecast_3390,2025-05-22 06:00:00,3527.4753113615725,3530.9848470527186,3329.6569286693575
forecast_3391,2025-05-22 07:00:00,3828.847455723766,3698.8017380601095,3428.143505248287
forecast_3392,2025-05-22 08:00:00,3767.382497055242,3678.321700044869,3027.7334779407975
forecast_3393,2025-05-22 09:00:00,3782.8949284981686,3601.9397406082103,2755.112763574733
forecast_3394,2025-05-22 10:00:00,3845.444420160548,3935.831001623824,2978.843739051741
forecast_3395,2025-05-22 11:00:00,4032.5295258055867,4353.28153229768,3449.3954573832407
forecast_3396,2025-05-22 12:00:00,3893.2952931104164,4119.487895908396,3412.57469949064
forecast_3397,2025-05-22 13:00:00,3701.4857012756333,3840.060440791251,3126.0142930700285
forecast_3398,2025-05-22 14:00:00,3763.1267717767855,3621.8970786837467,3248.4813119587516
forecast_3399,2025-05-22 15:00:00,3446.0158137826566,3465.8685261922737,2802.1508968908774
forecast_3400,2025-05-22 16:00:00,2677.4601470999446,3161.532507150537,2994.033439789813
forecast_3401,2025-05-22 17:00:00,2896.484936987549,2917.492390382597,2870.147659879557
forecast_3402,2025-05-22 18:00:00,3375.825429432831,3309.3980867461332,2220.449883145856
forecast_3403,2025-05-22 19:00:00,3569.6685806677806,4479.857122421573,1522.7923916081947
forecast_3404,2025-05-22 20:00:00,3022.3446119953983,2843.891516426129,3396.403050371343
forecast_3405,2025-05-22 21:00:00,3593.669674139397,3258.38061773588,2634.212253536911
forecast_3406,2025-05-22 22:00:00,3761.8575102297173,3764.532012831341,3364.9227405026063
forecast_3407,2025-05-22 23:00:00,3901.317302907352,3734.7183913286544,3422.672642512148
forecast_3408,2025-05-23 00:00:00,3835.63358763448,3780.321837960024,3656.858090458979
forecast_3409,2025-05-23 01:00:00,3989.2349774908575,3908.146578066897,3318.1846385067406
forecast_3410,2025-05-23 02:00:00,4016.59319436643,3826.864892089828,3484.322952864789
forecast_3411,2025-05-23 03:00:00,3863.24790056664,3790.3384625813997,3760.032444473465
forecast_3412,2025-05-23 04:00:00,3866.1387263898864,3876.448152503625,3500.5181036045583
forecast_3413,2025-05-23 05:00:00,3901.1998727474283,3892.512314331868,3789.9195597087382
forecast_3414,2025-05-23 06:00:00,4238.594247427229,3951.696847378169,4328.830005523731
forecast_3415,2025-05-23 07:00:00,3825.6359102865417,3792.177130481498,3943.8753600943483
forecast_3416,2025-05-23 08:00:00,3824.095691392235,3754.9939943047116,3828.290721590793
forecast_3417,2025-05-23 09:00:00,3814.901217687022,3531.226829163042,3742.2459330528554
forecast_3418,2025-05-23 10:00:00,3623.403529917426,3498.3973702978033,3354.6705136309924
forecast_3419,2025-05-23 11:00:00,3457.8971112533113,3447.595811526914,3753.8573575024648
forecast_3420,2025-05-23 12:00:00,3771.921329822371,3748.5703569103975,3299.680557389727
forecast_3421,2025-05-23 13:00:00,3664.9035519215413,3565.3163772010157,3117.6440867847273
forecast_3422,2025-05-23 14:00:00,3366.3203620247464,3330.3773443526825,3245.453939278175
forecast_3423,2025-05-23 15:00:00,3381.383179163311,3262.8249834788353,3084.6113024593465
forecast_3424,2025-05-23 16:00:00,3489.0406560385163,3343.5038797559346,2878.0395923339092
forecast_3425,2025-05-23 17:00:00,3451.5875867735535,3774.317167484019,3262.7042888580113
forecast_3426,2025-05-23 18:00:00,3497.807080232498,3542.8928516639407,3771.9770294367695
forecast_3427,2025-05-23 19:00:00,3543.0941643953147,3715.410022369988,3446.5618584388044
forecast_3428,2025-05-23 20:00:00,3880.093001345181,3918.70198479703,3353.154693488963
forecast_3429,2025-05-23 21:00:00,4207.339988879371,4195.609476753092,3468.9313103211143
forecast_3430,2025-05-23 22:00:00,4667.879612374728,5191.601598441282,3671.9617810497566
forecast_3431,2025-05-23 23:00:00,4520.750250976969,4690.275823931764,3707.6867839271135
forecast_3432,2025-05-24 00:00:00,4272.437130040291,4357.570027916026,3762.219426728624
forecast_3433,2025-05-24 01:00:00,4389.126219780408,4694.873295398516,3685.8449544045307
forecast_3434,2025-05-24 02:00:00,4149.114870725437,4550.679444834382,3679.3132471255385
forecast_3435,2025-05-24 03:00:00,4008.678437797537,4335.436501737755,3996.960912936599
forecast_3436,2025-05-24 04:00:00,4121.527189337377,4465.578006311343,3834.2817688356026
forecast_3437,2025-05-24 05:00:00,4205.6357749315275,4592.917471956677,3737.134442299451
forecast_3438,2025-05-24 06:00:00,4727.146686086722,5260.563613302115,3669.3231141489437
forecast_3439,2025-05-24 07:00:00,4807.610164810197,5496.767420906165,3699.591317705356
forecast_3440,2025-05-24 08:00:00,4427.039562400907,5146.843455840794,3542.8120239847644
forecast_3441,2025-05-24 09:00:00,4463.180875574078,5182.434329723246,3460.3835178939257
forecast_3442,2025-05-24 10:00:00,4145.000525422234,5138.441483031408,3471.2957254920043
forecast_3443,2025-05-24 11:00:00,3941.081335998502,4313.983435305123,3544.7939704791497
forecast_3444,2025-05-24 12:00:00,3682.974162331755,4280.148707005359,3527.6158921602087
forecast_3445,2025-05-24 13:00:00,3824.7517263793766,4092.3375548149543,3689.89165043316
forecast_3446,2025-05-24 14:00:00,3796.413819170616,4523.077570428709,3558.721819882942
forecast_3447,2025-05-24 15:00:00,4174.439391210147,5146.315784720501,3798.1387730508873
forecast_3448,2025-05-24 16:00:00,4388.633132047544,5963.164107499947,3945.2282272529546
forecast_3449,2025-05-24 17:00:00,4876.522008969074,6232.887633071173,4484.992444856792
forecast_3450,2025-05-24 18:00:00,5287.404931717302,6519.064226903809,4774.942770599148
forecast_3451,2025-05-24 19:00:00,5743.815082305972,6790.140295375287,4688.339759252506
forecast_3452,2025-05-24 20:00:00,5458.956169427739,6567.276411498983,4172.771088991172
forecast_3453,2025-05-24 21:00:00,5115.073166293013,5931.61886250607,4023.0485919447024
forecast_3454,2025-05-24 22:00:00,5076.483441911923,5842.3612901702845,3888.931765740812
forecast_3455,2025-05-24 23:00:00,5025.093644482706,5853.8236145667415,3812.714289308685
forecast_3456,2025-05-25 00:00:00,5042.103971597109,6011.585358117761,3869.337120947175
forecast_3457,2025-05-25 01:00:00,3916.0448171244457,4118.792396354499,3415.399084880147
forecast_3458,2025-05-25 02:00:00,3816.1271495168457,4312.344827651631,3535.5447288199916
forecast_3459,2025-05-25 03:00:00,4031.990515081581,4376.493132911409,3541.2657510508607
forecast_3460,2025-05-25 04:00:00,3939.5818812582174,3932.7424755557468,3618.9210602457556
forecast_3461,2025-05-25 05:00:00,4343.387272256367,3930.1401965654036,3717.674671502726
forecast_3462,2025-05-25 06:00:00,4894.824069876538,4510.226440887424,3807.78180741315
forecast_3463,2025-05-25 07:00:00,5027.871191939238,5071.71294935117,3782.0150802692733
forecast_3464,2025-05-25 08:00:00,4051.733349100857,4059.311409649565,3529.3365675227865
forecast_3465,2025-05-25 09:00:00,3676.850014737764,3681.5487304091807,3718.4031095432397
forecast_3466,2025-05-25 10:00:00,3620.2732191123764,3272.836530928435,3638.1853518381713
forecast_3467,2025-05-25 11:00:00,3501.2685050632954,2657.7741346516164,2711.4196479141256
forecast_3468,2025-05-25 12:00:00,3618.386809991328,3351.9384285103247,2676.4177857846284
forecast_3469,2025-05-25 13:00:00,3893.6836681448945,3755.421464292365,3556.1744187365716
forecast_3470,2025-05-25 14:00:00,3916.6923339935283,3797.402831407457,3393.7423107853288
forecast_3471,2025-05-25 15:00:00,3901.535910826925,3820.61417691488,3618.9133318876025
forecast_3472,2025-05-25 16:00:00,3702.1316396184757,3527.876265005367,3465.3751076968515
forecast_3473,2025-05-25 17:00:00,3591.83042157874,3552.510833531253,3534.4968008368846
forecast_3474,2025-05-25 18:00:00,4061.567391529292,4011.6615401019867,3297.1165992180127
forecast_3475,2025-05-25 19:00:00,4310.696310142518,4682.097622213743,3598.9273437729416
forecast_3476,2025-05-25 20:00:00,4839.339271522466,5071.195544834478,3793.8634977768356
forecast_3477,2025-05-25 21:00:00,6409.28537883433,6405.465861500254,4789.9928556440045
forecast_3478,2025-05-25 22:00:00,7889.018246580442,7940.12804664893,5800.52075792134
forecast_3479,2025-05-25 23:00:00,9697.262198945635,9650.396176051616,6879.818274580264
forecast_3480,2025-05-26 00:00:00,10004.129610745531,10032.86086535934,6917.769376074821
forecast_3481,2025-05-26 01:00:00,7602.305739793151,7505.54480292326,6729.156845546718
forecast_3482,2025-05-26 02:00:00,6979.764603663225,6719.788281612128,6151.688523243123
forecast_3483,2025-05-26 03:00:00,6124.372246040788,5824.211494391255,4638.734185896595
forecast_3484,2025-05-26 04:00:00,5221.166074594378,4603.563800504158,3824.0834611710716
forecast_3485,2025-05-26 05:00:00,4005.88915878523,4023.835605358164,3541.265588343127
forecast_3486,2025-05-26 06:00:00,4026.9320174736663,3884.5523504885673,3400.530948522874
forecast_3487,2025-05-26 07:00:00,3689.5051006281324,3728.6567831930647,3229.109304683409
forecast_3488,2025-05-26 08:00:00,3261.806847663952,3436.9041745222535,2763.008784570026
forecast_3489,2025-05-26 09:00:00,3595.6356559326837,3514.4699436749565,2644.605436823108
forecast_3490,2025-05-26 10:00:00,4068.4461583597795,3955.296727743684,2464.3248663619524
forecast_3491,2025-05-26 11:00:00,2911.923157165091,3980.29069169493,2504.831772528019
forecast_3492,2025-05-26 12:00:00,2680.2732726823792,2695.98221128532,2609.9736697082208
forecast_3493,2025-05-26 13:00:00,2932.869449503806,2904.191693676531,2842.608361414934
forecast_3494,2025-05-26 14:00:00,2908.0222811644517,2575.3949831620967,2315.6263964177374
forecast_3495,2025-05-26 15:00:00,5349.895215188588,4333.709634203705,1890.8782113460684
forecast_3496,2025-05-26 16:00:00,4714.953730992829,3724.0644898371734,757.5126875244682
forecast_3497,2025-05-26 17:00:00,4635.876738673109,5267.6096089803,4777.252564489556
forecast_3498,2025-05-26 18:00:00,4094.5771574088385,4441.45727903527,4086.5895674912335
forecast_3499,2025-05-26 19:00:00,3587.2341978063578,3819.8623214918675,3958.857231020671
forecast_3500,2025-05-26 20:00:00,3589.1117587756526,3840.8730698250824,3310.03221694838
forecast_3501,2025-05-26 21:00:00,3475.1349689002805,3504.770581675204,3359.9110822435073
forecast_3502,2025-05-26 22:00:00,4068.9022962113627,4028.012469560135,3156.3430464549997
forecast_3503,2025-05-26 23:00:00,5057.421006019517,4876.5698209406355,3742.230342678067
forecast_3504,2025-05-27 00:00:00,5817.157701090824,5712.189936150146,3752.021426425152
forecast_3505,2025-05-27 01:00:00,6550.519839144144,6558.963591382402,3830.3346919654896
forecast_3506,2025-05-27 02:00:00,7324.3538186792075,7502.097702050426,4159.240141118439
forecast_3507,2025-05-27 03:00:00,8149.1993807280405,7786.427744003834,4057.1147395287044
forecast_3508,2025-05-27 04:00:00,6573.842298482078,6597.693991354114,3880.5029703974074
forecast_3509,2025-05-27 05:00:00,5010.905286397186,4897.761625966958,3753.374490306604
forecast_3510,2025-05-27 06:00:00,3843.4217213022503,3879.1482961840975,3534.6012464214746
forecast_3511,2025-05-27 07:00:00,3779.1622633347347,3711.6749231963845,3661.3261385104224
forecast_3512,2025-05-27 08:00:00,3662.3833007197914,3929.008084739196,3627.3551624432507
forecast_3513,2025-05-27 09:00:00,3451.9330342033945,3555.3874397963623,3108.221649949119
forecast_3514,2025-05-27 10:00:00,4667.768428420807,4103.114997231672,3413.619850965793
forecast_3515,2025-05-27 11:00:00,3988.348443580765,3810.1651488394273,2633.8820876972068
forecast_3516,2025-05-27 12:00:00,5105.265060176384,3701.593528567146,1736.5366132497004
forecast_3517,2025-05-27 13:00:00,6108.249347055719,6428.761375903767,3252.7468701735133
forecast_3518,2025-05-27 14:00:00,3879.704096613979,3882.8306401717045,2050.4758334655075
forecast_3519,2025-05-27 15:00:00,5449.706399881417,6041.951902844893,3148.513733432634
forecast_3520,2025-05-27 16:00:00,3365.9599639718217,3711.922940471724,30.02447163135928
forecast_3521,2025-05-27 17:00:00,4465.593244557342,6299.723575104439,1946.7040479509253
forecast_3522,2025-05-27 18:00:00,3304.9793940853865,6918.1458025878055,1876.9994847426942
forecast_3523,2025-05-27 19:00:00,4441.539758917656,6044.500633796611,2684.4020470792466
forecast_3524,2025-05-27 20:00:00,3573.9812581959804,3596.3144462349987,3572.0358195797717
forecast_3525,2025-05-27 21:00:00,4319.113238266323,3770.1338857788674,3905.2372965836416
forecast_3526,2025-05-27 22:00:00,3775.007534337824,3542.561230341548,3267.271392069246
forecast_3527,2025-05-27 23:00:00,3724.0682534641196,3547.6710203316393,3553.2759768838814
forecast_3528,2025-05-28 00:00:00,3618.4366160243135,3515.0989037083486,3579.587257150905
forecast_3529,2025-05-28 01:00:00,3536.0073575133197,3545.531013075962,3343.7205283920102
forecast_3530,2025-05-28 02:00:00,3847.4216219156583,3879.535327723628,3444.6238289047183
forecast_3531,2025-05-28 03:00:00,3755.677420947575,3843.6979099227146,3632.6949248794504
forecast_3532,2025-05-28 04:00:00,3984.459514769694,3904.524952213623,3464.565166225849
forecast_3533,2025-05-28 05:00:00,3826.9644642930593,3779.0613642865296,3739.670969195764
forecast_3534,2025-05-28 06:00:00,4037.861189626101,3990.9480460072127,3638.882691919565
forecast_3535,2025-05-28 07:00:00,3598.566484099258,3767.557355818843,2995.0807409336026
forecast_3536,2025-05-28 08:00:00,3497.688343943952,4039.218090219048,1996.33396565024
forecast_3537,2025-05-28 09:00:00,3402.2456783338785,4513.88000787667,1232.2079784772093
forecast_3538,2025-05-28 10:00:00,3764.540639089726,4000.5409229628904,20.549394871627293
forecast_3539,2025-05-28 11:00:00,4207.434167542356,3909.2193527880636,1442.1576138183423
forecast_3540,2025-05-28 12:00:00,3735.234875975099,3650.490467066441,1985.7878693671685
forecast_3541,2025-05-28 13:00:00,36.86233303969537,27.73007295577067,34.772638154094416
forecast_3542,2025-05-28 14:00:00,1748.5125665380913,2539.2350109577383,32.32910231256586
forecast_3543,2025-05-28 15:00:00,41.963826092697076,45.927516103731286,48.578360603660116
forecast_3544,2025-05-28 16:00:00,3370.051189936045,3721.193368780884,1403.624901550134
forecast_3545,2025-05-28 17:00:00,5217.516849785804,6161.482657969527,3149.8645049964794
forecast_3546,2025-05-28 18:00:00,5254.672976006933,6025.834770866409,5476.128217142175
forecast_3547,2025-05-28 19:00:00,3748.350349241414,4863.784931778631,3917.6219267107526
forecast_3548,2025-05-28 20:00:00,3535.7825683512506,3454.384341140497,2983.20477430115
forecast_3549,2025-05-28 21:00:00,3683.5953874912752,3630.570750393883,3660.27607282759
forecast_3550,2025-05-28 22:00:00,3728.686497351141,3639.8099280618494,3405.907402701537
forecast_3551,2025-05-28 23:00:00,3706.496189463388,3534.277093393983,3423.0752602612442
forecast_3552,2025-05-29 00:00:00,3581.4319757395283,3492.545956637523,3353.2594087438747
forecast_3553,2025-05-29 01:00:00,3982.6091954056246,3624.129784131334,3216.4965037093107
forecast_3554,2025-05-29 02:00:00,3456.884159631821,3839.416521570986,3699.9071971403296
forecast_3555,2025-05-29 03:00:00,3296.2180215614876,3237.6416126019476,2897.849098844749
forecast_3556,2025-05-29 04:00:00,3542.3107670064874,3222.495461848073,2857.6355636469793
forecast_3557,2025-05-29 05:00:00,3747.6430247001435,3584.1666781272243,2685.038507322073
forecast_3558,2025-05-29 06:00:00,3259.0497455125683,4110.930463938401,1777.1154143561203
forecast_3559,2025-05-29 07:00:00,3114.9518181178205,4068.834386931991,1132.7295192320266
forecast_3560,2025-05-29 08:00:00,3534.541282919651,3638.704729904659,22.086583557795485
forecast_3561,2025-05-29 09:00:00,3569.44336473691,3190.3513995981225,35.03328526558641
forecast_3562,2025-05-29 10:00:00,3387.82661059437,2945.4773363047802,60.88556115667528
forecast_3563,2025-05-29 11:00:00,4363.661327240014,2966.0501892004686,1205.94056321833
forecast_3564,2025-05-29 12:00:00,2886.5460548966084,2415.026350123204,1006.7094352095045
forecast_3565,2025-05-29 13:00:00,2504.912542867846,2516.041135032409,2279.798717844274
forecast_3566,2025-05-29 14:00:00,2540.200172500513,2555.107691286615,2460.5140810645694
forecast_3567,2025-05-29 15:00:00,2538.383562473265,3029.950453982466,2720.3288443408487
forecast_3568,2025-05-29 16:00:00,3400.5773631402712,2855.900312944934,3370.562496706569
forecast_3569,2025-05-29 17:00:00,3180.2715391484962,3027.6165547638743,4500.786910027365
forecast_3570,2025-05-29 18:00:00,3017.518265073764,2814.4023091913377,2905.5876691465833
forecast_3571,2025-05-29 19:00:00,3694.2939996983664,3272.9786052814893,2464.546805076564
forecast_3572,2025-05-29 20:00:00,3684.2054158520186,3568.5214563314958,3315.962609242178
forecast_3573,2025-05-29 21:00:00,3641.054334315538,3645.7165396095425,3052.7957787605005
forecast_3574,2025-05-29 22:00:00,3385.7587476010176,3432.829352897748,3013.3896416087427
forecast_3575,2025-05-29 23:00:00,3258.6786587732445,3596.912140152083,2993.4570938218308
forecast_3576,2025-05-30 00:00:00,3269.425454214289,3384.9723269998035,3116.3146070324733
forecast_3577,2025-05-30 01:00:00,2961.7286804318646,3295.326804764992,2916.2534999096456
forecast_3578,2025-05-30 02:00:00,3339.0097021686674,3389.812989398526,3182.4557903896175
forecast_3579,2025-05-30 03:00:00,3312.347777337017,3433.716348153196,3490.4014190197477
forecast_3580,2025-05-30 04:00:00,3611.227469937609,3703.580689541624,3226.3520584228236
forecast_3581,2025-05-30 05:00:00,3769.6407395536976,3770.1264768170577,3069.7640363716705
forecast_3582,2025-05-30 06:00:00,4289.626129792202,4103.655181312545,3375.8772073826235
forecast_3583,2025-05-30 07:00:00,4234.686633672132,3867.528008187291,3529.1688091288584
forecast_3584,2025-05-30 08:00:00,4151.9142204541595,4115.31700976284,3331.3258716815276
forecast_3585,2025-05-30 09:00:00,3447.236384027836,3510.6393084628103,3445.0532521110476
forecast_3586,2025-05-30 10:00:00,3390.004402571369,3360.9511840631194,3061.8803864561687
forecast_3587,2025-05-30 11:00:00,3528.755467080394,3543.4027195911626,3488.4154706689774
forecast_3588,2025-05-30 12:00:00,3380.4607420012167,3430.2202364938566,3604.786635670222
forecast_3589,2025-05-30 13:00:00,3242.7816562865232,3382.1798898045195,3091.711041530274
forecast_3590,2025-05-30 14:00:00,3226.5379230570716,3348.4774810254557,2819.329296417185
forecast_3591,2025-05-30 15:00:00,3543.7025910694797,3505.6065124878755,3516.286037011703
forecast_3592,2025-05-30 16:00:00,4081.849566825954,3990.551180138148,3069.6197714563746
forecast_3593,2025-05-30 17:00:00,4902.292422659292,5159.040737139159,9147.516350093549
forecast_3594,2025-05-30 18:00:00,4079.9916029864935,4428.906751733776,2807.9251671311513
forecast_3595,2025-05-30 19:00:00,3390.0315027380134,3282.900730368623,2606.786676676357
forecast_3596,2025-05-30 20:00:00,3517.765659062437,3557.120758930161,2896.295557015955
forecast_3597,2025-05-30 21:00:00,3820.8682342491948,3658.563822502101,2821.2161989744045
forecast_3598,2025-05-30 22:00:00,3460.2017009416427,3563.2363632033353,2808.162911657989
forecast_3599,2025-05-30 23:00:00,3674.5338975151612,3716.268258550803,3344.119368422583
forecast_3600,2025-05-31 00:00:00,3385.703535193674,3414.246937385634,3348.1605644853075
forecast_3601,2025-05-31 01:00:00,3835.119995964842,3873.921303464628,3116.34518338612
forecast_3602,2025-05-31 02:00:00,4003.4744398486505,3938.2784959975043,3092.240516197206
forecast_3603,2025-05-31 03:00:00,3739.263276817075,3562.8674931287687,1932.4923255187648
forecast_3604,2025-05-31 04:00:00,3666.5919847084565,3849.5853763584473,2772.6520555995794
forecast_3605,2025-05-31 05:00:00,3465.506404121911,3924.751379123408,2969.13290900987
forecast_3606,2025-05-31 06:00:00,3597.4075879707716,4014.241162985937,2950.0601004358705
forecast_3607,2025-05-31 07:00:00,3563.836574103816,3479.2561990236472,3240.181940669624
forecast_3608,2025-05-31 08:00:00,3553.277376314172,3536.768960254846,3295.341430575159
forecast_3609,2025-05-31 09:00:00,3321.9593651475457,3506.070013987986,2707.716649805407
forecast_3610,2025-05-31 10:00:00,3526.0390407921063,4690.618470279663,3411.484586626538
forecast_3611,2025-05-31 11:00:00,3983.0171949936052,3637.862266970355,3219.9762265827876
forecast_3612,2025-05-31 12:00:00,3946.272256140709,3985.3550568650967,3257.3027047262117
forecast_3613,2025-05-31 13:00:00,4048.607199078194,4045.5980596036065,3307.5957155978836
forecast_3614,2025-05-31 14:00:00,3837.604106263812,4073.0739781960806,3216.8313418875564
forecast_3615,2025-05-31 15:00:00,4213.0909710235965,3930.862755024464,3575.4195824465087
forecast_3616,2025-05-31 16:00:00,3934.812596897202,4001.4855390561265,3234.545642265175
forecast_3617,2025-05-31 17:00:00,3823.0126517277677,3583.054203236939,3193.811731987478
forecast_3618,2025-05-31 18:00:00,3774.4907148349657,3751.9624509289183,3152.81357110023
forecast_3619,2025-05-31 19:00:00,3749.5480479364082,3677.8742068008805,3262.125299917478
forecast_3620,2025-05-31 20:00:00,3942.517493647638,3759.5309607117647,3346.3210307420723
forecast_3621,2025-05-31 21:00:00,3494.556754177497,3583.723806244472,3361.097333717672
forecast_3622,2025-05-31 22:00:00,3721.7650838026243,3757.181920903448,3374.0987187578235
forecast_3623,2025-05-31 23:00:00,3713.9631922151934,3632.7184546027734,3195.33202863646
forecast_3624,2025-06-01 00:00:00,3329.459806480794,3480.3211749749034,3242.3531929468577
forecast_3625,2025-06-01 01:00:00,3467.7886018042036,3492.3319463318553,3348.597677533194
forecast_3626,2025-06-01 02:00:00,3724.028974568571,3528.026958780633,2875.1915931044614
forecast_3627,2025-06-01 03:00:00,3912.8358898541032,4037.0861781516883,3425.2858501520955
forecast_3628,2025-06-01 04:00:00,3822.0000629897813,4040.5118013716287,3572.7453903893793
forecast_3629,2025-06-01 05:00:00,4081.6959476717307,4198.074137536695,3502.464667802172
forecast_3630,2025-06-01 06:00:00,3584.6751790196754,3637.5760829141173,3365.937773906065
forecast_3631,2025-06-01 07:00:00,3730.8817670475673,3443.850160701928,3142.154180518926
forecast_3632,2025-06-01 08:00:00,3472.272042053033,4105.035159000822,3266.6823190746168
forecast_3633,2025-06-01 09:00:00,3464.9069438725687,4110.212073340257,1956.7833244732149
forecast_3634,2025-06-01 10:00:00,4373.744823037893,4472.743847776835,2050.9479721338585
forecast_3635,2025-06-01 11:00:00,3104.927742074348,4517.154865417697,1659.7133919846349
forecast_3636,2025-06-01 12:00:00,6345.6085508419255,7201.259174062108,1945.850612518194
forecast_3637,2025-06-01 13:00:00,5245.3318821403145,4358.988063549109,53.12418951507313
forecast_3638,2025-06-01 14:00:00,4533.903673723708,4097.607716824223,1750.0198559238231
forecast_3639,2025-06-01 15:00:00,3278.1786672968274,2207.2766051778813,1148.4857636536121
forecast_3640,2025-06-01 16:00:00,55.81513244232104,65.26594087518065,49.9873898152059
forecast_3641,2025-06-01 17:00:00,1428.1053378459321,184.00407394399437,96.68169211201358
forecast_3642,2025-06-01 18:00:00,3082.839318406465,3303.092001872916,2986.5370007624847
forecast_3643,2025-06-01 19:00:00,3775.024959690715,3791.7917242370086,3476.627429305139
forecast_3644,2025-06-01 20:00:00,3714.0258442216677,3821.7659643035236,3754.478628910729
forecast_3645,2025-06-01 21:00:00,4090.383941550129,4035.724697529675,3702.1508723483435
forecast_3646,2025-06-01 22:00:00,3814.266908349055,3828.7347301263844,3691.440291834937
forecast_3647,2025-06-01 23:00:00,3773.532589294143,3750.6127207275854,3650.6376102687423
forecast_3648,2025-06-02 00:00:00,3725.349753922242,3772.298482500555,3680.2819499503075
forecast_3649,2025-06-02 01:00:00,3734.2031108700417,3740.562926844373,3491.5316811061703
forecast_3650,2025-06-02 02:00:00,3606.2035247086505,3549.40762652846,3368.0820164547254
forecast_3651,2025-06-02 03:00:00,3899.748961517898,3817.041360351889,3430.130974562125
forecast_3652,2025-06-02 04:00:00,3589.925052522269,3453.2300655578415,3184.7787079544546
forecast_3653,2025-06-02 05:00:00,3798.2996288289764,3624.101636286735,3220.305735806855
forecast_3654,2025-06-02 06:00:00,3592.750766813862,3512.039047479449,3321.440442587454
forecast_3655,2025-06-02 07:00:00,3517.209877999155,3556.9996882527307,2923.734924318581
forecast_3656,2025-06-02 08:00:00,3630.2071868798716,3397.3363929516645,2830.025177604958
forecast_3657,2025-06-02 09:00:00,3581.9240914767656,3440.1659387844797,2582.837699766405
forecast_3658,2025-06-02 10:00:00,3877.932548105838,3738.8216428860546,3423.147854911717
forecast_3659,2025-06-02 11:00:00,4120.0450136477775,4329.426912380546,6605.572155860351
forecast_3660,2025-06-02 12:00:00,4256.597381719754,3735.5440737559743,4695.17934812081
forecast_3661,2025-06-02 13:00:00,4776.984482203072,3213.758833959136,3454.503137388256
forecast_3662,2025-06-02 14:00:00,3103.8931734313746,3191.0841946691216,2896.0061960330836
forecast_3663,2025-06-02 15:00:00,3663.284600162859,3687.7276501105584,3296.6301779936307
forecast_3664,2025-06-02 16:00:00,4700.1222175400235,4129.7945328991855,3593.267380988343
forecast_3665,2025-06-02 17:00:00,4293.682958326013,4797.756181357418,3953.188059169291
forecast_3666,2025-06-02 18:00:00,4507.421634891149,5885.303711988696,4244.188537372511
forecast_3667,2025-06-02 19:00:00,4094.9114444582647,4106.958143386332,3769.110324954477
forecast_3668,2025-06-02 20:00:00,4274.092617594674,4101.935258298023,4797.1211839336775
forecast_3669,2025-06-02 21:00:00,3530.84568971645,3584.417395738127,3940.6649669490052
forecast_3670,2025-06-02 22:00:00,3460.5035646278984,3525.3519290168583,3849.505521033382
forecast_3671,2025-06-02 23:00:00,3833.6567124145013,3641.12309188404,3756.2399593447635
forecast_3672,2025-06-03 00:00:00,3693.815237271009,3804.0850786883743,3760.1871196759544
forecast_3673,2025-06-03 01:00:00,3916.5743363576285,3807.9570602068497,3234.4930040634745
forecast_3674,2025-06-03 02:00:00,4052.1277069324847,3921.4528211397273,3383.5381274598008
forecast_3675,2025-06-03 03:00:00,4312.025594774484,4512.3055683032335,3676.2074396612206
forecast_3676,2025-06-03 04:00:00,3825.467714446553,4074.6396457895985,3752.0846053403066
forecast_3677,2025-06-03 05:00:00,4030.166907838655,4238.91731384884,3960.174743775076
forecast_3678,2025-06-03 06:00:00,4038.0762493139587,4054.1499020994747,3807.5659127251874
forecast_3679,2025-06-03 07:00:00,3887.0064050666156,3809.4940517087525,3791.159572494752
forecast_3680,2025-06-03 08:00:00,3871.089755025686,3925.517489151576,3327.8680053013677
forecast_3681,2025-06-03 09:00:00,3485.308902214564,3627.2220657737716,3163.670975407678
forecast_3682,2025-06-03 10:00:00,3585.87045368728,3688.1092167842003,3416.6664998602178
forecast_3683,2025-06-03 11:00:00,3714.943909605747,3829.3896242493765,3697.606220946349
forecast_3684,2025-06-03 12:00:00,4770.50391619462,4328.928198988211,3802.169419756508
forecast_3685,2025-06-03 13:00:00,6813.03295000977,6314.437290413162,5267.303983235037
forecast_3686,2025-06-03 14:00:00,8860.287563553165,8430.600707125297,7400.97085084727
forecast_3687,2025-06-03 15:00:00,9723.261513143887,9807.859102883058,8346.696320429111
forecast_3688,2025-06-03 16:00:00,10781.496794514705,10540.721032377942,8858.677452700107
forecast_3689,2025-06-03 17:00:00,11256.854007214646,11165.925961096375,8718.916640953177
forecast_3690,2025-06-03 18:00:00,11762.106258412457,11070.256238919857,8949.582618010993
forecast_3691,2025-06-03 19:00:00,12521.180777967396,11993.415212460068,9915.84408010449
forecast_3692,2025-06-03 20:00:00,13810.674525483102,12994.33327566159,11579.521861213516
forecast_3693,2025-06-03 21:00:00,14778.345346802704,16050.88655998919,12641.997022210915
forecast_3694,2025-06-03 22:00:00,14847.755494291037,15112.74509201052,13217.619755343492
forecast_3695,2025-06-03 23:00:00,14666.532836921539,16312.078490338365,13355.187639444479
forecast_3696,2025-06-04 00:00:00,14493.954750649735,15247.037344564986,13864.854571807691
forecast_3697,2025-06-04 01:00:00,14087.248856359989,15067.944603545597,13321.103191973289
forecast_3698,2025-06-04 02:00:00,14103.146297011612,15695.980548327709,14287.59878916685
forecast_3699,2025-06-04 03:00:00,15186.516788413113,16736.15326860221,14877.059101632856
forecast_3700,2025-06-04 04:00:00,16376.327554491343,17549.569407718947,16338.17219832339
forecast_3701,2025-06-04 05:00:00,17559.805318658815,18275.990815142133,17370.02439929324
forecast_3702,2025-06-04 06:00:00,17723.016695305192,18475.261700399387,17373.588719097344
forecast_3703,2025-06-04 07:00:00,17840.259584022835,18406.86410177651,17473.780604050306
forecast_3704,2025-06-04 08:00:00,17734.537795568085,17923.0295751317,16758.63199450869
forecast_3705,2025-06-04 09:00:00,17076.363775173395,17769.0146575052,16145.203653712333
forecast_3706,2025-06-04 10:00:00,17069.677574991707,17434.96355033473,16099.83482940413
forecast_3707,2025-06-04 11:00:00,16823.44305246055,17165.19332316172,15992.819990542706
forecast_3708,2025-06-04 12:00:00,16364.365226143038,16768.813264308646,15479.4867288072
forecast_3709,2025-06-04 13:00:00,16082.802149090618,16744.676202568477,15236.86381985717
forecast_3710,2025-06-04 14:00:00,15643.921906401838,16270.319786963302,13855.908323797772
forecast_3711,2025-06-04 15:00:00,15186.597266637697,16225.756194323252,12345.737924816416
forecast_3712,2025-06-04 16:00:00,15027.731008389845,15637.321491678253,11183.952278737172
forecast_3713,2025-06-04 17:00:00,14654.294478086113,14883.456198817534,9947.84524874885
forecast_3714,2025-06-04 18:00:00,12973.968061219432,12780.838281359156,9314.290814597422
forecast_3715,2025-06-04 19:00:00,11235.870718302356,12580.813726351178,9436.71925749837
forecast_3716,2025-06-04 20:00:00,10890.401988783173,12433.579242344033,10011.743174681564
forecast_3717,2025-06-04 21:00:00,10882.350099257681,11933.894664748977,10655.076966452807
forecast_3718,2025-06-04 22:00:00,10851.160987930742,12865.951142862306,11245.120170358246
forecast_3719,2025-06-04 23:00:00,11557.12708481629,12803.81494800378,11074.26594672835
forecast_3720,2025-06-05 00:00:00,11292.646563578497,12875.79769639078,11616.998208121398
forecast_3721,2025-06-05 01:00:00,11649.553544754652,11754.3542481738,10275.062387082064
forecast_3722,2025-06-05 02:00:00,12221.962741346713,12978.34632021115,11593.189830558686
forecast_3723,2025-06-05 03:00:00,13513.103329287602,14081.471393208547,13015.537559120425
forecast_3724,2025-06-05 04:00:00,13547.862587844606,13958.432567705144,12890.127974486904
forecast_3725,2025-06-05 05:00:00,13308.278724010308,13700.438668977984,12454.978590051522
forecast_3726,2025-06-05 06:00:00,13368.24020440145,13703.848318018772,11304.850024670572
forecast_3727,2025-06-05 07:00:00,12701.151552194695,13381.837053261932,11227.468327151793
forecast_3728,2025-06-05 08:00:00,11618.723362889144,12115.958465791275,10200.984711220004
forecast_3729,2025-06-05 09:00:00,10179.272412459897,10141.587406650011,8224.078870210022
forecast_3730,2025-06-05 10:00:00,8257.815729542554,8481.582795966107,6516.1805815793605
forecast_3731,2025-06-05 11:00:00,7086.096180538522,6321.4098619957085,5316.6183548877325
forecast_3732,2025-06-05 12:00:00,6207.669398859426,5795.384028164042,4994.147774424905
forecast_3733,2025-06-05 13:00:00,5893.194831481795,5730.939273823005,5005.489993385479
forecast_3734,2025-06-05 14:00:00,5846.133445315411,5529.0634501171,4956.556306814975
forecast_3735,2025-06-05 15:00:00,5844.53645866147,5556.28597292578,5284.353276024197
forecast_3736,2025-06-05 16:00:00,7537.046558986462,6243.521447339076,6394.477450637332
forecast_3737,2025-06-05 17:00:00,8256.512148770134,8088.212866682166,8046.269069480881
forecast_3738,2025-06-05 18:00:00,11210.54451096818,10604.394037489094,10321.639925145208
forecast_3739,2025-06-05 19:00:00,12734.356509612204,12950.02148091089,12540.126597137927
forecast_3740,2025-06-05 20:00:00,13814.964713585683,14535.270134918168,14526.644283971382
forecast_3741,2025-06-05 21:00:00,15012.157070469693,15408.01835667976,17273.929142175963
forecast_3742,2025-06-05 22:00:00,15923.587200588661,16763.665791485142,17604.134800122298
forecast_3743,2025-06-05 23:00:00,18310.65286116921,18271.435471955796,18290.54078686938
forecast_3744,2025-06-06 00:00:00,18580.251609252246,18406.655167338715,18170.81998980371
forecast_3745,2025-06-06 01:00:00,19895.894251007874,18769.551541601315,18340.34681162652
forecast_3746,2025-06-06 02:00:00,19899.975126569392,18889.28803283192,18473.284758448754
forecast_3747,2025-06-06 03:00:00,20063.632024988663,19585.556211890864,19202.21661415442
forecast_3748,2025-06-06 04:00:00,19893.50414278081,18874.93907423661,19048.017493757903
forecast_3749,2025-06-06 05:00:00,19685.17548942522,18740.430434041547,19193.152890643734
forecast_3750,2025-06-06 06:00:00,19774.437391232605,18619.620660740246,18957.478111804227
forecast_3751,2025-06-06 07:00:00,18688.200948955782,18554.773206935497,18389.798725523528
forecast_3752,2025-06-06 08:00:00,17410.45367805071,17752.124718494175,17790.149724906772
forecast_3753,2025-06-06 09:00:00,15600.669005245687,16624.380286308573,16599.302995493137
forecast_3754,2025-06-06 10:00:00,14860.06675877822,15663.19497698334,15637.411359260122
forecast_3755,2025-06-06 11:00:00,14011.234880375874,14874.152222706265,15078.04530258951
forecast_3756,2025-06-06 12:00:00,13362.803434973897,14641.32694298807,14862.028969484125
forecast_3757,2025-06-06 13:00:00,13275.500357832316,14790.698069784377,14646.266958853283
forecast_3758,2025-06-06 14:00:00,14406.670413425954,14776.536588754825,14815.712172483067
forecast_3759,2025-06-06 15:00:00,15340.040879332704,14831.185351879813,15311.437505767692
forecast_3760,2025-06-06 16:00:00,14416.23802112524,14963.107881155634,15258.345766343564
forecast_3761,2025-06-06 17:00:00,13823.420470270676,14423.019448182022,14795.44602275262
forecast_3762,2025-06-06 18:00:00,13887.787512081508,14841.32186683774,15001.694726594771
forecast_3763,2025-06-06 19:00:00,14811.971186552704,16068.639870536193,16066.38090825421
forecast_3764,2025-06-06 20:00:00,16052.25601894416,17182.043404641383,17409.0903121451
forecast_3765,2025-06-06 21:00:00,16864.423818357292,17653.60594834434,18054.7539085502
forecast_3766,2025-06-06 22:00:00,17403.694288148887,18120.187559211212,18881.21207864377
forecast_3767,2025-06-06 23:00:00,17847.206089790787,18714.18646371032,19351.42279239763
forecast_3768,2025-06-07 00:00:00,18212.164240852282,18722.078382655574,19329.92275397634
forecast_3769,2025-06-07 01:00:00,19479.942760849477,18724.731573604487,19328.92206709028
forecast_3770,2025-06-07 02:00:00,18924.467703864826,18675.00906356016,19361.500883798453
forecast_3771,2025-06-07 03:00:00,19504.062566868528,18713.92181933276,19341.899458281638
forecast_3772,2025-06-07 04:00:00,19829.334782334277,19305.027628283457,19266.27279410572
forecast_3773,2025-06-07 05:00:00,19931.664548077457,18721.491592110317,18977.386119894058
forecast_3774,2025-06-07 06:00:00,18941.632528308335,18660.29845414207,18263.184483470555
forecast_3775,2025-06-07 07:00:00,17749.101030291917,17280.639725635683,17117.409467580073
forecast_3776,2025-06-07 08:00:00,15520.637065495928,15240.550480279502,14333.450088872578
forecast_3777,2025-06-07 09:00:00,12348.650004731659,12753.699232127512,11600.71320800183
forecast_3778,2025-06-07 10:00:00,10180.727324318756,10142.589539311639,9381.188558686508
forecast_3779,2025-06-07 11:00:00,8677.175672596444,9286.148765618842,8275.82637263549
forecast_3780,2025-06-07 12:00:00,7218.358870537262,7117.492671984134,7143.003715509017
forecast_3781,2025-06-07 13:00:00,6168.217839666739,6019.486565534342,5959.02634884021
forecast_3782,2025-06-07 14:00:00,6006.280578836174,5507.36058213571,5508.686157521748
forecast_3783,2025-06-07 15:00:00,6012.893581306549,5465.320277837225,5870.123584145859
forecast_3784,2025-06-07 16:00:00,6186.591963681338,5435.86565661404,5737.522557855675
forecast_3785,2025-06-07 17:00:00,5100.05759561535,5056.656820583434,5894.144380862991
forecast_3786,2025-06-07 18:00:00,4845.636512304303,4887.242215003842,5655.482866163439
forecast_3787,2025-06-07 19:00:00,5355.103072172629,5570.45483052386,6909.85278647322
forecast_3788,2025-06-07 20:00:00,7285.683905478752,8184.671398112666,8926.524822018166
forecast_3789,2025-06-07 21:00:00,8253.669688726886,9936.457578025293,11064.14615848509
forecast_3790,2025-06-07 22:00:00,10548.49974195009,11707.343711476347,13209.447611036663
forecast_3791,2025-06-07 23:00:00,12086.640996974285,12528.104146726295,13319.43395507525
forecast_3792,2025-06-08 00:00:00,12416.5497687684,12813.551819644956,12945.24907383533
forecast_3793,2025-06-08 01:00:00,11432.463421332837,12322.229872375914,8755.169651513075
forecast_3794,2025-06-08 02:00:00,11692.107021717004,12234.90617565675,8743.942241375884
forecast_3795,2025-06-08 03:00:00,12251.737692488834,12707.192651982816,8577.05710181251
forecast_3796,2025-06-08 04:00:00,12401.114615027489,13161.710006449446,8570.31753271797
forecast_3797,2025-06-08 05:00:00,12152.45593695148,12497.65802074111,7868.215475325853
forecast_3798,2025-06-08 06:00:00,9392.348962729457,9439.734785089486,5648.086229348836
forecast_3799,2025-06-08 07:00:00,5563.225171519382,5414.604587407108,3717.7129091291376
forecast_3800,2025-06-08 08:00:00,4294.124710639615,5210.289323736026,3741.4351772283558
forecast_3801,2025-06-08 09:00:00,3735.9778843946433,3711.624517033719,3261.485213098903
forecast_3802,2025-06-08 10:00:00,3543.9768983197937,3742.4841127958525,2697.2278766804125
forecast_3803,2025-06-08 11:00:00,49.69211473010908,51.18255996690091,57.27271161048916
forecast_3804,2025-06-08 12:00:00,1768.4223084668588,2617.3082447069755,40.34924529982354
forecast_3805,2025-06-08 13:00:00,40.403069520638944,2452.8847002501493,28.7368495625469
forecast_3806,2025-06-08 14:00:00,49.21385701956776,2628.4148233428305,30.269616388029455
forecast_3807,2025-06-08 15:00:00,1801.7087772666578,2488.1423973965825,43.90897611971016
forecast_3808,2025-06-08 16:00:00,3220.2231116728713,2896.7096313538996,2310.724610684541
forecast_3809,2025-06-08 17:00:00,3281.670786508682,3249.451496029267,2904.0101372785552
forecast_3810,2025-06-08 18:00:00,3629.461911775838,3528.236411388238,3472.235184528391
forecast_3811,2025-06-08 19:00:00,3640.402969606148,3508.417499481415,3242.295656976688
forecast_3812,2025-06-08 20:00:00,3842.2693088784376,3762.537242240182,3385.216648870175
forecast_3813,2025-06-08 21:00:00,3938.4368538076747,4053.972872319521,3363.9555694312
forecast_3814,2025-06-08 22:00:00,4167.277176006605,4292.835497517343,3754.971138133901
forecast_3815,2025-06-08 23:00:00,6004.115341199254,5990.90709084032,4042.627507074959
forecast_3816,2025-06-09 00:00:00,7141.97165945719,7341.350776750278,4674.990552110124
forecast_3817,2025-06-09 01:00:00,8983.435051731803,9442.09470044282,7102.750979844449
forecast_3818,2025-06-09 02:00:00,8971.554799542813,9752.36492184692,7005.813453634636
forecast_3819,2025-06-09 03:00:00,10150.766177014968,10323.273559360216,6246.112131840992
forecast_3820,2025-06-09 04:00:00,9800.977254597357,9703.664912890521,5304.271306591444
forecast_3821,2025-06-09 05:00:00,7877.429278299358,7898.822948514636,4136.449328585449
forecast_3822,2025-06-09 06:00:00,5791.253554850403,5478.632194572178,3821.608217151631
forecast_3823,2025-06-09 07:00:00,3882.5663376139273,3894.051661919615,3441.8375919110626
forecast_3824,2025-06-09 08:00:00,3752.493777704229,3822.4425316891375,3216.4553583882184
forecast_3825,2025-06-09 09:00:00,3432.0600157834474,3429.04546597493,2407.5293575464448
forecast_3826,2025-06-09 10:00:00,4649.751969020969,4714.32302584106,3938.5558217570606
forecast_3827,2025-06-09 11:00:00,5630.453668324356,4301.64270470503,8000.739403053891
forecast_3828,2025-06-09 12:00:00,3419.6516387238107,3464.0820334446184,2826.2101101361327
forecast_3829,2025-06-09 13:00:00,3012.916669236866,3097.624843734726,2566.777617030866
forecast_3830,2025-06-09 14:00:00,3701.9811996609565,3619.3460619996786,2954.3690472551416
forecast_3831,2025-06-09 15:00:00,3560.373123761085,3632.292603861677,3198.2699258654266
forecast_3832,2025-06-09 16:00:00,3817.275553168167,3753.649877154273,3543.55133047963
forecast_3833,2025-06-09 17:00:00,3900.9544086829474,3800.826734634179,3528.9347333031556
forecast_3834,2025-06-09 18:00:00,4022.92050885584,3919.9611194504805,3372.033879595508
forecast_3835,2025-06-09 19:00:00,3918.3254299580135,3869.687122329292,3167.4500712990575
forecast_3836,2025-06-09 20:00:00,4249.021135710496,4258.17886721785,3566.8812051632312
forecast_3837,2025-06-09 21:00:00,5746.6818619634905,5702.5756074511,4506.033137802212
forecast_3838,2025-06-09 22:00:00,7036.988770839822,7627.55220952181,5782.099982908775
forecast_3839,2025-06-09 23:00:00,8824.483160273967,9172.536699573679,6431.911060476503
forecast_3840,2025-06-10 00:00:00,9084.901465442445,9297.188182783475,6356.748544748805
forecast_3841,2025-06-10 01:00:00,13225.220515555224,14486.51223003129,11388.621089780192
forecast_3842,2025-06-10 02:00:00,14048.381304223303,15416.173306648852,12451.522582900752
forecast_3843,2025-06-10 03:00:00,15475.071431388209,16889.6014269076,13969.293091235402
forecast_3844,2025-06-10 04:00:00,16335.606097089872,17800.07889702572,14684.828288314848
forecast_3845,2025-06-10 05:00:00,16705.59663223637,17183.45211960942,14642.706456528493
forecast_3846,2025-06-10 06:00:00,15879.530878796457,16596.776440100595,13600.615676203946
forecast_3847,2025-06-10 07:00:00,15015.178285522656,15272.44767980007,12057.024764844771
forecast_3848,2025-06-10 08:00:00,13585.786437682962,13698.081616551188,9656.012669941249
forecast_3849,2025-06-10 09:00:00,11481.251123247186,11450.726550863359,8109.64331029143
forecast_3850,2025-06-10 10:00:00,8125.468998735273,8942.379315118747,6489.0599245638405
forecast_3851,2025-06-10 11:00:00,6361.8854928650635,6349.126159113405,5227.752924069277
forecast_3852,2025-06-10 12:00:00,6515.207023722951,7048.652467639655,5803.519317451409
forecast_3853,2025-06-10 13:00:00,7523.580759604886,8002.408612317347,6499.104180629723
forecast_3854,2025-06-10 14:00:00,8760.912428813606,8985.259821061743,6872.326020388728
forecast_3855,2025-06-10 15:00:00,9108.682076338619,9792.510411806234,7086.027955553409
forecast_3856,2025-06-10 16:00:00,9487.097900138113,10177.832355740045,7430.985125690469
forecast_3857,2025-06-10 17:00:00,9914.678665421721,10459.806401958544,7657.586033025605
forecast_3858,2025-06-10 18:00:00,10692.619540819542,11801.817331220425,8566.301700061545
forecast_3859,2025-06-10 19:00:00,10813.427908996786,13373.483168872186,8788.381856013997
forecast_3860,2025-06-10 20:00:00,11415.807575951689,13030.818417244109,9873.106275854403
forecast_3861,2025-06-10 21:00:00,12343.58793912038,14484.62587289455,10550.102252331177
forecast_3862,2025-06-10 22:00:00,13997.832721226554,15257.94118777841,14492.508228320894
forecast_3863,2025-06-10 23:00:00,14752.327306054234,15911.73716315059,13487.928346122259
forecast_3864,2025-06-11 00:00:00,15287.33478235251,16073.890697977447,14210.821183588016
forecast_3865,2025-06-11 01:00:00,12724.142087185583,13532.92218329341,10386.45651059749
forecast_3866,2025-06-11 02:00:00,13214.622568515419,13224.926828978081,10383.346986830344
forecast_3867,2025-06-11 03:00:00,12972.36262725381,13669.525471816942,11028.991043661314
forecast_3868,2025-06-11 04:00:00,14038.559474400518,14065.72405708857,11469.367082847455
forecast_3869,2025-06-11 05:00:00,13891.190178610455,14380.178236158623,11398.753812612
forecast_3870,2025-06-11 06:00:00,13789.675525351713,14159.924040132584,10552.923964001788
forecast_3871,2025-06-11 07:00:00,12936.623262638308,13196.270796670578,9427.629962141258
forecast_3872,2025-06-11 08:00:00,10916.475280840363,11184.080003580231,7426.33761221251
forecast_3873,2025-06-11 09:00:00,8590.114298148326,8350.551046961207,6455.841933243494
forecast_3874,2025-06-11 10:00:00,6682.703703504799,6657.015675585047,5074.980327116151
forecast_3875,2025-06-11 11:00:00,6173.6048409659,5934.322855235989,4842.115284194199
forecast_3876,2025-06-11 12:00:00,6194.105736400348,5909.97121256183,4705.252518195487
forecast_3877,2025-06-11 13:00:00,6532.619849050577,6066.430926806638,4786.6721755377575
forecast_3878,2025-06-11 14:00:00,6135.657288349585,5807.671304566179,4590.815096551248
forecast_3879,2025-06-11 15:00:00,6132.001096034942,5543.759621730019,4393.088184997944
forecast_3880,2025-06-11 16:00:00,5966.232905963104,5896.5095188305795,4414.783488030167
forecast_3881,2025-06-11 17:00:00,5633.1183309072885,5573.016712962345,4067.556973280896
forecast_3882,2025-06-11 18:00:00,5255.688939561183,5593.845134331602,3761.238431650602
forecast_3883,2025-06-11 19:00:00,4783.029237308963,4487.696796617549,3976.4293455525244
forecast_3884,2025-06-11 20:00:00,4989.689855036924,5426.866744167126,4017.831456916067
forecast_3885,2025-06-11 21:00:00,4429.023247047588,5098.409805150562,3991.2951224518133
forecast_3886,2025-06-11 22:00:00,4115.069045361425,4373.844629980605,3854.6212875331753
forecast_3887,2025-06-11 23:00:00,4559.243573180768,4524.611387648983,3810.6665296154288
forecast_3888,2025-06-12 00:00:00,4741.233674096495,4747.625741881256,3804.0636509846745
forecast_3889,2025-06-12 01:00:00,3994.448735280274,4782.329790912513,3728.4038361576218
forecast_3890,2025-06-12 02:00:00,4437.683190675215,4530.68421258747,3679.616817436566
forecast_3891,2025-06-12 03:00:00,4732.980608925947,4036.6871510820065,3622.373706424322
forecast_3892,2025-06-12 04:00:00,4643.853858354185,4717.699930285936,3803.979427179002
forecast_3893,2025-06-12 05:00:00,3952.5321821956395,3852.4639281674868,3418.503166744131
forecast_3894,2025-06-12 06:00:00,3513.6828321769985,3946.7197262169752,2839.39512439723
forecast_3895,2025-06-12 07:00:00,3030.5351971163295,4222.504648538129,1913.896717801011
forecast_3896,2025-06-12 08:00:00,2740.753459572047,3983.3488360910005,1253.1197688730233
forecast_3897,2025-06-12 09:00:00,3960.0010055724747,3500.379154208,47.43623067911914
forecast_3898,2025-06-12 10:00:00,3259.6813069935606,2700.0198386324437,35.60885509605533
forecast_3899,2025-06-12 11:00:00,53.82107294639747,55.8141187603666,36.24645193529727
forecast_3900,2025-06-12 12:00:00,22.836684832644867,23.12540761168764,19.53378292630604
forecast_3901,2025-06-12 13:00:00,38.670932917732834,40.509970667549986,37.09625430891538
forecast_3902,2025-06-12 14:00:00,33.68585913735639,42.66489238827754,38.780506217007435
forecast_3903,2025-06-12 15:00:00,44.402030424251016,49.02649616965577,41.31994774498061
forecast_3904,2025-06-12 16:00:00,2908.9482995248463,2725.6705201735126,33.59255913329248
forecast_3905,2025-06-12 17:00:00,4678.838793180766,5377.943684412204,3896.54407419332
forecast_3906,2025-06-12 18:00:00,6380.851035886457,6801.399573197286,5402.877269924705
forecast_3907,2025-06-12 19:00:00,6480.013133155379,7166.8756229925875,4442.149912520045
forecast_3908,2025-06-12 20:00:00,3476.8982806121453,3494.4786092685385,6286.899468841856
forecast_3909,2025-06-12 21:00:00,3524.3934456851694,3140.235846805554,6253.0159220310925
forecast_3910,2025-06-12 22:00:00,3680.2311174809424,3437.38581053095,2916.486598354577
forecast_3911,2025-06-12 23:00:00,3533.0368250387965,3339.466014547257,2715.9177858889734
forecast_3912,2025-06-13 00:00:00,3652.868638058108,3660.5502273697757,3012.4573505153403
forecast_3913,2025-06-13 01:00:00,4189.6115998922405,4226.433657388936,3579.0691100058925
forecast_3914,2025-06-13 02:00:00,5503.000496179869,5309.250392024542,3842.662189392958
forecast_3915,2025-06-13 03:00:00,6231.534755095633,6085.829507881166,4168.529032788656
forecast_3916,2025-06-13 04:00:00,5188.234203554236,5123.875755286915,3807.020830388441
forecast_3917,2025-06-13 05:00:00,3933.36423334596,4056.992300119916,3372.676817968043
forecast_3918,2025-06-13 06:00:00,3749.865524835111,3876.314257829527,3497.61976907013
forecast_3919,2025-06-13 07:00:00,3252.31638093781,3410.6822416912237,2841.8018023864083
forecast_3920,2025-06-13 08:00:00,3356.507446287098,3347.8207510714487,122.20063768448875
forecast_3921,2025-06-13 09:00:00,3731.575779027778,3406.0049544422945,1103.9068965274184
forecast_3922,2025-06-13 10:00:00,3563.1949202290884,3607.2896831189846,2891.8549529113347
forecast_3923,2025-06-13 11:00:00,3800.9142285839725,3781.9790919709385,3280.7283561250147
forecast_3924,2025-06-13 12:00:00,3466.420465121277,3467.9684116000594,3140.3846404683077
forecast_3925,2025-06-13 13:00:00,4257.714180702588,3955.7137098802655,2952.9876951896717
forecast_3926,2025-06-13 14:00:00,3182.4810644705317,3111.310435872701,2757.475525010414
forecast_3927,2025-06-13 15:00:00,3289.2739581760356,3495.771780146998,3013.7350966208146
forecast_3928,2025-06-13 16:00:00,3646.792800194892,3448.972081319096,2942.5006340200134
forecast_3929,2025-06-13 17:00:00,4038.041141040261,4007.039797439132,3644.861497352143
forecast_3930,2025-06-13 18:00:00,3857.433089546565,3882.7488710944062,3818.5079386069497
forecast_3931,2025-06-13 19:00:00,3896.955694912045,3907.2220058327657,3618.296816468131
forecast_3932,2025-06-13 20:00:00,3866.4179109486386,3882.5728135182267,3608.1823806984153
forecast_3933,2025-06-13 21:00:00,4346.692230412388,4310.8383515634005,3604.6797231824894
forecast_3934,2025-06-13 22:00:00,4971.66959986109,5577.908696414233,3767.091967822019
forecast_3935,2025-06-13 23:00:00,5214.726060204377,6041.567628589065,3755.69056301815
forecast_3936,2025-06-14 00:00:00,4922.097764697778,5356.327683220435,3771.710229805328
forecast_3937,2025-06-14 01:00:00,8953.872837449839,9534.823093189432,7889.219365049544
forecast_3938,2025-06-14 02:00:00,8720.560195335587,9393.705292328059,7115.56541176358
forecast_3939,2025-06-14 03:00:00,8083.1316962327965,8563.040796665384,6419.005220564338
forecast_3940,2025-06-14 04:00:00,5964.8947470948515,6476.573483643279,4541.319926325797
forecast_3941,2025-06-14 05:00:00,4256.992329449678,4753.750342887015,3674.704483613089
forecast_3942,2025-06-14 06:00:00,4084.013132777684,3871.63257368867,3501.3747836807106
forecast_3943,2025-06-14 07:00:00,4009.6868098764967,3828.0415288009444,3665.751976146416
forecast_3944,2025-06-14 08:00:00,3177.931861579309,3424.0797202133954,2280.2032699598763
forecast_3945,2025-06-14 09:00:00,3245.0639149601757,3326.5410518761832,2538.9834213166014
forecast_3946,2025-06-14 10:00:00,2628.315812232769,3232.258109414458,2320.1942788735387
forecast_3947,2025-06-14 11:00:00,3281.218722987179,3052.5192384042552,2107.9591251584675
forecast_3948,2025-06-14 12:00:00,3551.998601608533,3751.1521268240954,1077.5252749900799
forecast_3949,2025-06-14 13:00:00,3231.473458519475,4057.488905166597,1395.547658751332
forecast_3950,2025-06-14 14:00:00,2414.3633980915997,3128.0743295732664,2949.5763022338606
forecast_3951,2025-06-14 15:00:00,2650.1877338799686,2690.3329019467346,2247.385270333368
forecast_3952,2025-06-14 16:00:00,2938.593904713119,2585.044023734713,1724.3245030812259
forecast_3953,2025-06-14 17:00:00,3204.995061839481,3200.6988421866276,8943.841874399937
forecast_3954,2025-06-14 18:00:00,3235.002376952912,3210.0014923693775,8626.50197001231
forecast_3955,2025-06-14 19:00:00,3765.8307220980582,3419.794029720761,3110.3359894868277
forecast_3956,2025-06-14 20:00:00,3675.202104136998,3587.969944923084,3306.751892430103
forecast_3957,2025-06-14 21:00:00,3454.2882423149517,3507.3959441358597,3204.7964685130146
forecast_3958,2025-06-14 22:00:00,3440.4496550329077,3332.392187294677,3369.043808644269
forecast_3959,2025-06-14 23:00:00,3261.1674067881963,3197.430217169829,2791.9755198469793
forecast_3960,2025-06-15 00:00:00,3284.7361423670895,3298.3408876650005,2866.5882594336144
forecast_3961,2025-06-15 01:00:00,5048.266535760687,5172.292184668866,3791.6802891830202
forecast_3962,2025-06-15 02:00:00,4525.693573030575,4870.148602157206,3767.6579374067815
forecast_3963,2025-06-15 03:00:00,4476.263140246984,4571.148398291235,3745.263022288314
forecast_3964,2025-06-15 04:00:00,5207.057117454396,4934.218673117977,3839.768085626861
forecast_3965,2025-06-15 05:00:00,5917.600495829023,5351.648683030808,3781.0963565756597
forecast_3966,2025-06-15 06:00:00,5934.323156270678,5511.331943514379,3820.9728602073806
forecast_3967,2025-06-15 07:00:00,3950.2446827748686,3897.744532662835,3441.331482592202
forecast_3968,2025-06-15 08:00:00,3770.3379648356813,3627.425083127781,3219.9929164543587
forecast_3969,2025-06-15 09:00:00,3698.2311020084467,3640.9529911899695,3145.4001511207343
forecast_3970,2025-06-15 10:00:00,3648.4129199654462,3769.4525764491023,3007.083960044018
forecast_3971,2025-06-15 11:00:00,3543.423977345204,3890.7579000517007,3202.802496738361
forecast_3972,2025-06-15 12:00:00,3697.0440741601046,3484.3312237029545,3134.9691309606733
forecast_3973,2025-06-15 13:00:00,3765.8883547442124,3537.1142170070448,3070.3858799084833
forecast_3974,2025-06-15 14:00:00,3419.443305518844,3540.909973016945,3253.2467180933827
forecast_3975,2025-06-15 15:00:00,3681.907600281497,3546.0777773980176,3409.47274941409
forecast_3976,2025-06-15 16:00:00,3717.5765594538566,3817.601641269469,3459.435326859332
forecast_3977,2025-06-15 17:00:00,3906.6189421388053,3839.4896792760187,3862.1213861448114
forecast_3978,2025-06-15 18:00:00,4034.787750487731,4338.230321919257,4272.314039286532
forecast_3979,2025-06-15 19:00:00,4309.661754240661,4556.122643062352,4249.275852991563
forecast_3980,2025-06-15 20:00:00,5851.479563638318,7525.400208544078,4563.9109319162835
forecast_3981,2025-06-15 21:00:00,7068.144714960441,9242.54287310788,5698.097393163227
forecast_3982,2025-06-15 22:00:00,8899.035612415377,11562.413974272058,7053.065373851642
forecast_3983,2025-06-15 23:00:00,9969.606525200139,11995.040843208646,8257.00737070483
forecast_3984,2025-06-16 00:00:00,11270.781079759801,12523.781810843939,8549.22404049467
forecast_3985,2025-06-16 01:00:00,10167.30091362629,11375.901702890464,8111.614609282723
forecast_3986,2025-06-16 02:00:00,10120.558413422772,11481.687146681603,8211.988525271201
forecast_3987,2025-06-16 03:00:00,10857.835182507511,12473.451406922595,8209.113325221495
forecast_3988,2025-06-16 04:00:00,9863.906519769662,10725.507316886129,7682.873823162296
forecast_3989,2025-06-16 05:00:00,9529.71264843809,9995.648808611604,7155.670735931449
forecast_3990,2025-06-16 06:00:00,9161.157832490602,9909.792244534405,6762.961418228625
forecast_3991,2025-06-16 07:00:00,8354.505185851782,9741.7747102653,7011.100743024046
forecast_3992,2025-06-16 08:00:00,8725.171338265334,10060.253619909588,6913.447218457491
forecast_3993,2025-06-16 09:00:00,8802.04652814271,10159.072897745025,6699.858963731442
forecast_3994,2025-06-16 10:00:00,8835.658511816524,9841.533805921468,6597.565887797176
forecast_3995,2025-06-16 11:00:00,8354.35737128174,9420.200340667427,6815.978726940194
forecast_3996,2025-06-16 12:00:00,8277.329979182252,8770.19929490789,7187.066915719678
forecast_3997,2025-06-16 13:00:00,9118.468228172145,9464.518363604528,7994.230547500079
forecast_3998,2025-06-16 14:00:00,11405.216275097973,11561.683373278482,9683.461738896733
forecast_3999,2025-06-16 15:00:00,11310.799609548661,11971.801427976707,10506.679315874566
forecast_4000,2025-06-16 16:00:00,13037.362980887792,13244.660027915208,12199.401335703267
forecast_4001,2025-06-16 17:00:00,13436.686922721618,14179.912586176326,13591.44228328496
forecast_4002,2025-06-16 18:00:00,15229.104274423456,15743.37627308798,14420.404136240577
forecast_4003,2025-06-16 19:00:00,14886.606839395125,14764.442922600289,13720.888031510778
forecast_4004,2025-06-16 20:00:00,14767.764884599483,13974.467782339001,12758.563230000977
forecast_4005,2025-06-16 21:00:00,13937.908673627453,14882.036930998041,12691.476373485051
forecast_4006,2025-06-16 22:00:00,14996.035889070672,16894.272060681153,14243.934092061205
forecast_4007,2025-06-16 23:00:00,16819.90043128038,17687.1845942918,16925.34023067516
forecast_4008,2025-06-17 00:00:00,17415.413007586536,18158.2479198677,17743.380419282676
forecast_4009,2025-06-17 01:00:00,17529.32624400993,18639.748737955357,17473.586039369235
forecast_4010,2025-06-17 02:00:00,17551.88211924972,18627.97322705255,17518.48534988073
forecast_4011,2025-06-17 03:00:00,17571.426273479046,18470.764995916114,17471.047389848838
forecast_4012,2025-06-17 04:00:00,17110.51484576017,18158.510952429533,17695.53358517872
forecast_4013,2025-06-17 05:00:00,16336.425568440016,17817.5932928243,17002.271865714763
forecast_4014,2025-06-17 06:00:00,15388.322453869856,17301.802174986326,16095.185430104997
forecast_4015,2025-06-17 07:00:00,14334.681364611211,15901.495346026708,15539.813618721086
forecast_4016,2025-06-17 08:00:00,13321.655844171113,14706.854501917454,14268.693022439087
forecast_4017,2025-06-17 09:00:00,12780.246381735005,13817.695773538102,13237.841753616367
forecast_4018,2025-06-17 10:00:00,12270.024318830372,13147.238790270962,11063.658229831188
forecast_4019,2025-06-17 11:00:00,11116.572412655754,11116.651933876992,10679.306229230215
forecast_4020,2025-06-17 12:00:00,10381.495306930401,10916.63125817288,10306.127927423075
forecast_4021,2025-06-17 13:00:00,10043.7661489966,10460.495301653187,10145.54052716959
forecast_4022,2025-06-17 14:00:00,9485.556535765581,10564.860324502752,9536.278962509004
forecast_4023,2025-06-17 15:00:00,9503.600503636504,10288.991427215626,8977.43002503292
forecast_4024,2025-06-17 16:00:00,9692.297716393632,9722.474312514432,8192.159589557967
forecast_4025,2025-06-17 17:00:00,8248.742889136267,9515.261620614623,7987.404372196686
forecast_4026,2025-06-17 18:00:00,7739.4782152674725,8527.011471139735,7113.976564225191
forecast_4027,2025-06-17 19:00:00,7662.832298751338,8768.724901446607,6541.430009946445
forecast_4028,2025-06-17 20:00:00,7177.815456824619,8161.601769433097,5818.673226646728
forecast_4029,2025-06-17 21:00:00,7401.478795326524,8267.648912046794,5754.439451338451
forecast_4030,2025-06-17 22:00:00,7503.329861146079,8477.932512553993,6045.050325574049
forecast_4031,2025-06-17 23:00:00,7862.877938019183,8581.937323937444,6246.652311762462
forecast_4032,2025-06-18 00:00:00,7978.1148025710445,8860.101617368917,6786.202727406214
forecast_4033,2025-06-18 01:00:00,9524.006673258082,10497.328200484337,7827.225043195592
forecast_4034,2025-06-18 02:00:00,10538.149549239515,11241.17481524564,9069.294608803479
forecast_4035,2025-06-18 03:00:00,12668.066998460703,13007.827310772356,10899.620595648179
forecast_4036,2025-06-18 04:00:00,13960.652483681168,14530.48578603298,11403.571142305711
forecast_4037,2025-06-18 05:00:00,14805.027991393254,14675.126237276472,11651.910813350238
forecast_4038,2025-06-18 06:00:00,14606.008942616472,14200.74564235515,11131.876421272724
forecast_4039,2025-06-18 07:00:00,13223.852982038718,13248.795613942282,10127.254487305074
forecast_4040,2025-06-18 08:00:00,11560.619482058646,11764.351855183671,9016.246262616774
forecast_4041,2025-06-18 09:00:00,10343.533720397814,10775.023792876795,7465.978670319654
forecast_4042,2025-06-18 10:00:00,8566.97138624202,8339.92755327756,6219.9636108182995
forecast_4043,2025-06-18 11:00:00,5663.6119355969895,5747.191569423772,4230.748918580629
forecast_4044,2025-06-18 12:00:00,4671.039023442907,4532.454592936827,3599.4393219412755
forecast_4045,2025-06-18 13:00:00,4441.391188841245,4132.134436365011,3436.8302936445975
forecast_4046,2025-06-18 14:00:00,4387.902895278918,4151.547467069707,3658.9706339635622
forecast_4047,2025-06-18 15:00:00,4391.608625923411,4366.369927818412,3787.742070496504
forecast_4048,2025-06-18 16:00:00,4695.941302003023,4629.079729852601,3962.578448410349
forecast_4049,2025-06-18 17:00:00,4785.193911481922,4681.6684290700805,3939.5712108042694
forecast_4050,2025-06-18 18:00:00,4435.414033131282,4377.2602101474295,4112.613548146261
forecast_4051,2025-06-18 19:00:00,5051.359015026115,5290.7053588588915,4184.729105064337
forecast_4052,2025-06-18 20:00:00,7172.192443199161,7378.746421647653,6127.517739158232
forecast_4053,2025-06-18 21:00:00,10404.15802255811,10752.377205450652,8144.266827751708
forecast_4054,2025-06-18 22:00:00,12521.003165042132,13012.36837407218,10587.971885169689
forecast_4055,2025-06-18 23:00:00,13146.683794400797,14020.812678199904,12005.347329310558
forecast_4056,2025-06-19 00:00:00,14088.189453996054,14972.36516588711,12405.823813055476
forecast_4057,2025-06-19 01:00:00,14614.918674387149,15229.886420799778,12508.375939174866
forecast_4058,2025-06-19 02:00:00,14679.33572763092,15229.040899831069,12520.178399181861
forecast_4059,2025-06-19 03:00:00,14528.45818197137,14802.992061416224,12751.293474890077
forecast_4060,2025-06-19 04:00:00,14430.099973865847,15399.616092962655,12241.471060415432
forecast_4061,2025-06-19 05:00:00,14636.826553066147,15038.30540928094,12230.666994753414
forecast_4062,2025-06-19 06:00:00,13100.994781284167,13458.252714868648,10696.43819067948
forecast_4063,2025-06-19 07:00:00,10816.435701098126,11259.498265937193,7900.262399053608
forecast_4064,2025-06-19 08:00:00,7676.769822177745,7410.963978533628,5231.710852510747
forecast_4065,2025-06-19 09:00:00,4517.867679889155,4468.313463673037,3773.2423081181823
forecast_4066,2025-06-19 10:00:00,3410.6103396455633,3434.0043674798276,3168.915167513965
forecast_4067,2025-06-19 11:00:00,3512.817462844514,3277.2707305556596,2662.355315103248
forecast_4068,2025-06-19 12:00:00,2916.106940170489,2837.9140545731548,2837.7040200926663
forecast_4069,2025-06-19 13:00:00,5882.82252328688,4801.198542666907,2173.727617361282
forecast_4070,2025-06-19 14:00:00,2971.301912634396,3036.677441691942,2558.6473031549253
forecast_4071,2025-06-19 15:00:00,3604.9258027109668,3347.541199885559,2656.2451359678676
forecast_4072,2025-06-19 16:00:00,3471.946804114424,3379.3336061494488,3046.581863988427
forecast_4073,2025-06-19 17:00:00,3593.616116181733,3771.3338609323077,3328.8663229694453
forecast_4074,2025-06-19 18:00:00,3668.572238213544,3818.885734510606,3501.5794373532112
forecast_4075,2025-06-19 19:00:00,3755.580940134247,3717.513107329709,3483.996627049078
forecast_4076,2025-06-19 20:00:00,4018.1679425315697,4315.525670573515,3769.5327111368492
forecast_4077,2025-06-19 21:00:00,5309.601286863008,6052.660437265706,3828.6516208128132
forecast_4078,2025-06-19 22:00:00,6782.01519671153,8371.341146741266,4601.780286284209
forecast_4079,2025-06-19 23:00:00,9486.059325693408,10175.061296334685,6037.733220641368
forecast_4080,2025-06-20 00:00:00,9532.378268306142,10514.740926130562,6733.901065041461
forecast_4081,2025-06-20 01:00:00,9171.394430140706,11057.725848732474,6756.350833803002
forecast_4082,2025-06-20 02:00:00,8634.6032264767,11250.290237678884,7447.37551649779
forecast_4083,2025-06-20 03:00:00,9593.950173084984,11979.695116142515,8792.328167835361
forecast_4084,2025-06-20 04:00:00,10219.401966290083,12717.950926855485,9904.543929488982
forecast_4085,2025-06-20 05:00:00,10233.339107235972,12800.592584656268,10005.267471704037
forecast_4086,2025-06-20 06:00:00,10511.74190513303,12839.908968012236,9388.275450909552
forecast_4087,2025-06-20 07:00:00,9718.561028130707,12202.568489873403,9013.525442754522
forecast_4088,2025-06-20 08:00:00,9290.988633816172,11849.971511685644,7570.059432812167
forecast_4089,2025-06-20 09:00:00,9498.060792720085,11227.982982170466,7874.700828144248
forecast_4090,2025-06-20 10:00:00,9351.800150017574,12109.000347815409,9360.166956558467
forecast_4091,2025-06-20 11:00:00,11638.45453887137,15040.287519673457,11512.877869666117
forecast_4092,2025-06-20 12:00:00,12658.421817728979,16416.60328133069,13291.809878708884
forecast_4093,2025-06-20 13:00:00,14539.598372967577,16855.87401564554,14081.797789511085
forecast_4094,2025-06-20 14:00:00,14946.15965285687,16786.24734175697,15157.320368601793
forecast_4095,2025-06-20 15:00:00,15208.377089236415,17186.60581654566,15818.115246344012
forecast_4096,2025-06-20 16:00:00,15916.243260581949,17307.881514644403,16704.117280662223
forecast_4097,2025-06-20 17:00:00,16518.64464362564,17162.55642198419,17446.76773337092
forecast_4098,2025-06-20 18:00:00,16739.401488659998,16819.33485342459,16686.25875724033
forecast_4099,2025-06-20 19:00:00,16413.012572658296,16552.891421232194,16851.08144757351
forecast_4100,2025-06-20 20:00:00,16393.675933526294,16743.580515713467,16670.34871529015
forecast_4101,2025-06-20 21:00:00,16205.26196514047,17079.434765561826,16702.512070763256
forecast_4102,2025-06-20 22:00:00,16646.466953696552,17194.500199925733,18274.42620190143
forecast_4103,2025-06-20 23:00:00,16580.09133919014,17682.383896807132,18373.716601370415
forecast_4104,2025-06-21 00:00:00,16826.653101888227,17888.88241236371,18038.306334857432
forecast_4105,2025-06-21 01:00:00,16389.37725187692,17854.89612607365,18050.521384255007
forecast_4106,2025-06-21 02:00:00,16305.134195733604,17829.050541087116,17983.153085380367
forecast_4107,2025-06-21 03:00:00,15782.143304274688,17716.99866935633,17719.433186909064
forecast_4108,2025-06-21 04:00:00,15664.839648236824,17876.0083437654,17236.228153035314
forecast_4109,2025-06-21 05:00:00,15059.963975081597,17617.25648781174,16835.150175118422
forecast_4110,2025-06-21 06:00:00,14822.087418545452,17336.10377292818,15900.481893099692
forecast_4111,2025-06-21 07:00:00,14813.431833781764,17225.533308700222,15114.33714740618
forecast_4112,2025-06-21 08:00:00,14622.151708342477,17372.296452431394,15168.314650549308
forecast_4113,2025-06-21 09:00:00,14107.181102187657,15994.810174084276,13947.26654780786
forecast_4114,2025-06-21 10:00:00,14117.207193143724,14294.454031424293,12557.222181776273
forecast_4115,2025-06-21 11:00:00,11691.715489978025,12948.22030092115,10422.3284749875
forecast_4116,2025-06-21 12:00:00,12702.741624512824,13589.890544922091,11070.86808824166
forecast_4117,2025-06-21 13:00:00,12887.338329120817,15174.412763185219,11153.474727423776
forecast_4118,2025-06-21 14:00:00,13238.105033854623,13630.972158907585,11641.691808642732
forecast_4119,2025-06-21 15:00:00,13198.600352936459,13543.983649566524,10695.649580569558
forecast_4120,2025-06-21 16:00:00,13382.978528497302,13764.535474841829,11179.11239663595
forecast_4121,2025-06-21 17:00:00,12505.47000556783,13868.368338623792,10866.404332937209
forecast_4122,2025-06-21 18:00:00,14955.094601674155,14167.317736809486,10167.411671568676
forecast_4123,2025-06-21 19:00:00,13835.284504357838,14151.199424458999,10332.840228549041
forecast_4124,2025-06-21 20:00:00,13640.04693020672,15712.362276872416,11473.708292628224
forecast_4125,2025-06-21 21:00:00,13583.055793952148,15958.58285149562,12004.244420362562
forecast_4126,2025-06-21 22:00:00,13176.818524646755,15285.886890285821,11827.286068231684
forecast_4127,2025-06-21 23:00:00,14352.756816213885,15283.119911383847,13013.586070363344
forecast_4128,2025-06-22 00:00:00,14605.644971886788,15516.103484980062,13340.920618888715
forecast_4129,2025-06-22 01:00:00,14726.314656564085,15510.209211585254,12833.4805150296
forecast_4130,2025-06-22 02:00:00,14257.522462761837,15368.861231458674,11801.932109920162
forecast_4131,2025-06-22 03:00:00,13701.305746935457,13755.452706464946,11503.683124991418
forecast_4132,2025-06-22 04:00:00,12641.642087702232,12899.547386353901,10426.945647284425
forecast_4133,2025-06-22 05:00:00,12061.881108957394,12478.829143895553,10159.31313390825
forecast_4134,2025-06-22 06:00:00,11376.105715727892,11800.836768776366,9461.364950417605
forecast_4135,2025-06-22 07:00:00,10795.738893698233,11159.464381778585,9226.36995969861
forecast_4136,2025-06-22 08:00:00,9062.178027754306,9591.109362633259,7680.8168581776645
forecast_4137,2025-06-22 09:00:00,7188.1026819653825,7439.912495718786,6095.894500146226
forecast_4138,2025-06-22 10:00:00,6415.28435275693,6499.412156866722,4528.221016281694
forecast_4139,2025-06-22 11:00:00,5287.591334166991,5165.200116962883,4017.087528054339
forecast_4140,2025-06-22 12:00:00,6483.569837590731,5994.152201803511,3987.976170527615
forecast_4141,2025-06-22 13:00:00,5562.996940032976,5306.965587451448,3838.7194047441885
forecast_4142,2025-06-22 14:00:00,4859.128361103227,4670.180640303924,3628.9126875337024
forecast_4143,2025-06-22 15:00:00,3993.319388126796,3832.7469965344394,3304.6358327371545
forecast_4144,2025-06-22 16:00:00,3923.8582296209042,3960.9328529955083,3421.4936118041023
forecast_4145,2025-06-22 17:00:00,4221.838107745082,4183.2850335866215,3648.626872008843
forecast_4146,2025-06-22 18:00:00,4467.5956672748025,4227.812388769781,3819.1198302370904
forecast_4147,2025-06-22 19:00:00,5427.953585518469,6037.301522207125,3811.2614392657642
forecast_4148,2025-06-22 20:00:00,6286.817885901967,6805.817408052145,4993.43806516938
forecast_4149,2025-06-22 21:00:00,8076.153947913911,8526.735379503541,6042.5475961045295
forecast_4150,2025-06-22 22:00:00,9452.97418856902,9576.47444058974,6457.421006416283
forecast_4151,2025-06-22 23:00:00,9986.154450725699,9983.137437397532,6173.938022695535
forecast_4152,2025-06-23 00:00:00,10044.64750811489,10087.152905939454,6346.788641679095
forecast_4153,2025-06-23 01:00:00,6124.490964397992,5721.948236704987,4253.723048053342
forecast_4154,2025-06-23 02:00:00,5287.879474226076,5288.345825743286,4198.02010621481
forecast_4155,2025-06-23 03:00:00,4362.701324173623,4245.152021070975,3851.6896701681712
forecast_4156,2025-06-23 04:00:00,4021.5102530195845,3924.632913289055,3773.198600057147
forecast_4157,2025-06-23 05:00:00,3986.3150667996306,3944.7807319952217,3459.5171550912046
forecast_4158,2025-06-23 06:00:00,4186.157637587078,4119.96149846131,3614.524867924988
forecast_4159,2025-06-23 07:00:00,3726.8037159556293,3756.438800038307,3205.2778618441384
forecast_4160,2025-06-23 08:00:00,3324.744618861667,3461.274671062611,2617.530631806114
forecast_4161,2025-06-23 09:00:00,2795.2376487254905,2998.0172359813973,117.22955667104495
forecast_4162,2025-06-23 10:00:00,3722.0008020274718,2852.087799306385,63.29988579544806
forecast_4163,2025-06-23 11:00:00,189.1333760781286,1305.4298664230232,117.88680519791824
forecast_4164,2025-06-23 12:00:00,1388.8794322338354,1967.8672693381159,178.49492213878264
forecast_4165,2025-06-23 13:00:00,4712.8372651577465,2531.5526780367627,199.4463344058011
forecast_4166,2025-06-23 14:00:00,2258.682069149999,2194.2715892032033,201.9872195974149
forecast_4167,2025-06-23 15:00:00,2730.426250291837,4386.698908983902,148.0623684054305
forecast_4168,2025-06-23 16:00:00,1301.4209172304302,1180.166867177278,112.84204606203953
forecast_4169,2025-06-23 17:00:00,102.7257566479661,107.23773251479874,53.259817888883504
forecast_4170,2025-06-23 18:00:00,1803.9752651111744,2695.0784680098545,29.45675711041462
forecast_4171,2025-06-23 19:00:00,1070.7796941128154,1391.0598015282574,19.671534490332792
forecast_4172,2025-06-23 20:00:00,2055.235750416649,2589.293647555699,15.306176876845086
forecast_4173,2025-06-23 21:00:00,2215.736780540357,2421.206768612412,1524.7836224020734
forecast_4174,2025-06-23 22:00:00,2840.190097071601,2954.8645446888936,1981.7940921915433
forecast_4175,2025-06-23 23:00:00,2110.3158990858265,2099.326429950786,2136.933910070185
forecast_4176,2025-06-24 00:00:00,2568.9462461265007,2823.099282889318,3979.5925462604573
forecast_4177,2025-06-24 01:00:00,3515.592861828661,3751.0833232411665,3510.2330820622988
forecast_4178,2025-06-24 02:00:00,3707.0177779081073,3504.680321351328,1450.0421361600033
forecast_4179,2025-06-24 03:00:00,3282.49176010387,3450.6133330062953,1472.8747246776522
forecast_4180,2025-06-24 04:00:00,3559.4167462338996,3681.5169990660843,171.74450049288956
forecast_4181,2025-06-24 05:00:00,2987.4935683048907,3372.9356920815108,201.76893625469714
forecast_4182,2025-06-24 06:00:00,3304.557548591111,3609.179128361559,1447.1387087204394
forecast_4183,2025-06-24 07:00:00,3513.385394109588,3456.985836524997,2617.982058032313
forecast_4184,2025-06-24 08:00:00,3539.1992715698275,3370.478807208067,3453.921961092993
forecast_4185,2025-06-24 09:00:00,3755.23909040819,3799.9624822584815,3485.528200170203
forecast_4186,2025-06-24 10:00:00,3690.444105562055,3657.612439166644,3298.0249249705635
forecast_4187,2025-06-24 11:00:00,3701.978407866699,3710.566520917138,3354.673618725748
forecast_4188,2025-06-24 12:00:00,3687.3401743047357,3593.310123559018,3239.872510706828
forecast_4189,2025-06-24 13:00:00,3763.444813522242,3825.554148813518,3403.3898033830465
forecast_4190,2025-06-24 14:00:00,3801.3929869071726,3472.979932062931,3646.456590976637
forecast_4191,2025-06-24 15:00:00,3846.336640263593,3441.851962987609,3737.760210343929
forecast_4192,2025-06-24 16:00:00,3782.177709504479,3610.5127263803897,3461.417922356425
forecast_4193,2025-06-24 17:00:00,3621.973814906124,3694.294826238491,3342.7833714731255
forecast_4194,2025-06-24 18:00:00,3970.5123185315956,3985.1246687519624,3499.6402707757507
forecast_4195,2025-06-24 19:00:00,4266.522192241909,4822.277523656955,3471.0254408433125
forecast_4196,2025-06-24 20:00:00,4885.805866505081,5704.583369436482,3920.57447497007
forecast_4197,2025-06-24 21:00:00,6119.663181768797,7414.017556464772,4475.828802072839
forecast_4198,2025-06-24 22:00:00,6720.576734890754,7825.1419199095,4897.362133928443
forecast_4199,2025-06-24 23:00:00,7558.253644037458,8239.641330471492,5573.903511606007
forecast_4200,2025-06-25 00:00:00,7716.748786487622,8581.102123796807,5630.368436010255
forecast_4201,2025-06-25 01:00:00,4808.172506711694,4780.151245088749,4063.451099403926
forecast_4202,2025-06-25 02:00:00,4780.760473904415,4784.723856421272,3775.868267790029
forecast_4203,2025-06-25 03:00:00,4552.083133576146,4631.556289197783,3719.097687273535
forecast_4204,2025-06-25 04:00:00,3866.646556328976,4165.821328874886,3666.5755386735227
forecast_4205,2025-06-25 05:00:00,3880.946604724941,4084.3961934583567,3534.0203688700985
forecast_4206,2025-06-25 06:00:00,3995.5501680505595,4116.032470908413,4002.85276776505
forecast_4207,2025-06-25 07:00:00,3837.821974691707,4020.337617894906,4305.109833787988
forecast_4208,2025-06-25 08:00:00,3829.0544006324153,3874.8114320065165,3850.2809854178154
forecast_4209,2025-06-25 09:00:00,3978.138707447029,3996.8603713559173,3619.263701809253
forecast_4210,2025-06-25 10:00:00,3955.9248963111286,3985.072268384641,3591.2542783652148
forecast_4211,2025-06-25 11:00:00,3825.143319778034,3924.274628373315,3889.1929146426205
forecast_4212,2025-06-25 12:00:00,4112.2541069337285,3947.0776853876255,3700.704802127044
forecast_4213,2025-06-25 13:00:00,3854.380782910297,3789.5330980480317,3618.717702616845
forecast_4214,2025-06-25 14:00:00,3372.7749942903192,3140.8882198113542,2904.8978491442513
forecast_4215,2025-06-25 15:00:00,3424.3926616963536,3326.947165875851,2736.2258577420384
forecast_4216,2025-06-25 16:00:00,3296.693618349394,3300.632565863946,2462.93894667522
forecast_4217,2025-06-25 17:00:00,3686.9939786745326,3791.2591938220667,3384.61378988952
forecast_4218,2025-06-25 18:00:00,4606.9294808380055,4273.60624400419,3773.605756312804
forecast_4219,2025-06-25 19:00:00,4524.641854478348,4516.854070725411,3536.4355854982355
forecast_4220,2025-06-25 20:00:00,4059.1174245054094,4357.418476133435,3464.7863047741016
forecast_4221,2025-06-25 21:00:00,5182.269911010154,5310.286223168194,3357.482441642017
forecast_4222,2025-06-25 22:00:00,6136.973418118289,6530.173801425232,4037.79561201848
forecast_4223,2025-06-25 23:00:00,7049.405124796073,7818.715443657465,4766.245752879638
forecast_4224,2025-06-26 00:00:00,7148.89581878379,8178.644625623224,5030.382129305395
forecast_4225,2025-06-26 01:00:00,12782.201471026576,13235.49572996167,10861.600146683444
forecast_4226,2025-06-26 02:00:00,12743.452430699743,13447.514990511623,10502.64070556134
forecast_4227,2025-06-26 03:00:00,13236.38002856607,13955.367510368833,10356.269323928602
forecast_4228,2025-06-26 04:00:00,13708.52845583081,14165.069330906554,10563.38839693417
forecast_4229,2025-06-26 05:00:00,14362.813933772875,14511.561609087072,10817.013749271446
forecast_4230,2025-06-26 06:00:00,14042.751611967924,14647.759436520495,12628.566396599357
forecast_4231,2025-06-26 07:00:00,13610.975937238089,14465.674734822176,12001.218346820564
forecast_4232,2025-06-26 08:00:00,12911.719971343675,13641.48557213485,10746.439018299521
forecast_4233,2025-06-26 09:00:00,11484.668572983714,12141.832014463916,9235.331853327201
forecast_4234,2025-06-26 10:00:00,9907.276606157227,10511.074794961803,8223.804008881758
forecast_4235,2025-06-26 11:00:00,8367.593291727606,8898.104211141257,6067.0095044220925
forecast_4236,2025-06-26 12:00:00,7359.968019221649,7962.462401191588,5193.240118379156
forecast_4237,2025-06-26 13:00:00,6551.893094008572,6492.0579053493575,4148.14579393637
forecast_4238,2025-06-26 14:00:00,5740.8429266738785,5344.85963200254,3796.4795557830616
forecast_4239,2025-06-26 15:00:00,5673.33693792773,5443.818468849744,4086.8234216268006
forecast_4240,2025-06-26 16:00:00,5973.8866918868425,5863.34284189453,4430.831702378823
forecast_4241,2025-06-26 17:00:00,6099.098282101742,6240.285691138167,4717.904857934233
forecast_4242,2025-06-26 18:00:00,6140.330500985189,6185.910429089598,4543.951687133661
forecast_4243,2025-06-26 19:00:00,6348.161137753709,6317.65883996294,4550.586640445426
forecast_4244,2025-06-26 20:00:00,7576.963921082943,7983.119226724063,5243.31484385535
forecast_4245,2025-06-26 21:00:00,9337.849090949061,9320.699889064801,6265.826552029767
forecast_4246,2025-06-26 22:00:00,9182.460018202635,10185.835318396219,6316.266173837229
forecast_4247,2025-06-26 23:00:00,8252.456770554409,8385.733419672193,5712.619198452271
forecast_4248,2025-06-27 00:00:00,7298.7514909136835,6989.506398166063,5411.864329034628
forecast_4249,2025-06-27 01:00:00,4896.518601652014,4952.605871291459,3876.3589885813476
forecast_4250,2025-06-27 02:00:00,4930.7410124437265,4644.151839889334,3974.8767098890585
forecast_4251,2025-06-27 03:00:00,5509.320069303143,5688.0905581194465,4443.108104461515
forecast_4252,2025-06-27 04:00:00,6486.886923866911,6045.066804272665,4520.976927984367
forecast_4253,2025-06-27 05:00:00,5814.359962707417,5341.43304298939,4153.34223013026
forecast_4254,2025-06-27 06:00:00,4634.343562820259,3951.824807667708,3690.6250311912695
forecast_4255,2025-06-27 07:00:00,3952.720539359809,3878.9057154317998,3670.9524851025208
forecast_4256,2025-06-27 08:00:00,3461.259787538714,3503.02427119967,2944.558333548618
forecast_4257,2025-06-27 09:00:00,3616.56088455675,3466.3660029641965,2470.401137639813
forecast_4258,2025-06-27 10:00:00,3893.7855333095813,3505.0409849190523,3217.6014091394336
forecast_4259,2025-06-27 11:00:00,4812.964775534094,4822.876495631804,3887.3130015222514
forecast_4260,2025-06-27 12:00:00,4249.955526048911,4693.75537383522,4038.650622745331
forecast_4261,2025-06-27 13:00:00,3527.44694503786,3376.4760021349744,3033.0963335838114
forecast_4262,2025-06-27 14:00:00,3646.3362794455584,3747.7322975619945,3119.6385490067123
forecast_4263,2025-06-27 15:00:00,3554.243246266383,3630.906621795107,3027.5799915070766
forecast_4264,2025-06-27 16:00:00,3514.4093851128287,3417.4556130923547,3648.2539862132307
forecast_4265,2025-06-27 17:00:00,3187.5110181574682,3289.746466300378,3566.0249820617005
forecast_4266,2025-06-27 18:00:00,3602.188570261837,3814.660076854403,3977.261953484592
forecast_4267,2025-06-27 19:00:00,3508.9048526923334,3541.6693060820226,2812.196221946554
forecast_4268,2025-06-27 20:00:00,3717.564591809001,3741.006644705235,3806.618827371281
forecast_4269,2025-06-27 21:00:00,4162.935177377463,4107.334661195508,3226.2458185065693
forecast_4270,2025-06-27 22:00:00,5035.875123007656,5019.06577214884,3785.7573171753584
forecast_4271,2025-06-27 23:00:00,6267.929966178705,6308.214432328524,3982.2749059430143
forecast_4272,2025-06-28 00:00:00,6728.748657931835,6680.523805316659,4167.47570469541
forecast_4273,2025-06-28 01:00:00,9739.707400826275,9710.524286684224,6917.177883193549
forecast_4274,2025-06-28 02:00:00,10122.727692039001,10178.300041063405,6825.564483968982
forecast_4275,2025-06-28 03:00:00,10315.304268267184,10889.914899440599,7150.56129518471
forecast_4276,2025-06-28 04:00:00,10265.870981257951,10679.127450253272,7556.62878498965
forecast_4277,2025-06-28 05:00:00,10562.976885743114,10889.076936570962,7536.667684275328
forecast_4278,2025-06-28 06:00:00,11463.331519706322,11281.624202557163,7630.941517787305
forecast_4279,2025-06-28 07:00:00,8981.173947669879,9556.017110517078,6435.459304052036
forecast_4280,2025-06-28 08:00:00,7869.997269338605,8181.303261193293,5594.95884233853
forecast_4281,2025-06-28 09:00:00,5574.54017098938,5461.866985352211,4105.246263204407
forecast_4282,2025-06-28 10:00:00,4563.3350724136835,4133.218978293394,3778.29686174619
forecast_4283,2025-06-28 11:00:00,3896.927220339685,3777.5297389209154,3811.411061253083
forecast_4284,2025-06-28 12:00:00,4148.6079347268005,4059.847165854482,3439.8920173944452
forecast_4285,2025-06-28 13:00:00,3497.562313767689,3391.1596998415475,2911.4075931735174
forecast_4286,2025-06-28 14:00:00,3508.0045530386146,3548.644697551109,3046.4740746299767
forecast_4287,2025-06-28 15:00:00,3723.9678711085553,3772.728227547865,3150.6574546119714
forecast_4288,2025-06-28 16:00:00,3747.7319179754895,3902.4986334984414,3318.7073543422157
forecast_4289,2025-06-28 17:00:00,4094.1871466691778,4155.003865139265,3781.2925610648194
forecast_4290,2025-06-28 18:00:00,4350.735796313627,4750.625086480258,3859.6466548516205
forecast_4291,2025-06-28 19:00:00,5691.963844336424,6215.148570427535,4629.006521608246
forecast_4292,2025-06-28 20:00:00,5733.329663804353,7241.641367253261,4797.347556939289
forecast_4293,2025-06-28 21:00:00,8457.15580094724,8834.793452323958,5837.813546549185
forecast_4294,2025-06-28 22:00:00,9988.371735373525,10462.478857361828,7149.6614330248285
forecast_4295,2025-06-28 23:00:00,11130.911021422924,11841.72750919063,8323.606937544346
forecast_4296,2025-06-29 00:00:00,11381.317279266646,11963.637511803938,8975.663997749753
forecast_4297,2025-06-29 01:00:00,11040.658271046772,12384.046813223145,9009.677774527869
forecast_4298,2025-06-29 02:00:00,11057.782250728224,12217.053998886973,9117.045303639004
forecast_4299,2025-06-29 03:00:00,11540.753074525455,12534.82067900488,9326.690206613332
forecast_4300,2025-06-29 04:00:00,12057.019013581525,12921.087336790128,10421.29422609161
forecast_4301,2025-06-29 05:00:00,12260.460279767065,12964.30498670805,10846.610574822285
forecast_4302,2025-06-29 06:00:00,11612.150905994129,12320.699609367754,10383.59985271101
forecast_4303,2025-06-29 07:00:00,11994.774933973757,12098.048565304507,9815.807170505725
forecast_4304,2025-06-29 08:00:00,12743.301704741743,12231.11171883499,9437.288184390974
forecast_4305,2025-06-29 09:00:00,10863.604656397609,10751.061749958315,7884.604753080685
forecast_4306,2025-06-29 10:00:00,8478.161971359463,8964.23530754415,5319.669932379451
forecast_4307,2025-06-29 11:00:00,5275.440967077331,5138.506192670991,4310.380377622359
forecast_4308,2025-06-29 12:00:00,3967.9843601482935,4027.245239485547,3657.1602301707626
forecast_4309,2025-06-29 13:00:00,3561.7836928297456,3757.5578665821527,3739.20319495968
forecast_4310,2025-06-29 14:00:00,3744.080751913882,3699.150649837713,3561.359283159785
forecast_4311,2025-06-29 15:00:00,3685.4228403330408,3555.648431728446,3374.812552860369
forecast_4312,2025-06-29 16:00:00,3790.677143079828,3767.7820859446415,3468.58138418987
forecast_4313,2025-06-29 17:00:00,3983.5840853942595,3951.503883693504,3670.9449973165347
forecast_4314,2025-06-29 18:00:00,4485.863302575522,4187.130014983376,3881.0065865332945
forecast_4315,2025-06-29 19:00:00,5350.675875301205,5808.479028400791,4017.2266079993974
forecast_4316,2025-06-29 20:00:00,7784.01097171942,8000.483364275749,6170.652632974574
forecast_4317,2025-06-29 21:00:00,10827.104143665703,11245.764167490004,8861.545745001724
forecast_4318,2025-06-29 22:00:00,12748.353744943572,13323.194939531151,11248.415402154422
forecast_4319,2025-06-29 23:00:00,14040.559265489343,14945.577295522044,12748.048799925838
forecast_4320,2025-06-30 00:00:00,14611.519882452043,15122.180862550635,13157.905499475924
forecast_4321,2025-06-30 01:00:00,14327.742041922404,14585.478778714785,11718.638659340251
forecast_4322,2025-06-30 02:00:00,14545.664697430933,14929.350197324638,11731.130931510119
forecast_4323,2025-06-30 03:00:00,15716.511118657003,15086.074640241994,11097.542113776037
forecast_4324,2025-06-30 04:00:00,16090.626183416263,16082.809473950378,11554.323588433144
forecast_4325,2025-06-30 05:00:00,16460.977448949292,16081.399387099153,12582.927863605411
forecast_4326,2025-06-30 06:00:00,16319.723631204082,15407.586047116005,12296.362555826558
forecast_4327,2025-06-30 07:00:00,14153.239921266804,14266.373370150653,11415.379733698615
forecast_4328,2025-06-30 08:00:00,12131.423280381,12641.922902300217,9665.065658905844
forecast_4329,2025-06-30 09:00:00,10311.156034176665,10512.689318885768,7743.6927942324055
forecast_4330,2025-06-30 10:00:00,7876.776780661349,7870.682327522474,6156.341768363914
forecast_4331,2025-06-30 11:00:00,5145.600305456294,5191.500588226499,4316.616284929763
forecast_4332,2025-06-30 12:00:00,4160.5865087176635,4096.176524344102,3778.3047772585624
forecast_4333,2025-06-30 13:00:00,4227.220654938153,4524.642847418047,4461.313065349051
forecast_4334,2025-06-30 14:00:00,5166.678431191411,5118.2170175398805,6291.619725267569
forecast_4335,2025-06-30 15:00:00,6352.035197911289,5647.6416598621845,6435.167567140573
forecast_4336,2025-06-30 16:00:00,6764.991664402942,6929.14455207076,6948.31129726124
forecast_4337,2025-06-30 17:00:00,6832.682568168117,6459.783645308202,6609.591297327281
forecast_4338,2025-06-30 18:00:00,6845.292100258915,7608.844582968653,6672.0229058462055
forecast_4339,2025-06-30 19:00:00,8315.087615963572,9122.93081737473,7301.539544084097
forecast_4340,2025-06-30 20:00:00,10506.968298981035,11040.160198769394,8378.968469630689
forecast_4341,2025-06-30 21:00:00,11960.191161642431,12296.937750495807,9486.830492855874
forecast_4342,2025-06-30 22:00:00,13680.246007523083,14265.648957278261,10704.995346251375
forecast_4343,2025-06-30 23:00:00,14305.347796791903,14814.703118315374,10924.073162344916
forecast_4344,2025-07-01 00:00:00,14144.20416224189,14915.845894583124,10913.09199612601
forecast_4345,2025-07-01 01:00:00,14723.301387074205,15302.016734562289,12412.794063269861
forecast_4346,2025-07-01 02:00:00,14978.214236831138,15291.0810004514,12507.03585871687
forecast_4347,2025-07-01 03:00:00,15147.768812755525,15494.802124285821,12409.460981645787
forecast_4348,2025-07-01 04:00:00,14848.779558006347,15718.99769263477,11737.355080715617
forecast_4349,2025-07-01 05:00:00,14834.730550004055,15817.095078683955,12758.037319863502
forecast_4350,2025-07-01 06:00:00,14986.397881413928,14826.1670634965,13330.063143346722
forecast_4351,2025-07-01 07:00:00,13175.795391700487,14013.521453242378,12334.358493858168
forecast_4352,2025-07-01 08:00:00,11540.530929839128,12444.469171516315,9671.833576838264
forecast_4353,2025-07-01 09:00:00,10043.776442759543,10721.016130689082,8213.515576087399
forecast_4354,2025-07-01 10:00:00,8922.14912023598,9570.744982992323,8124.962919044646
forecast_4355,2025-07-01 11:00:00,7931.456204149149,8346.764666316087,7296.198000871053
forecast_4356,2025-07-01 12:00:00,7823.415604068534,8260.512568652633,7442.147994536095
forecast_4357,2025-07-01 13:00:00,7625.116419051123,8069.407835884525,6758.5660073067165
forecast_4358,2025-07-01 14:00:00,7416.255016429029,7926.316264333155,6423.525699028742
forecast_4359,2025-07-01 15:00:00,7438.263476901238,8090.5643909915825,6621.9156210619985
forecast_4360,2025-07-01 16:00:00,7980.968589964753,8456.205446151922,6885.641155808427
forecast_4361,2025-07-01 17:00:00,8473.266015406023,9048.568524590957,7522.399783565883
forecast_4362,2025-07-01 18:00:00,8863.753859651317,9624.525933830353,7173.779850339264
forecast_4363,2025-07-01 19:00:00,10773.715036700885,11919.340974604964,8319.524753411695
forecast_4364,2025-07-01 20:00:00,12896.658178071046,14309.009725516438,9778.294614144843
forecast_4365,2025-07-01 21:00:00,15893.332132417088,15925.877888925817,10850.430793945538
forecast_4366,2025-07-01 22:00:00,16751.01934969709,16900.88670889948,10843.377914552886
forecast_4367,2025-07-01 23:00:00,16954.521222042105,17412.006040662047,12259.855853780935
forecast_4368,2025-07-02 00:00:00,15567.614151880614,17070.04025304321,13472.866472839452
forecast_4369,2025-07-02 01:00:00,16213.959467636672,17306.723485023827,16786.44427299032
forecast_4370,2025-07-02 02:00:00,16036.451828710204,17654.93516500895,16560.8585569753
forecast_4371,2025-07-02 03:00:00,16375.454745362584,17652.82968895331,17535.0373511561
forecast_4372,2025-07-02 04:00:00,16392.307650572944,17890.97326844995,16833.80421558344
forecast_4373,2025-07-02 05:00:00,16441.027116422574,17715.577727066597,15638.83814592806
forecast_4374,2025-07-02 06:00:00,17019.435288326044,17782.30935500848,15440.8021536255
forecast_4375,2025-07-02 07:00:00,16640.423079310727,17001.700397996818,14952.675946119833
forecast_4376,2025-07-02 08:00:00,15831.31838668047,16776.91978424216,15228.061872020742
forecast_4377,2025-07-02 09:00:00,14180.60686014393,15116.434877330263,13262.371283513137
forecast_4378,2025-07-02 10:00:00,12951.150685980963,13445.207159018732,11433.573541068521
forecast_4379,2025-07-02 11:00:00,10867.56046949285,11677.9813005769,8956.6103712031
forecast_4380,2025-07-02 12:00:00,9645.904891402128,9838.917556954168,8088.945248544319
forecast_4381,2025-07-02 13:00:00,9042.76172346309,9480.186518861003,7944.745096677992
forecast_4382,2025-07-02 14:00:00,9512.01645927354,9594.696841722172,7646.486803586639
forecast_4383,2025-07-02 15:00:00,9356.69953656776,9492.04330820361,6851.386259878626
forecast_4384,2025-07-02 16:00:00,9084.954887949316,9224.468414230241,6176.7503405802845
forecast_4385,2025-07-02 17:00:00,8137.020860661863,7944.650778074463,5542.01979921537
forecast_4386,2025-07-02 18:00:00,7638.707735215187,7691.466875411463,5840.907023898462
forecast_4387,2025-07-02 19:00:00,9041.695455452465,9458.902503768335,6843.694811839238
forecast_4388,2025-07-02 20:00:00,11928.89678096118,12457.475871462888,7665.658690031029
forecast_4389,2025-07-02 21:00:00,14084.57749323513,14074.759511889402,9443.886204688442
forecast_4390,2025-07-02 22:00:00,15081.557755635913,15096.339971663292,11841.64504259321
forecast_4391,2025-07-02 23:00:00,15606.852485089672,15832.370507689115,13775.49667800542
forecast_4392,2025-07-03 00:00:00,16197.865395361878,16549.107644392716,14291.463114019598
forecast_4393,2025-07-03 01:00:00,17374.217165067912,16823.597199816177,14073.817392490222
forecast_4394,2025-07-03 02:00:00,16442.84107579462,16405.833776160936,12524.082840698207
forecast_4395,2025-07-03 03:00:00,15423.90589281298,15967.445707237475,12661.58972246573
forecast_4396,2025-07-03 04:00:00,15026.40957267975,15781.005807242178,13274.093525101403
forecast_4397,2025-07-03 05:00:00,15058.251763973853,15714.941879670445,13870.229653480057
forecast_4398,2025-07-03 06:00:00,14964.87695685521,15889.129330025979,14161.531156194978
forecast_4399,2025-07-03 07:00:00,14739.651875121452,15240.363248259586,14002.515202235114
forecast_4400,2025-07-03 08:00:00,14275.732137068915,14907.463944256286,13712.660104095075
forecast_4401,2025-07-03 09:00:00,13438.347440179818,14291.111127677486,13287.847470583783
forecast_4402,2025-07-03 10:00:00,12393.419800144533,13096.79387297866,11378.48593530983
forecast_4403,2025-07-03 11:00:00,9811.201447458501,10608.004123966872,8645.179773050857
forecast_4404,2025-07-03 12:00:00,5876.27238727305,7005.29236128589,6209.657911068899
forecast_4405,2025-07-03 13:00:00,5786.737215172548,5405.877116874962,5757.75385204813
forecast_4406,2025-07-03 14:00:00,5556.729828874527,5689.4266662625905,6348.8768875851065
forecast_4407,2025-07-03 15:00:00,6784.025565746958,7170.18271093394,6973.148818840867
forecast_4408,2025-07-03 16:00:00,7460.472358731521,7254.137382037215,6572.397151537861
forecast_4409,2025-07-03 17:00:00,7929.337054558826,6796.9131498685165,5619.949908398994
forecast_4410,2025-07-03 18:00:00,9664.318776465681,8699.924009274238,5750.833748377391
forecast_4411,2025-07-03 19:00:00,10649.617765014176,11642.438280600445,8298.798129641318
forecast_4412,2025-07-03 20:00:00,12676.675275281706,12874.24255531635,10519.425932040353
forecast_4413,2025-07-03 21:00:00,13731.163789685532,14473.886184059727,12306.01218354797
forecast_4414,2025-07-03 22:00:00,14268.275345651575,14988.398818566191,12780.0005428084
forecast_4415,2025-07-03 23:00:00,14097.534645145604,14855.365600273943,13372.369838416342
forecast_4416,2025-07-04 00:00:00,13456.46462869222,14626.220186504603,13621.622921815862
forecast_4417,2025-07-04 01:00:00,15105.898256838575,16493.924732430347,14579.589674868887
forecast_4418,2025-07-04 02:00:00,15537.680821020314,16810.926338521447,15143.10117990488
forecast_4419,2025-07-04 03:00:00,15944.96578633702,17929.07817006272,16408.658063683
forecast_4420,2025-07-04 04:00:00,17281.54675882542,18352.104429287898,18149.80753977084
forecast_4421,2025-07-04 05:00:00,18048.700810855484,18646.334887786878,18533.683983182502
forecast_4422,2025-07-04 06:00:00,17985.954135450356,18761.69820940508,19095.958792191625
forecast_4423,2025-07-04 07:00:00,17234.455476476865,18522.741632725327,18742.549367426393
forecast_4424,2025-07-04 08:00:00,16726.04477411429,18183.583624335042,18265.976970569176
forecast_4425,2025-07-04 09:00:00,16219.346897461895,17671.988920287364,17810.382004406143
forecast_4426,2025-07-04 10:00:00,15401.413673771936,17071.141250112385,16379.17870520198
forecast_4427,2025-07-04 11:00:00,14469.04181117763,16747.61253565004,15851.102494799325
forecast_4428,2025-07-04 12:00:00,13995.227990915038,16615.705895492243,15069.560369943809
forecast_4429,2025-07-04 13:00:00,14657.4766542032,16787.01801694568,14655.655812493498
forecast_4430,2025-07-04 14:00:00,13450.805252259526,17260.368624223385,14747.32549909579
forecast_4431,2025-07-04 15:00:00,13935.4845503131,17165.360234173444,14514.845500397589
forecast_4432,2025-07-04 16:00:00,14413.930474500092,17180.6034303881,14023.632299957933
forecast_4433,2025-07-04 17:00:00,14873.08982072879,16941.639993000168,14903.720243579159
forecast_4434,2025-07-04 18:00:00,15128.940734111799,16964.61541076307,16124.815332612006
forecast_4435,2025-07-04 19:00:00,15511.569780373227,17111.47928082665,17158.720422093404
forecast_4436,2025-07-04 20:00:00,16188.16586731574,17508.953319458047,18126.816616519816
forecast_4437,2025-07-04 21:00:00,16893.87359722865,18392.06066475953,18769.207690594918
forecast_4438,2025-07-04 22:00:00,17535.87806265855,18998.27536445797,19338.68417856316
forecast_4439,2025-07-04 23:00:00,18230.08899611033,19582.53757217885,19345.064141457467
forecast_4440,2025-07-05 00:00:00,18684.183937100817,19887.154078659965,19340.935690238875
forecast_4441,2025-07-05 01:00:00,14681.420513325424,17182.338651587605,16024.31162324207
forecast_4442,2025-07-05 02:00:00,14826.920840184246,17211.79415054699,16108.35911464784
forecast_4443,2025-07-05 03:00:00,15176.69424771822,17819.313442735165,16312.018054647535
forecast_4444,2025-07-05 04:00:00,15201.142899412183,18065.475167793342,16022.178453541343
forecast_4445,2025-07-05 05:00:00,15123.185171738187,17959.87646127819,16142.179332724394
forecast_4446,2025-07-05 06:00:00,15088.577287880827,17729.21322528515,16597.98016797352
forecast_4447,2025-07-05 07:00:00,15553.324941972121,17165.596312668695,16151.030952346586
forecast_4448,2025-07-05 08:00:00,15481.95083487087,16761.881691962357,15229.135442050383
forecast_4449,2025-07-05 09:00:00,13829.661250295709,15608.905125553987,13973.217011621138
forecast_4450,2025-07-05 10:00:00,12767.70486580338,13942.590496288318,12528.796662516866
forecast_4451,2025-07-05 11:00:00,11681.497936331352,12228.823971108075,10498.510857781213
forecast_4452,2025-07-05 12:00:00,11493.635492171572,11132.358770388944,10067.234795777566
forecast_4453,2025-07-05 13:00:00,10949.938638866583,10408.608385446707,10333.589368608016
forecast_4454,2025-07-05 14:00:00,11009.356860273429,11153.802743442422,11424.10776749893
forecast_4455,2025-07-05 15:00:00,11276.619598992685,11588.116336745581,11790.833955557831
forecast_4456,2025-07-05 16:00:00,11403.092426852474,11847.25910041227,11562.527374906145
forecast_4457,2025-07-05 17:00:00,11690.329582040007,11994.614252951811,11190.85975054773
forecast_4458,2025-07-05 18:00:00,12438.173383145659,12387.339869447216,11444.061768080854
forecast_4459,2025-07-05 19:00:00,13558.584745995262,13534.253915419702,12986.030473166735
forecast_4460,2025-07-05 20:00:00,14717.360502139116,15775.305712126534,14808.45259404875
forecast_4461,2025-07-05 21:00:00,15584.298177666033,17744.405645742954,16934.628898015268
forecast_4462,2025-07-05 22:00:00,16037.207065474382,18172.93388164118,17812.574976890035
forecast_4463,2025-07-05 23:00:00,16181.534047956893,18282.76623773429,18211.656496594867
forecast_4464,2025-07-06 00:00:00,16707.182993345836,18294.986613934834,18500.960264602156
forecast_4465,2025-07-06 01:00:00,17935.822877094706,18280.06888940899,18290.7315093595
forecast_4466,2025-07-06 02:00:00,19669.862741602043,18732.803236562097,18155.01117364507
forecast_4467,2025-07-06 03:00:00,20033.247030501618,19086.488486768943,19153.40963009083
forecast_4468,2025-07-06 04:00:00,19854.782793851187,19137.940385468737,19179.543512883396
forecast_4469,2025-07-06 05:00:00,19544.667764117585,19243.773846926706,19341.048435782566
forecast_4470,2025-07-06 06:00:00,18288.478839658896,18921.068262216515,19359.083476796903
forecast_4471,2025-07-06 07:00:00,18039.41493900298,19098.258001982686,19228.468360319097
forecast_4472,2025-07-06 08:00:00,18144.63156209835,18491.05290646945,16981.760010409496
forecast_4473,2025-07-06 09:00:00,16657.19094836094,17667.115466795945,16321.83628982654
forecast_4474,2025-07-06 10:00:00,15082.999140357733,15203.529485936868,13340.69434362542
forecast_4475,2025-07-06 11:00:00,13023.985471129989,13442.207940336266,10625.189328806255
forecast_4476,2025-07-06 12:00:00,10371.975830337884,10464.769610787598,8154.015019884114
forecast_4477,2025-07-06 13:00:00,7667.43408268276,7721.00849608593,5899.051515557793
forecast_4478,2025-07-06 14:00:00,5116.999815488165,5047.929428709847,3968.6833664593123
forecast_4479,2025-07-06 15:00:00,3922.7509598606616,3857.616291965999,3560.4880573305795
forecast_4480,2025-07-06 16:00:00,3885.2008179244976,3846.838924513781,3469.66889996839
forecast_4481,2025-07-06 17:00:00,3894.5705035446244,3786.0945442752113,3725.8496951696393
forecast_4482,2025-07-06 18:00:00,4630.547246728587,4640.366221769239,3986.681344882716
forecast_4483,2025-07-06 19:00:00,5867.26914476763,6041.574243747764,4586.814937345206
forecast_4484,2025-07-06 20:00:00,7673.461392303112,7859.48913902058,5700.2691815492835
forecast_4485,2025-07-06 21:00:00,9471.085534576589,9696.693903346888,6497.485244007868
forecast_4486,2025-07-06 22:00:00,10108.009565381484,10420.547400381185,6645.581756813187
forecast_4487,2025-07-06 23:00:00,11183.755023942118,11889.687504275465,7122.657293734024
forecast_4488,2025-07-07 00:00:00,11296.178413131742,12271.238772682102,7308.077915483651
forecast_4489,2025-07-07 01:00:00,10350.661854834492,10647.983416726589,6019.910596401274
forecast_4490,2025-07-07 02:00:00,10200.100541311644,10675.708144589082,5862.324264413474
forecast_4491,2025-07-07 03:00:00,10048.277638138117,10624.650805486586,5599.6963878175575
forecast_4492,2025-07-07 04:00:00,8268.008557910947,8553.880403284677,4504.840531134865
forecast_4493,2025-07-07 05:00:00,5787.127171125511,5691.806221622775,3826.1185294987836
forecast_4494,2025-07-07 06:00:00,3710.9351872018647,3765.9093319762915,3671.6248133861022
forecast_4495,2025-07-07 07:00:00,4210.882039791599,4521.646741491591,3530.753532327958
forecast_4496,2025-07-07 08:00:00,3447.8633249990166,3590.889072662899,2851.844384318625
forecast_4497,2025-07-07 09:00:00,3385.1513493496036,4198.42897033442,2068.5010642460315
forecast_4498,2025-07-07 10:00:00,3659.3064334033834,3935.472025493654,58.53681380184342
forecast_4499,2025-07-07 11:00:00,6138.380272271062,3819.245023419877,1018.0687293151544
forecast_4500,2025-07-07 12:00:00,2413.548306615813,2426.4988203722687,2256.9860467155213
forecast_4501,2025-07-07 13:00:00,2625.7101310335056,2639.4553729186637,2743.675491267287
forecast_4502,2025-07-07 14:00:00,2871.693736371505,2257.5491644650097,229.65788404931158
forecast_4503,2025-07-07 15:00:00,1889.397665559292,3116.924273776842,236.18517867959545
forecast_4504,2025-07-07 16:00:00,3569.959684228318,3156.223522775984,196.26001883221656
forecast_4505,2025-07-07 17:00:00,3505.615853826395,3236.0524562201304,199.00849251875576
forecast_4506,2025-07-07 18:00:00,2728.539738613823,2810.27684331902,1790.1954446321984
forecast_4507,2025-07-07 19:00:00,2824.7406958533675,2980.9318717489246,2085.852311138723
forecast_4508,2025-07-07 20:00:00,2522.457352621177,2366.865321394617,2005.1179979444248
forecast_4509,2025-07-07 21:00:00,2646.2683083676307,2728.9097879158344,1164.8373012850584
forecast_4510,2025-07-07 22:00:00,2831.2400788290615,2885.501008600652,196.80241690152832
forecast_4511,2025-07-07 23:00:00,3412.057262511822,3436.052206387812,203.38244524882202
forecast_4512,2025-07-08 00:00:00,3624.1072862435462,3456.1818096617417,227.53926784225968
forecast_4513,2025-07-08 01:00:00,3891.8503267993906,3244.52262591088,51.93006937893198
forecast_4514,2025-07-08 02:00:00,3439.692725746459,2527.869203202816,48.682492308055046
forecast_4515,2025-07-08 03:00:00,3017.0967216754557,2864.875460379468,30.485836545028672
forecast_4516,2025-07-08 04:00:00,2381.992571413963,2639.986690372162,26.752595946228794
forecast_4517,2025-07-08 05:00:00,2333.2549740875347,2600.2397195946205,21.896594841027692
forecast_4518,2025-07-08 06:00:00,3695.957406629452,3460.5055780127586,14.016596477696696
forecast_4519,2025-07-08 07:00:00,3631.742553077238,2714.063401033695,20.78606749103707
forecast_4520,2025-07-08 08:00:00,3914.8016164059563,3883.679461644439,19.558579899424426
forecast_4521,2025-07-08 09:00:00,3618.7341340731523,3988.5438584023473,864.0146302048777
forecast_4522,2025-07-08 10:00:00,6829.004127194671,3051.260307786216,1062.1845798110048
forecast_4523,2025-07-08 11:00:00,195.4990462188973,3044.382395202468,2251.8125863210234
forecast_4524,2025-07-08 12:00:00,314.0184599071624,3195.7881133010887,1456.068651491221
forecast_4525,2025-07-08 13:00:00,3126.649766987028,4070.9989417839943,2628.737820409362
forecast_4526,2025-07-08 14:00:00,2096.961348084762,3703.893611199541,3203.4910251688193
forecast_4527,2025-07-08 15:00:00,3224.826661665446,3631.433325865354,3169.3541322965934
forecast_4528,2025-07-08 16:00:00,5818.186789141361,4830.035502342364,2502.8455185055395
forecast_4529,2025-07-08 17:00:00,2851.0345231580745,3351.1429652761103,264.4650960486494
forecast_4530,2025-07-08 18:00:00,1987.3152832149815,1536.9572532613397,2301.453460072715
forecast_4531,2025-07-08 19:00:00,2832.8657295134785,2761.971515564006,1151.0891699897184
forecast_4532,2025-07-08 20:00:00,2871.239385053953,2731.265308644027,2049.2511170909943
forecast_4533,2025-07-08 21:00:00,2980.896456391943,3035.367890426672,2111.557323079759
forecast_4534,2025-07-08 22:00:00,2853.550591561512,3141.2091794982366,2557.632064169153
forecast_4535,2025-07-08 23:00:00,3189.89269356704,3321.092041841395,2710.4504685562943
forecast_4536,2025-07-09 00:00:00,3367.200935773938,3313.8880613434635,2858.4457126664906
forecast_4537,2025-07-09 01:00:00,3144.399774930498,3298.113087778513,2108.9388613301785
forecast_4538,2025-07-09 02:00:00,3175.6049675882728,3426.079276550895,1853.7765183874567
forecast_4539,2025-07-09 03:00:00,3172.778581396325,3269.8797502395164,1774.6690954967603
forecast_4540,2025-07-09 04:00:00,3206.606386584098,3350.7181292182077,2937.522424807025
forecast_4541,2025-07-09 05:00:00,3255.30762038476,3318.9402034774166,3080.5212150765115
forecast_4542,2025-07-09 06:00:00,3408.9560444536014,3410.4243559448714,2520.232042067994
forecast_4543,2025-07-09 07:00:00,3255.2146498988654,3272.189673974432,2820.692551095177
forecast_4544,2025-07-09 08:00:00,3177.5639567544945,3307.1274936738128,2950.172622191157
forecast_4545,2025-07-09 09:00:00,3363.295596226455,3440.995905551763,3874.3419251769487
forecast_4546,2025-07-09 10:00:00,3366.466620890303,3503.645710809885,3402.8462012576665
forecast_4547,2025-07-09 11:00:00,3424.4418230496262,3731.791235847575,3340.036770118208
forecast_4548,2025-07-09 12:00:00,3168.9833456585484,3654.9615041777924,3477.030638359955
forecast_4549,2025-07-09 13:00:00,3208.7899197789125,3503.5267281971483,3275.5375749793593
forecast_4550,2025-07-09 14:00:00,3313.3239528289782,3543.209459991887,3267.874580818644
forecast_4551,2025-07-09 15:00:00,3299.0571917647617,3545.2964221385078,3183.757408664285
forecast_4552,2025-07-09 16:00:00,2898.140656697118,3520.1281563113266,3014.750140417858
forecast_4553,2025-07-09 17:00:00,3114.2580014899913,2956.8226078063385,2657.433341261042
forecast_4554,2025-07-09 18:00:00,3050.19020208419,3159.55233482605,2743.697183983522
forecast_4555,2025-07-09 19:00:00,3266.2760963526825,3280.4963901135147,3171.3523413837643
forecast_4556,2025-07-09 20:00:00,3848.894807773985,3832.6120633520786,3285.6534854717174
forecast_4557,2025-07-09 21:00:00,3636.074474303154,3702.350614925589,3563.4213526967337
forecast_4558,2025-07-09 22:00:00,3778.65878838714,3818.6973731570447,3737.039479083047
forecast_4559,2025-07-09 23:00:00,3801.2266708616485,3990.7348590343745,3392.5364960428137
forecast_4560,2025-07-10 00:00:00,3763.8490102458627,3898.1662760086124,3526.329075887331
forecast_4561,2025-07-10 01:00:00,3752.4394958265093,3871.2130983412717,3400.5136810723766
forecast_4562,2025-07-10 02:00:00,3779.7894635643665,3969.168583092217,3473.621628400281
forecast_4563,2025-07-10 03:00:00,3831.123714520178,3894.148737670408,3363.4896727144196
forecast_4564,2025-07-10 04:00:00,3850.525779900466,4009.4360984319696,3453.08593679034
forecast_4565,2025-07-10 05:00:00,3981.5824084342526,4390.903701484708,3374.5022466493638
forecast_4566,2025-07-10 06:00:00,4291.4112075983685,4932.6097289607405,3696.978074193907
forecast_4567,2025-07-10 07:00:00,4624.132447880705,5417.313155690868,3772.6194229988464
forecast_4568,2025-07-10 08:00:00,4551.805809299405,5536.613026692201,3858.39435547976
forecast_4569,2025-07-10 09:00:00,5402.645434254402,6182.547224545666,4687.555779434519
forecast_4570,2025-07-10 10:00:00,5432.5766910771645,6695.202291095295,4665.113557076973
forecast_4571,2025-07-10 11:00:00,5464.259982148569,5472.92238213392,4050.2761001597414
forecast_4572,2025-07-10 12:00:00,6089.319868720018,5371.110167577431,3840.764524740044
forecast_4573,2025-07-10 13:00:00,6340.704118467931,5409.970851977855,3940.5249927094055
forecast_4574,2025-07-10 14:00:00,6241.160555681053,4917.1906777951435,3801.7266329407053
forecast_4575,2025-07-10 15:00:00,5020.698292270788,4267.042870682593,3899.667338480256
forecast_4576,2025-07-10 16:00:00,4082.6724979175915,3986.281193433546,3610.824682801756
forecast_4577,2025-07-10 17:00:00,3944.7215246578717,4101.595436627407,3822.455269320157
forecast_4578,2025-07-10 18:00:00,4170.012581833349,4336.312480633413,3735.2736038062835
forecast_4579,2025-07-10 19:00:00,4397.620370547177,4797.865396441246,3962.295476378298
forecast_4580,2025-07-10 20:00:00,5007.745771407711,5656.231859246307,4296.662485803527
forecast_4581,2025-07-10 21:00:00,5712.675330284258,7065.849964174932,4433.376324797941
forecast_4582,2025-07-10 22:00:00,6434.235547137544,7905.923880046523,4976.548624270601
forecast_4583,2025-07-10 23:00:00,6737.932421697336,8258.928600112811,5312.555795522071
forecast_4584,2025-07-11 00:00:00,6982.083929477466,8390.573382758088,5473.933297351561
forecast_4585,2025-07-11 01:00:00,7027.945804286817,8138.5914393801495,5089.505355463781
forecast_4586,2025-07-11 02:00:00,6615.736316908662,7719.948449366301,4954.586817056212
forecast_4587,2025-07-11 03:00:00,6414.827550748786,7674.497204482252,4927.092613311164
forecast_4588,2025-07-11 04:00:00,6600.683993699482,7917.426943937439,5359.474614047697
forecast_4589,2025-07-11 05:00:00,6754.569941261024,8024.757781625396,5659.786880043657
forecast_4590,2025-07-11 06:00:00,6898.147903266391,8638.306141596697,5790.798485127811
forecast_4591,2025-07-11 07:00:00,6670.306460667111,8442.619471857508,5959.978270508055
forecast_4592,2025-07-11 08:00:00,6812.043631905125,8309.034594587398,6443.241928153556
forecast_4593,2025-07-11 09:00:00,6617.050799227732,8050.9454895468,6303.480748940961
forecast_4594,2025-07-11 10:00:00,6358.92530540004,7526.586392143587,5160.841825698092
forecast_4595,2025-07-11 11:00:00,6074.6712235056,7297.71392321756,4898.544521739621
forecast_4596,2025-07-11 12:00:00,7176.310428490806,7450.950178866912,4874.839579048489
forecast_4597,2025-07-11 13:00:00,6464.947744848059,7049.706963498946,4695.742706628724
forecast_4598,2025-07-11 14:00:00,5220.189889577746,6166.377999205259,4261.590234768651
forecast_4599,2025-07-11 15:00:00,4630.350716712352,5371.566919053138,3923.1461475392834
forecast_4600,2025-07-11 16:00:00,4245.749487074175,4832.829332278547,3817.6323248620943
forecast_4601,2025-07-11 17:00:00,4455.992372053182,4525.868391174089,4019.0646709718353
forecast_4602,2025-07-11 18:00:00,4925.5922937201285,5957.905193851325,3957.1601263799594
forecast_4603,2025-07-11 19:00:00,4466.842030261267,5211.880199487606,3960.9356617955855
forecast_4604,2025-07-11 20:00:00,5070.533418639617,5977.483317058997,4180.689159819414
forecast_4605,2025-07-11 21:00:00,5528.143969319938,6413.407228436987,4288.968326529064
forecast_4606,2025-07-11 22:00:00,5879.134799682095,6801.0374803627465,4214.9897061082365
forecast_4607,2025-07-11 23:00:00,5826.427668800295,6478.446896212603,3974.801989332717
forecast_4608,2025-07-12 00:00:00,5971.497471458225,6520.784950447313,3872.7741402064803
forecast_4609,2025-07-12 01:00:00,6114.744901161697,6522.124195014561,4133.085959396432
forecast_4610,2025-07-12 02:00:00,5474.019716490713,5885.267797785063,3789.7211137909635
forecast_4611,2025-07-12 03:00:00,4377.7720970180035,4771.444027124419,3542.7773422429173
forecast_4612,2025-07-12 04:00:00,4165.873354203992,4327.027628904466,3430.616927724023
forecast_4613,2025-07-12 05:00:00,3944.7465459367813,4154.399499893589,3367.8802116092265
forecast_4614,2025-07-12 06:00:00,3804.986583698451,3938.501216108232,3629.2795340994753
forecast_4615,2025-07-12 07:00:00,3590.1696789125467,3721.1373152451283,3413.1697985852443
forecast_4616,2025-07-12 08:00:00,3753.753754188166,3764.233228518274,3348.9247879251616
forecast_4617,2025-07-12 09:00:00,3397.982452591619,3411.823823017673,3113.733755856234
forecast_4618,2025-07-12 10:00:00,3214.1145778217297,3364.2804713909086,2687.9147180288933
forecast_4619,2025-07-12 11:00:00,3170.8332715803813,3215.8041569633924,2545.3049568621627
forecast_4620,2025-07-12 12:00:00,3028.2326543300182,2496.5210490724958,2408.4469376153143
forecast_4621,2025-07-12 13:00:00,2907.325454528627,2363.9246295542025,1517.7759878175646
forecast_4622,2025-07-12 14:00:00,1888.4596662914362,3027.5141356177974,235.2041967369898
forecast_4623,2025-07-12 15:00:00,2833.3394819919386,2969.856879028031,218.30506988833173
forecast_4624,2025-07-12 16:00:00,1491.7601686227558,1230.1102675380982,172.67862606960566
forecast_4625,2025-07-12 17:00:00,180.34931280184315,182.19738856517816,131.83090236293657
forecast_4626,2025-07-12 18:00:00,142.32665509899022,141.5795540861998,92.439650655006
forecast_4627,2025-07-12 19:00:00,2694.1362920422807,1746.5040511366597,87.03856446052993
forecast_4628,2025-07-12 20:00:00,2375.4525588726997,2668.2937926787117,4255.800338554124
forecast_4629,2025-07-12 21:00:00,3209.6819486162535,3037.7235449514933,3306.4332002676992
forecast_4630,2025-07-12 22:00:00,3471.2666973530922,3483.9664496360897,2875.6010400813775
forecast_4631,2025-07-12 23:00:00,3909.7854956686965,3761.0606226777168,3206.980924056227
forecast_4632,2025-07-13 00:00:00,4029.4711429708505,3936.4162995452493,3369.497070523734
forecast_4633,2025-07-13 01:00:00,3627.517396808185,3553.714613545181,3427.9620117606723
forecast_4634,2025-07-13 02:00:00,3707.4405820528123,3438.174462094194,3219.9438332651193
forecast_4635,2025-07-13 03:00:00,3454.2079938563243,3352.846136693015,3232.7894871750004
forecast_4636,2025-07-13 04:00:00,3328.7707137130888,3397.305411551885,3337.166058333498
forecast_4637,2025-07-13 05:00:00,3328.1620819273394,3372.8423628522773,3240.80776258192
forecast_4638,2025-07-13 06:00:00,3545.6174658933014,3413.7663263172312,3000.8224480966014
forecast_4639,2025-07-13 07:00:00,3100.3455925576595,3408.125008721443,3283.9763505772034
forecast_4640,2025-07-13 08:00:00,3856.4122706339654,3611.5835464607753,2229.9482638848835
forecast_4641,2025-07-13 09:00:00,3731.416984421063,3501.2096615435266,1857.4628182418392
forecast_4642,2025-07-13 10:00:00,3832.653901976079,3276.355217381564,2399.301407290556
forecast_4643,2025-07-13 11:00:00,3554.8900174355667,3600.2154983234213,3576.8166819822086
forecast_4644,2025-07-13 12:00:00,3705.1324497836017,3446.0730071489493,3871.9073421703147
forecast_4645,2025-07-13 13:00:00,4836.648374448883,4163.242779686543,2860.2812986745053
forecast_4646,2025-07-13 14:00:00,4014.0398277251707,3576.5144423590586,3101.01224125188
forecast_4647,2025-07-13 15:00:00,5071.319656600103,5373.037934047195,3376.989365001434
forecast_4648,2025-07-13 16:00:00,3316.7833489731333,3483.462533159401,3543.3696462852386
forecast_4649,2025-07-13 17:00:00,3938.31448719795,3834.4487099252333,3233.2874647980293
forecast_4650,2025-07-13 18:00:00,4429.187053601411,4135.053259204642,3760.0167881501097
forecast_4651,2025-07-13 19:00:00,4328.421264561472,4694.0533692191275,3738.984023413752
forecast_4652,2025-07-13 20:00:00,3994.59273805286,4348.477503803303,3731.0349912835372
forecast_4653,2025-07-13 21:00:00,3846.537564682561,4109.604618492746,3606.512043451474
forecast_4654,2025-07-13 22:00:00,4334.878986339102,4314.109717486038,3648.2680169749033
forecast_4655,2025-07-13 23:00:00,4009.230283278577,4267.198437374599,3669.2928520077944
forecast_4656,2025-07-14 00:00:00,4501.995303752218,4359.85496209754,3830.6326454600076
forecast_4657,2025-07-14 01:00:00,4266.548059591772,4805.5211184704995,3657.852312418397
forecast_4658,2025-07-14 02:00:00,4516.699897181475,4217.411967649192,3448.9004612731846
forecast_4659,2025-07-14 03:00:00,4389.536674291721,4788.279955272194,3492.855177031111
forecast_4660,2025-07-14 04:00:00,4723.919903506519,4880.101667294032,3691.198601650684
forecast_4661,2025-07-14 05:00:00,4458.5460535176,4494.150852870387,3349.382116630433
forecast_4662,2025-07-14 06:00:00,4126.11343939351,4686.554929371815,3751.9353503050447
forecast_4663,2025-07-14 07:00:00,4102.34672040043,4503.614618802094,3785.106506827919
forecast_4664,2025-07-14 08:00:00,4143.446894770627,4702.592466388061,3761.793513376439
forecast_4665,2025-07-14 09:00:00,4109.865622591437,4206.2057858653025,3758.7612925814
forecast_4666,2025-07-14 10:00:00,4086.2061350240006,4407.584146610829,3503.92760898549
forecast_4667,2025-07-14 11:00:00,3939.1061361650886,3975.299822989959,3590.3970868688752
forecast_4668,2025-07-14 12:00:00,3903.5030983555826,3829.8130288264556,3438.7642799543073
forecast_4669,2025-07-14 13:00:00,3936.0116601286813,3881.448492535279,3556.7034629817667
forecast_4670,2025-07-14 14:00:00,4108.994438375862,4164.201817562353,3438.183980065985
forecast_4671,2025-07-14 15:00:00,4847.166298106799,4787.517566363286,3753.0379105875977
forecast_4672,2025-07-14 16:00:00,5173.097071249563,5433.044137584349,3786.641296187874
forecast_4673,2025-07-14 17:00:00,5311.203313577096,5659.300476222664,3842.137896313061
forecast_4674,2025-07-14 18:00:00,5477.49045482754,6093.245046330544,3797.4555966830117
forecast_4675,2025-07-14 19:00:00,5434.918222244117,5553.229564710124,3829.4770107475197
forecast_4676,2025-07-14 20:00:00,5585.840935045814,5306.626236012154,3867.334365853033
forecast_4677,2025-07-14 21:00:00,5571.672882622528,5447.35612276956,3850.379773748849
forecast_4678,2025-07-14 22:00:00,6202.369430338742,7200.438064487009,4212.271150173958
forecast_4679,2025-07-14 23:00:00,8466.479034559212,9544.114968018082,5342.67745157486
forecast_4680,2025-07-15 00:00:00,9068.260929125932,10466.675654227609,5528.489185961476
forecast_4681,2025-07-15 01:00:00,12117.761524887603,12075.892535025308,9686.881807901063
forecast_4682,2025-07-15 02:00:00,12213.35018492199,12529.286857069872,10431.452218493036
forecast_4683,2025-07-15 03:00:00,13011.865063576062,13170.882449871113,9796.185278613362
forecast_4684,2025-07-15 04:00:00,13707.9388498317,13623.460436722438,8968.122389128637
forecast_4685,2025-07-15 05:00:00,11362.472829021515,11233.934583602497,7758.498467608379
forecast_4686,2025-07-15 06:00:00,10532.077061461496,10539.441797388437,8027.6088645290465
forecast_4687,2025-07-15 07:00:00,9310.731399205986,9750.509618352033,6932.416306283506
forecast_4688,2025-07-15 08:00:00,8597.845698937947,8845.455476010568,6478.256196274307
forecast_4689,2025-07-15 09:00:00,7469.214341943638,7511.437536506223,5639.445931885171
forecast_4690,2025-07-15 10:00:00,6629.094606395057,6708.78855381112,4664.301804091834
forecast_4691,2025-07-15 11:00:00,5011.476838855668,4830.4294721626975,3733.189092679539
forecast_4692,2025-07-15 12:00:00,3842.5010615276865,3957.845109003958,3384.394021741317
forecast_4693,2025-07-15 13:00:00,4009.108479443667,4111.436257705789,3645.725352097125
forecast_4694,2025-07-15 14:00:00,5294.556576148019,5148.111742962002,3931.0776909518404
forecast_4695,2025-07-15 15:00:00,6434.056542146637,6074.956108051483,4758.033623510599
forecast_4696,2025-07-15 16:00:00,6039.04010930443,6062.135675763143,4475.669859787721
forecast_4697,2025-07-15 17:00:00,5456.155680394058,5416.900506087423,3806.1962894518074
forecast_4698,2025-07-15 18:00:00,5008.434051737424,5258.834401839377,3674.8573992577344
forecast_4699,2025-07-15 19:00:00,5268.641283794751,5405.649952612641,3725.3341201452354
forecast_4700,2025-07-15 20:00:00,6822.066285334362,7650.157196197652,4023.1510854061607
forecast_4701,2025-07-15 21:00:00,7613.764799804468,8331.428349757249,4929.907748990174
forecast_4702,2025-07-15 22:00:00,7701.5970324179925,8443.693714273488,5149.479679180438
forecast_4703,2025-07-15 23:00:00,7884.753865034275,9020.052785243945,5576.473422497917
forecast_4704,2025-07-16 00:00:00,8671.030399681065,9864.417277559562,5905.433849460885
forecast_4705,2025-07-16 01:00:00,13031.26010789496,15394.885644888886,12399.26798282788
forecast_4706,2025-07-16 02:00:00,14309.430653616553,15755.648550513735,13474.49390322754
forecast_4707,2025-07-16 03:00:00,14742.974639622384,16402.707395215246,14848.321204273225
forecast_4708,2025-07-16 04:00:00,15492.581984535145,16336.785555385386,14757.973267819929
forecast_4709,2025-07-16 05:00:00,13585.9646075799,14395.692147638287,12468.743986219166
forecast_4710,2025-07-16 06:00:00,11810.82053935082,12738.150670707335,8584.219109117681
forecast_4711,2025-07-16 07:00:00,10185.836858316583,10583.135969491957,7961.544990487658
forecast_4712,2025-07-16 08:00:00,8609.22558578914,9045.51270535998,6430.368771962394
forecast_4713,2025-07-16 09:00:00,7470.278181896397,8035.040532362595,5093.566019276783
forecast_4714,2025-07-16 10:00:00,7609.5990499594245,7613.797993853333,6842.170678303023
forecast_4715,2025-07-16 11:00:00,5754.023803002374,6263.507932458979,4899.258397970777
forecast_4716,2025-07-16 12:00:00,5764.160713566362,6125.568371581056,4997.811295312161
forecast_4717,2025-07-16 13:00:00,5726.87353548907,6266.0568567456,4990.68875980076
forecast_4718,2025-07-16 14:00:00,5804.18003980727,6521.64566675472,4639.102292311247
forecast_4719,2025-07-16 15:00:00,5816.256638971605,5771.493638869984,4241.725271275297
forecast_4720,2025-07-16 16:00:00,6390.745298249754,6448.4917181491855,4480.520472666528
forecast_4721,2025-07-16 17:00:00,6191.876264877256,7462.739224542288,4720.688205763728
forecast_4722,2025-07-16 18:00:00,7824.454827061414,9909.98937141293,6318.865968458316
forecast_4723,2025-07-16 19:00:00,7914.459666965468,8982.009383009321,6844.727831295687
forecast_4724,2025-07-16 20:00:00,9484.802235148456,10532.806391705777,8305.834229110955
forecast_4725,2025-07-16 21:00:00,11337.48136276822,12340.165757115816,8289.616940509799
forecast_4726,2025-07-16 22:00:00,12088.184043306164,15046.682450715929,10457.892651761951
forecast_4727,2025-07-16 23:00:00,14920.094738489715,16456.581021367765,12103.858286963707
forecast_4728,2025-07-17 00:00:00,14980.254283399943,16954.790183930574,13438.260355771652
forecast_4729,2025-07-17 01:00:00,16713.653356131086,17569.1143529783,16377.35556010929
forecast_4730,2025-07-17 02:00:00,16652.19934364427,17667.71958216752,16493.02773561607
forecast_4731,2025-07-17 03:00:00,16329.107048114873,17725.730909472597,15977.853280035633
forecast_4732,2025-07-17 04:00:00,16071.201467715182,17294.284696354873,14640.47316986968
forecast_4733,2025-07-17 05:00:00,14219.650332679439,16910.126943224666,13077.452205760545
forecast_4734,2025-07-17 06:00:00,13897.560479854914,17035.017355889573,13479.911784995482
forecast_4735,2025-07-17 07:00:00,14848.835745769095,18037.05312644566,14512.093399714258
forecast_4736,2025-07-17 08:00:00,14369.43967701312,17122.63796551594,13852.95360675704
forecast_4737,2025-07-17 09:00:00,14110.203221833368,16622.47703926129,13872.344488009574
forecast_4738,2025-07-17 10:00:00,13489.23624631251,16759.077800660667,12497.113231067284
forecast_4739,2025-07-17 11:00:00,11066.094310969125,14674.266788675734,11385.030677411769
forecast_4740,2025-07-17 12:00:00,10313.787797023415,13925.965473798968,10660.007390211826
forecast_4741,2025-07-17 13:00:00,10100.168275082257,12852.989531089488,9583.84364870041
forecast_4742,2025-07-17 14:00:00,11452.540374164202,15509.943565037633,9753.375298784144
forecast_4743,2025-07-17 15:00:00,10886.431915303623,14381.782553719388,10356.132061170467
forecast_4744,2025-07-17 16:00:00,10738.996659886756,13161.510602843779,8939.786133824366
forecast_4745,2025-07-17 17:00:00,9331.319315467796,12249.85293029936,8224.740821687428
forecast_4746,2025-07-17 18:00:00,9148.3235614057,12908.06509694427,7236.833248941389
forecast_4747,2025-07-17 19:00:00,9226.838560064363,12120.89671176935,7707.8504604779755
forecast_4748,2025-07-17 20:00:00,10495.953089240726,13157.357187600985,8328.964037588708
forecast_4749,2025-07-17 21:00:00,11125.500473729278,14306.662615744377,8667.996449048842
forecast_4750,2025-07-17 22:00:00,12143.56566915555,13711.862814890408,8727.412805460224
forecast_4751,2025-07-17 23:00:00,12270.44474562414,14201.680551595062,9215.059409472427
forecast_4752,2025-07-18 00:00:00,12347.860292994874,14652.68724640159,9251.256679756414
forecast_4753,2025-07-18 01:00:00,11956.486026512173,15021.1840775492,11981.740206762517
forecast_4754,2025-07-18 02:00:00,12447.26761609355,15497.560170064415,12139.366168537736
forecast_4755,2025-07-18 03:00:00,11785.91824087868,14811.298571468868,11346.449872376308
forecast_4756,2025-07-18 04:00:00,11374.347330243383,14037.39822253783,10880.558118590478
forecast_4757,2025-07-18 05:00:00,11414.05081407861,13618.014106736486,9400.223244136923
forecast_4758,2025-07-18 06:00:00,11571.64608192686,12974.379969334555,8845.521857304644
forecast_4759,2025-07-18 07:00:00,10970.073909846073,13581.623479277965,9407.142094247301
forecast_4760,2025-07-18 08:00:00,10496.402403887721,13255.655285056935,9584.57366010059
forecast_4761,2025-07-18 09:00:00,10004.534187129142,12874.12694940834,9708.262662652023
forecast_4762,2025-07-18 10:00:00,8827.535744196393,11740.655258744118,8612.034182439485
forecast_4763,2025-07-18 11:00:00,6874.652116278796,8463.67069052583,6167.380273057159
forecast_4764,2025-07-18 12:00:00,5323.776471636953,5961.373321280177,3926.886289804946
forecast_4765,2025-07-18 13:00:00,3777.1096409506767,3911.2560849513507,3477.797684786482
forecast_4766,2025-07-18 14:00:00,3653.858222403818,3807.434999927978,3544.5814927678866
forecast_4767,2025-07-18 15:00:00,3631.4060007898056,3830.7853667497047,3505.5844270398693
forecast_4768,2025-07-18 16:00:00,4493.964304085497,5274.805161581655,4125.269058897347
forecast_4769,2025-07-18 17:00:00,5773.391932285371,6914.803703926524,5019.580581762863
forecast_4770,2025-07-18 18:00:00,7073.283331365375,9051.125656902166,6968.539529126954
forecast_4771,2025-07-18 19:00:00,7740.337844281803,9683.81994855568,7631.920726243673
forecast_4772,2025-07-18 20:00:00,8038.016295867842,10014.417462326752,7750.343843062131
forecast_4773,2025-07-18 21:00:00,9503.156993714914,11695.992120395333,9004.837885465686
forecast_4774,2025-07-18 22:00:00,9922.969395116901,11962.333715156308,9125.139483045048
forecast_4775,2025-07-18 23:00:00,10981.987624533627,12836.494366561046,10167.875059880076
forecast_4776,2025-07-19 00:00:00,11050.631924383972,12546.572242732156,9456.531319377431
forecast_4777,2025-07-19 01:00:00,9350.313648239271,10921.452707532295,7058.765563219493
forecast_4778,2025-07-19 02:00:00,8116.740505838152,9969.384072575289,6356.129584325181
forecast_4779,2025-07-19 03:00:00,6448.936278845782,7830.834627070796,4951.051373704841
forecast_4780,2025-07-19 04:00:00,5856.348364664811,6906.990979147366,4911.078007207359
forecast_4781,2025-07-19 05:00:00,6395.102485121328,6832.030348580073,5020.179728123014
forecast_4782,2025-07-19 06:00:00,7055.548111158508,7693.291603260051,5132.055175235472
forecast_4783,2025-07-19 07:00:00,7752.8400036382545,8899.699639374394,5310.735609960855
forecast_4784,2025-07-19 08:00:00,7597.4625265421355,9564.916971248025,5495.646213729239
forecast_4785,2025-07-19 09:00:00,7454.295164150069,9615.40542698731,5562.893962309447
forecast_4786,2025-07-19 10:00:00,8104.339352003596,10469.209136489255,6695.890821702138
forecast_4787,2025-07-19 11:00:00,9234.55060555699,11561.366499334532,7869.957880873768
forecast_4788,2025-07-19 12:00:00,9457.228510926052,12704.418464835984,9020.47658816803
forecast_4789,2025-07-19 13:00:00,9292.251203038457,12193.751948798577,9802.764633715607
forecast_4790,2025-07-19 14:00:00,9228.362867271904,12045.253301261957,10308.975357730213
forecast_4791,2025-07-19 15:00:00,9369.838135275784,11867.571758790978,10919.126394074492
forecast_4792,2025-07-19 16:00:00,9294.08621971828,12507.63373724383,10951.15742346724
forecast_4793,2025-07-19 17:00:00,8815.863826744582,11721.3689416205,9908.579589888255
forecast_4794,2025-07-19 18:00:00,9152.321750662286,11451.019160571772,9299.636992850392
forecast_4795,2025-07-19 19:00:00,10083.717048509448,11971.846673487637,8851.866303691704
forecast_4796,2025-07-19 20:00:00,10502.586291480347,13101.980240521525,10482.88345241399
forecast_4797,2025-07-19 21:00:00,10931.374159828145,13699.692901037743,11325.844030727201
forecast_4798,2025-07-19 22:00:00,11479.53751518414,13920.319593003365,10902.765066603713
forecast_4799,2025-07-19 23:00:00,12337.515111797336,14227.501745019523,9770.692853341361
forecast_4800,2025-07-20 00:00:00,12495.044068099407,14168.956826826365,8910.978195983042
forecast_4801,2025-07-20 01:00:00,12444.061775889011,14637.159576736058,12112.810958787484
forecast_4802,2025-07-20 02:00:00,12379.898504047007,14905.343175159851,12583.846691000623
forecast_4803,2025-07-20 03:00:00,12787.545464764193,14849.487859451563,13354.492073594309
forecast_4804,2025-07-20 04:00:00,12672.257408792399,14817.40771011727,12923.831701854358
forecast_4805,2025-07-20 05:00:00,12183.439185731833,14310.025178191852,12090.49727413702
forecast_4806,2025-07-20 06:00:00,11134.477576785268,13464.606112685471,10467.871470532114
forecast_4807,2025-07-20 07:00:00,10231.814950615104,12398.471416569786,9806.217601785318
forecast_4808,2025-07-20 08:00:00,9498.945301958756,11576.348215025846,8776.360341467838
forecast_4809,2025-07-20 09:00:00,9712.740516774036,10753.001458734403,8137.917139012306
forecast_4810,2025-07-20 10:00:00,8986.068124775187,10479.201789656143,7279.11066394245
forecast_4811,2025-07-20 11:00:00,7770.127864830082,8983.223044142413,6180.3349495318735
forecast_4812,2025-07-20 12:00:00,6238.64521787059,6612.871666017103,6218.9595150445075
forecast_4813,2025-07-20 13:00:00,5940.709424870488,6371.57675304466,5467.009438141383
forecast_4814,2025-07-20 14:00:00,5389.502896963165,5966.981655295823,4984.59002901885
forecast_4815,2025-07-20 15:00:00,4968.841282683807,5407.594751305222,4576.101024517776
forecast_4816,2025-07-20 16:00:00,4587.596870667107,5105.444757262468,4545.8338948874425
forecast_4817,2025-07-20 17:00:00,4786.732659234299,5161.197895038838,4789.745297421468
forecast_4818,2025-07-20 18:00:00,5192.801437050293,5577.524134169946,4514.4049664362055
forecast_4819,2025-07-20 19:00:00,6576.35567085801,7646.452999935713,5321.807514274522
forecast_4820,2025-07-20 20:00:00,8618.931173395717,10321.326844784478,7227.112651262761
forecast_4821,2025-07-20 21:00:00,9706.973731267408,11635.722684670944,8927.281158520143
forecast_4822,2025-07-20 22:00:00,10985.368795432232,13101.704909034785,9738.91711939884
forecast_4823,2025-07-20 23:00:00,11996.633273111878,13533.235970205948,8640.713047247307
forecast_4824,2025-07-21 00:00:00,12832.633730122932,13944.3078414102,8384.38740536773
forecast_4825,2025-07-21 01:00:00,12652.999746994465,14025.148575769594,10295.262240710976
forecast_4826,2025-07-21 02:00:00,12582.721268260806,14063.586625586617,10276.540866845029
forecast_4827,2025-07-21 03:00:00,12683.634240201993,13903.572315190979,10212.410653977799
forecast_4828,2025-07-21 04:00:00,11549.788754414894,13090.081120593712,8610.651588724246
forecast_4829,2025-07-21 05:00:00,11393.039610782604,12137.522020441182,7351.883011512588
forecast_4830,2025-07-21 06:00:00,10898.763176455077,11901.650329985026,7899.154259700157
forecast_4831,2025-07-21 07:00:00,11622.246794950313,12342.68453036766,8848.91692375903
forecast_4832,2025-07-21 08:00:00,10757.485818885632,11718.40663058082,9286.57290386129
forecast_4833,2025-07-21 09:00:00,10093.901860768197,10990.1193467491,8690.998617480487
forecast_4834,2025-07-21 10:00:00,8949.547381769513,9296.264860222886,7898.5811150316695
forecast_4835,2025-07-21 11:00:00,7242.665730779143,7339.68270339156,6700.4524247507425
forecast_4836,2025-07-21 12:00:00,6017.60901023321,5969.202967507122,6175.186903009254
forecast_4837,2025-07-21 13:00:00,5688.686737812355,5405.913731515323,5427.890736662708
forecast_4838,2025-07-21 14:00:00,5454.016712616853,5498.103978479027,5240.112109301871
forecast_4839,2025-07-21 15:00:00,5335.462309849661,5306.920276279358,4763.156142489345
forecast_4840,2025-07-21 16:00:00,5418.268658198146,5592.204457073883,4716.900293764586
forecast_4841,2025-07-21 17:00:00,6012.752686929373,6317.434852580239,5408.55895325074
forecast_4842,2025-07-21 18:00:00,7523.528485778866,7788.001744999823,6424.552519035849
forecast_4843,2025-07-21 19:00:00,10458.931788115617,10679.114282054763,8905.103667611724
forecast_4844,2025-07-21 20:00:00,12128.71300086109,12992.48347950372,10974.04614435932
forecast_4845,2025-07-21 21:00:00,13982.517833263008,14833.776990102147,13335.931783277738
forecast_4846,2025-07-21 22:00:00,14863.819458183161,15113.470146719721,14065.175721694603
forecast_4847,2025-07-21 23:00:00,14822.68192808877,15321.609556801626,13883.494728772675
forecast_4848,2025-07-22 00:00:00,15247.177372786706,15434.549031762695,13780.702261262353
forecast_4849,2025-07-22 01:00:00,14237.035404275708,15299.62749748351,12594.96090270056
forecast_4850,2025-07-22 02:00:00,13430.381293277593,14852.292221103538,12701.173389070498
forecast_4851,2025-07-22 03:00:00,12993.361876044866,14303.306666649132,12884.514263547628
forecast_4852,2025-07-22 04:00:00,13419.992331453957,14318.037286081917,13326.10215335657
forecast_4853,2025-07-22 05:00:00,14429.852338293422,14880.963122788791,13738.837377973174
forecast_4854,2025-07-22 06:00:00,15160.064151812858,15304.759264702885,13309.503349353325
forecast_4855,2025-07-22 07:00:00,15725.740796973103,15537.956002904439,12145.577233880025
forecast_4856,2025-07-22 08:00:00,14755.445458662707,15180.7265551531,11392.462117343033
forecast_4857,2025-07-22 09:00:00,13337.149370574269,13600.49975215964,10247.190975305162
forecast_4858,2025-07-22 10:00:00,9022.866014437262,9424.53077795432,8164.421387898814
forecast_4859,2025-07-22 11:00:00,5605.813191390292,5441.487821258611,4412.709404034877
forecast_4860,2025-07-22 12:00:00,3717.4572893554405,3771.4047562256765,3495.1293859509683
forecast_4861,2025-07-22 13:00:00,3434.9070709666908,3336.251160152577,3347.71581349854
forecast_4862,2025-07-22 14:00:00,3955.299291013647,3581.5901715759364,3429.951467522055
forecast_4863,2025-07-22 15:00:00,3665.738623192496,3521.4343429420874,3451.1059597022454
forecast_4864,2025-07-22 16:00:00,3739.736521019115,3735.1075501736614,3640.763487116948
forecast_4865,2025-07-22 17:00:00,3910.810526106801,3810.009696280812,3548.361078523348
forecast_4866,2025-07-22 18:00:00,4662.813870610088,4353.499927001133,3740.5030837911568
forecast_4867,2025-07-22 19:00:00,5032.623394188141,4898.951211893267,3668.166733184234
forecast_4868,2025-07-22 20:00:00,3955.868445724668,3882.100848333247,4071.28717652811
forecast_4869,2025-07-22 21:00:00,4581.55983243494,4780.401689342693,3800.1877382873668
forecast_4870,2025-07-22 22:00:00,6039.33771074281,6010.499886016563,4583.8969582647105
forecast_4871,2025-07-22 23:00:00,7249.589538575255,7233.899394599389,5391.76299534134
forecast_4872,2025-07-23 00:00:00,7612.848608151911,7392.351408793044,5691.369861761985
forecast_4873,2025-07-23 01:00:00,8757.21280148258,8660.343235063692,5738.744056760478
forecast_4874,2025-07-23 02:00:00,9507.13668061077,9048.015397394422,6183.969975486661
forecast_4875,2025-07-23 03:00:00,10734.608936092489,10707.138091059625,6142.956569050552
forecast_4876,2025-07-23 04:00:00,10646.309216652951,10747.012483935745,5982.400230172431
forecast_4877,2025-07-23 05:00:00,9743.331565239798,9189.822224932297,5440.627002797318
forecast_4878,2025-07-23 06:00:00,7528.21969968391,7623.279501010834,4810.870113075305
forecast_4879,2025-07-23 07:00:00,5302.866124802084,5245.613641693551,3959.935757844703
forecast_4880,2025-07-23 08:00:00,3970.5476481682545,3850.0043193788524,3656.529149647503
forecast_4881,2025-07-23 09:00:00,3972.051146053682,4066.6306832803266,3436.2284592718256
forecast_4882,2025-07-23 10:00:00,3861.7579164109657,3905.8448925041725,3342.024131934579
forecast_4883,2025-07-23 11:00:00,3011.2177365041325,3688.227280582383,2304.5481084550547
forecast_4884,2025-07-23 12:00:00,1515.7161458595904,1306.121637021795,56.708147738660465
forecast_4885,2025-07-23 13:00:00,66.25409823039297,49.65099802339477,56.40513118306088
forecast_4886,2025-07-23 14:00:00,133.68690294220784,110.7763703073243,776.333454727532
forecast_4887,2025-07-23 15:00:00,3002.857422098263,3421.224682592167,3185.6087151123497
forecast_4888,2025-07-23 16:00:00,5436.158741521406,4294.9677010761025,3988.854133416104
forecast_4889,2025-07-23 17:00:00,6552.7876669551015,5750.577308674295,5730.959343924134
forecast_4890,2025-07-23 18:00:00,7374.458657616546,5415.430713134824,6079.2572860161545
forecast_4891,2025-07-23 19:00:00,3506.5375772822213,4593.720473280746,4633.964607897649
forecast_4892,2025-07-23 20:00:00,3502.504278627261,3332.501985255501,3110.027096353396
forecast_4893,2025-07-23 21:00:00,3906.747467730019,3856.287169870667,3685.1875589025076
forecast_4894,2025-07-23 22:00:00,4033.352765894035,4079.48615759704,3610.2502076381265
forecast_4895,2025-07-23 23:00:00,4922.99416419815,4659.252441152628,3620.1110268200164
forecast_4896,2025-07-24 00:00:00,5170.3513507512425,5048.455430350283,3738.2523461802552
forecast_4897,2025-07-24 01:00:00,6437.978618354799,5987.887872624404,3943.127995273068
forecast_4898,2025-07-24 02:00:00,7821.06114021327,7116.854371309123,4309.92783085897
forecast_4899,2025-07-24 03:00:00,9769.81667298139,9042.314885421272,5010.309887522913
forecast_4900,2025-07-24 04:00:00,11038.990918000067,10947.737255606666,5445.2014172117915
forecast_4901,2025-07-24 05:00:00,9784.93297153564,9672.627370452343,5351.765026954674
forecast_4902,2025-07-24 06:00:00,7878.717487821375,7858.551993852553,4749.132886109072
forecast_4903,2025-07-24 07:00:00,5561.334625241305,5292.09310145769,3762.0286634157965
forecast_4904,2025-07-24 08:00:00,3839.965543292682,3805.161828130488,3448.127505196419
forecast_4905,2025-07-24 09:00:00,3531.4184590560053,3431.3727113641494,2979.1417088579483
forecast_4906,2025-07-24 10:00:00,3636.9003655857946,3864.365041739815,1061.7522835300108
forecast_4907,2025-07-24 11:00:00,4119.945270179484,5166.149399305721,1682.5675000605775
forecast_4908,2025-07-24 12:00:00,3222.1736573722014,3003.749724964245,1476.4298933506316
forecast_4909,2025-07-24 13:00:00,1180.6494063762484,1339.9513109134537,1191.117963491822
forecast_4910,2025-07-24 14:00:00,4259.191254232833,4778.287743042423,2597.1593110001486
forecast_4911,2025-07-24 15:00:00,2361.517170663075,2588.0304818412837,923.6323981205215
forecast_4912,2025-07-24 16:00:00,3873.2051728830897,4077.8948091571797,3611.7300252400423
forecast_4913,2025-07-24 17:00:00,2704.243009086031,3890.45257953376,3506.0300006383873
forecast_4914,2025-07-24 18:00:00,3492.829620125693,4303.632028345044,4127.52342055266
forecast_4915,2025-07-24 19:00:00,4167.086664970262,3704.7986171744606,3742.012024349267
forecast_4916,2025-07-24 20:00:00,3524.757438858901,3295.0674885664066,4229.4899579241965
forecast_4917,2025-07-24 21:00:00,3534.884106008684,3194.6957787102924,3020.726524915256
forecast_4918,2025-07-24 22:00:00,3404.8792303399623,3300.700572403519,3241.6018643257758
forecast_4919,2025-07-24 23:00:00,3417.46998927355,3470.9440431901185,3329.7900534067953
forecast_4920,2025-07-25 00:00:00,3531.013447436016,3403.3186474694576,3152.616913793628
forecast_4921,2025-07-25 01:00:00,4213.657916354227,4152.968197689192,3586.2068439596464
forecast_4922,2025-07-25 02:00:00,4301.850840804896,4209.381666909291,3619.7698298746504
forecast_4923,2025-07-25 03:00:00,4172.106864070669,4165.5009665773205,3358.2228837334364
forecast_4924,2025-07-25 04:00:00,4280.988108266317,4081.265575883813,3525.0318874762274
forecast_4925,2025-07-25 05:00:00,3901.2454423380213,3790.5020151466556,3256.8726577930224
forecast_4926,2025-07-25 06:00:00,3917.7690444385785,3902.1142315047555,3409.6716981963386
forecast_4927,2025-07-25 07:00:00,3532.5916404672976,3559.384226129855,3194.925840217163
forecast_4928,2025-07-25 08:00:00,3448.4924279233755,3383.0918102659434,2967.067744309354
forecast_4929,2025-07-25 09:00:00,3985.262560372091,4234.238239373937,2251.4291374419145
forecast_4930,2025-07-25 10:00:00,3979.8002554707396,3524.1459043039895,724.951142557787
forecast_4931,2025-07-25 11:00:00,4480.736408766635,4743.591406125203,2698.36882630976
forecast_4932,2025-07-25 12:00:00,3121.2018557840233,3018.129770039924,1194.3093984134405
forecast_4933,2025-07-25 13:00:00,1220.8340362325293,1177.1821409662903,1129.8297326344978
forecast_4934,2025-07-25 14:00:00,2918.214612521153,3722.2606734509927,3591.739718231566
forecast_4935,2025-07-25 15:00:00,6014.175134101397,4822.177570061675,2753.2477301383838
forecast_4936,2025-07-25 16:00:00,3914.352296811256,3728.204773874904,3110.2048416910743
forecast_4937,2025-07-25 17:00:00,4238.624191865062,3838.0229049509153,2777.0434747608797
forecast_4938,2025-07-25 18:00:00,4073.740321143904,3504.0342116151996,2952.987664924393
forecast_4939,2025-07-25 19:00:00,4669.69085657138,5484.5566617703325,3478.168380823787
forecast_4940,2025-07-25 20:00:00,3667.973982568363,4303.08877472868,4135.881280819876
forecast_4941,2025-07-25 21:00:00,3647.465188447554,3624.49628127528,3395.2735203546285
forecast_4942,2025-07-25 22:00:00,3902.4972588253763,3883.6596846779894,3175.532502252398
forecast_4943,2025-07-25 23:00:00,4455.092879899516,4620.020021996115,3775.212905525562
forecast_4944,2025-07-26 00:00:00,4164.21337577275,4399.898682266148,3681.5852860627438
forecast_4945,2025-07-26 01:00:00,6993.628591690687,6968.2969608954445,4466.180793415877
forecast_4946,2025-07-26 02:00:00,6930.854131730887,7710.217048982228,4560.156344645309
forecast_4947,2025-07-26 03:00:00,6896.024137910388,7206.371509887884,3857.4389503402135
forecast_4948,2025-07-26 04:00:00,6747.615425972514,6943.036407909768,3736.8369190685307
forecast_4949,2025-07-26 05:00:00,4581.084583615787,4738.847157075891,3496.9955432437637
forecast_4950,2025-07-26 06:00:00,3876.8034148243482,3765.3938841894405,3652.163835655475
forecast_4951,2025-07-26 07:00:00,4240.228710365172,3986.8549351773295,3435.7091393882565
forecast_4952,2025-07-26 08:00:00,3437.61406468601,3593.1450228506187,3008.325387797202
forecast_4953,2025-07-26 09:00:00,3247.51540688283,3135.9349769751852,2668.271642804104
forecast_4954,2025-07-26 10:00:00,3871.9564747413588,3552.178379991535,3770.738726674266
forecast_4955,2025-07-26 11:00:00,3874.907081975185,3814.1778712080077,3387.225080142483
forecast_4956,2025-07-26 12:00:00,3248.991147250611,3128.960870213204,3025.913964664152
forecast_4957,2025-07-26 13:00:00,1246.6503726353487,1185.2895058356023,1964.7568023837682
forecast_4958,2025-07-26 14:00:00,3016.5164347163945,3107.6737474579804,2069.217577964634
forecast_4959,2025-07-26 15:00:00,3820.1447675888294,3261.4715337518437,3073.2555681391955
forecast_4960,2025-07-26 16:00:00,6644.897631169175,5836.280653032194,4081.6075460345646
forecast_4961,2025-07-26 17:00:00,7286.09790483363,7066.935021593783,4990.336755317184
forecast_4962,2025-07-26 18:00:00,4746.254816659181,5522.034829730674,3654.948284978943
forecast_4963,2025-07-26 19:00:00,4176.370091027275,5091.340363131692,3793.9049735970443
forecast_4964,2025-07-26 20:00:00,3382.1831377589597,3595.770544792346,3300.976686010204
forecast_4965,2025-07-26 21:00:00,3466.580006376354,3647.3598931044053,3347.4932547779276
forecast_4966,2025-07-26 22:00:00,3757.395131786344,3836.2711904318376,3360.5336759292436
forecast_4967,2025-07-26 23:00:00,4514.72239155632,4484.98813551279,3584.976074376851
forecast_4968,2025-07-27 00:00:00,6124.43888693892,6066.035439626344,3734.9438373989356
forecast_4969,2025-07-27 01:00:00,7075.657039766565,7736.60506303652,5267.823282312967
forecast_4970,2025-07-27 02:00:00,7248.663786638998,7728.489926834092,5133.82619061506
forecast_4971,2025-07-27 03:00:00,7516.175659485317,8015.68696352089,4667.6198849929815
forecast_4972,2025-07-27 04:00:00,7570.595821916154,7841.528938068473,4425.720634371868
forecast_4973,2025-07-27 05:00:00,7546.422303046534,7375.553184518078,4289.008787872915
forecast_4974,2025-07-27 06:00:00,6999.133556825984,7358.633825458836,3950.5253878843696
forecast_4975,2025-07-27 07:00:00,4793.889932957981,4930.264788436555,3722.5770436205285
forecast_4976,2025-07-27 08:00:00,3973.603960784195,4009.209650923819,3364.7451042142516
forecast_4977,2025-07-27 09:00:00,3876.613428639311,3899.3832226978893,3297.780096794387
forecast_4978,2025-07-27 10:00:00,3815.334925538189,3731.9059972069017,3070.4544627717028
forecast_4979,2025-07-27 11:00:00,3391.525346157722,3478.8349799811535,3570.3400241233653
forecast_4980,2025-07-27 12:00:00,4102.471848789031,3848.984537163399,2807.30811561819
forecast_4981,2025-07-27 13:00:00,3629.674662755774,3119.9738727350677,3250.6450070590467
forecast_4982,2025-07-27 14:00:00,3873.802313395621,3230.5209748233274,3106.2857734514178
forecast_4983,2025-07-27 15:00:00,3079.460011769882,3410.4406253009915,3185.6487408414514
forecast_4984,2025-07-27 16:00:00,3662.4644413614005,3432.2714943011747,3288.7155820635317
forecast_4985,2025-07-27 17:00:00,3784.403662578908,3438.641340612209,3289.326978820251
forecast_4986,2025-07-27 18:00:00,3766.5853599726115,3778.3696693682873,3351.041244869448
forecast_4987,2025-07-27 19:00:00,3954.7872291966037,3847.7239413890134,3463.561604017082
forecast_4988,2025-07-27 20:00:00,4259.045815653961,4504.361428917681,3822.2203333873867
forecast_4989,2025-07-27 21:00:00,5671.821234214831,6155.0428010901505,4412.154114712287
forecast_4990,2025-07-27 22:00:00,6966.332528418453,7558.752224818851,4656.112394555787
forecast_4991,2025-07-27 23:00:00,9396.334628709306,9156.99332832332,5135.679096897306
forecast_4992,2025-07-28 00:00:00,9753.309841386686,9787.474527400189,5602.285130904177
forecast_4993,2025-07-28 01:00:00,11290.580270284143,11984.460638357796,6886.120506836755
forecast_4994,2025-07-28 02:00:00,11729.862437526846,11920.605741110134,7180.07845524796
forecast_4995,2025-07-28 03:00:00,12954.519301747136,11664.545754614168,7844.937449320497
forecast_4996,2025-07-28 04:00:00,10652.492320794654,10654.184327657986,7986.839359078904
forecast_4997,2025-07-28 05:00:00,9946.994188268627,10176.072304248892,7374.35257061108
forecast_4998,2025-07-28 06:00:00,7985.369658627666,8479.609811719398,5660.486632530872
forecast_4999,2025-07-28 07:00:00,6675.741886573578,6267.843787518578,4633.612159033828
forecast_5000,2025-07-28 08:00:00,4352.874862906902,4245.798371388214,3728.579293029691
forecast_5001,2025-07-28 09:00:00,3889.440450844414,4056.2411757461286,3613.9198851297388
forecast_5002,2025-07-28 10:00:00,3722.12851800966,3797.744890968838,3306.771646073125
forecast_5003,2025-07-28 11:00:00,4222.695890313128,4280.68922808783,3451.5526093263716
forecast_5004,2025-07-28 12:00:00,2617.542698715178,2617.1173325737304,2367.1292852530814
forecast_5005,2025-07-28 13:00:00,6722.637853551144,5803.7725195920075,2377.6125945693207
forecast_5006,2025-07-28 14:00:00,6545.727009698802,5070.93444606848,2352.1526662214187
forecast_5007,2025-07-28 15:00:00,2561.3243767109457,2660.1062660426996,2806.1213169313023
forecast_5008,2025-07-28 16:00:00,2320.4711603965166,2349.4340566659525,2574.430951071066
forecast_5009,2025-07-28 17:00:00,3818.2439687494993,4086.7923225122754,3340.7591665846644
forecast_5010,2025-07-28 18:00:00,3917.5883245290493,3693.3819153569434,3636.108924625298
forecast_5011,2025-07-28 19:00:00,3676.2681313938674,4032.2887920915905,4096.782960844037
forecast_5012,2025-07-28 20:00:00,4059.8885765363184,3520.2862019286445,2532.700089653496
forecast_5013,2025-07-28 21:00:00,4678.061863235531,4421.595448384208,3080.7593459357577
forecast_5014,2025-07-28 22:00:00,3886.111782796835,4106.312766944841,3492.7824080496925
forecast_5015,2025-07-28 23:00:00,4337.676265680114,3891.657153532073,3377.1098247059663
forecast_5016,2025-07-29 00:00:00,5204.462868824109,4609.148979407581,3808.477360115857
forecast_5017,2025-07-29 01:00:00,3522.813871822096,3478.6376773894594,3272.7510857611896
forecast_5018,2025-07-29 02:00:00,3520.1058126455127,3526.9501269425027,3019.7434800253077
forecast_5019,2025-07-29 03:00:00,3610.3812796203397,3520.839163929836,3162.7340991094393
forecast_5020,2025-07-29 04:00:00,3699.7456262953683,3824.4444430561607,3166.090660642968
forecast_5021,2025-07-29 05:00:00,3681.5472238700463,3805.2994726428287,3068.14135675003
forecast_5022,2025-07-29 06:00:00,3444.2858939125,3743.9936523185966,3798.503462847935
forecast_5023,2025-07-29 07:00:00,4123.3784850782,4728.325756994935,1761.0721965762752
forecast_5024,2025-07-29 08:00:00,3732.4409300487214,4265.4019431159795,1009.8539266559258
forecast_5025,2025-07-29 09:00:00,3957.2398253896085,4066.801137109753,20.993745406212945
forecast_5026,2025-07-29 10:00:00,3462.8306099064184,1658.1723813685264,9.848157693765407
forecast_5027,2025-07-29 11:00:00,11.88456465789028,2396.743399281508,7.76465847691294
forecast_5028,2025-07-29 12:00:00,13.587685374207549,12.757114648748749,12.644643498957796
forecast_5029,2025-07-29 13:00:00,35.47925930733447,34.23080533983906,21.77974944998828
forecast_5030,2025-07-29 14:00:00,5127.203110743003,5310.0659025739815,2703.1030718312268
forecast_5031,2025-07-29 15:00:00,88.16825283578602,88.51786446911743,1359.108103243085
forecast_5032,2025-07-29 16:00:00,1806.6735590286219,2507.6261499942025,31.653021777854534
forecast_5033,2025-07-29 17:00:00,68.53600205010152,1264.627792371949,24.649020136824717
forecast_5034,2025-07-29 18:00:00,95.26752171337459,1304.8613054457926,2572.226173388358
forecast_5035,2025-07-29 19:00:00,4016.274738923108,4372.796699938456,3971.8534954564643
forecast_5036,2025-07-29 20:00:00,6865.154992350822,7089.22221067026,6391.9792343650315
forecast_5037,2025-07-29 21:00:00,4817.502060141622,4384.939702917623,6137.394025835404
forecast_5038,2025-07-29 22:00:00,3373.20305272939,4005.3212310937975,3519.7378422307515
forecast_5039,2025-07-29 23:00:00,3529.073670511351,3494.190769690133,3530.2553929657606
forecast_5040,2025-07-30 00:00:00,3634.5594508596905,3751.2087319203656,4114.776794278861
forecast_5041,2025-07-30 01:00:00,3660.2904849223705,5302.790523487779,3356.2899485967314
forecast_5042,2025-07-30 02:00:00,3618.363749843174,3634.845207914581,3308.5185058122383
forecast_5043,2025-07-30 03:00:00,3363.6656152185196,3427.8087158976364,3518.5184240013486
forecast_5044,2025-07-30 04:00:00,3583.996305815312,3272.8097676968323,3049.9950853431105
forecast_5045,2025-07-30 05:00:00,3234.6532873427573,3239.49486496289,2416.2875612076195
forecast_5046,2025-07-30 06:00:00,3421.897865137635,3596.171584090732,2597.500394840218
forecast_5047,2025-07-30 07:00:00,3253.2499502322653,3259.066461265507,3386.2972541622757
forecast_5048,2025-07-30 08:00:00,3826.3419614454533,3306.7003620047203,27.47619917020217
forecast_5049,2025-07-30 09:00:00,3536.9610331863237,3024.8398747939573,0.2891590765265274
forecast_5050,2025-07-30 10:00:00,2621.445479675377,2880.8090737660123,18.853124424520875
forecast_5051,2025-07-30 11:00:00,69.29612311181351,56.08663115978558,29.332601943544155
forecast_5052,2025-07-30 12:00:00,113.48525621092443,100.86079655236762,60.56966361126635
forecast_5053,2025-07-30 13:00:00,168.03559540871277,159.08211196902553,121.16535862847225
forecast_5054,2025-07-30 14:00:00,3102.530692917497,2917.3191383216936,2529.6852766467136
forecast_5055,2025-07-30 15:00:00,3323.50192495763,3025.433967791657,2591.6176129766004
forecast_5056,2025-07-30 16:00:00,2894.058415807437,2620.7036238829305,2127.444287240113
forecast_5057,2025-07-30 17:00:00,2664.2694258109664,2341.7155423856248,102.99765648758805
forecast_5058,2025-07-30 18:00:00,2720.239074858137,2617.797272173818,105.72360284533032
forecast_5059,2025-07-30 19:00:00,3034.661330597827,3060.8774619753267,132.35972449242394
forecast_5060,2025-07-30 20:00:00,3308.309716013163,3062.279416622569,2187.2860887292704
forecast_5061,2025-07-30 21:00:00,3199.773981159609,3396.536916107107,2439.90944876623
forecast_5062,2025-07-30 22:00:00,3583.3938401056494,3566.521018850134,2857.3028173099374
forecast_5063,2025-07-30 23:00:00,3625.729052041458,3608.0764600899365,2819.7448399179902
forecast_5064,2025-07-31 00:00:00,3678.298843138054,3805.3977176418607,3068.8497292772317
forecast_5065,2025-07-31 01:00:00,4203.610372316891,4184.679500179872,3573.5249514097573
forecast_5066,2025-07-31 02:00:00,4347.598330324496,4409.480941301193,3609.5946927039286
forecast_5067,2025-07-31 03:00:00,4621.719350642089,5852.4371782913395,3765.755781438795
forecast_5068,2025-07-31 04:00:00,4388.336978652578,6358.7458365345965,3708.142728051944
forecast_5069,2025-07-31 05:00:00,4173.341387692019,6433.411054103823,3877.816646359306
forecast_5070,2025-07-31 06:00:00,4078.2255995797836,3983.102239382914,3691.529874253317
forecast_5071,2025-07-31 07:00:00,4145.292284553983,4056.6890893628356,3361.6458024566
forecast_5072,2025-07-31 08:00:00,3476.5294335853173,3517.9382119428265,2699.70743245016
forecast_5073,2025-07-31 09:00:00,3259.378659796632,3493.962613950271,2238.0205998361353
forecast_5074,2025-07-31 10:00:00,3118.013224744162,3424.964997059227,1736.726943567908
forecast_5075,2025-07-31 11:00:00,2719.4264271076445,3286.2390625278795,1775.3483544342316
forecast_5076,2025-07-31 12:00:00,3394.925318684379,3350.1541096403985,2115.8330346996045
forecast_5077,2025-07-31 13:00:00,5864.272726585385,3277.7616016372367,2108.3914829370647
forecast_5078,2025-07-31 14:00:00,4637.102384667309,4052.003717333728,1746.5782585374984
forecast_5079,2025-07-31 15:00:00,5388.730123484837,4985.543505249773,3592.0704656368935
forecast_5080,2025-07-31 16:00:00,6074.209692923445,5824.150326400574,2222.978544645483
forecast_5081,2025-07-31 17:00:00,5039.432428245255,4768.775488841306,3619.5937635474393
forecast_5082,2025-07-31 18:00:00,3899.8882303740907,3925.0124519323003,55.70021107296529
forecast_5083,2025-07-31 19:00:00,2969.7042681619632,2682.213550643953,2131.4589043736023
forecast_5084,2025-07-31 20:00:00,3720.690833752805,4362.6772761465745,2560.179908610101
forecast_5085,2025-07-31 21:00:00,3553.014870020896,3457.0469553623616,4468.964296607485
forecast_5086,2025-07-31 22:00:00,3971.5462433864395,3931.9970944677384,4386.728086719976
forecast_5087,2025-07-31 23:00:00,3590.141366740788,3543.6141180883833,4828.834347778348
forecast_5088,2025-08-01 00:00:00,3245.687417905444,2883.009385034589,4432.4794384020815
forecast_5089,2025-08-01 01:00:00,3548.5078825245564,3423.253604713928,3950.483371704057
forecast_5090,2025-08-01 02:00:00,3547.255137778915,2937.619798073778,3888.2481581158004
forecast_5091,2025-08-01 03:00:00,3310.0343097272257,3068.0914296253222,3835.755049295664
forecast_5092,2025-08-01 04:00:00,3458.2112037116904,3281.7254082783543,4605.950685181037
forecast_5093,2025-08-01 05:00:00,3083.265812000687,3772.3841437090873,3886.6151264022933
forecast_5094,2025-08-01 06:00:00,3470.383229550853,3481.852336489247,9.109449639983414
forecast_5095,2025-08-01 07:00:00,3518.397534046185,3282.9461294205653,19.709141877046786
forecast_5096,2025-08-01 08:00:00,2736.447171588644,2687.7726284398695,19.17434652982155
forecast_5097,2025-08-01 09:00:00,3311.2372222274685,2804.771204775684,18.220952526225382
forecast_5098,2025-08-01 10:00:00,3321.692231349547,2820.8501280244714,14.938510154762298
forecast_5099,2025-08-01 11:00:00,3806.1529707841287,3101.04423640264,75.43880759787655
forecast_5100,2025-08-01 12:00:00,98.65901100845998,1346.0667039585194,834.6460876004489
forecast_5101,2025-08-01 13:00:00,100.57194609278494,1147.263209923923,65.6675673832607
forecast_5102,2025-08-01 14:00:00,60.932889836388654,2978.87513420222,47.10579377294722
forecast_5103,2025-08-01 15:00:00,53.80431690579874,57.091688494374,41.519485705539026
forecast_5104,2025-08-01 16:00:00,1814.552814639212,1776.907090523247,38.88226943827874
forecast_5105,2025-08-01 17:00:00,1859.0998602223733,2886.901991252768,29.910260948650638
forecast_5106,2025-08-01 18:00:00,1259.2719776088977,1590.84659856741,36.46299930713341
forecast_5107,2025-08-01 19:00:00,3455.861292774136,3840.9545245064905,2231.291528284093
forecast_5108,2025-08-01 20:00:00,3028.868238671303,2940.5589191352037,1159.048500676988
forecast_5109,2025-08-01 21:00:00,2898.7972620074765,2959.0705801853687,1148.6548034152097
forecast_5110,2025-08-01 22:00:00,3241.4782881942983,2905.1038243895464,2519.8985073912045
forecast_5111,2025-08-01 23:00:00,2979.158265788796,2773.804269682302,4332.712879326921
forecast_5112,2025-08-02 00:00:00,3370.120308178283,2783.6204257922705,3862.22198640723
forecast_5113,2025-08-02 01:00:00,4190.633326391895,4072.1203831089815,3705.9612647629046
forecast_5114,2025-08-02 02:00:00,4594.243462883602,4404.495268471994,3739.956050712369
forecast_5115,2025-08-02 03:00:00,5878.475810629843,5500.179084063145,3864.7395966732347
forecast_5116,2025-08-02 04:00:00,6643.031503531339,6619.570908547612,4401.986197776367
forecast_5117,2025-08-02 05:00:00,7651.7483852656505,7914.738656478333,4940.182366469485
forecast_5118,2025-08-02 06:00:00,8759.07251849509,8784.453279672283,4866.181476519166
forecast_5119,2025-08-02 07:00:00,7680.285154062874,7736.008924194841,4909.124223551367
forecast_5120,2025-08-02 08:00:00,6376.122206133592,6209.511402806233,4098.8507049471045
forecast_5121,2025-08-02 09:00:00,5115.432954162909,4928.781034030906,3669.5586494512027
forecast_5122,2025-08-02 10:00:00,4014.1820528797734,3947.6632997782863,3771.176045232276
forecast_5123,2025-08-02 11:00:00,3721.8524292708166,3884.711089684728,3284.21167789762
forecast_5124,2025-08-02 12:00:00,3356.127446770615,3071.0475060051895,2758.887992510258
forecast_5125,2025-08-02 13:00:00,3243.5425439312653,3518.886264903807,3128.225928403779
forecast_5126,2025-08-02 14:00:00,3657.86904519493,3391.629619787102,3381.021293736366
forecast_5127,2025-08-02 15:00:00,3679.2071664993186,3702.7057969064035,3232.2527237983795
forecast_5128,2025-08-02 16:00:00,2978.1024373549753,2794.9962358692655,2671.9504746951047
forecast_5129,2025-08-02 17:00:00,3231.3238512359353,2779.0320837752515,2727.348324395752
forecast_5130,2025-08-02 18:00:00,3794.679026811521,3448.4944472687607,3710.9103608895953
forecast_5131,2025-08-02 19:00:00,3748.3417087918597,3603.031708061576,3239.816451378795
forecast_5132,2025-08-02 20:00:00,3944.6564026563,3773.850922573451,3316.9233166479985
forecast_5133,2025-08-02 21:00:00,4174.129101964123,4032.515326554002,3736.4971533891126
forecast_5134,2025-08-02 22:00:00,4974.618678837056,4556.975598847496,3877.62185163074
forecast_5135,2025-08-02 23:00:00,4102.433750275664,3958.119017334292,3700.7111538856852
forecast_5136,2025-08-03 00:00:00,4374.014139091124,3923.4443959495593,3607.7336173639746
forecast_5137,2025-08-03 01:00:00,5522.32168262172,4881.544628665534,3771.161607667483
forecast_5138,2025-08-03 02:00:00,5169.525092075463,4909.785458548529,3785.606506006401
forecast_5139,2025-08-03 03:00:00,4994.142749929219,4610.988718602119,3565.9656311375347
forecast_5140,2025-08-03 04:00:00,3942.31998017344,4044.7320776854563,3602.4094888735026
forecast_5141,2025-08-03 05:00:00,3873.826305658652,3796.3007411515578,3951.694480420552
forecast_5142,2025-08-03 06:00:00,3908.658025000499,3863.3926557011237,3336.8369395550285
forecast_5143,2025-08-03 07:00:00,3421.3062830723625,3511.680131947963,3183.7192243789364
forecast_5144,2025-08-03 08:00:00,2932.183007887876,3411.987824947905,4013.9257771830216
forecast_5145,2025-08-03 09:00:00,3497.251301199986,4050.3413252193563,733.0406440186197
forecast_5146,2025-08-03 10:00:00,3739.545661227844,3498.866780611387,730.8760385734436
forecast_5147,2025-08-03 11:00:00,3514.671724248881,3349.703712440969,1206.782041440047
forecast_5148,2025-08-03 12:00:00,4477.595752277788,4459.98530326852,4644.819461953477
forecast_5149,2025-08-03 13:00:00,5678.660881204422,6353.786684678525,4714.429129504836
forecast_5150,2025-08-03 14:00:00,2877.6680959934647,2714.3011145526734,2581.9844127668175
forecast_5151,2025-08-03 15:00:00,3537.240164122805,3505.426458369458,3230.02044990695
forecast_5152,2025-08-03 16:00:00,3469.611153703998,3412.8012246869675,3290.112847278307
forecast_5153,2025-08-03 17:00:00,4163.816945652409,4147.895401489846,3541.820203950025
forecast_5154,2025-08-03 18:00:00,4234.109389987992,3973.0247449940057,3574.5576238219896
forecast_5155,2025-08-03 19:00:00,4068.88128705332,4023.1059933487436,3904.812711361781
forecast_5156,2025-08-03 20:00:00,4009.9081923571307,4348.668532299024,3879.0528971713275
forecast_5157,2025-08-03 21:00:00,4315.906441446097,4390.330347103765,3839.1375803131036
forecast_5158,2025-08-03 22:00:00,5083.292423592057,6019.52531998836,4280.435186198287
forecast_5159,2025-08-03 23:00:00,5892.937726317526,6869.663861655009,4440.968196034749
forecast_5160,2025-08-04 00:00:00,6089.757700268247,8861.56833222286,4531.904496123886
forecast_5161,2025-08-04 01:00:00,8331.967203226157,8595.477952982992,6647.024644963928
forecast_5162,2025-08-04 02:00:00,9183.3935068835,9807.168712444307,7330.042710793582
forecast_5163,2025-08-04 03:00:00,10361.168942406246,11105.011352285608,9136.827159304094
forecast_5164,2025-08-04 04:00:00,11586.129306232284,12037.927674241544,8931.050581900367
forecast_5165,2025-08-04 05:00:00,12148.36974434378,13946.024681287787,8604.466686776845
forecast_5166,2025-08-04 06:00:00,10645.178328235246,12225.437373640214,8217.549803856915
forecast_5167,2025-08-04 07:00:00,10051.372522156016,11410.532507060969,7698.795374467495
forecast_5168,2025-08-04 08:00:00,9071.002558911114,10795.552482216297,7091.943145231987
forecast_5169,2025-08-04 09:00:00,8984.80539467038,10208.625438464256,7134.9446371468075
forecast_5170,2025-08-04 10:00:00,8844.836084886856,9549.257604213086,7028.68715667175
forecast_5171,2025-08-04 11:00:00,9007.079961072452,10203.285366557056,6808.919652836534
forecast_5172,2025-08-04 12:00:00,8769.164384215266,9636.67810635523,7584.452667443514
forecast_5173,2025-08-04 13:00:00,7148.363524719823,7572.487581930195,5818.562281756119
forecast_5174,2025-08-04 14:00:00,5990.733772893064,5670.19377790427,4195.46440686924
forecast_5175,2025-08-04 15:00:00,5474.047394476525,5020.018198885103,4206.640946899732
forecast_5176,2025-08-04 16:00:00,5542.9222884382,5367.125514933763,5163.374593710843
forecast_5177,2025-08-04 17:00:00,5831.02984437981,5399.244337651918,5735.762445829424
forecast_5178,2025-08-04 18:00:00,6221.834783649975,5476.3982383898265,6181.6001388340865
forecast_5179,2025-08-04 19:00:00,6486.6691078890035,6002.27313329605,6172.90344833294
forecast_5180,2025-08-04 20:00:00,6172.770318307681,6338.041064892003,6182.501847392742
forecast_5181,2025-08-04 21:00:00,7500.533389110244,7796.248062333892,7527.711836305284
forecast_5182,2025-08-04 22:00:00,7817.201707256012,8395.208142542893,7706.469661892292
forecast_5183,2025-08-04 23:00:00,8675.754613836274,8892.97810419172,8692.952840187654
forecast_5184,2025-08-05 00:00:00,8044.580410229752,9383.635865358361,8536.655069098462
forecast_5185,2025-08-05 01:00:00,5359.465378826638,4761.106357525275,3806.2114730038743
forecast_5186,2025-08-05 02:00:00,5042.186847817605,5035.213405955531,3615.2020510725874
forecast_5187,2025-08-05 03:00:00,3879.0852937415725,4490.407149858296,3672.286617421961
forecast_5188,2025-08-05 04:00:00,3943.16496499844,4223.322691757789,3604.89206844282
forecast_5189,2025-08-05 05:00:00,3888.7776119733885,3789.6271712090293,3532.508909288067
forecast_5190,2025-08-05 06:00:00,3740.8449309757834,3752.0766106051237,3211.3986865680295
forecast_5191,2025-08-05 07:00:00,3771.4879263127423,3789.2971340848026,3420.1514307857547
forecast_5192,2025-08-05 08:00:00,3731.2943096068757,3842.537667891717,3270.929103130903
forecast_5193,2025-08-05 09:00:00,3714.208087484159,3859.050176202017,3241.878917834556
forecast_5194,2025-08-05 10:00:00,3865.5663570930315,3763.139524192076,3324.9429310205937
forecast_5195,2025-08-05 11:00:00,4173.73861899369,3994.4802045932684,3480.3987332951892
forecast_5196,2025-08-05 12:00:00,3749.0078131286723,3713.466468992498,3349.408817589521
forecast_5197,2025-08-05 13:00:00,3868.828077924224,3822.9850991116746,3711.1686135410932
forecast_5198,2025-08-05 14:00:00,4387.912761136982,4230.833152705394,3825.61036688285
forecast_5199,2025-08-05 15:00:00,5712.6052683841635,5909.480155881341,4527.887905524347
forecast_5200,2025-08-05 16:00:00,7128.077113663593,7004.103409423784,5202.523994508182
forecast_5201,2025-08-05 17:00:00,6663.050111098708,6722.4735355282855,4953.758744589703
forecast_5202,2025-08-05 18:00:00,6796.942500302349,6682.621563175022,4942.643917005115
forecast_5203,2025-08-05 19:00:00,6502.09852279159,6663.166386845895,4812.056775120173
forecast_5204,2025-08-05 20:00:00,7135.839278974704,7542.490309962963,5699.263610062155
forecast_5205,2025-08-05 21:00:00,7561.737151305592,8165.497190480657,5783.911188645257
forecast_5206,2025-08-05 22:00:00,8221.91084523727,8761.520415750856,6233.614693737473
forecast_5207,2025-08-05 23:00:00,7562.775527207038,9042.755337800143,6708.388548727393
forecast_5208,2025-08-06 00:00:00,8026.147686840093,9394.922199872586,7181.296189926866
forecast_5209,2025-08-06 01:00:00,12125.417228829207,14286.487615685593,12688.553358114756
forecast_5210,2025-08-06 02:00:00,12356.00309038484,14719.157717755863,13480.297491418518
forecast_5211,2025-08-06 03:00:00,12871.50707882715,15394.382717317514,13431.587486152685
forecast_5212,2025-08-06 04:00:00,13313.682023599686,15563.890322729201,13827.093310312
forecast_5213,2025-08-06 05:00:00,13670.294853335974,15965.368224980042,13973.696202464296
forecast_5214,2025-08-06 06:00:00,13986.824885608656,16379.923749390442,14869.1493365941
forecast_5215,2025-08-06 07:00:00,13797.275433434152,15919.357487685242,14833.868823034563
forecast_5216,2025-08-06 08:00:00,14570.149103613732,16146.731372090266,15008.11495879742
forecast_5217,2025-08-06 09:00:00,14640.124859749629,15998.515264579153,14465.013678384334
forecast_5218,2025-08-06 10:00:00,14730.66722808241,16050.267101856747,15161.354025976603
forecast_5219,2025-08-06 11:00:00,14896.44390100487,16357.155586763058,15262.376895798632
forecast_5220,2025-08-06 12:00:00,14465.573732389561,16741.739465115228,15574.32047788448
forecast_5221,2025-08-06 13:00:00,14110.168482642941,16750.0546539096,15396.753409537405
forecast_5222,2025-08-06 14:00:00,13037.687359729829,16267.84738024858,15444.197995771796
forecast_5223,2025-08-06 15:00:00,13370.4470585471,15939.460737455038,14972.683063010152
forecast_5224,2025-08-06 16:00:00,13614.769173167759,16017.098324415105,14465.365113034066
forecast_5225,2025-08-06 17:00:00,13531.041756488014,15994.004394133146,13889.052290058968
forecast_5226,2025-08-06 18:00:00,14253.761792427504,16226.104322708288,14603.83698642076
forecast_5227,2025-08-06 19:00:00,14201.70065675702,16512.142652781065,15637.15818708544
forecast_5228,2025-08-06 20:00:00,14614.188369183794,17275.35299801927,16590.209630112793
forecast_5229,2025-08-06 21:00:00,15262.507103979558,17403.51218456931,17494.515197521363
forecast_5230,2025-08-06 22:00:00,15396.246516809073,17596.374348936497,17496.544077904062
forecast_5231,2025-08-06 23:00:00,15315.063095086685,17829.067039037454,17530.92760881678
forecast_5232,2025-08-07 00:00:00,15051.288164184052,17892.145282246755,17255.731250572157
forecast_5233,2025-08-07 01:00:00,14281.44553319563,16093.234955582266,14919.310739367405
forecast_5234,2025-08-07 02:00:00,14509.030893220995,16103.62916719917,14934.428944183868
forecast_5235,2025-08-07 03:00:00,14851.589628583612,16219.32510346243,15153.208725181068
forecast_5236,2025-08-07 04:00:00,14842.616970906967,16398.15490584485,14973.489668472334
forecast_5237,2025-08-07 05:00:00,14448.772214828823,16360.409120190077,14680.542333598902
forecast_5238,2025-08-07 06:00:00,14265.350339444396,15662.164741158944,13317.140316839072
forecast_5239,2025-08-07 07:00:00,12652.257801040154,14160.753871898405,12116.049357777138
forecast_5240,2025-08-07 08:00:00,11073.365122839316,12318.52326174394,9653.045538042099
forecast_5241,2025-08-07 09:00:00,9070.048172171237,9180.115579250794,6949.406164260774
forecast_5242,2025-08-07 10:00:00,6255.597832013183,6425.510896086451,4269.294126715044
forecast_5243,2025-08-07 11:00:00,4833.548792974692,4608.292413994699,3477.994841957014
forecast_5244,2025-08-07 12:00:00,4267.58952604242,3938.450462435356,3273.210305445007
forecast_5245,2025-08-07 13:00:00,3990.2556118247526,3535.8271327923053,3248.5000421683
forecast_5246,2025-08-07 14:00:00,4267.297360848686,3845.7822382857557,3312.245540063684
forecast_5247,2025-08-07 15:00:00,3968.994039332189,4348.5128130958965,3703.5665625584343
forecast_5248,2025-08-07 16:00:00,5239.495722901275,5432.5790957514855,3954.311123893913
forecast_5249,2025-08-07 17:00:00,3677.052745442622,3664.5002758971086,3924.6042911195823
forecast_5250,2025-08-07 18:00:00,4155.367604251956,4490.509439945007,3876.15532230336
forecast_5251,2025-08-07 19:00:00,3673.7923404424923,3892.871531690753,3376.8747833336165
forecast_5252,2025-08-07 20:00:00,3940.7022371382236,3961.7720558737096,3465.0193607028314
forecast_5253,2025-08-07 21:00:00,3803.427512373131,3835.1379901409837,3655.7789425796395
forecast_5254,2025-08-07 22:00:00,3997.2360798221157,3938.6947629054657,3731.502272732841
forecast_5255,2025-08-07 23:00:00,5134.67664064568,5354.468997847871,4024.089138276342
forecast_5256,2025-08-08 00:00:00,5859.767473035246,6068.763430690466,4613.537997933846
forecast_5257,2025-08-08 01:00:00,4853.097380187453,4913.431205855654,3964.242911233058
forecast_5258,2025-08-08 02:00:00,5240.560041914296,5670.564927825761,3768.992295836138
forecast_5259,2025-08-08 03:00:00,5555.38627820809,5219.995291848004,3688.1536633361266
forecast_5260,2025-08-08 04:00:00,4773.04306874876,4698.390730606439,3582.154141998633
forecast_5261,2025-08-08 05:00:00,3910.895639770991,4029.6005543660076,3719.6738736563657
forecast_5262,2025-08-08 06:00:00,3877.316105097677,4003.1727257333887,3741.4974366463935
forecast_5263,2025-08-08 07:00:00,3669.4390798944128,3459.6303896900117,2883.674295254649
forecast_5264,2025-08-08 08:00:00,3268.2764355706136,3593.224226805496,1701.1739163414454
forecast_5265,2025-08-08 09:00:00,2744.00318531495,3048.5794892883173,24.63601762503255
forecast_5266,2025-08-08 10:00:00,3631.5677349781577,3505.0015895705565,6.1803007719812655
forecast_5267,2025-08-08 11:00:00,1243.6045765372467,1737.8054788105546,68.68009452735807
forecast_5268,2025-08-08 12:00:00,103.87490434867713,98.73631158557696,100.32527942614371
forecast_5269,2025-08-08 13:00:00,105.54810438742376,107.56068782198561,103.97950665196008
forecast_5270,2025-08-08 14:00:00,38.39962272279941,40.9812660915562,52.27966281976782
forecast_5271,2025-08-08 15:00:00,7.6503678485377415,5114.461288288191,4202.119144200417
forecast_5272,2025-08-08 16:00:00,5501.296742076897,7254.535021108773,4567.349105593908
forecast_5273,2025-08-08 17:00:00,5883.705843666237,6835.988630788113,4171.152043072554
forecast_5274,2025-08-08 18:00:00,1880.8744647292963,4115.672928405623,2713.0032118362274
forecast_5275,2025-08-08 19:00:00,3393.5085617648624,4462.551016407551,3025.7981767636065
forecast_5276,2025-08-08 20:00:00,4316.931473483909,4698.138720773761,3872.6255917718254
forecast_5277,2025-08-08 21:00:00,5466.8497682339175,5691.951692617808,5630.3325928691465
forecast_5278,2025-08-08 22:00:00,4720.396228565869,4164.946012786357,3852.975147103092
forecast_5279,2025-08-08 23:00:00,3753.6322148382073,3706.0668387502787,3377.2190351905574
forecast_5280,2025-08-09 00:00:00,3897.917419111813,3839.975706340796,3501.503757634423
forecast_5281,2025-08-09 01:00:00,3619.403910815137,3504.2248851342188,3212.8164459893837
forecast_5282,2025-08-09 02:00:00,3589.7460165317184,3746.5647142252365,3230.648340499647
forecast_5283,2025-08-09 03:00:00,3983.170597696425,3974.5941147796234,3447.0993895218153
forecast_5284,2025-08-09 04:00:00,4246.877726008322,4435.782441592109,3517.1274455215025
forecast_5285,2025-08-09 05:00:00,4158.478234393972,4565.238567602713,3407.362978428083
forecast_5286,2025-08-09 06:00:00,4393.455932999292,4465.444674474134,3512.2808507464447
forecast_5287,2025-08-09 07:00:00,4295.075646728021,4108.130923311179,3713.6294831120535
forecast_5288,2025-08-09 08:00:00,4051.1081201647726,3953.5544929151347,3521.3388152328885
forecast_5289,2025-08-09 09:00:00,3856.320114489149,3757.4305516057534,3589.6128754976935
forecast_5290,2025-08-09 10:00:00,3890.5342445091396,3751.102315370642,3446.5984495249327
forecast_5291,2025-08-09 11:00:00,4147.426291338596,3910.121386089038,3519.5372846429036
forecast_5292,2025-08-09 12:00:00,3974.2435352756775,3985.4804118523393,3502.3256006351758
forecast_5293,2025-08-09 13:00:00,3729.2113698086823,3806.9477857740635,3359.1427934816475
forecast_5294,2025-08-09 14:00:00,3867.4320377290474,3948.0260548979036,3051.9653389961013
forecast_5295,2025-08-09 15:00:00,3971.742977301772,3547.2929224666627,3297.982685504136
forecast_5296,2025-08-09 16:00:00,3882.4530628368443,3658.772397095984,4036.4990935699243
forecast_5297,2025-08-09 17:00:00,3825.18696533466,3728.2214844398636,3392.8021812362977
forecast_5298,2025-08-09 18:00:00,3334.287310709845,3740.450684440424,2963.7277318045526
forecast_5299,2025-08-09 19:00:00,3757.341680987884,4004.918901118284,3354.663371191107
forecast_5300,2025-08-09 20:00:00,4500.818869312009,4392.086221101598,3691.2551865528285
forecast_5301,2025-08-09 21:00:00,4701.0259588591525,4457.131713099537,3694.794462817309
forecast_5302,2025-08-09 22:00:00,4404.660955557673,4115.744824513988,3716.97382356872
forecast_5303,2025-08-09 23:00:00,3948.240486582886,3850.9040241744906,3469.0967864728937
forecast_5304,2025-08-10 00:00:00,3923.5100881001636,3892.77493465091,3305.8421594482866
forecast_5305,2025-08-10 01:00:00,3479.698032288062,3375.093297784586,3175.0529448632465
forecast_5306,2025-08-10 02:00:00,3614.2955210861546,4054.426747307041,3214.523361237168
forecast_5307,2025-08-10 03:00:00,3514.576367436495,3917.69251943836,3064.219527244929
forecast_5308,2025-08-10 04:00:00,3723.2011475235677,2979.3731668254977,2348.4402943980213
forecast_5309,2025-08-10 05:00:00,2773.8772932607108,2885.4955820943237,2861.375773322551
forecast_5310,2025-08-10 06:00:00,3232.182466665667,3800.644615774914,2697.4670202109364
forecast_5311,2025-08-10 07:00:00,3063.588738709501,3520.741488396738,2564.2970657168507
forecast_5312,2025-08-10 08:00:00,2891.467959654529,3307.5497754664143,1632.2669161001272
forecast_5313,2025-08-10 09:00:00,3054.7882994086826,2807.6079504214995,1154.410719363258
forecast_5314,2025-08-10 10:00:00,3342.819298439872,3618.1005561207467,2677.840141596869
forecast_5315,2025-08-10 11:00:00,3267.044221307433,3564.655706253415,2715.0476082271366
forecast_5316,2025-08-10 12:00:00,3155.429001403112,3715.408732732928,3014.2045155763944
forecast_5317,2025-08-10 13:00:00,2883.219105610617,3014.582639054777,2985.7014197304597
forecast_5318,2025-08-10 14:00:00,2872.7315204093716,2929.881683953972,3227.8388119465735
forecast_5319,2025-08-10 15:00:00,2850.1845454851687,2789.800250871723,2986.747155338885
forecast_5320,2025-08-10 16:00:00,2582.449807422709,3358.0671620772637,2925.7563435120915
forecast_5321,2025-08-10 17:00:00,1666.1269187815992,2953.130695918174,1210.5532801942659
forecast_5322,2025-08-10 18:00:00,2362.1556725626024,2440.743213497268,23.51196250249285
forecast_5323,2025-08-10 19:00:00,2285.025439860139,2394.9994803335153,8.33723530345937
forecast_5324,2025-08-10 20:00:00,2830.8113701566936,3405.0061690455173,1.1882606777233586
forecast_5325,2025-08-10 21:00:00,3059.8507653960187,3437.3440671178973,12.034170474295486
forecast_5326,2025-08-10 22:00:00,3548.6346546772506,3860.3762202942644,1104.5216135681683
forecast_5327,2025-08-10 23:00:00,3560.039816331479,4033.1917979075947,32.46366999551196
forecast_5328,2025-08-11 00:00:00,3196.5653486794918,3408.836729389234,29.740263628127142
forecast_5329,2025-08-11 01:00:00,3298.43776766129,3104.258354677419,0.45883296100445836
forecast_5330,2025-08-11 02:00:00,4570.575522765198,3847.970167733452,2.6860760556692354
forecast_5331,2025-08-11 03:00:00,3811.432349425333,3587.0571700512924,1552.223078044412
forecast_5332,2025-08-11 04:00:00,3916.3769695508836,3764.995831651222,2367.0232816812027
forecast_5333,2025-08-11 05:00:00,3941.2740210138736,3796.5846108528935,1969.4809598294987
forecast_5334,2025-08-11 06:00:00,2778.874860431289,3528.472651846014,0.5042244938313515
forecast_5335,2025-08-11 07:00:00,2491.7086467774147,3275.0081864813505,3.085130266064043
forecast_5336,2025-08-11 08:00:00,2786.055998262501,2701.057070111499,2.4379489355887918
forecast_5337,2025-08-11 09:00:00,3562.669044288436,3431.0047079948713,2.8572347039829116
forecast_5338,2025-08-11 10:00:00,3074.0262300763998,3177.650953893151,0.447158009977143
forecast_5339,2025-08-11 11:00:00,2900.182926913523,3369.255549707754,0.11154822629586039
forecast_5340,2025-08-11 12:00:00,3409.7550122219313,3013.960527234514,0.0
forecast_5341,2025-08-11 13:00:00,1219.1004058119074,1667.1178875169278,0.212608482697534
forecast_5342,2025-08-11 14:00:00,3190.41639332113,2735.7604961883258,6.717043351392342
forecast_5343,2025-08-11 15:00:00,1956.6473906448539,2695.795002126375,2070.0790425326836
forecast_5344,2025-08-11 16:00:00,32.872171535502645,18.89467074955847,11.162310858504856
forecast_5345,2025-08-11 17:00:00,2684.3595053124523,3949.1853270418346,2078.039110077301
forecast_5346,2025-08-11 18:00:00,3764.328928286059,4573.247260778019,3447.783856556492
forecast_5347,2025-08-11 19:00:00,4099.283820750231,4588.327509196487,2399.1211351367538
forecast_5348,2025-08-11 20:00:00,4069.1667532300967,4922.1063438783485,1301.8508029906432
forecast_5349,2025-08-11 21:00:00,4102.355059734308,4462.006390669518,3481.6692689049682
forecast_5350,2025-08-11 22:00:00,3686.2237374867373,3873.7512483038345,3804.646933671688
forecast_5351,2025-08-11 23:00:00,3502.6457516239157,2993.246200423468,2624.0350442524673
forecast_5352,2025-08-12 00:00:00,3864.9041738386213,3189.1295048596394,2423.654035303471
forecast_5353,2025-08-12 01:00:00,3716.769667978178,3808.4359717985903,3307.239111241341
forecast_5354,2025-08-12 02:00:00,3823.2391361969444,3829.673596287367,3379.79271131102
forecast_5355,2025-08-12 03:00:00,4020.160029700895,4249.1165590236915,3707.9944228385084
forecast_5356,2025-08-12 04:00:00,3806.164953071149,3757.828170882484,3710.7796105731027
forecast_5357,2025-08-12 05:00:00,3881.2796146833043,3809.9354923120295,3569.9368406742124
forecast_5358,2025-08-12 06:00:00,3722.646152941017,3522.489031055682,3210.7902514643556
forecast_5359,2025-08-12 07:00:00,3265.6269527845257,3406.1925772231366,2566.8108922106203
forecast_5360,2025-08-12 08:00:00,2787.0694577791523,3428.6933297676173,264.98083763809024
forecast_5361,2025-08-12 09:00:00,3241.9854010631957,3422.5419626578732,1212.6615337867022
forecast_5362,2025-08-12 10:00:00,2733.318379156147,2924.104304249132,1503.5997796766849
forecast_5363,2025-08-12 11:00:00,3387.484780610745,2946.6837947801414,1365.9827227009125
forecast_5364,2025-08-12 12:00:00,4144.774162660199,3579.8722304891994,1361.4458667707129
forecast_5365,2025-08-12 13:00:00,5998.219126726685,3718.146623949196,3974.3622701069066
forecast_5366,2025-08-12 14:00:00,5085.609552030323,4999.321519949889,2773.8476306396274
forecast_5367,2025-08-12 15:00:00,4359.115350656076,4118.623677376937,2763.5716702812133
forecast_5368,2025-08-12 16:00:00,6688.801489658527,5273.54882754517,3348.906422840068
forecast_5369,2025-08-12 17:00:00,6696.446534409094,5240.743122661571,2899.798617668102
forecast_5370,2025-08-12 18:00:00,3286.983213658059,3572.402742741804,2991.5454882632444
forecast_5371,2025-08-12 19:00:00,3603.302183466034,3518.6116943543702,3412.92864279118
forecast_5372,2025-08-12 20:00:00,3530.263308113437,3393.2561862652747,3496.9074133821923
forecast_5373,2025-08-12 21:00:00,3457.6377866677512,3402.0604673660973,3190.0011817280074
forecast_5374,2025-08-12 22:00:00,3568.051120796743,3568.890513771128,3334.7204163343495
forecast_5375,2025-08-12 23:00:00,3952.891458377337,3857.1465775474594,3463.9614181446723
forecast_5376,2025-08-13 00:00:00,3770.7451735317422,4156.533293642528,3520.7517180984605
forecast_5377,2025-08-13 01:00:00,4513.730191342346,4357.708992181672,3659.018042566318
forecast_5378,2025-08-13 02:00:00,4690.931252486927,4752.133435132706,3690.919624990434
forecast_5379,2025-08-13 03:00:00,4480.809155936247,4192.903158565745,3646.479928120902
forecast_5380,2025-08-13 04:00:00,3992.648363780582,3981.937528217531,3471.9835111905786
forecast_5381,2025-08-13 05:00:00,3983.970009090896,4226.043281498826,3404.746376653762
forecast_5382,2025-08-13 06:00:00,6067.998117681733,6288.992261193345,4126.307635293113
forecast_5383,2025-08-13 07:00:00,7477.85583008702,7704.566467558486,4876.863696980358
forecast_5384,2025-08-13 08:00:00,7197.640511061159,7987.878398327422,4882.010290720881
forecast_5385,2025-08-13 09:00:00,7504.132517716678,8283.851069752962,5733.734310920323
forecast_5386,2025-08-13 10:00:00,7569.846597568088,9255.91377780566,6593.873779052127
forecast_5387,2025-08-13 11:00:00,7693.227080462626,9311.630289162427,6712.702521160343
forecast_5388,2025-08-13 12:00:00,6734.902719544089,8063.455230833961,5967.741610900246
forecast_5389,2025-08-13 13:00:00,6564.354122630394,8808.372634736723,6140.882703327715
forecast_5390,2025-08-13 14:00:00,7414.177769467177,8984.23327819331,6335.546967883151
forecast_5391,2025-08-13 15:00:00,7795.575543919166,8916.670861281684,7021.910494301363
forecast_5392,2025-08-13 16:00:00,7728.254571675174,9948.163292177864,7274.6234281845955
forecast_5393,2025-08-13 17:00:00,8190.68982175082,11169.172251989441,8603.19955401266
forecast_5394,2025-08-13 18:00:00,8921.13390629802,13234.085631474092,8602.508831973299
forecast_5395,2025-08-13 19:00:00,10925.28272857462,14361.875851545845,11077.081090646368
forecast_5396,2025-08-13 20:00:00,13794.047351422598,16925.496420148997,15242.608031057785
forecast_5397,2025-08-13 21:00:00,15261.349785156757,17670.388706255882,17516.313756175856
forecast_5398,2025-08-13 22:00:00,14774.28092980752,17958.30038787364,18009.363746602427
forecast_5399,2025-08-13 23:00:00,14979.979443269742,17579.481057193716,18034.084843492008
forecast_5400,2025-08-14 00:00:00,14987.407741341589,17960.62410740226,18067.024990364396
forecast_5401,2025-08-14 01:00:00,16462.113215686484,18470.587977282983,18086.5219795053
forecast_5402,2025-08-14 02:00:00,15381.709192680672,18064.123708785974,18092.887727420537
forecast_5403,2025-08-14 03:00:00,15628.236887523253,18093.118429594582,17712.596435395957
forecast_5404,2025-08-14 04:00:00,15198.558786935853,17760.11502489349,17008.194801957354
forecast_5405,2025-08-14 05:00:00,15345.625727970122,18094.180924686898,16407.355839815024
forecast_5406,2025-08-14 06:00:00,14712.061934148178,17294.061878542918,15231.0135006279
forecast_5407,2025-08-14 07:00:00,14255.031933846043,16761.983527430304,14797.116928626996
forecast_5408,2025-08-14 08:00:00,14201.416410983142,17097.360504474993,14580.033791973856
forecast_5409,2025-08-14 09:00:00,14069.780901422257,16865.96070123069,14489.672241996508
forecast_5410,2025-08-14 10:00:00,13390.823144357031,16611.85377913951,13845.594223040727
forecast_5411,2025-08-14 11:00:00,13484.913483363796,15840.133032154792,12779.60258079916
forecast_5412,2025-08-14 12:00:00,12780.364564341364,14843.587080657033,12867.90124714652
forecast_5413,2025-08-14 13:00:00,12440.018036705385,14173.767957112466,12324.940590829028
forecast_5414,2025-08-14 14:00:00,12452.244870016777,14044.481202018711,11858.427255650928
forecast_5415,2025-08-14 15:00:00,12279.676883327924,14044.211451798443,11701.332446931086
forecast_5416,2025-08-14 16:00:00,12806.168714050162,14432.014822693065,11974.344382505176
forecast_5417,2025-08-14 17:00:00,12817.939660346621,13826.99458504245,12339.424988060096
forecast_5418,2025-08-14 18:00:00,12935.313435670547,14911.301823594984,11793.583086760887
forecast_5419,2025-08-14 19:00:00,13244.525119510667,15094.403298535513,11483.967842942522
forecast_5420,2025-08-14 20:00:00,13557.975792525964,14756.98199977914,11991.703369570489
forecast_5421,2025-08-14 21:00:00,14225.14237978072,15308.27410596225,12843.979815691382
forecast_5422,2025-08-14 22:00:00,14872.228109880867,15980.563160564885,13699.439369542066
forecast_5423,2025-08-14 23:00:00,14926.181382866378,15776.325214565877,13672.140998603594
forecast_5424,2025-08-15 00:00:00,14514.549041164826,15332.019914201834,13816.818528580143
forecast_5425,2025-08-15 01:00:00,14105.122984919422,14956.462868707717,9866.078434549167
forecast_5426,2025-08-15 02:00:00,12903.032748945849,13635.846334914577,9084.234530294647
forecast_5427,2025-08-15 03:00:00,11622.775813241302,12461.841584680622,8209.223698974623
forecast_5428,2025-08-15 04:00:00,10367.840810285114,11578.423235753393,7233.896189379975
forecast_5429,2025-08-15 05:00:00,10392.698261588126,10527.445058782669,5963.402215958693
forecast_5430,2025-08-15 06:00:00,9475.88435078916,9493.555864828493,4943.079158097641
forecast_5431,2025-08-15 07:00:00,7587.876307617312,7800.41707199123,4277.488114979934
forecast_5432,2025-08-15 08:00:00,5227.908882854985,5058.366590799081,3749.2503385212576
forecast_5433,2025-08-15 09:00:00,3917.260417951194,4454.438533216757,3747.616725145484
forecast_5434,2025-08-15 10:00:00,3746.2365117536856,3694.668986030531,3141.1514014480117
forecast_5435,2025-08-15 11:00:00,3056.0974167618406,3080.1949402743926,3254.575264513797
forecast_5436,2025-08-15 12:00:00,3313.5840515876866,2910.288315207542,2842.689533837455
forecast_5437,2025-08-15 13:00:00,3517.386623382648,3083.348467808084,2924.8752414871715
forecast_5438,2025-08-15 14:00:00,3332.44319276098,3578.406402397027,3034.3159029395806
forecast_5439,2025-08-15 15:00:00,3431.439935306466,3605.7529344412906,3174.8815319746927
forecast_5440,2025-08-15 16:00:00,3324.9790008241207,3392.030768161681,2765.836990346951
forecast_5441,2025-08-15 17:00:00,3138.3841917911586,3131.2924256587207,2812.007260359128
forecast_5442,2025-08-15 18:00:00,3258.0449984583192,3245.8877980188195,2288.5593655706807
forecast_5443,2025-08-15 19:00:00,3515.3448019860757,3621.5282799423353,2671.122213731729
forecast_5444,2025-08-15 20:00:00,3924.8366719735222,3842.1585809795047,3411.623054688151
forecast_5445,2025-08-15 21:00:00,5256.548979163721,5275.475244742715,3683.490977595081
forecast_5446,2025-08-15 22:00:00,5491.232710287574,5955.49204481105,3842.8948516230566
forecast_5447,2025-08-15 23:00:00,7262.619183124872,7374.044437336522,4777.2839057216315
forecast_5448,2025-08-16 00:00:00,7861.330151160527,7906.141911940661,5311.294588818968
forecast_5449,2025-08-16 01:00:00,10400.828645285035,10573.574101771079,7088.502192837333
forecast_5450,2025-08-16 02:00:00,10109.7922413746,11022.034218924324,7308.4921137375495
forecast_5451,2025-08-16 03:00:00,10280.134098847013,10994.056956724571,7225.407337536495
forecast_5452,2025-08-16 04:00:00,11476.257541767267,11561.115689764316,7705.301764974881
forecast_5453,2025-08-16 05:00:00,10956.85168493836,11291.727825307618,7857.581205937163
forecast_5454,2025-08-16 06:00:00,10127.7796188404,10990.001279325288,8139.224580767704
forecast_5455,2025-08-16 07:00:00,9398.3121628133,10067.039953764432,7573.9756241642945
forecast_5456,2025-08-16 08:00:00,8340.051708809104,8365.980045218435,6278.300674912002
forecast_5457,2025-08-16 09:00:00,7388.254108953587,7456.971490367168,5320.745479984926
forecast_5458,2025-08-16 10:00:00,6046.226713258065,6031.327369551729,4297.632567968484
forecast_5459,2025-08-16 11:00:00,5431.023196550122,5016.167876123425,3891.3859208104113
forecast_5460,2025-08-16 12:00:00,4795.217120091946,4455.048040131577,4020.394181482143
forecast_5461,2025-08-16 13:00:00,4675.66551450024,4596.288682810554,4520.86539103845
forecast_5462,2025-08-16 14:00:00,6584.022010776578,6593.551167663908,5773.875666746281
forecast_5463,2025-08-16 15:00:00,7955.680755389346,7796.2552703366655,6287.349517751202
forecast_5464,2025-08-16 16:00:00,8499.290228096364,8717.343024644697,6663.797075808671
forecast_5465,2025-08-16 17:00:00,9896.837428061503,9337.273578815693,6989.718299856455
forecast_5466,2025-08-16 18:00:00,10831.60798339547,11546.628793516598,8006.889588186399
forecast_5467,2025-08-16 19:00:00,12370.5645446179,14171.337747739524,9212.851940647466
forecast_5468,2025-08-16 20:00:00,13419.690946695799,15370.909110406328,11012.53127957194
forecast_5469,2025-08-16 21:00:00,15712.111737390136,16032.406279964489,12935.579090357789
forecast_5470,2025-08-16 22:00:00,15721.408905434686,16725.866158359117,15180.858556258407
forecast_5471,2025-08-16 23:00:00,16435.137821068296,17046.636906414125,16173.549560302294
forecast_5472,2025-08-17 00:00:00,17611.83949032495,17286.482981050456,16094.733390884749
forecast_5473,2025-08-17 01:00:00,17113.16224109259,17906.807780335464,17303.90493478314
forecast_5474,2025-08-17 02:00:00,16962.762423208325,17807.832523256267,17428.18309726836
forecast_5475,2025-08-17 03:00:00,17096.167374135322,17852.146260267964,17595.77506979282
forecast_5476,2025-08-17 04:00:00,17449.950643341803,17739.89598629188,17681.71544436894
forecast_5477,2025-08-17 05:00:00,17487.958148869126,17753.364225109282,17352.892630474293
forecast_5478,2025-08-17 06:00:00,17237.15110176135,17654.624566316957,16642.38329209243
forecast_5479,2025-08-17 07:00:00,16755.827408599704,17456.388722010008,15526.798385872786
forecast_5480,2025-08-17 08:00:00,15606.117914605655,16581.552240837478,14755.361106706518
forecast_5481,2025-08-17 09:00:00,14531.610450283426,15307.228071861118,12998.352845798547
forecast_5482,2025-08-17 10:00:00,12395.575370384795,13897.575088274627,10082.82022431546
forecast_5483,2025-08-17 11:00:00,10381.356516263995,11192.5425816587,7793.680926646825
forecast_5484,2025-08-17 12:00:00,7975.231207287029,8160.903513309782,5829.455179164743
forecast_5485,2025-08-17 13:00:00,6183.291507943652,6285.966544962223,4811.992574785405
forecast_5486,2025-08-17 14:00:00,5596.672227369505,5785.084658618871,4340.485942522702
forecast_5487,2025-08-17 15:00:00,5072.063316031064,5073.3364031769315,4061.648882585577
forecast_5488,2025-08-17 16:00:00,5386.042838383242,5219.210443851899,4081.506693700118
forecast_5489,2025-08-17 17:00:00,5290.939823896321,5163.004400554406,3974.4016885546052
forecast_5490,2025-08-17 18:00:00,6061.845826788525,5469.746477943198,3834.28281970199
forecast_5491,2025-08-17 19:00:00,6411.3551567833365,6337.707610353405,3952.927224593931
forecast_5492,2025-08-17 20:00:00,7110.219071034313,7216.616729788715,4491.556643221834
forecast_5493,2025-08-17 21:00:00,7476.0244115217065,7514.460186950631,4711.573912772511
forecast_5494,2025-08-17 22:00:00,7731.878255794557,7778.025378247897,4692.493692429326
forecast_5495,2025-08-17 23:00:00,8114.174529240293,8216.876446872824,4839.612770944437
forecast_5496,2025-08-18 00:00:00,8953.797292573456,8446.596910746945,4961.044556100154
forecast_5497,2025-08-18 01:00:00,10911.370336427179,10615.657578619088,6005.829583074729
forecast_5498,2025-08-18 02:00:00,10763.788985063957,10797.365999440692,6098.737344316684
forecast_5499,2025-08-18 03:00:00,10624.932414763902,10944.128994378512,6322.444875563855
forecast_5500,2025-08-18 04:00:00,10358.635761826403,10466.733684476658,6495.749178632019
forecast_5501,2025-08-18 05:00:00,10321.59150273479,10614.46542671775,6635.869565515208
forecast_5502,2025-08-18 06:00:00,10744.148261908002,10807.930769334755,6742.731574031361
forecast_5503,2025-08-18 07:00:00,11177.575172220686,11417.686128870631,7051.575605339598
forecast_5504,2025-08-18 08:00:00,11508.051477699924,11608.323357430274,7239.651014955677
forecast_5505,2025-08-18 09:00:00,10933.945314656456,10823.96458518807,7507.964501322814
forecast_5506,2025-08-18 10:00:00,9428.34692072752,9318.857116361045,6915.7581152295
forecast_5507,2025-08-18 11:00:00,8279.34145218595,8507.951264418498,6653.063667604865
forecast_5508,2025-08-18 12:00:00,6748.228310795301,7026.15829345583,5343.499042744787
forecast_5509,2025-08-18 13:00:00,6064.366617683282,5566.096139463155,5021.695745024453
forecast_5510,2025-08-18 14:00:00,5559.816633150841,5365.1613836359065,4375.789217142565
forecast_5511,2025-08-18 15:00:00,5268.238406508177,5211.1972028600985,4583.410164930689
forecast_5512,2025-08-18 16:00:00,5582.770181174859,5740.006502822298,4484.121081179116
forecast_5513,2025-08-18 17:00:00,7414.214564306454,7494.26315664654,4425.017555865761
forecast_5514,2025-08-18 18:00:00,8285.827815447703,10719.02181905924,4714.169057947106
forecast_5515,2025-08-18 19:00:00,9629.277971291025,12198.99771152785,5874.795051246193
forecast_5516,2025-08-18 20:00:00,12769.476800105507,14527.459579751097,7622.928595368102
forecast_5517,2025-08-18 21:00:00,14912.05498639221,16198.505637028315,10362.95897504599
forecast_5518,2025-08-18 22:00:00,15477.488458010119,17188.135205180493,12391.177843342857
forecast_5519,2025-08-18 23:00:00,15758.270529834466,17662.93150291711,15390.414090389204
forecast_5520,2025-08-19 00:00:00,15543.329375403822,17805.23300441204,15783.43945078445
forecast_5521,2025-08-19 01:00:00,15623.929093763416,18226.204020961635,16961.599307918623
forecast_5522,2025-08-19 02:00:00,16196.30422169316,18520.20666327853,17041.34153078721
forecast_5523,2025-08-19 03:00:00,15848.346559944906,18335.282328969584,16264.96822320966
forecast_5524,2025-08-19 04:00:00,15860.286795850849,18434.670042881182,16278.001463780409
forecast_5525,2025-08-19 05:00:00,15771.549705034577,17794.812197337524,16236.419417217317
forecast_5526,2025-08-19 06:00:00,15743.006159721106,17085.330491087712,16372.044876263351
forecast_5527,2025-08-19 07:00:00,15482.41092072055,16986.849014357755,16456.54419964921
forecast_5528,2025-08-19 08:00:00,15485.83924578194,16862.348819369487,16338.889948473276
forecast_5529,2025-08-19 09:00:00,15312.063313458308,16452.003575991905,16361.00155663694
forecast_5530,2025-08-19 10:00:00,14439.595101701816,15062.380821925879,14496.499927639861
forecast_5531,2025-08-19 11:00:00,12054.083492871303,13363.674271414126,12587.490764763015
forecast_5532,2025-08-19 12:00:00,10754.75895860596,11836.60291120508,10577.115075785534
forecast_5533,2025-08-19 13:00:00,10317.336548063702,10860.34295970701,9831.249237077893
forecast_5534,2025-08-19 14:00:00,9652.267941648857,10236.818302257643,9065.5505558897
forecast_5535,2025-08-19 15:00:00,9159.335711187963,9559.024483854413,9736.88784124212
forecast_5536,2025-08-19 16:00:00,9222.813816673928,8979.500931915227,9165.39980636578
forecast_5537,2025-08-19 17:00:00,9436.028841122863,9956.30829369746,10133.47087760326
forecast_5538,2025-08-19 18:00:00,10322.625888255374,10864.64574570867,10025.65297093806
forecast_5539,2025-08-19 19:00:00,11785.7027015021,12531.822335715855,11288.186594861907
forecast_5540,2025-08-19 20:00:00,13217.761194352826,14217.312657829978,12822.765846143904
forecast_5541,2025-08-19 21:00:00,14172.659514320358,15716.026199218733,14473.973845252864
forecast_5542,2025-08-19 22:00:00,14877.728817912737,16969.95290984768,15825.327570747648
forecast_5543,2025-08-19 23:00:00,15404.50846900901,18030.171219178697,16976.171510560387
forecast_5544,2025-08-20 00:00:00,16059.752970020458,18178.598510132102,17960.489585281568
forecast_5545,2025-08-20 01:00:00,15399.134316664697,18115.430537459884,17591.61254438106
forecast_5546,2025-08-20 02:00:00,15729.46357945319,18113.016128094176,17920.025583989434
forecast_5547,2025-08-20 03:00:00,16050.440030928841,18171.666502419303,18075.158331586405
forecast_5548,2025-08-20 04:00:00,16512.139068187364,18304.973083357327,18118.977078756438
forecast_5549,2025-08-20 05:00:00,16320.946957959526,18065.52083283734,17724.60353724769
forecast_5550,2025-08-20 06:00:00,15550.60929766913,17345.97852311062,16431.973886226777
forecast_5551,2025-08-20 07:00:00,15580.25716152045,16420.76859552603,15385.36047735516
forecast_5552,2025-08-20 08:00:00,14105.112817297628,14501.546172633032,13565.776353815716
forecast_5553,2025-08-20 09:00:00,10985.385007203771,11936.548073761114,10996.72411563985
forecast_5554,2025-08-20 10:00:00,8961.431208595637,9405.021043074947,7392.87264576297
forecast_5555,2025-08-20 11:00:00,6940.022648790922,8293.434555877655,5777.627143217672
forecast_5556,2025-08-20 12:00:00,6873.975163601522,7457.351448843141,4372.0590258162265
forecast_5557,2025-08-20 13:00:00,4461.270360609357,5984.260349408784,3725.450015603097
forecast_5558,2025-08-20 14:00:00,3921.067804935279,4073.853509037167,3715.2842740533615
forecast_5559,2025-08-20 15:00:00,3992.232395058541,4901.151552026459,3704.1444315918925
forecast_5560,2025-08-20 16:00:00,5119.139064510787,5319.400499152622,3759.0371086110786
forecast_5561,2025-08-20 17:00:00,4285.350370147502,4313.648246799615,3725.665109665106
forecast_5562,2025-08-20 18:00:00,4742.810039809926,4971.298689265283,3907.4096438196607
forecast_5563,2025-08-20 19:00:00,5549.324788803651,5438.805888364577,4428.160951228775
forecast_5564,2025-08-20 20:00:00,5983.433802822123,6195.906561380727,4676.156184952702
forecast_5565,2025-08-20 21:00:00,7438.165962803245,7746.226154751653,5505.0411856389
forecast_5566,2025-08-20 22:00:00,9136.19252373869,9513.64465561391,7136.352019048176
forecast_5567,2025-08-20 23:00:00,11098.36038843548,12166.266145119655,9774.467373018579
forecast_5568,2025-08-21 00:00:00,12186.761420094243,12937.89313751851,10723.52970048021
forecast_5569,2025-08-21 01:00:00,13293.969880306868,14142.82447298709,11633.000318312195
forecast_5570,2025-08-21 02:00:00,13872.306506530249,14084.851550036394,11737.560741944386
forecast_5571,2025-08-21 03:00:00,14267.434752512296,14147.769662591816,12758.154878837095
forecast_5572,2025-08-21 04:00:00,14009.261979741395,13719.626309573492,11705.50509105414
forecast_5573,2025-08-21 05:00:00,12855.869941677422,12618.586969807695,9857.382174265425
forecast_5574,2025-08-21 06:00:00,10813.498550077315,11436.181560792262,7463.331717108425
forecast_5575,2025-08-21 07:00:00,8654.321529398618,8721.957413520158,5108.556624452249
forecast_5576,2025-08-21 08:00:00,5820.1014559537725,5567.157069827288,3947.0169584283044
forecast_5577,2025-08-21 09:00:00,4199.313701684717,4696.0209344424675,3734.233954673391
forecast_5578,2025-08-21 10:00:00,3903.22891413217,3880.413936123487,3278.4011074025248
forecast_5579,2025-08-21 11:00:00,3926.5746949609215,3785.729066204717,3285.3909633833546
forecast_5580,2025-08-21 12:00:00,3400.994763475877,3312.2239123162585,2748.5239300218213
forecast_5581,2025-08-21 13:00:00,2878.763155109939,3286.777208438636,3045.287343367775
forecast_5582,2025-08-21 14:00:00,6280.210018299371,4095.467039309654,899.3694074224339
forecast_5583,2025-08-21 15:00:00,6074.640120293628,4030.6717118190804,2100.636381037545
forecast_5584,2025-08-21 16:00:00,3368.432206725976,3281.02974221317,2786.515034406804
forecast_5585,2025-08-21 17:00:00,2469.599067032498,2683.1187533049765,129.29226540158456
forecast_5586,2025-08-21 18:00:00,3501.1224088036056,4179.967236732884,1219.684141938457
forecast_5587,2025-08-21 19:00:00,5502.779956522499,5731.677027740089,3542.583474354496
forecast_5588,2025-08-21 20:00:00,3561.631993274557,3320.553497231033,3323.569058496612
forecast_5589,2025-08-21 21:00:00,3637.236126189572,3308.224017567307,3531.0774730780727
forecast_5590,2025-08-21 22:00:00,3947.564194035226,3728.004422388712,3381.3662728147046
forecast_5591,2025-08-21 23:00:00,4436.15285217884,4184.41935050741,3451.0173797622992
forecast_5592,2025-08-22 00:00:00,4666.361063878094,4467.784141749904,3714.878381864207
forecast_5593,2025-08-22 01:00:00,4523.68266346672,4356.272654751122,3588.926618664986
forecast_5594,2025-08-22 02:00:00,3936.710888405924,3896.4965740539,3579.7351158284073
forecast_5595,2025-08-22 03:00:00,4939.564346653302,4551.978981693204,3734.6278195176833
forecast_5596,2025-08-22 04:00:00,5972.737285346505,6003.298487565179,3913.653510565795
forecast_5597,2025-08-22 05:00:00,8659.063154048858,8669.199616650738,5068.1351905571
forecast_5598,2025-08-22 06:00:00,10097.137754566915,10006.577125846883,6591.692486714836
forecast_5599,2025-08-22 07:00:00,9711.004118133136,9788.442818632106,6658.146999624612
forecast_5600,2025-08-22 08:00:00,8157.165066955413,7732.208104319309,5674.855732008275
forecast_5601,2025-08-22 09:00:00,5483.10393998314,5439.5352266253285,4146.478515309198
forecast_5602,2025-08-22 10:00:00,3925.490862153532,4036.2894894665633,3751.9540055279945
forecast_5603,2025-08-22 11:00:00,4102.033343830367,4093.095163012176,3411.587851198204
forecast_5604,2025-08-22 12:00:00,3634.2482204443013,3488.1262746526004,3382.042842946229
forecast_5605,2025-08-22 13:00:00,3704.265455325552,3451.0775976546133,3328.3854021534926
forecast_5606,2025-08-22 14:00:00,3714.4046239610675,3584.1517812030816,3377.6843860457466
forecast_5607,2025-08-22 15:00:00,3772.9896474308243,3506.714218375846,3363.9283698872014
forecast_5608,2025-08-22 16:00:00,3886.4970698265324,3710.724687470964,3429.1010004855098
forecast_5609,2025-08-22 17:00:00,4159.523902653827,3975.0285899346227,3834.5997621157994
forecast_5610,2025-08-22 18:00:00,5363.158295595593,5247.13263336256,4438.037529009598
forecast_5611,2025-08-22 19:00:00,8621.509485741386,8850.369466925837,6039.3965557345055
forecast_5612,2025-08-22 20:00:00,12192.042179614104,11942.320276427554,8463.814852803076
forecast_5613,2025-08-22 21:00:00,15317.34567900557,15416.007260655866,10358.121074798031
forecast_5614,2025-08-22 22:00:00,16542.594665058303,16393.76672512572,12187.461854725
forecast_5615,2025-08-22 23:00:00,17480.31407106605,17438.33542735006,13853.125648523519
forecast_5616,2025-08-23 00:00:00,17846.35185149442,17841.874182868993,14834.154928493144
forecast_5617,2025-08-23 01:00:00,17134.05107731779,17430.576155917013,14431.067145222436
forecast_5618,2025-08-23 02:00:00,16857.719851943824,16934.232618876977,13716.93358614684
forecast_5619,2025-08-23 03:00:00,16408.67563702594,15951.147888122023,12752.65105830513
forecast_5620,2025-08-23 04:00:00,15347.45452332269,15155.720118654568,11449.767090377954
forecast_5621,2025-08-23 05:00:00,13510.255661383515,13647.59823081467,9725.034467589567
forecast_5622,2025-08-23 06:00:00,11602.208829292915,11587.587587863993,7557.196046949354
forecast_5623,2025-08-23 07:00:00,9099.761457123705,8091.977788554586,5978.363038136743
forecast_5624,2025-08-23 08:00:00,5533.152168136598,4962.963506652164,4362.792274178973
forecast_5625,2025-08-23 09:00:00,4047.573645040507,4366.426950530948,3680.4012211002473
forecast_5626,2025-08-23 10:00:00,3475.8152012322175,3687.0940825089506,2876.048601936362
forecast_5627,2025-08-23 11:00:00,3961.946946701361,4014.6315011817833,2626.577292687963
forecast_5628,2025-08-23 12:00:00,3102.175363590385,2601.299276569419,952.5499770462349
forecast_5629,2025-08-23 13:00:00,3087.8497006376615,1394.9178852367638,849.9991625564543
forecast_5630,2025-08-23 14:00:00,2989.138901130589,3575.8794273315402,796.1758526708265
forecast_5631,2025-08-23 15:00:00,1903.193643145035,2760.1520316946016,131.60596442639195
forecast_5632,2025-08-23 16:00:00,1935.6423694705627,242.05723869214947,138.67395010189904
forecast_5633,2025-08-23 17:00:00,2386.534851378763,2260.1669499028017,139.29695003116538
forecast_5634,2025-08-23 18:00:00,3202.220576368884,3069.029775016036,2360.4294413458574
forecast_5635,2025-08-23 19:00:00,3580.684880150119,3160.3776085318614,4092.018592719637
forecast_5636,2025-08-23 20:00:00,3349.607281860258,3474.992925326645,3350.309038132247
forecast_5637,2025-08-23 21:00:00,3734.1752115107997,3675.5172493531804,3446.460432783979
forecast_5638,2025-08-23 22:00:00,4112.038425781433,3890.9952905623377,3701.04492286231
forecast_5639,2025-08-23 23:00:00,3863.7122223964925,3743.0095655041555,3667.5236397237754
forecast_5640,2025-08-24 00:00:00,3804.823661182149,3738.7233504483024,3482.906913020601
forecast_5641,2025-08-24 01:00:00,4082.542573848882,3990.1529740149545,3754.185832667887
forecast_5642,2025-08-24 02:00:00,4191.555042336344,4238.3717288361695,3797.0138239699163
forecast_5643,2025-08-24 03:00:00,4160.157570905338,4345.977882383089,3849.54944252272
forecast_5644,2025-08-24 04:00:00,4016.476174015062,4066.9593963380153,3609.323875760943
forecast_5645,2025-08-24 05:00:00,3828.572891767127,3827.968948790526,3162.7633914618004
forecast_5646,2025-08-24 06:00:00,3539.3298194557187,3581.390429627208,3259.3842635672636
forecast_5647,2025-08-24 07:00:00,3523.8167842767293,3670.3561564812844,3040.4284413057017
forecast_5648,2025-08-24 08:00:00,2974.824148456158,3115.2869563037943,2351.7086324623447
forecast_5649,2025-08-24 09:00:00,3808.6643977550702,3920.7128716724196,28.957238861957713
forecast_5650,2025-08-24 10:00:00,3774.8335039715116,3780.6944327980173,37.15301589119756
forecast_5651,2025-08-24 11:00:00,4005.1922258248364,3732.156909965198,3194.874353421265
forecast_5652,2025-08-24 12:00:00,3884.0053137996497,3352.599456873459,3063.2048510128448
forecast_5653,2025-08-24 13:00:00,2991.5435372075985,2990.1393673360753,2840.8624199541896
forecast_5654,2025-08-24 14:00:00,3552.342871792119,3426.8388352710713,2996.723286035035
forecast_5655,2025-08-24 15:00:00,3458.3625389770928,3447.020340354709,2945.9963952584835
forecast_5656,2025-08-24 16:00:00,3655.5914143060827,3788.7714565568813,3328.4534995805066
forecast_5657,2025-08-24 17:00:00,3967.9256108360714,3915.8614686198753,3711.6710835326494
forecast_5658,2025-08-24 18:00:00,3995.9823997440753,3975.049680278071,3592.63039217316
forecast_5659,2025-08-24 19:00:00,3967.6190769167933,3859.754153346008,3730.0567251153866
forecast_5660,2025-08-24 20:00:00,4098.544488459445,4044.42942974004,3586.684947950256
forecast_5661,2025-08-24 21:00:00,4138.74469347081,4475.460736761618,3685.2352933586135
forecast_5662,2025-08-24 22:00:00,4222.438589670937,4109.752550564748,3744.779317893656
forecast_5663,2025-08-24 23:00:00,4531.967800157889,4314.865093313852,3583.5337750141543
forecast_5664,2025-08-25 00:00:00,4293.380770674911,4272.830507348641,3599.8808905853075
forecast_5665,2025-08-25 01:00:00,5051.594944155843,5079.7188888180235,3892.486508755267
forecast_5666,2025-08-25 02:00:00,5334.195699649211,5430.943145225723,4412.812625336095
forecast_5667,2025-08-25 03:00:00,4491.7191729229335,4769.475613858379,4889.433069646414
forecast_5668,2025-08-25 04:00:00,3840.509693746612,3747.756664918654,3622.624719910938
forecast_5669,2025-08-25 05:00:00,3921.394480747803,3896.5297688255423,3468.7868211626324
forecast_5670,2025-08-25 06:00:00,4064.2604029354097,4053.8045175603897,3569.5287936241048
forecast_5671,2025-08-25 07:00:00,3936.2239779583524,3953.434528193479,4188.264986897213
forecast_5672,2025-08-25 08:00:00,4133.504986207697,4137.355744871194,3849.072534549754
forecast_5673,2025-08-25 09:00:00,4258.66939963114,4266.058926645151,3685.6266632326247
forecast_5674,2025-08-25 10:00:00,3731.377484292604,3608.2731187634904,3211.0768806366063
forecast_5675,2025-08-25 11:00:00,3632.090996928323,3404.8707320514527,3498.0809101140894
forecast_5676,2025-08-25 12:00:00,3530.965190763785,3532.3385070229483,3277.586728383735
forecast_5677,2025-08-25 13:00:00,3626.309994923719,3275.226940701796,2943.9254541135624
forecast_5678,2025-08-25 14:00:00,3537.6255608697347,3448.765256661313,3130.1322315288153
forecast_5679,2025-08-25 15:00:00,3638.2057656553,3614.3539102679515,3318.5753503297515
forecast_5680,2025-08-25 16:00:00,3652.437578469492,3644.4243214559538,3310.836064127814
forecast_5681,2025-08-25 17:00:00,3615.404089516313,3679.0844419735804,3651.6434568704776
forecast_5682,2025-08-25 18:00:00,4671.331736901868,5031.635732684987,4022.3221312093156
forecast_5683,2025-08-25 19:00:00,7034.852143822109,7611.031164369784,5810.385738306725
forecast_5684,2025-08-25 20:00:00,9674.41423154218,9828.589537369326,8147.222704429691
forecast_5685,2025-08-25 21:00:00,9943.145259029105,10302.835122379967,8938.576068621524
forecast_5686,2025-08-25 22:00:00,10378.318304706378,11202.662544835912,9453.894131183273
forecast_5687,2025-08-25 23:00:00,11365.039533234978,12583.584285781595,10989.664421704418
forecast_5688,2025-08-26 00:00:00,12249.815474887331,13755.046071542407,12223.624150133446
forecast_5689,2025-08-26 01:00:00,12741.309335576527,15825.011574720578,14352.684248049289
forecast_5690,2025-08-26 02:00:00,13026.017145374906,16571.071078581837,14677.818243114345
forecast_5691,2025-08-26 03:00:00,13191.275666255633,16912.95328551819,15037.643485276176
forecast_5692,2025-08-26 04:00:00,13490.638107552037,17203.985952949224,15474.5450996985
forecast_5693,2025-08-26 05:00:00,13708.680153886071,16872.9893776747,15635.597900339704
forecast_5694,2025-08-26 06:00:00,13928.321927978748,17228.93668913891,15524.168046254785
forecast_5695,2025-08-26 07:00:00,13528.931369614982,17000.141671562164,15358.695353257555
forecast_5696,2025-08-26 08:00:00,13272.439755979027,16546.264610873906,15186.560775788566
forecast_5697,2025-08-26 09:00:00,13116.16815962209,16164.858660256652,14760.410564954269
forecast_5698,2025-08-26 10:00:00,13338.134400316389,16137.11745529818,14514.631171392795
forecast_5699,2025-08-26 11:00:00,12902.530449302129,15250.81209533811,13875.089560400562
forecast_5700,2025-08-26 12:00:00,12818.153920530076,14996.446496313116,14290.354968636555
forecast_5701,2025-08-26 13:00:00,13890.784745007115,16244.834725932526,14590.78279422889
forecast_5702,2025-08-26 14:00:00,14089.50228509327,16258.227991442895,14551.233085315502
forecast_5703,2025-08-26 15:00:00,13598.425319955093,16031.371048277597,14002.032091318664
forecast_5704,2025-08-26 16:00:00,13477.976942843028,15345.265616810777,11822.844828578849
forecast_5705,2025-08-26 17:00:00,13005.573843366477,13439.695620660537,11323.052769175572
forecast_5706,2025-08-26 18:00:00,12292.892844605189,12960.952336857816,10087.502217334411
forecast_5707,2025-08-26 19:00:00,12284.59736882537,12494.249733322486,10375.675546638558
forecast_5708,2025-08-26 20:00:00,12704.702334405023,12851.940571273715,10337.05365601789
forecast_5709,2025-08-26 21:00:00,14335.786705999817,14855.537174632029,11563.59126998029
forecast_5710,2025-08-26 22:00:00,14520.20006552151,14964.56681642917,11308.216988044062
forecast_5711,2025-08-26 23:00:00,14190.577053052324,14921.460926501079,10408.34039705955
forecast_5712,2025-08-27 00:00:00,13860.28658878589,14148.294705471862,8824.299454826745
forecast_5713,2025-08-27 01:00:00,12577.002521513046,13071.73938234521,8029.057492325921
forecast_5714,2025-08-27 02:00:00,11459.249439300895,11393.83451590527,6908.389070033668
forecast_5715,2025-08-27 03:00:00,8079.964821223125,8109.284687871389,5056.962231321435
forecast_5716,2025-08-27 04:00:00,4619.820075226076,4237.387290211292,3638.203072450245
forecast_5717,2025-08-27 05:00:00,3839.1584563896186,3748.649431736135,3740.9899240180985
forecast_5718,2025-08-27 06:00:00,4242.027925136925,4291.063962430927,3676.950831595859
forecast_5719,2025-08-27 07:00:00,3801.92506762198,3836.788816985946,3203.549659379162
forecast_5720,2025-08-27 08:00:00,3630.6148736977584,3505.255085819758,2888.925056268707
forecast_5721,2025-08-27 09:00:00,2374.3685751077946,2296.396306460902,30.943623701680156
forecast_5722,2025-08-27 10:00:00,3795.5631187808567,3154.858084293844,28.036190870270843
forecast_5723,2025-08-27 11:00:00,3099.1746358160835,2223.1766120950624,66.65741697950267
forecast_5724,2025-08-27 12:00:00,2420.315343248884,2432.5292242454643,2174.0767457313705
forecast_5725,2025-08-27 13:00:00,2728.114967687661,3026.084703424143,2597.436863860067
forecast_5726,2025-08-27 14:00:00,2585.9403723152373,2764.4336634026677,3009.5943145946203
forecast_5727,2025-08-27 15:00:00,2428.569875813468,2750.8575742095795,2350.7235793657337
forecast_5728,2025-08-27 16:00:00,2507.9152625030015,3469.809530011299,2674.493880776463
forecast_5729,2025-08-27 17:00:00,3491.478491813496,4585.3238031231,2668.1681312765604
forecast_5730,2025-08-27 18:00:00,4904.043681956661,4120.995615278789,1901.324535753476
forecast_5731,2025-08-27 19:00:00,3821.1495136462204,4054.9088979857293,285.59618836872625
forecast_5732,2025-08-27 20:00:00,3032.170565105635,3743.2709361595084,298.79059170843055
forecast_5733,2025-08-27 21:00:00,3219.34204800209,3205.569733849177,241.7445678821907
forecast_5734,2025-08-27 22:00:00,3100.4883958842593,3423.5319905882993,193.97469693707035
forecast_5735,2025-08-27 23:00:00,2902.838500411938,2939.38975917231,1797.0444914828977
forecast_5736,2025-08-28 00:00:00,3108.223517516278,3182.84699392789,1840.0911246709486
forecast_5737,2025-08-28 01:00:00,3510.730646241356,3512.485533550302,3027.679528950759
forecast_5738,2025-08-28 02:00:00,3803.3857267610747,3770.919799106118,3158.1016241288094
forecast_5739,2025-08-28 03:00:00,3931.932840622911,3735.2710157204997,3332.190305301964
forecast_5740,2025-08-28 04:00:00,4418.488569167618,4126.439050639727,3480.9672690016437
forecast_5741,2025-08-28 05:00:00,4864.1636660878985,4191.481408172708,3500.235647488788
forecast_5742,2025-08-28 06:00:00,4871.253251162214,4497.135734129548,3266.773399325798
forecast_5743,2025-08-28 07:00:00,4026.0269575810257,4106.4968631346,3006.7218786970484
forecast_5744,2025-08-28 08:00:00,3647.087726665113,3859.547462850234,3157.037046812074
forecast_5745,2025-08-28 09:00:00,3878.176323624927,3705.2146204194937,3032.2326905103723
forecast_5746,2025-08-28 10:00:00,3452.505890158197,3623.1965693570833,3225.7013740844704
forecast_5747,2025-08-28 11:00:00,3451.7603379150405,3175.5038205073515,2800.2943105822
forecast_5748,2025-08-28 12:00:00,3828.062483366499,3652.451592886288,3008.917029784359
forecast_5749,2025-08-28 13:00:00,3751.173835945921,3737.1190912347793,3324.4756017004615
forecast_5750,2025-08-28 14:00:00,3848.7909198339853,3856.7101227531775,3245.24645021868
forecast_5751,2025-08-28 15:00:00,3760.7981521055945,3625.981673231146,3376.5119721672613
forecast_5752,2025-08-28 16:00:00,3664.8815549258334,3903.538640450574,3653.9725358516366
forecast_5753,2025-08-28 17:00:00,3935.4560844755906,4170.946925381793,3675.494016984287
forecast_5754,2025-08-28 18:00:00,4330.934317433548,4568.304674637947,3844.402782346181
forecast_5755,2025-08-28 19:00:00,5787.340238020715,6098.629678574571,4250.056358903418
forecast_5756,2025-08-28 20:00:00,7784.1674240461825,8418.604593326536,5330.011401259775
forecast_5757,2025-08-28 21:00:00,9225.453658155096,10007.001775611116,6712.279236735657
forecast_5758,2025-08-28 22:00:00,10629.308143420601,12139.717083871443,8781.856334085069
forecast_5759,2025-08-28 23:00:00,12816.035641257102,14304.967016684148,11191.506991560444
forecast_5760,2025-08-29 00:00:00,13921.606922465906,15641.729258699983,12972.774806597574
forecast_5761,2025-08-29 01:00:00,16369.13144754909,18259.027581719194,16644.528601723014
forecast_5762,2025-08-29 02:00:00,15478.46399725913,18205.402198301577,16963.162211712886
forecast_5763,2025-08-29 03:00:00,15237.38481898306,18227.477441504332,17281.21852754778
forecast_5764,2025-08-29 04:00:00,15333.847141598106,18247.373872376535,17410.356590873074
forecast_5765,2025-08-29 05:00:00,15761.944193514057,18383.975981510335,17764.91429383958
forecast_5766,2025-08-29 06:00:00,16027.120371524872,18423.77518376952,17779.3718432079
forecast_5767,2025-08-29 07:00:00,16265.010554915594,18480.410231249705,17813.197592542292
forecast_5768,2025-08-29 08:00:00,15780.885979694434,18215.340922972726,18060.80602323887
forecast_5769,2025-08-29 09:00:00,15225.630778856133,17898.43902225605,17731.371897681896
forecast_5770,2025-08-29 10:00:00,15797.354318962261,17180.749947597196,16999.92607075901
forecast_5771,2025-08-29 11:00:00,14658.51471209035,16275.928456111023,15943.2721064963
forecast_5772,2025-08-29 12:00:00,13766.961429146864,15001.022383522886,14131.210941795465
forecast_5773,2025-08-29 13:00:00,12705.895896833139,13875.708298943642,13027.551643029372
forecast_5774,2025-08-29 14:00:00,11828.283971095116,13181.638584777413,12024.264337799894
forecast_5775,2025-08-29 15:00:00,11544.858091806032,13058.352572888456,11473.580597720635
forecast_5776,2025-08-29 16:00:00,11343.04172901349,12299.76823642944,11188.52203908319
forecast_5777,2025-08-29 17:00:00,11099.96029895721,11476.181505076796,10647.842064569912
forecast_5778,2025-08-29 18:00:00,10642.588344054811,11480.667761912475,10939.229771784709
forecast_5779,2025-08-29 19:00:00,11639.158222972734,12274.586528486872,11742.878033766168
forecast_5780,2025-08-29 20:00:00,13463.264215351259,15387.91962814771,12437.720237582278
forecast_5781,2025-08-29 21:00:00,15712.18706038637,16691.735183897323,14068.159184740218
forecast_5782,2025-08-29 22:00:00,16956.96188402519,17378.6182725348,15296.705728061432
forecast_5783,2025-08-29 23:00:00,17246.40996949955,17620.81146660461,16278.625149461146
forecast_5784,2025-08-30 00:00:00,17342.666644400415,17679.76286415552,16335.668773393068
forecast_5785,2025-08-30 01:00:00,15012.945371427273,16019.114598482762,14487.83841284356
forecast_5786,2025-08-30 02:00:00,15979.296342142017,16662.56111956504,14085.884701565095
forecast_5787,2025-08-30 03:00:00,15934.982607905842,16370.373834169,14005.010765664912
forecast_5788,2025-08-30 04:00:00,15031.367992974876,15590.447453853967,12527.02686448423
forecast_5789,2025-08-30 05:00:00,13562.659894340606,13917.832327167713,10020.158768509813
forecast_5790,2025-08-30 06:00:00,11990.920865075885,12295.194752753829,7296.938928873005
forecast_5791,2025-08-30 07:00:00,10697.102653282482,10731.613936950993,6179.025752738112
forecast_5792,2025-08-30 08:00:00,8216.90196048494,8157.164690489766,4936.8704316418
forecast_5793,2025-08-30 09:00:00,5898.696658147432,5902.643894327706,3977.9945037790294
forecast_5794,2025-08-30 10:00:00,3907.5721671382253,3769.9556885305433,3521.0769018145324
forecast_5795,2025-08-30 11:00:00,3783.7939050331997,3604.6510432830805,3297.7513224709505
forecast_5796,2025-08-30 12:00:00,3695.0984680264864,3418.5139994439746,3326.551251751222
forecast_5797,2025-08-30 13:00:00,3690.4701217468973,3386.475605600338,3287.9350354249427
forecast_5798,2025-08-30 14:00:00,3768.300788676351,3252.839263074086,3293.65827636081
forecast_5799,2025-08-30 15:00:00,3835.1921405791136,3566.859521499343,3358.9669955173463
forecast_5800,2025-08-30 16:00:00,3778.620024290278,3644.944156410454,3346.0563532427745
forecast_5801,2025-08-30 17:00:00,3873.5424995975072,3868.798237837722,3633.5328434731728
forecast_5802,2025-08-30 18:00:00,3895.7427332324423,3678.8280291428587,3701.8287376294757
forecast_5803,2025-08-30 19:00:00,3997.1411548323613,3900.06556216499,3733.8057197603694
forecast_5804,2025-08-30 20:00:00,4293.1729520457375,3991.1213960405507,3704.2477901716093
forecast_5805,2025-08-30 21:00:00,4963.519464650528,4628.019867844178,3611.7706286651132
forecast_5806,2025-08-30 22:00:00,4992.497770805513,5042.696676866864,3737.7829447361373
forecast_5807,2025-08-30 23:00:00,4925.3855951545065,4935.197669592491,3734.4587775658015
forecast_5808,2025-08-31 00:00:00,4607.381710988152,4412.313607605305,3735.350504243494
forecast_5809,2025-08-31 01:00:00,5220.399745671067,5472.968357201008,3728.7654859236045
forecast_5810,2025-08-31 02:00:00,5584.620096032254,5751.800665936626,3827.0932346918985
forecast_5811,2025-08-31 03:00:00,5598.6845210179945,5772.084391564055,3801.11269137605
forecast_5812,2025-08-31 04:00:00,5417.170218716622,5312.185735517951,3744.7870889495953
forecast_5813,2025-08-31 05:00:00,4580.698939058465,4721.141078050818,3380.5654913131916
forecast_5814,2025-08-31 06:00:00,3924.8828774226263,3961.5826970938933,3542.9230025247257
forecast_5815,2025-08-31 07:00:00,3844.995298163572,3823.486405696881,3727.117213222264
forecast_5816,2025-08-31 08:00:00,4085.450546213674,3823.9710295784107,3946.859089250784
forecast_5817,2025-08-31 09:00:00,3841.115365449045,3719.7193137011027,3108.2194055216964
forecast_5818,2025-08-31 10:00:00,3311.1045872004047,3192.7746062645,2483.467521434932
forecast_5819,2025-08-31 11:00:00,3763.187085932916,3697.174794319319,3185.985196926726
forecast_5820,2025-08-31 12:00:00,3729.942412270054,3341.5781822854597,3405.1369287117955
forecast_5821,2025-08-31 13:00:00,3347.335237222566,3371.1035540994876,3258.7502217823007
forecast_5822,2025-08-31 14:00:00,3490.243120370858,3771.433049781035,3164.011973416411
forecast_5823,2025-08-31 15:00:00,3837.2687369504124,4362.344629382391,3456.3839727337295
forecast_5824,2025-08-31 16:00:00,4178.291187914625,5279.190188600528,3778.561108486768
forecast_5825,2025-08-31 17:00:00,4499.987712682665,5533.9523310410195,3987.158280242604
forecast_5826,2025-08-31 18:00:00,6018.95632181664,7015.143428102191,4423.697183110734
forecast_5827,2025-08-31 19:00:00,7526.366338290971,8563.4453429426,5125.378152219254
forecast_5828,2025-08-31 20:00:00,8813.025856146136,10664.336768599289,7128.114279129513
forecast_5829,2025-08-31 21:00:00,9847.68835257432,12128.203313262207,7747.496351696661
forecast_5830,2025-08-31 22:00:00,10214.056563947408,12091.649659783345,8369.687142848577
forecast_5831,2025-08-31 23:00:00,9953.456546924052,12092.245359598188,8486.513173150908
forecast_5832,2025-09-01 00:00:00,9920.710424196617,11879.027163936058,8418.379366877389
forecast_5833,2025-09-01 01:00:00,13578.180216491355,15179.100722764328,10043.514435110728
forecast_5834,2025-09-01 02:00:00,12976.868310225915,14751.34415441597,10715.097236324353
forecast_5835,2025-09-01 03:00:00,13165.23658626675,14682.059584320667,11216.912972496766
forecast_5836,2025-09-01 04:00:00,13278.075714871264,14821.320090847054,12078.25600971505
forecast_5837,2025-09-01 05:00:00,13528.218101906956,15035.992696200743,12164.617055890349
forecast_5838,2025-09-01 06:00:00,12494.351108687588,14585.651853654743,12019.91332513237
forecast_5839,2025-09-01 07:00:00,10934.053537586695,13489.355885413685,10873.249378629142
forecast_5840,2025-09-01 08:00:00,10164.13434728247,12551.786023367915,9945.248964106673
forecast_5841,2025-09-01 09:00:00,8707.439897302822,10848.914673678313,8799.16000621166
forecast_5842,2025-09-01 10:00:00,7688.401707587414,9579.342556982388,7971.624315111453
forecast_5843,2025-09-01 11:00:00,6902.136017555004,8134.364492581213,7016.033167679694
forecast_5844,2025-09-01 12:00:00,6608.973789300927,7880.053782297279,6324.159358265833
forecast_5845,2025-09-01 13:00:00,6558.608967693512,7833.590920990689,5915.073559482817
forecast_5846,2025-09-01 14:00:00,7188.393807887646,8224.246963845635,5749.921559707563
forecast_5847,2025-09-01 15:00:00,7900.3036000025995,8668.237633752091,7087.052446357873
forecast_5848,2025-09-01 16:00:00,8368.323259937826,9655.36740550645,7580.102922460631
forecast_5849,2025-09-01 17:00:00,8793.610457154244,10443.076177395786,7411.91089360443
forecast_5850,2025-09-01 18:00:00,9042.320327426198,10180.93003316696,7647.664510330475
forecast_5851,2025-09-01 19:00:00,9548.363004078303,10934.92810283551,7736.45113542798
forecast_5852,2025-09-01 20:00:00,9777.75180542901,10651.086677005738,8058.278797116447
forecast_5853,2025-09-01 21:00:00,10241.227445624341,11002.839540512681,7870.708156714284
forecast_5854,2025-09-01 22:00:00,11140.756479815123,12548.573293006522,9406.764132239789
forecast_5855,2025-09-01 23:00:00,12400.640611578634,14270.96445945641,10906.639696385013
forecast_5856,2025-09-02 00:00:00,13171.242588965228,16163.423084894666,10849.92198763594
forecast_5857,2025-09-02 01:00:00,11084.517632943522,12812.069999967598,9606.48498679039
forecast_5858,2025-09-02 02:00:00,11267.399676340505,12585.474215771928,9471.922459189775
forecast_5859,2025-09-02 03:00:00,10392.040744940517,12074.986206533282,8525.659622006819
forecast_5860,2025-09-02 04:00:00,10623.822348110123,12051.877382549492,7899.472714939196
forecast_5861,2025-09-02 05:00:00,9310.33727046777,11035.028502016503,7642.189267142227
forecast_5862,2025-09-02 06:00:00,9306.527209205926,10040.644563679087,6988.596361748092
forecast_5863,2025-09-02 07:00:00,8484.448126074874,9142.79210682795,6136.178484400553
forecast_5864,2025-09-02 08:00:00,7641.209998258589,7469.271018644111,5182.675316747946
forecast_5865,2025-09-02 09:00:00,6374.803999053192,6640.4365174170625,4018.1409957671317
forecast_5866,2025-09-02 10:00:00,4572.395866936166,4552.261466125997,3769.5058919846115
forecast_5867,2025-09-02 11:00:00,3966.8360253049395,3894.5378737080105,3596.7943435445513
forecast_5868,2025-09-02 12:00:00,3893.012465708956,3726.477574933226,3343.07863938079
forecast_5869,2025-09-02 13:00:00,3537.487113974422,3270.612338737034,3049.1500388092923
forecast_5870,2025-09-02 14:00:00,3064.260314530768,2874.861860532815,2469.82263215835
forecast_5871,2025-09-02 15:00:00,2545.3826447613233,2556.9993792788014,2246.5996211533593
forecast_5872,2025-09-02 16:00:00,3275.2125371933535,3753.8345569611097,3351.8997690233955
forecast_5873,2025-09-02 17:00:00,4083.1966427384223,4693.75182305975,939.3799631303766
forecast_5874,2025-09-02 18:00:00,3710.2640882386254,3928.8274635080347,1100.8620536927626
forecast_5875,2025-09-02 19:00:00,3715.545877385184,3974.9912788768715,1152.4940082638725
forecast_5876,2025-09-02 20:00:00,4686.413512503849,4795.750168842631,3527.376696401349
forecast_5877,2025-09-02 21:00:00,4532.510919833672,4846.682126021971,3463.4055971432817
forecast_5878,2025-09-02 22:00:00,3523.9949425068417,3402.3983724380337,3556.416183205051
forecast_5879,2025-09-02 23:00:00,3429.8454962863034,3302.6390483498003,3589.0905231085294
forecast_5880,2025-09-03 00:00:00,2964.1076332819966,2777.769579825476,2786.3226079923365
forecast_5881,2025-09-03 01:00:00,4601.371022382449,4438.160458915143,3776.536455920389
forecast_5882,2025-09-03 02:00:00,3672.0124567037788,3998.6160914517745,3850.664693630319
forecast_5883,2025-09-03 03:00:00,3040.619238326583,3375.6660753974115,3780.577769838674
forecast_5884,2025-09-03 04:00:00,3971.687079133846,5499.144652687008,4380.978943086726
forecast_5885,2025-09-03 05:00:00,3637.906047770105,3909.9156768440157,3654.673951230171
forecast_5886,2025-09-03 06:00:00,3634.9490015536517,5212.816248578152,4.1830408009560305
forecast_5887,2025-09-03 07:00:00,2773.232089218519,3435.3391303692833,1046.189343941089
forecast_5888,2025-09-03 08:00:00,2725.067716832598,3304.1409145893026,6.343797926677298
forecast_5889,2025-09-03 09:00:00,3537.7334905422877,3517.912594737931,11.545642506722285
forecast_5890,2025-09-03 10:00:00,1920.789389688581,1713.9124547761442,21.7369616229118
forecast_5891,2025-09-03 11:00:00,105.41562588753035,1092.1057381945,76.31021074366758
forecast_5892,2025-09-03 12:00:00,1201.1406379166867,188.9677583816891,156.80509233036508
forecast_5893,2025-09-03 13:00:00,4391.6674866170715,2339.2516994666075,1120.2677276770853
forecast_5894,2025-09-03 14:00:00,2741.6919858349083,2222.6837770284114,1212.5067755150465
forecast_5895,2025-09-03 15:00:00,3747.613947930092,2189.871369993299,1866.0378683692245
forecast_5896,2025-09-03 16:00:00,3757.454705675628,2404.896126994711,174.63869180847797
forecast_5897,2025-09-03 17:00:00,3237.1336279007014,2039.0984350416938,96.11928083328557
forecast_5898,2025-09-03 18:00:00,2988.1786980049496,1948.2394339771893,79.5752327352561
forecast_5899,2025-09-03 19:00:00,2797.849965934557,1309.5257136059386,43.29031654320021
forecast_5900,2025-09-03 20:00:00,1871.918842130381,1280.2381932017988,2271.771895708707
forecast_5901,2025-09-03 21:00:00,3174.0239202157027,2351.5379968842217,86.45081435055955
forecast_5902,2025-09-03 22:00:00,3098.10001569424,3652.877863793932,2281.726255171552
forecast_5903,2025-09-03 23:00:00,3885.6144748142483,3744.552307298496,4426.951568349969
forecast_5904,2025-09-04 00:00:00,4403.411631085153,3741.6401713538858,3851.357600983968
forecast_5905,2025-09-04 01:00:00,2812.5215870764014,3106.1350219326737,2562.9004983266345
forecast_5906,2025-09-04 02:00:00,3009.148035931937,3049.6481282257446,2185.999947831125
forecast_5907,2025-09-04 03:00:00,2978.0246123980087,3234.9097348396745,2259.3692491196666
forecast_5908,2025-09-04 04:00:00,3142.8039976877926,3267.202235858381,2342.105617161748
forecast_5909,2025-09-04 05:00:00,3201.2796952330514,3199.2515634313195,2523.455267035946
forecast_5910,2025-09-04 06:00:00,3102.9209874981607,3032.034796918585,2604.7230926605384
forecast_5911,2025-09-04 07:00:00,2958.489247671896,2977.0882124985537,2625.3432329896355
forecast_5912,2025-09-04 08:00:00,3318.2238960229606,3425.330816916221,2384.256476838097
forecast_5913,2025-09-04 09:00:00,3265.874451380955,3366.713581864567,2873.8638958579477
forecast_5914,2025-09-04 10:00:00,3528.8242165744805,4037.7925583491683,3037.212067777323
forecast_5915,2025-09-04 11:00:00,2830.0541608263748,3385.161697925003,3431.35719140966
forecast_5916,2025-09-04 12:00:00,2876.2216639413978,3414.6618922314656,2976.3662466438263
forecast_5917,2025-09-04 13:00:00,3349.5212507203296,3463.9519045020215,3060.396069759998
forecast_5918,2025-09-04 14:00:00,3221.4323627660024,3686.3864363470084,3092.512467629864
forecast_5919,2025-09-04 15:00:00,3104.2974663943464,3530.9733670366354,3360.2820360054056
forecast_5920,2025-09-04 16:00:00,3136.836209492061,3566.678031068279,3247.6475427954692
forecast_5921,2025-09-04 17:00:00,3186.5974581342516,3468.8749778605397,3265.3648471702036
forecast_5922,2025-09-04 18:00:00,3461.769675544582,3458.4864014326135,3143.5689299407627
forecast_5923,2025-09-04 19:00:00,3133.357644198521,3513.2654659802156,2961.149403936776
forecast_5924,2025-09-04 20:00:00,3124.814200642743,3358.952450383373,3123.3796586731087
forecast_5925,2025-09-04 21:00:00,3005.065896921378,3374.5896421431903,3195.248063697257
forecast_5926,2025-09-04 22:00:00,3243.734691928915,3405.7577697366946,3250.522333371063
forecast_5927,2025-09-04 23:00:00,3249.7191058270914,3375.9910256910716,3121.357223447418
forecast_5928,2025-09-05 00:00:00,3127.2366480696805,3297.1667434255564,3024.263429538482
forecast_5929,2025-09-05 01:00:00,3223.728448684616,3244.233157731659,3172.4227270265196
forecast_5930,2025-09-05 02:00:00,3460.7558332547164,3386.749106659795,3349.9529377024
forecast_5931,2025-09-05 03:00:00,3776.2651476203564,3635.6468729296134,3244.1187302178787
forecast_5932,2025-09-05 04:00:00,3629.1032642864334,3431.5997974146926,3263.47208468226
forecast_5933,2025-09-05 05:00:00,3379.831579186041,3420.711448855999,3232.2212525004516
forecast_5934,2025-09-05 06:00:00,3521.466573635531,3537.8575473882397,2893.6476033784875
forecast_5935,2025-09-05 07:00:00,3320.5795828888035,3890.639204281397,2846.6102025493474
forecast_5936,2025-09-05 08:00:00,3237.595738491544,3720.0086838703073,2718.469693273934
forecast_5937,2025-09-05 09:00:00,3724.22924005213,3622.4946051723236,2653.1198568519753
forecast_5938,2025-09-05 10:00:00,3138.5720594894565,3502.4365217468057,2597.967043776073
forecast_5939,2025-09-05 11:00:00,3619.759325605869,3200.60057409361,91.78960929175868
forecast_5940,2025-09-05 12:00:00,36.77928734108083,38.86830077468702,33.8800323916093
forecast_5941,2025-09-05 13:00:00,17.197830610810573,22.017343780637212,15.80807294154127
forecast_5942,2025-09-05 14:00:00,24.51472885356698,33.992288378350274,24.178687352778756
forecast_5943,2025-09-05 15:00:00,50.94141512823623,1369.220196207597,1145.8058929716906
forecast_5944,2025-09-05 16:00:00,119.08011232222255,132.30091559049112,75.54311336722854
forecast_5945,2025-09-05 17:00:00,2247.9172444113924,2554.835050521918,169.30204987464418
forecast_5946,2025-09-05 18:00:00,2747.9057944904503,2799.8428545883703,1413.803141196593
forecast_5947,2025-09-05 19:00:00,2727.905836789183,2867.4778533165754,5655.412260325353
forecast_5948,2025-09-05 20:00:00,3153.3946716441046,3305.110892961302,3016.41700885139
forecast_5949,2025-09-05 21:00:00,3472.634435424036,3436.094943362389,3228.101118246145
forecast_5950,2025-09-05 22:00:00,3627.946995210707,3747.8227876097226,3397.2398614258286
forecast_5951,2025-09-05 23:00:00,4566.231126938601,4801.701693049992,3432.4026900904746
forecast_5952,2025-09-06 00:00:00,4761.2387356229,4788.175000134987,3507.789103839832
forecast_5953,2025-09-06 01:00:00,9327.727254272302,10061.853668316102,6636.9388438577835
forecast_5954,2025-09-06 02:00:00,10294.910918471987,11286.312471620795,7170.6950600444
forecast_5955,2025-09-06 03:00:00,12228.120275673968,13630.877626951904,9336.931417753542
forecast_5956,2025-09-06 04:00:00,12275.88669625998,14398.203738696999,10202.510181975467
forecast_5957,2025-09-06 05:00:00,13454.274334024132,14774.267459359218,11052.597375190087
forecast_5958,2025-09-06 06:00:00,15014.484056955915,15876.463863711904,11834.475020851709
forecast_5959,2025-09-06 07:00:00,15098.060156355106,15654.084831472977,11783.713786916383
forecast_5960,2025-09-06 08:00:00,14211.595624099737,15291.820693527641,12397.251582983865
forecast_5961,2025-09-06 09:00:00,13311.71262937117,15865.28245252387,12016.861118710898
forecast_5962,2025-09-06 10:00:00,11983.939564910283,13177.986947504884,11654.275347975286
forecast_5963,2025-09-06 11:00:00,11131.596937782539,13695.736572730055,10921.951812089197
forecast_5964,2025-09-06 12:00:00,11988.97503917939,13429.968358731325,11241.790561487112
forecast_5965,2025-09-06 13:00:00,11985.997319901304,12955.279095802909,11291.690084874093
forecast_5966,2025-09-06 14:00:00,10986.382415691545,13281.620999219707,11734.538867689116
forecast_5967,2025-09-06 15:00:00,12036.404827489756,13757.406341812723,11780.290061935008
forecast_5968,2025-09-06 16:00:00,12045.612639853023,13596.714250940073,12058.021354129252
forecast_5969,2025-09-06 17:00:00,11760.287551753827,13701.022922094278,12298.387007585556
forecast_5970,2025-09-06 18:00:00,11617.437598447228,13620.08053980511,12667.306133274493
forecast_5971,2025-09-06 19:00:00,11753.800662075193,13996.371070189325,13698.729994143998
forecast_5972,2025-09-06 20:00:00,12916.688119022587,15021.21602334861,14800.180430466304
forecast_5973,2025-09-06 21:00:00,13577.450415459007,15794.430696653357,15355.005264146
forecast_5974,2025-09-06 22:00:00,13884.31203864796,16747.52904605336,16303.724021514343
forecast_5975,2025-09-06 23:00:00,14498.000808244238,17823.419908366286,17241.901259286093
forecast_5976,2025-09-07 00:00:00,14935.201734606737,18191.638056869317,17574.837293450233
forecast_5977,2025-09-07 01:00:00,15310.560370743451,18447.57318387956,17980.676286298258
forecast_5978,2025-09-07 02:00:00,14619.1166411741,18513.422399968604,17617.28725534742
forecast_5979,2025-09-07 03:00:00,14746.815277865804,18081.612105659577,17215.83153892778
forecast_5980,2025-09-07 04:00:00,14739.030775772851,17282.921734679952,15505.679316425649
forecast_5981,2025-09-07 05:00:00,14029.334303373722,16017.969652065634,14256.218334447962
forecast_5982,2025-09-07 06:00:00,13133.037422757396,14787.65721675745,13214.235149637241
forecast_5983,2025-09-07 07:00:00,12284.092675392865,13206.104120492095,11771.221908301519
forecast_5984,2025-09-07 08:00:00,11270.248326973167,11737.730181641522,10505.881895997336
forecast_5985,2025-09-07 09:00:00,9225.96590198896,9956.478797911654,9577.903339230726
forecast_5986,2025-09-07 10:00:00,7825.275632398502,8245.182321424672,7809.545401577684
forecast_5987,2025-09-07 11:00:00,6448.276119333116,6970.030964260553,6124.264292594497
forecast_5988,2025-09-07 12:00:00,5844.739060788414,5769.4423311299815,5031.718778372229
forecast_5989,2025-09-07 13:00:00,4166.043130332769,4005.897112597317,3938.7062702867847
forecast_5990,2025-09-07 14:00:00,3858.622416415186,4053.502724836558,3846.6880572904256
forecast_5991,2025-09-07 15:00:00,4003.1743628099357,4153.657280579358,3911.0678046630574
forecast_5992,2025-09-07 16:00:00,4458.704093308009,4457.658389790994,4154.628405717636
forecast_5993,2025-09-07 17:00:00,5974.378207730289,5879.211618114274,4454.178845125894
forecast_5994,2025-09-07 18:00:00,7345.359689039529,7136.7454733302475,5387.083387093719
forecast_5995,2025-09-07 19:00:00,9414.410521822114,9224.393581954373,6435.381590842171
forecast_5996,2025-09-07 20:00:00,11187.712351661536,11216.381530759008,7374.742186499172
forecast_5997,2025-09-07 21:00:00,11374.26704327642,11010.32529721538,7834.7170330847475
forecast_5998,2025-09-07 22:00:00,11582.111134162062,11384.018422618334,8020.028172985559
forecast_5999,2025-09-07 23:00:00,11668.461783410994,11548.480696783477,8369.59667626391
forecast_6000,2025-09-08 00:00:00,11813.654377344577,11664.070424811664,8522.211704907586
forecast_6001,2025-09-08 01:00:00,10635.039815748507,9887.008423983982,7002.3934630475815
forecast_6002,2025-09-08 02:00:00,9957.029980450217,9225.646861269088,5866.620719530618
forecast_6003,2025-09-08 03:00:00,8802.354926160533,8096.447546492877,5296.664654516665
forecast_6004,2025-09-08 04:00:00,6864.032234095927,6367.317023154052,3909.2588117987275
forecast_6005,2025-09-08 05:00:00,7817.804058802252,4436.427633972779,3687.5846333236045
forecast_6006,2025-09-08 06:00:00,5356.148971859492,5037.18631003696,3766.323250858858
forecast_6007,2025-09-08 07:00:00,4537.266000126822,4396.212313772356,3646.0913339233407
forecast_6008,2025-09-08 08:00:00,3611.3395872244573,3522.8883479661404,3248.5316403623806
forecast_6009,2025-09-08 09:00:00,3450.433122550658,3162.467668964098,1435.1355236822185
forecast_6010,2025-09-08 10:00:00,4105.652985609678,4038.5129842111755,1009.4792055545967
forecast_6011,2025-09-08 11:00:00,3724.5561093639917,3938.305227435665,3.358660990496789
forecast_6012,2025-09-08 12:00:00,3050.1686237757995,3024.7247797343143,2180.7223073278424
forecast_6013,2025-09-08 13:00:00,4382.81873698739,4384.558069951466,4591.557123631571
forecast_6014,2025-09-08 14:00:00,3930.232437735627,4351.631741424991,4900.486141479067
forecast_6015,2025-09-08 15:00:00,2981.007140245333,3285.5565867095006,3506.5273330712744
forecast_6016,2025-09-08 16:00:00,3483.273235123962,3430.9930034335916,3061.068767638536
forecast_6017,2025-09-08 17:00:00,3999.921551520098,3877.626094451656,3364.5967397932595
forecast_6018,2025-09-08 18:00:00,4019.563503242482,4235.471210144137,3747.2825853668155
forecast_6019,2025-09-08 19:00:00,3913.5886280720415,3877.7321854475426,3556.5463281641455
forecast_6020,2025-09-08 20:00:00,3868.6925330368385,3935.555873569269,3720.803154107551
forecast_6021,2025-09-08 21:00:00,3914.4932368525706,3901.1339223939913,3498.567323210325
forecast_6022,2025-09-08 22:00:00,3489.685171032789,3459.9293235510836,3071.4977108535013
forecast_6023,2025-09-08 23:00:00,3249.1530275875457,3158.797466902893,3284.074874841321
forecast_6024,2025-09-09 00:00:00,3595.703604984932,4117.041929815977,3414.378815996539
forecast_6025,2025-09-09 01:00:00,3903.5379020948963,3912.3071817617533,3343.3933439709704
forecast_6026,2025-09-09 02:00:00,3780.439416987217,3847.8581322052482,3100.6206511117725
forecast_6027,2025-09-09 03:00:00,3488.956110975584,3525.3857113226304,2940.925972082232
forecast_6028,2025-09-09 04:00:00,3290.79795771608,3197.9481884621787,3031.3556071704384
forecast_6029,2025-09-09 05:00:00,3604.1469473768416,3662.590434385986,2800.811365294178
forecast_6030,2025-09-09 06:00:00,3806.100165462613,3524.3965911265614,3045.6470695264657
forecast_6031,2025-09-09 07:00:00,3468.670683862692,3339.839074457383,2581.643131567583
forecast_6032,2025-09-09 08:00:00,3538.9118108503853,3460.2134049000974,3630.533211012387
forecast_6033,2025-09-09 09:00:00,3383.2610684023484,3759.5752771846633,3193.145641843668
forecast_6034,2025-09-09 10:00:00,3771.4909636841207,3921.205894478551,3477.795828645857
forecast_6035,2025-09-09 11:00:00,3830.542390340263,3918.791390609335,3383.159497130944
forecast_6036,2025-09-09 12:00:00,3291.6674609859433,3461.601474472984,2722.284975688473
forecast_6037,2025-09-09 13:00:00,2714.690892974352,2508.415922968142,156.09497371792548
forecast_6038,2025-09-09 14:00:00,2067.753382428537,1588.5953669305793,135.05387542169683
forecast_6039,2025-09-09 15:00:00,3641.9519518586035,3039.6156900715537,72.36703503704396
forecast_6040,2025-09-09 16:00:00,2906.5536835247576,3577.446045488854,1173.3959904603153
forecast_6041,2025-09-09 17:00:00,3359.024170495993,3219.1475913291256,1212.025292272162
forecast_6042,2025-09-09 18:00:00,3348.4215709547207,3087.3450246593698,1661.3201215406539
forecast_6043,2025-09-09 19:00:00,3118.418380068703,3290.6286152556618,2792.1537244961296
forecast_6044,2025-09-09 20:00:00,3056.0027131131997,3153.2084122357514,2420.733868854781
forecast_6045,2025-09-09 21:00:00,2961.493852242546,3197.6482502246895,3011.8944909364873
forecast_6046,2025-09-09 22:00:00,2795.922751769452,2910.3858176295157,1412.5590593076347
forecast_6047,2025-09-09 23:00:00,3086.3022076634566,3241.6546316294603,1395.4708787547595
forecast_6048,2025-09-10 00:00:00,3140.7834403978477,3126.5327743714947,1411.8545111564442
forecast_6049,2025-09-10 01:00:00,3489.041456832261,3575.800065160417,3071.988671821733
forecast_6050,2025-09-10 02:00:00,3689.1694931425004,3812.2461914445244,2987.391082168446
forecast_6051,2025-09-10 03:00:00,3882.6811062465886,3867.8011567757576,3014.9471161273113
forecast_6052,2025-09-10 04:00:00,3474.1602529969846,3411.1180195004044,3034.923884878226
forecast_6053,2025-09-10 05:00:00,3697.2769793460384,3584.039070780334,3207.7399234934883
forecast_6054,2025-09-10 06:00:00,3805.8855421238063,3776.141242154034,3156.36159728159
forecast_6055,2025-09-10 07:00:00,3856.05326617361,3932.3730500121696,3308.3930737988603
forecast_6056,2025-09-10 08:00:00,3471.1271103923727,3586.0191922790896,3199.7070060843766
forecast_6057,2025-09-10 09:00:00,3268.0417373030173,3333.965438235605,3189.107630022188
forecast_6058,2025-09-10 10:00:00,3597.4313143850895,3536.760717869938,3287.115288203541
forecast_6059,2025-09-10 11:00:00,3727.137624623255,3672.406583213017,3323.5378294755224
forecast_6060,2025-09-10 12:00:00,3991.3396921652507,3767.500130187963,3477.7670051170103
forecast_6061,2025-09-10 13:00:00,3765.4523766821076,3603.034098642512,3377.7253225155055
forecast_6062,2025-09-10 14:00:00,3762.395596617486,3414.928694498851,3430.9964473002337
forecast_6063,2025-09-10 15:00:00,3954.191755518553,3511.519625136844,3059.7903239034713
forecast_6064,2025-09-10 16:00:00,3953.67665617842,3440.8292961164234,3509.5226113172153
forecast_6065,2025-09-10 17:00:00,3047.044321712631,3286.888765949912,10142.421939246406
forecast_6066,2025-09-10 18:00:00,3117.2148418398624,3249.823201925313,2370.4192792958365
forecast_6067,2025-09-10 19:00:00,3121.9148837326998,3297.1543379127074,2864.6574784886593
forecast_6068,2025-09-10 20:00:00,3507.325688492098,3604.6330776589402,2903.321920596077
forecast_6069,2025-09-10 21:00:00,3576.8798847294315,3702.777923848091,2788.457362928431
forecast_6070,2025-09-10 22:00:00,3558.1541769924033,3544.1216414047694,2872.966284271956
forecast_6071,2025-09-10 23:00:00,3584.2126623413087,3550.9748814668815,2997.2019880593366
forecast_6072,2025-09-11 00:00:00,3558.7600829859957,3507.971173391876,3195.0050847544703
forecast_6073,2025-09-11 01:00:00,3504.678917695349,3447.8930155580592,3505.456748640722
forecast_6074,2025-09-11 02:00:00,3485.9136935709244,3438.135443617684,3505.123118922645
forecast_6075,2025-09-11 03:00:00,3493.8541078384037,3489.442288706241,3646.1415205140433
forecast_6076,2025-09-11 04:00:00,3505.5774696772423,3574.8837284346682,3454.2813000569417
forecast_6077,2025-09-11 05:00:00,3490.6708817958247,3633.4650840352274,3217.1670136157895
forecast_6078,2025-09-11 06:00:00,3838.2609579519426,4022.24283521843,3335.6751875395908
forecast_6079,2025-09-11 07:00:00,3991.004894735655,4485.413058650296,3581.01167005492
forecast_6080,2025-09-11 08:00:00,3910.28093582468,4522.577632058301,3677.7094124377395
forecast_6081,2025-09-11 09:00:00,3716.54335048613,4054.9781578136317,3429.3063152250866
forecast_6082,2025-09-11 10:00:00,3696.746508012228,3773.913905273801,3497.6963492265027
forecast_6083,2025-09-11 11:00:00,3725.513543222313,3887.8386135139694,3461.906436749584
forecast_6084,2025-09-11 12:00:00,3863.9305753690373,4053.151178510301,3691.4865519118116
forecast_6085,2025-09-11 13:00:00,4352.584319627499,4753.854545439999,3702.265794326896
forecast_6086,2025-09-11 14:00:00,4341.693030454321,4865.340505353009,3483.8869889724247
forecast_6087,2025-09-11 15:00:00,3755.8294361301087,4098.085750072146,3385.16839889651
forecast_6088,2025-09-11 16:00:00,3967.8623597807336,3943.305357491111,3579.1793522649273
forecast_6089,2025-09-11 17:00:00,3876.433799993159,4218.070505542124,3670.3224205060196
forecast_6090,2025-09-11 18:00:00,3592.3538943370318,3953.1239692772706,3466.4900479013786
forecast_6091,2025-09-11 19:00:00,3848.921086095904,4542.94544703286,3557.4598325804163
forecast_6092,2025-09-11 20:00:00,4508.631516297781,5289.3706800960235,3640.8913665325886
forecast_6093,2025-09-11 21:00:00,5081.848907950848,6053.964922252917,3820.089748464702
forecast_6094,2025-09-11 22:00:00,5670.862321605513,6588.9239030808,4072.0316869305516
forecast_6095,2025-09-11 23:00:00,5527.450370189572,6515.291952984108,4119.9081554159275
forecast_6096,2025-09-12 00:00:00,5871.598425039778,6805.287608034298,4247.941922206653
forecast_6097,2025-09-12 01:00:00,5416.036181578112,6204.539439305794,3700.5309432545837
forecast_6098,2025-09-12 02:00:00,4743.519226256222,5469.542338623881,3491.939228685212
forecast_6099,2025-09-12 03:00:00,4127.833852392528,4841.950478324676,3373.02808968052
forecast_6100,2025-09-12 04:00:00,3753.3586932768458,4130.678207757987,3329.723324088209
forecast_6101,2025-09-12 05:00:00,3610.9781178039816,3957.4709374173613,3260.822894863726
forecast_6102,2025-09-12 06:00:00,3748.0902977975884,4073.8374667058224,3463.0310102766284
forecast_6103,2025-09-12 07:00:00,3501.3511792439454,4127.767854086214,3327.4323232422207
forecast_6104,2025-09-12 08:00:00,3449.092910468697,3943.6803205469478,3272.3772357279854
forecast_6105,2025-09-12 09:00:00,3378.410051170521,3666.1101806573847,3305.5020914935567
forecast_6106,2025-09-12 10:00:00,3848.3471137921633,3899.4729990563305,3246.8436333110976
forecast_6107,2025-09-12 11:00:00,3833.1000467546332,3914.00874798971,3549.1634756408607
forecast_6108,2025-09-12 12:00:00,3953.99844235778,4389.514752747905,3860.3705203525483
forecast_6109,2025-09-12 13:00:00,3774.6570180427634,3889.6775661023826,3505.4318817416224
forecast_6110,2025-09-12 14:00:00,3847.1786557433943,3956.7018000166163,3605.9776470377847
forecast_6111,2025-09-12 15:00:00,3641.1572187188876,3411.4065169755204,3313.8364088483636
forecast_6112,2025-09-12 16:00:00,3568.067308664937,3639.1478839799156,3357.720233354766
forecast_6113,2025-09-12 17:00:00,3496.408684011702,3427.1723125214794,3564.8009408331445
forecast_6114,2025-09-12 18:00:00,3499.125437132697,3145.307069242737,3698.953200950762
forecast_6115,2025-09-12 19:00:00,3452.7050971109816,3593.584556155199,3661.1273221304205
forecast_6116,2025-09-12 20:00:00,3616.889909942628,4039.0861782826423,3990.759698946722
forecast_6117,2025-09-12 21:00:00,3945.9508044480335,4629.3080186441775,3730.7440215857923
forecast_6118,2025-09-12 22:00:00,5060.859776838737,5418.300451690501,3461.420153883171
forecast_6119,2025-09-12 23:00:00,5413.138408605572,5772.1459138110595,3830.789801513118
forecast_6120,2025-09-13 00:00:00,5615.90966312871,5986.6018916678595,4100.4675157894635
forecast_6121,2025-09-13 01:00:00,3994.7934740799487,4388.805469688843,3478.5246520087626
forecast_6122,2025-09-13 02:00:00,3967.5291510106576,4265.294025567101,3576.6578908499723
forecast_6123,2025-09-13 03:00:00,4374.531942262924,4410.49362883901,3741.1831448926005
forecast_6124,2025-09-13 04:00:00,4926.183176447591,6165.406592883462,5509.394831396069
forecast_6125,2025-09-13 05:00:00,7024.064974813573,7481.193185404651,6911.661838490832
forecast_6126,2025-09-13 06:00:00,8869.71915336049,9703.590303962077,8083.266249349949
forecast_6127,2025-09-13 07:00:00,11028.072469800252,12612.026646612088,11633.549707772267
forecast_6128,2025-09-13 08:00:00,11114.753732505984,12889.690446555238,12675.49691375355
forecast_6129,2025-09-13 09:00:00,11927.87461071053,14267.42922537246,14974.498538662105
forecast_6130,2025-09-13 10:00:00,12009.904515817345,14080.937324056633,13912.592254302708
forecast_6131,2025-09-13 11:00:00,11027.607885868218,12607.280484592182,11862.503748088562
forecast_6132,2025-09-13 12:00:00,7509.1756079892075,7436.446865655144,7123.315560588083
forecast_6133,2025-09-13 13:00:00,4612.608662981425,4881.622184298782,4427.911568900995
forecast_6134,2025-09-13 14:00:00,3789.381682007238,3638.4068315356853,3828.5688147305095
forecast_6135,2025-09-13 15:00:00,3742.6713677455823,3858.575244289634,3579.5543806024125
forecast_6136,2025-09-13 16:00:00,4014.5169790677214,4007.267827949659,3814.2031952893212
forecast_6137,2025-09-13 17:00:00,3840.426943589016,3954.9825226989146,3498.961867733711
forecast_6138,2025-09-13 18:00:00,3993.521614211497,3942.4825014570374,3107.8951248964104
forecast_6139,2025-09-13 19:00:00,3574.1119765477483,3572.262760453618,2926.854085729623
forecast_6140,2025-09-13 20:00:00,3308.1652902322853,3331.499747171225,3005.9089121188144
forecast_6141,2025-09-13 21:00:00,2980.4761778721463,3010.989613731313,3070.1481701440794
forecast_6142,2025-09-13 22:00:00,2952.2471315671983,3059.484367841035,2834.4160704767783
forecast_6143,2025-09-13 23:00:00,3311.6107940526376,3333.9883206967506,2385.0495966958365
forecast_6144,2025-09-14 00:00:00,3190.6821496857133,3052.1359554366322,2280.2089949615033
forecast_6145,2025-09-14 01:00:00,3833.1355144942117,3875.638083766997,3044.53493083999
forecast_6146,2025-09-14 02:00:00,3695.3729354583047,3508.82805991506,3439.737139584768
forecast_6147,2025-09-14 03:00:00,3470.487537669863,3556.7128490993614,2902.65768725334
forecast_6148,2025-09-14 04:00:00,3492.012780642425,3391.699632340328,2796.6260617962785
forecast_6149,2025-09-14 05:00:00,3506.7577344841634,3419.8051003960954,2907.509285760772
forecast_6150,2025-09-14 06:00:00,3641.2434004788693,3605.1766066911155,3025.89593298059
forecast_6151,2025-09-14 07:00:00,3902.8139522257156,3588.959015872001,3497.2669644696366
forecast_6152,2025-09-14 08:00:00,3930.3185803428764,3681.7769009303815,3557.903599730201
forecast_6153,2025-09-14 09:00:00,3840.6754776724442,3714.1256890006653,3533.447059450942
forecast_6154,2025-09-14 10:00:00,3728.7043849593706,3855.7545446682893,3595.564680324938
forecast_6155,2025-09-14 11:00:00,3850.390848399405,3757.367414580971,3281.0405558500443
forecast_6156,2025-09-14 12:00:00,3594.3838766976073,3438.347210944389,3299.0775605072463
forecast_6157,2025-09-14 13:00:00,3633.8585583516046,3565.5192291409785,3227.6683226597083
forecast_6158,2025-09-14 14:00:00,3793.040720003846,3623.9580423866078,3246.075655667995
forecast_6159,2025-09-14 15:00:00,3734.4239977152693,3638.219939725568,3313.969020435475
forecast_6160,2025-09-14 16:00:00,3928.4776493219597,3786.121288322283,3464.991664503515
forecast_6161,2025-09-14 17:00:00,4109.684139648445,3994.9527369630987,3548.1980425754077
forecast_6162,2025-09-14 18:00:00,5648.525136875041,5665.942653441163,4340.7615318114285
forecast_6163,2025-09-14 19:00:00,8344.311438681143,8334.811143899742,5760.067664387149
forecast_6164,2025-09-14 20:00:00,11078.375462520773,11005.54359078094,7471.015943613919
forecast_6165,2025-09-14 21:00:00,13897.721488368214,13911.538259094263,9085.747973590167
forecast_6166,2025-09-14 22:00:00,14935.830102209728,15931.088805746014,11884.304913825024
forecast_6167,2025-09-14 23:00:00,16221.914602563114,17142.39924031681,14500.929384030567
forecast_6168,2025-09-15 00:00:00,16855.95765251209,17708.457431412597,15455.249539835806
forecast_6169,2025-09-15 01:00:00,16999.891698626532,15936.985603084764,11850.642973660793
forecast_6170,2025-09-15 02:00:00,15949.154402000133,15650.748349117934,11443.75149744256
forecast_6171,2025-09-15 03:00:00,14194.903309460427,13759.318405706104,10296.930597284672
forecast_6172,2025-09-15 04:00:00,11683.115123049416,11835.884848954536,8965.012550048805
forecast_6173,2025-09-15 05:00:00,9899.49615105878,10204.410850054845,7534.883165260278
forecast_6174,2025-09-15 06:00:00,8819.538299368793,7232.28009032056,5985.533218091227
forecast_6175,2025-09-15 07:00:00,4795.3786249032755,4462.139663164144,4252.710419736011
forecast_6176,2025-09-15 08:00:00,4164.06091542936,3932.5422523319444,3745.0336090261394
forecast_6177,2025-09-15 09:00:00,3889.8401290089264,3765.9892351812305,3260.986246454935
forecast_6178,2025-09-15 10:00:00,3305.065599432639,3230.795454873191,2328.1656545839282
forecast_6179,2025-09-15 11:00:00,3636.7090840374703,3540.2749793817693,1724.0283464399265
forecast_6180,2025-09-15 12:00:00,3549.158802347893,4227.585627199979,2626.5220878294076
forecast_6181,2025-09-15 13:00:00,3992.1060716234747,4013.0543875080643,3937.403842184735
forecast_6182,2025-09-15 14:00:00,3624.7374822229635,3437.565724354537,4574.970885859549
forecast_6183,2025-09-15 15:00:00,6259.431316090809,5655.073428328605,4331.406849308236
forecast_6184,2025-09-15 16:00:00,3663.875229439373,3413.0689305708274,3148.1638921362764
forecast_6185,2025-09-15 17:00:00,3620.7752347364153,3571.2964222515725,3295.496147764694
forecast_6186,2025-09-15 18:00:00,4099.347076249703,3941.030407058014,3478.47148093084
forecast_6187,2025-09-15 19:00:00,5260.713664731232,5234.617427388909,3774.9694338546096
forecast_6188,2025-09-15 20:00:00,5852.377533504234,5869.553683726583,3935.6611790460042
forecast_6189,2025-09-15 21:00:00,6151.706970180959,6232.568192087767,4150.581489286637
forecast_6190,2025-09-15 22:00:00,6093.252847551697,6142.418238303391,3904.243111155888
forecast_6191,2025-09-15 23:00:00,6550.746896108385,6136.300764754048,3897.881420423101
forecast_6192,2025-09-16 00:00:00,6332.536004933873,6038.059074890948,3713.722817808566
forecast_6193,2025-09-16 01:00:00,9844.497546380118,9831.863000579537,6523.4721962796475
forecast_6194,2025-09-16 02:00:00,10329.100956317241,10496.52827871925,6744.604090672912
forecast_6195,2025-09-16 03:00:00,11553.259148160167,12155.148720837644,7817.354542989874
forecast_6196,2025-09-16 04:00:00,13600.033579343964,13336.047383182571,8385.14978812235
forecast_6197,2025-09-16 05:00:00,13927.728338951312,14352.606851302282,9243.68334466347
forecast_6198,2025-09-16 06:00:00,14922.717618822586,14981.125450361513,9636.700886976478
forecast_6199,2025-09-16 07:00:00,14041.984942494693,14387.811234423874,8628.613853734185
forecast_6200,2025-09-16 08:00:00,12579.338189776941,12567.061034443974,8288.167105409557
forecast_6201,2025-09-16 09:00:00,9881.945527592423,9968.583002062742,6428.816747754198
forecast_6202,2025-09-16 10:00:00,7618.58472941879,7822.1506890185,5060.572261188209
forecast_6203,2025-09-16 11:00:00,5512.011479605172,6048.753499827849,4585.743948211555
forecast_6204,2025-09-16 12:00:00,5550.295956707372,5431.177417241122,5097.056556092191
forecast_6205,2025-09-16 13:00:00,6022.7305647763515,5933.650624663267,5714.346378177861
forecast_6206,2025-09-16 14:00:00,7090.711014943044,7452.510427988366,5936.231378610475
forecast_6207,2025-09-16 15:00:00,8219.291994303929,8236.915491645039,6578.219424447832
forecast_6208,2025-09-16 16:00:00,8033.805238222586,8489.916095727263,6707.5293833433325
forecast_6209,2025-09-16 17:00:00,8098.8788153119685,9154.564773228145,6672.321791076573
forecast_6210,2025-09-16 18:00:00,8263.699344572186,9778.00793570066,6810.21460666217
forecast_6211,2025-09-16 19:00:00,10402.590775738014,11850.887364219187,8388.698169588584
forecast_6212,2025-09-16 20:00:00,12961.075608262176,13382.60404306498,10528.067044150092
forecast_6213,2025-09-16 21:00:00,13418.569299771198,14997.13786821027,10484.438221355336
forecast_6214,2025-09-16 22:00:00,12492.826310969245,13813.359024828504,10483.582316986256
forecast_6215,2025-09-16 23:00:00,11655.118928472057,12682.893214826625,10466.979434051544
forecast_6216,2025-09-17 00:00:00,11701.147745391416,12691.023261439786,10715.74073340518
forecast_6217,2025-09-17 01:00:00,16032.388015554208,18625.634362227713,17168.2345807964
forecast_6218,2025-09-17 02:00:00,16268.039376579223,18297.658132711615,17332.08108505332
forecast_6219,2025-09-17 03:00:00,16278.475545489731,18484.364591631926,17640.24376111559
forecast_6220,2025-09-17 04:00:00,15977.135453575409,17985.34102103413,17849.94325113236
forecast_6221,2025-09-17 05:00:00,15053.919326411402,16629.11188536328,17573.90215894661
forecast_6222,2025-09-17 06:00:00,13937.757944243844,15185.849649543909,16356.70855455597
forecast_6223,2025-09-17 07:00:00,13323.393105454134,13501.328535417922,11131.660522567601
forecast_6224,2025-09-17 08:00:00,10062.681438114303,10806.234210770408,9029.876034577817
forecast_6225,2025-09-17 09:00:00,7330.844073069014,8050.849871383385,6268.436500254239
forecast_6226,2025-09-17 10:00:00,5319.9838140166,5489.606543295022,4945.149312499357
forecast_6227,2025-09-17 11:00:00,3946.810335127762,3975.8522479019207,3852.651391947895
forecast_6228,2025-09-17 12:00:00,3442.273760870096,3417.8463183584167,3645.1454399825457
forecast_6229,2025-09-17 13:00:00,3405.0783619733697,3189.546838280137,3884.342823742304
forecast_6230,2025-09-17 14:00:00,3822.2203907614844,3883.1265598453183,3389.7057967858436
forecast_6231,2025-09-17 15:00:00,3736.477797261817,3896.9742102845307,3859.0378383889542
forecast_6232,2025-09-17 16:00:00,3721.960083871729,3869.469215995446,3810.91469033975
forecast_6233,2025-09-17 17:00:00,3745.023370604647,3802.9301642053715,3941.2952290451885
forecast_6234,2025-09-17 18:00:00,3784.516185316027,3669.0354234126003,3712.157604950596
forecast_6235,2025-09-17 19:00:00,3532.2806067378965,3656.836214633199,3658.343034832524
forecast_6236,2025-09-17 20:00:00,3540.6175676730477,3535.139626745338,3396.6533181282584
forecast_6237,2025-09-17 21:00:00,3807.27437288466,3686.6277173847966,3299.154028509334
forecast_6238,2025-09-17 22:00:00,3389.595147108441,3601.0150238551137,3299.4569265091295
forecast_6239,2025-09-17 23:00:00,3364.8243833201836,3455.174664963331,3090.0942282083283
forecast_6240,2025-09-18 00:00:00,3505.8393719004507,3514.1146088674036,3150.1345608930374
forecast_6241,2025-09-18 01:00:00,2721.1131743731753,3037.6388358027907,2990.872171635395
forecast_6242,2025-09-18 02:00:00,2640.9113560873166,3103.084194115489,3070.5971375362083
forecast_6243,2025-09-18 03:00:00,2722.731077611994,3077.40576257357,2771.7160963640767
forecast_6244,2025-09-18 04:00:00,2764.031357403526,3116.3352482310725,2428.5412091802855
forecast_6245,2025-09-18 05:00:00,3111.3816956037317,3326.718400956066,2767.670012921655
forecast_6246,2025-09-18 06:00:00,3631.931354122374,3920.6337684137006,3201.832337550529
forecast_6247,2025-09-18 07:00:00,3740.076774206165,4234.712788272893,3383.206072550836
forecast_6248,2025-09-18 08:00:00,3829.394898541328,4723.24711813867,3435.556687123099
forecast_6249,2025-09-18 09:00:00,3743.5913052315245,4363.962387964909,3498.648154480056
forecast_6250,2025-09-18 10:00:00,3721.335101505756,4091.861728974066,3560.442586870994
forecast_6251,2025-09-18 11:00:00,3414.7579337301127,3839.4983894065326,3197.076994580301
forecast_6252,2025-09-18 12:00:00,3530.2133991661085,3806.275344797373,3281.443378310922
forecast_6253,2025-09-18 13:00:00,3308.255683695071,3610.6706843036886,2901.2696851371684
forecast_6254,2025-09-18 14:00:00,3278.661620674845,3233.591901750077,2712.189578307198
forecast_6255,2025-09-18 15:00:00,3353.400236111146,3256.8061158338824,3230.97898640469
forecast_6256,2025-09-18 16:00:00,3204.8020596192996,3382.6676519420394,2885.4205019187666
forecast_6257,2025-09-18 17:00:00,3411.6710046464987,3329.335095709953,2781.0825687930515
forecast_6258,2025-09-18 18:00:00,3414.585607992978,3509.025901492057,3101.87466912125
forecast_6259,2025-09-18 19:00:00,3276.134628771593,3508.5941023201053,2816.7013280997694
forecast_6260,2025-09-18 20:00:00,3331.5609686230555,3630.189761786461,3127.4182925890423
forecast_6261,2025-09-18 21:00:00,3380.6822442995667,3543.2548248836843,2861.181818882478
forecast_6262,2025-09-18 22:00:00,3477.1562320610683,3649.1785260584834,2966.41532353727
forecast_6263,2025-09-18 23:00:00,3324.4163938539978,3778.983645039309,2860.2624219143136
forecast_6264,2025-09-19 00:00:00,3364.1462531210427,3663.1200302170023,2881.6233329116876
forecast_6265,2025-09-19 01:00:00,3373.325036626495,3620.7270385662036,2705.5112149595707
forecast_6266,2025-09-19 02:00:00,3152.535926089332,3491.458767033828,2797.267346047541
forecast_6267,2025-09-19 03:00:00,3020.3853579307984,3424.146228531113,2597.0122735936843
forecast_6268,2025-09-19 04:00:00,2935.800635100482,3389.9853497201284,2924.5579489411016
forecast_6269,2025-09-19 05:00:00,3128.7173277629977,3303.235220719512,2764.9585821151136
forecast_6270,2025-09-19 06:00:00,3188.1483740424537,3187.1943454632337,2736.660130585689
forecast_6271,2025-09-19 07:00:00,3144.788083472087,3185.9014159523413,2447.7304014745955
forecast_6272,2025-09-19 08:00:00,3005.998912267257,2984.3515010067626,1925.179334456443
forecast_6273,2025-09-19 09:00:00,3802.8534797866973,3258.432168478247,2239.7158613233087
forecast_6274,2025-09-19 10:00:00,3869.6250700049463,3417.624871273992,319.24738807630126
forecast_6275,2025-09-19 11:00:00,3455.67457252243,2968.4914100259475,231.74816152357758
forecast_6276,2025-09-19 12:00:00,3296.87133815128,2117.555135216089,163.43244673297542
forecast_6277,2025-09-19 13:00:00,1402.496120024035,176.3747235513805,104.80382820353188
forecast_6278,2025-09-19 14:00:00,128.13290106762415,117.83325297196006,65.57829005884764
forecast_6279,2025-09-19 15:00:00,93.772359766452,83.42687004651692,43.38034796219155
forecast_6280,2025-09-19 16:00:00,1842.101490454708,2808.1914729903588,1132.5895492175923
forecast_6281,2025-09-19 17:00:00,244.54769664253084,241.9102250743068,75.35865102273806
forecast_6282,2025-09-19 18:00:00,3035.6286956043377,3105.8795162778656,2852.70079018404
forecast_6283,2025-09-19 19:00:00,3575.3630601144523,3526.6144984553107,3209.000405196869
forecast_6284,2025-09-19 20:00:00,3810.170686177949,3774.252866926816,3330.3560828554773
forecast_6285,2025-09-19 21:00:00,3581.9838545960297,3822.3489756418508,3697.8348037259407
forecast_6286,2025-09-19 22:00:00,3643.294981228281,3856.398379284865,4200.160687076611
forecast_6287,2025-09-19 23:00:00,3905.8919176982317,4187.1375877608125,3542.9330112020857
forecast_6288,2025-09-20 00:00:00,4034.915569476811,4378.583241075034,3573.345542370176
forecast_6289,2025-09-20 01:00:00,5802.77225118649,6560.249725623647,3790.36561664171
forecast_6290,2025-09-20 02:00:00,5728.369972790783,6599.553802955192,3983.332711518541
forecast_6291,2025-09-20 03:00:00,5604.342017083722,6427.035141789117,3972.3189453168156
forecast_6292,2025-09-20 04:00:00,5201.9129507268035,5696.343254231463,3595.6452301595177
forecast_6293,2025-09-20 05:00:00,5496.328938304276,6213.520258343549,3805.57398566264
forecast_6294,2025-09-20 06:00:00,5444.14965828416,6001.266497896313,3793.212855573688
forecast_6295,2025-09-20 07:00:00,5360.465035571293,5530.565435895452,3822.033715804675
forecast_6296,2025-09-20 08:00:00,4066.6350510981692,4632.748134955128,3421.0800627343683
forecast_6297,2025-09-20 09:00:00,3598.653067631061,3682.7054705760174,3739.831186441542
forecast_6298,2025-09-20 10:00:00,3467.997131507165,3603.153203398908,3154.805184260739
forecast_6299,2025-09-20 11:00:00,3461.1185798471124,3729.5612950200816,2950.7195599824017
forecast_6300,2025-09-20 12:00:00,3597.7393825355834,3840.002840769739,3193.25823516516
forecast_6301,2025-09-20 13:00:00,3841.870159830496,3803.2810927539617,3390.7740278454803
forecast_6302,2025-09-20 14:00:00,3894.529055664439,4129.578272686198,3365.9942665293574
forecast_6303,2025-09-20 15:00:00,3591.8035003024074,3758.038929285909,3273.131348997502
forecast_6304,2025-09-20 16:00:00,3872.6855885978225,3970.0721237364373,3363.6077495119393
forecast_6305,2025-09-20 17:00:00,3609.1157442117815,3846.983344381679,3190.252358804159
forecast_6306,2025-09-20 18:00:00,3582.861079856036,3783.7433621968044,3131.1676890632107
forecast_6307,2025-09-20 19:00:00,3399.7476282146076,3471.3833851660247,3293.4978705118347
forecast_6308,2025-09-20 20:00:00,3441.3644303516535,3568.4156814205876,3299.211535850071
forecast_6309,2025-09-20 21:00:00,3642.151270410431,3799.344544410566,3352.743636146647
forecast_6310,2025-09-20 22:00:00,3612.321833597199,3696.0499552322926,3659.884823565319
forecast_6311,2025-09-20 23:00:00,3672.4504042927224,3758.7768160039154,3395.2794951290502
forecast_6312,2025-09-21 00:00:00,3706.375724662117,3865.8540264449357,3308.900390402756
forecast_6313,2025-09-21 01:00:00,3932.4457440601113,4437.816538144352,3738.702938889416
forecast_6314,2025-09-21 02:00:00,3881.6038865833316,4145.3668908708405,3740.0529762690653
forecast_6315,2025-09-21 03:00:00,3644.042920520784,3847.5296545078522,3675.179374728298
forecast_6316,2025-09-21 04:00:00,3656.760866830292,3668.5401731086636,3408.1911281934185
forecast_6317,2025-09-21 05:00:00,3583.1207541519443,3819.8973756805626,3372.7663175523694
forecast_6318,2025-09-21 06:00:00,3905.312958121981,4170.912779240503,3577.853961635825
forecast_6319,2025-09-21 07:00:00,3885.2118041430954,4212.361189154385,3626.561996546844
forecast_6320,2025-09-21 08:00:00,3807.6062755534435,3926.2143806516274,3537.3994869817234
forecast_6321,2025-09-21 09:00:00,3603.5971043708782,3982.5522781160425,3439.624038410062
forecast_6322,2025-09-21 10:00:00,3496.904890105254,3499.449107512987,3095.3442359548003
forecast_6323,2025-09-21 11:00:00,3698.1857756636937,3624.562577298889,3113.746106521958
forecast_6324,2025-09-21 12:00:00,3480.3691945614073,3749.3820022536393,3484.039272118206
forecast_6325,2025-09-21 13:00:00,3519.773496973277,3988.3253006174614,3482.5611766197426
forecast_6326,2025-09-21 14:00:00,3687.612918091831,3891.1344451448854,3294.895852556224
forecast_6327,2025-09-21 15:00:00,3471.639780000462,4111.1322656863495,3904.2911653458527
forecast_6328,2025-09-21 16:00:00,3724.3141590479954,3648.663498452735,3700.9500194597354
forecast_6329,2025-09-21 17:00:00,3105.388386653099,3430.6005562520277,3350.925174592629
forecast_6330,2025-09-21 18:00:00,3080.933684205886,3330.3433825973234,3025.486815813779
forecast_6331,2025-09-21 19:00:00,3297.5018055758983,3553.496954030222,3204.995122337312
forecast_6332,2025-09-21 20:00:00,3782.4368035453026,4011.9446482461262,3319.001440975106
forecast_6333,2025-09-21 21:00:00,4066.9258600613625,4641.680730109626,3462.1088048455117
forecast_6334,2025-09-21 22:00:00,4613.6860570316085,5519.137819525622,3627.5890668569637
forecast_6335,2025-09-21 23:00:00,4935.280149563045,5896.889097442103,3799.1297357072935
forecast_6336,2025-09-22 00:00:00,5084.531220927849,5915.960113515982,3806.9151375208385
forecast_6337,2025-09-22 01:00:00,4513.91903730659,4882.608618373358,3662.2724548573674
forecast_6338,2025-09-22 02:00:00,4947.085492094671,5336.097863374412,3760.3518693216756
forecast_6339,2025-09-22 03:00:00,4986.189473907901,5777.675077928106,3745.4803508022014
forecast_6340,2025-09-22 04:00:00,5215.8436199552,5787.818853578575,3783.744131662251
forecast_6341,2025-09-22 05:00:00,5183.644464604522,5905.945946834405,3778.278189610196
forecast_6342,2025-09-22 06:00:00,5384.094351885189,6214.660278003863,3778.0369233872025
forecast_6343,2025-09-22 07:00:00,5207.371066498467,6024.689482143162,3842.783074983838
forecast_6344,2025-09-22 08:00:00,4686.389468461916,5669.314744051848,3773.342884827752
forecast_6345,2025-09-22 09:00:00,4296.37286318145,5493.980026830316,3860.076428389488
forecast_6346,2025-09-22 10:00:00,4435.621280675507,5781.89211225502,3922.1669237819374
forecast_6347,2025-09-22 11:00:00,4126.940459697742,5273.3969981213595,3801.184225816418
forecast_6348,2025-09-22 12:00:00,4112.1735920351,4819.454155580325,3669.534357869319
forecast_6349,2025-09-22 13:00:00,3949.682175303489,4037.671493141444,3509.1095861378612
forecast_6350,2025-09-22 14:00:00,3875.030268849117,3816.9076108252057,3383.455996668975
forecast_6351,2025-09-22 15:00:00,3799.385914300237,3914.5673261774446,3426.1445994601954
forecast_6352,2025-09-22 16:00:00,3867.915805403643,3777.251860275152,3479.3851571828195
forecast_6353,2025-09-22 17:00:00,3755.0050614139973,3619.1336313223615,3408.380699557319
forecast_6354,2025-09-22 18:00:00,3449.169464728128,3545.1045524475685,3127.9273145353413
forecast_6355,2025-09-22 19:00:00,3419.4923623590425,3781.214941525024,3031.237270636188
forecast_6356,2025-09-22 20:00:00,3779.3298141808623,3826.2292743536113,3339.8799382361126
forecast_6357,2025-09-22 21:00:00,3702.3096827744253,4033.0257030340103,3369.9965379194173
forecast_6358,2025-09-22 22:00:00,3752.6970024827447,3847.9488545279482,3347.3823565823327
forecast_6359,2025-09-22 23:00:00,3476.426830737258,3527.2858618163095,3339.9815936302844
forecast_6360,2025-09-23 00:00:00,3457.653687093164,3603.0580289958452,3157.2863772751266
forecast_6361,2025-09-23 01:00:00,3028.5614594526955,3121.1099687261453,2433.0358742982007
forecast_6362,2025-09-23 02:00:00,2993.0490983746276,3048.005079171418,2579.5391345868916
forecast_6363,2025-09-23 03:00:00,3197.992867034156,3206.8662542440065,2653.2932023027033
forecast_6364,2025-09-23 04:00:00,3065.1179482400375,3242.7988221914693,2585.9314312498245
forecast_6365,2025-09-23 05:00:00,3176.9640866694604,3272.3243023741497,2880.5697189672414
forecast_6366,2025-09-23 06:00:00,3292.2583268343456,3381.0817968525835,2782.1554241372837
forecast_6367,2025-09-23 07:00:00,3366.884092834845,3466.9471334473515,2612.729146033829
forecast_6368,2025-09-23 08:00:00,3362.323419775899,3446.154854536623,3010.7844983326963
forecast_6369,2025-09-23 09:00:00,3099.6294625028895,3393.3761810421784,2762.382277008178
forecast_6370,2025-09-23 10:00:00,3216.3884059126367,3329.952671921267,2779.1835257540274
forecast_6371,2025-09-23 11:00:00,3211.5299295811183,3305.5452873276795,3074.2769726282886
forecast_6372,2025-09-23 12:00:00,3461.2901033827143,3401.273651782271,3624.7547191984463
forecast_6373,2025-09-23 13:00:00,3623.9637115356204,3612.7965544205827,3599.49258814204
forecast_6374,2025-09-23 14:00:00,3280.1279655478224,3893.9340208812955,3366.0746112863385
forecast_6375,2025-09-23 15:00:00,3335.836921347964,4073.2339891421184,3645.167203120297
forecast_6376,2025-09-23 16:00:00,3331.4997613938076,3841.5101697831165,3408.8041419022366
forecast_6377,2025-09-23 17:00:00,3412.1312370128085,4001.245800173134,3190.91616105195
forecast_6378,2025-09-23 18:00:00,3376.646308922043,3605.8603592947597,2599.715681904085
forecast_6379,2025-09-23 19:00:00,3264.667989410094,3252.3610230090726,2623.9295047906835
forecast_6380,2025-09-23 20:00:00,3464.8533428198084,3411.0154154743595,3027.065266218435
forecast_6381,2025-09-23 21:00:00,3790.357282545981,3662.576764568645,3108.5756806210484
forecast_6382,2025-09-23 22:00:00,3608.0840582430255,3547.81661620688,3412.5525890073773
forecast_6383,2025-09-23 23:00:00,3647.6816814304902,3489.5209132794776,3662.67769177502
forecast_6384,2025-09-24 00:00:00,3559.654522142673,3496.7309418950813,3536.3266484620376
forecast_6385,2025-09-24 01:00:00,3728.7411133292076,3666.9482413423393,3809.04725568095
forecast_6386,2025-09-24 02:00:00,3761.485917789046,3649.991280507149,3935.8690109809113
forecast_6387,2025-09-24 03:00:00,4121.105860415043,3864.4968022716585,3567.601236650385
forecast_6388,2025-09-24 04:00:00,4665.950350206898,4588.823887205799,3883.867200320461
forecast_6389,2025-09-24 05:00:00,4642.029403451128,5422.814704404257,3847.9771262316726
forecast_6390,2025-09-24 06:00:00,5145.924248103655,5434.069384783382,3825.0014389175476
forecast_6391,2025-09-24 07:00:00,5148.112819965247,4727.427247640249,3819.462200605646
forecast_6392,2025-09-24 08:00:00,4938.997127836339,4705.570502882692,3896.143865804709
forecast_6393,2025-09-24 09:00:00,5018.314640114092,6552.560222024312,4076.1422152949804
forecast_6394,2025-09-24 10:00:00,5276.8030531113845,6590.504072453277,4897.039533463524
forecast_6395,2025-09-24 11:00:00,6284.608664535204,8180.789629019705,6209.147333173479
forecast_6396,2025-09-24 12:00:00,7147.67497168339,9185.586783582894,7608.446995779013
forecast_6397,2025-09-24 13:00:00,9002.139793604087,10478.41229688658,9599.763229163738
forecast_6398,2025-09-24 14:00:00,9990.216613442451,11360.402933251195,9847.533578805218
forecast_6399,2025-09-24 15:00:00,10940.292818580234,11708.038545616884,9398.421233694135
forecast_6400,2025-09-24 16:00:00,9463.167483439142,11288.985446406692,8362.762530522503
forecast_6401,2025-09-24 17:00:00,9428.420399286344,11240.099688765875,7799.709482071559
forecast_6402,2025-09-24 18:00:00,10427.223359692007,11698.730583538336,8407.783795626327
forecast_6403,2025-09-24 19:00:00,11817.125882476412,14536.259232443374,10227.16360469966
forecast_6404,2025-09-24 20:00:00,12316.05505536307,14954.664454737553,12480.819354720357
forecast_6405,2025-09-24 21:00:00,13988.193641035752,16859.311967042235,15005.444550722645
forecast_6406,2025-09-24 22:00:00,14780.753414900242,17695.293806283844,16032.26272920774
forecast_6407,2025-09-24 23:00:00,15077.389851029677,18061.379142716676,16725.03034661653
forecast_6408,2025-09-25 00:00:00,15043.238052022558,18073.134412635765,16885.152028022585
forecast_6409,2025-09-25 01:00:00,17003.338654587544,18916.995304854354,17151.52981860185
forecast_6410,2025-09-25 02:00:00,16410.25791941681,18304.852842556636,17051.65557728036
forecast_6411,2025-09-25 03:00:00,15970.26594671362,18067.928111017125,16541.213370786878
forecast_6412,2025-09-25 04:00:00,14694.014698401292,16956.207317718003,15498.881674202807
forecast_6413,2025-09-25 05:00:00,13890.533794951854,15645.220963922422,14691.966762576569
forecast_6414,2025-09-25 06:00:00,13558.387748335796,15013.250143658775,13340.332525495405
forecast_6415,2025-09-25 07:00:00,13323.963085169626,14880.314358695256,13191.52414658575
forecast_6416,2025-09-25 08:00:00,13585.917909939193,15086.079936388698,12242.90501260364
forecast_6417,2025-09-25 09:00:00,13440.596496563165,15312.421935565186,12587.891645764106
forecast_6418,2025-09-25 10:00:00,13553.464463720293,15431.695860908143,12523.561490784505
forecast_6419,2025-09-25 11:00:00,13232.260417125244,15165.236058281573,13657.544154664049
forecast_6420,2025-09-25 12:00:00,13186.45376091857,14751.787230351516,13633.227638490041
forecast_6421,2025-09-25 13:00:00,13305.58843927033,13895.097528536706,13739.95940508696
forecast_6422,2025-09-25 14:00:00,11904.74676764481,13209.47157239072,13056.177733068016
forecast_6423,2025-09-25 15:00:00,11546.07090398066,13267.098563936654,10662.029971317255
forecast_6424,2025-09-25 16:00:00,11768.776916600882,13724.411148137815,11497.398155865218
forecast_6425,2025-09-25 17:00:00,11308.428641574874,14201.678876843247,11351.894733672652
forecast_6426,2025-09-25 18:00:00,12036.602132971308,13354.085777030601,12926.685820139643
forecast_6427,2025-09-25 19:00:00,13494.41002110025,14323.59295214593,13100.374760553539
forecast_6428,2025-09-25 20:00:00,14703.663723307756,15380.139711204081,12903.241477332722
forecast_6429,2025-09-25 21:00:00,16574.534744282155,16758.348353128174,12362.897976482363
forecast_6430,2025-09-25 22:00:00,18640.230829857417,18378.192633527873,11824.535248022383
forecast_6431,2025-09-25 23:00:00,18552.43688364582,18269.389124996564,10339.376438282932
forecast_6432,2025-09-26 00:00:00,18372.85270744627,17899.176345856886,9951.444427170753
forecast_6433,2025-09-26 01:00:00,12340.597950001877,12226.31291488305,7317.363008261183
forecast_6434,2025-09-26 02:00:00,11837.62493771374,12599.534153165347,7138.410966100502
forecast_6435,2025-09-26 03:00:00,11461.896898018558,11349.119407035034,6020.422292070029
forecast_6436,2025-09-26 04:00:00,8368.644490760895,9109.63225152782,4507.839773359634
forecast_6437,2025-09-26 05:00:00,8065.61053335098,6145.274975619572,3771.8412121645088
forecast_6438,2025-09-26 06:00:00,4994.084833801363,4241.256185159322,3411.8936320372723
forecast_6439,2025-09-26 07:00:00,3737.2654677490177,3590.1135248788582,3068.0641324343333
forecast_6440,2025-09-26 08:00:00,3147.7269952385973,3146.4457405411526,2448.8386509737174
forecast_6441,2025-09-26 09:00:00,1943.9583751250113,2407.826143379317,56.32999897355532
forecast_6442,2025-09-26 10:00:00,3844.758739914229,3244.2127825046023,31.315839467152788
forecast_6443,2025-09-26 11:00:00,3282.4502097073205,2629.314985603382,26.95121510498516
forecast_6444,2025-09-26 12:00:00,2882.101385185144,1334.6709313980352,26.643942111147727
forecast_6445,2025-09-26 13:00:00,1963.6538195187325,14.924730683184867,17.876777835139006
forecast_6446,2025-09-26 14:00:00,1971.2202867881897,1182.2725263216637,27.611438861333895
forecast_6447,2025-09-26 15:00:00,1979.4489747962614,1174.2568448386114,35.84257448811673
forecast_6448,2025-09-26 16:00:00,2903.17950344055,2252.8953802734954,41.56451145264088
forecast_6449,2025-09-26 17:00:00,3122.27753575996,3076.296766691912,44.79998075766571
forecast_6450,2025-09-26 18:00:00,2595.9606012792733,2791.4878040986387,56.44189523700429
forecast_6451,2025-09-26 19:00:00,2595.7376242642576,3014.621901664557,55.73790916841051
forecast_6452,2025-09-26 20:00:00,3065.6387334697565,3393.7948927480443,43.15839761619426
forecast_6453,2025-09-26 21:00:00,3238.588747847532,3870.40203412471,1295.570781128779
forecast_6454,2025-09-26 22:00:00,3594.5688147482665,4506.808051814164,2224.0664657336138
forecast_6455,2025-09-26 23:00:00,3206.082806601834,3063.7257825128604,2121.5815218134844
forecast_6456,2025-09-27 00:00:00,3344.586347775227,3685.217912447065,1372.5685811707474
forecast_6457,2025-09-27 01:00:00,3465.658349670064,3667.369071217945,1153.995346718661
forecast_6458,2025-09-27 02:00:00,3017.8406330198545,3311.70777637679,1077.688288067912
forecast_6459,2025-09-27 03:00:00,2852.6340745042785,3423.8590985587084,1192.6826662332564
forecast_6460,2025-09-27 04:00:00,3442.332662573913,3414.2284559208224,1393.1262052998288
forecast_6461,2025-09-27 05:00:00,3276.734868507821,3427.489812109474,924.0130882489887
forecast_6462,2025-09-27 06:00:00,3215.783145384886,3226.5369906267415,984.3518846825668
forecast_6463,2025-09-27 07:00:00,3354.8146943251754,3639.3396714312066,2901.9688941706027
forecast_6464,2025-09-27 08:00:00,3201.564372571639,2937.627691175063,2272.874268417007
forecast_6465,2025-09-27 09:00:00,3585.024941898541,3434.420555364348,2641.1511696447983
forecast_6466,2025-09-27 10:00:00,3391.3337707938044,3217.092351665726,1284.521872978908
forecast_6467,2025-09-27 11:00:00,3414.4927124884593,3018.2519164565206,185.43577667861962
forecast_6468,2025-09-27 12:00:00,4289.576995282027,5111.64281621944,2381.68974937778
forecast_6469,2025-09-27 13:00:00,2734.1609792418326,5741.438386119344,2459.036067313338
forecast_6470,2025-09-27 14:00:00,2726.7185761092182,3943.11709054009,4106.892535317745
forecast_6471,2025-09-27 15:00:00,5564.611369262245,4538.986702855063,4778.161019164902
forecast_6472,2025-09-27 16:00:00,5163.383531089437,4508.677281486873,4783.573156686452
forecast_6473,2025-09-27 17:00:00,5669.662503100789,4548.9864486375845,3690.0517321593697
forecast_6474,2025-09-27 18:00:00,3628.80118303673,2747.263414219349,3954.609659821343
forecast_6475,2025-09-27 19:00:00,3431.1370356351185,3123.2497323709154,4418.703285957566
forecast_6476,2025-09-27 20:00:00,3167.911853271559,3068.250928960943,5795.805802404356
forecast_6477,2025-09-27 21:00:00,3405.973835865966,3125.3501250167437,4946.51904648635
forecast_6478,2025-09-27 22:00:00,3721.6853597088298,3369.4900210900832,3512.3173970364714
forecast_6479,2025-09-27 23:00:00,3861.549063726262,3332.755256465256,3505.5919502267493
forecast_6480,2025-09-28 00:00:00,3758.931128813959,3399.6223384875443,3531.5469771861217
forecast_6481,2025-09-28 01:00:00,4833.092709058638,4765.67780604759,3727.8712859381976
forecast_6482,2025-09-28 02:00:00,4642.889799737603,5136.894319191247,3789.570596151273
forecast_6483,2025-09-28 03:00:00,4989.915959338641,5780.89110784764,3831.862490458225
forecast_6484,2025-09-28 04:00:00,4942.751874992953,5317.192922479579,3707.8314334165857
forecast_6485,2025-09-28 05:00:00,4897.437513462864,5205.205097390951,3774.5588400773063
forecast_6486,2025-09-28 06:00:00,4166.34527470721,4448.899309555186,3683.0320276324246
forecast_6487,2025-09-28 07:00:00,4459.8508557776595,4556.078360047652,3518.8383654370627
forecast_6488,2025-09-28 08:00:00,5017.2509244150115,4442.138105345129,3405.9497611277047
forecast_6489,2025-09-28 09:00:00,4573.168517164823,4402.1807437943535,3735.566125241973
forecast_6490,2025-09-28 10:00:00,5399.20478629056,4792.751240347848,3822.488668495705
forecast_6491,2025-09-28 11:00:00,4900.933912429008,4924.935786081355,3818.914585925893
forecast_6492,2025-09-28 12:00:00,4035.0708516929985,4216.036543386124,3657.4701714368634
forecast_6493,2025-09-28 13:00:00,4312.512625173295,4281.860003313395,3537.345136325077
forecast_6494,2025-09-28 14:00:00,4023.131372395788,4184.384466334058,3470.378274511728
forecast_6495,2025-09-28 15:00:00,4710.512812371843,5203.710273703874,3726.568238251452
forecast_6496,2025-09-28 16:00:00,4516.342571900741,4903.935190255113,3772.6894789286316
forecast_6497,2025-09-28 17:00:00,5369.665149712569,5435.874913390903,3772.86657335348
forecast_6498,2025-09-28 18:00:00,4788.259602971593,4910.876816664658,3770.597400052595
forecast_6499,2025-09-28 19:00:00,5334.86889905537,4957.090877223702,3834.544447686873
forecast_6500,2025-09-28 20:00:00,4922.17784613463,6557.662376894868,3905.4421695770966
forecast_6501,2025-09-28 21:00:00,6763.8645285887205,6333.367726662957,4305.721957113031
forecast_6502,2025-09-28 22:00:00,7217.915683274103,6736.690626609183,4176.9232349748945
forecast_6503,2025-09-28 23:00:00,7657.938115114468,6851.375569675675,4589.7322487129395
forecast_6504,2025-09-29 00:00:00,7373.406103838085,6626.101790272718,4432.414989800052
forecast_6505,2025-09-29 01:00:00,5185.8621652791835,4951.360949959799,3643.335518919598
forecast_6506,2025-09-29 02:00:00,5451.315827269831,4767.548117866939,3623.1332049258604
forecast_6507,2025-09-29 03:00:00,5517.331873955337,4918.063845049657,3671.889126186514
forecast_6508,2025-09-29 04:00:00,5687.985651480828,5589.71755868795,3741.215556178845
forecast_6509,2025-09-29 05:00:00,4509.337153581713,4065.982578702608,3713.06941530904
forecast_6510,2025-09-29 06:00:00,4546.630467143768,4128.244885017575,4424.427027062275
forecast_6511,2025-09-29 07:00:00,4273.060838568434,4363.3742939998065,3606.8276970460497
forecast_6512,2025-09-29 08:00:00,3676.710657546257,3391.627470930482,3049.3045751557042
forecast_6513,2025-09-29 09:00:00,2671.4613003616096,2735.244796216092,3987.8059235645283
forecast_6514,2025-09-29 10:00:00,3478.108447770849,3006.7321079598073,74.40506067728433
forecast_6515,2025-09-29 11:00:00,3402.01136759949,2901.1268561846596,34.20717711807739
forecast_6516,2025-09-29 12:00:00,3664.1357615603024,3361.324304988352,28.12228224589012
forecast_6517,2025-09-29 13:00:00,2868.9156285959534,2056.10762417624,23.871611389533477
forecast_6518,2025-09-29 14:00:00,1561.6105466910885,100.83024794100196,72.28038732492774
forecast_6519,2025-09-29 15:00:00,2782.911058178447,2032.3163976491664,125.50149548905534
forecast_6520,2025-09-29 16:00:00,2848.256994646818,2145.624521164047,123.8690553878142
forecast_6521,2025-09-29 17:00:00,3174.086152270043,2040.6293783804865,71.33219123821894
forecast_6522,2025-09-29 18:00:00,2848.0245900759232,3733.902701681135,1125.3585472227605
forecast_6523,2025-09-29 19:00:00,3628.0702837741724,4066.6763820283763,1113.0808959608305
forecast_6524,2025-09-29 20:00:00,3326.064143030629,4193.952380252994,4324.846282037758
forecast_6525,2025-09-29 21:00:00,5432.682521955401,4890.645401142848,3452.7286564395235
forecast_6526,2025-09-29 22:00:00,3606.9958372310416,3727.812269800101,4052.3163342337616
forecast_6527,2025-09-29 23:00:00,3645.9524431955524,3650.290287072816,3261.1396036879332
forecast_6528,2025-09-30 00:00:00,3778.4040466815622,3778.1557488903413,3100.002223100686
forecast_6529,2025-09-30 01:00:00,3972.881492250624,3641.2938477823786,3382.2091151994146
forecast_6530,2025-09-30 02:00:00,3795.7888845978437,3783.5167437571104,3242.631724427162
forecast_6531,2025-09-30 03:00:00,3959.7337750501733,3871.090991550535,3266.5011433748496
forecast_6532,2025-09-30 04:00:00,3995.2324137257765,3968.2739997762765,3374.4002147689516
forecast_6533,2025-09-30 05:00:00,3807.730716759027,3878.479148494452,3354.0135261946734
forecast_6534,2025-09-30 06:00:00,3744.735944294874,3795.1114578892807,3264.9076136666513
forecast_6535,2025-09-30 07:00:00,3719.5903328914314,3709.3600474366685,3195.6626574733373
forecast_6536,2025-09-30 08:00:00,3657.9390179128377,3676.9385294127687,3353.935090255342
forecast_6537,2025-09-30 09:00:00,3528.433601726968,3400.757810490182,2862.863522117636
forecast_6538,2025-09-30 10:00:00,3925.6799933439916,4089.4831282542,1754.2237942907218
forecast_6539,2025-09-30 11:00:00,3668.5217417182644,3864.041554423006,3490.709920299472
forecast_6540,2025-09-30 12:00:00,3373.1146970101695,3433.815567446409,3408.993044379694
forecast_6541,2025-09-30 13:00:00,2976.7316759691894,3029.4654604975935,3055.8749129158346
forecast_6542,2025-09-30 14:00:00,2871.786222004124,3044.7281656795685,3396.6775329376405
forecast_6543,2025-09-30 15:00:00,3295.0637195478657,3102.082846715533,3086.513817161545
forecast_6544,2025-09-30 16:00:00,3787.072024879612,3540.2236795275126,3301.541731951911
forecast_6545,2025-09-30 17:00:00,4264.340189674967,3907.699258815882,3657.6657975543617
forecast_6546,2025-09-30 18:00:00,4400.047789338299,4633.576043640674,4228.181039810737
forecast_6547,2025-09-30 19:00:00,3952.5840757042274,3730.025220581184,3755.89441922965
forecast_6548,2025-09-30 20:00:00,4208.9883333370335,3974.868679722836,3548.5193074908934
forecast_6549,2025-09-30 21:00:00,5066.601960261207,4783.592938585867,3764.778040778849
forecast_6550,2025-09-30 22:00:00,5431.3956893946315,5024.355105796142,3732.2908086605144
forecast_6551,2025-09-30 23:00:00,5822.94025192216,4979.426170332993,4080.855988223017
forecast_6552,2025-10-01 00:00:00,5905.581271694994,5749.048129399066,4276.395933978481
forecast_6553,2025-10-01 01:00:00,8572.690177884066,8201.6657705728,5718.7470256086635
forecast_6554,2025-10-01 02:00:00,8679.652646525503,8210.579586436412,5804.219675895338
forecast_6555,2025-10-01 03:00:00,9315.660917677476,8945.953166495361,6295.981360996706
forecast_6556,2025-10-01 04:00:00,8920.675188470217,8908.415018514683,6173.920998354254
forecast_6557,2025-10-01 05:00:00,8468.634035855883,8292.719964114245,5863.824541792774
forecast_6558,2025-10-01 06:00:00,7592.403545653198,7596.9495970909575,5165.536261560171
forecast_6559,2025-10-01 07:00:00,6426.66919619337,5986.613427305417,3974.471151847919
forecast_6560,2025-10-01 08:00:00,4298.2898794628445,4260.900362901617,3625.8315472760805
forecast_6561,2025-10-01 09:00:00,3797.4188344196423,3790.884921270054,3594.9071608156673
forecast_6562,2025-10-01 10:00:00,3891.55625454291,3849.6638744725883,3301.573065683209
forecast_6563,2025-10-01 11:00:00,3564.357610064095,3344.342855559904,2727.780711223669
forecast_6564,2025-10-01 12:00:00,2771.26928708412,2600.5548040318367,2973.9359266590486
forecast_6565,2025-10-01 13:00:00,3331.133795600281,3065.2095957507263,3348.4649471823504
forecast_6566,2025-10-01 14:00:00,3571.4288270341626,3192.6383946580822,3247.165705453754
forecast_6567,2025-10-01 15:00:00,3583.884074473223,3216.5681499577063,2971.2778707638345
forecast_6568,2025-10-01 16:00:00,3705.152415846394,3721.798008292989,3326.9319625866356
forecast_6569,2025-10-01 17:00:00,4020.6025284993043,4011.4626148746806,3442.0411484604833
forecast_6570,2025-10-01 18:00:00,3834.3304043127814,3753.7646190424994,3811.5862673270517
forecast_6571,2025-10-01 19:00:00,4531.618782578046,5061.568624642094,3788.8704828125974
forecast_6572,2025-10-01 20:00:00,6971.273509068527,7170.7439996464045,4383.982025387674
forecast_6573,2025-10-01 21:00:00,7772.725796917027,7836.896774010945,4571.885301796881
forecast_6574,2025-10-01 22:00:00,7847.4102279907665,7939.296289777576,4518.45699322427
forecast_6575,2025-10-01 23:00:00,7357.36809816816,7808.619890819038,4555.689233575141
forecast_6576,2025-10-02 00:00:00,7712.4750525237305,7506.738909253869,4423.755841914457
forecast_6577,2025-10-02 01:00:00,7355.7506117634075,7146.989932264599,4143.133677854875
forecast_6578,2025-10-02 02:00:00,6933.1018349183005,6805.627561753204,3925.5726776564848
forecast_6579,2025-10-02 03:00:00,5405.023748004209,5045.637350295827,3497.9221723639957
forecast_6580,2025-10-02 04:00:00,4505.681665922589,4133.828017831358,3764.049800359707
forecast_6581,2025-10-02 05:00:00,4072.8594696702144,3967.132544818868,3510.1959203366773
forecast_6582,2025-10-02 06:00:00,3663.0545762369306,3624.5503331749014,3737.725534065963
forecast_6583,2025-10-02 07:00:00,3944.628986333854,3785.256425619916,3312.678384642627
forecast_6584,2025-10-02 08:00:00,3535.8030425417396,3434.293497151843,3144.376580513954
forecast_6585,2025-10-02 09:00:00,2925.874552712387,3103.2173741322454,2282.3188453041953
forecast_6586,2025-10-02 10:00:00,1291.6941446333806,2157.153659101777,47.41498669626561
forecast_6587,2025-10-02 11:00:00,3438.361941258219,3277.959175124298,0.0
forecast_6588,2025-10-02 12:00:00,3714.971562702328,2946.142602401705,0.036111798492705224
forecast_6589,2025-10-02 13:00:00,4189.572428696379,2633.635515398117,7.368466543106445
forecast_6590,2025-10-02 14:00:00,30.431406050814978,41.74410620550787,776.7864850821169
forecast_6591,2025-10-02 15:00:00,46.944312343488185,55.90930206499845,48.83100940309977
forecast_6592,2025-10-02 16:00:00,52.52366454400223,53.444114918243734,42.612838058847686
forecast_6593,2025-10-02 17:00:00,57.378854600282274,1227.3376034164758,29.02231520826995
forecast_6594,2025-10-02 18:00:00,4028.010575688316,4523.452126711717,1119.5083914045028
forecast_6595,2025-10-02 19:00:00,3445.704285149068,3830.837612137598,1084.7044029679719
forecast_6596,2025-10-02 20:00:00,3937.645794562505,4934.402123597649,1127.0598714937275
forecast_6597,2025-10-02 21:00:00,4117.518433751205,5301.685412784646,2146.957735133005
forecast_6598,2025-10-02 22:00:00,3677.906384201207,4389.795282181713,2268.076960497773
forecast_6599,2025-10-02 23:00:00,3617.4227615539303,3751.7193787400547,1201.9749033541198
forecast_6600,2025-10-03 00:00:00,3159.169356773366,3023.56451556112,149.1757332883176
forecast_6601,2025-10-03 01:00:00,3533.812738544431,3522.3595878117644,3094.2077247976345
forecast_6602,2025-10-03 02:00:00,3495.348357692255,3451.4521660785567,3186.765483304423
forecast_6603,2025-10-03 03:00:00,3498.243513334374,3520.0852089656305,2815.5344710694117
forecast_6604,2025-10-03 04:00:00,3506.0119380972433,3543.6445836457465,2869.87591481881
forecast_6605,2025-10-03 05:00:00,3352.058981933986,3648.5283781288545,2852.97049659601
forecast_6606,2025-10-03 06:00:00,3416.5271758545646,3520.0566955710087,3361.0360422277886
forecast_6607,2025-10-03 07:00:00,3513.68009539534,3834.626562430937,3320.96305541952
forecast_6608,2025-10-03 08:00:00,3911.960010004024,4090.673399925523,3341.9883574124888
forecast_6609,2025-10-03 09:00:00,4077.5016829442916,4514.229520969262,3327.0827011349124
forecast_6610,2025-10-03 10:00:00,4054.9177730501447,4593.371515533614,3634.731720842442
forecast_6611,2025-10-03 11:00:00,3944.2661473733,4673.854588276996,3724.9516821895418
forecast_6612,2025-10-03 12:00:00,3965.5604593353546,4545.7360836762655,3748.2121536228656
forecast_6613,2025-10-03 13:00:00,3675.1337826221397,4067.2378837371116,3612.5820896255655
forecast_6614,2025-10-03 14:00:00,3531.2110018176395,3639.5200812240564,3326.4788735636603
forecast_6615,2025-10-03 15:00:00,3725.992413446332,3618.1821920823977,3434.2212659001716
forecast_6616,2025-10-03 16:00:00,3797.6804048296794,3892.7801798582473,3659.2460093204904
forecast_6617,2025-10-03 17:00:00,4039.074153334542,4137.2758725927215,3680.059204518006
forecast_6618,2025-10-03 18:00:00,4260.493027092316,4586.325895499308,3755.696695575505
forecast_6619,2025-10-03 19:00:00,4969.553061691147,4875.791976976845,3744.114358626565
forecast_6620,2025-10-03 20:00:00,4954.759606926787,5079.946587288819,3713.5175854541876
forecast_6621,2025-10-03 21:00:00,4227.279163789367,4616.701484395673,3716.433479867534
forecast_6622,2025-10-03 22:00:00,3920.4596454544153,3968.110164349606,3707.1077021545334
forecast_6623,2025-10-03 23:00:00,3915.4138072362666,3936.7106770815726,3539.303367200302
forecast_6624,2025-10-04 00:00:00,3826.993549489104,3977.152053142519,3295.6286713504765
forecast_6625,2025-10-04 01:00:00,3624.3791252936285,3715.1839644346514,3726.76001459513
forecast_6626,2025-10-04 02:00:00,3480.8807562835987,3664.8894316723986,3598.8484696770947
forecast_6627,2025-10-04 03:00:00,3812.0460990670535,3802.8599926464317,3315.807543513129
forecast_6628,2025-10-04 04:00:00,3552.4212676505294,3633.2685130518366,3079.5969754958396
forecast_6629,2025-10-04 05:00:00,3700.332684931892,3776.623788781804,2923.5420550471413
forecast_6630,2025-10-04 06:00:00,3499.5416972317607,3634.8344335670677,2791.7584455861197
forecast_6631,2025-10-04 07:00:00,3250.0197347417406,3552.7611421112897,2737.0190331441163
forecast_6632,2025-10-04 08:00:00,3130.832533942453,3451.1640905860136,2717.424761890125
forecast_6633,2025-10-04 09:00:00,3316.883178134376,3187.964161316899,2476.2932123022465
forecast_6634,2025-10-04 10:00:00,2629.831714210525,3084.0214848895876,2708.0966053029947
forecast_6635,2025-10-04 11:00:00,2623.0823388445187,3358.087440187736,2553.476032153746
forecast_6636,2025-10-04 12:00:00,2961.290201891485,3211.631959403925,2618.0750306296727
forecast_6637,2025-10-04 13:00:00,3099.7654831704717,3131.7866554422376,2796.6616315777305
forecast_6638,2025-10-04 14:00:00,3558.3100663956225,3381.6329327159924,3074.1473691092224
forecast_6639,2025-10-04 15:00:00,3265.8305317510085,3382.2501335650613,2603.19121113093
forecast_6640,2025-10-04 16:00:00,3547.6301288120308,3481.0374431545456,2813.7845510600896
forecast_6641,2025-10-04 17:00:00,3629.235924144465,3619.3032754505266,3133.2713427465997
forecast_6642,2025-10-04 18:00:00,3380.302186494977,3777.910348975504,3206.895238823157
forecast_6643,2025-10-04 19:00:00,3421.5706381017835,3608.6152024133257,3463.897801067846
forecast_6644,2025-10-04 20:00:00,3346.0773134328765,3532.419024005737,3153.439064558322
forecast_6645,2025-10-04 21:00:00,2608.578411024782,3338.241923233887,2888.9660815055704
forecast_6646,2025-10-04 22:00:00,4036.126745344799,4037.6692847835066,2037.3812646196677
forecast_6647,2025-10-04 23:00:00,3938.7824975411922,3492.8699313702004,2861.3583539791475
forecast_6648,2025-10-05 00:00:00,3654.1268263750258,3301.8664678555597,121.64949235372048
forecast_6649,2025-10-05 01:00:00,3267.2339024908483,2958.2533111158073,3352.9706966236
forecast_6650,2025-10-05 02:00:00,3248.1833080385263,3001.4894610971114,3437.408150857152
forecast_6651,2025-10-05 03:00:00,3297.352194788847,2896.613102301171,3269.932723734628
forecast_6652,2025-10-05 04:00:00,2991.7037697780593,2643.972743244455,83.60315245983001
forecast_6653,2025-10-05 05:00:00,3286.43142813346,3160.7735741000943,768.1312723696376
forecast_6654,2025-10-05 06:00:00,3446.8580238155137,3389.595426321643,29.29374773216222
forecast_6655,2025-10-05 07:00:00,4302.939908722807,3074.784220356235,31.83731257562371
forecast_6656,2025-10-05 08:00:00,3451.981336906951,3375.83458418802,34.99895894679539
forecast_6657,2025-10-05 09:00:00,3574.543019245598,3496.1156657864462,28.626877458390986
forecast_6658,2025-10-05 10:00:00,3567.1728314390066,3372.414159473769,23.957743598089476
forecast_6659,2025-10-05 11:00:00,3466.564628644313,4132.846599985777,12.725595373957425
forecast_6660,2025-10-05 12:00:00,3507.8854670599444,3089.062106434072,9.701020202165099
forecast_6661,2025-10-05 13:00:00,3646.2500808473187,2836.311383921644,10.93617028474771
forecast_6662,2025-10-05 14:00:00,2605.1430850297315,2503.723263124036,8.197195455171721
forecast_6663,2025-10-05 15:00:00,2284.6223249638815,2719.414045238271,1325.830276075081
forecast_6664,2025-10-05 16:00:00,2333.3393643337263,2304.0885599912117,43.43434089920067
forecast_6665,2025-10-05 17:00:00,2277.7684869867203,2146.017794059697,80.32457892411661
forecast_6666,2025-10-05 18:00:00,3188.8858963933667,3464.2445310122143,2953.6165292788182
forecast_6667,2025-10-05 19:00:00,3307.7069988391017,3382.893607292478,3325.0560708241305
forecast_6668,2025-10-05 20:00:00,3330.942400041749,3516.622488845696,3167.6013955710328
forecast_6669,2025-10-05 21:00:00,3667.326405547806,3656.209204665005,3154.392962191752
forecast_6670,2025-10-05 22:00:00,3504.7311246424442,3548.5023184141505,3206.2887339862864
forecast_6671,2025-10-05 23:00:00,3221.44239801694,3355.655652547689,2962.587392254714
forecast_6672,2025-10-06 00:00:00,3165.5314278121396,3304.762109342002,2792.882423761706
forecast_6673,2025-10-06 01:00:00,3182.443967258151,3299.163107970102,2947.068573261802
forecast_6674,2025-10-06 02:00:00,3040.832557379067,3306.08700325968,2703.5387339067483
forecast_6675,2025-10-06 03:00:00,3389.951230552907,3435.018331696208,3056.6923352765266
forecast_6676,2025-10-06 04:00:00,3808.2843134125505,4067.00225735116,3340.4257423600266
forecast_6677,2025-10-06 05:00:00,4021.4060753996014,4843.546454082501,3450.8772615550447
forecast_6678,2025-10-06 06:00:00,5545.968593600619,7285.7799195971065,3907.1440769762517
forecast_6679,2025-10-06 07:00:00,6875.31776020011,9102.559548881418,5848.860239062299
forecast_6680,2025-10-06 08:00:00,7972.035670846992,10302.711775708809,7510.744158856512
forecast_6681,2025-10-06 09:00:00,8428.707643864489,10262.628877403415,8431.397023537447
forecast_6682,2025-10-06 10:00:00,7679.476756691236,10389.201330642476,7745.2504849407105
forecast_6683,2025-10-06 11:00:00,7161.830012787768,9135.275867372646,6688.982999243486
forecast_6684,2025-10-06 12:00:00,5994.8628362010495,7842.483175122645,5170.201364031741
forecast_6685,2025-10-06 13:00:00,4552.7802292045235,6156.545180617098,4029.7528357416695
forecast_6686,2025-10-06 14:00:00,4177.725208930926,4780.945518614576,3431.0433821679644
forecast_6687,2025-10-06 15:00:00,3745.1368203671063,4539.353467102172,3509.8408562323766
forecast_6688,2025-10-06 16:00:00,3991.8033985813827,4756.840247667407,3727.5296333164224
forecast_6689,2025-10-06 17:00:00,4475.225089573006,5505.281055379314,3972.7242345138707
forecast_6690,2025-10-06 18:00:00,5336.339858584356,6344.230974738669,4257.381208912323
forecast_6691,2025-10-06 19:00:00,6740.06286559725,8110.683750657728,5780.291493522384
forecast_6692,2025-10-06 20:00:00,8560.770629948094,10079.684189325217,7697.612940727192
forecast_6693,2025-10-06 21:00:00,10315.508955866624,13136.672798022142,10525.218927758031
forecast_6694,2025-10-06 22:00:00,11461.47537728544,14254.30037016563,11365.388893546593
forecast_6695,2025-10-06 23:00:00,12491.472598992763,15105.495998928298,12266.95244101696
forecast_6696,2025-10-07 00:00:00,12628.66087540705,15262.777238492034,11853.946292570026
forecast_6697,2025-10-07 01:00:00,11615.535205891734,13190.431107559612,7222.155657757221
forecast_6698,2025-10-07 02:00:00,9746.80586269771,12633.606552551237,7666.313948909764
forecast_6699,2025-10-07 03:00:00,9513.084933526607,11886.503614873958,7588.847153145359
forecast_6700,2025-10-07 04:00:00,9911.636167293713,12146.425749456288,8077.052659742457
forecast_6701,2025-10-07 05:00:00,10352.393451981754,12318.048583633934,8403.889438233538
forecast_6702,2025-10-07 06:00:00,9920.435835122895,11875.397571623882,7808.293135557097
forecast_6703,2025-10-07 07:00:00,8848.142869813788,10317.501344942264,6874.846770428848
forecast_6704,2025-10-07 08:00:00,7732.027514899863,9386.352172166102,5442.635321422996
forecast_6705,2025-10-07 09:00:00,6466.067962778668,7179.306672471218,5344.989814106314
forecast_6706,2025-10-07 10:00:00,4622.17231460161,5171.427571659252,3946.6378870251965
forecast_6707,2025-10-07 11:00:00,4027.0932600375136,3996.6211571450726,3787.8004658778323
forecast_6708,2025-10-07 12:00:00,3536.888364005153,3642.0128058298174,3774.582932276727
forecast_6709,2025-10-07 13:00:00,3595.1185236840133,3428.4950151685944,3511.083653347901
forecast_6710,2025-10-07 14:00:00,3346.7938111904796,3228.8262124245125,3577.407785448332
forecast_6711,2025-10-07 15:00:00,3686.8571526317382,3573.715918955381,3090.077009800448
forecast_6712,2025-10-07 16:00:00,3511.3987294661365,3376.6757226546774,3459.5604074994167
forecast_6713,2025-10-07 17:00:00,2918.858532903566,2905.4031014616353,2915.959220180025
forecast_6714,2025-10-07 18:00:00,3173.489909249404,3166.4901276036744,2743.687054415586
forecast_6715,2025-10-07 19:00:00,3092.6885229410227,3084.3854646439504,2351.050217300738
forecast_6716,2025-10-07 20:00:00,3118.314371852834,2891.3437023567976,946.7572980244379
forecast_6717,2025-10-07 21:00:00,2484.4934331931026,2587.5560196305164,2041.2851613496475
forecast_6718,2025-10-07 22:00:00,3421.970788908179,3530.086956622268,2016.6623580785547
forecast_6719,2025-10-07 23:00:00,2940.422464280527,2731.401818254581,996.400385764445
forecast_6720,2025-10-08 00:00:00,2835.957190513777,2933.2669511211957,844.0215790128295
forecast_6721,2025-10-08 01:00:00,3711.2906675344807,3610.412280960319,1637.2382842447198
forecast_6722,2025-10-08 02:00:00,3018.7212624297617,2850.169665209841,56.270096169803566
forecast_6723,2025-10-08 03:00:00,3078.4160142885435,2697.152404652367,62.61578515408451
forecast_6724,2025-10-08 04:00:00,2928.7194466897645,2318.5333193694883,103.35800892923501
forecast_6725,2025-10-08 05:00:00,3183.4323305314133,2891.9805782318094,1437.6437065234265
forecast_6726,2025-10-08 06:00:00,3383.654862261521,3315.156640897263,2212.151807998234
forecast_6727,2025-10-08 07:00:00,3333.738620504797,3296.516147442277,2176.031688791811
forecast_6728,2025-10-08 08:00:00,2992.3549622617675,3235.5793054057553,2260.5184164949997
forecast_6729,2025-10-08 09:00:00,2822.2919931959095,3225.5550081837123,2271.001954291182
forecast_6730,2025-10-08 10:00:00,2883.7211866414323,3419.498185860451,2517.930098069327
forecast_6731,2025-10-08 11:00:00,2795.167082390833,3118.3268294605564,1850.8892603697677
forecast_6732,2025-10-08 12:00:00,2746.765926226268,2748.5671767155886,1746.712604816322
forecast_6733,2025-10-08 13:00:00,2392.3271371511833,2626.7221586517235,1718.1285909225853
forecast_6734,2025-10-08 14:00:00,2341.348868719375,2741.143157873269,2348.9192267221165
forecast_6735,2025-10-08 15:00:00,2837.0996299427675,3040.776699537858,2839.978277728823
forecast_6736,2025-10-08 16:00:00,2977.783374576235,3079.739695762132,2859.426878874062
forecast_6737,2025-10-08 17:00:00,2995.0592775084215,3014.7343908139324,3191.076368178898
forecast_6738,2025-10-08 18:00:00,3044.284963819355,3308.0760639924038,2964.365370647155
forecast_6739,2025-10-08 19:00:00,3093.7091530460325,3383.048690200733,2915.789068626369
forecast_6740,2025-10-08 20:00:00,3449.117787868896,3712.7097382010543,2878.565933991483
forecast_6741,2025-10-08 21:00:00,3536.4758371539338,3960.3453576090155,3320.142207384977
forecast_6742,2025-10-08 22:00:00,3745.813029982945,4170.2615730169555,3434.105646161113
forecast_6743,2025-10-08 23:00:00,4220.248109177314,5125.856317475411,3871.1699530835554
forecast_6744,2025-10-09 00:00:00,4603.322425249801,5786.544674545976,4322.166656460625
forecast_6745,2025-10-09 01:00:00,5114.710527419343,6634.618766396442,4850.461193190608
forecast_6746,2025-10-09 02:00:00,5086.906727879685,6503.124694409396,4538.094686538538
forecast_6747,2025-10-09 03:00:00,5195.45539875815,6549.102481761117,4519.868498979276
forecast_6748,2025-10-09 04:00:00,5072.164399479013,6543.049275883254,4447.247106133736
forecast_6749,2025-10-09 05:00:00,5408.81165385856,6649.684206979376,4636.991472002972
forecast_6750,2025-10-09 06:00:00,5409.773429578126,7079.566151759096,5093.776102987507
forecast_6751,2025-10-09 07:00:00,5030.148052327698,6561.405613198756,4780.469338478345
forecast_6752,2025-10-09 08:00:00,4547.7650767595305,5710.531619194308,4565.817203277245
forecast_6753,2025-10-09 09:00:00,4113.036617771346,4938.506193660465,4015.8934177422775
forecast_6754,2025-10-09 10:00:00,3616.0047120003915,4255.231596533351,3658.041953560701
forecast_6755,2025-10-09 11:00:00,3515.0754498174833,3745.22542491273,3545.8090675300045
forecast_6756,2025-10-09 12:00:00,3674.3681665071467,3537.2223767648034,3165.2985979930263
forecast_6757,2025-10-09 13:00:00,3370.518858058568,3369.2854729659766,3186.4618687854763
forecast_6758,2025-10-09 14:00:00,3054.8382904493546,3461.6699151976045,2889.6931745119596
forecast_6759,2025-10-09 15:00:00,3028.0615960266528,3409.4219024045537,2645.544437332969
forecast_6760,2025-10-09 16:00:00,3128.25150334091,3572.9316664001103,2644.277908951702
forecast_6761,2025-10-09 17:00:00,3058.404105247003,3485.9982955581827,2571.2936461175823
forecast_6762,2025-10-09 18:00:00,3102.378311070066,3509.469160920641,2528.368136223501
forecast_6763,2025-10-09 19:00:00,3068.1903436897837,3308.6372875642037,2436.703395290045
forecast_6764,2025-10-09 20:00:00,3250.118477876576,3196.8693369954267,2785.9518591605765
forecast_6765,2025-10-09 21:00:00,3264.5266958229095,2857.3810193766008,2297.2664520878598
forecast_6766,2025-10-09 22:00:00,3216.376677342449,2947.3097670266825,2760.7676302568852
forecast_6767,2025-10-09 23:00:00,3462.8085026372833,3284.0958854540972,2817.313974060876
forecast_6768,2025-10-10 00:00:00,3115.1285332975563,3378.4623576184463,2730.0585082251946
forecast_6769,2025-10-10 01:00:00,3354.0237619182267,3556.2517459847345,3104.706676607313
forecast_6770,2025-10-10 02:00:00,3379.9358762782986,3474.940162034461,2718.89500472487
forecast_6771,2025-10-10 03:00:00,3560.6227681824043,3469.540616997812,2595.1027006891372
forecast_6772,2025-10-10 04:00:00,3784.9951960698004,3786.5457827055257,3001.80949865411
forecast_6773,2025-10-10 05:00:00,3739.3809806760037,3558.8241391462147,2990.049184512316
forecast_6774,2025-10-10 06:00:00,3836.5926699086194,3504.439717523344,2957.763266549943
forecast_6775,2025-10-10 07:00:00,3623.29936202348,3748.93169333941,2954.338913857377
forecast_6776,2025-10-10 08:00:00,3922.466787402782,3743.4172761160053,3379.907784443308
forecast_6777,2025-10-10 09:00:00,3808.602109222639,3867.110201839906,3390.8051404485614
forecast_6778,2025-10-10 10:00:00,3521.539623954846,3695.3968686295834,2904.2071764230286
forecast_6779,2025-10-10 11:00:00,3614.4110140762814,3641.310931410453,2983.9600188737227
forecast_6780,2025-10-10 12:00:00,3717.1722172323366,3811.8791813476255,3169.920342792919
forecast_6781,2025-10-10 13:00:00,3754.2871882361355,3842.8100739553383,3311.0378960857856
forecast_6782,2025-10-10 14:00:00,3933.4377676067543,3883.5105970518584,3662.679066360858
forecast_6783,2025-10-10 15:00:00,3747.727642270386,3885.1015935966066,3587.6842715080984
forecast_6784,2025-10-10 16:00:00,3550.078442092445,3832.904822965086,2595.874745754021
forecast_6785,2025-10-10 17:00:00,3479.9656946121677,3508.469570460957,2228.9521078821035
forecast_6786,2025-10-10 18:00:00,3374.532864075959,3197.724830653606,2329.413813232892
forecast_6787,2025-10-10 19:00:00,3350.2377219634886,3350.7948455045,2373.5846049532743
forecast_6788,2025-10-10 20:00:00,3466.4892180074226,3339.175612849561,2496.728824052654
forecast_6789,2025-10-10 21:00:00,3788.449435326883,3734.2987835253102,3075.316950152488
forecast_6790,2025-10-10 22:00:00,4335.878457493799,3845.3899191241026,3505.601169192752
forecast_6791,2025-10-10 23:00:00,3860.5190090315486,3592.45169971641,3680.6712491464054
forecast_6792,2025-10-11 00:00:00,4594.778989624514,3736.108286924176,4029.2553355040227
forecast_6793,2025-10-11 01:00:00,4688.763236830532,4545.957022526729,3801.042980581509
forecast_6794,2025-10-11 02:00:00,4234.851438551882,4997.90646810678,3900.6786893881444
forecast_6795,2025-10-11 03:00:00,4708.3359358713,6172.132435086117,4076.734180999086
forecast_6796,2025-10-11 04:00:00,6227.201580850539,7300.838769250672,4824.2635133611675
forecast_6797,2025-10-11 05:00:00,7053.304799446483,8104.795894383994,4956.222549880831
forecast_6798,2025-10-11 06:00:00,7983.134119317836,9356.394670906004,5107.418997264815
forecast_6799,2025-10-11 07:00:00,8701.480552397154,10392.905799786919,6126.979082671743
forecast_6800,2025-10-11 08:00:00,9238.253090129547,10771.722596586003,6395.319390051828
forecast_6801,2025-10-11 09:00:00,10195.64648584667,11637.826612923322,7112.327548052012
forecast_6802,2025-10-11 10:00:00,10143.515986004259,11174.705817123378,8364.984727234016
forecast_6803,2025-10-11 11:00:00,10253.334029317928,11183.534021871137,8734.938017719936
forecast_6804,2025-10-11 12:00:00,10545.795238901977,11459.707262267031,8640.35200216333
forecast_6805,2025-10-11 13:00:00,10793.05010443072,11811.903376021113,8908.480752518075
forecast_6806,2025-10-11 14:00:00,11245.809855499367,12024.364077871722,9313.267400453286
forecast_6807,2025-10-11 15:00:00,11109.429570121656,11999.215481096093,9516.616166309152
forecast_6808,2025-10-11 16:00:00,11540.145494807275,11880.333250464999,9463.131454034352
forecast_6809,2025-10-11 17:00:00,11759.787620423069,12131.322470128654,9791.6293892468
forecast_6810,2025-10-11 18:00:00,12175.384000248892,12725.601618362607,10091.60687225018
forecast_6811,2025-10-11 19:00:00,12730.270175800773,13734.226022505227,11933.359144112821
forecast_6812,2025-10-11 20:00:00,15491.661934936616,14335.338344743148,12454.7891184196
forecast_6813,2025-10-11 21:00:00,12961.485114977122,14033.702887136225,12353.727704208652
forecast_6814,2025-10-11 22:00:00,11937.846429723808,14206.934807417592,10269.900395993147
forecast_6815,2025-10-11 23:00:00,10944.690637662874,12468.284862944845,9426.678021104208
forecast_6816,2025-10-12 00:00:00,10561.79398477209,12300.725498715468,11274.408230309491
forecast_6817,2025-10-12 01:00:00,13356.30085092817,10987.777481947252,9121.423393026162
forecast_6818,2025-10-12 02:00:00,12850.78519890278,9814.509632363724,8811.616128538884
forecast_6819,2025-10-12 03:00:00,12581.913646225465,8702.2101074685,8808.788567596026
forecast_6820,2025-10-12 04:00:00,7168.590089667106,11020.169858054138,8239.726474954425
forecast_6821,2025-10-12 05:00:00,4286.432199166873,4635.919664950126,5093.838689112066
forecast_6822,2025-10-12 06:00:00,3895.342633599311,4236.595956197415,3690.3125720771545
forecast_6823,2025-10-12 07:00:00,3857.9809032612443,4065.4737011229386,3741.4594214723443
forecast_6824,2025-10-12 08:00:00,3917.0164002834704,4071.7999460915044,3287.651432461281
forecast_6825,2025-10-12 09:00:00,3802.7483667124047,3981.8963328643895,3257.750676859361
forecast_6826,2025-10-12 10:00:00,4039.8732810386837,4502.237710536648,3728.465980971778
forecast_6827,2025-10-12 11:00:00,4444.037967559236,4985.574706145761,3805.2130151444867
forecast_6828,2025-10-12 12:00:00,4026.0692487651254,5020.252050920502,3736.8262720320063
forecast_6829,2025-10-12 13:00:00,4023.942833814217,4823.495501228364,3779.172957367322
forecast_6830,2025-10-12 14:00:00,4080.1800949085837,4261.472599743456,3733.8356009696995
forecast_6831,2025-10-12 15:00:00,4462.436404938071,4832.3998151386795,3825.924407429648
forecast_6832,2025-10-12 16:00:00,4502.0228879946835,5219.424609992434,3660.3035502957887
forecast_6833,2025-10-12 17:00:00,4939.237723778709,5810.090271971588,4175.548128672403
forecast_6834,2025-10-12 18:00:00,5412.50995566269,7333.834781067176,4629.084418916932
forecast_6835,2025-10-12 19:00:00,6132.6046057311905,8560.625831729612,5161.602261012676
forecast_6836,2025-10-12 20:00:00,6355.864066285241,9148.190038878063,5544.14261779662
forecast_6837,2025-10-12 21:00:00,5811.926024008803,7394.840806568829,4759.214978119137
forecast_6838,2025-10-12 22:00:00,4604.663296283205,6018.665605675968,3982.207759451053
forecast_6839,2025-10-12 23:00:00,4004.2377635195203,4468.843690562833,3527.6281212251693
forecast_6840,2025-10-13 00:00:00,3628.5143692032584,4125.923100530602,3306.838418250554
forecast_6841,2025-10-13 01:00:00,3238.696249491651,3448.0526808594136,2897.2051356237034
forecast_6842,2025-10-13 02:00:00,3347.878337433811,3344.970209891764,2806.2208319088822
forecast_6843,2025-10-13 03:00:00,3223.879669007264,3001.5277727543794,2596.413789936883
forecast_6844,2025-10-13 04:00:00,3198.430098534894,2949.3743590146996,2642.565271324904
forecast_6845,2025-10-13 05:00:00,3256.4134315219167,3451.1618672177306,2686.5541642647963
forecast_6846,2025-10-13 06:00:00,3548.3968448073265,3564.9456956116483,3118.1569379238995
forecast_6847,2025-10-13 07:00:00,3764.2372765452324,4265.74065775073,3637.8251733564994
forecast_6848,2025-10-13 08:00:00,3722.5069231153993,3882.439626691106,3704.7538991081424
forecast_6849,2025-10-13 09:00:00,3960.519395215497,4058.207828917792,3311.935136819239
forecast_6850,2025-10-13 10:00:00,3947.8260599119776,4013.4317547420646,3400.435367380817
forecast_6851,2025-10-13 11:00:00,3874.4044053881194,3984.639648172781,3518.679515213147
forecast_6852,2025-10-13 12:00:00,3918.8836999315963,3975.6145812895734,3596.2349700024492
forecast_6853,2025-10-13 13:00:00,3896.819449566111,3808.285911571898,3257.5484342842683
forecast_6854,2025-10-13 14:00:00,3562.6047718943455,3647.043945924799,3311.0389593148907
forecast_6855,2025-10-13 15:00:00,3848.100382848882,4121.386132120725,3499.0293982214434
forecast_6856,2025-10-13 16:00:00,3909.680268712695,4564.62710669725,3376.9592099566157
forecast_6857,2025-10-13 17:00:00,3926.0124801827988,4804.367403363167,3410.1285338329535
forecast_6858,2025-10-13 18:00:00,4124.014195698046,5020.658930422252,3479.624322424548
forecast_6859,2025-10-13 19:00:00,3997.022870212143,4968.52072793266,3490.523641669342
forecast_6860,2025-10-13 20:00:00,4433.056685832923,5563.1299726865855,3822.728632569156
forecast_6861,2025-10-13 21:00:00,4779.857770284895,5796.838223374976,3966.0932915818316
forecast_6862,2025-10-13 22:00:00,4991.731569321749,6237.904885491752,3856.73615325804
forecast_6863,2025-10-13 23:00:00,4814.577643417464,5761.976246551695,3767.3640074846858
forecast_6864,2025-10-14 00:00:00,4365.7133344403965,5381.467392390478,3538.695672692921
forecast_6865,2025-10-14 01:00:00,6657.242895523253,7587.097914613117,5235.970740050511
forecast_6866,2025-10-14 02:00:00,6287.110577238206,7357.091220130559,4829.591952999817
forecast_6867,2025-10-14 03:00:00,6270.920140604997,7331.805257228163,4857.396556918833
forecast_6868,2025-10-14 04:00:00,5933.438934644351,6771.256301059733,4222.150920664881
forecast_6869,2025-10-14 05:00:00,5819.218772957468,6967.609019243271,4142.99041829333
forecast_6870,2025-10-14 06:00:00,5775.421378649318,6929.1680102502405,4020.0275100100102
forecast_6871,2025-10-14 07:00:00,5380.9751147634515,6550.805237495281,4191.430107722627
forecast_6872,2025-10-14 08:00:00,5087.020423621798,6414.687895591765,4345.472857813255
forecast_6873,2025-10-14 09:00:00,4986.580857261146,6224.097175047418,4259.341894288445
forecast_6874,2025-10-14 10:00:00,4752.933557518945,5920.519238865319,3986.56600216527
forecast_6875,2025-10-14 11:00:00,4607.894183900119,5717.232402426355,3951.0140987476316
forecast_6876,2025-10-14 12:00:00,4149.682357600479,5147.815179797382,3850.021925245105
forecast_6877,2025-10-14 13:00:00,4150.536753584088,4912.867246561207,3790.0781119730177
forecast_6878,2025-10-14 14:00:00,4125.273444580851,4775.9282655195475,3792.859792100003
forecast_6879,2025-10-14 15:00:00,3913.7093791829698,4623.048952711596,3784.3626628438315
forecast_6880,2025-10-14 16:00:00,3880.7569627596386,4333.693117098524,3690.9915290405934
forecast_6881,2025-10-14 17:00:00,3775.837905543407,4183.358859583336,3468.009705939537
forecast_6882,2025-10-14 18:00:00,3871.279572826604,4527.705409286182,3252.5119109634147
forecast_6883,2025-10-14 19:00:00,3808.634108002158,4039.920680466703,3271.5915197168
forecast_6884,2025-10-14 20:00:00,4026.5239247559107,4526.819145479555,3498.4680027847257
forecast_6885,2025-10-14 21:00:00,3888.2960238262317,4505.996111049987,3360.8365804129426
forecast_6886,2025-10-14 22:00:00,3832.215586101928,4161.990042542312,3284.3127063695893
forecast_6887,2025-10-14 23:00:00,3591.20011018515,3982.7479352354503,3167.559146997789
forecast_6888,2025-10-15 00:00:00,3466.4126004725304,4003.814132107743,3173.0459749349907
forecast_6889,2025-10-15 01:00:00,3968.137162856488,4454.3441787369065,3243.9027023643084
forecast_6890,2025-10-15 02:00:00,3945.3538994819246,4196.078322468218,3431.451945564265
forecast_6891,2025-10-15 03:00:00,3865.8479142110946,4178.417400249716,3215.2263459958526
forecast_6892,2025-10-15 04:00:00,3656.8549766094347,4065.6309743519305,3146.3282055262216
forecast_6893,2025-10-15 05:00:00,3637.4704168077324,3854.630675697594,3034.9867980460403
forecast_6894,2025-10-15 06:00:00,3460.819519257883,3858.2977962667396,2927.06168478862
forecast_6895,2025-10-15 07:00:00,3507.050596989,3819.212517870657,2760.2674713089773
forecast_6896,2025-10-15 08:00:00,3268.079760761794,3504.4194048450604,2783.4022444683765
forecast_6897,2025-10-15 09:00:00,3227.9287019079243,3428.2117257696823,3169.9386523837597
forecast_6898,2025-10-15 10:00:00,3297.848119406126,3240.8096130084236,3021.1213088244617
forecast_6899,2025-10-15 11:00:00,3214.8398551688515,3542.46694891646,3041.9474131979127
forecast_6900,2025-10-15 12:00:00,3464.936497531313,3538.131327640009,3393.7159585278264
forecast_6901,2025-10-15 13:00:00,3261.9708670917908,3490.5572787840288,2571.452834062116
forecast_6902,2025-10-15 14:00:00,2854.380407350113,3040.2856977913357,3404.6143575922924
forecast_6903,2025-10-15 15:00:00,2989.4118941296833,2812.55639557701,2223.6789817641716
forecast_6904,2025-10-15 16:00:00,3253.535929064409,2842.8563685070067,2599.8056734882343
forecast_6905,2025-10-15 17:00:00,3227.3551195979067,2908.915240172905,2588.7851369855784
forecast_6906,2025-10-15 18:00:00,3172.5041922584446,3168.7264126434548,2948.528829537153
forecast_6907,2025-10-15 19:00:00,3438.8710761142556,3348.629789921482,3142.929797124317
forecast_6908,2025-10-15 20:00:00,3705.429743018545,3770.148405729294,3560.824540897619
forecast_6909,2025-10-15 21:00:00,3627.2628449571453,3881.7478476785955,4192.463399992559
forecast_6910,2025-10-15 22:00:00,3690.845480060465,3894.6184332695557,3894.185827693104
forecast_6911,2025-10-15 23:00:00,3675.758362384086,3969.0139526560038,3728.350334993543
forecast_6912,2025-10-16 00:00:00,3858.5446028463816,4102.520486693147,3849.72944482362
forecast_6913,2025-10-16 01:00:00,4244.191944855315,3590.2820197670603,3984.7421079581895
forecast_6914,2025-10-16 02:00:00,4011.162099695422,4116.654482028492,3713.57283333273
forecast_6915,2025-10-16 03:00:00,3637.0426738119545,3710.9563302150887,3284.934773465303
forecast_6916,2025-10-16 04:00:00,3584.7189968707257,3607.2459064688237,3053.7958633787625
forecast_6917,2025-10-16 05:00:00,3573.6463116975406,3603.993735620163,3306.3529210603256
forecast_6918,2025-10-16 06:00:00,3657.0028504530906,4019.5474649152366,3355.4257709902918
forecast_6919,2025-10-16 07:00:00,3541.408111986438,3772.205104922274,3526.1089542942736
forecast_6920,2025-10-16 08:00:00,3575.510435063475,3808.496221852734,3724.5865311955263
forecast_6921,2025-10-16 09:00:00,3705.6576840355256,3726.614356807617,3434.9906128107696
forecast_6922,2025-10-16 10:00:00,3835.3015471034696,3846.4210433682842,3694.644062772492
forecast_6923,2025-10-16 11:00:00,3906.629662758969,3862.0216955347737,3805.4736273200474
forecast_6924,2025-10-16 12:00:00,3706.3004702942167,3939.267869075202,3698.3055782187216
forecast_6925,2025-10-16 13:00:00,3881.446746581076,4384.672341337419,3714.3668815203937
forecast_6926,2025-10-16 14:00:00,3807.6247226041055,4315.8182941006435,3681.8100606029775
forecast_6927,2025-10-16 15:00:00,3664.7961228183067,4008.74363880574,3438.1398899814426
forecast_6928,2025-10-16 16:00:00,3468.8509513196,3528.903024227056,3295.638161541995
forecast_6929,2025-10-16 17:00:00,3483.558399661691,3745.985403829505,3278.7097735268567
forecast_6930,2025-10-16 18:00:00,3455.354965850469,3766.367312881032,3240.9367993549504
forecast_6931,2025-10-16 19:00:00,3675.1009411438963,4176.591211329043,3298.1734227078273
forecast_6932,2025-10-16 20:00:00,4058.322837806621,4964.923380815718,3690.42148436701
forecast_6933,2025-10-16 21:00:00,4564.119936227712,5870.325407712768,3682.77739841611
forecast_6934,2025-10-16 22:00:00,4397.134664679932,5566.220579286702,3793.3120410713213
forecast_6935,2025-10-16 23:00:00,4000.9095662524346,4988.492039192352,3605.9196254671465
forecast_6936,2025-10-17 00:00:00,3928.233619639058,4634.593613142666,3420.891923644471
forecast_6937,2025-10-17 01:00:00,4088.0706680916383,4994.272851090107,3564.73796485404
forecast_6938,2025-10-17 02:00:00,4050.912516036996,4652.443674099659,3413.9678086651165
forecast_6939,2025-10-17 03:00:00,3765.7294428226273,4239.791965695621,3274.5344096361086
forecast_6940,2025-10-17 04:00:00,3827.362606141409,4291.33448647329,3493.6343580199245
forecast_6941,2025-10-17 05:00:00,3954.0993924082436,4098.163456496024,3229.5543049028183
forecast_6942,2025-10-17 06:00:00,3710.1397651653137,3717.677204875371,3171.1204300232516
forecast_6943,2025-10-17 07:00:00,3602.6186676299985,3426.3995243005193,2758.6324025723557
forecast_6944,2025-10-17 08:00:00,3311.406239424041,3108.7361972724743,2755.0495335288797
forecast_6945,2025-10-17 09:00:00,3394.1767320222652,3281.1509186133094,2742.547134831551
forecast_6946,2025-10-17 10:00:00,3611.9826081842725,3463.0738861800555,2626.837610642696
forecast_6947,2025-10-17 11:00:00,3204.163226847542,2755.449749722226,2412.056075380275
forecast_6948,2025-10-17 12:00:00,4307.494013143295,3188.4614849306695,1221.401979065243
forecast_6949,2025-10-17 13:00:00,4669.598824694385,3539.102384350948,5854.517705228661
forecast_6950,2025-10-17 14:00:00,4946.424027905199,3391.523085146345,4696.298104288548
forecast_6951,2025-10-17 15:00:00,4470.852775312697,3313.395505055197,4697.539240729366
forecast_6952,2025-10-17 16:00:00,4434.747663802315,4263.926694278697,3094.494575938006
forecast_6953,2025-10-17 17:00:00,3685.5163035827936,3111.7508574895896,2790.0724914849948
forecast_6954,2025-10-17 18:00:00,4217.893964983404,3658.9124551221003,3148.793371521993
forecast_6955,2025-10-17 19:00:00,3775.277669816465,3683.774042086937,3297.569081306954
forecast_6956,2025-10-17 20:00:00,3798.723572129861,5211.802968347491,3799.1694656567483
forecast_6957,2025-10-17 21:00:00,3901.1903394649553,3902.2866412809185,3520.3430027957124
forecast_6958,2025-10-17 22:00:00,3951.8550113579254,4601.896746074857,3686.3937368552683
forecast_6959,2025-10-17 23:00:00,4685.279607064448,5146.261850922897,3742.0615694778835
forecast_6960,2025-10-18 00:00:00,4223.813771789532,4897.516626580572,3746.8801178097765
forecast_6961,2025-10-18 01:00:00,3973.4290962491477,3926.548431979913,3744.5769469327643
forecast_6962,2025-10-18 02:00:00,4102.667271010363,4359.817423238471,3885.611031281793
forecast_6963,2025-10-18 03:00:00,4289.671442525775,4274.8832987403775,3744.6416442832265
forecast_6964,2025-10-18 04:00:00,3939.8732030222122,3815.0489482179382,3493.3844201124166
forecast_6965,2025-10-18 05:00:00,3883.493852412041,3803.836466775969,3905.134313152684
forecast_6966,2025-10-18 06:00:00,3895.3080122138294,3835.0778148961313,3444.2029617288254
forecast_6967,2025-10-18 07:00:00,3963.4090854114115,4276.062669789347,3571.8814676339275
forecast_6968,2025-10-18 08:00:00,3276.094434604609,3717.9410926869873,3063.084258767958
forecast_6969,2025-10-18 09:00:00,3423.3950252741406,3597.0673962098613,2696.3448628157557
forecast_6970,2025-10-18 10:00:00,3612.4490821119844,3551.58081034498,3034.9365359876415
forecast_6971,2025-10-18 11:00:00,3784.490379021752,3832.8160930439744,3046.9791767331476
forecast_6972,2025-10-18 12:00:00,3529.725574647442,3637.202311984625,3172.4579751216575
forecast_6973,2025-10-18 13:00:00,3720.409334712987,3589.562073174567,3215.912186355915
forecast_6974,2025-10-18 14:00:00,3710.027564030602,4062.079554598831,3339.5331156425646
forecast_6975,2025-10-18 15:00:00,3942.7502370526095,4301.63159030043,3523.8142288914696
forecast_6976,2025-10-18 16:00:00,3805.716101903643,3954.281242348359,3524.850791028085
forecast_6977,2025-10-18 17:00:00,3507.026281114307,3457.4488428621407,3257.2476558299727
forecast_6978,2025-10-18 18:00:00,3110.4403095857756,3429.2810700129944,2936.59038093583
forecast_6979,2025-10-18 19:00:00,3166.444214773282,3454.374215120001,3201.4519856372153
forecast_6980,2025-10-18 20:00:00,3200.6152292403717,3701.149943481699,2849.0050699124204
forecast_6981,2025-10-18 21:00:00,2995.2141322253933,3421.0202411767696,2666.712645684907
forecast_6982,2025-10-18 22:00:00,2994.604058140751,3376.1034276390724,2728.4815427922595
forecast_6983,2025-10-18 23:00:00,3044.9580651587717,3256.1135009207155,3029.7849630804144
forecast_6984,2025-10-19 00:00:00,2595.856023716411,3021.375201869732,2848.678297771297
forecast_6985,2025-10-19 01:00:00,2899.978881425509,3298.320363001294,2929.754351168164
forecast_6986,2025-10-19 02:00:00,2816.7888497924387,3041.4907652879006,2965.6405573952306
forecast_6987,2025-10-19 03:00:00,3224.0977757008286,2983.078546788776,2849.670629336695
forecast_6988,2025-10-19 04:00:00,3372.689848602834,3247.2080575656564,1192.4283195496805
forecast_6989,2025-10-19 05:00:00,3449.0042559409135,3257.286878063198,1110.3303131613452
forecast_6990,2025-10-19 06:00:00,3557.9112135161186,3538.193111792901,94.43647148290617
forecast_6991,2025-10-19 07:00:00,3228.3466119392265,3514.973853075328,1067.3136209703987
forecast_6992,2025-10-19 08:00:00,3783.4633304219883,3829.4008139855214,1117.7161192392236
forecast_6993,2025-10-19 09:00:00,3450.086042260972,3259.9119240682135,3201.923511165208
forecast_6994,2025-10-19 10:00:00,3780.4090673473816,3507.522163994995,3498.7167653622932
forecast_6995,2025-10-19 11:00:00,3875.7699995356097,3541.1112509448167,3547.350821840444
forecast_6996,2025-10-19 12:00:00,3827.2472906713183,3499.6251844162675,3102.222830664484
forecast_6997,2025-10-19 13:00:00,3769.965568180704,3568.618414063836,3410.215174080926
forecast_6998,2025-10-19 14:00:00,3756.4374550874604,3808.6000483243956,3887.4048836799243
forecast_6999,2025-10-19 15:00:00,4342.585458648756,4249.522252225941,4044.9622083153595
forecast_7000,2025-10-19 16:00:00,5006.324284384225,5390.207372399031,4941.661535184488
forecast_7001,2025-10-19 17:00:00,5416.191050314003,5607.9303857516525,4427.639157710184
forecast_7002,2025-10-19 18:00:00,5398.5721955012805,5912.559955328717,4620.2349111692865
forecast_7003,2025-10-19 19:00:00,6219.8126592841045,6514.709788612867,4741.509873132642
forecast_7004,2025-10-19 20:00:00,6503.133387554574,6526.1620860546,4528.4413604883985
forecast_7005,2025-10-19 21:00:00,6306.633102278219,6199.778799012577,3987.1077888715895
forecast_7006,2025-10-19 22:00:00,6054.150908001,6207.317710105375,3905.859978275846
forecast_7007,2025-10-19 23:00:00,5663.583028454044,5263.9394498810925,3817.1343608959273
forecast_7008,2025-10-20 00:00:00,4249.657761371269,4376.566772134438,3603.0470299785406
forecast_7009,2025-10-20 01:00:00,4402.451072570819,4169.190193395846,3712.199401423724
forecast_7010,2025-10-20 02:00:00,3857.8897552993844,3903.0541380530867,3369.0414757022872
forecast_7011,2025-10-20 03:00:00,3461.314159716743,3594.8812648862504,3616.8792801552654
forecast_7012,2025-10-20 04:00:00,3549.6457660378724,3653.1096885629945,3465.245894010135
forecast_7013,2025-10-20 05:00:00,3711.5666651791053,3794.3486317070983,3418.6875071254235
forecast_7014,2025-10-20 06:00:00,3971.4088457870657,4053.4956884530943,3392.75024497448
forecast_7015,2025-10-20 07:00:00,3858.4002531087967,3843.6797009907164,3203.556715393747
forecast_7016,2025-10-20 08:00:00,3413.5986687481122,3723.3095091296213,3013.9910593457284
forecast_7017,2025-10-20 09:00:00,3338.4462579871915,3456.699180138928,2986.1761093009854
forecast_7018,2025-10-20 10:00:00,3654.167069395153,3446.2383653659253,2934.4900229947034
forecast_7019,2025-10-20 11:00:00,3543.7070676972453,3773.434255550389,3135.8380199354206
forecast_7020,2025-10-20 12:00:00,3651.59355986036,3932.4115719820243,3451.0566555647465
forecast_7021,2025-10-20 13:00:00,3551.0635363992546,3803.8353682152288,3515.508488672675
forecast_7022,2025-10-20 14:00:00,3177.8374289922313,3771.492910829855,3239.68870060723
forecast_7023,2025-10-20 15:00:00,2763.2765302600164,3698.6693489039767,3039.878879393024
forecast_7024,2025-10-20 16:00:00,3319.4503689656517,3661.636341546912,3118.90380422795
forecast_7025,2025-10-20 17:00:00,3308.161296012403,3590.753081400412,3133.3574235851966
forecast_7026,2025-10-20 18:00:00,3376.0876082587097,3649.1567132624104,2850.5610910870078
forecast_7027,2025-10-20 19:00:00,2801.8475397096167,3222.7306727231944,168.0036132455457
forecast_7028,2025-10-20 20:00:00,2745.8984304386163,2940.709127682815,52.758173110077024
forecast_7029,2025-10-20 21:00:00,2843.0283561717656,2941.7956563566117,25.152007584964235
forecast_7030,2025-10-20 22:00:00,3031.054146217338,3033.4279169990737,12.546915372566994
forecast_7031,2025-10-20 23:00:00,3180.2669097660664,3376.126827237543,1483.9755326082482
forecast_7032,2025-10-21 00:00:00,3598.473689579957,3592.424691183084,1450.109691327866
forecast_7033,2025-10-21 01:00:00,4284.854220300015,3856.464948587582,2324.735998979243
forecast_7034,2025-10-21 02:00:00,3223.5649942611153,3500.3336385048833,3031.4143603624575
forecast_7035,2025-10-21 03:00:00,3573.1114935632554,3822.518869767045,3110.0990432301624
forecast_7036,2025-10-21 04:00:00,3838.597719251933,3868.9710354031654,3004.1486445942915
forecast_7037,2025-10-21 05:00:00,3741.6098529520054,3693.196095860926,3112.226776599773
forecast_7038,2025-10-21 06:00:00,3304.060406064367,2962.6501737952854,3031.688733086918
forecast_7039,2025-10-21 07:00:00,3433.714261422226,3157.7937013318888,3592.626473593498
forecast_7040,2025-10-21 08:00:00,3013.128133336547,3090.0237013044734,2484.8167769604465
forecast_7041,2025-10-21 09:00:00,2581.1735268328935,3571.901412101545,2470.036734402527
forecast_7042,2025-10-21 10:00:00,2606.3358779264877,3009.1526267943314,1785.5446525325856
forecast_7043,2025-10-21 11:00:00,3669.1668412833224,3122.167143513142,29.75409978882857
forecast_7044,2025-10-21 12:00:00,3439.6016629928363,2716.5633258569706,5.8160883642872205
forecast_7045,2025-10-21 13:00:00,2482.636310078796,2473.986865317199,2366.275915436932
forecast_7046,2025-10-21 14:00:00,2423.842149912546,2567.604217793091,2241.9294318550255
forecast_7047,2025-10-21 15:00:00,2813.8374387236054,2708.925113729357,2380.671589067308
forecast_7048,2025-10-21 16:00:00,3258.6152491881758,3430.1640715533345,3317.275488859285
forecast_7049,2025-10-21 17:00:00,2902.0383737796647,3415.4960916500268,2806.506296083864
forecast_7050,2025-10-21 18:00:00,4130.421786797459,3335.711031970727,2609.732429728462
forecast_7051,2025-10-21 19:00:00,4725.168743553783,4125.923721777556,3108.3079621910865
forecast_7052,2025-10-21 20:00:00,3841.368848565751,3277.2782966374584,2904.0578250074886
forecast_7053,2025-10-21 21:00:00,3647.635001771158,3470.2650568096487,3274.0012045384588
forecast_7054,2025-10-21 22:00:00,3670.5481273197524,3577.7366671861178,2922.1275617064694
forecast_7055,2025-10-21 23:00:00,3725.4312190261794,3440.368069051283,2939.9833096127404
forecast_7056,2025-10-22 00:00:00,3608.693073970538,3672.2787232858286,3171.3323600948197
forecast_7057,2025-10-22 01:00:00,3931.991452586152,3584.3245848472384,2836.591248825973
forecast_7058,2025-10-22 02:00:00,3358.657861821131,3426.2849791233593,3303.423510649362
forecast_7059,2025-10-22 03:00:00,3220.6222029894097,3435.7409225938595,3448.5335989929913
forecast_7060,2025-10-22 04:00:00,3409.348409860204,2827.068931866391,3194.4130173176773
forecast_7061,2025-10-22 05:00:00,2725.9604226720908,3019.206815975533,2998.952043721462
forecast_7062,2025-10-22 06:00:00,2999.9226651449408,3153.816872120465,3361.6007574495775
forecast_7063,2025-10-22 07:00:00,3156.2219357935783,3277.3467713815553,2845.092571773305
forecast_7064,2025-10-22 08:00:00,3196.4734115125993,3455.628624133581,3058.459501484971
forecast_7065,2025-10-22 09:00:00,3250.376748983631,3448.615567843002,2993.927720523976
forecast_7066,2025-10-22 10:00:00,3310.7507202948395,3344.2171950077623,3151.8183698903244
forecast_7067,2025-10-22 11:00:00,3341.237456814783,3374.553223178914,3203.353985232313
forecast_7068,2025-10-22 12:00:00,3438.244223596324,3511.3718644305327,3382.4877389565104
forecast_7069,2025-10-22 13:00:00,3428.151484071447,3769.2264252907025,3208.5307115473565
forecast_7070,2025-10-22 14:00:00,2763.098157903674,3408.4558559381194,3297.141889055562
forecast_7071,2025-10-22 15:00:00,3159.7564886372143,3671.372696676718,3167.088542145005
forecast_7072,2025-10-22 16:00:00,3220.726458243344,3775.990239501866,2911.533525311447
forecast_7073,2025-10-22 17:00:00,3273.026630873012,2717.256669721639,2974.3039536751935
forecast_7074,2025-10-22 18:00:00,2902.7932147631827,2522.2038751208283,227.60800940574939
forecast_7075,2025-10-22 19:00:00,2774.917562977735,2667.6125672660187,1855.686874385302
forecast_7076,2025-10-22 20:00:00,2771.4290057638054,2781.962934231045,1174.6350732093222
forecast_7077,2025-10-22 21:00:00,3093.48821236511,3009.829134481926,2256.650205530562
forecast_7078,2025-10-22 22:00:00,3369.685807932498,3338.108346360167,3921.0194775115747
forecast_7079,2025-10-22 23:00:00,3659.3956542133537,3518.6034651047325,3619.9986198182432
forecast_7080,2025-10-23 00:00:00,3339.4760728673946,3613.3680989496143,3739.730943416651
forecast_7081,2025-10-23 01:00:00,3659.633820016433,2978.192842289093,1048.757282647007
forecast_7082,2025-10-23 02:00:00,2921.7960604651175,2956.4216608834017,1045.8163082563908
forecast_7083,2025-10-23 03:00:00,3163.878516637426,3064.495414962903,1045.761422181584
forecast_7084,2025-10-23 04:00:00,3271.296648707078,3552.819251914571,1061.3158213187912
forecast_7085,2025-10-23 05:00:00,3660.000122033676,3557.0793854679764,6.129809287291081
forecast_7086,2025-10-23 06:00:00,3604.9263860437636,3486.947326792829,3.5668202892150878
forecast_7087,2025-10-23 07:00:00,3524.952719768746,3484.304588980244,1.2382445609383939
forecast_7088,2025-10-23 08:00:00,3606.6192035349904,3386.571725948082,0.0
forecast_7089,2025-10-23 09:00:00,3204.210534990711,3327.2277447047477,0.5711299010444796
forecast_7090,2025-10-23 10:00:00,3238.0985415235136,3244.256217177398,2.415327497257817
forecast_7091,2025-10-23 11:00:00,3984.615419447001,3290.9698584053235,5.93769593884284
forecast_7092,2025-10-23 12:00:00,1143.7006235279218,2489.9835010327847,10.163495456275117
forecast_7093,2025-10-23 13:00:00,1201.7738313536645,2890.9082595351547,2392.0677485434917
forecast_7094,2025-10-23 14:00:00,1172.7178211224211,2522.366009286333,2204.2272629486188
forecast_7095,2025-10-23 15:00:00,7715.983764209724,7695.663033002607,3983.313441211498
forecast_7096,2025-10-23 16:00:00,12240.767747181986,8401.47454986467,12891.207233471627
forecast_7097,2025-10-23 17:00:00,7317.862427350986,4956.296550046132,12186.043432985938
forecast_7098,2025-10-23 18:00:00,5145.021878996214,4989.397707481449,4507.879984152765
forecast_7099,2025-10-23 19:00:00,4542.675342064091,4268.605888631263,4566.746469570035
forecast_7100,2025-10-23 20:00:00,3260.8563422474517,3607.2263362337453,3148.5600050890444
forecast_7101,2025-10-23 21:00:00,3473.063846179634,3369.7045835555023,3012.204209845736
forecast_7102,2025-10-23 22:00:00,3951.154735469923,3345.1312042164222,2728.67705209528
forecast_7103,2025-10-23 23:00:00,4089.3086847943623,3794.0869387566404,3008.8026887047904
forecast_7104,2025-10-24 00:00:00,4272.900889120678,3944.0546697099126,3080.4246058634913
forecast_7105,2025-10-24 01:00:00,3498.7909158347475,3413.0165986981838,3081.366659167451
forecast_7106,2025-10-24 02:00:00,3125.9697880767626,3322.91814091187,2866.027970387097
forecast_7107,2025-10-24 03:00:00,3451.3120572952807,3363.318181983609,2922.371583236953
forecast_7108,2025-10-24 04:00:00,3478.537966230318,3426.7143574414936,3127.0043773792113
forecast_7109,2025-10-24 05:00:00,3094.298928916964,3342.882330508789,3455.2537366679703
forecast_7110,2025-10-24 06:00:00,3358.2968460661414,3456.724541860624,3094.868553092404
forecast_7111,2025-10-24 07:00:00,3258.492756078006,3400.440136185941,2890.236474469197
forecast_7112,2025-10-24 08:00:00,3511.6742543925543,3748.975160336457,3053.4409366833615
forecast_7113,2025-10-24 09:00:00,3852.914868513701,3990.290778584214,3450.2465917902564
forecast_7114,2025-10-24 10:00:00,4541.140451793141,4763.19922588968,4150.330660557631
forecast_7115,2025-10-24 11:00:00,4312.818548994588,4655.002246333674,4103.499116068755
forecast_7116,2025-10-24 12:00:00,3815.0146793562376,3902.519634875921,3605.730223800648
forecast_7117,2025-10-24 13:00:00,3600.2386722248975,3679.843199524935,3550.2077383916553
forecast_7118,2025-10-24 14:00:00,3604.993209913051,3655.4607636288492,3146.3704972300457
forecast_7119,2025-10-24 15:00:00,3615.783415588703,3369.2168279036077,3295.0159433728736
forecast_7120,2025-10-24 16:00:00,3661.1266417024863,3591.5410330146797,3126.9686950834553
forecast_7121,2025-10-24 17:00:00,3863.9984866398418,3845.7855153218525,3576.7414383052374
forecast_7122,2025-10-24 18:00:00,3844.7053949363967,3895.2621360870558,3561.2598752679537
forecast_7123,2025-10-24 19:00:00,3820.0884874599037,3855.781453710726,3390.8277983411767
forecast_7124,2025-10-24 20:00:00,3582.070868886333,3467.4553619381227,3548.4188037830613
forecast_7125,2025-10-24 21:00:00,3856.8413742870202,3762.7742575325256,3670.957238277769
forecast_7126,2025-10-24 22:00:00,3934.5249041387665,3830.7834311332294,3507.9159533819284
forecast_7127,2025-10-24 23:00:00,3835.2383323142694,3616.349807657187,3791.7875027273567
forecast_7128,2025-10-25 00:00:00,3567.845636422749,3515.8968377123647,3884.5678871838472
forecast_7129,2025-10-25 01:00:00,3655.3045818480264,3708.965887597374,3980.6391197565754
forecast_7130,2025-10-25 02:00:00,3868.429324909036,3854.741985865354,3993.2235935700865
forecast_7131,2025-10-25 03:00:00,4471.930982568124,4255.571543913827,3678.2903521239614
forecast_7132,2025-10-25 04:00:00,4051.9022106913258,4062.1729534188444,3595.7427691184844
forecast_7133,2025-10-25 05:00:00,3868.0403633456276,3855.7284853973415,3420.600155096149
forecast_7134,2025-10-25 06:00:00,3876.059016819007,3850.8887375313584,3541.376361003888
forecast_7135,2025-10-25 07:00:00,3853.701608279015,3777.6157279697527,3423.397499705743
forecast_7136,2025-10-25 08:00:00,3940.4733934387973,3924.549258938701,3466.9478409309986
forecast_7137,2025-10-25 09:00:00,3695.1641383618544,3853.8732368274314,3499.5553203665504
forecast_7138,2025-10-25 10:00:00,3739.9321214216848,3825.3321172966084,3410.3224178674177
forecast_7139,2025-10-25 11:00:00,3569.622098353317,3520.9397607667433,3240.145537387362
forecast_7140,2025-10-25 12:00:00,3420.8504189801556,3511.6203001323424,3063.992183213462
forecast_7141,2025-10-25 13:00:00,3598.3387067419394,3581.4125830228904,2967.728987162178
forecast_7142,2025-10-25 14:00:00,3325.153643949483,3262.6202172264875,2692.66965660294
forecast_7143,2025-10-25 15:00:00,3002.110760670513,2399.190000600129,2527.705139728365
forecast_7144,2025-10-25 16:00:00,4111.638590803258,3799.6983109100247,3142.1922182696776
forecast_7145,2025-10-25 17:00:00,2967.7142685523554,3068.61978905383,2859.0176772633645
forecast_7146,2025-10-25 18:00:00,2509.130754208646,2356.7437627780205,3483.622520213424
forecast_7147,2025-10-25 19:00:00,2597.344729530511,2607.589207947173,4462.204301618969
forecast_7148,2025-10-25 20:00:00,2637.6683061597128,3249.1602317033685,3920.651481286344
forecast_7149,2025-10-25 21:00:00,3587.981318998497,3503.170926310729,3505.9867481872307
forecast_7150,2025-10-25 22:00:00,3830.219768528288,3764.0947663570523,3459.3084615425987
forecast_7151,2025-10-25 23:00:00,4730.235775057825,4666.2045986001785,3775.3004458075893
forecast_7152,2025-10-26 00:00:00,5271.705038897867,4794.566565973963,3959.224530591219
forecast_7153,2025-10-26 01:00:00,4904.676023217182,4594.219852533013,3758.9058857291716
forecast_7154,2025-10-26 02:00:00,4011.4340551134655,4606.016259077263,3933.9734595627756
forecast_7155,2025-10-26 03:00:00,3765.5437274860406,3868.253014768245,3497.9021110496897
forecast_7156,2025-10-26 04:00:00,3945.352813429148,3720.5152536554738,3731.972909061815
forecast_7157,2025-10-26 05:00:00,3791.996829686626,3739.967983755597,3587.9305988224137
forecast_7158,2025-10-26 06:00:00,3899.299869436931,3859.387917983065,3601.7604771675856
forecast_7159,2025-10-26 07:00:00,4651.835206254488,4120.806075340634,3773.981213542424
forecast_7160,2025-10-26 08:00:00,5365.287869851824,4921.315909430152,3755.017265416162
forecast_7161,2025-10-26 09:00:00,4605.283651736401,4482.163581048443,3736.1270747610847
forecast_7162,2025-10-26 10:00:00,4167.194370185849,3992.3402737321917,3742.0473323654164
forecast_7163,2025-10-26 11:00:00,3910.8564388860314,3879.326540326709,3733.7759745171347
forecast_7164,2025-10-26 12:00:00,3926.214758796906,3865.9861046699416,3501.6112274758143
forecast_7165,2025-10-26 13:00:00,3951.487708341365,3863.998320555624,3540.2689285835654
forecast_7166,2025-10-26 14:00:00,4175.119420998611,3974.3541748810458,3456.402584011455
forecast_7167,2025-10-26 15:00:00,4286.481542967393,4141.857653780347,3672.9356709651424
forecast_7168,2025-10-26 16:00:00,4576.8881981766435,4124.27358755556,3612.16193191168
forecast_7169,2025-10-26 17:00:00,5260.00195899683,5061.780906139159,3839.5181062601573
forecast_7170,2025-10-26 18:00:00,6527.449098913505,6294.959806318907,4307.563111135091
forecast_7171,2025-10-26 19:00:00,6895.104611783312,7266.957974803695,5694.602479526214
forecast_7172,2025-10-26 20:00:00,10024.705227683386,10394.25299206724,7307.294440675213
forecast_7173,2025-10-26 21:00:00,11069.136900490985,11684.147048479474,8672.0013056584
forecast_7174,2025-10-26 22:00:00,12675.731266510826,14197.102720258708,9434.075192530197
forecast_7175,2025-10-26 23:00:00,12039.257690982107,13557.328176997162,10441.399750510347
forecast_7176,2025-10-27 00:00:00,12443.458828063865,13493.979764354446,10752.592065777917
forecast_7177,2025-10-27 01:00:00,15093.921639975519,16016.061017614073,13592.46040396634
forecast_7178,2025-10-27 02:00:00,16918.20979902897,17452.000044263652,14607.822570796905
forecast_7179,2025-10-27 03:00:00,17439.64749787207,18092.88470003234,15681.001112514554
forecast_7180,2025-10-27 04:00:00,17462.50691643045,18356.394608124734,15678.687988123775
forecast_7181,2025-10-27 05:00:00,16417.930446258022,17768.57505850459,16075.986210704927
forecast_7182,2025-10-27 06:00:00,14899.611267030588,16786.085924360395,12443.19507957595
forecast_7183,2025-10-27 07:00:00,13754.270204291804,16772.736888124797,10868.079822917185
forecast_7184,2025-10-27 08:00:00,13260.972969966655,15806.992200270392,10368.308561444099
forecast_7185,2025-10-27 09:00:00,13067.30502878119,14602.356884400677,9674.166781804062
forecast_7186,2025-10-27 10:00:00,11854.965150404323,13388.76999524865,8610.345926792641
forecast_7187,2025-10-27 11:00:00,11244.663856384419,11983.883426241122,8473.415958226426
forecast_7188,2025-10-27 12:00:00,11354.769312096176,12121.745389359643,8718.771436067385
forecast_7189,2025-10-27 13:00:00,11969.73463090172,12857.807733114652,9617.399577654172
forecast_7190,2025-10-27 14:00:00,12957.183160176066,13711.56986878702,10182.8467158491
forecast_7191,2025-10-27 15:00:00,13736.38320002649,14550.58770205194,10360.341776371111
forecast_7192,2025-10-27 16:00:00,14479.324815063108,15261.975395365333,10673.277211907522
forecast_7193,2025-10-27 17:00:00,14392.88980993524,15497.10167566251,10516.525421615193
forecast_7194,2025-10-27 18:00:00,14024.316597042833,15285.760795138905,9934.526757257001
forecast_7195,2025-10-27 19:00:00,13328.40616710421,14412.137150641389,10057.332818824043
forecast_7196,2025-10-27 20:00:00,13128.977210006859,14321.931426405685,10430.6389827552
forecast_7197,2025-10-27 21:00:00,13043.537579142943,13935.909157205248,10999.743337822694
forecast_7198,2025-10-27 22:00:00,13197.023357868957,14386.451491368873,10861.7073473679
forecast_7199,2025-10-27 23:00:00,12360.72277790334,13661.033590947687,10717.44301060409
forecast_7200,2025-10-28 00:00:00,12489.966477388492,13291.491172220034,10207.61996175767
forecast_7201,2025-10-28 01:00:00,12649.964246826856,14150.721151432961,10744.036798201314
forecast_7202,2025-10-28 02:00:00,13227.85020517388,14500.30520799933,11195.572433291618
forecast_7203,2025-10-28 03:00:00,13697.427624382619,14963.330881037878,11536.57255972767
forecast_7204,2025-10-28 04:00:00,14185.906390247772,14543.91858197444,10033.053821859101
forecast_7205,2025-10-28 05:00:00,12767.847464609828,14158.486948708865,10144.269923004664
forecast_7206,2025-10-28 06:00:00,11798.472739376406,13275.639523996413,9413.614940368889
forecast_7207,2025-10-28 07:00:00,11149.442752391766,12349.664343357374,8566.570393280343
forecast_7208,2025-10-28 08:00:00,8988.853549578633,10027.126346747546,7350.8665141604915
forecast_7209,2025-10-28 09:00:00,6673.351755813216,6978.379019479657,6213.652820771936
forecast_7210,2025-10-28 10:00:00,6125.003975974228,5953.580524188979,5146.683730491688
forecast_7211,2025-10-28 11:00:00,3951.0062321923015,4121.604408962294,3925.934207528017
forecast_7212,2025-10-28 12:00:00,3896.127647163071,3879.1194328735637,3422.5211589822634
forecast_7213,2025-10-28 13:00:00,4338.359745949185,4000.660471580764,3497.464981819989
forecast_7214,2025-10-28 14:00:00,4157.975640277391,4065.214124975814,3456.6132926185887
forecast_7215,2025-10-28 15:00:00,4020.063745330472,3886.6189179566522,3663.2354880214384
forecast_7216,2025-10-28 16:00:00,3852.720685626299,3872.442935568256,3719.8426126145237
forecast_7217,2025-10-28 17:00:00,4152.039975503022,4225.262374699148,3740.6653039829816
forecast_7218,2025-10-28 18:00:00,5832.892131548572,5906.549570671506,3915.568921328318
forecast_7219,2025-10-28 19:00:00,7580.171518356243,7162.675233063307,5852.042341490494
forecast_7220,2025-10-28 20:00:00,8932.42186146712,7794.613958598881,7233.192912979657
forecast_7221,2025-10-28 21:00:00,9834.173787122649,9163.924466409622,8148.96718586909
forecast_7222,2025-10-28 22:00:00,10035.007663169392,9940.1772353275,8184.493162413181
forecast_7223,2025-10-28 23:00:00,9427.44225059688,9680.910261635212,7735.344104883777
forecast_7224,2025-10-29 00:00:00,9361.075390671196,9711.904053263052,7703.098496096277
forecast_7225,2025-10-29 01:00:00,5853.36237702542,6433.120310397513,3819.182086896694
forecast_7226,2025-10-29 02:00:00,5814.050065045792,5510.129450113487,3797.854671608024
forecast_7227,2025-10-29 03:00:00,5644.7529914838115,5237.847562022771,3567.2694904678388
forecast_7228,2025-10-29 04:00:00,5347.173002710604,5026.656181640195,3652.1512667313855
forecast_7229,2025-10-29 05:00:00,4922.413016125972,4601.328732642058,3430.037271148394
forecast_7230,2025-10-29 06:00:00,4231.761141353964,3948.5462729024557,3326.151293278254
forecast_7231,2025-10-29 07:00:00,3777.2846616948723,3769.637921132994,3526.8668474990022
forecast_7232,2025-10-29 08:00:00,3888.278197849076,3860.3704895346805,3574.4448924308467
forecast_7233,2025-10-29 09:00:00,3488.430021610796,3635.504305733085,3019.716146046819
forecast_7234,2025-10-29 10:00:00,2568.4101752364277,2971.5530034815997,1302.9887794829544
forecast_7235,2025-10-29 11:00:00,1030.4449054598358,2074.43742562134,0.3443844263714639
forecast_7236,2025-10-29 12:00:00,2956.4135857078822,2061.1786930107496,0.05408828535920081
forecast_7237,2025-10-29 13:00:00,3056.3568758798847,2158.928479464148,8.129569907857285
forecast_7238,2025-10-29 14:00:00,17.481587445150396,2139.429674884067,2202.289184377102
forecast_7239,2025-10-29 15:00:00,2785.1937266261602,3631.837428674259,3446.824572118875
forecast_7240,2025-10-29 16:00:00,4155.200622881068,4803.942290379975,4148.8462271274375
forecast_7241,2025-10-29 17:00:00,3894.8001294378673,3948.5412796413098,5894.48907622173
forecast_7242,2025-10-29 18:00:00,6018.004659439107,6440.90205915189,3973.797379071208
forecast_7243,2025-10-29 19:00:00,4704.819819661465,5593.845352318906,3771.0423797531225
forecast_7244,2025-10-29 20:00:00,3566.9191506838824,3259.525826794891,3405.962472710976
forecast_7245,2025-10-29 21:00:00,3934.1743074415194,3839.5297684190105,3431.540707994999
forecast_7246,2025-10-29 22:00:00,4350.055527582418,4129.539441751073,3330.927254896911
forecast_7247,2025-10-29 23:00:00,4902.058322297008,5105.47302918579,3699.960582395035
forecast_7248,2025-10-30 00:00:00,5226.533873521141,5321.098222435073,3950.3063440008996
forecast_7249,2025-10-30 01:00:00,7932.022388719308,7865.21359061923,5042.112054494637
forecast_7250,2025-10-30 02:00:00,10021.995443343336,9795.800165711871,5713.137156288479
forecast_7251,2025-10-30 03:00:00,12702.596619849899,12525.42184414784,7801.4085949024175
forecast_7252,2025-10-30 04:00:00,14642.382926435617,14328.037157952374,8991.527248916014
forecast_7253,2025-10-30 05:00:00,14296.435046267115,14065.982236586104,9856.599873783895
forecast_7254,2025-10-30 06:00:00,13619.154791972378,13216.005845961306,9356.262484661396
forecast_7255,2025-10-30 07:00:00,12127.402028067245,11815.438018857503,8210.00459315437
forecast_7256,2025-10-30 08:00:00,10591.492891977026,9734.079522207374,6225.043085180605
forecast_7257,2025-10-30 09:00:00,8874.454320645704,8011.033170891852,4705.5371870305835
forecast_7258,2025-10-30 10:00:00,6121.2185951338515,5463.128495821571,3878.2008611613783
forecast_7259,2025-10-30 11:00:00,4226.091456297355,4254.276005563393,3703.1009771090085
forecast_7260,2025-10-30 12:00:00,4925.820380620732,5338.328183157955,3855.0876527515034
forecast_7261,2025-10-30 13:00:00,4961.058910869009,4311.817770173393,3527.7282238466537
forecast_7262,2025-10-30 14:00:00,4340.158600367485,4006.1957270751736,3416.964866085349
forecast_7263,2025-10-30 15:00:00,4592.967850913364,3854.7145222359964,3317.0079936093566
forecast_7264,2025-10-30 16:00:00,3942.5362314747995,3652.5972007814107,3356.708167392686
forecast_7265,2025-10-30 17:00:00,5139.604823548101,5057.306503448869,3992.781114596964
forecast_7266,2025-10-30 18:00:00,3855.280740009846,3790.604524246894,3601.790909298473
forecast_7267,2025-10-30 19:00:00,3860.0286003170613,3893.412201142742,3556.7553839851926
forecast_7268,2025-10-30 20:00:00,4013.959831906492,3771.8576701969478,3520.2317376304336
forecast_7269,2025-10-30 21:00:00,4777.680899039633,4540.406167780949,3586.6207321004263
forecast_7270,2025-10-30 22:00:00,4628.255268571094,4367.252637955948,3584.138773992674
forecast_7271,2025-10-30 23:00:00,4422.184388906048,4462.244326525447,3730.707920825698
forecast_7272,2025-10-31 00:00:00,4487.740181027081,4419.024091645687,3747.6665671222822
forecast_7273,2025-10-31 01:00:00,3802.196024673367,3312.451654538413,2896.408841105776
forecast_7274,2025-10-31 02:00:00,3278.6560119606584,2758.515396238264,3050.7593630541346
forecast_7275,2025-10-31 03:00:00,3546.7607060743703,3319.6505178417237,3216.651452518631
forecast_7276,2025-10-31 04:00:00,3430.396020779212,3135.0567629213847,2149.4076027863975
forecast_7277,2025-10-31 05:00:00,3419.912565401771,3507.4187425971418,843.6288337171957
forecast_7278,2025-10-31 06:00:00,3201.2864854429395,3703.1726608814715,103.53671519946805
forecast_7279,2025-10-31 07:00:00,3625.8005475116975,3390.618280584155,96.3218356886346
forecast_7280,2025-10-31 08:00:00,2703.759160784414,2909.1054151859594,102.14905767564125
forecast_7281,2025-10-31 09:00:00,3760.36971687418,3445.804926272991,1080.240960346755
forecast_7282,2025-10-31 10:00:00,3620.83635020032,2932.117663835293,1774.5004102594924
forecast_7283,2025-10-31 11:00:00,2985.783712312061,3007.690584479386,1723.5883286429673
forecast_7284,2025-10-31 12:00:00,4887.728807207471,2805.6217378271353,825.5928298360399
forecast_7285,2025-10-31 13:00:00,134.07464455810415,126.90504679809473,95.01587691914844
forecast_7286,2025-10-31 14:00:00,85.13771587725196,84.90578174682828,54.56384797273826
forecast_7287,2025-10-31 15:00:00,66.06270675186745,64.15361450540857,45.996850128506445
forecast_7288,2025-10-31 16:00:00,47.57663268139041,50.59566152596098,24.650892544933807
forecast_7289,2025-10-31 17:00:00,4140.778817596411,5219.270351315889,2133.5428516300744
forecast_7290,2025-10-31 18:00:00,3614.514723276283,3424.7249663861967,3198.5475998655847
forecast_7291,2025-10-31 19:00:00,3770.851291045112,4044.0280503781964,3667.3393571739634
forecast_7292,2025-10-31 20:00:00,4911.22632231295,4780.12878292272,3881.054289078505
forecast_7293,2025-10-31 21:00:00,7417.382425037375,7278.653678559661,4640.307740785094
forecast_7294,2025-10-31 22:00:00,9601.722180340304,8776.698254843546,5455.8539320959735
forecast_7295,2025-10-31 23:00:00,9531.809362995351,9462.151665901241,5979.859369409385
forecast_7296,2025-11-01 00:00:00,9020.88683058706,9490.798742454821,5803.112615983062
forecast_7297,2025-11-01 01:00:00,9353.084762218608,9998.68584694279,6797.86021850556
forecast_7298,2025-11-01 02:00:00,8695.051071783722,9235.126134683436,6537.104770488858
forecast_7299,2025-11-01 03:00:00,8540.057910032123,8842.829430202602,7213.649415343007
forecast_7300,2025-11-01 04:00:00,9731.873624461867,10098.356819856126,8622.780022372137
forecast_7301,2025-11-01 05:00:00,11729.445295040208,12606.87485046093,10824.981267771818
forecast_7302,2025-11-01 06:00:00,12186.931805835986,13418.482426732457,11984.251214131978
forecast_7303,2025-11-01 07:00:00,12875.568451663963,14420.149491944774,11903.62820696002
forecast_7304,2025-11-01 08:00:00,13494.336872458787,14705.624832432897,12273.038135498467
forecast_7305,2025-11-01 09:00:00,14106.596077818287,15932.320842506908,12356.97911790104
forecast_7306,2025-11-01 10:00:00,14428.63652663233,15750.73466301163,12206.613940847134
forecast_7307,2025-11-01 11:00:00,14078.336534421926,14560.780831125723,11480.824585853961
forecast_7308,2025-11-01 12:00:00,13420.961356559588,13461.151467242129,10382.967818844705
forecast_7309,2025-11-01 13:00:00,13412.502555829844,13038.490562387484,10253.66565485476
forecast_7310,2025-11-01 14:00:00,13830.472816797695,13320.013435387304,10236.879120741827
forecast_7311,2025-11-01 15:00:00,13496.419550982393,13333.541697839997,9978.643557373198
forecast_7312,2025-11-01 16:00:00,13331.642864591326,13476.867808497309,9913.233360794078
forecast_7313,2025-11-01 17:00:00,13357.069748745516,13646.042390761264,9799.584700072517
forecast_7314,2025-11-01 18:00:00,13107.746488528164,14107.576570872332,10030.07164996801
forecast_7315,2025-11-01 19:00:00,13396.69269330335,14481.862543156027,10965.528048252194
forecast_7316,2025-11-01 20:00:00,14231.97853115989,15055.41576573389,12024.912881506103
forecast_7317,2025-11-01 21:00:00,15498.373636857028,15585.30230239524,13230.238517386353
forecast_7318,2025-11-01 22:00:00,16307.669080599142,16438.91949452777,14618.41289167791
forecast_7319,2025-11-01 23:00:00,16652.542870937392,16794.112264270472,15459.652245745732
forecast_7320,2025-11-02 00:00:00,16957.34011309795,17321.142932959217,16032.958064665258
forecast_7321,2025-11-02 01:00:00,16765.359951035138,17451.49365955376,15766.70755024097
forecast_7322,2025-11-02 02:00:00,16700.69441846642,17186.121275843852,15297.14986385923
forecast_7323,2025-11-02 03:00:00,16544.189868481044,17041.077312715224,14482.434032838522
forecast_7324,2025-11-02 04:00:00,16448.937488197276,16972.821078744924,14183.460561622032
forecast_7325,2025-11-02 05:00:00,16649.404460335394,17089.859811795606,14440.88798076832
forecast_7326,2025-11-02 06:00:00,16903.391894876866,17295.76276958127,15047.170524817417
forecast_7327,2025-11-02 07:00:00,17163.745588530557,17776.791692677736,15868.444092305112
forecast_7328,2025-11-02 08:00:00,17451.85952375372,18158.04559549799,16503.28063903509
forecast_7329,2025-11-02 09:00:00,17538.548952996753,18280.796346068888,16576.63092002359
forecast_7330,2025-11-02 10:00:00,17355.316386202376,18356.081884879324,16628.63087532343
forecast_7331,2025-11-02 11:00:00,17092.723431488906,17791.89060386981,15799.830362969707
forecast_7332,2025-11-02 12:00:00,16423.722321790414,17159.240335697432,14444.269911452422
forecast_7333,2025-11-02 13:00:00,15816.208767799337,16267.986672649864,13129.152541743557
forecast_7334,2025-11-02 14:00:00,15025.6283071147,16061.02636396791,11764.652421534433
forecast_7335,2025-11-02 15:00:00,14465.312801952416,15827.934312959029,10241.039167179804
forecast_7336,2025-11-02 16:00:00,13975.648098387252,14349.970276884345,9608.509642285124
forecast_7337,2025-11-02 17:00:00,13376.393542319729,13425.46631329686,9272.019908598875
forecast_7338,2025-11-02 18:00:00,12714.148733379381,12842.320740415531,9714.96922524384
forecast_7339,2025-11-02 19:00:00,12118.365534140428,12637.533106056851,10476.772503305341
forecast_7340,2025-11-02 20:00:00,10412.736309791966,11542.060054930986,9234.661982421227
forecast_7341,2025-11-02 21:00:00,8602.408239022394,9452.285880770094,7391.797822179129
forecast_7342,2025-11-02 22:00:00,8432.608996648452,9339.990566355458,6681.995369283835
forecast_7343,2025-11-02 23:00:00,8431.46638907043,10094.819785992056,6792.976054796433
forecast_7344,2025-11-03 00:00:00,8204.009094131487,9902.417465957262,6530.874573940989
forecast_7345,2025-11-03 01:00:00,9859.001132414904,11533.064426551391,8338.983377694916
forecast_7346,2025-11-03 02:00:00,9020.324977642802,9561.62287545503,6119.165657454827
forecast_7347,2025-11-03 03:00:00,8272.680699705561,8794.658617819672,6211.233253949059
forecast_7348,2025-11-03 04:00:00,6942.899720855295,8083.518630435754,5904.6040912603685
forecast_7349,2025-11-03 05:00:00,6351.719517675686,6838.936167190705,4484.744470616093
forecast_7350,2025-11-03 06:00:00,4908.137233803951,5297.076309984699,3812.860181605116
forecast_7351,2025-11-03 07:00:00,4200.740937613486,4700.828050393809,3800.074794247443
forecast_7352,2025-11-03 08:00:00,4041.6547633044925,3972.277433874428,3412.82555512484
forecast_7353,2025-11-03 09:00:00,3640.8540372281695,3932.619109158193,3453.6446351210802
forecast_7354,2025-11-03 10:00:00,3246.300522755239,3525.406822336798,2938.017282550778
forecast_7355,2025-11-03 11:00:00,3030.7395080177107,3404.3008769925505,2977.423552007248
forecast_7356,2025-11-03 12:00:00,2315.5652627930053,2775.359847715392,2393.1020934571497
forecast_7357,2025-11-03 13:00:00,2402.562466145689,136.0092917649393,867.2404714742469
forecast_7358,2025-11-03 14:00:00,45.115998372872085,48.30278852592766,52.049281242249805
forecast_7359,2025-11-03 15:00:00,20.48773776107335,19.182691852025265,15.044408033745913
forecast_7360,2025-11-03 16:00:00,8.19994274424031,9.16966937721919,1084.9865948274203
forecast_7361,2025-11-03 17:00:00,1779.130971984609,4145.433028040766,1125.595177352548
forecast_7362,2025-11-03 18:00:00,2850.9661865867956,2606.8751958786597,3300.8166099244418
forecast_7363,2025-11-03 19:00:00,3795.5818091991996,3422.460624586584,3154.268201125668
forecast_7364,2025-11-03 20:00:00,4575.890496837882,4467.633107675953,3929.978897090362
forecast_7365,2025-11-03 21:00:00,4775.253011189018,4089.1756802740133,3908.5518123739043
forecast_7366,2025-11-03 22:00:00,5184.4827731651485,4957.611346645755,3754.3252778469996
forecast_7367,2025-11-03 23:00:00,7348.654947986013,7883.517325281883,4945.658669241269
forecast_7368,2025-11-04 00:00:00,8988.82298455327,9713.63915194172,5947.711022770887
forecast_7369,2025-11-04 01:00:00,9018.39648285446,10005.42136025291,6093.4473834903765
forecast_7370,2025-11-04 02:00:00,9298.548334130934,10348.281128947605,6239.309516535141
forecast_7371,2025-11-04 03:00:00,9845.69938656951,11004.175854570294,6589.9552094582095
forecast_7372,2025-11-04 04:00:00,9484.033067872759,11198.983322359285,7111.406650198386
forecast_7373,2025-11-04 05:00:00,9984.039918804085,11912.317770908241,7460.074844034846
forecast_7374,2025-11-04 06:00:00,10827.512231312165,13384.261888572562,8073.122579467692
forecast_7375,2025-11-04 07:00:00,11554.731000286514,12677.37154655049,8922.929907653843
forecast_7376,2025-11-04 08:00:00,12251.733241352473,13344.861905279658,10371.935624190168
forecast_7377,2025-11-04 09:00:00,12334.54521362484,13983.154744770869,12152.545935247234
forecast_7378,2025-11-04 10:00:00,12647.14350666194,13665.17265312942,11959.485074669015
forecast_7379,2025-11-04 11:00:00,11782.840696057921,12652.841791170918,10209.438850071614
forecast_7380,2025-11-04 12:00:00,9829.094789262912,10608.975823998871,9008.243792871815
forecast_7381,2025-11-04 13:00:00,9325.862092779187,9764.178062334871,7997.1017191481
forecast_7382,2025-11-04 14:00:00,8486.55180744683,8394.523038549214,6973.972052197773
forecast_7383,2025-11-04 15:00:00,7826.549030670186,7661.026005069524,6914.759607445586
forecast_7384,2025-11-04 16:00:00,6920.1735368788,6914.019777681274,6622.770171845691
forecast_7385,2025-11-04 17:00:00,8896.722548471289,9148.081768670158,7536.69900134197
forecast_7386,2025-11-04 18:00:00,10349.103056096263,10553.77859720981,8297.59010310096
forecast_7387,2025-11-04 19:00:00,11933.319998276316,12232.810531416604,9764.678282440153
forecast_7388,2025-11-04 20:00:00,12054.083923741893,12274.232782688008,9886.162255559368
forecast_7389,2025-11-04 21:00:00,11816.155346506486,11751.264075339244,9277.107890787182
forecast_7390,2025-11-04 22:00:00,10577.987036953282,10276.451658914939,7534.27261296908
forecast_7391,2025-11-04 23:00:00,8970.963595198928,8851.92814411934,6136.225062416404
forecast_7392,2025-11-05 00:00:00,7998.083779378754,7758.543784039183,5177.320562663656
forecast_7393,2025-11-05 01:00:00,6340.470736053826,5896.421056839095,3797.3027226081804
forecast_7394,2025-11-05 02:00:00,4784.704350548549,4348.212530711997,3937.964556611657
forecast_7395,2025-11-05 03:00:00,4900.030639263181,4221.284948913818,3695.354789751596
forecast_7396,2025-11-05 04:00:00,4309.450190191774,4347.499188548526,3615.6437190557003
forecast_7397,2025-11-05 05:00:00,3769.151182489793,3590.0942446340237,2995.0074453671623
forecast_7398,2025-11-05 06:00:00,3323.396859837079,3948.0523325876006,1691.1630411544384
forecast_7399,2025-11-05 07:00:00,3030.6168389396353,2601.5356229316353,19.93132495732088
forecast_7400,2025-11-05 08:00:00,3659.4653078342626,3476.102069209384,22.482071140928163
forecast_7401,2025-11-05 09:00:00,3315.117447448661,3237.265692844009,16.318236983979855
forecast_7402,2025-11-05 10:00:00,3786.9868763447166,3299.9091922011858,1125.0753242564535
forecast_7403,2025-11-05 11:00:00,4723.048601443609,4415.575277200758,28.097912121448392
forecast_7404,2025-11-05 12:00:00,4437.147285439281,2984.8120945445426,25.73176646891969
forecast_7405,2025-11-05 13:00:00,4402.430163044765,2604.5012712381163,15.028377447353165
forecast_7406,2025-11-05 14:00:00,4424.7427914083055,2555.899590076297,11.215871470523602
forecast_7407,2025-11-05 15:00:00,1977.5929547726168,26.170716504797,16.440694476618816
forecast_7408,2025-11-05 16:00:00,1826.2744888590578,26.702181682505444,16.655759614731956
forecast_7409,2025-11-05 17:00:00,2234.292007054011,2301.0210637791806,22.434584336953428
forecast_7410,2025-11-05 18:00:00,2882.099535597781,2757.235814320063,32.35821403598594
forecast_7411,2025-11-05 19:00:00,3509.3963932461947,3563.954606746198,929.0756551421059
forecast_7412,2025-11-05 20:00:00,3772.967221012393,3648.934962332466,1920.7461842458588
forecast_7413,2025-11-05 21:00:00,3744.270410543125,3421.4120118506753,1394.078043127776
forecast_7414,2025-11-05 22:00:00,3489.3818543533807,3344.4476368675582,852.564781730072
forecast_7415,2025-11-05 23:00:00,3618.6511926933135,3332.4507340684054,4037.4832083692813
forecast_7416,2025-11-06 00:00:00,3839.305532690651,3335.7944966687623,3591.118197960696
forecast_7417,2025-11-06 01:00:00,4347.312000698194,4392.3489446265585,3787.9964309186835
forecast_7418,2025-11-06 02:00:00,4062.908325632857,4039.806549683917,3693.06588590406
forecast_7419,2025-11-06 03:00:00,5236.42983437869,4777.0874023666975,3763.172543720507
forecast_7420,2025-11-06 04:00:00,5812.785273133571,5321.169313774124,3762.4465564720076
forecast_7421,2025-11-06 05:00:00,6566.089527211583,6023.921997618392,3808.0367065489313
forecast_7422,2025-11-06 06:00:00,6436.194408682607,5919.43079719406,3758.550699481954
forecast_7423,2025-11-06 07:00:00,5389.75933535387,4942.47920356091,3723.117470933853
forecast_7424,2025-11-06 08:00:00,3980.386969001786,3848.4891755788276,3731.939252585161
forecast_7425,2025-11-06 09:00:00,3840.4419370640903,3765.0041156705497,3721.336505493581
forecast_7426,2025-11-06 10:00:00,3745.747350885416,3827.1844334009284,3138.5084465465834
forecast_7427,2025-11-06 11:00:00,2965.478244243307,3118.322604647423,2180.684794733934
forecast_7428,2025-11-06 12:00:00,3308.0524904555696,3246.5970535392653,1094.8737551837175
forecast_7429,2025-11-06 13:00:00,3536.198199256033,3108.8557838849865,92.75278015231495
forecast_7430,2025-11-06 14:00:00,3239.191906184154,2921.0182479745044,1105.1026057945578
forecast_7431,2025-11-06 15:00:00,3241.049604604669,2686.5870069544953,36.565965910463085
forecast_7432,2025-11-06 16:00:00,2896.2431030844937,3004.9979105012003,1696.2098409326347
forecast_7433,2025-11-06 17:00:00,2984.2936853966517,2972.1251999936303,239.29271442619716
forecast_7434,2025-11-06 18:00:00,3521.0930192599358,3426.989830967122,1189.3059184504639
forecast_7435,2025-11-06 19:00:00,3287.988315673339,3265.1710163849148,2301.2967038105367
forecast_7436,2025-11-06 20:00:00,3117.7344801610693,2954.943247177549,1127.6773287641263
forecast_7437,2025-11-06 21:00:00,3996.815054971163,3860.9602318703533,2240.6485698867536
forecast_7438,2025-11-06 22:00:00,3704.798167056459,3698.335931068109,2178.8753052408333
forecast_7439,2025-11-06 23:00:00,3638.414433044324,3555.1124304347168,1104.2989615269678
forecast_7440,2025-11-07 00:00:00,3316.773314791647,3595.8407562199386,1621.3876818841943
forecast_7441,2025-11-07 01:00:00,3575.4258293869843,3271.059000239618,2480.792187196796
forecast_7442,2025-11-07 02:00:00,3924.583715271379,3745.4891498314178,3438.904722861256
forecast_7443,2025-11-07 03:00:00,4575.820007927924,4270.926064254728,3660.479035530568
forecast_7444,2025-11-07 04:00:00,4770.567964405477,4323.523877656585,3758.076989167794
forecast_7445,2025-11-07 05:00:00,4015.4887282180734,3909.1979171163616,3799.021098592153
forecast_7446,2025-11-07 06:00:00,3899.8681449641604,4279.045494396692,3871.1353728338695
forecast_7447,2025-11-07 07:00:00,4310.507045246044,4196.141168800039,3571.7598312589244
forecast_7448,2025-11-07 08:00:00,3101.989804988035,3221.0590982951267,2743.935633099577
forecast_7449,2025-11-07 09:00:00,2776.9652374119605,2948.8131855198058,24.254165486036847
forecast_7450,2025-11-07 10:00:00,1597.1446341461317,2265.6458634039186,0.8886177822473812
forecast_7451,2025-11-07 11:00:00,1186.7438413793113,1913.3804176500657,0.10374804745632663
forecast_7452,2025-11-07 12:00:00,0.0,0.0,0.0
forecast_7453,2025-11-07 13:00:00,24.566773486631988,25.327264227854965,19.948416527607453
forecast_7454,2025-11-07 14:00:00,1376.6333622778855,120.7875333939525,103.01723794248538
forecast_7455,2025-11-07 15:00:00,1764.8104960977698,3164.7834700103535,2420.090153345557
forecast_7456,2025-11-07 16:00:00,3025.527466516037,3757.514430055181,2945.3651950105223
forecast_7457,2025-11-07 17:00:00,3060.9561738297994,3459.6430899724023,2624.6009021934283
forecast_7458,2025-11-07 18:00:00,2993.8193031268643,3742.3080319028236,2868.9979469196173
forecast_7459,2025-11-07 19:00:00,3262.3594454181098,3519.666095830774,2723.22352720539
forecast_7460,2025-11-07 20:00:00,3333.79640311325,3491.952521516861,3226.40175192171
forecast_7461,2025-11-07 21:00:00,3350.3900467448557,3527.612895138765,3160.4252402647135
forecast_7462,2025-11-07 22:00:00,3334.4425793980067,3749.2812316990503,3111.725023918724
forecast_7463,2025-11-07 23:00:00,3188.7601526888925,3718.3559798697834,3014.160589490225
forecast_7464,2025-11-08 00:00:00,3182.7275271152275,3622.3575466601637,2941.656298357877
forecast_7465,2025-11-08 01:00:00,3391.7546978399955,3466.6604528762546,3114.089913251684
forecast_7466,2025-11-08 02:00:00,3461.476154490849,3481.983977924901,3063.0496030818204
forecast_7467,2025-11-08 03:00:00,3393.171081522846,3331.698307787141,2957.5577638616305
forecast_7468,2025-11-08 04:00:00,3217.9595219813327,3323.5377497956915,2436.6480804938046
forecast_7469,2025-11-08 05:00:00,3442.055572475347,3350.6371600101133,2699.7538964489218
forecast_7470,2025-11-08 06:00:00,3791.916640331558,3603.648858054242,2868.92180274253
forecast_7471,2025-11-08 07:00:00,3874.9228214525992,3739.400582867261,2912.4921905017304
forecast_7472,2025-11-08 08:00:00,3789.685646149356,3731.4983990466185,3515.6670244063125
forecast_7473,2025-11-08 09:00:00,3893.1788548037016,3759.40830673917,3240.994682247003
forecast_7474,2025-11-08 10:00:00,3889.8902694222784,3873.9605313988377,3347.905683213635
forecast_7475,2025-11-08 11:00:00,3651.190681478604,3578.809215317291,3215.0086966961285
forecast_7476,2025-11-08 12:00:00,3333.0481031478635,3263.857085973798,3010.0572776963995
forecast_7477,2025-11-08 13:00:00,3651.008606826008,3722.6755227797325,3089.2471527662433
forecast_7478,2025-11-08 14:00:00,3824.4825253756153,3933.090576915814,3591.541304625237
forecast_7479,2025-11-08 15:00:00,3888.418603933587,4066.6870085910937,3542.2154026415064
forecast_7480,2025-11-08 16:00:00,4110.70591501425,3922.9107636446706,3431.246617504209
forecast_7481,2025-11-08 17:00:00,4052.181075434235,4127.405601661502,3800.3987882716838
forecast_7482,2025-11-08 18:00:00,3784.929350174132,3923.6443756611757,3449.3306979426793
forecast_7483,2025-11-08 19:00:00,3721.2097099762946,3898.861302693207,3296.739369096153
forecast_7484,2025-11-08 20:00:00,3877.8298138601826,3888.389369108285,3627.6079160848685
forecast_7485,2025-11-08 21:00:00,4600.724731932134,4860.90941900635,3844.6519399700746
forecast_7486,2025-11-08 22:00:00,6051.329092838478,6558.013249076606,4685.065893271831
forecast_7487,2025-11-08 23:00:00,7425.3509761987525,9524.927381742433,5901.666799915914
forecast_7488,2025-11-09 00:00:00,7793.101837251463,8688.957445869228,6473.253173104482
forecast_7489,2025-11-09 01:00:00,8597.022410718162,9057.377172693525,6265.26834499423
forecast_7490,2025-11-09 02:00:00,8621.905764558724,9470.683886449522,5450.012343576982
forecast_7491,2025-11-09 03:00:00,10244.678613315878,10438.905878222842,5873.349381742869
forecast_7492,2025-11-09 04:00:00,11950.622444551847,12530.977915191765,6884.7260913723685
forecast_7493,2025-11-09 05:00:00,11813.95109197558,13193.248202599667,8327.983161492328
forecast_7494,2025-11-09 06:00:00,14108.436182460247,14066.695320328314,9567.773975026894
forecast_7495,2025-11-09 07:00:00,14896.261265653155,14452.59259299799,11428.485295753215
forecast_7496,2025-11-09 08:00:00,16242.925183527126,15195.78276808034,12414.543425450966
forecast_7497,2025-11-09 09:00:00,14790.233444092715,15672.66862432573,12553.552854795811
forecast_7498,2025-11-09 10:00:00,13359.908642219445,14668.9346175749,12466.308059483805
forecast_7499,2025-11-09 11:00:00,12545.502811922888,13352.91712639947,11244.078869188794
forecast_7500,2025-11-09 12:00:00,12038.941174593065,12584.760965786832,10876.507325989245
forecast_7501,2025-11-09 13:00:00,12437.561872111608,12368.921866922225,10133.093723987326
forecast_7502,2025-11-09 14:00:00,12183.794847649753,12914.78400350733,9863.624387079215
forecast_7503,2025-11-09 15:00:00,12728.73571117292,12835.90162531431,9819.631839376507
forecast_7504,2025-11-09 16:00:00,13419.776968816415,13572.338852454186,9823.022525678005
forecast_7505,2025-11-09 17:00:00,13724.863005977788,13883.585023527972,10181.30752512224
forecast_7506,2025-11-09 18:00:00,14522.864874971285,14846.393056911073,11105.48265027997
forecast_7507,2025-11-09 19:00:00,15356.257692684632,15862.883966244506,12345.914853681084
forecast_7508,2025-11-09 20:00:00,16565.223960843447,16866.788329112536,13583.3660097061
forecast_7509,2025-11-09 21:00:00,16840.739900572924,17540.489222681987,14705.521885841215
forecast_7510,2025-11-09 22:00:00,16403.912124002098,17405.572668989236,14383.952327227405
forecast_7511,2025-11-09 23:00:00,15361.667308973878,16426.692299629456,13348.842805012482
forecast_7512,2025-11-10 00:00:00,15046.834148720885,15691.51350305369,13010.860966343322
forecast_7513,2025-11-10 01:00:00,14628.461992353265,15010.012926392072,12085.536507768895
forecast_7514,2025-11-10 02:00:00,14250.535584108873,13972.075511678568,11870.793186116443
forecast_7515,2025-11-10 03:00:00,14114.304101497288,13792.618060300836,11684.943947464104
forecast_7516,2025-11-10 04:00:00,14097.236175043026,14082.70307166044,11777.651776107992
forecast_7517,2025-11-10 05:00:00,14413.36773964904,14621.834857673362,12609.097126610299
forecast_7518,2025-11-10 06:00:00,15310.104694156393,15630.837039797065,13869.18378756897
forecast_7519,2025-11-10 07:00:00,15567.924003193883,16343.680601388469,14475.937173833285
forecast_7520,2025-11-10 08:00:00,15978.940294048702,16795.128173353976,13917.088649034828
forecast_7521,2025-11-10 09:00:00,14831.799253368546,16075.07071855771,12734.597604304405
forecast_7522,2025-11-10 10:00:00,13748.860688112645,14715.935926169412,11512.161120897346
forecast_7523,2025-11-10 11:00:00,11324.879682619887,12268.152972948232,9451.876883438903
forecast_7524,2025-11-10 12:00:00,9118.237736664678,9922.375741954644,7524.085530963391
forecast_7525,2025-11-10 13:00:00,7785.0032919578225,7578.69960735873,4744.191964006656
forecast_7526,2025-11-10 14:00:00,6001.045087477917,6782.179313624319,4135.452883748735
forecast_7527,2025-11-10 15:00:00,6280.877887494629,6707.54501365288,3819.280276662512
forecast_7528,2025-11-10 16:00:00,6730.702298172205,6797.67991748526,4232.2064248475535
forecast_7529,2025-11-10 17:00:00,9685.539067947846,9170.765857411829,5716.626571267942
forecast_7530,2025-11-10 18:00:00,12869.225306901972,13106.000824651253,9113.215273075593
forecast_7531,2025-11-10 19:00:00,15924.194598763725,16016.603976474404,12121.338537480415
forecast_7532,2025-11-10 20:00:00,17386.045306392913,17397.426941126185,13888.763830798427
forecast_7533,2025-11-10 21:00:00,18568.39165191046,17667.47573942446,14673.166580571251
forecast_7534,2025-11-10 22:00:00,18771.208622389673,18702.75708816409,14990.297297603773
forecast_7535,2025-11-10 23:00:00,18819.646886829763,18759.633466022646,15637.70076469386
forecast_7536,2025-11-11 00:00:00,19021.700771426586,18788.081133851098,15432.555774190503
forecast_7537,2025-11-11 01:00:00,18797.327891043595,18733.836385189847,16386.80994621206
forecast_7538,2025-11-11 02:00:00,18713.09885974985,18709.356072004648,16218.142395487017
forecast_7539,2025-11-11 03:00:00,17696.062750069697,18015.28783644753,13989.422186507167
forecast_7540,2025-11-11 04:00:00,16208.881964034439,16659.73681568272,11897.841373385472
forecast_7541,2025-11-11 05:00:00,12825.97518246491,12861.852193126113,8529.38070243455
forecast_7542,2025-11-11 06:00:00,9713.358305164915,9559.379545528658,5756.103596785468
forecast_7543,2025-11-11 07:00:00,6925.1811089293815,6699.412338663334,4279.396259068571
forecast_7544,2025-11-11 08:00:00,5079.724581691827,4801.166418395867,3790.480927763061
forecast_7545,2025-11-11 09:00:00,4251.494214738105,4099.131342490482,4080.4811908269776
forecast_7546,2025-11-11 10:00:00,4595.290184996378,4366.995056375586,3767.1474502579426
forecast_7547,2025-11-11 11:00:00,3894.1867053080978,3834.8983640562587,3796.2658461372707
forecast_7548,2025-11-11 12:00:00,4554.442543214309,4572.0014646750415,3867.4421415361016
forecast_7549,2025-11-11 13:00:00,3820.4081210708027,3756.536543822656,3363.6388072771015
forecast_7550,2025-11-11 14:00:00,3336.324517859037,3261.5298609674987,3106.913917614313
forecast_7551,2025-11-11 15:00:00,3372.4853301749827,3242.244345089663,2796.904908412231
forecast_7552,2025-11-11 16:00:00,3194.453220524371,3262.890929606832,2470.598078974347
forecast_7553,2025-11-11 17:00:00,3026.3874922404652,3110.404092272722,3813.9660030363157
forecast_7554,2025-11-11 18:00:00,3546.181703765487,3393.2674036876633,3162.1298628453483
forecast_7555,2025-11-11 19:00:00,3518.659835631249,3709.582040478791,3771.1633249443084
forecast_7556,2025-11-11 20:00:00,3710.665653565491,3840.5409629947217,2774.3934398359174
forecast_7557,2025-11-11 21:00:00,3669.614450259997,3587.3775048311845,978.2969040111376
forecast_7558,2025-11-11 22:00:00,3408.165263771336,3495.188751160337,1272.3239992631509
forecast_7559,2025-11-11 23:00:00,3438.691161601615,3108.321314631816,2661.354143464536
forecast_7560,2025-11-12 00:00:00,2729.095376702999,2569.206424689969,1384.156847929726
forecast_7561,2025-11-12 01:00:00,3656.2970950591243,3669.176649399061,3237.6527716331175
forecast_7562,2025-11-12 02:00:00,3788.3341504768555,3501.2991856432127,3568.2438153949524
forecast_7563,2025-11-12 03:00:00,3480.6790307658275,3435.010380634955,3704.8204182616228
forecast_7564,2025-11-12 04:00:00,3761.360290229801,3637.676047077047,3621.418201937177
forecast_7565,2025-11-12 05:00:00,3812.761458422776,3781.5587122422453,3359.0244795083904
forecast_7566,2025-11-12 06:00:00,4662.61002609659,4231.075688464244,4005.0357962970343
forecast_7567,2025-11-12 07:00:00,4515.887592380444,4352.062545839809,3654.310162691154
forecast_7568,2025-11-12 08:00:00,4153.153875665619,4340.783547304763,3639.9706525606484
forecast_7569,2025-11-12 09:00:00,5964.163201263222,6320.356397059344,3750.1779707817973
forecast_7570,2025-11-12 10:00:00,5334.892094074122,5740.7913969407655,3860.7200637765254
forecast_7571,2025-11-12 11:00:00,4892.600383695233,4861.288586656627,4043.3482849580105
forecast_7572,2025-11-12 12:00:00,4292.046524824305,4427.389108083667,3814.0127398194445
forecast_7573,2025-11-12 13:00:00,4521.9544825572675,4343.581468978552,4166.437361105045
forecast_7574,2025-11-12 14:00:00,4284.606821385128,4199.540588777475,3948.947433333224
forecast_7575,2025-11-12 15:00:00,4205.666439458615,4076.7807494243493,3949.9287184382392
forecast_7576,2025-11-12 16:00:00,4874.0905010631295,4826.705210335082,4331.24781168713
forecast_7577,2025-11-12 17:00:00,7055.176591689492,7291.926113977435,6074.136270032528
forecast_7578,2025-11-12 18:00:00,10071.6032870207,10147.387403335062,8281.667744827639
forecast_7579,2025-11-12 19:00:00,12779.887386479842,13082.70695682121,10422.073822887907
forecast_7580,2025-11-12 20:00:00,14589.715396829286,14672.126502726862,11867.285272859215
forecast_7581,2025-11-12 21:00:00,15775.766428659816,15956.556038972403,12844.830742887276
forecast_7582,2025-11-12 22:00:00,16667.238716127602,16875.188057232484,14095.79981926849
forecast_7583,2025-11-12 23:00:00,18089.597585636307,17842.923077604526,15572.485015326245
forecast_7584,2025-11-13 00:00:00,19304.584611948663,18592.018502772713,16254.831742818085
forecast_7585,2025-11-13 01:00:00,18841.77338456081,18875.40638350233,16295.65317637988
forecast_7586,2025-11-13 02:00:00,18951.2824165689,18735.36025911476,16879.288680155605
forecast_7587,2025-11-13 03:00:00,18417.772817063797,18544.87882840044,17267.435049224056
forecast_7588,2025-11-13 04:00:00,17823.52478671262,17879.705575537333,17113.411290401647
forecast_7589,2025-11-13 05:00:00,16639.956295013308,17350.450101347986,15083.573579292488
forecast_7590,2025-11-13 06:00:00,16049.530830517144,16643.906812833753,13879.85738732993
forecast_7591,2025-11-13 07:00:00,14936.823726417426,16137.940976112153,13904.638093803886
forecast_7592,2025-11-13 08:00:00,13699.304353648573,15544.843293140288,10783.939644969714
forecast_7593,2025-11-13 09:00:00,12051.303673118486,14022.188062780913,9590.208934634238
forecast_7594,2025-11-13 10:00:00,11988.997650099891,13882.4558085656,9652.673814037353
forecast_7595,2025-11-13 11:00:00,11374.09278525298,13017.468531709548,8737.103784819928
forecast_7596,2025-11-13 12:00:00,10297.896736237424,10476.296027786315,6625.828883796367
forecast_7597,2025-11-13 13:00:00,6948.900519249655,7205.967660816913,4337.914712527145
forecast_7598,2025-11-13 14:00:00,4434.384714571175,4154.064376930047,3711.4868587260084
forecast_7599,2025-11-13 15:00:00,3922.232371325289,3793.5207991160755,3844.0107897856637
forecast_7600,2025-11-13 16:00:00,4079.877525559166,3932.586282953897,3751.2135114284047
forecast_7601,2025-11-13 17:00:00,5231.857360723199,5235.446360696383,3908.224993681259
forecast_7602,2025-11-13 18:00:00,6178.6314819596655,6084.604070504708,4007.9245514128434
forecast_7603,2025-11-13 19:00:00,6075.991437267573,5691.976813358663,4209.670123768012
forecast_7604,2025-11-13 20:00:00,5619.035349655052,5777.590933633748,3851.627679314668
forecast_7605,2025-11-13 21:00:00,5647.29258364657,5812.608880185232,3897.719567146065
forecast_7606,2025-11-13 22:00:00,6019.174265520779,6177.433348909765,4290.6569910250955
forecast_7607,2025-11-13 23:00:00,6578.057294736447,6711.209366471883,4518.5320344369875
forecast_7608,2025-11-14 00:00:00,7007.633143385162,6809.286502020458,4434.472135693292
forecast_7609,2025-11-14 01:00:00,4450.258841382359,4411.297571130094,3622.090911740981
forecast_7610,2025-11-14 02:00:00,4740.650201899431,4741.801948053609,3831.255315586223
forecast_7611,2025-11-14 03:00:00,4799.278575676489,4911.605176901389,3933.244800302372
forecast_7612,2025-11-14 04:00:00,5203.977500832504,4883.331259079165,3907.2366003559264
forecast_7613,2025-11-14 05:00:00,6148.449946036061,5523.308633637262,3781.4591190936703
forecast_7614,2025-11-14 06:00:00,6479.872630865193,5271.631324131503,3747.7254162502422
forecast_7615,2025-11-14 07:00:00,5271.45465965339,4019.5121779234682,3681.527433952304
forecast_7616,2025-11-14 08:00:00,4161.889464432765,4014.944834969622,3789.683924455405
forecast_7617,2025-11-14 09:00:00,4009.744728193316,3916.6309447220497,3800.0042158610227
forecast_7618,2025-11-14 10:00:00,3920.363561603295,3897.542893207197,3842.2058134974586
forecast_7619,2025-11-14 11:00:00,3920.558198668918,3929.7186205343064,3828.3232914767655
forecast_7620,2025-11-14 12:00:00,4465.899978950343,4726.742757588141,4204.886432321867
forecast_7621,2025-11-14 13:00:00,3800.151622678399,3697.8240579919484,3936.2944600167293
forecast_7622,2025-11-14 14:00:00,3770.700818618133,3681.3356679959206,3894.090719281036
forecast_7623,2025-11-14 15:00:00,3724.0860841369954,3629.208537429231,4294.783045659964
forecast_7624,2025-11-14 16:00:00,3848.5515884280553,3824.8339297157218,3772.9534307961817
forecast_7625,2025-11-14 17:00:00,4040.304943672816,4064.1160730583874,3746.9786064046407
forecast_7626,2025-11-14 18:00:00,6245.362106590687,6618.8622115902135,4283.353743027019
forecast_7627,2025-11-14 19:00:00,8609.459548650886,8752.127478376837,5326.34867499288
forecast_7628,2025-11-14 20:00:00,9826.75877690581,10033.231909785005,6368.655908581167
forecast_7629,2025-11-14 21:00:00,10336.45322998261,10248.884421861458,6657.360721341124
forecast_7630,2025-11-14 22:00:00,10056.365379508783,9436.693270841886,6196.960429532384
forecast_7631,2025-11-14 23:00:00,8819.637137427611,8589.917263403882,5643.7806486801
forecast_7632,2025-11-15 00:00:00,8593.575734347243,8234.375461471163,5560.44080060932
forecast_7633,2025-11-15 01:00:00,6223.491388828377,5776.818799914191,4014.351429239689
forecast_7634,2025-11-15 02:00:00,6245.47334931556,5722.655612527218,3932.334575698497
forecast_7635,2025-11-15 03:00:00,5662.053233363463,4899.64501542922,4033.2988895856424
forecast_7636,2025-11-15 04:00:00,5161.331654819732,4192.96059408746,4229.121973227837
forecast_7637,2025-11-15 05:00:00,4800.170963386679,4478.18277382889,3918.9644989098697
forecast_7638,2025-11-15 06:00:00,4170.858405405599,4379.597199940119,4173.702141609423
forecast_7639,2025-11-15 07:00:00,3916.855891089317,4130.949011719688,4270.573898861269
forecast_7640,2025-11-15 08:00:00,3796.6023025846275,3984.6951350303675,3867.8442117901654
forecast_7641,2025-11-15 09:00:00,4862.563944610742,4442.897805170371,3810.6982381118855
forecast_7642,2025-11-15 10:00:00,4569.99636096505,4725.109404529255,3787.0295798368065
forecast_7643,2025-11-15 11:00:00,3516.4779284224437,3851.585196887509,3161.3270143876734
forecast_7644,2025-11-15 12:00:00,3115.8583243780117,3222.038585707619,3192.8014097954165
forecast_7645,2025-11-15 13:00:00,3025.2311268711273,3319.5641193889705,2893.7560748976753
forecast_7646,2025-11-15 14:00:00,3279.72428770831,3155.717826781195,3369.5897459153985
forecast_7647,2025-11-15 15:00:00,3972.1769762540935,3548.611503068764,3521.166335116032
forecast_7648,2025-11-15 16:00:00,4586.676508534292,4846.644430665418,3792.4952705612795
forecast_7649,2025-11-15 17:00:00,3791.2683887336675,4457.516781669798,3306.122383076875
forecast_7650,2025-11-15 18:00:00,3905.208335887571,3896.2184446192864,3746.1854668479123
forecast_7651,2025-11-15 19:00:00,5332.493468782265,5412.913300717714,5519.2057649984545
forecast_7652,2025-11-15 20:00:00,6446.622780817419,6577.78766737801,7004.889492071354
forecast_7653,2025-11-15 21:00:00,7322.156100568911,7337.230049660125,7101.729551482539
forecast_7654,2025-11-15 22:00:00,7236.387811114769,7140.484458003393,6641.942501646038
forecast_7655,2025-11-15 23:00:00,7496.418202821413,6748.8360803728665,6029.918922178517
forecast_7656,2025-11-16 00:00:00,7768.978158842815,7112.0646349553135,5598.170978499444
forecast_7657,2025-11-16 01:00:00,8801.267185206136,8799.616487720023,6264.757542685826
forecast_7658,2025-11-16 02:00:00,9203.550614656033,9042.920164550726,6530.330459548838
forecast_7659,2025-11-16 03:00:00,8916.476559142555,8885.390445898756,6534.376857049587
forecast_7660,2025-11-16 04:00:00,8842.591234406269,8781.317533916039,7022.576847405298
forecast_7661,2025-11-16 05:00:00,9514.742378229388,9397.635062220896,7648.5144949264495
forecast_7662,2025-11-16 06:00:00,10761.310215109528,11323.186676910258,8545.070223263547
forecast_7663,2025-11-16 07:00:00,11937.794663187955,12459.12072064079,9361.58018179003
forecast_7664,2025-11-16 08:00:00,12684.849087614992,13523.649563450692,10281.870859506076
forecast_7665,2025-11-16 09:00:00,13451.856336874598,14465.644524706162,10092.725987497612
forecast_7666,2025-11-16 10:00:00,13190.446557207266,15252.10263688162,9527.765639184894
forecast_7667,2025-11-16 11:00:00,13131.962642942874,14864.648844346137,10709.85165281484
forecast_7668,2025-11-16 12:00:00,13090.259151788001,14272.756191191582,11601.93605151585
forecast_7669,2025-11-16 13:00:00,14169.130266396282,15376.357525062376,12945.94967198298
forecast_7670,2025-11-16 14:00:00,14835.096856909504,15494.511235504922,13518.257699583364
forecast_7671,2025-11-16 15:00:00,15535.040959567203,15979.612914668925,14739.152371853974
forecast_7672,2025-11-16 16:00:00,16950.926887266167,17773.49697846753,16123.624176181958
forecast_7673,2025-11-16 17:00:00,18393.70721197442,18930.71941608239,16856.02912010219
forecast_7674,2025-11-16 18:00:00,19829.247465694625,19667.04713982615,19362.912244612777
forecast_7675,2025-11-16 19:00:00,19921.671337583502,19961.028694566918,19338.490462027046
forecast_7676,2025-11-16 20:00:00,19978.704383378565,19997.39964582626,19727.174244377577
forecast_7677,2025-11-16 21:00:00,19922.966097309727,20230.859489056937,19745.373399806045
forecast_7678,2025-11-16 22:00:00,19975.99114333352,20281.009252750544,19752.84434155215
forecast_7679,2025-11-16 23:00:00,19908.543360417843,20181.534130400556,19499.503806275352
forecast_7680,2025-11-17 00:00:00,19877.54823757412,20000.530807560226,19328.074113063056
forecast_7681,2025-11-17 01:00:00,19893.23611619894,19912.946800746337,19332.93072697958
forecast_7682,2025-11-17 02:00:00,19913.774056503607,19807.211328959656,19350.169701568964
forecast_7683,2025-11-17 03:00:00,19879.834225604034,19996.078572873528,18792.741208604548
forecast_7684,2025-11-17 04:00:00,19898.448992235717,19891.931425368144,18334.85585955024
forecast_7685,2025-11-17 05:00:00,19902.396549147503,19840.412637457262,18472.184243529548
forecast_7686,2025-11-17 06:00:00,19892.297817400457,19469.122814770446,18849.761336135896
forecast_7687,2025-11-17 07:00:00,19881.213651939353,19292.674013545773,18451.405585255423
forecast_7688,2025-11-17 08:00:00,18992.397435802857,18884.833762496015,17078.07170473381
forecast_7689,2025-11-17 09:00:00,18026.37831132548,18184.41468430041,14973.246169149203
forecast_7690,2025-11-17 10:00:00,15920.19401541528,17394.534890616156,13611.088597792923
forecast_7691,2025-11-17 11:00:00,14709.031686814798,16269.315525232876,11674.410663766961
forecast_7692,2025-11-17 12:00:00,14249.502775918545,15373.924320364069,11008.652572779933
forecast_7693,2025-11-17 13:00:00,14100.295961378039,14898.660571291493,10514.961481728404
forecast_7694,2025-11-17 14:00:00,14053.106382816208,14998.802240878256,10189.627263151515
forecast_7695,2025-11-17 15:00:00,13821.420795537206,14639.590594467307,9948.131130372609
forecast_7696,2025-11-17 16:00:00,13707.309974242835,14393.777953964765,9918.578171459734
forecast_7697,2025-11-17 17:00:00,13378.675664493147,14529.58514277088,10889.716118575838
forecast_7698,2025-11-17 18:00:00,13364.480025880965,14607.067310343737,11275.343202816804
forecast_7699,2025-11-17 19:00:00,13724.166936901154,15172.20369871318,11646.88241266331
forecast_7700,2025-11-17 20:00:00,13538.546432230989,14989.322869444253,12043.245328304607
forecast_7701,2025-11-17 21:00:00,14457.040326452487,15654.84176330367,12969.378549249841
forecast_7702,2025-11-17 22:00:00,16184.231369722762,16937.46227083536,14206.20040100921
forecast_7703,2025-11-17 23:00:00,17062.328436936914,17988.636414209483,14939.568292619504
forecast_7704,2025-11-18 00:00:00,17286.600688972467,18666.48507268477,15108.284372967459
forecast_7705,2025-11-18 01:00:00,17028.21753569177,18596.898975002554,14395.041314157483
forecast_7706,2025-11-18 02:00:00,17117.242786328097,18481.83896818475,14231.500953137931
forecast_7707,2025-11-18 03:00:00,17647.170543809676,18547.963601912368,14434.649711936048
forecast_7708,2025-11-18 04:00:00,18053.048006159646,18680.706356350234,14671.054432206098
forecast_7709,2025-11-18 05:00:00,17975.381401160594,18744.764128747498,15247.080964926712
forecast_7710,2025-11-18 06:00:00,17349.556826040887,18650.560698661386,15258.462092185593
forecast_7711,2025-11-18 07:00:00,16361.910585920872,18060.142089003002,15112.014145161027
forecast_7712,2025-11-18 08:00:00,16173.536404014736,17316.95751764664,13920.416502064078
forecast_7713,2025-11-18 09:00:00,15630.779435343242,16507.245172139017,13178.440349601566
forecast_7714,2025-11-18 10:00:00,14242.276553969035,14726.515222870717,11355.703524064467
forecast_7715,2025-11-18 11:00:00,13010.310443544644,13887.225667554016,10132.335901588229
forecast_7716,2025-11-18 12:00:00,12196.170523539784,11939.289911021788,9395.89430130839
forecast_7717,2025-11-18 13:00:00,12014.6390856359,11690.788064475351,9449.85772052482
forecast_7718,2025-11-18 14:00:00,11708.999753071537,11525.500669744,9325.888670872335
forecast_7719,2025-11-18 15:00:00,11156.672443090876,10908.734103978279,8942.150052332729
forecast_7720,2025-11-18 16:00:00,9979.17045769872,9331.884084528418,7696.395837407912
forecast_7721,2025-11-18 17:00:00,7892.887715765686,7348.480833987175,5814.9621321358745
forecast_7722,2025-11-18 18:00:00,5918.523803891853,6524.75585227857,4259.497848940887
forecast_7723,2025-11-18 19:00:00,6193.671129355117,7132.27167036974,4335.933716134271
forecast_7724,2025-11-18 20:00:00,5699.911973647505,5933.533058223094,4380.158189940775
forecast_7725,2025-11-18 21:00:00,6939.584476536494,6887.639049883166,4819.011287240509
forecast_7726,2025-11-18 22:00:00,9075.850772093507,9159.905125357,5432.161409525519
forecast_7727,2025-11-18 23:00:00,9627.16315948704,9584.851790201388,5919.400654098611
forecast_7728,2025-11-19 00:00:00,10167.993623401335,9710.270503053047,6913.328196539697
forecast_7729,2025-11-19 01:00:00,11599.526587558277,11902.723222604704,7792.027814157886
forecast_7730,2025-11-19 02:00:00,11578.413419958382,11759.722554682057,7444.782160542125
forecast_7731,2025-11-19 03:00:00,10026.544557634812,10299.993022703808,6887.945704566119
forecast_7732,2025-11-19 04:00:00,7785.560588446736,7333.221156475695,5103.924687434945
forecast_7733,2025-11-19 05:00:00,5322.867223263073,4822.195975386902,3768.512119375728
forecast_7734,2025-11-19 06:00:00,4305.271280220441,3924.6042071093993,3812.1636564324335
forecast_7735,2025-11-19 07:00:00,4120.775920334462,3884.1403054893144,3862.2644322011574
forecast_7736,2025-11-19 08:00:00,4042.654608155267,3875.7796717709125,3743.8897879647116
forecast_7737,2025-11-19 09:00:00,4403.1388438415615,4333.961289058121,3823.216715094632
forecast_7738,2025-11-19 10:00:00,4181.580344761981,4438.754234234226,3691.8270452404236
forecast_7739,2025-11-19 11:00:00,3438.4465076697393,3866.8992866870663,3285.1215313894495
forecast_7740,2025-11-19 12:00:00,3244.2555420246454,3296.287138885307,3150.8553318660574
forecast_7741,2025-11-19 13:00:00,2884.365622724918,3129.6308628546185,2845.057126464875
forecast_7742,2025-11-19 14:00:00,3616.83544402939,3282.0942077643663,3247.322736811825
forecast_7743,2025-11-19 15:00:00,3670.513933325819,3534.898718259859,3230.849954655752
forecast_7744,2025-11-19 16:00:00,3963.2717342457295,3889.098888617537,3710.8819673489825
forecast_7745,2025-11-19 17:00:00,6358.811466923146,5798.610482822135,4366.541521031535
forecast_7746,2025-11-19 18:00:00,10555.334057427124,10486.242307673045,6906.250404000693
forecast_7747,2025-11-19 19:00:00,13949.97284604377,12253.862742377585,9147.914660006882
forecast_7748,2025-11-19 20:00:00,16398.679250626923,15153.375541326175,11298.024636797349
forecast_7749,2025-11-19 21:00:00,17784.619048104138,17460.429686915,13738.89029477873
forecast_7750,2025-11-19 22:00:00,19781.80508361351,18781.802092903177,16124.612471870061
forecast_7751,2025-11-19 23:00:00,19914.726053660892,19666.996076124196,17491.860608477513
forecast_7752,2025-11-20 00:00:00,20087.106917994162,19914.498922460883,17894.845049178068
forecast_7753,2025-11-20 01:00:00,20321.55887941636,19934.869837349674,18090.284990181983
forecast_7754,2025-11-20 02:00:00,20306.595887454965,19923.096849291996,18972.69787554388
forecast_7755,2025-11-20 03:00:00,20122.29301016246,19993.718478901847,19355.11852701112
forecast_7756,2025-11-20 04:00:00,20125.110153146612,19994.52764048633,19015.606185681125
forecast_7757,2025-11-20 05:00:00,19931.85264614881,19892.64204116097,17641.99194850509
forecast_7758,2025-11-20 06:00:00,20182.489087491544,20085.321939192,18233.55402183958
forecast_7759,2025-11-20 07:00:00,20008.09571770851,19967.970363884684,19153.697165743837
forecast_7760,2025-11-20 08:00:00,20002.936255652425,20118.508332573037,19352.123227533324
forecast_7761,2025-11-20 09:00:00,19922.8952781099,19908.79824125113,19327.549850265605
forecast_7762,2025-11-20 10:00:00,19341.57939223719,19883.12080629133,19173.581771688718
forecast_7763,2025-11-20 11:00:00,18587.619104485675,19599.10522114548,17408.402971935153
forecast_7764,2025-11-20 12:00:00,18376.701370060273,18851.991534225017,17015.03915133731
forecast_7765,2025-11-20 13:00:00,18239.881776262402,18797.5946007578,16948.980186978468
forecast_7766,2025-11-20 14:00:00,18108.94043068072,18566.276563402746,16749.341506695146
forecast_7767,2025-11-20 15:00:00,18280.228580111238,18629.226918567994,16891.272280651126
forecast_7768,2025-11-20 16:00:00,18728.44459390653,18664.873011094533,17195.909761445455
forecast_7769,2025-11-20 17:00:00,19604.194631439565,19097.84283942527,17632.499306794165
forecast_7770,2025-11-20 18:00:00,19616.652463349106,19319.004933164648,17761.568631660182
forecast_7771,2025-11-20 19:00:00,19683.339289122672,19390.025723223505,17779.404036233078
forecast_7772,2025-11-20 20:00:00,19962.224866299774,19426.883722796174,17682.23179490711
forecast_7773,2025-11-20 21:00:00,19919.30994592513,19308.356656848555,17784.506927000137
forecast_7774,2025-11-20 22:00:00,18700.310219696366,19246.97706883771,17488.209201504953
forecast_7775,2025-11-20 23:00:00,18265.216892938883,19154.52467578409,17416.896282145302
forecast_7776,2025-11-21 00:00:00,18160.91346806016,18654.593349669765,17469.161101592494
forecast_7777,2025-11-21 01:00:00,17842.65527132137,18720.65349879271,16349.830729855741
forecast_7778,2025-11-21 02:00:00,17641.340166162,18559.143051207215,15828.290329707537
forecast_7779,2025-11-21 03:00:00,17151.857297405488,18478.23273027267,15280.014360545636
forecast_7780,2025-11-21 04:00:00,17655.26154234653,18766.765252089284,15739.71941431902
forecast_7781,2025-11-21 05:00:00,18162.556738336207,18598.10944172677,15574.206021267437
forecast_7782,2025-11-21 06:00:00,19012.08986714099,18752.87928473939,16280.517885635743
forecast_7783,2025-11-21 07:00:00,18917.15195733639,18809.10906292743,15942.036003780726
forecast_7784,2025-11-21 08:00:00,18807.156855957208,18316.671677693303,15319.8604111929
forecast_7785,2025-11-21 09:00:00,17173.66438275685,18013.84201141499,14798.410065653294
forecast_7786,2025-11-21 10:00:00,16479.576854756615,17329.072397871623,13486.884971890486
forecast_7787,2025-11-21 11:00:00,15263.09681228536,16471.345870923473,12099.500741038375
forecast_7788,2025-11-21 12:00:00,15186.56682948764,15888.598656489976,11417.31740508307
forecast_7789,2025-11-21 13:00:00,15470.230600675108,16034.955781773308,11476.574172996166
forecast_7790,2025-11-21 14:00:00,15828.768438835612,16281.621131294758,11911.577760570095
forecast_7791,2025-11-21 15:00:00,16301.044114200802,16872.52764453103,13327.023769698539
forecast_7792,2025-11-21 16:00:00,16643.227429659986,17691.43386269482,14001.917234559265
forecast_7793,2025-11-21 17:00:00,17046.492545516096,18475.405657889667,14457.587503484052
forecast_7794,2025-11-21 18:00:00,17279.972058122472,19346.716178876464,15736.765195966052
forecast_7795,2025-11-21 19:00:00,17887.43966522212,19553.108695962706,16234.530193808148
forecast_7796,2025-11-21 20:00:00,18249.012594320197,19817.313134684766,17009.313499502492
forecast_7797,2025-11-21 21:00:00,18609.019500396887,19877.40327786803,17439.317238993008
forecast_7798,2025-11-21 22:00:00,18604.91666562516,19893.750325980007,18023.550503578528
forecast_7799,2025-11-21 23:00:00,18758.9865946198,19881.115677101254,17646.828896169514
forecast_7800,2025-11-22 00:00:00,19225.250806985678,19896.227320449885,17993.35789048903
forecast_7801,2025-11-22 01:00:00,18535.259434958414,18923.63179180412,16047.322285335058
forecast_7802,2025-11-22 02:00:00,18704.16286406941,19017.72994502504,16073.519461108128
forecast_7803,2025-11-22 03:00:00,18499.80711364966,19123.06381024387,16246.16681013553
forecast_7804,2025-11-22 04:00:00,18766.62901060483,18986.408308203416,16197.466071157642
forecast_7805,2025-11-22 05:00:00,19022.53127574143,19499.00149379734,16955.622190209542
forecast_7806,2025-11-22 06:00:00,19891.88139524716,19907.166097955233,18218.98022467516
forecast_7807,2025-11-22 07:00:00,19880.06445699688,19902.86602255405,18170.851322681683
forecast_7808,2025-11-22 08:00:00,19851.772257355464,19834.19694648802,15887.85176431188
forecast_7809,2025-11-22 09:00:00,18304.630749306947,18564.220503399767,13784.634645494869
forecast_7810,2025-11-22 10:00:00,15735.072534840125,16018.13298186554,12434.994144735861
forecast_7811,2025-11-22 11:00:00,13708.476632993716,14348.041189697136,12005.92473159173
forecast_7812,2025-11-22 12:00:00,12768.452940101195,13320.337188074638,11383.820776753415
forecast_7813,2025-11-22 13:00:00,12654.166901404242,13131.294214773228,11587.553029976167
forecast_7814,2025-11-22 14:00:00,12548.867367462643,13184.612215010073,12290.30922064487
forecast_7815,2025-11-22 15:00:00,12772.27725560267,13642.186863051282,12792.778577812349
forecast_7816,2025-11-22 16:00:00,13612.706550980542,14201.136985548588,13551.751318704208
forecast_7817,2025-11-22 17:00:00,14772.417653072402,15692.028654741394,14726.021052652686
forecast_7818,2025-11-22 18:00:00,16853.284816937212,16808.043875025905,16773.09466159837
forecast_7819,2025-11-22 19:00:00,18950.22586423983,19012.22130600719,17949.25479872252
forecast_7820,2025-11-22 20:00:00,19930.48854071509,19889.516658886678,19121.895239711903
forecast_7821,2025-11-22 21:00:00,19989.04087327903,19906.59146654284,19329.572767127993
forecast_7822,2025-11-22 22:00:00,20257.30829645263,19941.606745621884,19351.83514426429
forecast_7823,2025-11-22 23:00:00,20309.69956916542,20292.67952028686,19356.17278834589
forecast_7824,2025-11-23 00:00:00,20349.691608774836,20318.673285666235,19337.724529690506
forecast_7825,2025-11-23 01:00:00,20309.30679274096,20287.14334467472,19333.39002006103
forecast_7826,2025-11-23 02:00:00,20308.822384466133,20171.79986397105,19340.942681226214
forecast_7827,2025-11-23 03:00:00,20307.22172206332,20227.758422217765,19337.280774175448
forecast_7828,2025-11-23 04:00:00,20305.87309381698,20169.521513501797,19331.747164091248
forecast_7829,2025-11-23 05:00:00,20256.154700952986,20234.667823399905,19331.90250693749
forecast_7830,2025-11-23 06:00:00,20184.639251244786,20312.17628684667,19039.924192902992
forecast_7831,2025-11-23 07:00:00,20264.439949352156,20316.988154336843,19211.835745355926
forecast_7832,2025-11-23 08:00:00,20261.11220561731,20197.880117345023,19366.990180593602
forecast_7833,2025-11-23 09:00:00,20332.301475751607,19992.077178620093,18755.54452392413
forecast_7834,2025-11-23 10:00:00,20003.570746040692,19921.160864658646,16209.457820225563
forecast_7835,2025-11-23 11:00:00,19610.608437616724,18718.874120728928,16019.522691547034
forecast_7836,2025-11-23 12:00:00,16981.589278629315,17303.93160713941,15627.649119508249
forecast_7837,2025-11-23 13:00:00,15393.87940919339,15649.26369455453,14457.468037716699
forecast_7838,2025-11-23 14:00:00,13535.049963012578,14136.02296992684,12966.640711723097
forecast_7839,2025-11-23 15:00:00,12202.29507649386,12532.205210776609,11602.43740826178
forecast_7840,2025-11-23 16:00:00,12089.77674740296,12449.25115184805,11547.600475816296
forecast_7841,2025-11-23 17:00:00,13485.911715966973,13858.114057859993,13156.95353911572
forecast_7842,2025-11-23 18:00:00,15919.700842546528,15373.117235164858,14219.117221048207
forecast_7843,2025-11-23 19:00:00,16989.395809405494,16215.059503138518,16144.505190019378
forecast_7844,2025-11-23 20:00:00,17474.991461455684,16837.135266228226,16903.69534929431
forecast_7845,2025-11-23 21:00:00,18327.060289750145,18030.937437063527,16534.262259177565
forecast_7846,2025-11-23 22:00:00,18513.62790391265,18346.347982205898,16337.66068751546
forecast_7847,2025-11-23 23:00:00,18069.70815157137,17916.808209157018,15297.424090238179
forecast_7848,2025-11-24 00:00:00,17882.48205429665,17662.181708389773,14962.438927448831
forecast_7849,2025-11-24 01:00:00,17344.417687219688,17758.03346421212,12398.907399023876
forecast_7850,2025-11-24 02:00:00,16424.220550223203,17348.401008215777,11695.312105005325
forecast_7851,2025-11-24 03:00:00,15241.013604941068,16557.50392529418,11028.445066624065
forecast_7852,2025-11-24 04:00:00,13846.126869772288,14716.076192304343,10161.74616646166
forecast_7853,2025-11-24 05:00:00,11939.84326750487,13557.845892820163,10294.858465255857
forecast_7854,2025-11-24 06:00:00,12992.211518416421,14081.879874044816,10216.672080328886
forecast_7855,2025-11-24 07:00:00,14138.030858363762,15137.092135946872,10799.385672981589
forecast_7856,2025-11-24 08:00:00,14558.880318406495,15716.425817535499,10785.753421997364
forecast_7857,2025-11-24 09:00:00,14156.039856972011,14593.503896748332,10119.865196039023
forecast_7858,2025-11-24 10:00:00,12790.322078483046,13470.785646718605,9897.019064649776
forecast_7859,2025-11-24 11:00:00,12234.93770577935,12950.831039816758,10191.913793984773
forecast_7860,2025-11-24 12:00:00,12046.715854487898,12648.294051680485,10898.77216030589
forecast_7861,2025-11-24 13:00:00,12504.60310356019,12966.548392307537,11320.273695805265
forecast_7862,2025-11-24 14:00:00,13438.140193387915,13044.794219744323,11811.739498309109
forecast_7863,2025-11-24 15:00:00,13006.626909306982,13341.778373670635,11896.369147508167
forecast_7864,2025-11-24 16:00:00,12763.51870002402,12588.080612498921,11200.378226488296
forecast_7865,2025-11-24 17:00:00,12131.5751478379,12094.82538872445,10433.426952390633
forecast_7866,2025-11-24 18:00:00,11373.135931542238,12270.143289442618,9646.789402269898
forecast_7867,2025-11-24 19:00:00,11142.018901161266,12345.793822447451,9922.11497925607
forecast_7868,2025-11-24 20:00:00,11130.735026599834,12506.762115890564,10408.047313686837
forecast_7869,2025-11-24 21:00:00,12152.030877606257,13565.708320147443,11269.337380548095
forecast_7870,2025-11-24 22:00:00,12211.892642931247,13749.10760771921,10901.826843671637
forecast_7871,2025-11-24 23:00:00,12518.239535964567,13665.755486067826,11048.73443703229
forecast_7872,2025-11-25 00:00:00,12816.771638607834,13976.785638513584,10908.108512976145
forecast_7873,2025-11-25 01:00:00,12302.122606465813,13758.072720340751,11277.332561502215
forecast_7874,2025-11-25 02:00:00,13048.075213618791,13653.38584078678,11176.735698509112
forecast_7875,2025-11-25 03:00:00,13033.735181401946,13351.831718733614,11566.651953003626
forecast_7876,2025-11-25 04:00:00,14170.757403172194,13351.423546043972,11350.11711186497
forecast_7877,2025-11-25 05:00:00,14599.527697585481,14211.021173238842,11471.494098604824
forecast_7878,2025-11-25 06:00:00,14203.762484897645,14604.725018052633,12734.319457442434
forecast_7879,2025-11-25 07:00:00,13960.50355091293,14487.181574075537,12641.90979015709
forecast_7880,2025-11-25 08:00:00,11942.915771918084,12265.872610477736,10034.159581951766
forecast_7881,2025-11-25 09:00:00,9734.494475904181,10086.822164062127,8149.5390813030735
forecast_7882,2025-11-25 10:00:00,7960.137740461141,7882.530288146214,6258.972443552124
forecast_7883,2025-11-25 11:00:00,7346.130306977911,8064.01661279952,6667.246276047241
forecast_7884,2025-11-25 12:00:00,7566.592623337559,7941.864076402677,6510.993833286857
forecast_7885,2025-11-25 13:00:00,8432.484459474486,8850.214123377433,7123.43578242476
forecast_7886,2025-11-25 14:00:00,9655.050237298345,10023.521824085281,7594.619629753088
forecast_7887,2025-11-25 15:00:00,10277.973193158123,10240.30769952004,7294.829288368735
forecast_7888,2025-11-25 16:00:00,11487.00669983516,11423.429052704949,8359.1457050426
forecast_7889,2025-11-25 17:00:00,11116.305230437165,11543.339300912807,9545.909340500915
forecast_7890,2025-11-25 18:00:00,11449.3618002501,12221.785051877167,9573.07922828862
forecast_7891,2025-11-25 19:00:00,10918.065875424954,11493.973722835975,8661.730626370385
forecast_7892,2025-11-25 20:00:00,10230.837879524437,10861.22742988476,7613.859642157885
forecast_7893,2025-11-25 21:00:00,9305.896978662224,9941.237442167101,6943.8101490821955
forecast_7894,2025-11-25 22:00:00,8529.958747445586,9487.139379492217,6812.3518702065485
forecast_7895,2025-11-25 23:00:00,8078.247232956656,8489.342021941573,5565.827956539972
forecast_7896,2025-11-26 00:00:00,7448.814751559244,8021.961223290383,5764.182067566996
forecast_7897,2025-11-26 01:00:00,7349.950816675997,7581.919965706053,3947.101272966424
forecast_7898,2025-11-26 02:00:00,6433.784584706201,6323.710654480074,3998.6529539484604
forecast_7899,2025-11-26 03:00:00,5609.855532758262,5708.413395421304,3827.06956463924
forecast_7900,2025-11-26 04:00:00,5631.7484952469085,5392.208374717231,3954.9222583574033
forecast_7901,2025-11-26 05:00:00,5940.960579716956,5471.054647336238,4232.766789048352
forecast_7902,2025-11-26 06:00:00,5852.365664445299,5596.213525201708,4166.671794444164
forecast_7903,2025-11-26 07:00:00,5861.409520298131,5391.430115379697,3732.634293626637
forecast_7904,2025-11-26 08:00:00,5857.118415537149,5099.771517283353,3767.2859113568857
forecast_7905,2025-11-26 09:00:00,4330.293519648051,4135.402711317303,3810.802249689502
forecast_7906,2025-11-26 10:00:00,4074.408617172576,3935.7107977544997,3805.1120628285457
forecast_7907,2025-11-26 11:00:00,3926.936662563773,3923.9301132213786,3773.253143812349
forecast_7908,2025-11-26 12:00:00,3866.4223449287574,3730.5065439524283,3723.0554268348274
forecast_7909,2025-11-26 13:00:00,3839.3583438534365,3818.3015402902224,3705.367257798951
forecast_7910,2025-11-26 14:00:00,4177.232388442442,3961.258570586404,3643.377304802247
forecast_7911,2025-11-26 15:00:00,5010.190161218472,5094.633484684041,3720.2617176792846
forecast_7912,2025-11-26 16:00:00,5892.239934464288,5376.6926493222245,3873.4549828467048
forecast_7913,2025-11-26 17:00:00,7569.633688146924,7011.68195955586,4909.235165461727
forecast_7914,2025-11-26 18:00:00,9591.80838579505,9788.42949813019,7194.106294021394
forecast_7915,2025-11-26 19:00:00,12362.402871603757,12463.186575407506,9298.051626363978
forecast_7916,2025-11-26 20:00:00,14403.409470238514,14635.205933653828,10540.647269204042
forecast_7917,2025-11-26 21:00:00,16106.681241458116,16040.578244459746,11163.5928459291
forecast_7918,2025-11-26 22:00:00,17075.138047156604,17262.114553192805,11786.586260684908
forecast_7919,2025-11-26 23:00:00,17239.348111684183,17526.54719032544,12734.067808060643
forecast_7920,2025-11-27 00:00:00,18393.38697517877,17320.926650537112,13526.68790216517
forecast_7921,2025-11-27 01:00:00,17046.57016225761,17422.337927199373,14931.749199901384
forecast_7922,2025-11-27 02:00:00,17064.736895094837,17996.232566246064,15795.220588694849
forecast_7923,2025-11-27 03:00:00,18350.888327834913,17737.99861368104,15007.515852663366
forecast_7924,2025-11-27 04:00:00,15514.616384355944,16715.02321582049,13691.319029541539
forecast_7925,2025-11-27 05:00:00,17175.983125337523,15945.240235423842,12730.117193202557
forecast_7926,2025-11-27 06:00:00,15221.325107750401,15391.913302925881,12078.045607120554
forecast_7927,2025-11-27 07:00:00,15260.817954739216,16353.484951688752,12524.897936458183
forecast_7928,2025-11-27 08:00:00,16015.731791045539,16186.786684392167,12970.672462177125
forecast_7929,2025-11-27 09:00:00,14594.941543957435,16112.033578387027,14107.454117389772
forecast_7930,2025-11-27 10:00:00,13734.1094227576,15265.265974136268,14383.448481746987
forecast_7931,2025-11-27 11:00:00,12401.956757126982,14761.779644570652,14329.55164542899
forecast_7932,2025-11-27 12:00:00,14744.55444645696,15380.04044135704,15596.655995071349
forecast_7933,2025-11-27 13:00:00,15765.988833773787,17288.16173441437,16358.320875478992
forecast_7934,2025-11-27 14:00:00,17128.953046332612,18752.553733264867,17412.67850756155
forecast_7935,2025-11-27 15:00:00,18240.915507559523,18855.58750175126,18176.142012477958
forecast_7936,2025-11-27 16:00:00,18371.168558897207,18982.37758743677,18322.227335195992
forecast_7937,2025-11-27 17:00:00,18903.54457267938,18988.837818535336,18354.895913906224
forecast_7938,2025-11-27 18:00:00,18762.812564539585,19195.608291237368,18238.34335242971
forecast_7939,2025-11-27 19:00:00,18349.119079713626,19127.614711136925,18099.257224730623
forecast_7940,2025-11-27 20:00:00,17913.02470589774,19023.118971806023,17977.94730147938
forecast_7941,2025-11-27 21:00:00,18048.61296874088,18781.564205779232,17837.88047671303
forecast_7942,2025-11-27 22:00:00,18196.34082398162,18788.00481484454,17760.26496270177
forecast_7943,2025-11-27 23:00:00,18086.533239455144,18804.94687741537,17759.33251219451
forecast_7944,2025-11-28 00:00:00,18070.4969878952,19077.609028669027,17840.17687438411
forecast_7945,2025-11-28 01:00:00,17588.37148413506,18394.204869449484,17010.865920393993
forecast_7946,2025-11-28 02:00:00,17556.8525399879,18196.420541935357,17003.753029547333
forecast_7947,2025-11-28 03:00:00,17600.948111999845,18331.003906439237,16392.050121680863
forecast_7948,2025-11-28 04:00:00,16990.47483184088,18435.30617431581,15682.670773379941
forecast_7949,2025-11-28 05:00:00,18084.13438243595,18247.77359326724,14568.421720621882
forecast_7950,2025-11-28 06:00:00,17690.28970062435,18421.207558436072,14384.775712176144
forecast_7951,2025-11-28 07:00:00,17214.413241552716,17757.222415003296,12840.039479406907
forecast_7952,2025-11-28 08:00:00,15631.139197947141,16568.71991345772,11031.568353392626
forecast_7953,2025-11-28 09:00:00,13280.671824212614,14922.091308704054,8927.812788716199
forecast_7954,2025-11-28 10:00:00,10462.710986845503,11135.617567819605,6815.973464252534
forecast_7955,2025-11-28 11:00:00,8303.473280284321,9761.409739741583,5745.227286161587
forecast_7956,2025-11-28 12:00:00,8436.749113859714,9909.765835390752,5526.120158847033
forecast_7957,2025-11-28 13:00:00,7735.2427332353855,8030.347909630005,5339.681330090317
forecast_7958,2025-11-28 14:00:00,7035.662001917784,7452.879716510677,4892.298097924709
forecast_7959,2025-11-28 15:00:00,6129.7360347176555,6044.920735892864,4647.785217934265
forecast_7960,2025-11-28 16:00:00,5091.073981116421,4754.755398476211,4077.2701832189673
forecast_7961,2025-11-28 17:00:00,6331.622006539236,6347.533313486967,4207.858055381227
forecast_7962,2025-11-28 18:00:00,6197.708581472329,6101.531749858459,4492.7768099323785
forecast_7963,2025-11-28 19:00:00,6015.347931958267,6288.649230094665,4333.395192973735
forecast_7964,2025-11-28 20:00:00,6708.846032765078,6263.302629457472,4859.304116601052
forecast_7965,2025-11-28 21:00:00,5936.681229577441,5622.862106030951,4697.1864369294435
forecast_7966,2025-11-28 22:00:00,5843.803469617849,5740.803434583051,4733.019692004175
forecast_7967,2025-11-28 23:00:00,5624.43626869341,5464.482863944909,4667.519297807202
forecast_7968,2025-11-29 00:00:00,6052.046271965936,5540.773889480449,4821.127547225746
forecast_7969,2025-11-29 01:00:00,5227.139181481508,5289.560876876679,3997.4931478408103
forecast_7970,2025-11-29 02:00:00,6044.643281687056,5915.06093143572,4456.45812719903
forecast_7971,2025-11-29 03:00:00,8509.57073797949,8375.948484670642,6063.865248132167
forecast_7972,2025-11-29 04:00:00,10931.044983012514,10998.406134159286,7845.417885147237
forecast_7973,2025-11-29 05:00:00,13023.745898399682,13716.868043200446,9720.53284248669
forecast_7974,2025-11-29 06:00:00,14585.14524256787,14971.257973953483,11234.415876965077
forecast_7975,2025-11-29 07:00:00,14465.750015807798,14815.145756979977,11100.463468957345
forecast_7976,2025-11-29 08:00:00,13741.768164542118,14231.203115754144,9005.140589814948
forecast_7977,2025-11-29 09:00:00,12757.461305171544,14443.568905057187,8067.781392860621
forecast_7978,2025-11-29 10:00:00,10654.154902241566,15109.04978010569,7266.951333620472
forecast_7979,2025-11-29 11:00:00,11735.49859738562,15413.699529694026,8454.447161313681
forecast_7980,2025-11-29 12:00:00,13155.915293798276,15412.73511305915,10016.055212145005
forecast_7981,2025-11-29 13:00:00,14231.76580071982,16258.361340751067,12791.633750541134
forecast_7982,2025-11-29 14:00:00,15537.34039572613,17157.153052673613,13780.477971417002
forecast_7983,2025-11-29 15:00:00,16693.20886362501,18146.014928608016,15151.69821613253
forecast_7984,2025-11-29 16:00:00,18594.966372049115,18992.987195917707,17463.446812225615
forecast_7985,2025-11-29 17:00:00,19800.08895934617,19901.372812437865,18326.072195424847
forecast_7986,2025-11-29 18:00:00,19804.044215336817,19905.41784802529,19323.528794151436
forecast_7987,2025-11-29 19:00:00,19170.59300246673,19926.53932354024,19327.672702389784
forecast_7988,2025-11-29 20:00:00,19575.37538434685,19912.181986290663,19346.841522586237
forecast_7989,2025-11-29 21:00:00,19780.980254008242,19899.251471206902,19334.734821983995
forecast_7990,2025-11-29 22:00:00,19909.541834043048,19897.032402194545,19324.569325001346
forecast_7991,2025-11-29 23:00:00,20015.836805518575,20011.472311228008,19332.083360248398
forecast_7992,2025-11-30 00:00:00,20089.536456308186,19967.20586440883,19330.344459819964
forecast_7993,2025-11-30 01:00:00,20208.3656776859,20153.122383017486,19336.169082067518
forecast_7994,2025-11-30 02:00:00,19996.736387533325,20026.61868803128,19330.439335207433
forecast_7995,2025-11-30 03:00:00,19883.03899863419,19814.628198982955,18734.16294556416
forecast_7996,2025-11-30 04:00:00,18337.77307256175,18943.674075138722,17987.31969383214
forecast_7997,2025-11-30 05:00:00,18173.281134421602,18437.477428319122,16421.85677856742
forecast_7998,2025-11-30 06:00:00,17472.659803972314,17937.4805216055,15071.365234470484
forecast_7999,2025-11-30 07:00:00,17250.473711639534,17520.721034761118,13996.37430564024
forecast_8000,2025-11-30 08:00:00,16715.584230375713,17188.918364850797,12796.52091973237
forecast_8001,2025-11-30 09:00:00,16821.544356860868,17426.16484880898,12418.056622454815
forecast_8002,2025-11-30 10:00:00,15477.147730801582,16492.28812838644,11656.513856502499
forecast_8003,2025-11-30 11:00:00,14401.5297139034,16206.28585198433,11167.964651036626
forecast_8004,2025-11-30 12:00:00,13664.317806901114,14471.76563787068,10463.132211287308
forecast_8005,2025-11-30 13:00:00,12778.162036859694,13961.290454822347,10191.643286607197
forecast_8006,2025-11-30 14:00:00,12346.843502817075,12960.861951007217,9486.021053411998
forecast_8007,2025-11-30 15:00:00,12599.350179445022,13134.799095253396,9638.593258413403
forecast_8008,2025-11-30 16:00:00,13386.450019792863,14032.770595939666,10390.260464201794
forecast_8009,2025-11-30 17:00:00,14501.727833366242,16306.763760223896,12605.642658017914
forecast_8010,2025-11-30 18:00:00,16168.968674119877,18179.116649804175,15580.659021189198
forecast_8011,2025-11-30 19:00:00,17898.87803425536,19437.46045722013,18375.00118561091
forecast_8012,2025-11-30 20:00:00,18800.791701835205,19996.121366689484,19388.095162842783
forecast_8013,2025-11-30 21:00:00,19811.009985600933,20144.591863307392,19620.835376354215
forecast_8014,2025-11-30 22:00:00,19895.556442088404,20327.025900289686,19753.343274487375
forecast_8015,2025-11-30 23:00:00,19737.690556299825,20319.599322241473,19342.472537169422
forecast_8016,2025-12-01 00:00:00,19684.992417633406,20121.090375777643,19341.22830626472
forecast_8017,2025-12-01 01:00:00,19908.459478711964,20350.241277295187,18322.436661043565
forecast_8018,2025-12-01 02:00:00,19884.919592948405,20251.09819966458,18090.48470418096
forecast_8019,2025-12-01 03:00:00,19572.777314330327,20321.436157020562,17923.670574623062
forecast_8020,2025-12-01 04:00:00,19730.53164423511,20309.264512153775,17891.942209034303
forecast_8021,2025-12-01 05:00:00,19900.773264596915,20141.329503766487,17750.964448013015
forecast_8022,2025-12-01 06:00:00,19889.770081213723,20120.712867780887,17672.28603145661
forecast_8023,2025-12-01 07:00:00,19358.487782975502,19847.464499994363,17249.900639217776
forecast_8024,2025-12-01 08:00:00,17921.18671216529,18137.04333300491,16158.92219005943
forecast_8025,2025-12-01 09:00:00,15780.203829676575,16069.771710242963,13830.06043820566
forecast_8026,2025-12-01 10:00:00,12926.397888664733,13269.90258951452,10757.27413019945
forecast_8027,2025-12-01 11:00:00,10032.744553988572,10479.855580217285,8028.850675753561
forecast_8028,2025-12-01 12:00:00,7958.936649698427,8119.80957888643,5754.07078220279
forecast_8029,2025-12-01 13:00:00,6390.630604005928,6383.085870416497,4200.465988995905
forecast_8030,2025-12-01 14:00:00,5423.732464668846,5581.295977886063,3887.928050789605
forecast_8031,2025-12-01 15:00:00,4723.375942265934,4978.4021466811855,3776.6257881425367
forecast_8032,2025-12-01 16:00:00,4857.088283737424,5190.368153420365,3775.1431348641136
forecast_8033,2025-12-01 17:00:00,5282.4945446803595,5607.196412684653,3897.224219337909
forecast_8034,2025-12-01 18:00:00,6317.080744071119,6444.500649845854,4739.080784372203
forecast_8035,2025-12-01 19:00:00,7997.653659800307,8229.397791033352,5599.994562807616
forecast_8036,2025-12-01 20:00:00,9870.829403380516,9571.095419814048,6731.376099916261
forecast_8037,2025-12-01 21:00:00,11491.76531186173,11033.701341820331,8055.507288968073
forecast_8038,2025-12-01 22:00:00,12371.77348329123,12857.075486731723,8902.497971938483
forecast_8039,2025-12-01 23:00:00,14274.740815129271,14644.287397989188,10281.908168815482
forecast_8040,2025-12-02 00:00:00,14850.488361576301,15498.617433746758,11214.348993002866
forecast_8041,2025-12-02 01:00:00,15156.00910733504,15639.376291577539,12345.466178454248
forecast_8042,2025-12-02 02:00:00,16684.862666752433,16471.41222948327,13054.224789979138
forecast_8043,2025-12-02 03:00:00,17581.370345176507,17433.226429042297,13782.935779967633
forecast_8044,2025-12-02 04:00:00,18229.5596272129,18013.31880171124,13574.072084364827
forecast_8045,2025-12-02 05:00:00,17924.80516622431,17779.200167836374,12796.788586995977
forecast_8046,2025-12-02 06:00:00,16541.816520060456,17068.977489021625,12122.959212578435
forecast_8047,2025-12-02 07:00:00,14814.050889609594,15211.642626404862,10557.645244483185
forecast_8048,2025-12-02 08:00:00,12641.71813797702,13677.635544988068,8688.766977833264
forecast_8049,2025-12-02 09:00:00,9763.952100103785,10948.493135570367,6109.185496237779
forecast_8050,2025-12-02 10:00:00,8583.571015141351,9151.866371034283,5419.714913809828
forecast_8051,2025-12-02 11:00:00,7957.316474265178,8779.051772503122,5691.42344404158
forecast_8052,2025-12-02 12:00:00,8333.764776784981,8879.125082596427,6735.308339319594
forecast_8053,2025-12-02 13:00:00,9757.028108228713,10471.340766003997,7235.951426573016
forecast_8054,2025-12-02 14:00:00,11581.22157000848,11877.238594144528,8059.004573414359
forecast_8055,2025-12-02 15:00:00,12202.83150769559,13338.497228093773,8236.375601226724
forecast_8056,2025-12-02 16:00:00,13088.69329339686,14731.251920331242,9437.98413586628
forecast_8057,2025-12-02 17:00:00,14191.35528282917,15864.97724683231,10798.360168108378
forecast_8058,2025-12-02 18:00:00,14954.094546624616,16752.17981938355,12243.158447756829
forecast_8059,2025-12-02 19:00:00,15517.061316127812,17471.319955457995,13203.128550412432
forecast_8060,2025-12-02 20:00:00,15846.421805695845,17743.4541395731,14063.551606822135
forecast_8061,2025-12-02 21:00:00,15995.755030650944,17679.975361156638,14575.87898290125
forecast_8062,2025-12-02 22:00:00,17129.37942272175,17686.633480036282,14636.962292458222
forecast_8063,2025-12-02 23:00:00,15930.846897711546,17650.391224301802,14293.070015749576
forecast_8064,2025-12-03 00:00:00,15742.224508883772,17705.0263616412,14085.112499885885
forecast_8065,2025-12-03 01:00:00,15160.238090691564,18411.815487131167,16075.417914814507
forecast_8066,2025-12-03 02:00:00,15192.660930754626,18403.847207606996,16102.035534434372
forecast_8067,2025-12-03 03:00:00,15162.768998861244,18057.983048777292,16025.512404575278
forecast_8068,2025-12-03 04:00:00,15014.273342289547,18005.61617441191,15515.319511156193
forecast_8069,2025-12-03 05:00:00,14553.994375020357,17667.384151557046,14756.85843825832
forecast_8070,2025-12-03 06:00:00,14838.974571502675,17224.765051633458,14316.315740927605
forecast_8071,2025-12-03 07:00:00,14760.561111406676,16549.720094864373,13812.651495398595
forecast_8072,2025-12-03 08:00:00,14511.558865761897,16666.140207986413,14027.344385684035
forecast_8073,2025-12-03 09:00:00,14177.882880099167,17155.095701685328,13814.027883975663
forecast_8074,2025-12-03 10:00:00,14827.347167653365,17785.171272578857,14163.118154103113
forecast_8075,2025-12-03 11:00:00,15596.061057983221,17832.221528651557,14407.107862296614
forecast_8076,2025-12-03 12:00:00,16040.14807936821,18052.6222465875,14831.230396699386
forecast_8077,2025-12-03 13:00:00,16251.250697580977,17693.435505028778,14944.56044178175
forecast_8078,2025-12-03 14:00:00,15993.025228968518,17695.135355180875,14572.09257260297
forecast_8079,2025-12-03 15:00:00,15372.356276891867,17776.26894240682,14448.044501751336
forecast_8080,2025-12-03 16:00:00,14901.117640606572,18112.09911039356,14570.433683757286
forecast_8081,2025-12-03 17:00:00,14489.343227157156,18068.172318259905,14430.518422968984
forecast_8082,2025-12-03 18:00:00,14045.14338807488,17769.68695364292,14313.648483520356
forecast_8083,2025-12-03 19:00:00,13572.704498246092,17456.731106049378,14105.609755284424
forecast_8084,2025-12-03 20:00:00,13152.383168887927,16266.86473612534,13592.939546685435
forecast_8085,2025-12-03 21:00:00,13045.392990046426,16863.505095785764,13747.545673181881
forecast_8086,2025-12-03 22:00:00,13140.377100928354,17089.67595940822,13871.926599972974
forecast_8087,2025-12-03 23:00:00,13718.5983232361,17916.22995083926,13699.37932021654
forecast_8088,2025-12-04 00:00:00,17110.546103722187,18589.52047560031,13946.51754523631
forecast_8089,2025-12-04 01:00:00,15821.169091043064,17216.87657727818,13569.722669881203
forecast_8090,2025-12-04 02:00:00,16254.001983930144,17532.810364123965,13692.504783840997
forecast_8091,2025-12-04 03:00:00,16951.558997367825,17826.464174244018,14035.94346820135
forecast_8092,2025-12-04 04:00:00,17668.307082780535,18443.999904750624,14644.518121851635
forecast_8093,2025-12-04 05:00:00,18099.22963802733,18400.01331193869,15058.39369824216
forecast_8094,2025-12-04 06:00:00,18581.231415192262,18654.894517320066,15631.57580277861
forecast_8095,2025-12-04 07:00:00,19126.49502933483,18938.988912734778,15653.372125128142
forecast_8096,2025-12-04 08:00:00,19053.448553543905,19118.763500763274,16076.47168239893
forecast_8097,2025-12-04 09:00:00,17908.677730920746,18591.84912719799,15929.770040074036
forecast_8098,2025-12-04 10:00:00,16505.83868394059,18271.072373909174,15020.61857774042
forecast_8099,2025-12-04 11:00:00,14869.93500141595,16773.398461337823,13295.107849315013
forecast_8100,2025-12-04 12:00:00,13695.442645911176,15639.862003686221,11639.336006496218
forecast_8101,2025-12-04 13:00:00,12606.51234954809,14130.349718013566,10058.984509079415
forecast_8102,2025-12-04 14:00:00,11750.84271598591,13172.312938266763,9498.89805243357
forecast_8103,2025-12-04 15:00:00,12063.327235206956,12801.314313385286,9987.301043585312
forecast_8104,2025-12-04 16:00:00,13019.046106181106,14011.767303103403,11094.43272410356
forecast_8105,2025-12-04 17:00:00,15016.886849224458,16502.264583963548,13498.247146303058
forecast_8106,2025-12-04 18:00:00,16555.783866505786,17885.50711826354,15202.12988182229
forecast_8107,2025-12-04 19:00:00,16994.307182035995,18058.57599114046,16090.08393124618
forecast_8108,2025-12-04 20:00:00,17342.400711875714,18170.37934183908,16774.700455383332
forecast_8109,2025-12-04 21:00:00,17107.682955177057,18559.695829389806,16108.278340687562
forecast_8110,2025-12-04 22:00:00,17143.719178736483,18606.03830214953,15747.151012314343
forecast_8111,2025-12-04 23:00:00,16154.440540347985,18234.455895413466,15069.775536286583
forecast_8112,2025-12-05 00:00:00,16284.274191648621,18172.149827103658,14891.498331908855
forecast_8113,2025-12-05 01:00:00,16052.762880901862,17530.103028361373,14264.37785000023
forecast_8114,2025-12-05 02:00:00,16069.988614367992,17467.683257505272,14326.061344134854
forecast_8115,2025-12-05 03:00:00,16350.965818764067,17866.441634980132,14515.308049950283
forecast_8116,2025-12-05 04:00:00,15943.195413483556,18018.617777418902,14192.648460803697
forecast_8117,2025-12-05 05:00:00,16209.338654731917,17852.192896269215,14587.763689308218
forecast_8118,2025-12-05 06:00:00,17279.290727686828,18301.140231029694,14138.927651331816
forecast_8119,2025-12-05 07:00:00,18129.325757838607,18833.343385587497,14735.635870093281
forecast_8120,2025-12-05 08:00:00,18471.402071838034,18933.993406648413,15142.640685407403
forecast_8121,2025-12-05 09:00:00,18221.14886873798,18534.772318861542,13611.784268340884
forecast_8122,2025-12-05 10:00:00,16975.984708274507,17695.716043766184,12418.560581681726
forecast_8123,2025-12-05 11:00:00,15471.394378241046,16077.309522172973,11754.748979830823
forecast_8124,2025-12-05 12:00:00,13688.516905902703,14531.817623371111,10437.130097958787
forecast_8125,2025-12-05 13:00:00,13271.19524745817,14403.385896343867,10303.582832014066
forecast_8126,2025-12-05 14:00:00,13943.987981103712,14966.490482085535,11228.888223438942
forecast_8127,2025-12-05 15:00:00,15601.628905268826,16062.834051115195,12845.18982939915
forecast_8128,2025-12-05 16:00:00,17839.322883167246,18045.864525574278,13943.974111196476
forecast_8129,2025-12-05 17:00:00,18520.421803947407,18683.51993766025,14264.705598599941
forecast_8130,2025-12-05 18:00:00,19533.775624027414,19288.451879458262,14202.028704687238
forecast_8131,2025-12-05 19:00:00,19601.55125719307,19921.774445576444,14497.825491521895
forecast_8132,2025-12-05 20:00:00,19907.40134132361,20002.991364794045,14733.2897524391
forecast_8133,2025-12-05 21:00:00,20256.38466393455,19949.89072540519,15117.391605210943
forecast_8134,2025-12-05 22:00:00,20320.666814043758,19941.271650844792,15346.754154697906
forecast_8135,2025-12-05 23:00:00,20338.415344432415,20120.140559195377,16040.805605402773
forecast_8136,2025-12-06 00:00:00,20359.497448948994,20169.412424214872,16519.87136049918
forecast_8137,2025-12-06 01:00:00,20321.757755346884,20061.62184866178,16866.819228847602
forecast_8138,2025-12-06 02:00:00,20318.41885533996,20146.59835777868,16680.274949006318
forecast_8139,2025-12-06 03:00:00,20341.725886723758,20331.067058103497,16952.557549990186
forecast_8140,2025-12-06 04:00:00,20350.503645634955,20333.96155901801,17737.486673645675
forecast_8141,2025-12-06 05:00:00,20362.659844027592,20378.003180503794,17756.326045822174
forecast_8142,2025-12-06 06:00:00,20369.214162457083,20346.230717558527,17663.86239839038
forecast_8143,2025-12-06 07:00:00,20232.067768241555,20325.13489321388,17023.21775710761
forecast_8144,2025-12-06 08:00:00,19952.885302080533,20313.66654372719,16134.990308284572
forecast_8145,2025-12-06 09:00:00,19228.550026198078,20034.171453788225,16142.828743138407
forecast_8146,2025-12-06 10:00:00,18016.19001358957,19361.608195253437,16071.286057009944
forecast_8147,2025-12-06 11:00:00,17957.937858502046,18522.952157070762,15604.69732365271
forecast_8148,2025-12-06 12:00:00,17744.049213765524,18228.174998230843,14533.69925120989
forecast_8149,2025-12-06 13:00:00,17746.210826757844,18337.972993013325,14402.486133672994
forecast_8150,2025-12-06 14:00:00,17808.899121006933,18477.9050585892,15113.056677079758
forecast_8151,2025-12-06 15:00:00,17971.12070856081,18671.12024485291,15866.877597211007
forecast_8152,2025-12-06 16:00:00,17974.72143953443,19071.306942533432,16069.771674979205
forecast_8153,2025-12-06 17:00:00,17978.45731769522,19121.966447693158,15978.89295688873
forecast_8154,2025-12-06 18:00:00,17665.606899065733,18731.9566444722,16220.761471316004
forecast_8155,2025-12-06 19:00:00,18084.49083099281,18715.73989582911,16860.85510625253
forecast_8156,2025-12-06 20:00:00,17915.016290459156,18976.55640570669,17106.222036505766
forecast_8157,2025-12-06 21:00:00,18458.054685545852,19321.260565163124,17401.896031383738
forecast_8158,2025-12-06 22:00:00,18854.03294048949,19479.055578557683,17563.1880725249
forecast_8159,2025-12-06 23:00:00,19450.05644625808,19746.90407446788,17781.325682366114
forecast_8160,2025-12-07 00:00:00,19503.797739432797,19880.176434667203,17773.145410920708
forecast_8161,2025-12-07 01:00:00,18902.923333413913,19275.71415002623,16860.330828133312
forecast_8162,2025-12-07 02:00:00,18706.116110373747,19381.53189561044,16872.31308015721
forecast_8163,2025-12-07 03:00:00,18741.08300003316,19393.65054888809,16880.125394503426
forecast_8164,2025-12-07 04:00:00,19920.51201631041,19255.34356217679,17120.501243095987
forecast_8165,2025-12-07 05:00:00,19924.07114078244,19609.70810549813,17281.911316939557
forecast_8166,2025-12-07 06:00:00,20108.424628254757,19647.90676502108,17550.891270259373
forecast_8167,2025-12-07 07:00:00,20106.82620226114,19978.092717554955,17776.8446560765
forecast_8168,2025-12-07 08:00:00,19987.41157433776,19916.949087522655,17270.311128068253
forecast_8169,2025-12-07 09:00:00,19901.186089889998,19708.185174331837,17386.198419466407
forecast_8170,2025-12-07 10:00:00,19922.47568354008,19808.161192103147,17275.179296673406
forecast_8171,2025-12-07 11:00:00,19875.922527653187,19140.050349536526,16871.416466793227
forecast_8172,2025-12-07 12:00:00,19600.76152841967,19356.569123774163,16762.73809794976
forecast_8173,2025-12-07 13:00:00,18294.680790097387,19457.994180038397,16528.635676140828
forecast_8174,2025-12-07 14:00:00,18507.044597083604,19207.535125082635,16735.239975428256
forecast_8175,2025-12-07 15:00:00,19088.249937793174,19497.28349871048,16863.236626810096
forecast_8176,2025-12-07 16:00:00,19431.770142076304,19878.369509287513,17078.07137549028
forecast_8177,2025-12-07 17:00:00,19630.110837609463,20035.392579383766,17026.140893690557
forecast_8178,2025-12-07 18:00:00,19595.69562105058,20290.518030609364,17450.178977526175
forecast_8179,2025-12-07 19:00:00,19619.59068029065,19887.735667005338,17471.338501706192
forecast_8180,2025-12-07 20:00:00,19690.23345067207,19883.046741820966,17217.560928905154
forecast_8181,2025-12-07 21:00:00,19779.505629673753,19877.708771996004,17217.134493031466
forecast_8182,2025-12-07 22:00:00,19355.441321466922,19894.417778026524,17205.288486231937
forecast_8183,2025-12-07 23:00:00,18718.21429331227,19414.727180394864,17037.3705621585
forecast_8184,2025-12-08 00:00:00,18162.773507309572,19261.19720350922,16785.63983937259
forecast_8185,2025-12-08 01:00:00,18490.41786113172,19893.728603389965,16430.995793224825
forecast_8186,2025-12-08 02:00:00,18207.71576193184,19213.868967732662,15796.266631174938
forecast_8187,2025-12-08 03:00:00,18044.723515274243,18804.83763907108,15271.30468346821
forecast_8188,2025-12-08 04:00:00,17046.151850970506,17814.616012739385,14383.153255390447
forecast_8189,2025-12-08 05:00:00,15781.374505576729,17080.943305594057,12921.358684651424
forecast_8190,2025-12-08 06:00:00,14750.036410978693,15905.974917623336,11356.191928684495
forecast_8191,2025-12-08 07:00:00,13184.076909705529,14624.045812802646,9779.151610367426
forecast_8192,2025-12-08 08:00:00,11532.132648764795,12918.097156254826,8367.13080459386
forecast_8193,2025-12-08 09:00:00,10889.957139163203,11881.218837072445,8058.451351887069
forecast_8194,2025-12-08 10:00:00,9158.139949388353,10091.15928960599,7656.6683585242
forecast_8195,2025-12-08 11:00:00,7881.477020586138,7996.255660664474,6110.309019867004
forecast_8196,2025-12-08 12:00:00,5778.563575616846,5815.099402554313,4256.108751892606
forecast_8197,2025-12-08 13:00:00,5065.793833489382,5050.516007798152,3806.584493903916
forecast_8198,2025-12-08 14:00:00,5231.432194753925,5085.649236233162,3814.022002039348
forecast_8199,2025-12-08 15:00:00,6069.6308533332,6237.795200010436,4296.6112366621755
forecast_8200,2025-12-08 16:00:00,6611.0395236971435,7235.810448487819,4100.107126077073
forecast_8201,2025-12-08 17:00:00,8657.359673526556,9443.829779401853,5381.597015652215
forecast_8202,2025-12-08 18:00:00,9184.936508650131,10563.074960127218,6985.448692699984
forecast_8203,2025-12-08 19:00:00,10829.939414578908,12553.107469843068,8948.821678586359
forecast_8204,2025-12-08 20:00:00,13575.116661265527,14578.139458343076,10404.0920202161
forecast_8205,2025-12-08 21:00:00,16002.736753821404,17116.186476482915,11659.33562313002
forecast_8206,2025-12-08 22:00:00,17551.02904897964,17771.748724356843,12435.208400580828
forecast_8207,2025-12-08 23:00:00,17242.69960212556,17735.86319897388,12240.827856798942
forecast_8208,2025-12-09 00:00:00,16990.857519067747,17666.308328392926,11896.102876385854
forecast_8209,2025-12-09 01:00:00,15321.72647866621,16721.539641866166,11535.681873348114
forecast_8210,2025-12-09 02:00:00,16253.73462217496,17906.852478965167,11782.780551261732
forecast_8211,2025-12-09 03:00:00,17402.495491802063,18247.442356300286,12766.036398039165
forecast_8212,2025-12-09 04:00:00,17725.156679890162,18675.516609354054,12854.276420357684
forecast_8213,2025-12-09 05:00:00,17824.437099075185,18583.77184421569,12718.517369395591
forecast_8214,2025-12-09 06:00:00,18393.628111301765,18677.50196811846,12618.35901485765
forecast_8215,2025-12-09 07:00:00,18583.655911262318,19087.597929991367,13545.897033081126
forecast_8216,2025-12-09 08:00:00,18911.995763490104,19853.157668174823,14926.550045163767
forecast_8217,2025-12-09 09:00:00,18593.256191355536,19530.828831919367,15132.608331223577
forecast_8218,2025-12-09 10:00:00,17386.991999197697,18408.014079028384,14993.297743862953
forecast_8219,2025-12-09 11:00:00,16054.900787020752,17762.846817983493,13815.507135106247
forecast_8220,2025-12-09 12:00:00,14863.77628452449,16230.179013880006,13118.101324534691
forecast_8221,2025-12-09 13:00:00,13612.253589589049,14830.8956225911,11500.241864145375
forecast_8222,2025-12-09 14:00:00,12415.3064951287,13244.986551224765,10631.14382736575
forecast_8223,2025-12-09 15:00:00,11471.794132433324,12443.282778661413,10175.807193073739
forecast_8224,2025-12-09 16:00:00,11308.079261702578,12141.928893549866,10054.324204024837
forecast_8225,2025-12-09 17:00:00,11566.682422246438,12740.228339710788,9687.719931550766
forecast_8226,2025-12-09 18:00:00,12389.424133454932,13790.1778097488,10247.513973843463
forecast_8227,2025-12-09 19:00:00,13240.144247587272,15354.082975078121,11174.71596142895
forecast_8228,2025-12-09 20:00:00,13838.111254607475,15599.9836077381,10918.228281357633
forecast_8229,2025-12-09 21:00:00,13382.16411466399,15049.225582872225,10989.126409195234
forecast_8230,2025-12-09 22:00:00,13009.125606834821,15062.373443176264,10777.986562281621
forecast_8231,2025-12-09 23:00:00,13007.713665214933,14633.064171753804,10735.575982816135
forecast_8232,2025-12-10 00:00:00,12982.51256988844,15170.270372029754,10656.723743239074
forecast_8233,2025-12-10 01:00:00,12523.394932043204,14329.311773732157,11286.717522794013
forecast_8234,2025-12-10 02:00:00,13647.243307388644,15420.811113921287,11786.935059269259
forecast_8235,2025-12-10 03:00:00,13962.890167807227,15674.726560340845,13092.413347398118
forecast_8236,2025-12-10 04:00:00,14163.889376338408,15626.334802038706,13034.240798690402
forecast_8237,2025-12-10 05:00:00,13917.427256086048,15528.874364680954,12323.916217092428
forecast_8238,2025-12-10 06:00:00,13311.49765838448,15127.098029020959,12120.008526235395
forecast_8239,2025-12-10 07:00:00,12089.688922931058,13494.331384076475,11467.140482837833
forecast_8240,2025-12-10 08:00:00,11033.758886892663,12133.609118278513,10349.612178733249
forecast_8241,2025-12-10 09:00:00,9811.230573505467,10465.830246425183,10072.39135633614
forecast_8242,2025-12-10 10:00:00,10084.308983893021,10402.275384933158,9062.187525459814
forecast_8243,2025-12-10 11:00:00,9766.363441929745,10350.290960594644,9913.725786532339
forecast_8244,2025-12-10 12:00:00,9643.674150256194,9957.827131996153,8995.446430451366
forecast_8245,2025-12-10 13:00:00,9243.332434670441,9654.36701347168,9648.036014270796
forecast_8246,2025-12-10 14:00:00,8640.48035569733,9118.14593362956,7946.897001253142
forecast_8247,2025-12-10 15:00:00,7707.834128897631,7470.768042242707,7534.669050596049
forecast_8248,2025-12-10 16:00:00,6131.774713532064,6688.970654590437,6276.005227121388
forecast_8249,2025-12-10 17:00:00,6258.025966547341,6836.018693542222,6389.527746592182
forecast_8250,2025-12-10 18:00:00,7382.717739635503,7847.037642864868,6599.921986152883
forecast_8251,2025-12-10 19:00:00,8547.535448252402,10290.307849923256,6839.0537318675
forecast_8252,2025-12-10 20:00:00,10323.077907721916,12038.33071028318,7995.4521943554855
forecast_8253,2025-12-10 21:00:00,12437.722111197623,14537.438998770833,10251.9305675283
forecast_8254,2025-12-10 22:00:00,14832.062406713501,16677.942290045645,12584.55779340008
forecast_8255,2025-12-10 23:00:00,15928.795155501133,18061.378930897667,14034.90374131597
forecast_8256,2025-12-11 00:00:00,16592.701496105587,17856.230898320475,13867.71494446072
forecast_8257,2025-12-11 01:00:00,18564.63102637411,19331.829234415538,16448.45645262126
forecast_8258,2025-12-11 02:00:00,18977.427131733126,19688.603710562875,16740.625599093135
forecast_8259,2025-12-11 03:00:00,18847.346395419776,19637.4922939226,17169.215015264926
forecast_8260,2025-12-11 04:00:00,19070.713255412113,19791.543319134602,17835.341104603547
forecast_8261,2025-12-11 05:00:00,18798.67889765701,19949.84941354495,18305.932934622328
forecast_8262,2025-12-11 06:00:00,19363.751647352685,20059.583958119078,18252.40176245854
forecast_8263,2025-12-11 07:00:00,19003.506945309742,20235.84999292868,17850.015702257064
forecast_8264,2025-12-11 08:00:00,18518.033086905278,19882.85173486538,17487.96323712011
forecast_8265,2025-12-11 09:00:00,18619.251722030534,19881.659092484704,16344.970058679766
forecast_8266,2025-12-11 10:00:00,18425.18295954827,19741.357185884786,15725.306304891772
forecast_8267,2025-12-11 11:00:00,18185.5516130242,18812.55692314614,14575.650329117447
forecast_8268,2025-12-11 12:00:00,17012.495987439514,17809.94234237442,12991.348254057744
forecast_8269,2025-12-11 13:00:00,14664.301609507804,16437.96380613726,11090.53749721937
forecast_8270,2025-12-11 14:00:00,13161.285297696688,14086.22401743138,9219.599849836597
forecast_8271,2025-12-11 15:00:00,12508.407543369452,13314.566720131364,8345.52153830147
forecast_8272,2025-12-11 16:00:00,12600.772150173882,13399.28668381728,8608.897852935186
forecast_8273,2025-12-11 17:00:00,12967.815346200141,14047.813046286423,8906.890768877116
forecast_8274,2025-12-11 18:00:00,12480.209155251769,13846.433276080785,9645.658948257606
forecast_8275,2025-12-11 19:00:00,11059.774368119939,12474.640229675515,8640.14699986481
forecast_8276,2025-12-11 20:00:00,8581.628160148095,9422.59874258692,6140.439758957705
forecast_8277,2025-12-11 21:00:00,5452.913033857066,5636.630256612033,3810.91586196277
forecast_8278,2025-12-11 22:00:00,4138.788916028609,4295.33740046878,3687.216484377313
forecast_8279,2025-12-11 23:00:00,3900.853589285172,4038.2168988158933,3926.3427789740217
forecast_8280,2025-12-12 00:00:00,3777.175581329524,4005.349185530099,4038.4523803461107
forecast_8281,2025-12-12 01:00:00,4081.778239281296,4324.773933487623,3649.411793399122
forecast_8282,2025-12-12 02:00:00,3735.106767118765,3896.2558827336925,3366.6346430870803
forecast_8283,2025-12-12 03:00:00,3559.1247713810326,3443.660277032945,3370.028454489867
forecast_8284,2025-12-12 04:00:00,3584.888025012356,3695.747773626759,3011.9748207680213
forecast_8285,2025-12-12 05:00:00,3352.303865533567,3519.936035983059,3039.81129618077
forecast_8286,2025-12-12 06:00:00,3197.0209861472645,3603.342716733506,3407.553689358901
forecast_8287,2025-12-12 07:00:00,3471.566201283213,3136.983665625389,3034.116022134772
forecast_8288,2025-12-12 08:00:00,4550.076753262181,2900.191651060033,2129.1218443276175
forecast_8289,2025-12-12 09:00:00,4835.5271018217645,3315.557661311225,1752.6271743677928
forecast_8290,2025-12-12 10:00:00,4887.9850069447675,3485.586935997309,1758.755292084675
forecast_8291,2025-12-12 11:00:00,4523.550707079472,3857.490278643562,1735.3904983191487
forecast_8292,2025-12-12 12:00:00,3447.309723567571,3128.5889778991054,49.18431566412469
forecast_8293,2025-12-12 13:00:00,3995.978909279918,3219.1857493974917,23.473510272046102
forecast_8294,2025-12-12 14:00:00,1980.0874111203864,1600.392673889367,5.902601429800663
forecast_8295,2025-12-12 15:00:00,1191.4793096045398,24.047586349917246,5.546630560852506
forecast_8296,2025-12-12 16:00:00,2937.5133910807626,2125.8145659428797,17.433876736167868
forecast_8297,2025-12-12 17:00:00,3192.8113490534683,2207.648992338653,3175.344254061504
forecast_8298,2025-12-12 18:00:00,3228.0575198181173,2841.690538763982,1978.4530184480275
forecast_8299,2025-12-12 19:00:00,3249.9068142294345,4806.4091097865785,2372.6827723792876
forecast_8300,2025-12-12 20:00:00,2899.9268013036954,3448.21503138628,4035.1662862797666
forecast_8301,2025-12-12 21:00:00,4122.374617244222,3849.002221255454,3296.841823398333
forecast_8302,2025-12-12 22:00:00,5483.341455555401,5536.132495809568,3768.5358437856007
forecast_8303,2025-12-12 23:00:00,4527.090282475482,6254.06636996278,4307.0985624306395
forecast_8304,2025-12-13 00:00:00,4161.371062737848,6229.893006793154,3982.2188343600324
forecast_8305,2025-12-13 01:00:00,4125.685935702603,5408.903208890437,3861.1732369605866
forecast_8306,2025-12-13 02:00:00,4380.745806701943,5006.296231135592,3688.6507123081656
forecast_8307,2025-12-13 03:00:00,4404.546070645872,4364.162999182197,3893.26078042228
forecast_8308,2025-12-13 04:00:00,4602.416058051062,5042.868186747035,3676.373079222503
forecast_8309,2025-12-13 05:00:00,4483.410167276398,4958.419069501276,3841.0342160220653
forecast_8310,2025-12-13 06:00:00,4144.617195313963,4793.405367358503,3769.0267077212484
forecast_8311,2025-12-13 07:00:00,3906.7293020794286,4068.238772072608,3890.3302396148783
forecast_8312,2025-12-13 08:00:00,3954.2946597740424,4131.963864512538,3751.5207392302314
forecast_8313,2025-12-13 09:00:00,3730.322445276693,4062.100713137556,3761.76810153628
forecast_8314,2025-12-13 10:00:00,4628.638226976095,4024.146105042782,3630.267961258958
forecast_8315,2025-12-13 11:00:00,3975.7393448708335,3550.0183327731825,3656.727622583113
forecast_8316,2025-12-13 12:00:00,5024.174022262872,4276.297523309807,3600.80887096553
forecast_8317,2025-12-13 13:00:00,3638.9260766128473,3531.0490875961736,3808.317518110561
forecast_8318,2025-12-13 14:00:00,3234.0137112523353,3446.899428673708,3466.4646277253664
forecast_8319,2025-12-13 15:00:00,3455.1202476556305,3693.34200523087,3139.925401076027
forecast_8320,2025-12-13 16:00:00,3299.5505047016354,3862.0704411281927,3614.6688380448873
forecast_8321,2025-12-13 17:00:00,3867.6574604304014,4091.939227998789,3466.8013393847023
forecast_8322,2025-12-13 18:00:00,4805.308788825533,5263.439170522183,3593.313589671632
forecast_8323,2025-12-13 19:00:00,6149.839021933676,6813.362749564459,4577.592329796325
forecast_8324,2025-12-13 20:00:00,5333.590560970339,5852.73271032582,4104.664175524485
forecast_8325,2025-12-13 21:00:00,6950.287176644315,7785.301297790842,4678.747362026413
forecast_8326,2025-12-13 22:00:00,8041.29126920294,9781.711035941078,5591.234066258593
forecast_8327,2025-12-13 23:00:00,11226.200061070182,13222.475719648815,8636.914663056921
forecast_8328,2025-12-14 00:00:00,13165.114538183967,13981.91403822929,10209.939258166942
forecast_8329,2025-12-14 01:00:00,14855.067242969637,17731.171768132703,11934.044260385894
forecast_8330,2025-12-14 02:00:00,15021.510979235212,17762.617091027005,12405.933834689164
forecast_8331,2025-12-14 03:00:00,15199.828859159341,17750.82187264204,13193.382367313752
forecast_8332,2025-12-14 04:00:00,15811.545967560904,17680.435407308727,14028.881479411908
forecast_8333,2025-12-14 05:00:00,15906.604131438018,17950.945717563227,14966.819811042946
forecast_8334,2025-12-14 06:00:00,15638.750102772685,18071.25252084152,15160.406024527938
forecast_8335,2025-12-14 07:00:00,15244.209864494116,17913.853032932268,14921.50678464684
forecast_8336,2025-12-14 08:00:00,15377.481193004898,17840.906626850847,13588.02781575503
forecast_8337,2025-12-14 09:00:00,15783.188028013701,17974.26551922231,13587.192565181116
forecast_8338,2025-12-14 10:00:00,16161.77103204626,17766.695390818724,13244.801643637915
forecast_8339,2025-12-14 11:00:00,16477.767966470445,17964.851543239758,13265.509568335785
forecast_8340,2025-12-14 12:00:00,16281.40223527258,17705.917343512814,12757.640223945207
forecast_8341,2025-12-14 13:00:00,15724.082706832278,16818.76337080398,11508.103873040742
forecast_8342,2025-12-14 14:00:00,14200.448427824362,15723.281623700106,10658.399936572703
forecast_8343,2025-12-14 15:00:00,13332.697549482422,14855.030676287939,10092.330602578071
forecast_8344,2025-12-14 16:00:00,13115.705850096445,14987.795496961646,10480.693261047414
forecast_8345,2025-12-14 17:00:00,14318.664102367378,15374.787770099525,11830.953218549199
forecast_8346,2025-12-14 18:00:00,15081.938185296067,16461.084069808607,12633.424558583514
forecast_8347,2025-12-14 19:00:00,15860.266715241072,17628.261125067897,13985.912416032957
forecast_8348,2025-12-14 20:00:00,16332.913072034682,18033.66008074421,14366.18709521093
forecast_8349,2025-12-14 21:00:00,16455.544955683075,17959.2721319441,14425.668253711237
forecast_8350,2025-12-14 22:00:00,16453.574702645416,18139.266682117435,14143.966155337732
forecast_8351,2025-12-14 23:00:00,16484.8354043585,17967.341335845365,14140.169129456403
forecast_8352,2025-12-15 00:00:00,16407.083595204836,18095.001490962186,14255.496473452113
forecast_8353,2025-12-15 01:00:00,17229.581063742815,18846.50142907228,15359.311938560042
forecast_8354,2025-12-15 02:00:00,17550.723942296827,19037.619275631325,15618.383631078334
forecast_8355,2025-12-15 03:00:00,18484.809585427472,19636.413347509162,15802.169277660367
forecast_8356,2025-12-15 04:00:00,18746.151622503952,19910.09661605642,15987.713929441315
forecast_8357,2025-12-15 05:00:00,18835.840224988457,19890.548423023818,16122.676132098723
forecast_8358,2025-12-15 06:00:00,19288.7790150144,19705.903450787904,15454.390599238372
forecast_8359,2025-12-15 07:00:00,19823.096246259225,19889.134957755323,14953.143245200801
forecast_8360,2025-12-15 08:00:00,19581.694894524626,19887.621919872276,14445.959674352715
forecast_8361,2025-12-15 09:00:00,18590.28715800506,18897.410322203752,13776.391806560403
forecast_8362,2025-12-15 10:00:00,18010.45958095427,18025.972098211187,13127.019170894298
forecast_8363,2025-12-15 11:00:00,16179.329966332452,16603.990207914634,11966.240125445516
forecast_8364,2025-12-15 12:00:00,14215.206518377727,14713.491359597774,10573.570922162222
forecast_8365,2025-12-15 13:00:00,13662.423283304704,14498.989956158935,10892.550098551697
forecast_8366,2025-12-15 14:00:00,14041.589168318902,14547.312934950856,11717.390652659193
forecast_8367,2025-12-15 15:00:00,14404.15795740616,15390.99548542935,12367.846614953813
forecast_8368,2025-12-15 16:00:00,15393.05266657541,16150.888448531992,12878.817228214333
forecast_8369,2025-12-15 17:00:00,17235.35132137945,18109.354026780347,13872.774900123723
forecast_8370,2025-12-15 18:00:00,19377.680072029343,19833.367524922138,15319.273950648303
forecast_8371,2025-12-15 19:00:00,19898.242455943462,19891.46526019326,16547.678158960967
forecast_8372,2025-12-15 20:00:00,19926.276439330013,19954.783284136432,17243.81413884622
forecast_8373,2025-12-15 21:00:00,19974.583121053158,20140.60605239012,17542.538582135527
forecast_8374,2025-12-15 22:00:00,19880.16780427542,19897.936766566792,16627.396365348763
forecast_8375,2025-12-15 23:00:00,19209.252464713925,19545.02047677775,15555.209426759595
forecast_8376,2025-12-16 00:00:00,18474.127883359844,19340.437414643216,15504.826752116334
forecast_8377,2025-12-16 01:00:00,17334.583590198123,17874.705542283056,14461.670733370458
forecast_8378,2025-12-16 02:00:00,16646.359179137387,17532.003116217547,13931.570165172
forecast_8379,2025-12-16 03:00:00,15536.340339601446,16763.995943263777,12708.488473789288
forecast_8380,2025-12-16 04:00:00,14474.658098860345,15591.230388958951,12019.188953362147
forecast_8381,2025-12-16 05:00:00,13101.504558019962,14149.459896693093,10574.491736425885
forecast_8382,2025-12-16 06:00:00,11764.472950128948,13016.040769352434,9437.300092650134
forecast_8383,2025-12-16 07:00:00,11117.542846096883,11889.03214419594,9117.888859978155
forecast_8384,2025-12-16 08:00:00,10968.729345678265,11592.14429730386,9581.858259352455
forecast_8385,2025-12-16 09:00:00,10691.78083935475,10950.908288263987,9467.1490513571
forecast_8386,2025-12-16 10:00:00,10487.060659832938,10703.665710343379,10280.414568956945
forecast_8387,2025-12-16 11:00:00,9866.754845819441,10334.457299734182,10259.644994669032
forecast_8388,2025-12-16 12:00:00,9611.05785106075,9944.534151039521,10303.4014394927
forecast_8389,2025-12-16 13:00:00,9939.429813774517,10139.372216310107,9617.485000701885
forecast_8390,2025-12-16 14:00:00,9925.060114956299,10430.680189040222,8937.345347062188
forecast_8391,2025-12-16 15:00:00,10189.22779577464,10678.950280414887,8362.837360807245
forecast_8392,2025-12-16 16:00:00,9928.507597339116,10613.746742862464,7876.436748547093
forecast_8393,2025-12-16 17:00:00,10042.54500882314,10198.916449789167,7303.179824137684
forecast_8394,2025-12-16 18:00:00,9947.794846016839,10340.69862066948,7213.778934297617
forecast_8395,2025-12-16 19:00:00,10268.009745470854,10781.750217385088,7434.095101265845
forecast_8396,2025-12-16 20:00:00,9632.080700979745,10364.206941454187,7112.780152543381
forecast_8397,2025-12-16 21:00:00,10168.883200120994,10285.296003720161,6965.951912877811
forecast_8398,2025-12-16 22:00:00,8627.553436729495,9784.869212136076,6550.026346365315
forecast_8399,2025-12-16 23:00:00,8640.51147662716,9646.93332326607,6297.3189174895615
forecast_8400,2025-12-17 00:00:00,7973.786036994612,9115.833506785351,6028.792171778867
forecast_8401,2025-12-17 01:00:00,8978.250957886246,11051.45480878428,6038.528175058322
forecast_8402,2025-12-17 02:00:00,9538.424139229965,10441.916377604237,5895.867245720391
forecast_8403,2025-12-17 03:00:00,9032.712135454527,10016.756026594805,5505.238166378472
forecast_8404,2025-12-17 04:00:00,8647.910430399443,9157.897078587966,5186.745840357883
forecast_8405,2025-12-17 05:00:00,7577.078894964642,8263.405973155039,4631.048466555969
forecast_8406,2025-12-17 06:00:00,7242.0046187711405,7663.897710063933,4933.31956432328
forecast_8407,2025-12-17 07:00:00,7087.320881544701,7292.7529741131,4934.822452189793
forecast_8408,2025-12-17 08:00:00,6722.27602197701,7233.810370975113,4690.820270845009
forecast_8409,2025-12-17 09:00:00,6170.365229876683,6528.61888578418,4384.188261823964
forecast_8410,2025-12-17 10:00:00,5302.5317772436165,5655.274739237837,4038.1923905539793
forecast_8411,2025-12-17 11:00:00,5392.513380763785,5652.690084748746,3961.268326231465
forecast_8412,2025-12-17 12:00:00,5474.122520584121,5617.680642538201,3763.0026245529643
forecast_8413,2025-12-17 13:00:00,5245.551645070198,5431.970465998033,4017.448022786958
forecast_8414,2025-12-17 14:00:00,4446.010315606787,4332.450446576547,3470.9111906790304
forecast_8415,2025-12-17 15:00:00,3962.51455995931,3853.9100445276717,3511.9622794087068
forecast_8416,2025-12-17 16:00:00,3823.5822340502577,3814.568879994042,3849.783690777573
forecast_8417,2025-12-17 17:00:00,3850.2676985729217,3665.732678946399,5101.622250540023
forecast_8418,2025-12-17 18:00:00,3991.0679387259856,3800.30079512147,3873.5532158724777
forecast_8419,2025-12-17 19:00:00,4442.07130139175,4227.74967504341,3755.176481457983
forecast_8420,2025-12-17 20:00:00,5370.712082628015,4975.143381956941,3763.240372530572
forecast_8421,2025-12-17 21:00:00,6560.350310999032,6344.509755201857,4216.096130483223
forecast_8422,2025-12-17 22:00:00,7919.055152908879,7777.719017734354,5186.895571574708
forecast_8423,2025-12-17 23:00:00,8493.5045257219,8666.970770025548,6141.748644794715
forecast_8424,2025-12-18 00:00:00,8792.932226192259,8520.488373786511,6155.62779810355
forecast_8425,2025-12-18 01:00:00,13114.694623161493,13794.534928252555,9789.514225652874
forecast_8426,2025-12-18 02:00:00,13659.672567715414,14158.37819388895,10337.016495797387
forecast_8427,2025-12-18 03:00:00,14464.63140630182,15107.823133808433,10827.666508117602
forecast_8428,2025-12-18 04:00:00,15174.038126317351,15375.053675116242,10841.299817584624
forecast_8429,2025-12-18 05:00:00,15925.913599671063,15454.015010456398,10744.934912411587
forecast_8430,2025-12-18 06:00:00,16509.214070630824,15561.587905268812,10638.814193626178
forecast_8431,2025-12-18 07:00:00,16343.338477038062,15226.748997177234,10088.69750573363
forecast_8432,2025-12-18 08:00:00,13663.158355782965,13652.293294138364,10196.401751380903
forecast_8433,2025-12-18 09:00:00,12374.887180385329,11365.264978995016,8822.87436334044
forecast_8434,2025-12-18 10:00:00,9015.642825603198,8862.124250926105,6979.848585699899
forecast_8435,2025-12-18 11:00:00,6841.226784304982,6794.9971039488355,4241.065952675271
forecast_8436,2025-12-18 12:00:00,4709.02556750762,4339.51341977825,4281.247825038126
forecast_8437,2025-12-18 13:00:00,4336.175246247158,4288.453327707623,3903.5587093422305
forecast_8438,2025-12-18 14:00:00,4128.719379782651,4000.2586402987804,3876.4136562911763
forecast_8439,2025-12-18 15:00:00,4202.204710514974,4108.937226304502,3842.0382322049704
forecast_8440,2025-12-18 16:00:00,4648.668287018291,4425.24099598105,4210.245647767132
forecast_8441,2025-12-18 17:00:00,5848.571235074576,5749.553234143664,4096.544502483751
forecast_8442,2025-12-18 18:00:00,6784.352393609357,7199.979657004831,4285.982589942002
forecast_8443,2025-12-18 19:00:00,7996.252706482889,8243.215272497411,4633.891480465166
forecast_8444,2025-12-18 20:00:00,9202.306759542646,9084.636520749831,5064.805183067006
forecast_8445,2025-12-18 21:00:00,9651.746528377478,9754.982362823797,5990.87707421548
forecast_8446,2025-12-18 22:00:00,10369.633479522006,11153.49775535873,7008.510213198467
forecast_8447,2025-12-18 23:00:00,12275.76673855048,12733.812435314396,8072.094636152096
forecast_8448,2025-12-19 00:00:00,12906.793375337149,15391.551773803681,8702.230093786293
forecast_8449,2025-12-19 01:00:00,17688.94329599289,18167.016094729817,14863.35500401503
forecast_8450,2025-12-19 02:00:00,18026.325974234005,18410.98717826255,15114.63325255718
forecast_8451,2025-12-19 03:00:00,18115.858648898564,19052.99906793496,15295.379513902293
forecast_8452,2025-12-19 04:00:00,17713.486054034547,18388.138390799708,13914.69303359468
forecast_8453,2025-12-19 05:00:00,16733.403503171103,18017.998439983996,13098.972003460434
forecast_8454,2025-12-19 06:00:00,16063.000699314172,17907.662123013713,13336.600491102823
forecast_8455,2025-12-19 07:00:00,16928.221459220364,18073.231418245512,13905.077193727908
forecast_8456,2025-12-19 08:00:00,17084.67459860342,18431.790497496884,14573.781757098199
forecast_8457,2025-12-19 09:00:00,18077.37545393004,18707.65694590528,15468.556012355011
forecast_8458,2025-12-19 10:00:00,18808.948605481728,18880.782124210087,16436.00947855732
forecast_8459,2025-12-19 11:00:00,19845.631239651957,19280.919310577854,17035.38596143955
forecast_8460,2025-12-19 12:00:00,19735.794311204045,19847.649197527873,16962.93258103084
forecast_8461,2025-12-19 13:00:00,18940.876444055193,19259.866986609217,16770.79632698029
forecast_8462,2025-12-19 14:00:00,18479.03949599091,19198.879959204623,16427.976669424013
forecast_8463,2025-12-19 15:00:00,17759.067637164477,19307.90549210409,16316.801157441727
forecast_8464,2025-12-19 16:00:00,18257.728101586683,19148.304545552375,16336.743037891194
forecast_8465,2025-12-19 17:00:00,18549.59526041658,18921.199036548103,16574.961883498374
forecast_8466,2025-12-19 18:00:00,16766.594083325966,18233.838208055666,16885.666722132435
forecast_8467,2025-12-19 19:00:00,16505.73391458469,18045.37709461475,16961.709614064483
forecast_8468,2025-12-19 20:00:00,17374.107498968096,18056.769034342105,16923.308222909007
forecast_8469,2025-12-19 21:00:00,17784.62349534429,18396.50980785186,16732.197453216137
forecast_8470,2025-12-19 22:00:00,17331.22181621949,18393.83469438102,16294.036988691381
forecast_8471,2025-12-19 23:00:00,16714.382570902093,18066.21004821124,16146.256284041358
forecast_8472,2025-12-20 00:00:00,16834.438023086197,18306.888712793927,15917.246473224872
forecast_8473,2025-12-20 01:00:00,16205.21375479816,18501.843227329864,15574.869459519
forecast_8474,2025-12-20 02:00:00,16127.279103065863,17737.610737054856,15404.553043187816
forecast_8475,2025-12-20 03:00:00,15548.950846751544,17556.91353771863,14448.863997280463
forecast_8476,2025-12-20 04:00:00,15341.507363667934,17402.979733397,13690.242714002097
forecast_8477,2025-12-20 05:00:00,15001.961033882695,16927.559220251915,13200.03763101284
forecast_8478,2025-12-20 06:00:00,14950.351896104268,17270.770148581756,12427.483520164342
forecast_8479,2025-12-20 07:00:00,15009.11047610845,17134.691227231895,12251.009985514964
forecast_8480,2025-12-20 08:00:00,15737.511968468654,17153.44173792714,13000.452524558272
forecast_8481,2025-12-20 09:00:00,16797.548727141988,17055.299819435666,13397.122287402239
forecast_8482,2025-12-20 10:00:00,16601.05000727379,16880.440660615357,13357.923858897475
forecast_8483,2025-12-20 11:00:00,16152.605165015857,17016.90855449474,13702.363490091704
forecast_8484,2025-12-20 12:00:00,15417.755293972083,17526.09576198963,13586.327437792343
forecast_8485,2025-12-20 13:00:00,16020.768483905482,17361.8977904976,14584.82898675252
forecast_8486,2025-12-20 14:00:00,15319.979234346998,16944.567126375896,14285.958332690376
forecast_8487,2025-12-20 15:00:00,14771.429592279213,16484.990949000206,12139.640992158576
forecast_8488,2025-12-20 16:00:00,13125.941341485126,15207.885244215919,11700.158238169242
forecast_8489,2025-12-20 17:00:00,12723.965202118288,14547.252499221182,10752.072265379305
forecast_8490,2025-12-20 18:00:00,13137.543528441496,14273.307343679046,11045.30410873105
forecast_8491,2025-12-20 19:00:00,13327.276073255267,14921.245639187826,11020.438445119355
forecast_8492,2025-12-20 20:00:00,13920.465189551644,15482.894315425092,11934.675465654238
forecast_8493,2025-12-20 21:00:00,14302.94404877562,15895.531464170499,11756.359546039264
forecast_8494,2025-12-20 22:00:00,15845.285146746523,16809.886000948776,13849.225061938923
forecast_8495,2025-12-20 23:00:00,17158.193292143555,17580.782039004425,14927.922482247506
forecast_8496,2025-12-21 00:00:00,17328.36620607295,18017.57761351791,14289.756251026754
forecast_8497,2025-12-21 01:00:00,20306.135281440584,19592.84106743126,16858.62804954827
forecast_8498,2025-12-21 02:00:00,20174.825518271395,19892.175075106603,17021.11889643594
forecast_8499,2025-12-21 03:00:00,20052.308495569112,19909.94078966721,17082.96851048677
forecast_8500,2025-12-21 04:00:00,19905.721675250516,19400.107235373052,16849.55740683771
forecast_8501,2025-12-21 05:00:00,19297.147390059086,18938.890652339425,16641.930657823075
forecast_8502,2025-12-21 06:00:00,18686.55218987594,18786.919181021585,16320.163325779835
forecast_8503,2025-12-21 07:00:00,18298.328343930796,18421.174128948813,15767.04225556867
forecast_8504,2025-12-21 08:00:00,17192.50457677862,17953.04645959837,14432.852745071483
forecast_8505,2025-12-21 09:00:00,15690.567039413929,17492.261261471423,13225.092518527339
forecast_8506,2025-12-21 10:00:00,14959.661187419024,16703.754644911496,11054.509643034085
forecast_8507,2025-12-21 11:00:00,14312.462019493425,15718.379821997167,10293.850782360163
forecast_8508,2025-12-21 12:00:00,12840.543916298733,13916.771818207138,9065.8738091921
forecast_8509,2025-12-21 13:00:00,10553.846579457038,11760.144182383454,8447.212751635698
forecast_8510,2025-12-21 14:00:00,7964.664262198363,8552.965445702519,6231.949683912561
forecast_8511,2025-12-21 15:00:00,5352.3877411351405,5841.748787145465,3924.7524820688614
forecast_8512,2025-12-21 16:00:00,4480.670292664872,4556.290172689989,3769.7290586242275
forecast_8513,2025-12-21 17:00:00,4785.710791672361,4577.463887772467,4142.021331724436
forecast_8514,2025-12-21 18:00:00,4904.148687946648,4645.204969809285,4267.566718534391
forecast_8515,2025-12-21 19:00:00,5241.913485746587,4689.566152383379,3975.6434445110426
forecast_8516,2025-12-21 20:00:00,4958.1079388942635,4523.477205398684,3750.8969298785296
forecast_8517,2025-12-21 21:00:00,4298.377866798835,3965.5646277443257,3690.1417918804177
forecast_8518,2025-12-21 22:00:00,3683.8852983789966,3763.808613669527,3772.624011673763
forecast_8519,2025-12-21 23:00:00,3832.0813690529585,3685.5869058147246,3813.16965473906
forecast_8520,2025-12-22 00:00:00,3825.9296493567813,3664.673359328591,3700.0722135417554
forecast_8521,2025-12-22 01:00:00,3950.47095504909,3761.5138152791374,3414.045885571724
forecast_8522,2025-12-22 02:00:00,3907.197364053818,3614.0493362174675,3296.90261170006
forecast_8523,2025-12-22 03:00:00,3615.392184199649,3282.544250119445,3131.105750374656
forecast_8524,2025-12-22 04:00:00,3447.1838814516445,3327.08012645947,3217.3846383339255
forecast_8525,2025-12-22 05:00:00,3442.034988268698,3635.4801112123055,2538.0628997067392
forecast_8526,2025-12-22 06:00:00,3472.3273222903836,3699.0269812396523,2742.5545491160406
forecast_8527,2025-12-22 07:00:00,3218.953110109752,3201.968041099702,2223.2503123708757
forecast_8528,2025-12-22 08:00:00,3347.7486611559934,3525.747737043464,2244.672431325375
forecast_8529,2025-12-22 09:00:00,3369.949206119996,3654.390989272821,2236.0146287921134
forecast_8530,2025-12-22 10:00:00,3049.728146567053,3400.692357078412,1241.0802566750651
forecast_8531,2025-12-22 11:00:00,4462.874128610993,3541.1510029582873,75.73941018155713
forecast_8532,2025-12-22 12:00:00,2824.2976955417785,2461.2146845249003,37.37387705485263
forecast_8533,2025-12-22 13:00:00,48.04407544862989,2415.388201554521,23.74729438882976
forecast_8534,2025-12-22 14:00:00,2796.2256402335765,2484.1677097449924,23.992977976329716
forecast_8535,2025-12-22 15:00:00,3154.5680458961792,2486.3559541763407,12.117357591943469
forecast_8536,2025-12-22 16:00:00,56.40559362072466,3141.944125971468,5.223809046733182
forecast_8537,2025-12-22 17:00:00,7555.25023487733,8402.526675503512,2061.1904910695926
forecast_8538,2025-12-22 18:00:00,3028.3411501033656,2865.126300205503,2808.238522526433
forecast_8539,2025-12-22 19:00:00,3364.69694185978,3382.8655062984576,2284.492279206269
forecast_8540,2025-12-22 20:00:00,3930.1925656415083,3549.126642377327,3239.7653143255116
forecast_8541,2025-12-22 21:00:00,3489.0426909574703,3400.387106922989,3069.6642663367265
forecast_8542,2025-12-22 22:00:00,3900.714355538867,3819.6322159305887,3407.122157582811
forecast_8543,2025-12-22 23:00:00,4025.6397046403995,3919.6444200424953,3383.180259507318
forecast_8544,2025-12-23 00:00:00,4208.160977031192,3956.878567450108,3433.348238757369
forecast_8545,2025-12-23 01:00:00,5364.464359141782,5944.736833250977,3731.237719006617
forecast_8546,2025-12-23 02:00:00,5884.499284648962,5376.43940036874,3824.0335447582097
forecast_8547,2025-12-23 03:00:00,5088.7273730259885,5207.301804308085,4042.2649271992163
forecast_8548,2025-12-23 04:00:00,5914.332719833636,6494.279063447985,3869.527045242614
forecast_8549,2025-12-23 05:00:00,6430.03628740839,6506.143193891455,3932.5118065431
forecast_8550,2025-12-23 06:00:00,6539.759065828445,6921.284900495307,4000.6322769816616
forecast_8551,2025-12-23 07:00:00,5349.460973179034,5653.859002780673,3760.5289051998543
forecast_8552,2025-12-23 08:00:00,4545.88638803373,5106.174352586795,3749.6574687443076
forecast_8553,2025-12-23 09:00:00,5174.827655459639,5748.100187480882,3960.5113005752223
forecast_8554,2025-12-23 10:00:00,6115.517215864995,7321.620863402058,4015.4508774700635
forecast_8555,2025-12-23 11:00:00,5794.056040938434,7589.64401249493,5071.1549971018985
forecast_8556,2025-12-23 12:00:00,6266.9071849104275,8057.736076168671,4817.43223676491
forecast_8557,2025-12-23 13:00:00,5894.693681556785,7361.647848401416,4463.695829739565
forecast_8558,2025-12-23 14:00:00,6868.742742427104,7309.000491296201,4470.626658734901
forecast_8559,2025-12-23 15:00:00,6616.876176214445,7162.8839195398705,4366.6120570163675
forecast_8560,2025-12-23 16:00:00,6091.460801733885,6696.29366370067,4443.479722575327
forecast_8561,2025-12-23 17:00:00,5730.788381457589,6936.926019942262,4021.010466782618
forecast_8562,2025-12-23 18:00:00,6602.310247138571,8419.79477079261,4049.8510896456924
forecast_8563,2025-12-23 19:00:00,8957.68628080244,11800.745414320687,5019.564629712507
forecast_8564,2025-12-23 20:00:00,9649.328467508545,11981.56033038913,5298.423884471984
forecast_8565,2025-12-23 21:00:00,9790.599940070473,11981.461923490822,5843.536040420838
forecast_8566,2025-12-23 22:00:00,10008.636505990997,12851.314085234868,5898.23497063572
forecast_8567,2025-12-23 23:00:00,9431.168175665616,11568.215842101838,6577.952367051738
forecast_8568,2025-12-24 00:00:00,9310.803783171978,11278.016088047823,6659.377412969211
forecast_8569,2025-12-24 01:00:00,6841.5238545778375,7378.934899027871,4568.962329493181
forecast_8570,2025-12-24 02:00:00,6312.749135913828,6412.255686441114,4386.078711809931
forecast_8571,2025-12-24 03:00:00,4804.771394999716,4744.022256805863,3920.161918529088
forecast_8572,2025-12-24 04:00:00,4094.776197650426,4089.5125582511564,4534.98995481831
forecast_8573,2025-12-24 05:00:00,3861.347015383953,3827.7473720711046,3887.3945081032066
forecast_8574,2025-12-24 06:00:00,3767.0761304901444,3819.9223050705764,3586.1880457970315
forecast_8575,2025-12-24 07:00:00,3967.9145723443994,3750.4289029149345,3827.049723562023
forecast_8576,2025-12-24 08:00:00,4071.165621699006,4019.3991068220216,3572.0552849108512
forecast_8577,2025-12-24 09:00:00,3757.2305808945734,3552.2722358739043,2983.5236243116883
forecast_8578,2025-12-24 10:00:00,3218.199072416376,3434.0861959435933,2833.2277076872056
forecast_8579,2025-12-24 11:00:00,3497.802495625413,3778.712564795068,2873.733588838516
forecast_8580,2025-12-24 12:00:00,3461.29064472821,3134.166428012162,3134.870109890625
forecast_8581,2025-12-24 13:00:00,3698.1775427644916,3232.0316111889315,3134.870109890625
forecast_8582,2025-12-24 14:00:00,4222.197337265131,3769.4389153600937,1797.9795284035501
forecast_8583,2025-12-24 15:00:00,3719.7617039613638,3100.360197670126,2296.124407069351
forecast_8584,2025-12-24 16:00:00,4316.064716234828,3460.8631525053174,2508.4915743151078
forecast_8585,2025-12-24 17:00:00,4154.088719422945,4016.7325847484763,2755.9119950011614
forecast_8586,2025-12-24 18:00:00,3990.5658234034304,4055.2023394838707,2856.353364054107
forecast_8587,2025-12-24 19:00:00,4868.911589819744,4836.867858746205,2904.5329964827524
forecast_8588,2025-12-24 20:00:00,3493.8024473532005,3478.959014945283,3572.612386253003
forecast_8589,2025-12-24 21:00:00,4094.856813399615,3697.728880490381,3800.643905567179
forecast_8590,2025-12-24 22:00:00,4642.614529629464,4218.998400630625,3621.777244032555
forecast_8591,2025-12-24 23:00:00,4763.615694724105,4583.852115784864,3813.990490694328
forecast_8592,2025-12-25 00:00:00,5508.561155421921,5257.805879676092,3954.6584889265664
forecast_8593,2025-12-25 01:00:00,4619.656913764995,4614.794043919653,4469.318831414155
forecast_8594,2025-12-25 02:00:00,4668.991141439663,4956.869731225389,3855.4398815979966
forecast_8595,2025-12-25 03:00:00,5108.758084572311,5019.860800704965,4237.3480649361745
forecast_8596,2025-12-25 04:00:00,7015.548394513013,7281.841365378633,4476.037089263328
forecast_8597,2025-12-25 05:00:00,8889.85261681411,9197.328006295993,5551.5974430283495
forecast_8598,2025-12-25 06:00:00,10732.180306238237,11389.475616203792,6934.342821695073
forecast_8599,2025-12-25 07:00:00,12150.064344852515,13347.268464621795,8895.648479394695
forecast_8600,2025-12-25 08:00:00,14952.240299801091,17154.190868825288,10956.829183999373
forecast_8601,2025-12-25 09:00:00,15138.449654599824,16960.37038419946,12783.802242591091
forecast_8602,2025-12-25 10:00:00,15387.728942058979,17302.988809901643,12875.295545873523
forecast_8603,2025-12-25 11:00:00,14901.470214351404,16621.443724435714,12084.907455870236
forecast_8604,2025-12-25 12:00:00,14212.459218505877,16168.984676892644,10537.056490134855
forecast_8605,2025-12-25 13:00:00,13632.0393741391,16127.40853899827,9580.863572944198
forecast_8606,2025-12-25 14:00:00,13841.070153291183,16520.341164269557,9786.540759032167
forecast_8607,2025-12-25 15:00:00,14314.779906909236,16489.582629908426,10899.062099450564
forecast_8608,2025-12-25 16:00:00,14744.98405613773,16589.85577771518,11637.156193685752
forecast_8609,2025-12-25 17:00:00,14767.693352918053,16702.1084251966,11366.02506651261
forecast_8610,2025-12-25 18:00:00,14690.71882215703,16838.2371522998,11500.275476651084
forecast_8611,2025-12-25 19:00:00,14904.846887913644,16654.207494616836,12287.889755141896
forecast_8612,2025-12-25 20:00:00,15137.536221944381,16741.41457481638,13016.253284746934
forecast_8613,2025-12-25 21:00:00,14835.118671359987,16858.744597198136,13287.723612200769
forecast_8614,2025-12-25 22:00:00,14609.672020833486,16948.691850762603,13368.687361494141
forecast_8615,2025-12-25 23:00:00,14655.167348236811,17439.64361215075,13514.698127195818
forecast_8616,2025-12-26 00:00:00,14942.077418533376,17825.313626095092,13683.757775076228
forecast_8617,2025-12-26 01:00:00,16124.24078321141,18587.379696193402,13578.974813253117
forecast_8618,2025-12-26 02:00:00,16131.737129631003,18408.608572278557,13211.28553338152
forecast_8619,2025-12-26 03:00:00,16319.805107856253,18092.650792891563,13470.701398969062
forecast_8620,2025-12-26 04:00:00,16244.058514826367,17707.84869866337,13714.739150718353
forecast_8621,2025-12-26 05:00:00,17128.52639604655,17705.269540860758,14024.70596854392
forecast_8622,2025-12-26 06:00:00,17469.527033558865,18144.12717006488,13852.503237390169
forecast_8623,2025-12-26 07:00:00,18049.703021352783,18788.45726169563,13832.394211276262
forecast_8624,2025-12-26 08:00:00,18268.934701829116,18768.441725132558,12186.347752887925
forecast_8625,2025-12-26 09:00:00,17411.530472969902,18155.355450118917,11959.371252719353
forecast_8626,2025-12-26 10:00:00,15969.867614353167,17489.907241327805,11855.393343798483
forecast_8627,2025-12-26 11:00:00,13697.87262125049,15392.463677681826,10299.733918880262
forecast_8628,2025-12-26 12:00:00,11988.305844106588,13524.35116848423,9204.764064497012
forecast_8629,2025-12-26 13:00:00,11267.712522135795,12341.312431853577,9107.760132166577
forecast_8630,2025-12-26 14:00:00,11292.872295846,12064.684867619433,8834.931730020093
forecast_8631,2025-12-26 15:00:00,11464.883700223452,11750.294867858522,8741.533791452679
forecast_8632,2025-12-26 16:00:00,11301.837142725786,12011.148636031136,9004.376086535083
forecast_8633,2025-12-26 17:00:00,12200.746281430087,12875.594881945352,9845.487143056604
forecast_8634,2025-12-26 18:00:00,12611.199001243298,13922.265384418226,9133.688769174007
forecast_8635,2025-12-26 19:00:00,13754.618840137067,14518.778483350228,9877.384975864657
forecast_8636,2025-12-26 20:00:00,14934.880439031227,15587.952338065761,11224.709792459276
forecast_8637,2025-12-26 21:00:00,17147.62399698389,17987.68943031619,13075.29858883064
forecast_8638,2025-12-26 22:00:00,18454.725801573684,18593.630494835972,13895.85956271392
forecast_8639,2025-12-26 23:00:00,18715.253046950533,19576.853598877085,14073.500526441721
forecast_8640,2025-12-27 00:00:00,18767.023269815156,19654.088244746286,13902.789262058006
forecast_8641,2025-12-27 01:00:00,19992.412774635195,20316.12584114047,14691.935374692288
forecast_8642,2025-12-27 02:00:00,19899.893127923497,20006.274083245855,14380.448955600765
forecast_8643,2025-12-27 03:00:00,19899.88937583486,19874.641175094068,14259.10780396985
forecast_8644,2025-12-27 04:00:00,19433.653022622293,19795.670796890183,14131.692571566444
forecast_8645,2025-12-27 05:00:00,18657.94192315707,19458.191140248167,13928.746000158124
forecast_8646,2025-12-27 06:00:00,18563.23560956084,18942.358585246686,13998.11433841226
forecast_8647,2025-12-27 07:00:00,18393.582254285582,18923.440338575907,14524.61625355669
forecast_8648,2025-12-27 08:00:00,18226.873864522186,18740.285984688624,14649.351199087829
forecast_8649,2025-12-27 09:00:00,17264.45842383702,18234.588924593547,14609.915986911892
forecast_8650,2025-12-27 10:00:00,15900.735781785177,17588.19211675955,13411.284479126301
forecast_8651,2025-12-27 11:00:00,15202.78218986657,16944.381339835913,12895.428529232506
forecast_8652,2025-12-27 12:00:00,15095.565818702653,16486.165830194266,12740.305193043898
forecast_8653,2025-12-27 13:00:00,15404.57901546659,16393.202404127445,12961.890679739607
forecast_8654,2025-12-27 14:00:00,15413.612746927682,16407.541191228564,12978.784769495367
forecast_8655,2025-12-27 15:00:00,15190.740115811563,16222.879705303236,13103.451271679753
forecast_8656,2025-12-27 16:00:00,14661.800822479756,16566.701781055534,13243.061112981948
forecast_8657,2025-12-27 17:00:00,15052.530383405301,17169.37000862189,14087.441074427443
forecast_8658,2025-12-27 18:00:00,15747.228566448051,17301.47640052312,15255.605605696452
forecast_8659,2025-12-27 19:00:00,16512.228132217144,18189.79030060531,15870.35748232873
forecast_8660,2025-12-27 20:00:00,17576.52161070578,18542.834247075625,16431.366891716974
forecast_8661,2025-12-27 21:00:00,18279.31395012205,19904.8776971434,16845.240188454558
forecast_8662,2025-12-27 22:00:00,18408.277578556135,19889.02217091036,17632.772748977393
forecast_8663,2025-12-27 23:00:00,18331.49568073322,19888.73162033906,17599.565186953183
forecast_8664,2025-12-28 00:00:00,18208.072124002654,19899.945274059428,17324.58111502992
forecast_8665,2025-12-28 01:00:00,19193.914353969878,20095.446593881203,17159.314994725944
forecast_8666,2025-12-28 02:00:00,19890.597964417848,20301.343607152583,18029.087543012272
forecast_8667,2025-12-28 03:00:00,19916.546374584268,20313.758605984473,18051.277350997327
forecast_8668,2025-12-28 04:00:00,20145.75185444704,20323.08947468845,18060.57137903828
forecast_8669,2025-12-28 05:00:00,19937.574729234337,20321.203828343892,17329.02673644105
forecast_8670,2025-12-28 06:00:00,19912.429917032623,20334.924670533208,17181.448177039172
forecast_8671,2025-12-28 07:00:00,19949.34514749246,20315.37835242415,17313.40363808469
forecast_8672,2025-12-28 08:00:00,19912.73212354247,20318.077506685124,17517.646884538408
forecast_8673,2025-12-28 09:00:00,18714.573430561588,19915.8019180373,17277.34475450132
forecast_8674,2025-12-28 10:00:00,18150.552025750087,18473.4137403964,17027.533676816394
forecast_8675,2025-12-28 11:00:00,16962.17748980015,17659.399239683433,16549.066908803678
forecast_8676,2025-12-28 12:00:00,16004.10899469377,16854.256254560092,15652.696679267954
forecast_8677,2025-12-28 13:00:00,15089.800820512433,15897.711409387508,14958.653665079473
forecast_8678,2025-12-28 14:00:00,15151.763361401876,15715.183652989163,13974.051672412117
forecast_8679,2025-12-28 15:00:00,15133.705153566705,16737.88809751865,13007.159389417933
forecast_8680,2025-12-28 16:00:00,15418.121627284352,16712.664636750706,13181.772585303152
forecast_8681,2025-12-28 17:00:00,15082.666261604214,16768.827505695997,13629.546504638178
forecast_8682,2025-12-28 18:00:00,15080.178645812684,16502.211022550713,13240.449633938942
forecast_8683,2025-12-28 19:00:00,14850.344229305801,16579.75621940949,13105.484523517107
forecast_8684,2025-12-28 20:00:00,14552.448737887393,16839.26281983113,13298.808103769548
forecast_8685,2025-12-28 21:00:00,15380.994388380252,17474.750748078466,14182.918740462303
forecast_8686,2025-12-28 22:00:00,15840.161455549462,17827.533642653267,14257.320447595912
forecast_8687,2025-12-28 23:00:00,16558.750797576864,18464.960652325906,14948.36595254555
forecast_8688,2025-12-29 00:00:00,16560.565407597995,18664.188797035542,15342.110910225478
forecast_8689,2025-12-29 01:00:00,17941.424342140064,19360.268035084933,16308.802705001219
forecast_8690,2025-12-29 02:00:00,18224.534762426614,19377.920787715626,16716.134868486766
forecast_8691,2025-12-29 03:00:00,18624.10730817068,19451.293066442744,17064.765755205473
forecast_8692,2025-12-29 04:00:00,18788.256494905065,19551.931458767907,17286.53566490232
forecast_8693,2025-12-29 05:00:00,18853.75109096008,19863.6652474303,17430.163003792273
forecast_8694,2025-12-29 06:00:00,18698.933759187912,19887.75405273651,17135.588392309743
forecast_8695,2025-12-29 07:00:00,18569.45361025006,19862.49111796737,17238.09800683979
forecast_8696,2025-12-29 08:00:00,18906.158975800055,19775.711242374226,17160.79772462167
forecast_8697,2025-12-29 09:00:00,18576.210953763868,19499.64847791421,16232.228676954192
forecast_8698,2025-12-29 10:00:00,18593.52490945245,19886.984633064596,16066.527895996143
forecast_8699,2025-12-29 11:00:00,18294.376500391056,19888.034074284373,16054.830625258921
forecast_8700,2025-12-29 12:00:00,18381.882919323383,19888.53718069721,16074.818710355008
forecast_8701,2025-12-29 13:00:00,18394.860846376072,19636.15826091618,16124.064416064744
forecast_8702,2025-12-29 14:00:00,17808.252736357266,18453.500520331574,15511.059374777045
forecast_8703,2025-12-29 15:00:00,17361.208935063038,17900.928056093464,15575.331374589607
forecast_8704,2025-12-29 16:00:00,17097.300086324944,17613.22832519592,15391.729849696001
forecast_8705,2025-12-29 17:00:00,17487.438936219063,18098.235526322987,15436.303743182481
forecast_8706,2025-12-29 18:00:00,17576.212822768724,18514.031577712067,15533.327275097756
forecast_8707,2025-12-29 19:00:00,17840.201852105045,18320.706087409828,15303.953068791248
forecast_8708,2025-12-29 20:00:00,17042.054420469023,17896.028029383542,14492.857068926558
forecast_8709,2025-12-29 21:00:00,16350.77459531063,17537.5132493889,14554.021822496863
forecast_8710,2025-12-29 22:00:00,15578.536463276669,17041.992406542082,14271.62814594453
forecast_8711,2025-12-29 23:00:00,15369.035333627611,17483.73385084678,13438.5565411536
forecast_8712,2025-12-30 00:00:00,15029.617120830748,17664.25727546918,13053.516554180973
forecast_8713,2025-12-30 01:00:00,11571.848228689625,14046.393606740581,8832.734276276751
forecast_8714,2025-12-30 02:00:00,11518.922833215956,13247.182030671784,8952.783302155973
forecast_8715,2025-12-30 03:00:00,11566.127362105379,12677.537165367865,9015.149562704935
forecast_8716,2025-12-30 04:00:00,11844.65525063704,12835.973483938747,8716.20171849767
forecast_8717,2025-12-30 05:00:00,11820.808449492415,12963.769481927964,8405.95869665466
forecast_8718,2025-12-30 06:00:00,11193.66222710883,12525.097092856005,7841.682591708912
forecast_8719,2025-12-30 07:00:00,10863.823342810216,11830.01622601634,7055.544573076331
forecast_8720,2025-12-30 08:00:00,10672.104435041027,11947.11694956877,6548.791356444649
forecast_8721,2025-12-30 09:00:00,11127.027013396155,12159.580232327078,6387.016188046827
forecast_8722,2025-12-30 10:00:00,10938.402878412839,12195.147651992145,6937.809571116761
forecast_8723,2025-12-30 11:00:00,10993.30468399927,12322.877957748855,7695.553104358446
forecast_8724,2025-12-30 12:00:00,11257.292797481456,12155.993333208375,7740.170400124127
forecast_8725,2025-12-30 13:00:00,12108.336778041752,12413.526867683335,7977.218246689355
forecast_8726,2025-12-30 14:00:00,12660.039541994773,12520.570632403447,8693.713306970307
forecast_8727,2025-12-30 15:00:00,13053.073784584221,13222.634231255659,9043.403884322584
forecast_8728,2025-12-30 16:00:00,12744.489112045088,13825.014780547812,9059.292617763218
forecast_8729,2025-12-30 17:00:00,12964.307931824877,14071.03143090121,9172.44411914449
forecast_8730,2025-12-30 18:00:00,12772.571462359023,13580.757080203492,9604.96610476411
forecast_8731,2025-12-30 19:00:00,12801.646746379261,13965.081886092323,10182.704219862619
forecast_8732,2025-12-30 20:00:00,13159.705236577922,14650.053178865472,10541.429459628756
forecast_8733,2025-12-30 21:00:00,13285.47158989263,14977.490015185629,11116.477602292067
forecast_8734,2025-12-30 22:00:00,13282.060212594124,15173.7595979587,11798.987346836315
forecast_8735,2025-12-30 23:00:00,13434.921398218137,15502.30472179343,12018.990104825041
forecast_8736,2025-12-31 00:00:00,13655.201383288046,15848.729461621715,11910.656040370171
forecast_8737,2025-12-31 01:00:00,14652.969337872802,16780.035484554443,12980.555783831596
forecast_8738,2025-12-31 02:00:00,14593.440953137599,16654.54251607847,12845.69480304128
forecast_8739,2025-12-31 03:00:00,14976.477169413283,17161.91605450115,13227.089716239738
forecast_8740,2025-12-31 04:00:00,14877.820523633187,17388.059290360667,12700.459741826113
forecast_8741,2025-12-31 05:00:00,14962.145651318253,17521.05791369863,12572.295632026666
forecast_8742,2025-12-31 06:00:00,15553.62054440477,17419.010951551303,12730.283045234728
forecast_8743,2025-12-31 07:00:00,15156.041791920115,17387.865473135662,12318.66585715937
forecast_8744,2025-12-31 08:00:00,14079.469670047622,15894.24011845707,12121.031573744887
forecast_8745,2025-12-31 09:00:00,13960.327094764303,15319.5856030103,11478.59405355041
forecast_8746,2025-12-31 10:00:00,13152.160335801516,14673.891845551136,10507.672141555035
forecast_8747,2025-12-31 11:00:00,12261.897130832127,13777.453013008728,10406.112079992154
forecast_8748,2025-12-31 12:00:00,11095.682092006862,12297.105442099752,9916.964324429939
forecast_8749,2025-12-31 13:00:00,9748.718816423863,10877.138873970835,8107.673980980776
forecast_8750,2025-12-31 14:00:00,9270.253917998149,9999.49657945747,7737.2484425873845
forecast_8751,2025-12-31 15:00:00,9519.498803701515,10491.710964917254,7707.032924021811
forecast_8752,2025-12-31 16:00:00,9981.90750489997,11399.146350854573,8181.061163817195
forecast_8753,2025-12-31 17:00:00,10233.811353296647,11173.330358022005,8564.443166728286
forecast_8754,2025-12-31 18:00:00,10272.461763480018,11407.46569444526,8838.595909911597
forecast_8755,2025-12-31 19:00:00,10440.020414006007,12010.600380168447,9662.78453262339
forecast_8756,2025-12-31 20:00:00,11402.331105842308,12786.358674729801,10029.302115448805
forecast_8757,2025-12-31 21:00:00,12588.145832707296,14652.540416318121,10601.840707022573
forecast_8758,2025-12-31 22:00:00,14370.026043660504,15659.304745185711,11475.789091021234
forecast_8759,2025-12-31 23:00:00,15301.389963698492,16549.56084260482,12215.73096743424
forecast_8760,2026-01-01 00:00:00,15445.135997311127,16582.03068515366,12427.455020326997
