forecast_id,forecast_kst_dtm,kpx_group_1,kpx_group_2,kpx_group_3
forecast_0001,2025-01-01 01:00:00,18502.78607099059,18850.996544539837,16053.756950219895
forecast_0002,2025-01-01 02:00:00,18637.550773026967,18844.080710834554,16299.41318157053
forecast_0003,2025-01-01 03:00:00,18306.168806059053,18768.190990702176,17853.380810383842
forecast_0004,2025-01-01 04:00:00,18296.19259108834,18599.71992330102,17870.552064640797
forecast_0005,2025-01-01 05:00:00,18082.495897403354,18452.259867109766,17809.813356097788
forecast_0006,2025-01-01 06:00:00,17854.727973016317,18289.204772608693,17390.988235047254
forecast_0007,2025-01-01 07:00:00,17150.818766843633,17532.159491752882,15369.264897882178
forecast_0008,2025-01-01 08:00:00,16814.75902964967,17030.969012387435,13985.85466107103
forecast_0009,2025-01-01 09:00:00,15189.576970224933,16785.10842643874,12820.625073348037
forecast_0010,2025-01-01 10:00:00,14533.566965073247,16375.94397949958,12414.675401471868
forecast_0011,2025-01-01 11:00:00,15279.622641244501,15988.89248490416,11635.91006118348
forecast_0012,2025-01-01 12:00:00,15542.179823305709,16126.336143653847,11573.771055823338
forecast_0013,2025-01-01 13:00:00,15449.699117703702,16082.387513639454,11507.518277012425
forecast_0014,2025-01-01 14:00:00,15173.852549739302,15346.856073343886,11202.15981904775
forecast_0015,2025-01-01 15:00:00,14449.046230461772,15304.387458893321,10983.389770946489
forecast_0016,2025-01-01 16:00:00,13831.738730536852,15257.695150653342,10816.510250209967
forecast_0017,2025-01-01 17:00:00,13412.046939700198,14454.433365040613,10934.45292855614
forecast_0018,2025-01-01 18:00:00,13484.465610363086,14896.43198456732,11481.099677355685
forecast_0019,2025-01-01 19:00:00,14625.911491025578,15825.992756394668,12614.285836284163
forecast_0020,2025-01-01 20:00:00,15612.317127033222,16568.777650618817,13709.1931906933
forecast_0021,2025-01-01 21:00:00,16222.627631359623,17145.04007712863,14269.193566160357
forecast_0022,2025-01-01 22:00:00,16279.668219765566,16852.555433515285,14221.521313016932
forecast_0023,2025-01-01 23:00:00,16107.927914410962,16590.38188501784,13841.13945560219
forecast_0024,2025-01-02 00:00:00,15831.924935513005,16487.69292867871,13575.582032039169
forecast_0025,2025-01-02 01:00:00,12937.551102088184,15573.570579591298,8859.758586369991
forecast_0026,2025-01-02 02:00:00,12756.548947060775,13614.298675537224,9400.525035156601
forecast_0027,2025-01-02 03:00:00,12740.443500215795,13488.876101577156,8987.2729239923
forecast_0028,2025-01-02 04:00:00,11698.792756418788,12680.38181805121,8522.135953892002
forecast_0029,2025-01-02 05:00:00,10198.00494556612,10910.339162536362,7795.309678068162
forecast_0030,2025-01-02 06:00:00,9146.379664026786,9389.027937663255,7054.061323188256
forecast_0031,2025-01-02 07:00:00,7487.243008449651,8232.532114830603,6169.095719160685
forecast_0032,2025-01-02 08:00:00,7181.775203700748,7452.488065083435,5476.94667633631
forecast_0033,2025-01-02 09:00:00,5612.045542115975,5751.719103958879,5158.598228078368
forecast_0034,2025-01-02 10:00:00,4563.725575973102,5103.761754045271,4462.372963333689
forecast_0035,2025-01-02 11:00:00,4854.882494726713,4300.0519477239895,3946.3493049585873
forecast_0036,2025-01-02 12:00:00,4882.497723865553,5815.194516907533,3856.3886524945924
forecast_0037,2025-01-02 13:00:00,4624.2622972418085,4575.711907528729,3779.6285004819133
forecast_0038,2025-01-02 14:00:00,5818.941142843565,5692.749799830558,4197.783388687527
forecast_0039,2025-01-02 15:00:00,6798.775516463386,6589.9921990142675,4963.751855484636
forecast_0040,2025-01-02 16:00:00,7684.832085364735,7301.520430266402,5644.40861158995
forecast_0041,2025-01-02 17:00:00,8007.0837812965965,7947.908071080922,5880.577558393832
forecast_0042,2025-01-02 18:00:00,8961.220165925453,8634.157721707548,6645.234573765831
forecast_0043,2025-01-02 19:00:00,8557.525346501978,9316.745895167414,6847.223926504752
forecast_0044,2025-01-02 20:00:00,9003.484586907727,9258.38163111646,7071.129047960513
forecast_0045,2025-01-02 21:00:00,9236.37702641736,9591.831904418776,7408.034102105521
forecast_0046,2025-01-02 22:00:00,9863.384509620108,10555.829358812527,8266.076440804893
forecast_0047,2025-01-02 23:00:00,10366.547128461198,11649.969504343562,9458.035941205831
forecast_0048,2025-01-03 00:00:00,11205.668371307493,12183.814905315421,9670.847251842004
forecast_0049,2025-01-03 01:00:00,11755.640582491582,13185.805301420449,9847.223616802736
forecast_0050,2025-01-03 02:00:00,11841.619552126334,13471.630412023856,9944.504083125403
forecast_0051,2025-01-03 03:00:00,12859.094018885058,14162.470861730848,9891.476280842751
forecast_0052,2025-01-03 04:00:00,14111.326817125146,14533.83609459643,9899.734861121318
forecast_0053,2025-01-03 05:00:00,13458.877492709229,14478.79843618152,9721.226106622567
forecast_0054,2025-01-03 06:00:00,12608.458638352546,14130.769395310599,9893.075710716921
forecast_0055,2025-01-03 07:00:00,11964.472121923505,12695.616300815715,10328.60742122187
forecast_0056,2025-01-03 08:00:00,11344.542842313596,11290.045584174517,10085.325172516044
forecast_0057,2025-01-03 09:00:00,10754.690797427256,11796.339914392098,9908.736877781856
forecast_0058,2025-01-03 10:00:00,10680.001803413616,10826.46703504793,9475.135574272157
forecast_0059,2025-01-03 11:00:00,11003.201660667208,10313.590075871758,9652.244018158413
forecast_0060,2025-01-03 12:00:00,11692.272574098166,10781.441576212566,9536.910290768697
forecast_0061,2025-01-03 13:00:00,12586.791142851325,11581.851902985054,9631.59245287906
forecast_0062,2025-01-03 14:00:00,12871.677857896946,12638.622100118031,9838.08748170763
forecast_0063,2025-01-03 15:00:00,13052.441956447787,12745.237105555649,10048.688771082449
forecast_0064,2025-01-03 16:00:00,13377.507867487497,12767.3087729016,10322.354462663845
forecast_0065,2025-01-03 17:00:00,12132.475624639652,12531.695948297283,9515.433594115693
forecast_0066,2025-01-03 18:00:00,11278.816674681357,11711.998909599275,8902.562049230339
forecast_0067,2025-01-03 19:00:00,11394.967705387175,11984.612012357715,9210.679780025584
forecast_0068,2025-01-03 20:00:00,12291.806234964004,12750.975997006084,10083.041631437773
forecast_0069,2025-01-03 21:00:00,12898.723997509258,14047.279106055827,11071.390379339755
forecast_0070,2025-01-03 22:00:00,12331.29632834266,13176.468891757315,10937.266374943742
forecast_0071,2025-01-03 23:00:00,12065.086290766161,13138.31335113487,10669.435932268942
forecast_0072,2025-01-04 00:00:00,12415.659960822079,12305.750335507355,10241.89645524306
forecast_0073,2025-01-04 01:00:00,12420.130900152266,12940.265607496212,11400.91761179893
forecast_0074,2025-01-04 02:00:00,13351.111995692007,13891.744487463458,11933.230341592012
forecast_0075,2025-01-04 03:00:00,14891.61885094817,15476.979273495399,12386.668823963952
forecast_0076,2025-01-04 04:00:00,16398.664508252223,16587.297626658816,12743.214759753522
forecast_0077,2025-01-04 05:00:00,16991.962000880143,17228.851174241885,13147.970940514284
forecast_0078,2025-01-04 06:00:00,17389.632797749196,17530.23735404698,13098.389745422988
forecast_0079,2025-01-04 07:00:00,17006.682498275033,17471.90511727161,13281.084659245747
forecast_0080,2025-01-04 08:00:00,16127.426582105814,16573.779534996702,11254.857499931351
forecast_0081,2025-01-04 09:00:00,15488.478062340062,15810.711910279342,10643.574602866402
forecast_0082,2025-01-04 10:00:00,13153.108646343571,13583.495641491641,9155.930307919854
forecast_0083,2025-01-04 11:00:00,11689.533423516212,11964.74470976144,8560.503701866317
forecast_0084,2025-01-04 12:00:00,10460.855924044507,10960.700865465436,8628.91342540264
forecast_0085,2025-01-04 13:00:00,10452.873860300071,10974.463090814394,8373.713574082793
forecast_0086,2025-01-04 14:00:00,9894.168853448184,10733.80015274114,7774.654137886292
forecast_0087,2025-01-04 15:00:00,9500.485204541865,10213.88005647363,7640.887885692307
forecast_0088,2025-01-04 16:00:00,9864.73236087191,10725.521094332496,7975.26349855473
forecast_0089,2025-01-04 17:00:00,11242.071487030142,12401.804864378226,8804.663924301061
forecast_0090,2025-01-04 18:00:00,12494.046921291476,13095.322895930503,10266.491050819424
forecast_0091,2025-01-04 19:00:00,13416.309821463485,15222.87206008544,11552.850649120755
forecast_0092,2025-01-04 20:00:00,14257.765586989359,16184.857803098135,12448.573743468094
forecast_0093,2025-01-04 21:00:00,16639.922150554055,17824.962692398472,13442.447112690106
forecast_0094,2025-01-04 22:00:00,17887.435300829922,18466.452350649153,15884.368629415014
forecast_0095,2025-01-04 23:00:00,18319.894947890327,18668.42862794115,16805.92961926906
forecast_0096,2025-01-05 00:00:00,18701.738512276144,19249.739788811068,17372.90850977396
forecast_0097,2025-01-05 01:00:00,18136.997434306926,18047.84269956978,14512.498738060513
forecast_0098,2025-01-05 02:00:00,17889.913040869927,17995.043378977763,14173.686382902773
forecast_0099,2025-01-05 03:00:00,17598.94585493703,18073.0509614693,13552.605090688388
forecast_0100,2025-01-05 04:00:00,15889.21752499946,17052.968796160443,11788.643170700892
forecast_0101,2025-01-05 05:00:00,14278.823577135094,15148.91943772856,10015.472119533939
forecast_0102,2025-01-05 06:00:00,12106.152058455215,12978.03738538797,9125.238103654467
forecast_0103,2025-01-05 07:00:00,12085.282845978221,13560.146878796502,9357.016049006477
forecast_0104,2025-01-05 08:00:00,12660.199323801286,15050.797452849909,9901.37847943211
forecast_0105,2025-01-05 09:00:00,13114.9070504081,15745.855056615379,11203.697533497603
forecast_0106,2025-01-05 10:00:00,14875.211177971518,16338.213460855715,13780.613702844905
forecast_0107,2025-01-05 11:00:00,17014.5597458989,16679.204239010087,14935.829426086877
forecast_0108,2025-01-05 12:00:00,17150.766700594813,17301.826143750382,15374.24525550086
forecast_0109,2025-01-05 13:00:00,16232.463953631026,17585.39235041261,13678.670426422033
forecast_0110,2025-01-05 14:00:00,13751.13153265267,15886.459691432923,12714.226185779271
forecast_0111,2025-01-05 15:00:00,13074.73921218171,16492.363137775064,12121.598026760526
forecast_0112,2025-01-05 16:00:00,13577.078730595322,15861.759937968176,11475.439416043964
forecast_0113,2025-01-05 17:00:00,12705.3267017229,15290.320432077868,11241.00782738346
forecast_0114,2025-01-05 18:00:00,14465.794014867159,14657.014833439087,11058.307220780873
forecast_0115,2025-01-05 19:00:00,14553.599727423296,15418.644141084837,12036.6872811816
forecast_0116,2025-01-05 20:00:00,14924.21684720586,15063.44990216178,13154.732573862071
forecast_0117,2025-01-05 21:00:00,14544.52384186799,14420.103920383783,13188.170401317777
forecast_0118,2025-01-05 22:00:00,13883.603942998334,13170.353648285067,12880.74033835187
forecast_0119,2025-01-05 23:00:00,13718.447562732974,13940.214484860158,11487.11007932104
forecast_0120,2025-01-06 00:00:00,13450.320606911275,14068.705074691843,10905.18804052167
forecast_0121,2025-01-06 01:00:00,10928.353969602997,11443.217258028424,8047.484276922928
forecast_0122,2025-01-06 02:00:00,11295.486294830223,11194.30024848069,7904.108516787588
forecast_0123,2025-01-06 03:00:00,10584.258642035424,10855.516254858589,7109.2025302406055
forecast_0124,2025-01-06 04:00:00,9213.066583544985,11350.54167449834,5644.092230425175
forecast_0125,2025-01-06 05:00:00,8238.47102794153,10338.972107151076,6051.799196343495
forecast_0126,2025-01-06 06:00:00,7534.552564776737,7804.642520998483,4744.545177267243
forecast_0127,2025-01-06 07:00:00,4631.467288976372,4846.139648276104,3693.7991569704504
forecast_0128,2025-01-06 08:00:00,4535.559702217502,4574.08260589752,3393.643321005179
forecast_0129,2025-01-06 09:00:00,4187.628372210732,4261.009744688231,3683.01859945878
forecast_0130,2025-01-06 10:00:00,5983.506813312365,6148.070117014385,5366.375286231881
forecast_0131,2025-01-06 11:00:00,7113.413082915652,6986.010953679115,5707.703139103635
forecast_0132,2025-01-06 12:00:00,7410.727086499956,7843.532213302285,5956.279092528684
forecast_0133,2025-01-06 13:00:00,8278.511420562465,8338.806900263005,7238.6141285349495
forecast_0134,2025-01-06 14:00:00,9072.050231547388,9010.170596491978,7245.352736188394
forecast_0135,2025-01-06 15:00:00,9965.337874513496,10372.663106153916,7991.676297005898
forecast_0136,2025-01-06 16:00:00,10526.200522043324,11280.371128693265,8497.567247934112
forecast_0137,2025-01-06 17:00:00,12201.4494476751,12843.662839337767,9687.122784349718
forecast_0138,2025-01-06 18:00:00,13248.191348214708,14145.632507347693,10522.373804374594
forecast_0139,2025-01-06 19:00:00,13887.273113091793,15814.697424831706,11702.09284077721
forecast_0140,2025-01-06 20:00:00,14128.860312948522,15303.116305813928,12134.449769370223
forecast_0141,2025-01-06 21:00:00,14528.102946284102,15790.769684508266,12577.758864675974
forecast_0142,2025-01-06 22:00:00,14734.382519730358,16600.254979730777,12838.83585248692
forecast_0143,2025-01-06 23:00:00,15755.036497642845,17573.512588124257,14046.585260148042
forecast_0144,2025-01-07 00:00:00,16020.608250866348,17904.537366610315,14414.194515727282
forecast_0145,2025-01-07 01:00:00,17050.794827440997,19812.511629436263,16623.821911072137
forecast_0146,2025-01-07 02:00:00,17080.74977275602,19900.630798185255,17033.57882045571
forecast_0147,2025-01-07 03:00:00,16694.878941185772,19797.963390464163,17418.575378019545
forecast_0148,2025-01-07 04:00:00,16408.64080740439,18809.125810871217,16911.291004782142
forecast_0149,2025-01-07 05:00:00,16166.550859617038,18164.28841931136,16162.264703076386
forecast_0150,2025-01-07 06:00:00,16036.399465525128,17751.90946808721,15835.022862027485
forecast_0151,2025-01-07 07:00:00,15540.805134327837,17469.92109994963,15618.84019342722
forecast_0152,2025-01-07 08:00:00,15353.74583753798,17729.610815132164,15700.426513224425
forecast_0153,2025-01-07 09:00:00,15249.328100305238,17562.309423701998,15585.185958721553
forecast_0154,2025-01-07 10:00:00,15298.517255460707,17182.227859176604,15692.518379324438
forecast_0155,2025-01-07 11:00:00,15368.244825561613,17767.50060452135,15524.930999705355
forecast_0156,2025-01-07 12:00:00,15244.557609941972,17587.86368113898,15241.249713395437
forecast_0157,2025-01-07 13:00:00,15282.353603938373,17424.577127770153,14914.754006478677
forecast_0158,2025-01-07 14:00:00,15365.507977701405,17264.299213625553,14897.983861974806
forecast_0159,2025-01-07 15:00:00,15353.676317145804,16931.435510111343,14827.65184061597
forecast_0160,2025-01-07 16:00:00,15401.614571269349,16759.449554746123,14758.42960166099
forecast_0161,2025-01-07 17:00:00,15366.744498662736,17035.104347403958,14613.969512889375
forecast_0162,2025-01-07 18:00:00,15562.484877280172,17498.62675817918,15117.292119518046
forecast_0163,2025-01-07 19:00:00,16005.245113021101,17385.79902229917,15817.41886209048
forecast_0164,2025-01-07 20:00:00,16391.845747499432,17961.522173237452,16358.122492991148
forecast_0165,2025-01-07 21:00:00,16347.465800285365,18816.5830958878,17108.579188535386
forecast_0166,2025-01-07 22:00:00,16181.669455302776,18588.564528791037,17572.602017839225
forecast_0167,2025-01-07 23:00:00,15668.344930307669,18293.88610962262,17001.97128601133
forecast_0168,2025-01-08 00:00:00,15535.628931172123,18120.47585780259,16827.14377789939
forecast_0169,2025-01-08 01:00:00,14920.559738971204,17196.20633989386,15866.356953560897
forecast_0170,2025-01-08 02:00:00,15078.330817644955,17225.215608459777,15788.493259822779
forecast_0171,2025-01-08 03:00:00,14749.821836521545,16542.805541372545,15340.323981397734
forecast_0172,2025-01-08 04:00:00,14648.127288354377,16630.83539818892,14848.814009419419
forecast_0173,2025-01-08 05:00:00,14188.954313503424,16308.859370369162,14502.674839085574
forecast_0174,2025-01-08 06:00:00,14977.319166037332,16168.987014836292,14462.499053299794
forecast_0175,2025-01-08 07:00:00,14723.550083044667,16481.92375427668,14569.533989035612
forecast_0176,2025-01-08 08:00:00,14928.15834100851,16522.705154113835,14467.745948357015
forecast_0177,2025-01-08 09:00:00,14934.643917997186,16309.266494665046,14540.473159375213
forecast_0178,2025-01-08 10:00:00,14747.332357981015,16211.451471112894,14634.469747714504
forecast_0179,2025-01-08 11:00:00,15038.627668287447,16665.757916348743,15713.088656830128
forecast_0180,2025-01-08 12:00:00,15878.54291495133,17327.200252234743,16220.593523569925
forecast_0181,2025-01-08 13:00:00,16547.163861921497,17782.49597436486,16825.891003727695
forecast_0182,2025-01-08 14:00:00,16920.75593290091,17883.30352212096,16910.634469161138
forecast_0183,2025-01-08 15:00:00,16832.503318416824,17925.87989601437,16710.59054891814
forecast_0184,2025-01-08 16:00:00,16541.234551364305,17607.95954264909,16333.063803790492
forecast_0185,2025-01-08 17:00:00,15470.74772910313,17256.218667978286,15970.840867327122
forecast_0186,2025-01-08 18:00:00,15414.548522084418,17023.07931600804,15928.544603446731
forecast_0187,2025-01-08 19:00:00,15440.15954125125,17296.38248022528,16172.894474004517
forecast_0188,2025-01-08 20:00:00,15647.017222102233,17493.74304033243,16323.973402457923
forecast_0189,2025-01-08 21:00:00,15765.330022264523,17553.55604112344,16188.859396806705
forecast_0190,2025-01-08 22:00:00,15734.944991394503,17549.528850915503,16098.657315922788
forecast_0191,2025-01-08 23:00:00,15467.659608422491,17523.233453391138,16079.744675360818
forecast_0192,2025-01-09 00:00:00,15584.361484244318,17680.448588999825,16209.45630754319
forecast_0193,2025-01-09 01:00:00,15513.116698456537,17718.62924675069,15624.379059845001
forecast_0194,2025-01-09 02:00:00,15690.923692398259,17763.92513799373,15849.151510839029
forecast_0195,2025-01-09 03:00:00,15890.653690819552,17539.201535035158,15849.223147002069
forecast_0196,2025-01-09 04:00:00,16166.003996539088,17511.68192830675,15295.26183880404
forecast_0197,2025-01-09 05:00:00,17199.196083618757,17104.1304627035,14940.998238783019
forecast_0198,2025-01-09 06:00:00,16895.105552863115,16723.27153349862,14533.312349807511
forecast_0199,2025-01-09 07:00:00,15714.615121731842,16774.363330024888,14391.65121582115
forecast_0200,2025-01-09 08:00:00,15208.12345366835,16899.29359628141,14257.027915593992
forecast_0201,2025-01-09 09:00:00,14640.438856261868,16768.611702118917,14004.046149511947
forecast_0202,2025-01-09 10:00:00,14716.790692503691,16751.817966009134,14036.953927048897
forecast_0203,2025-01-09 11:00:00,15686.883071614637,16345.959089836953,13841.873279668014
forecast_0204,2025-01-09 12:00:00,16230.106284767307,16084.98299660466,14033.113890680232
forecast_0205,2025-01-09 13:00:00,16335.739093020042,16263.19511038048,14132.461590210884
forecast_0206,2025-01-09 14:00:00,14895.15618775162,16483.70724825588,13694.251759133416
forecast_0207,2025-01-09 15:00:00,14276.930875414506,16316.342512691353,12698.185801819835
forecast_0208,2025-01-09 16:00:00,13840.34579191552,15369.10394568203,11863.915515200139
forecast_0209,2025-01-09 17:00:00,14301.863577568229,15767.409919418029,11377.27446284892
forecast_0210,2025-01-09 18:00:00,12868.175707285229,15628.331134093323,10753.124500545546
forecast_0211,2025-01-09 19:00:00,12635.037275814027,14766.571006477207,11114.808247091498
forecast_0212,2025-01-09 20:00:00,15462.579439336001,16768.14819304788,11494.111300275163
forecast_0213,2025-01-09 21:00:00,17308.95654591177,17663.668692127554,13332.051194236019
forecast_0214,2025-01-09 22:00:00,18642.12234204426,19709.47696719801,15011.499214522259
forecast_0215,2025-01-09 23:00:00,19957.15927368974,20141.13465281053,16446.829883294242
forecast_0216,2025-01-10 00:00:00,19906.16726425043,20333.68409009719,17701.37680405955
forecast_0217,2025-01-10 01:00:00,15900.335778817376,16331.433820959823,11187.293304669593
forecast_0218,2025-01-10 02:00:00,16657.395153660826,17156.427641821087,12123.401348811587
forecast_0219,2025-01-10 03:00:00,17750.753391085836,17879.624143722325,11956.637785941557
forecast_0220,2025-01-10 04:00:00,18053.482426982624,15914.095258096078,12821.153096000033
forecast_0221,2025-01-10 05:00:00,18050.39737217859,15982.23339258223,11742.317618861405
forecast_0222,2025-01-10 06:00:00,17184.497443930723,17497.460734738055,11429.842261497904
forecast_0223,2025-01-10 07:00:00,14770.51005430037,16222.074246363814,10381.367034084375
forecast_0224,2025-01-10 08:00:00,12140.603146319501,11283.513585515844,8340.45221592753
forecast_0225,2025-01-10 09:00:00,9065.833238370997,8536.506663166856,6604.514036213591
forecast_0226,2025-01-10 10:00:00,6271.402894304952,6001.687216425917,4652.954793145077
forecast_0227,2025-01-10 11:00:00,4332.270134246723,4208.265573140158,3831.5526939991246
forecast_0228,2025-01-10 12:00:00,3821.8137635883168,3864.8897746870666,3724.835043061109
forecast_0229,2025-01-10 13:00:00,3988.2819068463564,3941.1939570246573,3364.6185509861557
forecast_0230,2025-01-10 14:00:00,3852.1034425487956,3820.4689994005876,3376.173439041409
forecast_0231,2025-01-10 15:00:00,4062.6137843578995,3994.9328032766366,3698.7593041150512
forecast_0232,2025-01-10 16:00:00,5642.945399087898,5385.8935016933665,4429.3843070256535
forecast_0233,2025-01-10 17:00:00,8785.64494843381,8108.838993679353,6315.203417133565
forecast_0234,2025-01-10 18:00:00,10032.378030695678,10024.54610362471,7315.326463676949
forecast_0235,2025-01-10 19:00:00,11519.24299054924,11202.259756786458,8373.328900131564
forecast_0236,2025-01-10 20:00:00,11891.471917789147,11745.920632848009,8441.199906276259
forecast_0237,2025-01-10 21:00:00,12068.834557928183,11784.017348646792,8577.839198042553
forecast_0238,2025-01-10 22:00:00,12184.89394819274,11777.177203979576,8734.921304843248
forecast_0239,2025-01-10 23:00:00,12365.349748818002,11978.043412658984,8587.242138560536
forecast_0240,2025-01-11 00:00:00,12480.142260087301,12153.798879728683,8759.88764548011
forecast_0241,2025-01-11 01:00:00,9175.082126129584,9138.777527807793,6645.005564690013
forecast_0242,2025-01-11 02:00:00,9315.291716797443,9327.902048205538,6497.831544212905
forecast_0243,2025-01-11 03:00:00,8654.530384168238,8862.98740453168,6863.040295626756
forecast_0244,2025-01-11 04:00:00,9360.230218779607,10726.467836160353,8123.150665234707
forecast_0245,2025-01-11 05:00:00,8215.275512513275,9057.011408145068,8091.820146349011
forecast_0246,2025-01-11 06:00:00,7175.736186139286,7187.033868933386,6778.219333997661
forecast_0247,2025-01-11 07:00:00,5498.583262241463,5172.675809759089,5987.268259567354
forecast_0248,2025-01-11 08:00:00,5390.778750219221,5308.981150840085,5283.268795642375
forecast_0249,2025-01-11 09:00:00,5656.272591513913,5533.906010307461,4443.9787268429
forecast_0250,2025-01-11 10:00:00,5458.343586502688,4708.359168677992,3807.7977152096455
forecast_0251,2025-01-11 11:00:00,4376.72436842496,4226.265097266938,3600.8285252609326
forecast_0252,2025-01-11 12:00:00,3795.487173017845,3835.5809280128037,3710.7811583698394
forecast_0253,2025-01-11 13:00:00,3834.5719725752547,3813.045814593061,3637.420611358042
forecast_0254,2025-01-11 14:00:00,4124.271719846977,3893.7466048217384,3673.638367186068
forecast_0255,2025-01-11 15:00:00,4294.346227376957,4315.893042044354,3728.892994553847
forecast_0256,2025-01-11 16:00:00,4106.790415601933,3946.8648665798632,4022.4441284176837
forecast_0257,2025-01-11 17:00:00,5164.564200605925,4970.254090861939,4069.0854308742273
forecast_0258,2025-01-11 18:00:00,7787.924477417752,7655.582239679893,5828.711296215892
forecast_0259,2025-01-11 19:00:00,10005.842155682645,9902.984632366575,7330.291919226068
forecast_0260,2025-01-11 20:00:00,11460.749477671612,11125.544696496723,8433.467316806124
forecast_0261,2025-01-11 21:00:00,11668.00098116592,10582.07361427942,9269.624317874777
forecast_0262,2025-01-11 22:00:00,12301.01448367425,10960.583455532353,9586.680480041756
forecast_0263,2025-01-11 23:00:00,14189.771707702073,13666.48089461533,9401.477097917852
forecast_0264,2025-01-12 00:00:00,14657.502471704978,14518.81140455903,9910.251728642648
forecast_0265,2025-01-12 01:00:00,10264.966444348265,10296.062987762129,8329.49392677149
forecast_0266,2025-01-12 02:00:00,11559.451747087362,11276.640471704535,8870.287151119042
forecast_0267,2025-01-12 03:00:00,13273.77795573499,13246.774660400288,9846.244973000195
forecast_0268,2025-01-12 04:00:00,14938.566788159886,15762.329515600526,11204.283232131478
forecast_0269,2025-01-12 05:00:00,16955.01491957824,16734.0003361567,12197.460512859507
forecast_0270,2025-01-12 06:00:00,17904.121927059536,17714.122513601957,13129.04839758894
forecast_0271,2025-01-12 07:00:00,18354.267212256334,18254.251287040708,13003.203944640325
forecast_0272,2025-01-12 08:00:00,18556.007141483293,18662.14151021248,13636.692576209629
forecast_0273,2025-01-12 09:00:00,17857.46028771923,17912.03338630789,13609.41260450948
forecast_0274,2025-01-12 10:00:00,16422.642825757284,16643.521443162463,13250.219932135382
forecast_0275,2025-01-12 11:00:00,14119.885321066535,14979.73959411186,11242.785427171559
forecast_0276,2025-01-12 12:00:00,12057.31913679196,13047.539223623815,9703.837787240836
forecast_0277,2025-01-12 13:00:00,10814.820808211873,11620.052005862184,8993.100863453998
forecast_0278,2025-01-12 14:00:00,10654.917642796001,11499.706298461986,8905.13104173162
forecast_0279,2025-01-12 15:00:00,12233.750529466055,13806.810712468638,9555.274187407911
forecast_0280,2025-01-12 16:00:00,13548.14857701605,14462.725313930074,10033.670643868682
forecast_0281,2025-01-12 17:00:00,13685.350422947242,15183.529342887576,11118.457908871982
forecast_0282,2025-01-12 18:00:00,14883.304694621696,15745.014104066211,12849.418384347127
forecast_0283,2025-01-12 19:00:00,15761.147958504285,16985.40160835232,13655.436132981655
forecast_0284,2025-01-12 20:00:00,16342.45145203143,17328.57795058135,14033.319443228733
forecast_0285,2025-01-12 21:00:00,16899.65414859183,18898.039104874384,13930.532233615144
forecast_0286,2025-01-12 22:00:00,17185.789028415205,18318.242984752225,14109.79657558591
forecast_0287,2025-01-12 23:00:00,17829.92927896748,19135.205821509815,14270.910782491328
forecast_0288,2025-01-13 00:00:00,18431.72645210507,19136.845111563864,14171.791203829604
forecast_0289,2025-01-13 01:00:00,19990.173367166244,20325.727899109937,17393.953483005916
forecast_0290,2025-01-13 02:00:00,20315.09776579723,20332.445018499813,17985.737843229097
forecast_0291,2025-01-13 03:00:00,20349.97810740167,20364.523857694916,18634.34356636891
forecast_0292,2025-01-13 04:00:00,20312.133422235605,20379.57096001883,19116.593642275435
forecast_0293,2025-01-13 05:00:00,20327.209773656286,20363.806932236617,19346.066122717977
forecast_0294,2025-01-13 06:00:00,20332.605383567356,20342.556026304712,19269.40645306187
forecast_0295,2025-01-13 07:00:00,20324.202904329908,20344.73673769145,17946.789818735408
forecast_0296,2025-01-13 08:00:00,20319.652972264983,20333.583808289302,17330.801123892856
forecast_0297,2025-01-13 09:00:00,20044.073973601517,20321.263963287827,17280.36428255273
forecast_0298,2025-01-13 10:00:00,19945.49011707599,20341.79302841263,18522.676885256697
forecast_0299,2025-01-13 11:00:00,19734.576439610446,20119.152923201378,16456.183897551193
forecast_0300,2025-01-13 12:00:00,17643.979789102938,18407.722553706102,14936.126266237146
forecast_0301,2025-01-13 13:00:00,15463.768590508877,17086.936300809153,13358.409709279156
forecast_0302,2025-01-13 14:00:00,14827.86341842744,15943.010796188175,11621.38107375059
forecast_0303,2025-01-13 15:00:00,13702.856601588404,15770.041165796558,11243.887599210251
forecast_0304,2025-01-13 16:00:00,13313.0412993794,14148.449087703024,11253.773502915255
forecast_0305,2025-01-13 17:00:00,12857.488623291394,13356.846826212066,10951.375200312514
forecast_0306,2025-01-13 18:00:00,12226.801786716218,12972.02718607934,11128.84104614313
forecast_0307,2025-01-13 19:00:00,12773.739089077226,13839.206947583558,11661.750035564142
forecast_0308,2025-01-13 20:00:00,13597.862397613419,15605.085160311133,12722.214783129848
forecast_0309,2025-01-13 21:00:00,15884.63134672674,16089.523126084967,13589.080181468882
forecast_0310,2025-01-13 22:00:00,16623.172583478245,16675.50561889932,14416.728578131662
forecast_0311,2025-01-13 23:00:00,17112.855327599544,17422.563194153747,15361.581218274492
forecast_0312,2025-01-14 00:00:00,17362.52000629888,17669.30860809935,15802.640069611303
forecast_0313,2025-01-14 01:00:00,16556.048210591096,17398.7274711488,15390.641054983826
forecast_0314,2025-01-14 02:00:00,17198.056544388288,17530.45392034699,15680.213937888117
forecast_0315,2025-01-14 03:00:00,17561.07634893522,17927.20370473429,16673.233763502845
forecast_0316,2025-01-14 04:00:00,17889.822827102533,18410.865921932687,17261.57814771208
forecast_0317,2025-01-14 05:00:00,18645.643348445938,18822.602499726716,17873.070084509105
forecast_0318,2025-01-14 06:00:00,18670.13789469231,18958.467627407517,17513.101386120627
forecast_0319,2025-01-14 07:00:00,18695.521546213862,18946.127951642167,17810.066893694227
forecast_0320,2025-01-14 08:00:00,18473.25457635339,18907.073949795773,16946.93767839669
forecast_0321,2025-01-14 09:00:00,18130.98723863993,18472.08801138685,16016.802383409356
forecast_0322,2025-01-14 10:00:00,17341.27490441657,17854.72249228302,14786.472068120773
forecast_0323,2025-01-14 11:00:00,16554.77142939609,16832.584665843864,14227.884904018643
forecast_0324,2025-01-14 12:00:00,15864.277955539952,16003.807200337527,13135.180172076072
forecast_0325,2025-01-14 13:00:00,15536.04723464409,15639.825270462998,12225.60234296589
forecast_0326,2025-01-14 14:00:00,15137.544063209725,15111.960708565719,11557.939943255948
forecast_0327,2025-01-14 15:00:00,14490.596680786339,14302.073304304593,11314.577292856202
forecast_0328,2025-01-14 16:00:00,13474.085986618982,13913.420215822496,10915.261379684649
forecast_0329,2025-01-14 17:00:00,13174.905651507688,13408.685580750554,10589.434052754495
forecast_0330,2025-01-14 18:00:00,13307.480738309361,13299.39466126788,10594.878212060084
forecast_0331,2025-01-14 19:00:00,13256.203499796897,13269.869129540539,10720.646116060314
forecast_0332,2025-01-14 20:00:00,13252.291508062253,13518.434563184572,11385.81006814288
forecast_0333,2025-01-14 21:00:00,13059.04677021525,13996.80395912963,11813.098141381188
forecast_0334,2025-01-14 22:00:00,13082.987860998574,14154.084839303923,11892.809411500157
forecast_0335,2025-01-14 23:00:00,13135.54836715211,12958.52017405954,12077.097420211205
forecast_0336,2025-01-15 00:00:00,13323.711463075584,13047.115981161762,12128.37926360659
forecast_0337,2025-01-15 01:00:00,13467.419727857397,13011.88201813936,11606.436014138924
forecast_0338,2025-01-15 02:00:00,13064.557496565436,12837.209742378676,10922.818154447694
forecast_0339,2025-01-15 03:00:00,12223.985059833109,11801.24147663064,10158.459441848196
forecast_0340,2025-01-15 04:00:00,11866.346298082022,11382.960395074278,9125.562457089678
forecast_0341,2025-01-15 05:00:00,12072.052680489915,10983.524373773535,9183.198458608646
forecast_0342,2025-01-15 06:00:00,11864.290189453892,11585.422354395754,9669.780469950983
forecast_0343,2025-01-15 07:00:00,11944.742036797588,13444.090838247475,10146.190800960614
forecast_0344,2025-01-15 08:00:00,13025.13089148356,13324.215408166261,10673.177977978821
forecast_0345,2025-01-15 09:00:00,12767.910621487883,13055.582888147062,10592.317565932748
forecast_0346,2025-01-15 10:00:00,12393.462608767044,13116.66203621942,10492.321939238485
forecast_0347,2025-01-15 11:00:00,12340.54459898442,11880.881524604132,10105.471177166333
forecast_0348,2025-01-15 12:00:00,12149.263169758842,11649.75498238554,9746.984821288266
forecast_0349,2025-01-15 13:00:00,11631.66557831046,11047.577084499957,9372.023498001688
forecast_0350,2025-01-15 14:00:00,11053.355958554657,10317.585061915794,8968.596276911161
forecast_0351,2025-01-15 15:00:00,10294.685391920944,10142.48995253005,8993.050634618972
forecast_0352,2025-01-15 16:00:00,11179.300181168162,10841.705308920733,9532.836632664306
forecast_0353,2025-01-15 17:00:00,12155.803130465043,12641.81560640637,10653.637906965516
forecast_0354,2025-01-15 18:00:00,13234.065161103765,13816.453951340842,11693.783727248981
forecast_0355,2025-01-15 19:00:00,14136.031549860387,15087.107114398932,11735.504373341724
forecast_0356,2025-01-15 20:00:00,14892.922878233756,16358.674481364727,12988.625197341995
forecast_0357,2025-01-15 21:00:00,16345.621447459873,17465.848437455814,14309.074326022519
forecast_0358,2025-01-15 22:00:00,18326.592942198917,19150.161001463555,15666.286201095678
forecast_0359,2025-01-15 23:00:00,20011.58471224353,19998.933534572818,16831.052396441195
forecast_0360,2025-01-16 00:00:00,20270.334356452044,20320.799807783736,17033.953112827872
forecast_0361,2025-01-16 01:00:00,19924.575601764875,20219.5199515564,16863.821374083014
forecast_0362,2025-01-16 02:00:00,20140.138361247416,20318.571219837195,16835.642887135407
forecast_0363,2025-01-16 03:00:00,20332.545369260097,20036.80062129693,18034.090486174257
forecast_0364,2025-01-16 04:00:00,20036.93983245204,20312.446575987604,18843.58151825703
forecast_0365,2025-01-16 05:00:00,19949.633790687487,20314.315486537675,19369.103275723573
forecast_0366,2025-01-16 06:00:00,20256.48233424368,20312.103823461435,19471.56413797776
forecast_0367,2025-01-16 07:00:00,20205.32405288281,20180.255062276006,19329.21800638445
forecast_0368,2025-01-16 08:00:00,20040.752752679382,20230.2660415706,19340.909860105043
forecast_0369,2025-01-16 09:00:00,19883.51434499266,20312.393844575803,19364.425555404694
forecast_0370,2025-01-16 10:00:00,19950.00885336914,19996.954200044394,19256.78141302742
forecast_0371,2025-01-16 11:00:00,19891.810754249953,19993.974955904534,18656.698574427955
forecast_0372,2025-01-16 12:00:00,19879.356080263584,20111.922304044252,17530.101046308813
forecast_0373,2025-01-16 13:00:00,18331.822782943716,19580.248532576,16206.345884607761
forecast_0374,2025-01-16 14:00:00,17482.217840865775,18332.226177758457,14993.879476575219
forecast_0375,2025-01-16 15:00:00,16266.534130930559,18288.321155814872,14514.440791179148
forecast_0376,2025-01-16 16:00:00,16169.981752359825,18093.274595009505,14581.289877165958
forecast_0377,2025-01-16 17:00:00,17345.649618892567,18119.067123840112,14671.11466280719
forecast_0378,2025-01-16 18:00:00,16209.062285028047,17704.22612201873,14115.457629221031
forecast_0379,2025-01-16 19:00:00,15281.602894366317,16883.771318608182,13583.45655622309
forecast_0380,2025-01-16 20:00:00,13219.508331910973,14319.603625774593,11641.257818382292
forecast_0381,2025-01-16 21:00:00,11324.941145396757,12270.268974590383,9844.265578096096
forecast_0382,2025-01-16 22:00:00,8261.70511200211,9074.899010031482,7020.955157191367
forecast_0383,2025-01-16 23:00:00,6715.671668546265,6712.080014018016,4965.436571106277
forecast_0384,2025-01-17 00:00:00,5830.630279315923,6503.222471663104,3787.9475078254227
forecast_0385,2025-01-17 01:00:00,3895.8875127014535,3636.4602882601516,3204.8649943954715
forecast_0386,2025-01-17 02:00:00,3590.477845730225,3404.094377989816,3375.3410057762667
forecast_0387,2025-01-17 03:00:00,3612.466067087184,3475.597027818772,3419.6668217698734
forecast_0388,2025-01-17 04:00:00,4052.0799194092037,3523.1410223150338,3312.3585659713945
forecast_0389,2025-01-17 05:00:00,4306.5371436138585,3544.564541726017,3053.0813890479017
forecast_0390,2025-01-17 06:00:00,3376.415636811907,3436.9107930528285,3251.658741839345
forecast_0391,2025-01-17 07:00:00,2965.7338751755065,2950.7889359358655,2928.3039784045927
forecast_0392,2025-01-17 08:00:00,2956.922968345111,3286.8948827201693,2667.411933960858
forecast_0393,2025-01-17 09:00:00,3238.8086422863557,3573.173929292612,2756.99870177303
forecast_0394,2025-01-17 10:00:00,3024.7172074465316,3376.5899114069753,2422.3992220447567
forecast_0395,2025-01-17 11:00:00,2928.077787875425,2880.636741246682,3530.712453661681
forecast_0396,2025-01-17 12:00:00,2603.3835093523317,3229.212542709794,3591.9758399538655
forecast_0397,2025-01-17 13:00:00,2514.6194588656417,3241.6567251907995,3305.240026324221
forecast_0398,2025-01-17 14:00:00,3038.687546906956,3316.866838333726,3010.4542438411327
forecast_0399,2025-01-17 15:00:00,3599.2881003770603,3525.759120094043,3189.494290192967
forecast_0400,2025-01-17 16:00:00,3863.924564732466,3855.4402763165976,3660.7652740029926
forecast_0401,2025-01-17 17:00:00,6288.328664349449,6074.565127630569,4316.018911423243
forecast_0402,2025-01-17 18:00:00,9119.015101362402,9122.963001033593,5672.576031479644
forecast_0403,2025-01-17 19:00:00,10179.879317357194,9772.942900818733,7012.718761703496
forecast_0404,2025-01-17 20:00:00,11399.783388738684,10706.300932087035,8404.65734714367
forecast_0405,2025-01-17 21:00:00,12814.76583521331,12229.90733391552,9223.987122262739
forecast_0406,2025-01-17 22:00:00,13806.465048679356,13382.87190213226,9685.58943299748
forecast_0407,2025-01-17 23:00:00,13981.862090012939,13042.403397221367,9642.54857897614
forecast_0408,2025-01-18 00:00:00,13798.686746547142,12888.185605949076,9952.752538475697
forecast_0409,2025-01-18 01:00:00,10226.254130748754,9653.795692956199,7707.392279008582
forecast_0410,2025-01-18 02:00:00,10390.50302126173,10818.753491393307,8203.086271071725
forecast_0411,2025-01-18 03:00:00,13756.62840875527,13184.42462147889,8809.008220556776
forecast_0412,2025-01-18 04:00:00,15763.902201474595,15488.103021608473,10188.70761579016
forecast_0413,2025-01-18 05:00:00,16538.849986492853,16361.975600861077,11008.259666246875
forecast_0414,2025-01-18 06:00:00,16002.019260329747,15726.024192570794,9777.500854971318
forecast_0415,2025-01-18 07:00:00,13455.337420077629,12988.690031695234,8658.00993646665
forecast_0416,2025-01-18 08:00:00,10012.415959073081,9279.673753929927,6703.049464485406
forecast_0417,2025-01-18 09:00:00,6910.33648521309,6029.340589741789,4777.088837302604
forecast_0418,2025-01-18 10:00:00,5163.028219362692,4368.6710603491865,3917.747065902471
forecast_0419,2025-01-18 11:00:00,4770.94871308942,4552.144246929975,3815.026989898511
forecast_0420,2025-01-18 12:00:00,5146.369744293851,5181.476569938475,3800.1890537651116
forecast_0421,2025-01-18 13:00:00,4289.12139598378,4419.872020982202,3789.9377767001874
forecast_0422,2025-01-18 14:00:00,3882.000340850926,3957.78547581595,3689.1172770716325
forecast_0423,2025-01-18 15:00:00,4501.061263130567,4473.32535097336,3797.428765887454
forecast_0424,2025-01-18 16:00:00,6520.922488005364,6554.292455964457,4443.8344501281235
forecast_0425,2025-01-18 17:00:00,10178.153722839905,10155.944594400093,7770.56233028702
forecast_0426,2025-01-18 18:00:00,13795.085725904755,13661.671141583185,10460.409753628735
forecast_0427,2025-01-18 19:00:00,17608.094431516747,17815.691999734107,13543.828961655854
forecast_0428,2025-01-18 20:00:00,19197.259019488236,18308.00642578148,15008.36840091205
forecast_0429,2025-01-18 21:00:00,19849.138577020713,19446.56514825178,15937.512308937838
forecast_0430,2025-01-18 22:00:00,19909.266159270224,19549.567977689272,16317.615748431224
forecast_0431,2025-01-18 23:00:00,19128.87856843633,18692.195932806622,16041.86495549027
forecast_0432,2025-01-19 00:00:00,18504.29534431122,18546.166564741732,15485.5154870282
forecast_0433,2025-01-19 01:00:00,18184.32937659304,18266.80869546468,14494.703649586247
forecast_0434,2025-01-19 02:00:00,18557.556593652535,18506.16937408617,14676.051205170554
forecast_0435,2025-01-19 03:00:00,18913.054292956473,19566.331438490226,15713.920745639038
forecast_0436,2025-01-19 04:00:00,19897.144583226127,19890.438278801055,15542.06886530324
forecast_0437,2025-01-19 05:00:00,19915.56111893548,19897.374965528426,15836.41889689684
forecast_0438,2025-01-19 06:00:00,19873.340782991683,19837.640688802792,16289.67731287127
forecast_0439,2025-01-19 07:00:00,19901.325725715215,19705.279517730538,16447.637692676068
forecast_0440,2025-01-19 08:00:00,19739.270552142432,19537.645375887954,16209.264119458898
forecast_0441,2025-01-19 09:00:00,18643.86824410372,18824.373322376272,15302.113365812726
forecast_0442,2025-01-19 10:00:00,16645.344351024145,16669.99903683097,13690.80235657359
forecast_0443,2025-01-19 11:00:00,13407.93037698913,13826.164006465739,11218.761512910754
forecast_0444,2025-01-19 12:00:00,10641.658247155417,10966.16379834122,8720.418578238132
forecast_0445,2025-01-19 13:00:00,9070.729740183298,9268.224584139918,7206.599720196557
forecast_0446,2025-01-19 14:00:00,7669.618606349538,7656.395231960572,5812.917931756956
forecast_0447,2025-01-19 15:00:00,6654.25702407993,6690.175344443069,5187.799094179981
forecast_0448,2025-01-19 16:00:00,6160.517293018617,5968.978736269313,4720.651158470351
forecast_0449,2025-01-19 17:00:00,6724.217251336564,6477.490025427145,5130.155293813435
forecast_0450,2025-01-19 18:00:00,7312.642198557975,7704.777358826648,5994.265918281143
forecast_0451,2025-01-19 19:00:00,8332.211695963631,9040.014941615538,7396.586115250338
forecast_0452,2025-01-19 20:00:00,9281.671880978853,10270.26870042781,8617.489623725176
forecast_0453,2025-01-19 21:00:00,12074.968788458871,12802.949824749205,9459.253225942786
forecast_0454,2025-01-19 22:00:00,13035.01031564702,14204.931422751099,9966.346197186649
forecast_0455,2025-01-19 23:00:00,13603.91548261923,13357.520534238514,9914.143776379198
forecast_0456,2025-01-20 00:00:00,12491.669093191962,12623.02383984726,9441.174820213035
forecast_0457,2025-01-20 01:00:00,8291.662882449958,8270.548944425827,6006.096705358924
forecast_0458,2025-01-20 02:00:00,7277.714254812187,7242.833386548495,5223.130324929724
forecast_0459,2025-01-20 03:00:00,6121.2081395324485,5906.046196298621,4405.3112816893345
forecast_0460,2025-01-20 04:00:00,5222.61795225786,4997.617372251188,4120.092718734378
forecast_0461,2025-01-20 05:00:00,4703.417842196127,4437.496496217454,3548.6975262188384
forecast_0462,2025-01-20 06:00:00,3843.2120081914277,3865.484248778072,3501.250233242384
forecast_0463,2025-01-20 07:00:00,3551.926935117188,3490.032416600026,3284.490764269375
forecast_0464,2025-01-20 08:00:00,3403.3007015155727,3412.2635336238754,2874.358651563729
forecast_0465,2025-01-20 09:00:00,3358.2261302634047,3193.16268193952,2642.9909984804594
forecast_0466,2025-01-20 10:00:00,3459.4218265267646,3616.2836040309758,2936.9451915481786
forecast_0467,2025-01-20 11:00:00,3889.0359657630224,3567.0186419358747,2518.9061850449066
forecast_0468,2025-01-20 12:00:00,3711.0830229607773,3346.437041862012,2610.4485443777507
forecast_0469,2025-01-20 13:00:00,3882.204795179323,4743.129703779884,2141.444727632218
forecast_0470,2025-01-20 14:00:00,3552.8200307591633,4943.661963269465,2364.4065973635506
forecast_0471,2025-01-20 15:00:00,4059.015058126555,5579.843162711509,2381.247277818839
forecast_0472,2025-01-20 16:00:00,4126.560254612458,3367.788884559233,2049.4548898701914
forecast_0473,2025-01-20 17:00:00,4412.403116562873,4172.668589273113,3440.669438032191
forecast_0474,2025-01-20 18:00:00,5221.11752015013,5077.187665461044,3527.0518654175808
forecast_0475,2025-01-20 19:00:00,5464.519195767103,4609.546764869253,3606.410340267233
forecast_0476,2025-01-20 20:00:00,5773.052296443418,4144.704557880211,4051.422154878599
forecast_0477,2025-01-20 21:00:00,5464.55367014589,3739.870972713593,4200.369553311011
forecast_0478,2025-01-20 22:00:00,4027.968163651852,3630.9938569675264,4042.3803773471213
forecast_0479,2025-01-20 23:00:00,3876.0974090160094,3597.6667699329455,3355.4682205635086
forecast_0480,2025-01-21 00:00:00,3918.1380812384964,3457.300336090271,3415.9320916888037
forecast_0481,2025-01-21 01:00:00,3802.856866476739,3819.409716448428,3512.7381601435623
forecast_0482,2025-01-21 02:00:00,3749.3301957528383,3605.6687362156304,3565.372099399028
forecast_0483,2025-01-21 03:00:00,4033.4075870110564,3769.0595528890503,3645.217752219787
forecast_0484,2025-01-21 04:00:00,3969.316909761022,3679.5235268678907,3697.2299681086106
forecast_0485,2025-01-21 05:00:00,3934.0216874078183,3856.704404046956,4070.3715616096115
forecast_0486,2025-01-21 06:00:00,4043.047641480558,3860.2459964128093,4194.2258463752605
forecast_0487,2025-01-21 07:00:00,4692.777503517194,3827.799962222698,3761.299828368779
forecast_0488,2025-01-21 08:00:00,4305.093823810039,4151.017088090985,3397.5065333040284
forecast_0489,2025-01-21 09:00:00,3719.0880957622794,3710.123960419592,3277.6856825353816
forecast_0490,2025-01-21 10:00:00,3642.611720979752,3744.990987824068,3328.2996162599566
forecast_0491,2025-01-21 11:00:00,3834.3328964116517,3997.4490253213294,3263.2017249837536
forecast_0492,2025-01-21 12:00:00,3940.105867688716,4238.010205674025,3195.1826944885593
forecast_0493,2025-01-21 13:00:00,3992.4453988178943,4145.193392037622,3531.814949882057
forecast_0494,2025-01-21 14:00:00,3632.373684879314,3711.1202253768156,3757.6684502373087
forecast_0495,2025-01-21 15:00:00,3824.230316975606,3920.4968583153855,3671.007716914043
forecast_0496,2025-01-21 16:00:00,3848.8880455210074,3776.4837398866016,3814.8496707928066
forecast_0497,2025-01-21 17:00:00,4129.33201834759,4214.601400886439,3761.1257634747885
forecast_0498,2025-01-21 18:00:00,5553.588297510875,5231.881193370252,3995.247727215993
forecast_0499,2025-01-21 19:00:00,7683.175792429432,7442.644480590239,5271.567541575993
forecast_0500,2025-01-21 20:00:00,9857.519992491278,9584.238160056442,7375.998219565413
forecast_0501,2025-01-21 21:00:00,11261.797284765791,11267.75183405467,8531.632457374815
forecast_0502,2025-01-21 22:00:00,12375.107193593634,12726.079082190501,9660.110117087186
forecast_0503,2025-01-21 23:00:00,12065.206568174326,12710.133859528285,9796.046706383693
forecast_0504,2025-01-22 00:00:00,12248.218105510665,13299.748294759049,10038.238808821681
forecast_0505,2025-01-22 01:00:00,9572.245903311205,10625.512010096065,7698.821364509132
forecast_0506,2025-01-22 02:00:00,9927.576717492737,11366.717570869432,8015.869139818951
forecast_0507,2025-01-22 03:00:00,11598.984572506366,11997.156158350977,9306.876181770902
forecast_0508,2025-01-22 04:00:00,11487.57363516122,12723.077802664264,9345.81946288262
forecast_0509,2025-01-22 05:00:00,13761.010232567072,13632.82839889199,9936.365192635882
forecast_0510,2025-01-22 06:00:00,14668.159653618955,14081.987976147804,10409.24630287113
forecast_0511,2025-01-22 07:00:00,15339.740790327947,14975.33706164887,10659.19753669065
forecast_0512,2025-01-22 08:00:00,15577.203388660342,16192.911947555296,10671.482703481566
forecast_0513,2025-01-22 09:00:00,14707.480531469238,14811.794577621979,10808.84680563426
forecast_0514,2025-01-22 10:00:00,13351.112105482172,14004.195602344606,9925.304764686685
forecast_0515,2025-01-22 11:00:00,11914.505767016668,12297.983289104986,8088.273476317464
forecast_0516,2025-01-22 12:00:00,9893.699213552782,10396.431906808342,6367.921260083762
forecast_0517,2025-01-22 13:00:00,8720.731829268774,7819.1089564902895,5168.290615787521
forecast_0518,2025-01-22 14:00:00,6593.219935319791,6645.924865008781,4793.263456895428
forecast_0519,2025-01-22 15:00:00,5694.339927481599,5531.375637005982,4492.8581039768505
forecast_0520,2025-01-22 16:00:00,6144.026899363669,5384.4880778914385,4020.683853201728
forecast_0521,2025-01-22 17:00:00,6969.694243699164,6593.948242991337,4756.539010710278
forecast_0522,2025-01-22 18:00:00,7772.07566778033,7797.063384278422,5193.127685884791
forecast_0523,2025-01-22 19:00:00,8165.414687868034,7701.592827100804,5478.028315460494
forecast_0524,2025-01-22 20:00:00,8370.816203184935,8034.701744779769,5136.071917346667
forecast_0525,2025-01-22 21:00:00,8511.94357665859,8566.322298570021,4886.987195974905
forecast_0526,2025-01-22 22:00:00,8563.973159408884,8506.589798999561,5013.743837244092
forecast_0527,2025-01-22 23:00:00,8274.968070268538,8338.294907371841,5318.23171825444
forecast_0528,2025-01-23 00:00:00,8544.961155249992,8546.958928395092,5427.071175402996
forecast_0529,2025-01-23 01:00:00,14357.291309335378,14255.409827893845,8203.994189577099
forecast_0530,2025-01-23 02:00:00,12884.201810937602,13840.525263396028,7919.881505617995
forecast_0531,2025-01-23 03:00:00,12541.416710429363,13051.011606561997,7528.230826817778
forecast_0532,2025-01-23 04:00:00,10827.519052761807,11210.29472655244,7004.283844896283
forecast_0533,2025-01-23 05:00:00,11172.615083394596,11206.94605640853,6639.37549681081
forecast_0534,2025-01-23 06:00:00,10022.638487529983,9734.841107989394,6248.563055256701
forecast_0535,2025-01-23 07:00:00,8773.452717518068,8925.359287242523,6097.429080806645
forecast_0536,2025-01-23 08:00:00,8354.237950945633,8456.667888887801,5839.590640490026
forecast_0537,2025-01-23 09:00:00,8446.484116256494,8183.160365166406,5390.496881070338
forecast_0538,2025-01-23 10:00:00,6819.755153858645,7247.184477123175,4295.726605850913
forecast_0539,2025-01-23 11:00:00,4573.382600384412,4689.260711725869,3969.1663295955736
forecast_0540,2025-01-23 12:00:00,3841.134074874591,3817.7299852260057,3736.8517585795475
forecast_0541,2025-01-23 13:00:00,3875.9185038426876,3956.6438211267546,3527.5150879103167
forecast_0542,2025-01-23 14:00:00,3494.884418479421,3417.092739177458,3509.496995088548
forecast_0543,2025-01-23 15:00:00,3483.0657696420376,3652.358460599992,3242.0246992812918
forecast_0544,2025-01-23 16:00:00,3544.1500556795586,3517.3951457033154,3220.9599318166493
forecast_0545,2025-01-23 17:00:00,3475.2314870938258,3546.6533520998405,3012.166012435817
forecast_0546,2025-01-23 18:00:00,3749.802601915253,3857.5899005624465,3370.0431277726766
forecast_0547,2025-01-23 19:00:00,3864.7093010114972,3705.28284372894,3501.1796490651654
forecast_0548,2025-01-23 20:00:00,3935.768516561985,3746.9791793304753,3546.84482603134
forecast_0549,2025-01-23 21:00:00,4264.518837424738,4037.5653229931268,3582.4484324845243
forecast_0550,2025-01-23 22:00:00,4290.98386015941,4287.88452146038,3659.6048891247056
forecast_0551,2025-01-23 23:00:00,4251.348897025504,4114.4428321120895,3779.8170747274303
forecast_0552,2025-01-24 00:00:00,3943.0978739600887,3726.4902033486956,3595.3492256038057
forecast_0553,2025-01-24 01:00:00,3890.8321528772503,3471.1743740549396,3626.922159019426
forecast_0554,2025-01-24 02:00:00,3651.6590929904146,3321.9914881066184,3725.411608093311
forecast_0555,2025-01-24 03:00:00,3456.5035565819708,3055.970866346001,2824.921759186978
forecast_0556,2025-01-24 04:00:00,3465.6596745885918,3237.3041479196413,3606.4367573870595
forecast_0557,2025-01-24 05:00:00,3734.168510347055,3444.5432909975602,2550.49353762681
forecast_0558,2025-01-24 06:00:00,4034.405915667854,3635.7467805689316,2665.6950535439523
forecast_0559,2025-01-24 07:00:00,4262.503993718964,3458.8290061359926,2646.8947554865963
forecast_0560,2025-01-24 08:00:00,3887.009525930065,3420.603827145247,1997.474534184697
forecast_0561,2025-01-24 09:00:00,3491.7297645236476,3412.396861572712,1136.5037702339228
forecast_0562,2025-01-24 10:00:00,3822.82804652797,3694.228370540745,1117.3208008968031
forecast_0563,2025-01-24 11:00:00,5071.547815785938,3566.4130334862357,1068.6864557586025
forecast_0564,2025-01-24 12:00:00,3468.3070171943777,3815.909327817141,1120.2873444140434
forecast_0565,2025-01-24 13:00:00,4133.855814313497,3466.4625857916467,1267.804001563277
forecast_0566,2025-01-24 14:00:00,3535.0926380591536,3867.2586615542036,2685.479988430504
forecast_0567,2025-01-24 15:00:00,3486.688245594824,4941.550859536522,2903.835659663129
forecast_0568,2025-01-24 16:00:00,3524.611484027441,4156.60592579605,2949.5399267716098
forecast_0569,2025-01-24 17:00:00,3555.337192716863,4260.936157979932,2941.4945730653076
forecast_0570,2025-01-24 18:00:00,4111.685241702481,5105.510637569395,3422.4065068622544
forecast_0571,2025-01-24 19:00:00,3437.5472952143477,3474.476907625843,3404.286235367287
forecast_0572,2025-01-24 20:00:00,3350.239726960546,3427.543986464536,3303.304304912996
forecast_0573,2025-01-24 21:00:00,3699.8572796077856,3823.128719929819,3171.8654364794484
forecast_0574,2025-01-24 22:00:00,3978.091720620344,4687.406440624857,3755.772887130851
forecast_0575,2025-01-24 23:00:00,3952.866025358444,4781.055283966584,3966.0032215080873
forecast_0576,2025-01-25 00:00:00,4489.21609861608,5355.076060550676,3817.511571333874
forecast_0577,2025-01-25 01:00:00,3937.2792891676695,4221.043294213197,3369.1311476741234
forecast_0578,2025-01-25 02:00:00,4538.938617570897,5232.636733114018,4048.3343824877975
forecast_0579,2025-01-25 03:00:00,4723.47796702936,6401.839793812864,4209.689706570316
forecast_0580,2025-01-25 04:00:00,5543.732366679807,7101.931200817663,3895.3650048604063
forecast_0581,2025-01-25 05:00:00,5344.138299704965,4104.54047523473,3834.7412194673498
forecast_0582,2025-01-25 06:00:00,5778.650149135071,3934.6933574938694,3909.882685155279
forecast_0583,2025-01-25 07:00:00,5724.937995390227,3805.6732748875065,3997.835260613725
forecast_0584,2025-01-25 08:00:00,5766.298426754972,3572.068903517176,3843.5841314227023
forecast_0585,2025-01-25 09:00:00,5875.835915198757,3381.2559135824363,3728.300121610737
forecast_0586,2025-01-25 10:00:00,4303.312414743638,5027.128977047438,3656.354190085038
forecast_0587,2025-01-25 11:00:00,4370.386497518744,4294.312385635957,3710.1267377863655
forecast_0588,2025-01-25 12:00:00,4189.2831118114855,4681.91680585002,4086.584842688982
forecast_0589,2025-01-25 13:00:00,3620.686541657861,3910.012370800575,3392.295147877473
forecast_0590,2025-01-25 14:00:00,3508.69999790304,3735.9867469473525,3288.5738286343617
forecast_0591,2025-01-25 15:00:00,3787.7071587323285,3621.9885261926147,2989.931520300279
forecast_0592,2025-01-25 16:00:00,3852.963640899722,3680.624095047649,3084.9659153115167
forecast_0593,2025-01-25 17:00:00,4052.4359773424444,4538.17731233082,3587.9549845113675
forecast_0594,2025-01-25 18:00:00,3932.0286402892207,4575.995521303284,3643.715320307175
forecast_0595,2025-01-25 19:00:00,4105.271546596697,4402.940680471261,3848.1033505656133
forecast_0596,2025-01-25 20:00:00,4159.13600078894,4863.059412944583,4158.418877630566
forecast_0597,2025-01-25 21:00:00,4245.110643143636,4030.856718452366,5009.893074795987
forecast_0598,2025-01-25 22:00:00,5616.0243855943545,4224.485003940548,5189.404515351575
forecast_0599,2025-01-25 23:00:00,6510.19527483439,4610.201702720693,5209.522181211368
forecast_0600,2025-01-26 00:00:00,4354.476651015232,4809.9700383976915,5175.547701180141
forecast_0601,2025-01-26 01:00:00,6197.8162902258955,8188.546493908228,5491.885370094183
forecast_0602,2025-01-26 02:00:00,6717.647536764246,5000.83640850331,5251.02226422908
forecast_0603,2025-01-26 03:00:00,6643.466177180156,7293.00759304946,4597.443171382462
forecast_0604,2025-01-26 04:00:00,4850.53761811045,5810.4441479988445,3794.502108082365
forecast_0605,2025-01-26 05:00:00,4116.054120715305,4575.974758205776,3481.940951483905
forecast_0606,2025-01-26 06:00:00,3773.8239714536476,3982.1053232083073,3352.7798670354164
forecast_0607,2025-01-26 07:00:00,3683.226513451228,3867.3595710386217,2948.5769768591126
forecast_0608,2025-01-26 08:00:00,3431.255223352083,3602.1168103681225,2831.470858029898
forecast_0609,2025-01-26 09:00:00,3337.511680863244,3651.8647522917786,2698.654585427278
forecast_0610,2025-01-26 10:00:00,3512.01036782736,3810.493607068158,2750.0357436694994
forecast_0611,2025-01-26 11:00:00,3434.023444045948,3302.781569868585,3073.630197507932
forecast_0612,2025-01-26 12:00:00,3657.525386299148,3563.8901938609574,3056.533583251886
forecast_0613,2025-01-26 13:00:00,2380.9532030568257,3305.3506347339503,2529.520554016419
forecast_0614,2025-01-26 14:00:00,2341.3019310069085,2395.3411993126747,886.3672199711284
forecast_0615,2025-01-26 15:00:00,3403.628568796045,3349.688059142902,3065.7567369532235
forecast_0616,2025-01-26 16:00:00,2.3456773079471014,3.836051824347115,3.597704910840763
forecast_0617,2025-01-26 17:00:00,2600.19266231586,1990.5083134020579,996.7758124881972
forecast_0618,2025-01-26 18:00:00,4088.195721220012,3687.479719981612,2012.925475824013
forecast_0619,2025-01-26 19:00:00,3966.390033789849,3796.0374352197673,4010.872881730049
forecast_0620,2025-01-26 20:00:00,4656.859871607242,4038.931271902628,4010.872881730049
forecast_0621,2025-01-26 21:00:00,4928.220137499213,5863.706692358393,3110.117133482474
forecast_0622,2025-01-26 22:00:00,7027.977795096642,6559.251593665539,4249.617730066257
forecast_0623,2025-01-26 23:00:00,3336.808505195676,3069.037485190702,3902.5890790338153
forecast_0624,2025-01-27 00:00:00,3275.543239125724,3175.7832896675013,3383.034041711774
forecast_0625,2025-01-27 01:00:00,3676.283689713419,3612.1570333741515,3140.1751866995737
forecast_0626,2025-01-27 02:00:00,3272.2713763181378,3292.1075409214945,2944.8755794221074
forecast_0627,2025-01-27 03:00:00,3494.386257172701,3673.9564167705125,3354.295116642525
forecast_0628,2025-01-27 04:00:00,3543.0663755403816,3579.7341088944036,3655.7241160957033
forecast_0629,2025-01-27 05:00:00,3825.107918212291,3841.7281483319052,3554.268427909555
forecast_0630,2025-01-27 06:00:00,3899.6882624449677,3914.0148868473157,3350.0251758008744
forecast_0631,2025-01-27 07:00:00,4106.572070318934,3884.775117676718,3488.3947277542998
forecast_0632,2025-01-27 08:00:00,3830.5570176558545,3969.4076816693223,3372.847125233342
forecast_0633,2025-01-27 09:00:00,4041.79339026328,4408.537910820218,3283.4924051441108
forecast_0634,2025-01-27 10:00:00,4185.602356720555,4656.105314559823,3457.017421446956
forecast_0635,2025-01-27 11:00:00,4789.451320669588,4854.45091663696,3931.834786823597
forecast_0636,2025-01-27 12:00:00,7654.077998142887,8024.43440318688,6599.489055130324
forecast_0637,2025-01-27 13:00:00,11160.52914449123,11456.071444877827,9369.63841695106
forecast_0638,2025-01-27 14:00:00,13416.581671484748,14266.024160645553,12710.60326317019
forecast_0639,2025-01-27 15:00:00,15160.390516916426,17211.272461044722,15022.797472954819
forecast_0640,2025-01-27 16:00:00,16213.691963205585,18473.45928400777,17051.0355887639
forecast_0641,2025-01-27 17:00:00,16545.253860163688,18783.543730188412,17922.051217730223
forecast_0642,2025-01-27 18:00:00,16666.37822556194,18331.874379545698,17904.718126727475
forecast_0643,2025-01-27 19:00:00,18246.870967283357,17500.052784414136,18041.46392954218
forecast_0644,2025-01-27 20:00:00,17776.593924289507,16737.80619505326,17650.778762138627
forecast_0645,2025-01-27 21:00:00,16193.754793369442,16206.381081552776,17627.892269511514
forecast_0646,2025-01-27 22:00:00,15824.927375464065,15904.86472294504,17887.688838221813
forecast_0647,2025-01-27 23:00:00,15437.710562989207,15702.572432753564,17603.62781503839
forecast_0648,2025-01-28 00:00:00,15316.293118009893,15624.781119476826,17599.792301565376
forecast_0649,2025-01-28 01:00:00,15761.309021497136,16098.029639984075,18577.91835523744
forecast_0650,2025-01-28 02:00:00,15493.230548028503,15890.690853751417,18556.748489045065
forecast_0651,2025-01-28 03:00:00,14629.438946913464,15912.870915106656,18442.516940608104
forecast_0652,2025-01-28 04:00:00,14306.733351153192,16295.444235788582,18350.398146783544
forecast_0653,2025-01-28 05:00:00,14969.16535263279,16342.307208513228,18649.884125172117
forecast_0654,2025-01-28 06:00:00,15717.124011928767,16472.952226872247,18787.494754717027
forecast_0655,2025-01-28 07:00:00,15912.94615368542,16484.77842903152,18791.746751102568
forecast_0656,2025-01-28 08:00:00,16805.5808415911,16487.45924411728,18688.491071242304
forecast_0657,2025-01-28 09:00:00,16849.4130783559,16201.795810530857,18514.977664353155
forecast_0658,2025-01-28 10:00:00,16767.03163184324,16430.405174438325,18452.726054329152
forecast_0659,2025-01-28 11:00:00,16320.49406943631,16005.907865848576,18367.419156322718
forecast_0660,2025-01-28 12:00:00,15580.000009278438,15507.896728313448,18262.47176646329
forecast_0661,2025-01-28 13:00:00,15287.825399335316,15094.423076546334,18059.89194303379
forecast_0662,2025-01-28 14:00:00,15203.44121871491,14859.73766939321,17411.609114026545
forecast_0663,2025-01-28 15:00:00,14934.72595400137,14787.50224843605,17255.06624852169
forecast_0664,2025-01-28 16:00:00,14982.51625058297,14728.731381766065,17998.607181474046
forecast_0665,2025-01-28 17:00:00,14974.867383103263,15009.123644808691,18130.374960896264
forecast_0666,2025-01-28 18:00:00,15052.634618333006,15424.908250254299,18134.236813755182
forecast_0667,2025-01-28 19:00:00,15070.86633305446,15954.905588294097,18221.068400445154
forecast_0668,2025-01-28 20:00:00,14906.040138693446,16404.944608321082,18355.994794549526
forecast_0669,2025-01-28 21:00:00,14822.708775869005,17275.296461667716,18660.89183702987
forecast_0670,2025-01-28 22:00:00,14754.545798872101,17940.880813937252,18741.780037815195
forecast_0671,2025-01-28 23:00:00,14633.95025213076,17943.11925769827,18638.189714449447
forecast_0672,2025-01-29 00:00:00,14666.63374392675,18066.71233392327,18491.69560478531
forecast_0673,2025-01-29 01:00:00,16052.469934309165,18752.35620332225,16746.93984663191
forecast_0674,2025-01-29 02:00:00,16268.493678311193,18982.00290642317,16655.520266924173
forecast_0675,2025-01-29 03:00:00,16603.845969388076,19911.040192076376,16799.537110070763
forecast_0676,2025-01-29 04:00:00,17274.440838553142,19895.35806660675,16931.72154838112
forecast_0677,2025-01-29 05:00:00,17687.847875222622,19877.202450159653,17151.92970808026
forecast_0678,2025-01-29 06:00:00,18264.14718626869,19900.692706765705,17073.10190356337
forecast_0679,2025-01-29 07:00:00,18321.28096054831,19900.162499556653,17308.879039495143
forecast_0680,2025-01-29 08:00:00,18100.468623943012,19897.251679787154,17231.957135151304
forecast_0681,2025-01-29 09:00:00,18208.71118855433,19881.255334809648,17235.61031954955
forecast_0682,2025-01-29 10:00:00,17850.756464399063,19710.34929910096,16959.031075896084
forecast_0683,2025-01-29 11:00:00,17685.705522948185,19093.810088984705,16869.890643625324
forecast_0684,2025-01-29 12:00:00,16600.7726529452,18784.562305804615,16491.74007154539
forecast_0685,2025-01-29 13:00:00,16189.707872101828,18748.39647434086,16524.46963213528
forecast_0686,2025-01-29 14:00:00,16028.837077282833,18731.129677909365,15941.441691879603
forecast_0687,2025-01-29 15:00:00,15816.89779436208,18400.67766594676,15796.802681315121
forecast_0688,2025-01-29 16:00:00,15549.539744901751,18064.491473558293,15386.47712355875
forecast_0689,2025-01-29 17:00:00,15313.390777290984,17634.081415109198,15215.57237845265
forecast_0690,2025-01-29 18:00:00,15160.19889315121,17609.51072060038,14949.735250600197
forecast_0691,2025-01-29 19:00:00,15134.921953965968,17784.922539889605,14870.496621900376
forecast_0692,2025-01-29 20:00:00,15025.899464604554,17597.62460088225,15039.556724604474
forecast_0693,2025-01-29 21:00:00,14842.006496417165,17162.110421168167,14848.03233670559
forecast_0694,2025-01-29 22:00:00,14944.51716603976,16911.587300910865,14878.533541736882
forecast_0695,2025-01-29 23:00:00,15501.212050572603,16426.840923339998,14701.63740003733
forecast_0696,2025-01-30 00:00:00,16343.628227686246,16239.539229176253,14837.562866666933
forecast_0697,2025-01-30 01:00:00,16461.719258636447,15820.379641400166,15322.659768986437
forecast_0698,2025-01-30 02:00:00,16086.470283534394,16124.326900672548,15291.79004016602
forecast_0699,2025-01-30 03:00:00,15998.31689511135,16309.12514038078,15154.441777892294
forecast_0700,2025-01-30 04:00:00,16063.597292658167,16298.33390055487,15012.935881013751
forecast_0701,2025-01-30 05:00:00,16288.376002058953,16270.7126583224,14893.770845127268
forecast_0702,2025-01-30 06:00:00,16151.143654887166,16710.7879713479,14847.464558658465
forecast_0703,2025-01-30 07:00:00,16017.698418369147,16548.423353641614,15045.749704255726
forecast_0704,2025-01-30 08:00:00,16592.345355067206,16455.18382835989,15085.102057917906
forecast_0705,2025-01-30 09:00:00,16950.139018112885,15952.419070682803,14646.28878704532
forecast_0706,2025-01-30 10:00:00,15871.416274776982,16442.656084813567,14137.481594205641
forecast_0707,2025-01-30 11:00:00,14405.328967400748,16205.325715139064,13155.65967060732
forecast_0708,2025-01-30 12:00:00,14532.959115437543,15130.066102657076,12116.3711258684
forecast_0709,2025-01-30 13:00:00,14307.806887028797,14588.9464965369,11261.640702294311
forecast_0710,2025-01-30 14:00:00,14587.574146500165,14809.99552764144,11564.377458598565
forecast_0711,2025-01-30 15:00:00,14740.995873696878,14616.311398284914,12153.468462848725
forecast_0712,2025-01-30 16:00:00,14726.114010453826,15581.68848451505,11587.666378759173
forecast_0713,2025-01-30 17:00:00,14594.684513870634,16174.582537428318,12179.365201143755
forecast_0714,2025-01-30 18:00:00,15409.911690927278,16457.1229385124,12534.875949787642
forecast_0715,2025-01-30 19:00:00,15473.107727855282,16664.542530354604,14055.57922234041
forecast_0716,2025-01-30 20:00:00,15831.073921716052,17281.321483904867,14268.64759365556
forecast_0717,2025-01-30 21:00:00,16010.076850598689,17000.85340532401,14079.838592579867
forecast_0718,2025-01-30 22:00:00,16919.348431658324,15217.665897370141,13413.76411876744
forecast_0719,2025-01-30 23:00:00,16225.516188602998,16045.641903176767,12566.021037013303
forecast_0720,2025-01-31 00:00:00,15203.405896396425,15721.346925317797,12337.89776110045
forecast_0721,2025-01-31 01:00:00,15528.543596070225,16046.297449462083,13624.667184483862
forecast_0722,2025-01-31 02:00:00,15313.739942025297,16052.54158921564,13463.055354072476
forecast_0723,2025-01-31 03:00:00,15080.005065833799,15690.030577752843,13243.181595832222
forecast_0724,2025-01-31 04:00:00,14496.475884040929,14968.613896739767,12607.919829187962
forecast_0725,2025-01-31 05:00:00,14702.605277709274,15214.768235302337,11846.47142372613
forecast_0726,2025-01-31 06:00:00,13913.6621519889,14346.162514085092,11431.562307578213
forecast_0727,2025-01-31 07:00:00,13187.825601643008,13909.98848546769,12105.142089637886
forecast_0728,2025-01-31 08:00:00,13652.398147358557,14994.518145817885,12095.707272392556
forecast_0729,2025-01-31 09:00:00,14389.549778825403,14921.610896541599,11957.075835942966
forecast_0730,2025-01-31 10:00:00,13633.362997544264,14703.56452892219,10803.887791880115
forecast_0731,2025-01-31 11:00:00,11652.370392935374,12378.081863589927,8637.943035589873
forecast_0732,2025-01-31 12:00:00,9774.616136542085,10392.74035921919,7170.301924991609
forecast_0733,2025-01-31 13:00:00,8030.11451481585,8678.033315917772,5981.544860354649
forecast_0734,2025-01-31 14:00:00,7003.0160337333555,7073.59939128841,4611.655224303333
forecast_0735,2025-01-31 15:00:00,6040.2761612721715,5989.302373153224,4095.7053088039743
forecast_0736,2025-01-31 16:00:00,4787.259442661291,4981.118575327283,3759.9046718645254
forecast_0737,2025-01-31 17:00:00,4119.15400305089,4377.557868305244,3496.184715316298
forecast_0738,2025-01-31 18:00:00,5044.124212212168,5311.760494909432,3754.117079668867
forecast_0739,2025-01-31 19:00:00,6163.924497654324,6359.355586366282,3692.786184633924
forecast_0740,2025-01-31 20:00:00,7275.760982802108,7135.38012800189,3822.4425303946605
forecast_0741,2025-01-31 21:00:00,6243.69312954324,6247.317370217485,3967.0618441442125
forecast_0742,2025-01-31 22:00:00,5416.959728375615,5847.658675173638,3898.5554111455954
forecast_0743,2025-01-31 23:00:00,5294.91129580258,5127.73536114176,3698.7478038188897
forecast_0744,2025-02-01 00:00:00,4692.476923934957,4754.4773985692045,3763.8539212820456
forecast_0745,2025-02-01 01:00:00,5696.109627689268,5833.060601858694,3902.7810728345444
forecast_0746,2025-02-01 02:00:00,5320.356056594864,5519.070259264342,3746.874422395925
forecast_0747,2025-02-01 03:00:00,4441.465379483516,4389.448525218741,3602.7150702275876
forecast_0748,2025-02-01 04:00:00,3754.225516385374,3717.413925398262,3472.5685013767134
forecast_0749,2025-02-01 05:00:00,3636.7094293648406,3553.756490713586,3377.4633154333665
forecast_0750,2025-02-01 06:00:00,3579.5371881110996,3523.44102446572,3089.763478922073
forecast_0751,2025-02-01 07:00:00,3687.8182190260986,4225.619067049618,3133.442617606254
forecast_0752,2025-02-01 08:00:00,3637.521230796537,3302.8373659125787,2291.4259989366765
forecast_0753,2025-02-01 09:00:00,3759.09024539075,3763.6426371626617,2256.3379981652442
forecast_0754,2025-02-01 10:00:00,3773.0079707811633,3995.519454649702,2272.5651211184286
forecast_0755,2025-02-01 11:00:00,3706.9242914045853,3970.7878880195435,1136.7257877081129
forecast_0756,2025-02-01 12:00:00,5849.740320811132,4325.0880030709095,823.8203491664163
forecast_0757,2025-02-01 13:00:00,3942.0871340063163,3848.2634904799497,7.945151147489596
forecast_0758,2025-02-01 14:00:00,1242.98107304486,2752.5790922753545,24.08991774851497
forecast_0759,2025-02-01 15:00:00,2989.340407173378,3799.5360782400344,881.2226041021091
forecast_0760,2025-02-01 16:00:00,3935.079631096982,4495.8215878397,2239.2859319345835
forecast_0761,2025-02-01 17:00:00,4348.275493507724,4354.182512537943,2294.754966626786
forecast_0762,2025-02-01 18:00:00,4583.904246737594,4384.138260444557,2196.3453511640987
forecast_0763,2025-02-01 19:00:00,4710.999122660426,3622.6892311509882,3312.2670543687445
forecast_0764,2025-02-01 20:00:00,4742.499203191911,4078.970501249026,3333.0873008461513
forecast_0765,2025-02-01 21:00:00,4762.626518249698,3962.360041110237,3499.1561356945863
forecast_0766,2025-02-01 22:00:00,4483.197181819215,3828.38137807311,3390.71427964437
forecast_0767,2025-02-01 23:00:00,4465.2535812377355,3897.516217044953,3522.9634692415107
forecast_0768,2025-02-02 00:00:00,5402.896086571746,3928.516092614577,4123.702716561782
forecast_0769,2025-02-02 01:00:00,4244.271622987636,3994.968530867665,3192.219054706434
forecast_0770,2025-02-02 02:00:00,4229.0042508018,3959.3035267030477,3321.949263206607
forecast_0771,2025-02-02 03:00:00,4033.147961806638,3611.4394660997586,3131.6914582428103
forecast_0772,2025-02-02 04:00:00,3987.7152942159964,3784.8839800929413,3054.8316443825265
forecast_0773,2025-02-02 05:00:00,3865.0363556886314,3738.5317861183275,2905.899550906543
forecast_0774,2025-02-02 06:00:00,4079.708569551369,4131.915638229629,1634.4785437497635
forecast_0775,2025-02-02 07:00:00,3879.348229293732,3495.0475055432116,2256.299095831024
forecast_0776,2025-02-02 08:00:00,3901.7475894512054,3880.0726008214347,3048.4556428504925
forecast_0777,2025-02-02 09:00:00,4092.175985545688,3345.7006223954745,1636.1109939206567
forecast_0778,2025-02-02 10:00:00,3224.4928871864304,2332.4541601560322,1516.587833865247
forecast_0779,2025-02-02 11:00:00,3739.5846899746607,3155.090184254647,1214.7166591952873
forecast_0780,2025-02-02 12:00:00,2297.660929932169,2609.2636414622452,1219.825938803049
forecast_0781,2025-02-02 13:00:00,1087.2672757699263,1219.5236263332952,1242.7222988854523
forecast_0782,2025-02-02 14:00:00,2570.1891730753605,2441.543697304293,1899.3736362510442
forecast_0783,2025-02-02 15:00:00,4562.213170378487,4286.245666176048,3688.1114836953016
forecast_0784,2025-02-02 16:00:00,3289.750010618694,3429.35506856259,3394.77390954471
forecast_0785,2025-02-02 17:00:00,3386.2837659572515,3736.1471956367923,3236.924048738825
forecast_0786,2025-02-02 18:00:00,3908.6454867745574,4015.939206590656,3775.815748582422
forecast_0787,2025-02-02 19:00:00,5544.168332268616,5734.8907303477345,4143.685667134896
forecast_0788,2025-02-02 20:00:00,8220.06525131892,8746.487128975272,4849.502374043807
forecast_0789,2025-02-02 21:00:00,9105.234736550943,11015.39561629502,6088.126352996935
forecast_0790,2025-02-02 22:00:00,10987.076343628001,11411.708296098956,7811.619423687215
forecast_0791,2025-02-02 23:00:00,13472.200554979681,13326.233707922765,9671.489781940876
forecast_0792,2025-02-03 00:00:00,13485.074075853969,13761.034162516919,9877.619963764748
forecast_0793,2025-02-03 01:00:00,16122.897480736307,17162.368543966386,14751.740056669174
forecast_0794,2025-02-03 02:00:00,15967.807729246542,17169.457208693057,14883.172414202989
forecast_0795,2025-02-03 03:00:00,16041.774629951386,17105.450553644136,14839.089331061172
forecast_0796,2025-02-03 04:00:00,15749.325106419712,16779.283108805772,14857.385889892279
forecast_0797,2025-02-03 05:00:00,16026.536197260408,16681.746344586074,14520.466462522723
forecast_0798,2025-02-03 06:00:00,15899.654981940917,16783.992513318553,14584.771087617359
forecast_0799,2025-02-03 07:00:00,15907.903318775776,17175.500482149546,14865.309844938522
forecast_0800,2025-02-03 08:00:00,16307.910068229303,16642.10506680994,15019.87207794597
forecast_0801,2025-02-03 09:00:00,16590.830157837958,16351.268061475146,14700.822506971306
forecast_0802,2025-02-03 10:00:00,15755.070706666444,16449.48727736653,14277.09519048996
forecast_0803,2025-02-03 11:00:00,14717.094741737563,15863.490000347985,13582.703438337687
forecast_0804,2025-02-03 12:00:00,14166.92482360819,15203.912340231089,12517.242690590343
forecast_0805,2025-02-03 13:00:00,14557.389860477493,15086.956697162394,12020.42199191258
forecast_0806,2025-02-03 14:00:00,13672.152167220522,14839.231143682606,11645.575762168062
forecast_0807,2025-02-03 15:00:00,13908.404155188073,15238.755114906991,10946.070658241955
forecast_0808,2025-02-03 16:00:00,13771.194934420742,15481.513562628114,11256.136234442152
forecast_0809,2025-02-03 17:00:00,14188.958954141386,13888.198582388122,12152.626760282126
forecast_0810,2025-02-03 18:00:00,14208.448264368702,14323.016121065879,12612.347071698365
forecast_0811,2025-02-03 19:00:00,14609.2644246632,14943.502399905141,13821.78679416558
forecast_0812,2025-02-03 20:00:00,14782.691216573252,15290.558955653198,14526.764942725587
forecast_0813,2025-02-03 21:00:00,15102.833762361393,15817.909462109452,14905.61669375817
forecast_0814,2025-02-03 22:00:00,15353.892654390185,16710.77171362163,14928.89465917373
forecast_0815,2025-02-03 23:00:00,15268.410133823007,16931.191380890614,15304.553453758273
forecast_0816,2025-02-04 00:00:00,15136.107940117641,16987.151801836204,15274.891658794362
forecast_0817,2025-02-04 01:00:00,14713.511864925993,16840.37768203751,14091.989039119751
forecast_0818,2025-02-04 02:00:00,14689.2209107397,17027.037767504084,13604.97109978845
forecast_0819,2025-02-04 03:00:00,14277.950396936065,17082.420633221507,14425.860909893088
forecast_0820,2025-02-04 04:00:00,14459.877213603757,16164.168210684411,14996.563266611245
forecast_0821,2025-02-04 05:00:00,15125.045743799197,17485.93423234897,14578.093117618486
forecast_0822,2025-02-04 06:00:00,15557.500566994402,16421.512977258768,14094.561200081274
forecast_0823,2025-02-04 07:00:00,15348.53792798094,16301.989056594542,13984.781115936734
forecast_0824,2025-02-04 08:00:00,15142.659463125141,16058.079586392316,13317.725309245723
forecast_0825,2025-02-04 09:00:00,15031.325177715858,16017.434922970893,13548.631144649558
forecast_0826,2025-02-04 10:00:00,15151.537988670898,16189.180151029354,13762.072115208915
forecast_0827,2025-02-04 11:00:00,15376.56325289557,16490.5308449394,14187.049303710754
forecast_0828,2025-02-04 12:00:00,15433.84904126973,16461.028433067375,13264.607118242513
forecast_0829,2025-02-04 13:00:00,15298.099577540652,15774.53072157496,12169.8021115953
forecast_0830,2025-02-04 14:00:00,14822.00169468455,15095.755698905554,11080.711620696185
forecast_0831,2025-02-04 15:00:00,14683.091562571939,14768.131713506093,11005.140342066272
forecast_0832,2025-02-04 16:00:00,14781.464365367012,15138.345190435732,11136.950160108247
forecast_0833,2025-02-04 17:00:00,14680.912445496944,15700.790043197521,11364.838627724077
forecast_0834,2025-02-04 18:00:00,14689.393861367891,16910.95280135118,12553.231735654948
forecast_0835,2025-02-04 19:00:00,15327.412380595877,16778.102439679988,12320.211023945578
forecast_0836,2025-02-04 20:00:00,15338.968169710783,17300.013317671124,12828.44044267547
forecast_0837,2025-02-04 21:00:00,14747.400020096225,16736.469398271227,13770.688191303287
forecast_0838,2025-02-04 22:00:00,14570.596143936951,16581.605826760166,14819.922353571821
forecast_0839,2025-02-04 23:00:00,14940.283002997803,16539.65142538481,15037.553039285756
forecast_0840,2025-02-05 00:00:00,14937.073637688096,16696.089239305675,14719.470065833231
forecast_0841,2025-02-05 01:00:00,14341.08367178712,16933.71519942929,15504.54357737737
forecast_0842,2025-02-05 02:00:00,15672.73402613372,16664.495429278086,15717.88844264329
forecast_0843,2025-02-05 03:00:00,15788.7413739121,16900.459878346406,15855.507034131526
forecast_0844,2025-02-05 04:00:00,15826.82988782158,17118.573006402337,15548.425543985439
forecast_0845,2025-02-05 05:00:00,15778.30980431928,16466.35348995115,14758.420435865122
forecast_0846,2025-02-05 06:00:00,15872.474001101195,16276.8415980277,14935.64049661585
forecast_0847,2025-02-05 07:00:00,15524.909682024516,16244.775755233113,14774.495086190323
forecast_0848,2025-02-05 08:00:00,15579.099390348101,16816.351145133427,14194.312871636492
forecast_0849,2025-02-05 09:00:00,16042.01122763728,16548.502522129493,14071.209513849044
forecast_0850,2025-02-05 10:00:00,15778.245339515282,15963.978053484369,13795.74991235787
forecast_0851,2025-02-05 11:00:00,15425.15237725354,15684.325881314124,13399.413647080019
forecast_0852,2025-02-05 12:00:00,15441.376272878035,15880.59079361994,13546.03637423101
forecast_0853,2025-02-05 13:00:00,15849.372683745925,16496.935132457882,14019.16896268998
forecast_0854,2025-02-05 14:00:00,15806.56578642295,16623.528602371913,14306.675771036595
forecast_0855,2025-02-05 15:00:00,15821.34909342833,16608.449534704043,14033.8497043322
forecast_0856,2025-02-05 16:00:00,15733.143851619427,16596.790812890078,13967.086257194465
forecast_0857,2025-02-05 17:00:00,15617.809979308711,16824.44528238926,13961.65433012106
forecast_0858,2025-02-05 18:00:00,14421.863108324666,16781.460137269416,13830.0596431908
forecast_0859,2025-02-05 19:00:00,14183.322765244746,16120.889913369463,13549.100421771116
forecast_0860,2025-02-05 20:00:00,14402.185304995179,15208.857625033832,13645.036475456953
forecast_0861,2025-02-05 21:00:00,14680.463485977765,15617.227605623682,14076.023698515239
forecast_0862,2025-02-05 22:00:00,14833.852597843772,16485.05854713474,14932.996522889129
forecast_0863,2025-02-05 23:00:00,14626.953412595716,16779.12271569394,15758.99601224439
forecast_0864,2025-02-06 00:00:00,14281.414138885662,17713.158625281772,15948.072103310098
forecast_0865,2025-02-06 01:00:00,15839.676283364824,15982.520472178488,15790.25784719735
forecast_0866,2025-02-06 02:00:00,15723.739267401843,16645.234150524837,15844.016790462263
forecast_0867,2025-02-06 03:00:00,15549.628093807538,17539.71012759317,16206.94644348793
forecast_0868,2025-02-06 04:00:00,16798.317018575566,17903.92635345864,17130.60540233173
forecast_0869,2025-02-06 05:00:00,16623.427904221197,17825.686527095735,17224.27056128804
forecast_0870,2025-02-06 06:00:00,16690.27445640178,17585.260092058383,16642.895242778995
forecast_0871,2025-02-06 07:00:00,14334.685532376438,17260.77268168103,15656.477710472453
forecast_0872,2025-02-06 08:00:00,13877.117969141394,16152.52887579015,15080.532487406312
forecast_0873,2025-02-06 09:00:00,13394.93884013721,14115.472505223755,14394.003653427288
forecast_0874,2025-02-06 10:00:00,13001.52522627185,13524.00147856714,13391.093854410945
forecast_0875,2025-02-06 11:00:00,13101.54795830947,13291.531607908375,12341.062017964487
forecast_0876,2025-02-06 12:00:00,13453.920107643668,13879.228894722632,11302.687501596169
forecast_0877,2025-02-06 13:00:00,13188.831134129963,12599.697304891304,10947.516675835299
forecast_0878,2025-02-06 14:00:00,12970.754950013541,12311.12441212739,11913.525411946388
forecast_0879,2025-02-06 15:00:00,12518.18204954676,12291.146036429458,12034.427000910177
forecast_0880,2025-02-06 16:00:00,12720.06093853205,12354.594882651216,12609.258985693887
forecast_0881,2025-02-06 17:00:00,12969.336980326383,12985.159463857795,12832.979727754284
forecast_0882,2025-02-06 18:00:00,13576.875840379622,13685.37995603493,13958.176738603548
forecast_0883,2025-02-06 19:00:00,14053.596522806685,13922.015766745775,13982.43132883999
forecast_0884,2025-02-06 20:00:00,13992.521570859351,14035.075218384438,13778.275778199317
forecast_0885,2025-02-06 21:00:00,13722.007761808916,13770.819335408247,12611.444984910679
forecast_0886,2025-02-06 22:00:00,13273.814967547198,12985.273638133462,11945.120534933496
forecast_0887,2025-02-06 23:00:00,12225.87577930743,12447.030849338076,11142.897582414085
forecast_0888,2025-02-07 00:00:00,11871.995833475466,12099.837790460802,10864.889323761767
forecast_0889,2025-02-07 01:00:00,8296.782955682831,8797.79041174991,7102.690609348207
forecast_0890,2025-02-07 02:00:00,7786.839129238879,7949.186930923966,6740.388681425698
forecast_0891,2025-02-07 03:00:00,7949.928661413508,8150.597400299144,6226.433687760592
forecast_0892,2025-02-07 04:00:00,8081.727566928387,9041.439291043911,6624.387633212655
forecast_0893,2025-02-07 05:00:00,8134.286213747268,9454.72821380105,6977.19425722897
forecast_0894,2025-02-07 06:00:00,7202.491349205017,8361.640752709627,6482.297125336993
forecast_0895,2025-02-07 07:00:00,5784.448537957232,6758.686369627135,5248.221656689927
forecast_0896,2025-02-07 08:00:00,5627.512362901179,6599.2220882567735,5000.97295675054
forecast_0897,2025-02-07 09:00:00,6544.361182712551,6518.023664055218,6291.71012484137
forecast_0898,2025-02-07 10:00:00,9671.471533311067,9102.656151884636,7919.149555481647
forecast_0899,2025-02-07 11:00:00,11598.834655418885,11699.258033647993,9664.467849032686
forecast_0900,2025-02-07 12:00:00,13253.362355901983,14354.923800848257,11393.936921984385
forecast_0901,2025-02-07 13:00:00,14857.476720812527,14884.124741769869,12304.486297962112
forecast_0902,2025-02-07 14:00:00,15161.233341042938,14795.793803006254,12493.190595691754
forecast_0903,2025-02-07 15:00:00,15296.317410010352,14790.587987082563,12295.142099571727
forecast_0904,2025-02-07 16:00:00,14921.103689670756,14879.876731404038,11823.522830139005
forecast_0905,2025-02-07 17:00:00,14469.665194122872,15376.084305319526,11301.598483389482
forecast_0906,2025-02-07 18:00:00,13897.627956129081,14722.841428624846,10456.083920046867
forecast_0907,2025-02-07 19:00:00,14351.51745988972,15316.039834924612,10334.75908524007
forecast_0908,2025-02-07 20:00:00,15509.549637757282,16083.646873630792,11356.603311580011
forecast_0909,2025-02-07 21:00:00,16309.985203983993,17349.239546253146,12235.635495706696
forecast_0910,2025-02-07 22:00:00,16528.0217570387,18125.07934963131,14869.053734483427
forecast_0911,2025-02-07 23:00:00,17555.184651249856,18668.358457351602,16199.224816547561
forecast_0912,2025-02-08 00:00:00,18325.094586950694,20282.74257664992,17046.113609294232
forecast_0913,2025-02-08 01:00:00,19891.827180350792,19942.789119980134,17650.950977866607
forecast_0914,2025-02-08 02:00:00,19832.60972152099,19954.38078579052,17974.81726470535
forecast_0915,2025-02-08 03:00:00,19921.96958824272,19329.75159915071,17929.810291477897
forecast_0916,2025-02-08 04:00:00,20004.188571055176,19486.14236637393,17498.174571496907
forecast_0917,2025-02-08 05:00:00,19862.385971317988,19424.45036542398,15886.174114193136
forecast_0918,2025-02-08 06:00:00,20038.906421657826,19512.531650162528,14799.209096761584
forecast_0919,2025-02-08 07:00:00,20226.276886789015,19846.483001617245,15391.77982390158
forecast_0920,2025-02-08 08:00:00,19431.265935849446,19824.270261283124,16200.965500446822
forecast_0921,2025-02-08 09:00:00,17805.34731674976,18118.940319530644,14907.01522585614
forecast_0922,2025-02-08 10:00:00,15773.839742410595,15810.610118515464,12723.630992845145
forecast_0923,2025-02-08 11:00:00,12685.675090095465,13178.390313916221,10138.163530597436
forecast_0924,2025-02-08 12:00:00,9829.907887132378,10112.302864856303,7271.13175027245
forecast_0925,2025-02-08 13:00:00,7359.426410156417,6834.7041766925895,5008.490545618086
forecast_0926,2025-02-08 14:00:00,5390.344305933473,5364.411248103137,3883.24104122669
forecast_0927,2025-02-08 15:00:00,4776.4029432589095,4775.498563920833,3783.270872544752
forecast_0928,2025-02-08 16:00:00,5527.525878185349,5720.730988116715,4100.566213923305
forecast_0929,2025-02-08 17:00:00,8253.931149184431,8180.310587594724,5405.649072225423
forecast_0930,2025-02-08 18:00:00,9970.567691899723,10288.26766759529,7713.069578954233
forecast_0931,2025-02-08 19:00:00,11229.113721703503,11513.287075329261,8891.024831131768
forecast_0932,2025-02-08 20:00:00,11823.927303824155,12473.384046907679,10144.59079076551
forecast_0933,2025-02-08 21:00:00,12508.474708459478,13145.589097978353,9782.473323089947
forecast_0934,2025-02-08 22:00:00,16428.860437648058,18484.9053519209,10915.156082383037
forecast_0935,2025-02-08 23:00:00,19982.95460677294,19488.314917394633,13844.775718404913
forecast_0936,2025-02-09 00:00:00,20006.889524242168,19901.991425639717,14685.877470090947
forecast_0937,2025-02-09 01:00:00,19503.615078965846,17792.416698525478,13214.769205028844
forecast_0938,2025-02-09 02:00:00,19619.03686260018,18703.651641382334,13468.381377586544
forecast_0939,2025-02-09 03:00:00,20077.105279795876,19792.447696360075,15109.348062278954
forecast_0940,2025-02-09 04:00:00,20327.952816980236,19983.69383620829,17146.565598143396
forecast_0941,2025-02-09 05:00:00,20323.474168895435,19900.333876247736,17412.27983905886
forecast_0942,2025-02-09 06:00:00,20261.146871118577,19983.04371680898,17782.131099090937
forecast_0943,2025-02-09 07:00:00,20064.895730195985,20073.478339551213,17199.89544185423
forecast_0944,2025-02-09 08:00:00,19912.310233621345,19976.35554997395,15747.359067568874
forecast_0945,2025-02-09 09:00:00,19827.48910177889,19791.1639976406,14622.897839195974
forecast_0946,2025-02-09 10:00:00,17529.782570726657,17290.83463775002,13062.432238302112
forecast_0947,2025-02-09 11:00:00,14981.61693772461,15478.123426796872,11837.615050913993
forecast_0948,2025-02-09 12:00:00,12287.783771923934,12724.449572407606,10136.372459514432
forecast_0949,2025-02-09 13:00:00,10694.150210917393,11352.824286599596,9491.224060449387
forecast_0950,2025-02-09 14:00:00,9852.347048157606,9955.42244703683,8517.910707155292
forecast_0951,2025-02-09 15:00:00,9693.581209795042,9948.663055035102,8823.14250896548
forecast_0952,2025-02-09 16:00:00,10774.891528431424,11170.19095773449,9853.988404588155
forecast_0953,2025-02-09 17:00:00,12151.981652625114,13182.537101594631,10943.660089878626
forecast_0954,2025-02-09 18:00:00,14304.866893296312,15043.870738562118,12780.853643324426
forecast_0955,2025-02-09 19:00:00,15755.11071943569,16608.736147742275,14072.819581309972
forecast_0956,2025-02-09 20:00:00,16463.99893871576,17717.19199472223,14492.685875068839
forecast_0957,2025-02-09 21:00:00,16563.734214956192,17605.603574986057,14372.732479892355
forecast_0958,2025-02-09 22:00:00,17263.704082866883,17897.403477254327,13739.635847666088
forecast_0959,2025-02-09 23:00:00,17878.917052171408,18221.33878089397,14459.357678763055
forecast_0960,2025-02-10 00:00:00,17987.482463980286,18631.68071801561,14749.106826932306
forecast_0961,2025-02-10 01:00:00,18126.30884305049,18415.4478261122,14956.082956796774
forecast_0962,2025-02-10 02:00:00,18114.38207328924,18630.259384799934,15072.127865703
forecast_0963,2025-02-10 03:00:00,18406.304030521325,19057.731435474354,15749.837975595681
forecast_0964,2025-02-10 04:00:00,18893.991492650955,19800.09365189172,16322.746437428372
forecast_0965,2025-02-10 05:00:00,19922.31754848292,19970.87342988641,18298.63658527838
forecast_0966,2025-02-10 06:00:00,19920.050779139747,19915.87517315219,19120.569619842092
forecast_0967,2025-02-10 07:00:00,19791.165691045087,19895.533234389204,18304.602384844187
forecast_0968,2025-02-10 08:00:00,19054.921595172913,19878.512564076816,17514.920772153975
forecast_0969,2025-02-10 09:00:00,17915.902528972307,18316.656952126472,16140.501081273756
forecast_0970,2025-02-10 10:00:00,16404.768792937546,17075.81366882339,14475.19621359516
forecast_0971,2025-02-10 11:00:00,14897.107547013182,15262.011972579472,12440.111784074148
forecast_0972,2025-02-10 12:00:00,13735.114082785954,14101.56714722057,11516.10433643755
forecast_0973,2025-02-10 13:00:00,13490.603477147572,13663.52768667241,10669.837616678537
forecast_0974,2025-02-10 14:00:00,13062.869319238745,12656.743742480532,10262.87419743644
forecast_0975,2025-02-10 15:00:00,12771.933738059528,13001.94725164453,10135.970355173702
forecast_0976,2025-02-10 16:00:00,13106.564158553341,13080.482580563063,10374.397367227053
forecast_0977,2025-02-10 17:00:00,13099.107361300008,13125.523021475532,10048.088118332527
forecast_0978,2025-02-10 18:00:00,12129.869094881427,12255.88661005386,10138.590878023566
forecast_0979,2025-02-10 19:00:00,11458.391093893742,12081.180520453394,9632.334804582186
forecast_0980,2025-02-10 20:00:00,10408.244144257622,11180.10414007972,8895.676165205596
forecast_0981,2025-02-10 21:00:00,9856.496736455061,10357.417392493831,8039.625469318067
forecast_0982,2025-02-10 22:00:00,9075.95832861936,9871.519217516772,7680.074968648772
forecast_0983,2025-02-10 23:00:00,9104.047731087894,9220.749468868666,7660.291991041135
forecast_0984,2025-02-11 00:00:00,9599.062835570432,9629.074113442663,7807.194134927193
forecast_0985,2025-02-11 01:00:00,10786.244052249649,11035.905104296597,8694.357274512742
forecast_0986,2025-02-11 02:00:00,11180.829880021089,11488.194493074254,9313.515998451965
forecast_0987,2025-02-11 03:00:00,11689.565080953902,12764.305972903594,9790.540345964957
forecast_0988,2025-02-11 04:00:00,11491.513565973153,12766.134865948183,9482.249996511411
forecast_0989,2025-02-11 05:00:00,11160.308008114203,11306.065309771513,8767.00527911516
forecast_0990,2025-02-11 06:00:00,10143.092676625056,10314.788018852503,7828.800851305956
forecast_0991,2025-02-11 07:00:00,9040.899689095892,9316.004773468187,7028.224832393685
forecast_0992,2025-02-11 08:00:00,8075.536685573557,7687.139141278338,6323.079424098524
forecast_0993,2025-02-11 09:00:00,6968.116774091346,6422.509235449648,5655.556561711627
forecast_0994,2025-02-11 10:00:00,5049.43678181585,4822.31119956098,4537.471218313706
forecast_0995,2025-02-11 11:00:00,3945.3004537787738,3954.4107590479334,3810.641563828117
forecast_0996,2025-02-11 12:00:00,3838.684304511581,4590.021195472244,4152.872183657606
forecast_0997,2025-02-11 13:00:00,3836.454865457082,3890.182009902697,3729.857683831187
forecast_0998,2025-02-11 14:00:00,3787.5437845674383,4137.780081480708,3576.6793715142426
forecast_0999,2025-02-11 15:00:00,3436.2397906858037,3624.9563142410448,3338.0154081268684
forecast_1000,2025-02-11 16:00:00,3762.4904387523643,3707.1842787404703,3254.9556701600686
forecast_1001,2025-02-11 17:00:00,3610.682689502988,3746.0032163807273,3415.610340649563
forecast_1002,2025-02-11 18:00:00,5088.093546985374,4862.955795580253,3966.4501909238884
forecast_1003,2025-02-11 19:00:00,8335.251398618404,8747.02136214723,5556.107605218825
forecast_1004,2025-02-11 20:00:00,10018.500515708734,11042.031009393,7487.512154493213
forecast_1005,2025-02-11 21:00:00,12137.594609280692,12693.779859737926,9058.06413952316
forecast_1006,2025-02-11 22:00:00,14367.863724163837,15156.612994299465,11444.089371350015
forecast_1007,2025-02-11 23:00:00,16999.581573000694,17283.96437023636,13036.170776798124
forecast_1008,2025-02-12 00:00:00,17944.215377187218,18265.692679976593,14814.66174218075
forecast_1009,2025-02-12 01:00:00,14941.155700101417,16481.622372360318,12053.16540286528
forecast_1010,2025-02-12 02:00:00,16432.33610650798,17127.264884559598,12984.752300623677
forecast_1011,2025-02-12 03:00:00,16812.723697241086,17872.085855362337,13865.84469700845
forecast_1012,2025-02-12 04:00:00,17714.334234974336,17798.4626103461,14234.626699876622
forecast_1013,2025-02-12 05:00:00,14817.06665801993,16013.191172183726,13464.254663829268
forecast_1014,2025-02-12 06:00:00,12594.848348892781,13680.638480818296,11142.234284451457
forecast_1015,2025-02-12 07:00:00,9913.982534761632,11724.465130762079,8113.614780544468
forecast_1016,2025-02-12 08:00:00,7993.027371630193,8996.717505624509,5780.801921154441
forecast_1017,2025-02-12 09:00:00,8240.414053913266,8830.755199983058,5057.175510089113
forecast_1018,2025-02-12 10:00:00,9071.02073676243,10262.572326400481,5663.298469073913
forecast_1019,2025-02-12 11:00:00,10849.633265286593,11319.299388179023,7381.3813375001655
forecast_1020,2025-02-12 12:00:00,12011.909775608106,12997.150508612756,9821.295507661436
forecast_1021,2025-02-12 13:00:00,13956.548870598559,14674.004107771072,12009.080704857131
forecast_1022,2025-02-12 14:00:00,16070.606164080284,16789.9157775763,13294.682418368708
forecast_1023,2025-02-12 15:00:00,18134.172797794043,18693.317921709102,15177.326605223872
forecast_1024,2025-02-12 16:00:00,19563.13634607038,19604.927701023,14242.901415876733
forecast_1025,2025-02-12 17:00:00,19188.331967749527,19417.167102717885,15985.204062048533
forecast_1026,2025-02-12 18:00:00,18549.305849888966,19042.408710591255,15949.097658733375
forecast_1027,2025-02-12 19:00:00,17931.753903761804,18294.66172685438,15805.283485935282
forecast_1028,2025-02-12 20:00:00,17685.120061016598,17831.963745864094,15747.084430648327
forecast_1029,2025-02-12 21:00:00,17300.156584656568,17546.930330076488,15663.40524281679
forecast_1030,2025-02-12 22:00:00,16937.7054222113,16552.662654572297,15179.788045970803
forecast_1031,2025-02-12 23:00:00,16651.285547607928,16680.996876064037,14980.689692867987
forecast_1032,2025-02-13 00:00:00,15581.453125357408,16043.465883631547,14701.432467594199
forecast_1033,2025-02-13 01:00:00,13235.290434364246,13757.151216411652,12451.533935475636
forecast_1034,2025-02-13 02:00:00,13721.429952230976,14324.442855825531,12613.97024896692
forecast_1035,2025-02-13 03:00:00,13770.743060109904,14580.962268553236,12032.030053726365
forecast_1036,2025-02-13 04:00:00,13495.827506592368,15088.336177868583,11381.914790956533
forecast_1037,2025-02-13 05:00:00,13625.888654256616,16139.107273017376,11136.306028525341
forecast_1038,2025-02-13 06:00:00,14298.396083408928,16127.278901112228,12026.124376409656
forecast_1039,2025-02-13 07:00:00,15474.938473364036,16969.91733844965,13166.747603921149
forecast_1040,2025-02-13 08:00:00,16189.799976752041,17281.15050269163,14042.299969465674
forecast_1041,2025-02-13 09:00:00,16411.940245048067,17260.663909273488,13590.645096979146
forecast_1042,2025-02-13 10:00:00,15839.460198375742,16846.31964045516,12373.158744537383
forecast_1043,2025-02-13 11:00:00,14777.889058814217,16062.241514484787,11879.858706072335
forecast_1044,2025-02-13 12:00:00,14306.5795949313,15846.29656499144,11385.435682866917
forecast_1045,2025-02-13 13:00:00,14114.432902706587,15283.799003469021,11095.261540883203
forecast_1046,2025-02-13 14:00:00,14321.026322820773,15413.606493797699,11329.198484379762
forecast_1047,2025-02-13 15:00:00,14707.666714959518,15541.196091570595,11931.322482992442
forecast_1048,2025-02-13 16:00:00,15135.041438447655,15957.678191553145,13108.921832080327
forecast_1049,2025-02-13 17:00:00,16247.91126575246,17436.66144987082,14773.780927251391
forecast_1050,2025-02-13 18:00:00,17505.20703896273,18353.986438853364,16412.432184570698
forecast_1051,2025-02-13 19:00:00,18222.034073488165,18868.64817914452,18036.248818570537
forecast_1052,2025-02-13 20:00:00,18561.6404799482,19156.6532468718,18306.86040374354
forecast_1053,2025-02-13 21:00:00,18826.61796259411,19165.38926121714,18544.335990515883
forecast_1054,2025-02-13 22:00:00,19072.133932965993,19395.678796876324,18612.239866736905
forecast_1055,2025-02-13 23:00:00,19305.073382873947,19531.471028960503,18615.644452279368
forecast_1056,2025-02-14 00:00:00,19243.311067318034,19491.288880259028,18611.791676663837
forecast_1057,2025-02-14 01:00:00,19088.038946378456,19888.200300945653,18561.55494704505
forecast_1058,2025-02-14 02:00:00,19088.047663364785,19604.5910378627,18665.59075071041
forecast_1059,2025-02-14 03:00:00,19001.363346818787,19504.04715388893,18534.677907720732
forecast_1060,2025-02-14 04:00:00,19003.800341021302,19465.16632994352,18443.798035832893
forecast_1061,2025-02-14 05:00:00,19515.178064726675,19469.641740843006,18953.17837406806
forecast_1062,2025-02-14 06:00:00,19948.11517011094,19880.902253275566,19216.69787757244
forecast_1063,2025-02-14 07:00:00,19890.335994767855,19896.98274932437,19339.720911632026
forecast_1064,2025-02-14 08:00:00,19915.828678105427,19920.0897516378,18464.7519073225
forecast_1065,2025-02-14 09:00:00,18036.659290737338,18246.186396315967,16240.413177848439
forecast_1066,2025-02-14 10:00:00,15113.263655075401,15542.982415117453,13399.586253450916
forecast_1067,2025-02-14 11:00:00,12116.874364035468,12731.363642727829,10706.916617057015
forecast_1068,2025-02-14 12:00:00,10242.377727292785,10824.086777864924,9082.071880268519
forecast_1069,2025-02-14 13:00:00,9497.717809193397,9450.048864014847,8396.940365561379
forecast_1070,2025-02-14 14:00:00,8969.75249509036,8918.114761764158,7911.334721458276
forecast_1071,2025-02-14 15:00:00,8896.389543452677,8742.897795600582,7845.71185110204
forecast_1072,2025-02-14 16:00:00,9327.092451226643,9124.86034709552,8301.185610564917
forecast_1073,2025-02-14 17:00:00,9963.489031643045,10639.425101108038,9352.066032837309
forecast_1074,2025-02-14 18:00:00,10901.634835362745,11661.566507895806,10726.462368206772
forecast_1075,2025-02-14 19:00:00,13910.722402184398,13963.632158771512,11175.686997678593
forecast_1076,2025-02-14 20:00:00,15592.936064418922,16576.659947166285,11279.013133594313
forecast_1077,2025-02-14 21:00:00,16896.219231208113,17726.05506273251,11486.863564539435
forecast_1078,2025-02-14 22:00:00,15989.428490282655,16825.439752687835,11444.448456596754
forecast_1079,2025-02-14 23:00:00,16197.757675395767,16996.20303271333,12174.736097304149
forecast_1080,2025-02-15 00:00:00,16370.07284327329,16654.94379693247,12272.050557506805
forecast_1081,2025-02-15 01:00:00,16649.297475649055,16480.8958781545,12347.33057493835
forecast_1082,2025-02-15 02:00:00,16804.69805739811,16763.959493810937,12382.668994821237
forecast_1083,2025-02-15 03:00:00,16997.300941963582,16814.63217212642,12145.215567480182
forecast_1084,2025-02-15 04:00:00,17119.557927720838,16826.614976180077,11806.997552921055
forecast_1085,2025-02-15 05:00:00,17253.247941608784,17018.490790082687,11471.105348265066
forecast_1086,2025-02-15 06:00:00,17216.289910149935,16951.34749864674,11464.373941583655
forecast_1087,2025-02-15 07:00:00,16744.073525491203,16481.233754401717,11319.03744366811
forecast_1088,2025-02-15 08:00:00,14855.939051517,15280.389494299601,10821.963220903275
forecast_1089,2025-02-15 09:00:00,14048.683784975765,14477.192198652729,10504.54757614679
forecast_1090,2025-02-15 10:00:00,12460.611720001169,12803.891218703746,9375.705634377706
forecast_1091,2025-02-15 11:00:00,10934.255429159439,11261.004862771804,8101.502281417955
forecast_1092,2025-02-15 12:00:00,9945.53223459083,10387.640679746344,8524.79083320423
forecast_1093,2025-02-15 13:00:00,10352.353459796763,10475.283413433508,9612.165744340027
forecast_1094,2025-02-15 14:00:00,10649.569148214798,11567.530486687541,10797.484025600374
forecast_1095,2025-02-15 15:00:00,11666.472910814693,12757.068682001125,11611.203652255592
forecast_1096,2025-02-15 16:00:00,12932.873562847326,13488.291330225582,12052.094382437905
forecast_1097,2025-02-15 17:00:00,14118.140782138527,14891.153157983272,12874.730160374187
forecast_1098,2025-02-15 18:00:00,15564.68579004041,16482.75566470889,14240.27220885974
forecast_1099,2025-02-15 19:00:00,17820.080493706002,18254.00927061881,15598.92656672068
forecast_1100,2025-02-15 20:00:00,19192.535075533542,19877.291929436546,16297.471923996885
forecast_1101,2025-02-15 21:00:00,19848.700892486475,19916.716826561278,16624.395482836255
forecast_1102,2025-02-15 22:00:00,19943.26514380371,19886.83377130706,16354.089317730974
forecast_1103,2025-02-15 23:00:00,19929.21716327058,19944.93252348357,17472.810942362405
forecast_1104,2025-02-16 00:00:00,19944.664210240087,20201.86340936413,17559.43350661922
forecast_1105,2025-02-16 01:00:00,19912.79888229161,19894.3019435915,16709.776804821377
forecast_1106,2025-02-16 02:00:00,19922.681295312454,19954.38450561161,17034.526667519887
forecast_1107,2025-02-16 03:00:00,19474.990787146882,19570.16519140501,14811.727072166852
forecast_1108,2025-02-16 04:00:00,18632.847491177723,18766.953616748204,14342.51739422201
forecast_1109,2025-02-16 05:00:00,18074.98961796382,18252.937108852064,13335.935331043178
forecast_1110,2025-02-16 06:00:00,16932.392694955157,17737.931333680222,11565.48175316252
forecast_1111,2025-02-16 07:00:00,16756.79707972523,16969.297776798576,11155.090167332364
forecast_1112,2025-02-16 08:00:00,16133.188990520854,16740.86645309285,10934.624839676424
forecast_1113,2025-02-16 09:00:00,14831.895323248795,15328.902343573958,10827.454711774551
forecast_1114,2025-02-16 10:00:00,12888.413684690642,13331.776012846642,10061.113502690112
forecast_1115,2025-02-16 11:00:00,10918.482697113819,11270.309449544731,8966.082933276595
forecast_1116,2025-02-16 12:00:00,10345.826366008767,10606.12473944455,8411.734477790716
forecast_1117,2025-02-16 13:00:00,11368.730475363314,11171.526484025815,9089.591918815018
forecast_1118,2025-02-16 14:00:00,13553.863271279803,13404.723710714083,11013.782772731029
forecast_1119,2025-02-16 15:00:00,14779.760954677758,14887.246650235766,12615.232989145261
forecast_1120,2025-02-16 16:00:00,15834.991306421749,16142.490122486734,13920.22826640989
forecast_1121,2025-02-16 17:00:00,16540.482720852546,16791.354269578846,15409.03419904045
forecast_1122,2025-02-16 18:00:00,17031.19363678825,17210.714066659333,16082.933777785622
forecast_1123,2025-02-16 19:00:00,17280.373409323107,17678.633523375855,15919.862722329637
forecast_1124,2025-02-16 20:00:00,17316.816193493138,17720.76394056013,15878.896303453987
forecast_1125,2025-02-16 21:00:00,17365.0552301937,18036.347328500513,15453.453586894186
forecast_1126,2025-02-16 22:00:00,17261.950983607687,17755.927577154307,15293.492663144885
forecast_1127,2025-02-16 23:00:00,17484.830816341364,17947.284107410636,14983.196722012524
forecast_1128,2025-02-17 00:00:00,16661.878917711845,17775.573127046573,14818.927346394508
forecast_1129,2025-02-17 01:00:00,13117.718102136707,13626.31659236694,11771.304025119493
forecast_1130,2025-02-17 02:00:00,13177.514232725549,13877.959346894764,11973.571065210544
forecast_1131,2025-02-17 03:00:00,12999.756617305216,13557.688210185375,11895.974946055961
forecast_1132,2025-02-17 04:00:00,12670.697446913457,12604.595840997838,11367.495766470343
forecast_1133,2025-02-17 05:00:00,12512.067294098902,11922.672863593836,10732.205804892776
forecast_1134,2025-02-17 06:00:00,12481.118822961444,12395.715550922712,10237.180729722957
forecast_1135,2025-02-17 07:00:00,12891.347206857383,12852.935635013133,10533.239018089196
forecast_1136,2025-02-17 08:00:00,13111.678977566007,13299.789380064418,10943.36993346279
forecast_1137,2025-02-17 09:00:00,13433.800336204436,13266.523758601896,10714.28033349528
forecast_1138,2025-02-17 10:00:00,13116.780334706105,13014.77482137995,10420.588616585504
forecast_1139,2025-02-17 11:00:00,12520.16352108109,12095.019519701722,9754.56650793433
forecast_1140,2025-02-17 12:00:00,12362.791934818651,11846.787299905163,9715.674970463679
forecast_1141,2025-02-17 13:00:00,11925.861078028616,11819.102122544293,9513.774548533409
forecast_1142,2025-02-17 14:00:00,12099.413998833208,11642.664691925027,9534.987201185188
forecast_1143,2025-02-17 15:00:00,11761.920174911324,10958.8117369391,8948.60554918256
forecast_1144,2025-02-17 16:00:00,10839.591822828981,10523.607554341177,8481.273400832377
forecast_1145,2025-02-17 17:00:00,10568.19177640021,9386.095543428955,7859.167429117986
forecast_1146,2025-02-17 18:00:00,8995.267982049289,8443.550747492654,7293.5394635078665
forecast_1147,2025-02-17 19:00:00,8638.1631415959,8134.304150724345,6730.189355318538
forecast_1148,2025-02-17 20:00:00,7993.793776242251,8048.46142483052,6520.937767161372
forecast_1149,2025-02-17 21:00:00,8131.967852825972,8870.995546742983,5943.514576422866
forecast_1150,2025-02-17 22:00:00,7465.02521439912,8894.192397276602,5336.615605282642
forecast_1151,2025-02-17 23:00:00,6484.717636934835,7751.90005446184,5567.948126552429
forecast_1152,2025-02-18 00:00:00,6356.837552357436,6958.0626774065395,5716.740806621221
forecast_1153,2025-02-18 01:00:00,9362.366873788002,10485.946400841038,7398.203130510589
forecast_1154,2025-02-18 02:00:00,9460.970904515121,10426.804180337225,7971.094300875784
forecast_1155,2025-02-18 03:00:00,9787.130355395326,11270.143074473726,8798.684895372933
forecast_1156,2025-02-18 04:00:00,10829.222184410344,12250.928612580718,9118.38812233546
forecast_1157,2025-02-18 05:00:00,12033.138267194727,13217.843833572797,9235.2132921089
forecast_1158,2025-02-18 06:00:00,12931.497972606418,13734.664750901467,9617.641472264157
forecast_1159,2025-02-18 07:00:00,12801.840680007737,14072.132901062518,9905.853921540836
forecast_1160,2025-02-18 08:00:00,12800.331717708816,13090.984515763821,9900.57769556453
forecast_1161,2025-02-18 09:00:00,12704.565508131092,12550.235563566404,9654.44129038643
forecast_1162,2025-02-18 10:00:00,11604.26049372021,11793.552176930496,9456.198107479731
forecast_1163,2025-02-18 11:00:00,11738.499867255248,11500.125763965389,9257.555551043928
forecast_1164,2025-02-18 12:00:00,11673.147826630891,11036.130018761203,9115.073363188376
forecast_1165,2025-02-18 13:00:00,11847.34530020851,11085.316943248581,9043.599304623065
forecast_1166,2025-02-18 14:00:00,12050.345185222623,11501.632780264323,8948.175483523815
forecast_1167,2025-02-18 15:00:00,12476.480958437174,11351.220767104502,9191.362246718923
forecast_1168,2025-02-18 16:00:00,12507.456592579872,11791.54605254138,9233.244837924847
forecast_1169,2025-02-18 17:00:00,12304.391671138808,12075.04591954326,9230.249502114406
forecast_1170,2025-02-18 18:00:00,12402.994623491442,11957.977529541626,9245.616537672147
forecast_1171,2025-02-18 19:00:00,11738.313045421231,11354.127106476724,9326.135026587046
forecast_1172,2025-02-18 20:00:00,11942.403352155861,11219.84278020663,9726.317107331093
forecast_1173,2025-02-18 21:00:00,10563.622277890088,11392.79980812643,8685.04355374065
forecast_1174,2025-02-18 22:00:00,10747.172731205954,11560.489766522582,7863.749722919616
forecast_1175,2025-02-18 23:00:00,9909.533264952568,11364.466147503497,7798.150592319117
forecast_1176,2025-02-19 00:00:00,10528.250642452924,11588.686808203762,8100.954717489528
forecast_1177,2025-02-19 01:00:00,12586.707621300513,13182.099177934086,10271.318464139835
forecast_1178,2025-02-19 02:00:00,13381.482995645803,13582.916037303507,10393.329016397447
forecast_1179,2025-02-19 03:00:00,14610.629006806766,14978.033177547057,10980.108723896219
forecast_1180,2025-02-19 04:00:00,15309.270118455455,15522.3698707116,10850.519251239564
forecast_1181,2025-02-19 05:00:00,15440.232351517963,16025.886765691366,10718.334908651092
forecast_1182,2025-02-19 06:00:00,15856.096002046734,16906.373610796854,10947.310370247746
forecast_1183,2025-02-19 07:00:00,15721.929090322496,16804.597526602513,10773.482215422107
forecast_1184,2025-02-19 08:00:00,15211.262584163675,15437.655004972628,10202.988568415392
forecast_1185,2025-02-19 09:00:00,13141.915448634983,13439.00116510942,9337.046678899373
forecast_1186,2025-02-19 10:00:00,10650.01785522598,10665.037819235708,7974.569323723412
forecast_1187,2025-02-19 11:00:00,7898.527479269974,8172.92587384852,6238.858377444996
forecast_1188,2025-02-19 12:00:00,6207.319443748307,6300.109280526934,4754.586791025747
forecast_1189,2025-02-19 13:00:00,5355.630969171352,5032.320538513467,4392.202773793367
forecast_1190,2025-02-19 14:00:00,5067.516188817129,5034.910779603526,4207.242954357972
forecast_1191,2025-02-19 15:00:00,5466.3366928363475,5219.308532141949,4415.622161697251
forecast_1192,2025-02-19 16:00:00,5870.591302668025,5476.6136589700045,4498.688699692165
forecast_1193,2025-02-19 17:00:00,5756.27868782665,5725.852132892554,4747.563044581688
forecast_1194,2025-02-19 18:00:00,6141.531869634334,6001.497951433678,5019.15866605016
forecast_1195,2025-02-19 19:00:00,6631.496462888431,6448.831152778357,5298.029803834993
forecast_1196,2025-02-19 20:00:00,6593.048079463088,6938.553675498221,5589.073867889466
forecast_1197,2025-02-19 21:00:00,6441.7146296060355,6476.556150145601,5907.790381360602
forecast_1198,2025-02-19 22:00:00,7418.275359412172,7609.189928129998,6225.305505746445
forecast_1199,2025-02-19 23:00:00,8675.288232495257,9191.865425184407,6760.602878084866
forecast_1200,2025-02-20 00:00:00,9838.996464321805,10485.566180877408,7122.632194961212
forecast_1201,2025-02-20 01:00:00,8596.67468181364,9228.87428842024,5952.914519420689
forecast_1202,2025-02-20 02:00:00,8832.6484255282,8988.246408730198,6187.361450064389
forecast_1203,2025-02-20 03:00:00,9475.856022612166,9360.26719616178,6744.783516909263
forecast_1204,2025-02-20 04:00:00,9750.137136959276,9442.28070217726,7269.5267055678505
forecast_1205,2025-02-20 05:00:00,9716.21180776279,9694.800005367466,7423.655574322429
forecast_1206,2025-02-20 06:00:00,10254.628838537681,10679.356934595571,7997.955829377778
forecast_1207,2025-02-20 07:00:00,11352.331719332267,11770.850157944431,8736.856597272716
forecast_1208,2025-02-20 08:00:00,12677.868801759705,12466.980316314613,9650.995935288382
forecast_1209,2025-02-20 09:00:00,11675.21557073148,11662.349878865698,8713.123135551845
forecast_1210,2025-02-20 10:00:00,10737.623645640557,10967.636946972409,7987.324681458597
forecast_1211,2025-02-20 11:00:00,9542.0785492405,10164.463985274877,7792.834596467107
forecast_1212,2025-02-20 12:00:00,8500.731711701268,9018.545500340928,6806.717519441236
forecast_1213,2025-02-20 13:00:00,7570.152197002834,7755.150300456752,6816.965329953318
forecast_1214,2025-02-20 14:00:00,8105.083186091551,8694.875564060916,7278.113839422595
forecast_1215,2025-02-20 15:00:00,8248.95553163268,7958.832004898611,7097.07444460362
forecast_1216,2025-02-20 16:00:00,8400.555561414194,7410.031522523319,6930.058457458697
forecast_1217,2025-02-20 17:00:00,8408.994616620728,8356.465363701876,6868.355064724903
forecast_1218,2025-02-20 18:00:00,8885.987952329415,8765.551837086246,7767.206493309261
forecast_1219,2025-02-20 19:00:00,9842.060024934188,9603.26341526007,9069.673549240464
forecast_1220,2025-02-20 20:00:00,9201.274920322461,9426.752020614163,8442.412701485826
forecast_1221,2025-02-20 21:00:00,8590.080967711167,9191.077788657738,7276.277894858855
forecast_1222,2025-02-20 22:00:00,7606.296627807953,8192.605414976535,6838.26989945692
forecast_1223,2025-02-20 23:00:00,7918.039589584437,8594.079989629663,6825.17823480313
forecast_1224,2025-02-21 00:00:00,8697.122923360297,9615.022074866605,6979.293584804059
forecast_1225,2025-02-21 01:00:00,10909.247363201413,11675.605732155187,7945.135220555588
forecast_1226,2025-02-21 02:00:00,11116.519405642759,11721.01095969316,8170.7848486069415
forecast_1227,2025-02-21 03:00:00,11174.66580360391,11535.98702917688,8588.192228376727
forecast_1228,2025-02-21 04:00:00,10800.966630876721,11326.16629295474,8096.754669515009
forecast_1229,2025-02-21 05:00:00,10931.073369503345,11366.765032307156,8327.19218951966
forecast_1230,2025-02-21 06:00:00,11507.508877687078,11880.62661878109,9078.539517051608
forecast_1231,2025-02-21 07:00:00,12267.53834201802,12677.27845975832,9818.000286943163
forecast_1232,2025-02-21 08:00:00,11907.129291079727,12556.638626607912,9709.348737481683
forecast_1233,2025-02-21 09:00:00,10075.88572993501,10482.127125272245,8242.60936766402
forecast_1234,2025-02-21 10:00:00,7312.926549033027,7702.99303516744,6205.976140998349
forecast_1235,2025-02-21 11:00:00,5124.785610969767,5180.357380361209,4539.113102647435
forecast_1236,2025-02-21 12:00:00,4980.720439117141,4837.987536588131,4270.821411606444
forecast_1237,2025-02-21 13:00:00,5296.112826049442,5100.30429987276,4339.040111269256
forecast_1238,2025-02-21 14:00:00,6241.781373625358,5989.478523344739,5064.183572512395
forecast_1239,2025-02-21 15:00:00,6457.204615696344,6286.859497793842,5403.72778964613
forecast_1240,2025-02-21 16:00:00,6837.897756839672,6391.645599162415,5583.552811757269
forecast_1241,2025-02-21 17:00:00,7345.161538598128,7042.597501868965,6267.505792078618
forecast_1242,2025-02-21 18:00:00,8666.993680190999,8435.78346289794,7415.539317610352
forecast_1243,2025-02-21 19:00:00,9756.80704561443,9446.326627010538,8277.916982444076
forecast_1244,2025-02-21 20:00:00,10372.87041071722,10873.620510925572,9035.19063052669
forecast_1245,2025-02-21 21:00:00,10373.775887332686,11986.5473354548,9201.407098116882
forecast_1246,2025-02-21 22:00:00,10996.047130061335,11718.967818843405,9744.49337670473
forecast_1247,2025-02-21 23:00:00,11020.328808489472,11464.786645022457,9787.206843390495
forecast_1248,2025-02-22 00:00:00,11582.688033927167,12012.710820062568,9778.066331569868
forecast_1249,2025-02-22 01:00:00,13890.453036164146,13797.461414824515,12607.29764610913
forecast_1250,2025-02-22 02:00:00,14019.90625622558,14249.268080220589,13158.168286036633
forecast_1251,2025-02-22 03:00:00,14053.770989792445,14326.859699704239,13494.947224821834
forecast_1252,2025-02-22 04:00:00,14112.6055386554,13629.482152635308,12510.225932002591
forecast_1253,2025-02-22 05:00:00,13393.441383312495,13390.162311787404,10913.217055738078
forecast_1254,2025-02-22 06:00:00,12883.276473079339,13571.144552797525,10184.370503748387
forecast_1255,2025-02-22 07:00:00,12747.916303256707,12940.964330324325,9418.837801784313
forecast_1256,2025-02-22 08:00:00,11621.756806948424,12216.75172274789,8933.862215018396
forecast_1257,2025-02-22 09:00:00,9415.802824152295,9986.613206640724,6687.775891137149
forecast_1258,2025-02-22 10:00:00,6096.482451233896,6497.093835369349,4815.786342865144
forecast_1259,2025-02-22 11:00:00,4217.388380085783,4353.885311611771,3756.5872798111327
forecast_1260,2025-02-22 12:00:00,4508.434168934101,4281.8997851108725,3729.197342228745
forecast_1261,2025-02-22 13:00:00,5117.403520885479,4873.5421984509685,3963.268911272654
forecast_1262,2025-02-22 14:00:00,6390.980312614034,6020.5689309918125,4882.704400624566
forecast_1263,2025-02-22 15:00:00,6683.636685604845,6487.89776771433,5311.878311528936
forecast_1264,2025-02-22 16:00:00,7216.208250786372,6929.761034567512,5789.827001872484
forecast_1265,2025-02-22 17:00:00,8073.379001918478,8032.728573581856,6300.329331895496
forecast_1266,2025-02-22 18:00:00,9225.433373670237,9984.296700386963,8150.791869863586
forecast_1267,2025-02-22 19:00:00,10169.544924958347,10757.457883743426,9630.174730050327
forecast_1268,2025-02-22 20:00:00,11280.178034677721,12188.902351742516,10707.215841068433
forecast_1269,2025-02-22 21:00:00,13015.066358286525,14080.735709657458,12182.202829537153
forecast_1270,2025-02-22 22:00:00,14613.838265241513,16188.604132431063,13840.294980641864
forecast_1271,2025-02-22 23:00:00,16554.333548352304,17969.303776313893,15199.461568201834
forecast_1272,2025-02-23 00:00:00,17486.912927947116,18509.735473315475,15682.501282205087
forecast_1273,2025-02-23 01:00:00,17684.39845883505,18921.93770588445,16012.801878868795
forecast_1274,2025-02-23 02:00:00,18067.22228338733,19304.502125515533,16226.003459341806
forecast_1275,2025-02-23 03:00:00,18440.061687721103,19897.315681162927,17001.24373983877
forecast_1276,2025-02-23 04:00:00,18434.969289778266,20036.69719749498,17641.77440789879
forecast_1277,2025-02-23 05:00:00,18602.561494301655,20146.60529365988,16792.68266675714
forecast_1278,2025-02-23 06:00:00,18502.033926443655,20098.51375786958,16846.929031761094
forecast_1279,2025-02-23 07:00:00,18324.51463289191,20140.46188194893,17001.260964415527
forecast_1280,2025-02-23 08:00:00,18370.420011261984,19968.62400302129,17016.422329362624
forecast_1281,2025-02-23 09:00:00,17976.729672014786,19890.16625382839,16293.75783058092
forecast_1282,2025-02-23 10:00:00,17206.355950574773,18146.755583616494,14897.691576959965
forecast_1283,2025-02-23 11:00:00,16029.214133309624,16803.14030779558,13533.095345818216
forecast_1284,2025-02-23 12:00:00,15093.965261634876,15604.117707712634,12946.26025759897
forecast_1285,2025-02-23 13:00:00,14443.004215225514,14815.706789829039,12335.089107514901
forecast_1286,2025-02-23 14:00:00,14116.064781863797,14390.63898507158,12120.00665237458
forecast_1287,2025-02-23 15:00:00,14165.562645458878,14171.058557518014,12168.225132021535
forecast_1288,2025-02-23 16:00:00,13588.903266366839,13887.797017124245,11931.260370825712
forecast_1289,2025-02-23 17:00:00,12545.351352017546,12910.869054324266,11082.381674125225
forecast_1290,2025-02-23 18:00:00,11313.89789253718,10945.960407528712,9968.307350433954
forecast_1291,2025-02-23 19:00:00,10563.91258670748,10580.495332392271,9093.380615071781
forecast_1292,2025-02-23 20:00:00,9982.83888890457,10117.902637939409,9238.181294335745
forecast_1293,2025-02-23 21:00:00,11231.588801965416,12019.751979735001,9410.56071118073
forecast_1294,2025-02-23 22:00:00,13046.202524373362,13934.452165496396,10444.672565242678
forecast_1295,2025-02-23 23:00:00,14560.044620451114,15399.175938665494,11425.609385465934
forecast_1296,2025-02-24 00:00:00,14830.733703481388,15261.942609735377,11610.945233667102
forecast_1297,2025-02-24 01:00:00,16840.83936533455,17456.662172814198,12812.410786979539
forecast_1298,2025-02-24 02:00:00,17320.26837652358,17800.520091592374,13351.819134995709
forecast_1299,2025-02-24 03:00:00,18061.158133680823,18686.185859188634,14245.559855537098
forecast_1300,2025-02-24 04:00:00,17764.95126067685,18751.056598363004,13945.615628442962
forecast_1301,2025-02-24 05:00:00,17387.813151214537,18558.794549936738,13354.266100095456
forecast_1302,2025-02-24 06:00:00,17170.809906580438,17243.37345042152,12679.512240918482
forecast_1303,2025-02-24 07:00:00,17536.00905275949,17571.853917148484,12626.34299960758
forecast_1304,2025-02-24 08:00:00,17107.0758704757,16906.11920365478,12254.035716382577
forecast_1305,2025-02-24 09:00:00,15458.267846376553,15346.325450588014,10976.14534716959
forecast_1306,2025-02-24 10:00:00,13386.999495217939,13442.792413267889,9394.677446884283
forecast_1307,2025-02-24 11:00:00,10426.354298496635,10940.113533337737,7233.751224282819
forecast_1308,2025-02-24 12:00:00,9065.233555148234,8789.466071176275,6125.612019626653
forecast_1309,2025-02-24 13:00:00,7834.45742734772,7256.269997609924,5556.29498614869
forecast_1310,2025-02-24 14:00:00,7579.380377113474,7450.193375469845,5643.779741530875
forecast_1311,2025-02-24 15:00:00,8065.037188283527,8367.92002452648,6150.031750956461
forecast_1312,2025-02-24 16:00:00,8966.726219165788,9450.197189436225,7002.441019668664
forecast_1313,2025-02-24 17:00:00,10862.810139400983,11643.743119907744,9537.802239615155
forecast_1314,2025-02-24 18:00:00,12499.829683499127,13322.799058470071,11189.296840373168
forecast_1315,2025-02-24 19:00:00,15097.487797758555,16308.697830003786,13954.29887510112
forecast_1316,2025-02-24 20:00:00,18177.870849749313,18553.421096240658,15842.695742162041
forecast_1317,2025-02-24 21:00:00,19876.750146478786,20234.77280899892,17820.289528604157
forecast_1318,2025-02-24 22:00:00,20142.672849011924,20316.061636826387,18391.643365185922
forecast_1319,2025-02-24 23:00:00,20320.591249726473,20320.660962573267,19348.92281099646
forecast_1320,2025-02-25 00:00:00,20306.804575670914,20333.427367446755,19328.83818841126
forecast_1321,2025-02-25 01:00:00,19939.35236026633,20138.399706966527,19339.072837704956
forecast_1322,2025-02-25 02:00:00,19918.713884992118,20284.527879069883,19366.201400999136
forecast_1323,2025-02-25 03:00:00,20038.36645917571,20285.411635245444,19351.42173483303
forecast_1324,2025-02-25 04:00:00,20346.13062653983,20323.516219383288,19700.883671477375
forecast_1325,2025-02-25 05:00:00,20330.08871584817,20312.10481883508,19749.360402435374
forecast_1326,2025-02-25 06:00:00,20332.192642712365,20323.90932192003,19797.74790382401
forecast_1327,2025-02-25 07:00:00,20352.564275938304,20373.182335891066,19748.651407900903
forecast_1328,2025-02-25 08:00:00,20339.80204868163,20419.121549852876,19778.94651240147
forecast_1329,2025-02-25 09:00:00,20361.030487407752,20405.94139115145,19768.221805843234
forecast_1330,2025-02-25 10:00:00,20334.084945125847,20323.463403590624,19468.394045493067
forecast_1331,2025-02-25 11:00:00,20012.180820086483,20345.335046886445,17863.457100253763
forecast_1332,2025-02-25 12:00:00,17560.284045750264,18333.890481552426,14514.067686329225
forecast_1333,2025-02-25 13:00:00,15344.988969071328,17352.754114938907,13749.159057825722
forecast_1334,2025-02-25 14:00:00,15026.557052475468,16284.597593835351,13020.445627431847
forecast_1335,2025-02-25 15:00:00,16382.20876600016,16686.202773439156,14635.865563951354
forecast_1336,2025-02-25 16:00:00,16963.930035454832,17523.99384881028,15467.145690460016
forecast_1337,2025-02-25 17:00:00,18168.10228973158,18584.84494680943,16635.328630313317
forecast_1338,2025-02-25 18:00:00,18969.74361250137,18878.816289149574,17928.858915551813
forecast_1339,2025-02-25 19:00:00,19375.369879034894,19251.88923782882,18680.02399792438
forecast_1340,2025-02-25 20:00:00,19718.14767956192,19468.038577993393,19332.540230419076
forecast_1341,2025-02-25 21:00:00,19678.505596318108,19570.519530968173,19330.83268044887
forecast_1342,2025-02-25 22:00:00,19291.364937015536,19288.538429921093,19345.77749222956
forecast_1343,2025-02-25 23:00:00,19100.265101481487,19340.38594315897,19109.571841815145
forecast_1344,2025-02-26 00:00:00,18986.70251386171,19294.793082083437,18503.22515538952
forecast_1345,2025-02-26 01:00:00,19261.957169293422,19503.68637134332,18066.576182014265
forecast_1346,2025-02-26 02:00:00,18861.056494201865,19108.40654710473,17749.93420780084
forecast_1347,2025-02-26 03:00:00,18325.03879432277,18666.747450887462,17651.49051623397
forecast_1348,2025-02-26 04:00:00,18491.03064483496,18994.369417370515,17901.17036605559
forecast_1349,2025-02-26 05:00:00,18513.914149797998,19156.75291528213,17872.758545280973
forecast_1350,2025-02-26 06:00:00,18252.365403101106,19152.34604237752,17776.392810515346
forecast_1351,2025-02-26 07:00:00,17576.808555988835,18732.091304140085,17347.073947494024
forecast_1352,2025-02-26 08:00:00,17075.96929862026,18367.652311065034,16321.671164129522
forecast_1353,2025-02-26 09:00:00,16783.130610905242,17900.57599541496,15395.252052839358
forecast_1354,2025-02-26 10:00:00,15392.039163699892,16728.600818536295,13172.148873354072
forecast_1355,2025-02-26 11:00:00,13772.730256965226,14600.8697151414,11659.165274374951
forecast_1356,2025-02-26 12:00:00,12833.268832263762,14133.807863058195,10494.139049610481
forecast_1357,2025-02-26 13:00:00,13316.65658496357,13518.707407743304,10455.788609393167
forecast_1358,2025-02-26 14:00:00,13992.58637121073,14376.590131735815,10709.691093322795
forecast_1359,2025-02-26 15:00:00,14524.922245694797,14708.972101768524,10808.314230668679
forecast_1360,2025-02-26 16:00:00,14676.595218429038,14757.58060077148,11701.287067546675
forecast_1361,2025-02-26 17:00:00,14424.466380261325,14484.603975565075,11538.480431524482
forecast_1362,2025-02-26 18:00:00,14175.142213752786,14781.002803268379,12955.586080107338
forecast_1363,2025-02-26 19:00:00,14642.126181937687,15908.934449581258,14407.89184909896
forecast_1364,2025-02-26 20:00:00,16295.76041736064,17439.926071735514,16076.283460284147
forecast_1365,2025-02-26 21:00:00,17856.19027074756,18561.33326748336,17408.040616804374
forecast_1366,2025-02-26 22:00:00,18598.85158638544,19038.696909672522,17810.501917356127
forecast_1367,2025-02-26 23:00:00,18432.558329791333,19311.259413648648,17845.36948125705
forecast_1368,2025-02-27 00:00:00,18611.11788442209,19436.367780287856,18136.20657479023
forecast_1369,2025-02-27 01:00:00,20068.403595309315,20033.586610915943,19333.1075243971
forecast_1370,2025-02-27 02:00:00,20257.796460132664,20325.950211629064,19333.21513367143
forecast_1371,2025-02-27 03:00:00,20086.023278258435,20315.591601933902,19345.294566398712
forecast_1372,2025-02-27 04:00:00,19912.22679068148,20331.891169911487,19339.945687548818
forecast_1373,2025-02-27 05:00:00,19897.880837845372,20071.94086972917,19348.865366266888
forecast_1374,2025-02-27 06:00:00,19762.777229231157,19900.23293620916,18858.02240594048
forecast_1375,2025-02-27 07:00:00,19160.258909668813,19879.738011889218,18461.603229071592
forecast_1376,2025-02-27 08:00:00,19428.33316570804,19131.856846825693,17661.539950557835
forecast_1377,2025-02-27 09:00:00,18591.85972340414,18917.002530235615,16428.72681262419
forecast_1378,2025-02-27 10:00:00,17595.315647230615,18248.55006278554,15013.05987556454
forecast_1379,2025-02-27 11:00:00,15992.398233329326,16329.565014351263,14540.317667201305
forecast_1380,2025-02-27 12:00:00,15937.301506347543,15621.924245160792,14152.685457300193
forecast_1381,2025-02-27 13:00:00,13158.059140104275,14401.93373417237,12924.481866663578
forecast_1382,2025-02-27 14:00:00,11470.732177894171,12127.317085208488,9993.840932600968
forecast_1383,2025-02-27 15:00:00,9466.933525837832,8495.626953465411,7220.982188453913
forecast_1384,2025-02-27 16:00:00,8028.360292410086,9282.763390701119,6030.231173422542
forecast_1385,2025-02-27 17:00:00,7786.658072390174,8821.594631978232,6228.854863847159
forecast_1386,2025-02-27 18:00:00,8496.103872669275,9028.496642185582,7128.6837350229025
forecast_1387,2025-02-27 19:00:00,10149.570611253055,10931.354766483297,8775.294432932982
forecast_1388,2025-02-27 20:00:00,11625.943319622775,13343.477619806354,10805.930175566098
forecast_1389,2025-02-27 21:00:00,12695.516668531782,15511.68282840721,12097.12943648216
forecast_1390,2025-02-27 22:00:00,12651.445985037597,15839.436060096732,12317.26186715157
forecast_1391,2025-02-27 23:00:00,12489.127842455946,15710.88272775313,11550.875601782207
forecast_1392,2025-02-28 00:00:00,12385.38829359084,15442.510059086297,11014.932046609356
forecast_1393,2025-02-28 01:00:00,14193.764120592909,14282.508953717788,12172.931141644167
forecast_1394,2025-02-28 02:00:00,14387.379689973806,14383.639788509583,12868.068875866984
forecast_1395,2025-02-28 03:00:00,16096.626774382301,16065.974940533428,14624.820412712357
forecast_1396,2025-02-28 04:00:00,17367.903126443005,17523.699061582953,15493.523799476827
forecast_1397,2025-02-28 05:00:00,18560.895209777053,18940.545108347334,16490.590486077017
forecast_1398,2025-02-28 06:00:00,18837.507296505744,19374.404920733017,16999.912028795447
forecast_1399,2025-02-28 07:00:00,18727.114942364737,19466.43699498954,16513.799858947474
forecast_1400,2025-02-28 08:00:00,18951.264337681212,19617.526641956625,17629.639882555526
forecast_1401,2025-02-28 09:00:00,18463.37561688726,19442.251333949866,16015.11780904411
forecast_1402,2025-02-28 10:00:00,17706.55847130471,19062.5174487712,17584.97294350631
forecast_1403,2025-02-28 11:00:00,16142.843010738228,17159.28445558632,16752.56738176122
forecast_1404,2025-02-28 12:00:00,14178.845717111313,15498.724818947208,14636.380836910237
forecast_1405,2025-02-28 13:00:00,12841.421025165742,13950.56571100513,12952.980917486997
forecast_1406,2025-02-28 14:00:00,11931.370887231353,13221.788210543204,11574.14588891954
forecast_1407,2025-02-28 15:00:00,13136.462957908421,13964.92736166535,12005.439759680075
forecast_1408,2025-02-28 16:00:00,13894.460114930314,15215.929751234475,12907.815815287517
forecast_1409,2025-02-28 17:00:00,15339.045717729403,16166.961588460403,13685.288000268041
forecast_1410,2025-02-28 18:00:00,16393.08657671578,17214.232197318714,14599.958324316769
forecast_1411,2025-02-28 19:00:00,17094.997532661193,17887.336339472597,14096.544928031632
forecast_1412,2025-02-28 20:00:00,17242.692111135417,17292.34674810574,12779.933057659235
forecast_1413,2025-02-28 21:00:00,13907.34837673868,13969.499397305264,10042.876197376081
forecast_1414,2025-02-28 22:00:00,10422.029235455477,10745.269146453988,7988.051826370304
forecast_1415,2025-02-28 23:00:00,8110.977514605887,7776.608230117578,6620.368243835239
forecast_1416,2025-03-01 00:00:00,6841.5872124986245,6655.39856969194,5275.029724363231
forecast_1417,2025-03-01 01:00:00,6268.772164773982,7162.546506048932,5418.481915522263
forecast_1418,2025-03-01 02:00:00,6228.28893617082,7697.395406771585,5105.872492400692
forecast_1419,2025-03-01 03:00:00,5379.444701046142,5379.663093461099,3801.6099867821526
forecast_1420,2025-03-01 04:00:00,4700.2723993345635,4359.052351609115,3801.7327837377743
forecast_1421,2025-03-01 05:00:00,3784.8473970723862,3779.009186479886,3377.9000424545034
forecast_1422,2025-03-01 06:00:00,3815.902550451668,3715.589635163577,3472.8612971484836
forecast_1423,2025-03-01 07:00:00,3867.247276592864,3790.1814470667055,3457.309138320726
forecast_1424,2025-03-01 08:00:00,3967.4150248836822,3965.2601295981294,3422.294353600958
forecast_1425,2025-03-01 09:00:00,3699.24244557283,3892.281805478671,3236.4967282675616
forecast_1426,2025-03-01 10:00:00,3675.139452325498,3743.925651219864,3182.900269598408
forecast_1427,2025-03-01 11:00:00,3656.7003461474674,3690.930947641608,3080.9821284800855
forecast_1428,2025-03-01 12:00:00,4031.9326093845953,3908.6555506546742,3308.994746180965
forecast_1429,2025-03-01 13:00:00,3804.6037763234303,3894.724981401851,3969.4009352575868
forecast_1430,2025-03-01 14:00:00,4512.499749293528,4341.177290685456,3919.2976976532404
forecast_1431,2025-03-01 15:00:00,4875.8603281829355,4724.707385790688,3738.4771212053574
forecast_1432,2025-03-01 16:00:00,4425.578351150923,4229.734787414661,3726.9026214551777
forecast_1433,2025-03-01 17:00:00,5382.13701564225,4225.002219539247,3742.2572194075196
forecast_1434,2025-03-01 18:00:00,3948.5804073486556,3722.4129577244194,3727.6887363489127
forecast_1435,2025-03-01 19:00:00,5430.895125676839,5164.970660669834,3858.759781560228
forecast_1436,2025-03-01 20:00:00,3919.747397109661,3973.6132481138443,3499.0342110556544
forecast_1437,2025-03-01 21:00:00,3368.3150937136807,3383.9302812662495,3691.0018035710514
forecast_1438,2025-03-01 22:00:00,3446.5730282384247,3374.9245570327594,3448.907303710807
forecast_1439,2025-03-01 23:00:00,3417.2525461624527,3654.7862040041086,3189.347608616246
forecast_1440,2025-03-02 00:00:00,3464.296676738105,3731.9943925240937,3360.4136703823083
forecast_1441,2025-03-02 01:00:00,3980.2267699105364,3863.994196136396,4211.531690950932
forecast_1442,2025-03-02 02:00:00,4101.79469463654,3841.0987808884,3710.981833475761
forecast_1443,2025-03-02 03:00:00,4007.629854357095,4095.197503197665,3654.484945685553
forecast_1444,2025-03-02 04:00:00,3917.2547207339035,3814.4236246375917,3609.484086891929
forecast_1445,2025-03-02 05:00:00,4060.668081412361,3945.933341963033,3246.019372222074
forecast_1446,2025-03-02 06:00:00,3519.6271020138956,3225.538132947868,2942.399886685619
forecast_1447,2025-03-02 07:00:00,3528.148849886544,3497.686704101505,3470.964644598051
forecast_1448,2025-03-02 08:00:00,3426.0937085466644,3465.802817757852,3299.222148693989
forecast_1449,2025-03-02 09:00:00,3371.4500024285126,3441.2015849154777,2546.5519781258567
forecast_1450,2025-03-02 10:00:00,3872.986623525641,3646.746189204211,3412.8389907994624
forecast_1451,2025-03-02 11:00:00,3869.8949388504316,3908.077441693108,3501.4961557659403
forecast_1452,2025-03-02 12:00:00,4253.550722967087,4732.646313013863,3501.3332100969305
forecast_1453,2025-03-02 13:00:00,3941.822223066474,4712.606156226383,3757.7853261002797
forecast_1454,2025-03-02 14:00:00,3941.786031499496,5030.677400856191,3784.2111906519103
forecast_1455,2025-03-02 15:00:00,4036.105017061479,4399.271163668383,3990.695585543006
forecast_1456,2025-03-02 16:00:00,4352.284121910153,4636.978625427514,4149.562127159226
forecast_1457,2025-03-02 17:00:00,5608.229513293405,6302.827616459957,5511.152714654384
forecast_1458,2025-03-02 18:00:00,10137.692278286848,13258.507761251221,7075.198598790087
forecast_1459,2025-03-02 19:00:00,13321.98603661976,13025.24241639645,7594.403790304936
forecast_1460,2025-03-02 20:00:00,13619.511924689557,14552.976683938825,8273.054860718525
forecast_1461,2025-03-02 21:00:00,12157.094411942442,14766.062451294178,8600.21500264121
forecast_1462,2025-03-02 22:00:00,12808.782968215457,14681.204107209081,8911.886293909216
forecast_1463,2025-03-02 23:00:00,12311.496281860442,15097.994521855293,9459.754492739054
forecast_1464,2025-03-03 00:00:00,12899.808823829224,14866.185604582099,9499.786467436941
forecast_1465,2025-03-03 01:00:00,15371.645118464936,17074.089819589324,12171.132188105856
forecast_1466,2025-03-03 02:00:00,15451.459476101698,16020.775608842261,11791.836987660263
forecast_1467,2025-03-03 03:00:00,15140.0634421852,15735.797647661168,11357.735711836787
forecast_1468,2025-03-03 04:00:00,14902.432864594528,15830.894751507167,11359.821966425225
forecast_1469,2025-03-03 05:00:00,14799.470070260326,16458.79466659517,11747.09692527241
forecast_1470,2025-03-03 06:00:00,14528.496993178842,16983.96547202691,12499.092178419995
forecast_1471,2025-03-03 07:00:00,15355.581523591349,17199.160534512186,12775.258913270172
forecast_1472,2025-03-03 08:00:00,15287.021462478697,17514.489546708337,12607.146648960577
forecast_1473,2025-03-03 09:00:00,14333.791585442757,17019.671026604487,12627.566374502989
forecast_1474,2025-03-03 10:00:00,14143.183058589279,16952.05538884061,12588.713149877016
forecast_1475,2025-03-03 11:00:00,14349.682933380349,16538.086683094483,12384.142219756903
forecast_1476,2025-03-03 12:00:00,14154.477422615882,16260.323858627022,12099.628279589113
forecast_1477,2025-03-03 13:00:00,13886.882178804326,16013.985902240593,12529.752053560884
forecast_1478,2025-03-03 14:00:00,13721.712991087597,15937.435149146482,12933.838209423158
forecast_1479,2025-03-03 15:00:00,13691.304734651,16045.453182187539,12887.214103236422
forecast_1480,2025-03-03 16:00:00,14085.899153548213,16077.623898573771,13029.105144073721
forecast_1481,2025-03-03 17:00:00,14033.003192364262,15856.074380616328,11999.372573397359
forecast_1482,2025-03-03 18:00:00,15424.218108462303,15380.439795720302,12603.234333758272
forecast_1483,2025-03-03 19:00:00,13185.056238683012,15462.247255505317,12447.30217308271
forecast_1484,2025-03-03 20:00:00,13571.852461947656,15443.403374430773,12624.013505376677
forecast_1485,2025-03-03 21:00:00,13819.780457475565,16105.598540328358,12760.875396655792
forecast_1486,2025-03-03 22:00:00,15654.116124176096,16735.02911549401,13469.106814247518
forecast_1487,2025-03-03 23:00:00,15757.176028789172,16796.590296426155,13313.786508538005
forecast_1488,2025-03-04 00:00:00,15698.65492995107,16728.900393747084,13680.864067363922
forecast_1489,2025-03-04 01:00:00,14343.094131706659,16002.34928699649,13273.940432514275
forecast_1490,2025-03-04 02:00:00,14614.259018636183,15999.878230865683,12998.399981106204
forecast_1491,2025-03-04 03:00:00,13744.62131670722,16257.559655415756,12747.509000314225
forecast_1492,2025-03-04 04:00:00,13677.702433565613,16498.84363708499,12697.124385481246
forecast_1493,2025-03-04 05:00:00,13743.18405245581,16451.353073422753,12456.129051383592
forecast_1494,2025-03-04 06:00:00,13183.793840493567,16665.973599839348,11985.33738001572
forecast_1495,2025-03-04 07:00:00,13284.388691843002,16864.94651625657,12147.92910214408
forecast_1496,2025-03-04 08:00:00,13096.272117180375,16970.966740103548,12484.720774513025
forecast_1497,2025-03-04 09:00:00,13299.298679391506,17191.1708595246,12222.1896003173
forecast_1498,2025-03-04 10:00:00,13432.424926833726,16557.627866413863,11895.74644551344
forecast_1499,2025-03-04 11:00:00,13544.3228321086,16865.33208306601,11782.25802929095
forecast_1500,2025-03-04 12:00:00,13642.054307392198,16545.377536977856,11902.271634733363
forecast_1501,2025-03-04 13:00:00,13718.027735681151,15491.136988416807,12098.14536768872
forecast_1502,2025-03-04 14:00:00,13712.337136055232,15589.372760094813,12290.506911091272
forecast_1503,2025-03-04 15:00:00,13636.18733363479,16084.436189018463,12275.149743018457
forecast_1504,2025-03-04 16:00:00,13660.234487670261,16384.040335277536,12211.265379026952
forecast_1505,2025-03-04 17:00:00,14027.160434956351,16515.747036051867,12956.282266727143
forecast_1506,2025-03-04 18:00:00,13858.433601743005,16466.829688321257,13186.148403749368
forecast_1507,2025-03-04 19:00:00,14502.526841933362,16357.947772129895,13727.974345659282
forecast_1508,2025-03-04 20:00:00,14091.16352628348,16174.975061551604,13475.761559889126
forecast_1509,2025-03-04 21:00:00,13640.911262625303,16103.926539305081,13284.530830201244
forecast_1510,2025-03-04 22:00:00,13890.5421907857,16026.626983625065,13616.495106241857
forecast_1511,2025-03-04 23:00:00,13667.766992282373,15112.727759682544,13042.61410976539
forecast_1512,2025-03-05 00:00:00,12568.387497946278,15045.951665420316,12988.90778550069
forecast_1513,2025-03-05 01:00:00,9004.801124840806,7508.271800554844,5299.100239059839
forecast_1514,2025-03-05 02:00:00,6876.3070573456,6642.586429948854,4736.606051008944
forecast_1515,2025-03-05 03:00:00,5247.41190471878,5645.596865184199,4324.8463184952825
forecast_1516,2025-03-05 04:00:00,6153.841626336532,6206.262896720522,3962.6070447661937
forecast_1517,2025-03-05 05:00:00,5755.28534255851,6690.391097574115,3936.6312205503327
forecast_1518,2025-03-05 06:00:00,5346.23598611564,6861.178589488353,3930.3305380907436
forecast_1519,2025-03-05 07:00:00,5254.593059059199,6446.406331365605,3926.151103923571
forecast_1520,2025-03-05 08:00:00,4376.828257879818,5708.216534282063,3661.384551963024
forecast_1521,2025-03-05 09:00:00,4085.1411798705813,4354.463747356949,3583.7600978309206
forecast_1522,2025-03-05 10:00:00,3976.0053202440477,4733.447495681085,3619.056400983735
forecast_1523,2025-03-05 11:00:00,3837.3496921735596,4334.807696951642,3439.4411624511827
forecast_1524,2025-03-05 12:00:00,4032.211190732771,4100.310828883198,3853.7503204329837
forecast_1525,2025-03-05 13:00:00,3829.8929894183443,4299.377349970172,4065.049173998459
forecast_1526,2025-03-05 14:00:00,3823.00370087994,4236.396652915734,3255.9319672572215
forecast_1527,2025-03-05 15:00:00,3952.02061103654,4287.870162595079,3690.3759577404912
forecast_1528,2025-03-05 16:00:00,3631.2781294897563,4141.00675365471,3988.1308514754396
forecast_1529,2025-03-05 17:00:00,3826.1019815929667,4008.577345076166,3028.4055017701044
forecast_1530,2025-03-05 18:00:00,3302.05625565377,3757.8566526710256,2856.642180197242
forecast_1531,2025-03-05 19:00:00,3103.6036245524515,3481.465371981277,3305.7363551693443
forecast_1532,2025-03-05 20:00:00,3439.526588889211,3732.16173027392,3193.4850727053813
forecast_1533,2025-03-05 21:00:00,3458.594445059687,3579.717447486835,3357.774565867983
forecast_1534,2025-03-05 22:00:00,3449.4750401826727,3609.7639502065012,3291.9532501405365
forecast_1535,2025-03-05 23:00:00,3302.624935795992,3405.095017952714,3110.631791564318
forecast_1536,2025-03-06 00:00:00,3105.6227687957726,3418.4061026475197,3238.7390031633868
forecast_1537,2025-03-06 01:00:00,3492.5666477187715,3786.290742881772,3471.2761307397836
forecast_1538,2025-03-06 02:00:00,3300.0777965168522,3447.8332932784397,3214.7940453629767
forecast_1539,2025-03-06 03:00:00,3451.903883924159,3263.6531304613577,3142.770346845798
forecast_1540,2025-03-06 04:00:00,3543.361480236687,3675.6774136080203,3148.716335505532
forecast_1541,2025-03-06 05:00:00,3782.9698507907306,3761.88120045459,2950.2289813304865
forecast_1542,2025-03-06 06:00:00,3637.530626560161,3827.309334559891,2845.825866082231
forecast_1543,2025-03-06 07:00:00,3739.03208060381,3704.841129662103,2965.59787453943
forecast_1544,2025-03-06 08:00:00,3427.5214394507157,3590.6146720720167,1151.351320854213
forecast_1545,2025-03-06 09:00:00,3468.733559684304,3659.5600039382593,1137.41294291372
forecast_1546,2025-03-06 10:00:00,3377.4763443049956,3888.3027711482214,1119.6310315819696
forecast_1547,2025-03-06 11:00:00,2740.3017874946913,3725.1868401780353,1301.3538911587277
forecast_1548,2025-03-06 12:00:00,3017.7260075239988,4557.064606335616,1707.1512643929232
forecast_1549,2025-03-06 13:00:00,4228.335995317844,4610.674290616385,2479.9437892528836
forecast_1550,2025-03-06 14:00:00,4096.030137018718,4036.1574033996485,3191.343937670635
forecast_1551,2025-03-06 15:00:00,3211.4768660730547,3563.7729474586417,1992.9240228874196
forecast_1552,2025-03-06 16:00:00,3454.918102582237,3792.622451104377,2915.7053316454285
forecast_1553,2025-03-06 17:00:00,3687.504357548925,4584.41795783008,2919.5129929776435
forecast_1554,2025-03-06 18:00:00,3989.117534397455,3540.7404030396947,2932.9153516181973
forecast_1555,2025-03-06 19:00:00,4004.19008891655,4274.704351712853,3124.2944250974174
forecast_1556,2025-03-06 20:00:00,5163.308480784708,4572.830755709482,3987.491602186021
forecast_1557,2025-03-06 21:00:00,3229.1199923576423,3071.4289482380123,5261.313816302898
forecast_1558,2025-03-06 22:00:00,2964.982092750634,3157.948880984362,2780.3930120774394
forecast_1559,2025-03-06 23:00:00,3685.3189963840023,3708.1850512909173,3492.2211755436456
forecast_1560,2025-03-07 00:00:00,3463.430101009347,3624.1790229950525,3237.2598962089705
forecast_1561,2025-03-07 01:00:00,4044.1787054470265,4128.6858779899085,4611.747431546024
forecast_1562,2025-03-07 02:00:00,3489.3978136238943,3543.69857959208,5365.382673814673
forecast_1563,2025-03-07 03:00:00,2596.049478004484,3134.3697600163596,3568.486072011104
forecast_1564,2025-03-07 04:00:00,2785.1057852504714,3123.901019691945,3696.36395783846
forecast_1565,2025-03-07 05:00:00,3218.4031870389435,3428.7418877109035,2357.859831939045
forecast_1566,2025-03-07 06:00:00,3235.6184119433033,3349.147042097671,1724.9240776120819
forecast_1567,2025-03-07 07:00:00,2695.910861477608,3356.753632656939,5.486745576569935
forecast_1568,2025-03-07 08:00:00,3605.2580041864853,3499.089504226685,656.2799766944291
forecast_1569,2025-03-07 09:00:00,3759.006156425833,4144.364433956525,653.5319020830667
forecast_1570,2025-03-07 10:00:00,3698.998538877681,3279.2997925385516,1659.741984033832
forecast_1571,2025-03-07 11:00:00,3935.6882494258025,3649.120284757643,1718.1970371812085
forecast_1572,2025-03-07 12:00:00,3873.542718545864,3899.2792210514535,2462.7168582983263
forecast_1573,2025-03-07 13:00:00,0.0,0.0,5.062522033561808
forecast_1574,2025-03-07 14:00:00,2297.969239373604,1712.1464419090255,1439.6663230695015
forecast_1575,2025-03-07 15:00:00,5314.255651931392,4912.765758441461,4292.507262967935
forecast_1576,2025-03-07 16:00:00,4646.736889053513,4591.266603063689,6418.5305401491405
forecast_1577,2025-03-07 17:00:00,4465.2945376046455,3828.9643951844423,4631.00706259994
forecast_1578,2025-03-07 18:00:00,5029.05471287295,6396.684680813099,4858.849189915109
forecast_1579,2025-03-07 19:00:00,5296.526846225212,5619.685467497032,5573.736193413292
forecast_1580,2025-03-07 20:00:00,3909.053360625854,4538.193324930348,5495.091493815399
forecast_1581,2025-03-07 21:00:00,3663.0871948428044,3590.742809276352,4056.037564975176
forecast_1582,2025-03-07 22:00:00,3784.4006287260145,3804.895407373369,3471.09374908169
forecast_1583,2025-03-07 23:00:00,3845.7293991048955,3727.625714180727,3401.117340479095
forecast_1584,2025-03-08 00:00:00,3930.9968336709235,3901.6373693954406,3381.433638352697
forecast_1585,2025-03-08 01:00:00,4102.6566261507405,4311.957709856794,3637.536129241402
forecast_1586,2025-03-08 02:00:00,4284.093027090585,4679.699226827925,3576.0943882165516
forecast_1587,2025-03-08 03:00:00,4190.0692144146005,4988.119564075773,3799.6509836486343
forecast_1588,2025-03-08 04:00:00,4508.823786412965,5117.443565792354,3662.679475798703
forecast_1589,2025-03-08 05:00:00,4872.203042015507,5517.027163724403,3804.790646067488
forecast_1590,2025-03-08 06:00:00,5500.329751518872,5803.650243745972,3773.7000695720885
forecast_1591,2025-03-08 07:00:00,6110.747052850764,6271.423370399027,3909.336748190826
forecast_1592,2025-03-08 08:00:00,5898.267721166602,6132.042687492553,4089.6923961470916
forecast_1593,2025-03-08 09:00:00,5826.942963016004,6016.230108418031,4128.323371788894
forecast_1594,2025-03-08 10:00:00,5837.9415732208845,6381.904042018623,5138.965062087098
forecast_1595,2025-03-08 11:00:00,5703.526661271961,6046.378725521746,5609.520404928146
forecast_1596,2025-03-08 12:00:00,5299.41634416743,5568.996339426312,4561.891548791685
forecast_1597,2025-03-08 13:00:00,5912.710928505214,5993.412033007854,5105.303913402726
forecast_1598,2025-03-08 14:00:00,6052.007207006593,5824.508010820584,5869.764802658101
forecast_1599,2025-03-08 15:00:00,6556.3902342599895,6517.213954466065,6297.885872168653
forecast_1600,2025-03-08 16:00:00,7188.9583945904305,7271.89268623669,6417.18575617106
forecast_1601,2025-03-08 17:00:00,7889.979170897776,7936.742656352046,6559.596292989142
forecast_1602,2025-03-08 18:00:00,8860.779132913856,9136.509104452562,7338.39778517616
forecast_1603,2025-03-08 19:00:00,9281.088232587414,9704.582368813119,7523.19220607239
forecast_1604,2025-03-08 20:00:00,10135.384659695887,11103.65831666858,8262.612145421836
forecast_1605,2025-03-08 21:00:00,10577.625319196499,12446.43292242869,8167.469145188257
forecast_1606,2025-03-08 22:00:00,10876.270094836987,11741.159549831045,9427.052707144043
forecast_1607,2025-03-08 23:00:00,9607.407797579286,10571.410805041409,8117.972283184202
forecast_1608,2025-03-09 00:00:00,9614.259224871397,10337.257413181198,8278.315272055526
forecast_1609,2025-03-09 01:00:00,7477.184250328648,7422.656273760052,5712.928947059369
forecast_1610,2025-03-09 02:00:00,6923.550965698554,6994.4613000053605,5455.587686065638
forecast_1611,2025-03-09 03:00:00,6798.223647451409,6554.782210390363,4856.831409015036
forecast_1612,2025-03-09 04:00:00,5500.615882641504,5193.051951468026,4085.724882113813
forecast_1613,2025-03-09 05:00:00,4916.864662065597,4579.091580021499,3888.990478905005
forecast_1614,2025-03-09 06:00:00,4484.089414458282,4045.2424867179366,3780.37622961464
forecast_1615,2025-03-09 07:00:00,3993.9626028547473,3764.825171136553,3810.1670463376972
forecast_1616,2025-03-09 08:00:00,3794.009599627196,3874.19834516002,3289.979178469764
forecast_1617,2025-03-09 09:00:00,3830.7526681211343,3576.914089452867,3076.102419688223
forecast_1618,2025-03-09 10:00:00,3035.0257427818074,3300.4956354833716,118.6158030926586
forecast_1619,2025-03-09 11:00:00,3037.2859540790446,3425.621262774048,1147.72217075686
forecast_1620,2025-03-09 12:00:00,2112.5049690213646,2084.057521342284,3.1751082228884075
forecast_1621,2025-03-09 13:00:00,2600.609002845869,3439.982782496497,15.776170833901542
forecast_1622,2025-03-09 14:00:00,2378.0961442125017,3301.592039185721,46.43578052507955
forecast_1623,2025-03-09 15:00:00,3119.6594040347336,3479.6220219653487,48.297881823705396
forecast_1624,2025-03-09 16:00:00,2797.085821248853,2551.577828197385,1839.342670313414
forecast_1625,2025-03-09 17:00:00,2993.219272692212,2848.877026685646,1789.2003829336131
forecast_1626,2025-03-09 18:00:00,5081.555715004181,4411.165960495147,3874.1836622110122
forecast_1627,2025-03-09 19:00:00,6303.805953552621,6758.31887325006,5465.2629388891155
forecast_1628,2025-03-09 20:00:00,4695.889007827218,6146.439531352055,4193.046565348452
forecast_1629,2025-03-09 21:00:00,4287.303468367525,6253.987670714724,5915.927082341496
forecast_1630,2025-03-09 22:00:00,4523.037957646436,5756.586554134273,5912.218383199578
forecast_1631,2025-03-09 23:00:00,3429.732766415754,3450.3395894510627,3395.091631136625
forecast_1632,2025-03-10 00:00:00,3486.265596114519,3536.764090009445,3328.12205137639
forecast_1633,2025-03-10 01:00:00,4602.470532922574,4765.827685011816,3748.3736383385535
forecast_1634,2025-03-10 02:00:00,5821.0162914943385,6322.618620550046,3826.9929326499955
forecast_1635,2025-03-10 03:00:00,6705.333174090789,7031.221267715122,4346.845772806865
forecast_1636,2025-03-10 04:00:00,7061.420670658528,7172.795002872965,4472.484554346467
forecast_1637,2025-03-10 05:00:00,6637.75328138661,7622.24644683926,4349.517125548982
forecast_1638,2025-03-10 06:00:00,7617.860960991555,7687.221262585384,4526.906719712768
forecast_1639,2025-03-10 07:00:00,7852.1072906496565,7779.443722203981,4702.616675557281
forecast_1640,2025-03-10 08:00:00,7613.0488294435445,7561.8825602535635,4473.608905194737
forecast_1641,2025-03-10 09:00:00,4915.27856931955,4781.971953047599,3797.6201109956355
forecast_1642,2025-03-10 10:00:00,3949.7098852397025,4052.407738993578,3524.1920520386793
forecast_1643,2025-03-10 11:00:00,3608.1241187052738,3525.18945217895,3517.64319390351
forecast_1644,2025-03-10 12:00:00,3640.312505381193,3491.298788252653,3589.516853576991
forecast_1645,2025-03-10 13:00:00,3855.0795478495706,3906.51196107149,3527.9197804438313
forecast_1646,2025-03-10 14:00:00,4385.594840419194,4250.816264051856,3812.9764331921892
forecast_1647,2025-03-10 15:00:00,4063.622552905841,4165.319350971971,4452.133789848253
forecast_1648,2025-03-10 16:00:00,4111.657065386592,4163.9649291917685,4164.772634632687
forecast_1649,2025-03-10 17:00:00,4772.930059143028,4646.510458336043,4086.6425612710345
forecast_1650,2025-03-10 18:00:00,5485.386455077552,5725.290381653165,4344.111109560355
forecast_1651,2025-03-10 19:00:00,6432.182290348419,6784.422381254854,5017.796827842273
forecast_1652,2025-03-10 20:00:00,7732.715093026984,7906.548675155387,6065.083555785851
forecast_1653,2025-03-10 21:00:00,9045.348970071787,9738.736102595289,7922.596968081468
forecast_1654,2025-03-10 22:00:00,11151.675245530214,11969.218814848804,10202.725069313388
forecast_1655,2025-03-10 23:00:00,13317.207309856329,14111.614211850201,12414.94182803188
forecast_1656,2025-03-11 00:00:00,14660.845401584638,15796.437442112847,15178.839960434216
forecast_1657,2025-03-11 01:00:00,18063.315280735304,18307.56695613719,15443.434188229814
forecast_1658,2025-03-11 02:00:00,17948.30899757259,18184.65708428375,14703.847088395172
forecast_1659,2025-03-11 03:00:00,17938.642465892,18287.436387695103,15056.110201253254
forecast_1660,2025-03-11 04:00:00,18257.488079689876,18414.831851842308,15862.505235745428
forecast_1661,2025-03-11 05:00:00,19086.626049479954,18515.692424195095,15694.77180631721
forecast_1662,2025-03-11 06:00:00,17999.563743134626,17295.607011358967,13319.177966069288
forecast_1663,2025-03-11 07:00:00,13732.38523343197,13305.13462382622,10660.069531455434
forecast_1664,2025-03-11 08:00:00,8562.73933367721,8279.706131067573,6216.8569980869115
forecast_1665,2025-03-11 09:00:00,4845.749339998468,4480.5314440590155,3860.862597654537
forecast_1666,2025-03-11 10:00:00,4119.509414853432,4022.5072238117086,3298.1689483918094
forecast_1667,2025-03-11 11:00:00,3854.545937570384,3833.14999876668,3256.601799666937
forecast_1668,2025-03-11 12:00:00,3963.9449402376154,3580.0960982175534,3134.782842731745
forecast_1669,2025-03-11 13:00:00,3392.7301678054982,3407.6522438602065,2695.8927261483946
forecast_1670,2025-03-11 14:00:00,3289.841054562466,3356.631917415059,2833.8498397295175
forecast_1671,2025-03-11 15:00:00,3750.616896063443,3260.8700202470413,3051.07168854135
forecast_1672,2025-03-11 16:00:00,3693.9451334423534,3767.8850403925335,3361.4550857028944
forecast_1673,2025-03-11 17:00:00,3482.88119712569,3590.056726894042,3387.879113221617
forecast_1674,2025-03-11 18:00:00,4092.5137837912266,4379.098917153493,3480.5316982452614
forecast_1675,2025-03-11 19:00:00,5875.37105848202,5710.30418370954,3816.4270934989404
forecast_1676,2025-03-11 20:00:00,8369.822581751843,8449.215111268222,5255.202704506345
forecast_1677,2025-03-11 21:00:00,9355.909911071813,10345.617051334177,6729.221747554659
forecast_1678,2025-03-11 22:00:00,12129.430395789643,12912.302336502997,8482.431724928978
forecast_1679,2025-03-11 23:00:00,16030.64439714624,15931.380943168022,11603.798471347902
forecast_1680,2025-03-12 00:00:00,16732.159070962884,17131.570628543283,13753.495815842198
forecast_1681,2025-03-12 01:00:00,14879.178185401097,16240.802117572817,10629.658144708963
forecast_1682,2025-03-12 02:00:00,13574.914020049573,15067.617127890428,10269.193064292846
forecast_1683,2025-03-12 03:00:00,14784.080346541321,15801.543795511845,10547.870062357852
forecast_1684,2025-03-12 04:00:00,15731.071630316263,16747.411810582355,12423.246196998258
forecast_1685,2025-03-12 05:00:00,17880.22754699941,18321.99998852172,15400.583765835754
forecast_1686,2025-03-12 06:00:00,18079.9975728709,19110.073975245854,15574.486928812605
forecast_1687,2025-03-12 07:00:00,18492.043844542724,19006.932862994734,16458.819506466843
forecast_1688,2025-03-12 08:00:00,19913.112785098372,19550.616896704818,16815.772941013358
forecast_1689,2025-03-12 09:00:00,19731.23226684306,19014.817594535838,17033.682735330876
forecast_1690,2025-03-12 10:00:00,17488.88309608428,17884.55586004395,16905.127034429363
forecast_1691,2025-03-12 11:00:00,15875.589746353411,16595.961318342255,16181.554997388506
forecast_1692,2025-03-12 12:00:00,15736.50925961503,16765.120721802185,14886.58089542654
forecast_1693,2025-03-12 13:00:00,15847.654536721826,16230.849623929398,14872.434032858111
forecast_1694,2025-03-12 14:00:00,16287.475913158538,17142.485518332454,15174.932333058248
forecast_1695,2025-03-12 15:00:00,17151.190261128893,18008.663044541798,16140.222632481862
forecast_1696,2025-03-12 16:00:00,18034.433854135143,19542.631345819293,17076.22281124327
forecast_1697,2025-03-12 17:00:00,18830.09451136674,19890.417147495533,17501.441596598805
forecast_1698,2025-03-12 18:00:00,18560.216305751597,19885.371508529068,17045.578650970678
forecast_1699,2025-03-12 19:00:00,18125.11894882306,18347.45147027939,14997.442604789534
forecast_1700,2025-03-12 20:00:00,16751.948763483244,16958.845386980003,13348.49825411177
forecast_1701,2025-03-12 21:00:00,14737.920619206461,15600.842785396735,11407.66872571421
forecast_1702,2025-03-12 22:00:00,13301.900925822752,14903.102508132406,11091.33082037259
forecast_1703,2025-03-12 23:00:00,13155.11366556933,14594.8337605742,11344.15200199844
forecast_1704,2025-03-13 00:00:00,12883.977841765585,14447.081654745658,11487.757409829763
forecast_1705,2025-03-13 01:00:00,14519.695098213911,14961.92282949685,11633.570168902615
forecast_1706,2025-03-13 02:00:00,13047.708036039094,15475.97393586063,11911.45743933901
forecast_1707,2025-03-13 03:00:00,12838.457748032153,15443.737459672384,12060.962707093522
forecast_1708,2025-03-13 04:00:00,14684.060615834758,16360.598579523528,12912.11853672048
forecast_1709,2025-03-13 05:00:00,16147.204403187987,16477.539397769622,12584.446866299164
forecast_1710,2025-03-13 06:00:00,14470.000489262942,15554.493369383268,11332.124065943282
forecast_1711,2025-03-13 07:00:00,11800.683373991309,13272.551798925097,8415.214238114939
forecast_1712,2025-03-13 08:00:00,10951.402330180186,11927.589332120191,6982.367705097913
forecast_1713,2025-03-13 09:00:00,9190.937274963475,9317.162651570694,6003.685426727807
forecast_1714,2025-03-13 10:00:00,7216.625130507556,7327.17641038656,4784.241566048218
forecast_1715,2025-03-13 11:00:00,4844.354545243925,4978.920621719774,3827.7067292391844
forecast_1716,2025-03-13 12:00:00,4801.2232038484635,5149.658510756034,3961.9930306758492
forecast_1717,2025-03-13 13:00:00,4409.860827425422,4452.156349977349,3633.7589437793376
forecast_1718,2025-03-13 14:00:00,4053.959970919349,3732.2938569264825,3468.08721189852
forecast_1719,2025-03-13 15:00:00,3625.4581930632708,3427.3292850596795,3010.5821585408835
forecast_1720,2025-03-13 16:00:00,3492.5086805816795,3245.9115601022013,2920.024249799741
forecast_1721,2025-03-13 17:00:00,3540.4360306055773,3801.3851102642743,2854.3257567835485
forecast_1722,2025-03-13 18:00:00,4577.547162398619,4631.081774987164,4380.752232458257
forecast_1723,2025-03-13 19:00:00,3893.3070111974944,4105.11128691687,3995.623134788247
forecast_1724,2025-03-13 20:00:00,3530.962682817594,3545.9657440834844,3741.142152581503
forecast_1725,2025-03-13 21:00:00,4088.17732414143,4075.1338521947964,3472.8569838837666
forecast_1726,2025-03-13 22:00:00,3824.4696234201497,3724.3814725707707,3645.8275379920024
forecast_1727,2025-03-13 23:00:00,3887.6620029609776,3892.7443829604895,3839.048664163397
forecast_1728,2025-03-14 00:00:00,4588.361867954368,3945.5371770335096,3770.7853666836
forecast_1729,2025-03-14 01:00:00,3521.9636238732514,3383.101917161158,3422.5353130731205
forecast_1730,2025-03-14 02:00:00,3614.112685721099,3404.477821420535,3167.0026476796183
forecast_1731,2025-03-14 03:00:00,3533.6423127309463,3487.365211110889,3021.665933517048
forecast_1732,2025-03-14 04:00:00,3320.9724897955107,3470.9930989119703,2979.0958399206515
forecast_1733,2025-03-14 05:00:00,3255.205588932243,3465.295067287065,3415.496722296678
forecast_1734,2025-03-14 06:00:00,3377.09348029166,3509.3041419410165,3244.5161573699324
forecast_1735,2025-03-14 07:00:00,3164.0104597167524,3234.192393789804,3290.783377766644
forecast_1736,2025-03-14 08:00:00,3859.866593145881,3359.692606322005,3520.270329155707
forecast_1737,2025-03-14 09:00:00,4212.002025625919,3836.2135945765394,3500.202060377997
forecast_1738,2025-03-14 10:00:00,3465.4943334469185,3285.759145814789,3620.033735192938
forecast_1739,2025-03-14 11:00:00,3660.941517810979,3422.2949015480476,3710.2752673394807
forecast_1740,2025-03-14 12:00:00,3439.085297504263,3526.75496774388,3333.4337768430273
forecast_1741,2025-03-14 13:00:00,3574.443297211037,3419.9892330075577,3317.6508653964356
forecast_1742,2025-03-14 14:00:00,3683.403905279469,3575.120458200915,3305.181167585463
forecast_1743,2025-03-14 15:00:00,3644.962845076232,3546.136050587571,3368.230453909458
forecast_1744,2025-03-14 16:00:00,3603.1051001413025,3549.8300066546453,3440.1506237440553
forecast_1745,2025-03-14 17:00:00,3297.1916330668314,3350.1083475852324,3392.330330954185
forecast_1746,2025-03-14 18:00:00,3018.972395254373,3443.706545774704,3085.133999090266
forecast_1747,2025-03-14 19:00:00,3271.6596191481826,3222.905497441677,2621.3702618107577
forecast_1748,2025-03-14 20:00:00,3459.6508424938074,3457.6742621522717,2720.892799219197
forecast_1749,2025-03-14 21:00:00,3593.6927213170056,3491.7058488766716,2800.1926429428695
forecast_1750,2025-03-14 22:00:00,3489.528367860604,3355.4133226852227,2740.8886224970274
forecast_1751,2025-03-14 23:00:00,3680.890036549697,3407.6307527394692,3200.433661669684
forecast_1752,2025-03-15 00:00:00,3739.959928235566,3593.044649469702,3328.9250528417383
forecast_1753,2025-03-15 01:00:00,4885.9411917407815,4356.976701755269,3458.7727053809344
forecast_1754,2025-03-15 02:00:00,4652.992886374832,4642.76150184939,3567.7339727676813
forecast_1755,2025-03-15 03:00:00,4359.301711669844,4672.376052854645,3477.3980870798714
forecast_1756,2025-03-15 04:00:00,4854.655021165472,4274.582189816186,3547.84354873621
forecast_1757,2025-03-15 05:00:00,4425.298826799597,4741.467054459083,3520.7779092926316
forecast_1758,2025-03-15 06:00:00,4688.466935353028,5121.945675656491,3794.856140602695
forecast_1759,2025-03-15 07:00:00,4392.481813801165,5270.525638331383,3938.375986350375
forecast_1760,2025-03-15 08:00:00,4641.029403561325,5083.077044792411,4282.406631643677
forecast_1761,2025-03-15 09:00:00,5318.748130143007,5822.963531953239,5072.727046791921
forecast_1762,2025-03-15 10:00:00,5172.460352603585,5555.45167589772,6122.502291438804
forecast_1763,2025-03-15 11:00:00,5003.488667003972,5308.577185306828,5495.839774610989
forecast_1764,2025-03-15 12:00:00,4208.029790344966,4481.246495841467,4301.302101954378
forecast_1765,2025-03-15 13:00:00,3787.834201093286,4183.9850281436975,3914.5677291395605
forecast_1766,2025-03-15 14:00:00,4013.1938153998567,4870.9199139952025,3801.597914434067
forecast_1767,2025-03-15 15:00:00,3741.822783132838,4184.905576107796,3715.1359084866353
forecast_1768,2025-03-15 16:00:00,3245.9956126695442,3874.2738461464173,3164.6869442443394
forecast_1769,2025-03-15 17:00:00,3413.4596673284486,3767.0036401034813,3205.7639298207664
forecast_1770,2025-03-15 18:00:00,3433.8204955223587,3842.508749601603,3096.913753003091
forecast_1771,2025-03-15 19:00:00,3531.5025849280264,3735.8366389116,3267.048895661064
forecast_1772,2025-03-15 20:00:00,3753.2137578417282,3943.727133084537,3215.162627154411
forecast_1773,2025-03-15 21:00:00,3896.992142044158,4378.056544940855,3492.703764855906
forecast_1774,2025-03-15 22:00:00,4256.597527770007,4292.73689087733,3526.8085375781075
forecast_1775,2025-03-15 23:00:00,3885.9173611413034,4041.4057608652015,3270.893553386115
forecast_1776,2025-03-16 00:00:00,3703.1711015882706,4044.991439136609,3268.1657514303056
forecast_1777,2025-03-16 01:00:00,3577.784824594992,3642.2992726103325,2938.821571286215
forecast_1778,2025-03-16 02:00:00,3616.8091147679575,3545.3321873227205,2956.9689705965448
forecast_1779,2025-03-16 03:00:00,3782.2340236715054,3663.7278536959884,3215.0835753713377
forecast_1780,2025-03-16 04:00:00,3863.924479793569,3728.4122448904427,3863.71488283108
forecast_1781,2025-03-16 05:00:00,3719.458181243776,3474.4086829414523,4003.0747453860986
forecast_1782,2025-03-16 06:00:00,3518.654341214356,3207.13166009743,2293.482634726305
forecast_1783,2025-03-16 07:00:00,3346.3396156030954,3601.956542879819,2900.1823898047037
forecast_1784,2025-03-16 08:00:00,4671.410892590179,3739.14692544843,3447.537331221597
forecast_1785,2025-03-16 09:00:00,3807.126167721615,3724.572266774588,3528.5529487400463
forecast_1786,2025-03-16 10:00:00,3944.5106905093194,3471.6506844975734,2437.6015209806706
forecast_1787,2025-03-16 11:00:00,4325.329244547381,3736.4150261788322,4133.586510090382
forecast_1788,2025-03-16 12:00:00,4987.841544950268,4545.7748368495195,3891.8688869378475
forecast_1789,2025-03-16 13:00:00,3119.000976102567,3145.344009446825,3148.2155298042894
forecast_1790,2025-03-16 14:00:00,3395.0551608118326,3543.476813491061,3786.9536341124435
forecast_1791,2025-03-16 15:00:00,4712.0701064481,4970.427342554072,4021.1176467325995
forecast_1792,2025-03-16 16:00:00,7549.370658500464,6997.240902194511,4976.06208927678
forecast_1793,2025-03-16 17:00:00,9389.788836886348,8982.443447343401,6348.764498948891
forecast_1794,2025-03-16 18:00:00,12402.993141145442,12600.18760769755,7045.980009839006
forecast_1795,2025-03-16 19:00:00,13301.400170295774,13968.381575940668,8234.495235298202
forecast_1796,2025-03-16 20:00:00,12714.781804674003,13111.535867485725,10270.569306121459
forecast_1797,2025-03-16 21:00:00,12783.110142512864,13818.85521303772,10859.226487642174
forecast_1798,2025-03-16 22:00:00,11928.487154676388,14086.603448509346,9716.001952337927
forecast_1799,2025-03-16 23:00:00,10745.034805038067,11096.52351399205,8318.110699849502
forecast_1800,2025-03-17 00:00:00,8659.62546918888,9455.617476118276,7240.206518024284
forecast_1801,2025-03-17 01:00:00,11901.830113693048,14095.054123186746,9246.92774186456
forecast_1802,2025-03-17 02:00:00,11324.268341332869,12766.923233022115,9185.100750287358
forecast_1803,2025-03-17 03:00:00,10534.057689854473,11021.897406187489,8911.58260397262
forecast_1804,2025-03-17 04:00:00,9828.529681437129,11050.693263868852,8476.781550391934
forecast_1805,2025-03-17 05:00:00,8101.336536939269,8229.75771611096,5906.157552999725
forecast_1806,2025-03-17 06:00:00,6893.916339218327,6867.885104867749,5373.719809081355
forecast_1807,2025-03-17 07:00:00,6377.612049180029,6257.188867604623,4099.8489408053265
forecast_1808,2025-03-17 08:00:00,4616.435844651729,4682.965054393527,3630.4084375612656
forecast_1809,2025-03-17 09:00:00,4080.334656022181,3944.761024748333,3605.2395303361945
forecast_1810,2025-03-17 10:00:00,4110.122609510631,3856.690902647911,3509.633620529968
forecast_1811,2025-03-17 11:00:00,4041.4478599988524,3809.9356714690794,3535.9026217811293
forecast_1812,2025-03-17 12:00:00,5170.589341246536,5184.156991813708,4069.286657964709
forecast_1813,2025-03-17 13:00:00,7130.819537783015,6981.549137583522,5511.429795664785
forecast_1814,2025-03-17 14:00:00,8827.275091602723,8965.74111410245,8106.606905331681
forecast_1815,2025-03-17 15:00:00,9628.147846281132,9334.264096091962,8659.504815301303
forecast_1816,2025-03-17 16:00:00,9760.118846979358,9621.565021583698,8568.582591111766
forecast_1817,2025-03-17 17:00:00,9105.24974919912,8906.18061262697,7894.854020908073
forecast_1818,2025-03-17 18:00:00,8446.76462927711,8137.262304327507,7111.023585907386
forecast_1819,2025-03-17 19:00:00,8253.708186846145,8024.152691992577,6787.0867669477775
forecast_1820,2025-03-17 20:00:00,8825.965392114715,8803.71827462897,7603.914479944522
forecast_1821,2025-03-17 21:00:00,9119.857024455927,10635.568584874352,9005.311607732147
forecast_1822,2025-03-17 22:00:00,9862.365436743166,10174.58775646302,9472.471409030202
forecast_1823,2025-03-17 23:00:00,8809.800667638647,9385.435901735851,7843.104179171257
forecast_1824,2025-03-18 00:00:00,7817.76715195768,8510.709147433738,7234.44508580005
forecast_1825,2025-03-18 01:00:00,6531.630236976,7215.776682024329,4992.311014607012
forecast_1826,2025-03-18 02:00:00,5902.400726156131,6407.308368609775,4526.376535303836
forecast_1827,2025-03-18 03:00:00,4618.018365014627,5043.595386668312,3868.2902719674867
forecast_1828,2025-03-18 04:00:00,4690.9553198355425,4349.313261158566,3779.9201649161287
forecast_1829,2025-03-18 05:00:00,4853.084319695398,5008.515475568188,3898.90342251338
forecast_1830,2025-03-18 06:00:00,3978.7351530707183,4088.9847851851605,3531.065620825659
forecast_1831,2025-03-18 07:00:00,3761.115837488274,3568.776236343579,3546.419840912925
forecast_1832,2025-03-18 08:00:00,3497.2444007803424,3457.444885964753,3296.9397680543575
forecast_1833,2025-03-18 09:00:00,3709.0640300198297,3487.977683239275,3305.1440796586517
forecast_1834,2025-03-18 10:00:00,3705.549743656139,3485.9750011184296,3280.9500149392065
forecast_1835,2025-03-18 11:00:00,3633.488912685746,3363.904284623148,3095.6596265325584
forecast_1836,2025-03-18 12:00:00,3876.559501305611,3646.004821437571,3088.3799206401522
forecast_1837,2025-03-18 13:00:00,3889.116612169475,3729.83107971046,3174.271198925474
forecast_1838,2025-03-18 14:00:00,4050.8324679487387,4030.6154666868683,3436.2045654338526
forecast_1839,2025-03-18 15:00:00,5597.5147854712795,4850.052696990563,3805.2843803365713
forecast_1840,2025-03-18 16:00:00,9731.79370435668,8526.038060030392,6256.551692842608
forecast_1841,2025-03-18 17:00:00,10257.171792629091,11238.276228396493,8533.206436173858
forecast_1842,2025-03-18 18:00:00,12186.932344552835,13239.042473694957,10351.93886969197
forecast_1843,2025-03-18 19:00:00,12397.649002940285,14706.631924363981,10180.413469868623
forecast_1844,2025-03-18 20:00:00,11972.22419432311,13904.101557727114,9692.982068229254
forecast_1845,2025-03-18 21:00:00,11420.046785883018,11916.896920960067,7992.523750286147
forecast_1846,2025-03-18 22:00:00,8409.82338721107,8830.645429809216,5765.248435849759
forecast_1847,2025-03-18 23:00:00,6440.210330875357,6438.023225836698,4476.169615842985
forecast_1848,2025-03-19 00:00:00,5082.120903765374,5413.251300847765,3901.6059518388306
forecast_1849,2025-03-19 01:00:00,3902.9563670446882,3883.9483964490933,3343.1898911646754
forecast_1850,2025-03-19 02:00:00,4151.590370372914,4029.788350299066,3366.8863633409437
forecast_1851,2025-03-19 03:00:00,4299.05521529792,4081.5632506722836,3413.3083366533897
forecast_1852,2025-03-19 04:00:00,4050.1156898648046,4089.2755166907577,3392.09334005858
forecast_1853,2025-03-19 05:00:00,3834.07396706539,3848.8550320524196,3388.728307596482
forecast_1854,2025-03-19 06:00:00,4020.832567400882,3912.2527500614765,3526.487974349378
forecast_1855,2025-03-19 07:00:00,4047.6566338571433,4075.7478977123446,3444.9416134778917
forecast_1856,2025-03-19 08:00:00,4301.819107338049,4064.130701780619,3613.6726113902387
forecast_1857,2025-03-19 09:00:00,4650.843831847732,4720.419738968035,3993.3168071737155
forecast_1858,2025-03-19 10:00:00,5623.845927304582,5845.154326299257,5545.914962695432
forecast_1859,2025-03-19 11:00:00,5134.577862637475,5177.632060818777,5356.511037719278
forecast_1860,2025-03-19 12:00:00,6137.294859967473,5837.038167771834,5392.427908001374
forecast_1861,2025-03-19 13:00:00,6687.692740753727,6402.8987091540575,5698.907375175469
forecast_1862,2025-03-19 14:00:00,7196.243091739307,7121.423240539076,6766.428770963469
forecast_1863,2025-03-19 15:00:00,7848.134212984317,7643.165204738385,7060.2761685146625
forecast_1864,2025-03-19 16:00:00,8299.97428693925,8195.433907298377,7436.801697084911
forecast_1865,2025-03-19 17:00:00,8249.696275436529,8242.254251342452,7177.771525754614
forecast_1866,2025-03-19 18:00:00,8849.458528767205,8984.636333722698,8059.224752775371
forecast_1867,2025-03-19 19:00:00,11196.325057024285,10756.499396173052,8989.019200280127
forecast_1868,2025-03-19 20:00:00,12342.82292993629,12570.836276243383,10516.2464146214
forecast_1869,2025-03-19 21:00:00,14166.340048518863,14945.75689024005,11913.176725109637
forecast_1870,2025-03-19 22:00:00,15118.734592974355,16938.56929327264,12774.465068391457
forecast_1871,2025-03-19 23:00:00,15761.0420712543,17455.502189505773,13937.069880701716
forecast_1872,2025-03-20 00:00:00,16692.31755357912,17491.337730169995,13657.724556751315
forecast_1873,2025-03-20 01:00:00,18813.996933443028,19883.80744435155,16519.597809756895
forecast_1874,2025-03-20 02:00:00,19150.694408185744,19930.10600933833,16546.26676165566
forecast_1875,2025-03-20 03:00:00,19767.838625867626,19976.523797058195,16875.298698664523
forecast_1876,2025-03-20 04:00:00,19881.04730578192,20224.151457960714,17002.110367317266
forecast_1877,2025-03-20 05:00:00,19882.195488686266,20196.281573720138,17316.549317268167
forecast_1878,2025-03-20 06:00:00,20003.33012060433,20289.004207919566,18250.83212299325
forecast_1879,2025-03-20 07:00:00,19887.71966906642,20313.802126534396,18385.363279080913
forecast_1880,2025-03-20 08:00:00,19668.51359292474,20252.361187327046,18363.100848849306
forecast_1881,2025-03-20 09:00:00,18751.224260728533,20027.278019936064,17471.967315905375
forecast_1882,2025-03-20 10:00:00,18173.615143406238,19919.780858116283,16749.35667875393
forecast_1883,2025-03-20 11:00:00,16617.787543216145,18962.547317182387,16783.92709302439
forecast_1884,2025-03-20 12:00:00,15840.589943524035,17902.7048643677,16452.31042618463
forecast_1885,2025-03-20 13:00:00,16186.694061625682,17378.814981363994,16561.96727876297
forecast_1886,2025-03-20 14:00:00,16731.02501716443,17645.82728267813,16734.172923300303
forecast_1887,2025-03-20 15:00:00,17177.443630284633,17953.264952757334,17097.729845293303
forecast_1888,2025-03-20 16:00:00,17514.258306733605,19148.631142319242,17649.411495620778
forecast_1889,2025-03-20 17:00:00,17963.679674567873,19805.877383460116,18007.79412539107
forecast_1890,2025-03-20 18:00:00,18043.659300128693,19892.258683592463,18420.285007015147
forecast_1891,2025-03-20 19:00:00,18122.335830060547,19893.943429744744,18609.91591483919
forecast_1892,2025-03-20 20:00:00,19202.378529231217,19903.847928755516,19346.88575289436
forecast_1893,2025-03-20 21:00:00,19842.120225769562,19944.44676530145,19341.09865412871
forecast_1894,2025-03-20 22:00:00,19188.595442863018,19962.923871395,19338.71114210713
forecast_1895,2025-03-20 23:00:00,19397.115950315907,19940.242601376085,19133.774238372414
forecast_1896,2025-03-21 00:00:00,19586.711161321076,19896.102140233113,19343.786502204617
forecast_1897,2025-03-21 01:00:00,19128.705493542726,20342.768059607883,19328.5721525972
forecast_1898,2025-03-21 02:00:00,18642.400093468677,19887.494177831843,19346.33498046454
forecast_1899,2025-03-21 03:00:00,18735.143760062165,19898.731780720347,19350.000654011397
forecast_1900,2025-03-21 04:00:00,18845.298900486847,19888.067569605988,19340.603658259475
forecast_1901,2025-03-21 05:00:00,19541.430316520673,19909.278841411244,19331.199221796953
forecast_1902,2025-03-21 06:00:00,20156.00155346673,20028.204517108366,19327.822612630272
forecast_1903,2025-03-21 07:00:00,20117.682389405338,19951.302525288724,19335.095930787083
forecast_1904,2025-03-21 08:00:00,20235.356367088523,20055.937290860198,19330.67938747661
forecast_1905,2025-03-21 09:00:00,19952.16287034629,19978.350852683452,19333.461799777528
forecast_1906,2025-03-21 10:00:00,19049.07552053165,19914.264642938764,19213.8503635814
forecast_1907,2025-03-21 11:00:00,18340.735792143965,19921.326699834626,18289.454600579447
forecast_1908,2025-03-21 12:00:00,17970.888665250128,20025.408983866302,17642.582008440626
forecast_1909,2025-03-21 13:00:00,17511.52149423034,19803.47293345145,17189.17940478604
forecast_1910,2025-03-21 14:00:00,17517.41080745867,18902.837461231327,17069.764867874255
forecast_1911,2025-03-21 15:00:00,17313.062766825227,18791.715235176915,17107.68864382774
forecast_1912,2025-03-21 16:00:00,17156.216465030277,18654.635849483904,17017.554503928954
forecast_1913,2025-03-21 17:00:00,17212.0880425859,18617.201864096827,17185.505234733384
forecast_1914,2025-03-21 18:00:00,17436.49413542573,18990.829755355742,17415.521668698537
forecast_1915,2025-03-21 19:00:00,17813.93655788369,18933.914280506844,17712.83297972107
forecast_1916,2025-03-21 20:00:00,18173.385355289665,19379.321716697148,18290.34016713939
forecast_1917,2025-03-21 21:00:00,18259.08880574458,19843.10466600881,18688.170666618204
forecast_1918,2025-03-21 22:00:00,18505.117245303652,20314.948762631753,19338.32950396463
forecast_1919,2025-03-21 23:00:00,18897.133622125082,20171.27914221624,19363.257647597835
forecast_1920,2025-03-22 00:00:00,19620.530428557355,20337.0200609205,19347.33336549265
forecast_1921,2025-03-22 01:00:00,19531.684362464635,19486.42682843831,19349.03183745954
forecast_1922,2025-03-22 02:00:00,19428.30428301508,19332.53755668858,19039.01755105514
forecast_1923,2025-03-22 03:00:00,18623.699544754327,19142.44279485359,18595.498366903732
forecast_1924,2025-03-22 04:00:00,18822.19097791559,19451.743010264996,19185.03651881858
forecast_1925,2025-03-22 05:00:00,18650.519279131542,19257.654348329514,19317.3990693194
forecast_1926,2025-03-22 06:00:00,18970.9637448761,19249.644176149443,19323.50215353921
forecast_1927,2025-03-22 07:00:00,19165.076917322967,19546.879730497727,19335.325391930124
forecast_1928,2025-03-22 08:00:00,19164.457588625588,19895.65035955786,19411.29042293567
forecast_1929,2025-03-22 09:00:00,18720.34232161274,19827.42823074224,19333.188411428513
forecast_1930,2025-03-22 10:00:00,17954.68073155098,18738.734273662045,18305.4615160935
forecast_1931,2025-03-22 11:00:00,17928.175887241996,18289.859534130755,17528.417528825248
forecast_1932,2025-03-22 12:00:00,17061.396661794464,18409.578150605732,17146.21859191341
forecast_1933,2025-03-22 13:00:00,17341.12879850903,18604.72098542929,16983.79111141591
forecast_1934,2025-03-22 14:00:00,17324.94932488534,18625.53674493621,17037.51992638102
forecast_1935,2025-03-22 15:00:00,17188.082038932658,18308.34176653812,16891.99520158493
forecast_1936,2025-03-22 16:00:00,17132.94151971261,18343.47102882428,16648.550951853646
forecast_1937,2025-03-22 17:00:00,16948.667605957107,18437.555965870335,16593.037592133674
forecast_1938,2025-03-22 18:00:00,17448.05743845899,18598.820970362864,16951.806165548798
forecast_1939,2025-03-22 19:00:00,17627.189153777996,19827.186232361473,17574.68398816696
forecast_1940,2025-03-22 20:00:00,17889.839582813223,20142.877508499656,18041.472838282287
forecast_1941,2025-03-22 21:00:00,18322.854179590806,19919.987774751582,18486.602221032863
forecast_1942,2025-03-22 22:00:00,18794.389754461143,19926.609119293225,19324.611845405463
forecast_1943,2025-03-22 23:00:00,19743.95324145248,19917.509520819433,19332.85855262195
forecast_1944,2025-03-23 00:00:00,19941.637580646708,20036.282586779987,19363.456658012365
forecast_1945,2025-03-23 01:00:00,16696.01302455715,18205.60452208803,16400.897992640483
forecast_1946,2025-03-23 02:00:00,16572.55381094483,18243.791327407307,16073.03143417899
forecast_1947,2025-03-23 03:00:00,16165.634415248589,18045.93428729691,15191.247968086445
forecast_1948,2025-03-23 04:00:00,17203.730896347708,18149.328987625042,14415.93670439608
forecast_1949,2025-03-23 05:00:00,16758.545115920868,17412.42351584856,13505.572193739645
forecast_1950,2025-03-23 06:00:00,14272.38286197171,15154.087416464006,10825.811259723745
forecast_1951,2025-03-23 07:00:00,10780.260708260075,10833.440456940833,7464.114398789562
forecast_1952,2025-03-23 08:00:00,7629.820752619805,9056.6020394709,4406.862064047199
forecast_1953,2025-03-23 09:00:00,4564.052765586119,4177.215908427278,3808.4342934958595
forecast_1954,2025-03-23 10:00:00,3907.7413352277968,3692.1164691306117,3418.5588334468393
forecast_1955,2025-03-23 11:00:00,3184.783454025689,3069.9821099430715,2773.163384602232
forecast_1956,2025-03-23 12:00:00,3271.5120287632117,2907.665605891363,1445.3877746375392
forecast_1957,2025-03-23 13:00:00,3594.846401948053,3251.2474642325774,2389.2384236693965
forecast_1958,2025-03-23 14:00:00,3206.6429464099547,3538.7945606534445,2856.575857300667
forecast_1959,2025-03-23 15:00:00,3630.668822301981,3511.271575879161,3518.9578932144796
forecast_1960,2025-03-23 16:00:00,3756.142282935193,3831.2591424350953,3743.397201203581
forecast_1961,2025-03-23 17:00:00,3872.902049247941,4081.499327095046,3626.43997088682
forecast_1962,2025-03-23 18:00:00,4068.4768844379496,4125.110581299834,3623.7952948817397
forecast_1963,2025-03-23 19:00:00,4851.393169683583,5001.918024772418,3757.520238821083
forecast_1964,2025-03-23 20:00:00,6129.418100678055,8438.843614537069,4355.913169464009
forecast_1965,2025-03-23 21:00:00,8576.435962212801,10682.241582525943,5574.173642508104
forecast_1966,2025-03-23 22:00:00,10385.935652233899,13057.081890254018,7077.338509508459
forecast_1967,2025-03-23 23:00:00,11291.199169616948,14034.587558037947,9367.134060337985
forecast_1968,2025-03-24 00:00:00,12164.700663583666,14140.068108419951,10480.718206161566
forecast_1969,2025-03-24 01:00:00,11734.51211971202,13820.7454927468,10196.064461828355
forecast_1970,2025-03-24 02:00:00,10706.02807939846,12206.462069957335,9737.134323621798
forecast_1971,2025-03-24 03:00:00,10271.778775399429,11979.357016441028,9245.721090207411
forecast_1972,2025-03-24 04:00:00,9861.839308269713,11782.550535871336,9473.023259990496
forecast_1973,2025-03-24 05:00:00,10159.18045190576,11922.101419236922,10199.978848977422
forecast_1974,2025-03-24 06:00:00,10806.671036341944,13514.462527080197,12018.373808147498
forecast_1975,2025-03-24 07:00:00,11473.871379847882,13773.678501222817,11625.461997355285
forecast_1976,2025-03-24 08:00:00,11963.74124225557,14108.320263587626,12299.378872533998
forecast_1977,2025-03-24 09:00:00,13097.268076578144,14264.64603703973,12806.42839467445
forecast_1978,2025-03-24 10:00:00,14296.811302182585,15555.192949153621,13993.196199709775
forecast_1979,2025-03-24 11:00:00,14764.125221124586,16713.294693772343,14196.423898529963
forecast_1980,2025-03-24 12:00:00,15656.007213797317,17065.02243103336,14742.056574239185
forecast_1981,2025-03-24 13:00:00,16226.633128855747,17322.557121516693,14898.054579594207
forecast_1982,2025-03-24 14:00:00,16095.375623943866,17132.946315050995,14233.734579580207
forecast_1983,2025-03-24 15:00:00,15753.60616697302,16931.647129019973,13254.262533004317
forecast_1984,2025-03-24 16:00:00,15028.904739998969,16123.134680899628,12397.467479146035
forecast_1985,2025-03-24 17:00:00,15176.154203157264,15592.929329110742,12041.571644719923
forecast_1986,2025-03-24 18:00:00,14792.730588851176,15119.169397989366,11743.768711718101
forecast_1987,2025-03-24 19:00:00,15157.950743340904,15062.672208325548,12298.461308771128
forecast_1988,2025-03-24 20:00:00,15368.081479653198,16384.131015192677,13228.767720815025
forecast_1989,2025-03-24 21:00:00,16050.474457693681,17324.03876359848,14817.226313982013
forecast_1990,2025-03-24 22:00:00,17456.560666090154,18644.94978381234,16883.532469762882
forecast_1991,2025-03-24 23:00:00,18348.427963561942,19515.227277629652,17332.075481141637
forecast_1992,2025-03-25 00:00:00,19232.737434907485,19912.49058795282,18061.044321504476
forecast_1993,2025-03-25 01:00:00,18206.654642987476,18651.259545075034,16896.596744864506
forecast_1994,2025-03-25 02:00:00,18289.453039830132,18712.908654330233,16785.037545172552
forecast_1995,2025-03-25 03:00:00,16618.156946205083,16840.111471414806,14070.08997310496
forecast_1996,2025-03-25 04:00:00,14004.39888743845,14424.137893908199,10045.991021687252
forecast_1997,2025-03-25 05:00:00,11089.039548909252,11215.21994306214,7050.111430148187
forecast_1998,2025-03-25 06:00:00,9171.220307361084,9710.939678420344,6320.65697718499
forecast_1999,2025-03-25 07:00:00,8631.420100593015,9036.90461100309,5787.802238844194
forecast_2000,2025-03-25 08:00:00,8004.372494181961,8795.95937553004,5888.522363220176
forecast_2001,2025-03-25 09:00:00,8266.776581066708,9703.671783551861,6166.489042743673
forecast_2002,2025-03-25 10:00:00,9194.18311676891,9605.25276847891,7190.511409292773
forecast_2003,2025-03-25 11:00:00,8999.506140129128,9964.939545109526,8083.2114850128855
forecast_2004,2025-03-25 12:00:00,10126.527810060174,10804.345012680902,9879.034656243313
forecast_2005,2025-03-25 13:00:00,11706.493489979826,12232.427402966967,11643.11762323286
forecast_2006,2025-03-25 14:00:00,12383.568645566114,14762.33615556668,14283.084210783065
forecast_2007,2025-03-25 15:00:00,15358.742423967253,16124.67053371324,16804.311092305954
forecast_2008,2025-03-25 16:00:00,17346.695002733453,16516.799203097078,17698.27634197415
forecast_2009,2025-03-25 17:00:00,17784.400218794537,17081.53518198779,17779.106623749143
forecast_2010,2025-03-25 18:00:00,17870.577061807286,17603.6990610749,17892.046284274988
forecast_2011,2025-03-25 19:00:00,17893.179835312418,18129.208637079435,17752.574665206037
forecast_2012,2025-03-25 20:00:00,17979.742149590704,18464.888437149824,17816.051539448657
forecast_2013,2025-03-25 21:00:00,18494.692158739595,18990.289580782144,18041.13030533331
forecast_2014,2025-03-25 22:00:00,18756.06329066293,19741.134199686523,18458.410684095314
forecast_2015,2025-03-25 23:00:00,18856.52538187045,19346.374990428336,19111.5462097085
forecast_2016,2025-03-26 00:00:00,19292.401489942662,19298.37903487806,19280.533021930445
forecast_2017,2025-03-26 01:00:00,18500.218328876315,18605.826886439194,17654.047441024457
forecast_2018,2025-03-26 02:00:00,17558.169486324263,18126.92237161117,16744.36874442103
forecast_2019,2025-03-26 03:00:00,16811.300671193745,16722.359523248844,14366.17054918622
forecast_2020,2025-03-26 04:00:00,14743.061114740061,14970.662932454607,11902.5139777424
forecast_2021,2025-03-26 05:00:00,11868.239981621595,13375.600666935354,9182.521301805791
forecast_2022,2025-03-26 06:00:00,8403.689430571521,8654.655126652502,6245.447689827624
forecast_2023,2025-03-26 07:00:00,5769.893641845062,5554.943245897082,3877.3917767771486
forecast_2024,2025-03-26 08:00:00,3753.0645195696798,3698.2579610848966,3625.251893512414
forecast_2025,2025-03-26 09:00:00,3742.648804531947,3567.4045744085247,3980.0090015971305
forecast_2026,2025-03-26 10:00:00,3253.294538961914,3653.6638900744906,3188.647672285901
forecast_2027,2025-03-26 11:00:00,3503.266120320731,3339.9085365159303,2873.684381593714
forecast_2028,2025-03-26 12:00:00,3307.042547556812,3658.321368956792,3041.396128102759
forecast_2029,2025-03-26 13:00:00,3733.5104978545687,3833.6730573083664,3307.4715053013906
forecast_2030,2025-03-26 14:00:00,3621.2345778540134,3844.949553668311,3976.124736496259
forecast_2031,2025-03-26 15:00:00,3924.3688540644957,3916.625444906431,3685.707096286638
forecast_2032,2025-03-26 16:00:00,3733.7612117740655,3803.525404668425,3797.4814526469954
forecast_2033,2025-03-26 17:00:00,3889.2295462174284,3965.527146053605,3763.2764686828536
forecast_2034,2025-03-26 18:00:00,5500.6191889617685,6245.282138239865,4259.778407473895
forecast_2035,2025-03-26 19:00:00,7763.276709192814,10108.546417311747,5606.707928767768
forecast_2036,2025-03-26 20:00:00,8886.518615409179,10335.094814572152,5659.88761126017
forecast_2037,2025-03-26 21:00:00,8137.945700807946,10255.090203215688,5989.045972968126
forecast_2038,2025-03-26 22:00:00,10444.062173727738,11983.500206186034,8265.274841875804
forecast_2039,2025-03-26 23:00:00,13743.872331711735,14821.675469429989,11325.032492783366
forecast_2040,2025-03-27 00:00:00,16328.48565504049,16747.41161214217,14100.312878692812
forecast_2041,2025-03-27 01:00:00,16321.787534916688,16176.665859358078,16992.23149314229
forecast_2042,2025-03-27 02:00:00,16160.202432234468,16194.501941578805,17097.29898316507
forecast_2043,2025-03-27 03:00:00,15387.353660955096,16006.52347483034,17035.43084165296
forecast_2044,2025-03-27 04:00:00,15405.50608122028,15331.266261230912,16414.123238051725
forecast_2045,2025-03-27 05:00:00,14495.063662557564,13994.460817205134,15141.942132219845
forecast_2046,2025-03-27 06:00:00,12524.233781289562,14223.995301818777,12115.442157947018
forecast_2047,2025-03-27 07:00:00,12827.772132191703,13851.672913573786,12559.776884089519
forecast_2048,2025-03-27 08:00:00,13060.966425437186,15029.838006569513,12755.72654093448
forecast_2049,2025-03-27 09:00:00,13232.46013690853,13324.01172986811,11994.890801086587
forecast_2050,2025-03-27 10:00:00,11243.735290744215,12158.271480520629,10385.181097384875
forecast_2051,2025-03-27 11:00:00,9959.067079959672,11177.10919569645,9192.12527058686
forecast_2052,2025-03-27 12:00:00,8932.026430626403,10241.908266569562,8606.364621701176
forecast_2053,2025-03-27 13:00:00,7999.93169972361,9194.558573360664,7743.37527089271
forecast_2054,2025-03-27 14:00:00,7052.571761588905,7453.621833523139,6059.160585766336
forecast_2055,2025-03-27 15:00:00,6968.714869913975,7256.994103941045,5658.168307689378
forecast_2056,2025-03-27 16:00:00,6923.815388232261,7238.62259397246,5227.521315481455
forecast_2057,2025-03-27 17:00:00,6978.901098263527,7374.350586426821,5431.3371735053715
forecast_2058,2025-03-27 18:00:00,6603.628384671164,7164.70047281921,5693.318844313201
forecast_2059,2025-03-27 19:00:00,6330.075935158883,7232.166361480717,4954.247122888745
forecast_2060,2025-03-27 20:00:00,6533.441179575053,7187.835057459553,5275.37590762019
forecast_2061,2025-03-27 21:00:00,7217.949813303442,7818.978256223812,5828.042191463611
forecast_2062,2025-03-27 22:00:00,7901.79625180118,8087.14726640365,7041.009521346039
forecast_2063,2025-03-27 23:00:00,8148.815224248076,9177.416802183867,7101.232380921326
forecast_2064,2025-03-28 00:00:00,7997.806937152569,10398.84208822149,6935.760213815114
forecast_2065,2025-03-28 01:00:00,3713.609290336634,4009.8750888872064,3471.259941868644
forecast_2066,2025-03-28 02:00:00,3709.721701069698,4001.1717255259573,3757.222953110325
forecast_2067,2025-03-28 03:00:00,3868.8489327250704,3809.968229741681,3812.2326565311337
forecast_2068,2025-03-28 04:00:00,3872.6002582922074,3590.374686780144,3399.127341366003
forecast_2069,2025-03-28 05:00:00,3516.6405186690786,3488.149315791558,3526.768701227821
forecast_2070,2025-03-28 06:00:00,3902.4317382003146,3580.3169463753998,3489.686368452616
forecast_2071,2025-03-28 07:00:00,3619.7421501018607,3731.071152056167,3408.4687658673997
forecast_2072,2025-03-28 08:00:00,3760.133073602677,3693.9388832295485,3117.429812374549
forecast_2073,2025-03-28 09:00:00,3510.0782372997355,4040.911007766504,3667.509125388644
forecast_2074,2025-03-28 10:00:00,3994.079552184937,4508.705579705087,3205.610407099179
forecast_2075,2025-03-28 11:00:00,4065.2791530756786,4425.433547749881,3488.1281676808353
forecast_2076,2025-03-28 12:00:00,3909.247478761628,4393.828932796586,3557.1305979699714
forecast_2077,2025-03-28 13:00:00,4001.4782191292607,4273.212202661564,3885.9292136964214
forecast_2078,2025-03-28 14:00:00,3966.4566267223495,3849.976027660591,3794.124424740132
forecast_2079,2025-03-28 15:00:00,4036.11942306882,3828.3570816047063,3513.4487049012164
forecast_2080,2025-03-28 16:00:00,3816.996528886454,3825.0622986812837,3556.107773992314
forecast_2081,2025-03-28 17:00:00,3582.97823275798,3777.2716526363843,3208.0371066379857
forecast_2082,2025-03-28 18:00:00,3542.6764238882365,3395.140952167926,3398.044913549494
forecast_2083,2025-03-28 19:00:00,4185.869305185614,4376.5699839181,3500.7380834317473
forecast_2084,2025-03-28 20:00:00,6814.5509503154635,7201.345706703277,4018.0236955895807
forecast_2085,2025-03-28 21:00:00,6119.7124205386945,6445.044529646105,4663.115972231967
forecast_2086,2025-03-28 22:00:00,5121.711096295678,5803.096442664746,4202.060258831863
forecast_2087,2025-03-28 23:00:00,4708.9647673226655,5111.686190410198,3860.577860433835
forecast_2088,2025-03-29 00:00:00,5054.181442180781,5277.973845526106,3935.455116625577
forecast_2089,2025-03-29 01:00:00,3455.888921081327,3717.770884767547,3458.2654782540817
forecast_2090,2025-03-29 02:00:00,3271.3653719115578,3680.186353234746,3530.035690218164
forecast_2091,2025-03-29 03:00:00,3586.844283913926,3482.729554460858,3040.342102404179
forecast_2092,2025-03-29 04:00:00,3710.7549688206846,3835.3442055628975,3419.088491334384
forecast_2093,2025-03-29 05:00:00,5510.4066644876,5445.40641672259,4268.353490734873
forecast_2094,2025-03-29 06:00:00,6639.132944679196,6839.203838666332,5067.654372894361
forecast_2095,2025-03-29 07:00:00,7380.702606129959,7709.449640681679,4995.901672478433
forecast_2096,2025-03-29 08:00:00,7356.087829053182,7436.645313382421,5232.431101953781
forecast_2097,2025-03-29 09:00:00,6542.355953374022,6853.948629155918,5696.096977622778
forecast_2098,2025-03-29 10:00:00,7697.889833332604,7971.626353984681,7054.34527179344
forecast_2099,2025-03-29 11:00:00,9291.478788564033,9712.853136832322,8589.627317526656
forecast_2100,2025-03-29 12:00:00,11468.721224818095,11458.343986502401,10042.710148351222
forecast_2101,2025-03-29 13:00:00,12756.261901150043,13975.053128361373,11032.903465961605
forecast_2102,2025-03-29 14:00:00,13763.983464357416,15142.956824387573,11683.911883687177
forecast_2103,2025-03-29 15:00:00,14544.368350907229,15629.22117862522,12681.861474349562
forecast_2104,2025-03-29 16:00:00,14711.143080893173,15616.837747424435,12738.345387642
forecast_2105,2025-03-29 17:00:00,14529.90950639329,15403.94594013117,12216.34579096391
forecast_2106,2025-03-29 18:00:00,13652.370741528412,13506.967215965355,10862.2492311335
forecast_2107,2025-03-29 19:00:00,13178.013195113459,12558.033171276616,10351.735759570864
forecast_2108,2025-03-29 20:00:00,12415.483794121612,12052.009661273374,10084.984066629226
forecast_2109,2025-03-29 21:00:00,12419.191531440052,12062.70847437945,11166.622960594577
forecast_2110,2025-03-29 22:00:00,12286.859934181173,11919.87762582123,11540.56607727165
forecast_2111,2025-03-29 23:00:00,11729.197448428777,11389.6324049799,11543.382711316115
forecast_2112,2025-03-30 00:00:00,11595.533529302696,11073.024028785063,11569.893400585115
forecast_2113,2025-03-30 01:00:00,10930.537040734625,10019.682943598948,11009.14432996962
forecast_2114,2025-03-30 02:00:00,10570.32499464777,9831.397330252856,10400.303727498302
forecast_2115,2025-03-30 03:00:00,10974.363960672727,9748.87495780219,9631.358164303027
forecast_2116,2025-03-30 04:00:00,10937.27895070138,12669.741783358955,9240.876808534078
forecast_2117,2025-03-30 05:00:00,10871.213518915269,12247.139779053365,8704.236922780197
forecast_2118,2025-03-30 06:00:00,10564.220706647384,11325.826682201065,8445.680799101143
forecast_2119,2025-03-30 07:00:00,9558.473013716428,10014.090512207038,7392.231985705745
forecast_2120,2025-03-30 08:00:00,8547.716100278867,7848.3018852699,6878.541117865776
forecast_2121,2025-03-30 09:00:00,7610.268832448942,6963.156258176946,6458.0661913026215
forecast_2122,2025-03-30 10:00:00,8035.317198248031,7370.448434629775,6789.948478727269
forecast_2123,2025-03-30 11:00:00,8962.384184357896,8383.684452526972,7580.5180451482765
forecast_2124,2025-03-30 12:00:00,10557.0953822853,9686.458850528716,8582.733235917489
forecast_2125,2025-03-30 13:00:00,11234.657011204486,10940.86328489095,9155.636026323506
forecast_2126,2025-03-30 14:00:00,11140.725282423,10823.68234332408,8783.648264331481
forecast_2127,2025-03-30 15:00:00,9769.74032110474,9457.897352406037,7589.876946729945
forecast_2128,2025-03-30 16:00:00,8182.12720700528,7754.777225418205,6113.79234940272
forecast_2129,2025-03-30 17:00:00,7689.319791081283,7468.403393024543,5552.018776945138
forecast_2130,2025-03-30 18:00:00,7558.857982289284,7448.188563736096,5458.803006716823
forecast_2131,2025-03-30 19:00:00,7915.699238866918,8134.73532163216,6242.733322666438
forecast_2132,2025-03-30 20:00:00,8383.169476309466,8759.732923107082,6622.527346012395
forecast_2133,2025-03-30 21:00:00,9015.443497180833,9647.632802020387,7287.059397619382
forecast_2134,2025-03-30 22:00:00,8878.021683993233,9456.812171494917,7607.536613031376
forecast_2135,2025-03-30 23:00:00,9848.531929619196,10524.13092301577,8221.47111727196
forecast_2136,2025-03-31 00:00:00,10008.868631561065,10900.373073993584,8271.53903124975
forecast_2137,2025-03-31 01:00:00,14633.747448743155,16342.65486079293,13931.395131305446
forecast_2138,2025-03-31 02:00:00,14801.075896499366,16299.230005403455,13551.051329754091
forecast_2139,2025-03-31 03:00:00,15586.268312773675,16622.90478019683,13430.767267000212
forecast_2140,2025-03-31 04:00:00,15771.546788478317,16992.456597204055,12926.426812140848
forecast_2141,2025-03-31 05:00:00,16621.725044642793,17595.28084269121,13428.360983195065
forecast_2142,2025-03-31 06:00:00,16059.082449016129,17012.937059327218,11813.050683946078
forecast_2143,2025-03-31 07:00:00,13939.113702508505,14043.665750549699,9347.716814419495
forecast_2144,2025-03-31 08:00:00,10010.029230352673,10542.575785582503,6236.654119468895
forecast_2145,2025-03-31 09:00:00,6555.229576881951,7014.894331410925,4069.0411018470318
forecast_2146,2025-03-31 10:00:00,4314.894945370244,4353.42386593772,3781.8926525225743
forecast_2147,2025-03-31 11:00:00,3835.475106142048,3883.528497852995,3512.368920794202
forecast_2148,2025-03-31 12:00:00,3859.4768190992263,3732.7132056774212,3394.4217893577566
forecast_2149,2025-03-31 13:00:00,3628.5111713128626,3595.3016971424795,3539.724492284642
forecast_2150,2025-03-31 14:00:00,3714.9456898512685,3628.1173601940964,3424.732672228084
forecast_2151,2025-03-31 15:00:00,3880.0839124083777,3796.260830628527,3458.0076643895704
forecast_2152,2025-03-31 16:00:00,4030.50788928129,3924.5849180448276,3732.4793871137786
forecast_2153,2025-03-31 17:00:00,4175.154819852343,4063.0194953952373,4431.728951515844
forecast_2154,2025-03-31 18:00:00,4662.449378309946,4579.018517102786,5262.855687060094
forecast_2155,2025-03-31 19:00:00,6110.564339514719,6106.7622146470685,5959.601070249977
forecast_2156,2025-03-31 20:00:00,9060.08234470869,9032.447679265819,7255.916901891262
forecast_2157,2025-03-31 21:00:00,10897.4552992934,11328.655499800465,8971.217267426126
forecast_2158,2025-03-31 22:00:00,12261.020514610398,12804.887377065175,10421.418956825295
forecast_2159,2025-03-31 23:00:00,12937.335678374311,13646.99750944255,11434.43841756278
forecast_2160,2025-04-01 00:00:00,13338.882029882718,13857.748804851668,11776.529475017627
forecast_2161,2025-04-01 01:00:00,8155.175046133937,8163.081253662716,6710.176528255596
forecast_2162,2025-04-01 02:00:00,8165.149160778941,8180.2060348106315,6694.922747713497
forecast_2163,2025-04-01 03:00:00,8141.4693690593285,8095.102944071531,6728.05779306553
forecast_2164,2025-04-01 04:00:00,7846.308004403002,7811.798489446212,6352.637766003432
forecast_2165,2025-04-01 05:00:00,7084.99798292248,7102.482088186074,5531.644705963019
forecast_2166,2025-04-01 06:00:00,5986.292601837925,5800.78989266955,4703.447299721187
forecast_2167,2025-04-01 07:00:00,4604.195096445451,4282.665489863987,3876.5583068218934
forecast_2168,2025-04-01 08:00:00,4107.852496050604,4012.367677140933,3527.334788210239
forecast_2169,2025-04-01 09:00:00,3609.003789080357,3513.1592963071903,2783.2072935993565
forecast_2170,2025-04-01 10:00:00,3671.834411079063,3801.4997378546345,2811.175544278959
forecast_2171,2025-04-01 11:00:00,4080.479051696284,3929.5074511258113,2282.443979723079
forecast_2172,2025-04-01 12:00:00,1678.6178800381072,1313.0273588457474,204.4952164369238
forecast_2173,2025-04-01 13:00:00,214.81242283040913,1157.4619062877316,219.04961300022214
forecast_2174,2025-04-01 14:00:00,3370.480950174757,3531.638555790509,2861.2680988332413
forecast_2175,2025-04-01 15:00:00,3594.892107286848,3857.79122502014,3101.8813085784195
forecast_2176,2025-04-01 16:00:00,3829.965557968915,3731.6852969667484,3143.3384446168284
forecast_2177,2025-04-01 17:00:00,3735.984569730413,3754.444419111821,3267.509774861245
forecast_2178,2025-04-01 18:00:00,3718.345670535381,3672.5004499066645,3253.9632937851775
forecast_2179,2025-04-01 19:00:00,3107.7647424225447,3034.21584360286,3229.0194281228237
forecast_2180,2025-04-01 20:00:00,3529.6767007189555,3535.1643213823754,2723.0350472621435
forecast_2181,2025-04-01 21:00:00,3409.5596952516526,3313.656636602645,2308.518441504085
forecast_2182,2025-04-01 22:00:00,3387.074425190852,3392.42086795353,2768.2880613690554
forecast_2183,2025-04-01 23:00:00,3377.1219120506285,3531.3867667362124,3278.6789722633393
forecast_2184,2025-04-02 00:00:00,3627.946694500541,4674.83268281188,3401.0230929563695
forecast_2185,2025-04-02 01:00:00,3731.8835788688766,5384.112861212875,4522.475630207407
forecast_2186,2025-04-02 02:00:00,3523.180727034934,4120.011123014198,4586.423561677238
forecast_2187,2025-04-02 03:00:00,3689.2190738698027,3805.0758350586248,3564.2968151570435
forecast_2188,2025-04-02 04:00:00,2985.5770611044713,3597.692829543865,2080.8715298551
forecast_2189,2025-04-02 05:00:00,3685.5236553002087,3459.8186149004164,1071.683072435866
forecast_2190,2025-04-02 06:00:00,3890.452885796071,3360.0753938555054,76.45754489958996
forecast_2191,2025-04-02 07:00:00,3019.108858269833,2998.8030043942763,38.95180752047801
forecast_2192,2025-04-02 08:00:00,2700.013232194367,3124.4279742639683,26.11830620485532
forecast_2193,2025-04-02 09:00:00,2541.030978730167,3024.677982073712,46.71588861294507
forecast_2194,2025-04-02 10:00:00,2479.2423921248014,3142.4118792627464,135.31097009743624
forecast_2195,2025-04-02 11:00:00,4161.875138917557,3683.553219126099,2171.7201964686665
forecast_2196,2025-04-02 12:00:00,2497.143583505798,2387.6923541038764,318.2360920323537
forecast_2197,2025-04-02 13:00:00,3307.6757717675932,2683.729071262084,1722.737064219397
forecast_2198,2025-04-02 14:00:00,2996.385071818194,2839.2205994983,2461.662842455458
forecast_2199,2025-04-02 15:00:00,3005.4656591599355,3421.7011608136922,2697.6295118517155
forecast_2200,2025-04-02 16:00:00,3234.6664405664037,3365.8257294252335,2768.750504098284
forecast_2201,2025-04-02 17:00:00,4983.511249234435,3690.4461403435644,2941.9455491529025
forecast_2202,2025-04-02 18:00:00,2945.1423415968297,3235.406472633693,1965.6820461683888
forecast_2203,2025-04-02 19:00:00,3896.528368314589,5582.779574999343,2457.8048637504426
forecast_2204,2025-04-02 20:00:00,4429.920968761843,4077.0824746836506,1461.3776250146038
forecast_2205,2025-04-02 21:00:00,3795.790474249247,3554.4900412891216,3364.0070119794773
forecast_2206,2025-04-02 22:00:00,4178.2364378007105,3571.148957909835,3571.6445472210967
forecast_2207,2025-04-02 23:00:00,3997.8291857647314,3781.4700127108104,3326.161722817163
forecast_2208,2025-04-03 00:00:00,3644.257980711837,3489.097900609008,3088.070390652131
forecast_2209,2025-04-03 01:00:00,3208.2451123658634,3330.89727063671,3442.208593027969
forecast_2210,2025-04-03 02:00:00,3059.073826403906,3302.1555675088,3380.508553837902
forecast_2211,2025-04-03 03:00:00,3264.6855554099106,3273.3102698481575,3432.9474443947965
forecast_2212,2025-04-03 04:00:00,3433.4232129361267,3429.618073958799,3475.563293178914
forecast_2213,2025-04-03 05:00:00,3541.857223472228,3588.691202266057,3235.634921118456
forecast_2214,2025-04-03 06:00:00,3613.1029388679262,3777.9844351317474,3229.744210636268
forecast_2215,2025-04-03 07:00:00,3483.5059210482655,3531.9695297580315,3227.9308245202315
forecast_2216,2025-04-03 08:00:00,3410.2496065167657,3416.2804870240966,3226.2841239678132
forecast_2217,2025-04-03 09:00:00,3528.949575017435,3566.3000384236016,3528.3121805899427
forecast_2218,2025-04-03 10:00:00,4674.946454342778,3438.2835639842256,4200.284041071654
forecast_2219,2025-04-03 11:00:00,3825.7284968215968,3621.6946229211544,3941.1728267228
forecast_2220,2025-04-03 12:00:00,3212.4829330973184,3017.189769729938,1870.2105925345627
forecast_2221,2025-04-03 13:00:00,2780.7352631392714,2744.3107081382236,1828.2017412284056
forecast_2222,2025-04-03 14:00:00,254.47253408778877,2402.024929862918,1212.1346227341726
forecast_2223,2025-04-03 15:00:00,5469.4652413843605,3597.970500710991,1390.9066298821047
forecast_2224,2025-04-03 16:00:00,4758.0641619835305,3805.017859793947,206.30092008275548
forecast_2225,2025-04-03 17:00:00,2987.2730972484055,3568.73309479348,87.17092355573769
forecast_2226,2025-04-03 18:00:00,3425.3653269488077,4519.995139671033,1324.641557403969
forecast_2227,2025-04-03 19:00:00,3504.362991380402,3916.859628440687,1555.2591442144023
forecast_2228,2025-04-03 20:00:00,3096.917132984314,3111.227130691034,4349.127123124876
forecast_2229,2025-04-03 21:00:00,3336.844454284436,3032.5597744855963,5315.244249567726
forecast_2230,2025-04-03 22:00:00,3147.9337630462833,2939.806596060808,6999.379385631229
forecast_2231,2025-04-03 23:00:00,3450.2245318217233,3468.1358659942566,3195.4625007397976
forecast_2232,2025-04-04 00:00:00,3814.1047382532256,3682.002617730687,3535.785832587223
forecast_2233,2025-04-04 01:00:00,5158.503506385311,5582.700160801929,3797.408744899542
forecast_2234,2025-04-04 02:00:00,5969.463761384551,6128.50322425611,4135.040071655986
forecast_2235,2025-04-04 03:00:00,7284.9990869674775,7277.931863733882,5304.560086771741
forecast_2236,2025-04-04 04:00:00,8522.647041268787,9297.559287270189,6370.797794335912
forecast_2237,2025-04-04 05:00:00,9993.542761100896,11154.220656142126,7030.53336847569
forecast_2238,2025-04-04 06:00:00,9580.955673707553,9917.551869684721,6880.791807553817
forecast_2239,2025-04-04 07:00:00,8739.113575412792,8662.76532476979,6261.183568482584
forecast_2240,2025-04-04 08:00:00,7547.4415375812805,7053.85090842407,5056.466282049061
forecast_2241,2025-04-04 09:00:00,5191.8448596613325,4890.639565904491,4027.7825822025525
forecast_2242,2025-04-04 10:00:00,3739.8418421234246,3702.188270715816,3336.8772722557487
forecast_2243,2025-04-04 11:00:00,5150.333676448818,3440.1246887396283,3213.037123549568
forecast_2244,2025-04-04 12:00:00,4537.344320225335,4101.360256337738,2473.315898837558
forecast_2245,2025-04-04 13:00:00,3650.0669799118095,3436.7351271846533,2827.449353329858
forecast_2246,2025-04-04 14:00:00,3583.7457458553827,3333.037426009488,2882.2066605166265
forecast_2247,2025-04-04 15:00:00,3413.88511842349,3462.7334726545623,2907.2833990211
forecast_2248,2025-04-04 16:00:00,3507.5310506809637,3366.670578830987,3265.839759983585
forecast_2249,2025-04-04 17:00:00,3693.0451446529823,3476.1250897496066,3149.5829822639453
forecast_2250,2025-04-04 18:00:00,3673.320638351496,3576.898552827638,3209.4818404662497
forecast_2251,2025-04-04 19:00:00,3821.161427966355,3880.844865010385,3278.027905489442
forecast_2252,2025-04-04 20:00:00,3995.212645704903,4062.7516952521264,3438.411281299887
forecast_2253,2025-04-04 21:00:00,4406.014865221844,4635.994593373079,3648.05404606792
forecast_2254,2025-04-04 22:00:00,4144.944250858758,4313.119696048124,3756.762087502742
forecast_2255,2025-04-04 23:00:00,4410.605076519462,4681.819118218906,3655.978025599412
forecast_2256,2025-04-05 00:00:00,4750.3896119870105,5145.516264298818,3903.4909562976577
forecast_2257,2025-04-05 01:00:00,9005.922734518674,9836.695319820126,5557.317001007236
forecast_2258,2025-04-05 02:00:00,8823.516560420972,9770.029095038739,5640.129195245414
forecast_2259,2025-04-05 03:00:00,9316.94560047833,10172.86866382063,5272.461559600216
forecast_2260,2025-04-05 04:00:00,8445.4921872871,9458.303933626448,5359.460531775378
forecast_2261,2025-04-05 05:00:00,8489.064214030344,9313.282198935152,5336.306497770782
forecast_2262,2025-04-05 06:00:00,7924.101758872257,10187.48818602564,5737.912666536078
forecast_2263,2025-04-05 07:00:00,8412.47312225182,8861.564567933316,5508.559610737754
forecast_2264,2025-04-05 08:00:00,8174.728054255645,8915.2231970359,4919.059975254976
forecast_2265,2025-04-05 09:00:00,6288.309405661675,6927.948275504886,4291.137875142524
forecast_2266,2025-04-05 10:00:00,4426.555005771852,4646.800719072928,4378.057401751784
forecast_2267,2025-04-05 11:00:00,5676.893783641759,6641.3336271243015,5129.160846948508
forecast_2268,2025-04-05 12:00:00,8131.987183617491,10344.84237420805,7952.717275108913
forecast_2269,2025-04-05 13:00:00,10447.476467894645,11274.894080687305,9915.9569620206
forecast_2270,2025-04-05 14:00:00,11928.531949762255,13002.001116835452,11281.581437050754
forecast_2271,2025-04-05 15:00:00,13001.860755157577,14321.282637142405,12549.827555698592
forecast_2272,2025-04-05 16:00:00,14065.613448982547,15737.534244779235,12855.320662214515
forecast_2273,2025-04-05 17:00:00,14723.457011741237,16428.520865428618,13470.017763922817
forecast_2274,2025-04-05 18:00:00,14554.115090197598,14874.760211857089,12549.39101504508
forecast_2275,2025-04-05 19:00:00,14004.237253046951,16070.064105433868,12141.440155803091
forecast_2276,2025-04-05 20:00:00,13802.930582338524,15078.512827439154,12600.95870130281
forecast_2277,2025-04-05 21:00:00,14010.124468434811,15579.48123508615,12886.228062391787
forecast_2278,2025-04-05 22:00:00,13557.517337288113,15201.331809018406,12998.110327949053
forecast_2279,2025-04-05 23:00:00,14258.709056364374,15960.024459945038,13774.028035479072
forecast_2280,2025-04-06 00:00:00,14570.350977401939,16390.17875216543,13960.963996592242
forecast_2281,2025-04-06 01:00:00,14512.861530174532,16558.774235633355,14571.815801916613
forecast_2282,2025-04-06 02:00:00,14884.004433058119,17062.554944037347,14818.20467145423
forecast_2283,2025-04-06 03:00:00,15018.20868835057,17501.600984137924,14984.266309292489
forecast_2284,2025-04-06 04:00:00,15305.43796004451,16988.546015862554,14779.293690389373
forecast_2285,2025-04-06 05:00:00,15229.410143827217,16577.463807674776,14487.50212846124
forecast_2286,2025-04-06 06:00:00,14452.860824040885,17211.181911690506,12992.577137319184
forecast_2287,2025-04-06 07:00:00,13784.941419793791,16751.94940428464,12578.820701322455
forecast_2288,2025-04-06 08:00:00,13896.409705507634,16609.47414071875,12466.75664230055
forecast_2289,2025-04-06 09:00:00,13060.58757681082,14890.79669906497,11811.110615719866
forecast_2290,2025-04-06 10:00:00,12360.683692424302,12852.628527310439,10893.731353657877
forecast_2291,2025-04-06 11:00:00,12422.150809110184,12463.914737148269,10248.69402152151
forecast_2292,2025-04-06 12:00:00,12370.859096425393,12431.355589905956,9903.53330907263
forecast_2293,2025-04-06 13:00:00,12534.0763364384,12080.833301379591,10013.941665699384
forecast_2294,2025-04-06 14:00:00,12238.032464608263,12190.398125381895,10061.55648364954
forecast_2295,2025-04-06 15:00:00,12410.401067817747,12451.69136711925,10397.325069219389
forecast_2296,2025-04-06 16:00:00,12749.773843224752,12566.032549888989,10471.948429923399
forecast_2297,2025-04-06 17:00:00,12949.94910116188,12943.986364756076,10625.507805307658
forecast_2298,2025-04-06 18:00:00,13248.283389314041,13308.660244136863,11009.153510756145
forecast_2299,2025-04-06 19:00:00,13538.038211597779,13416.543213651401,11403.204792759376
forecast_2300,2025-04-06 20:00:00,13610.262095249294,14037.905791475736,12057.073636076255
forecast_2301,2025-04-06 21:00:00,13753.642691602437,14753.776196949633,12539.726611332822
forecast_2302,2025-04-06 22:00:00,13668.797027694563,15050.015315745595,12795.578373283945
forecast_2303,2025-04-06 23:00:00,14436.397037265362,16182.686783749454,12737.424663955246
forecast_2304,2025-04-07 00:00:00,14689.721178333499,16454.88811370927,12501.499317720787
forecast_2305,2025-04-07 01:00:00,16692.929905880188,17731.465696993586,15430.271564168897
forecast_2306,2025-04-07 02:00:00,16606.960059433335,17520.02499339935,14793.90446267827
forecast_2307,2025-04-07 03:00:00,15748.552754006138,17297.2382236278,14258.538774338427
forecast_2308,2025-04-07 04:00:00,15932.82010769696,17659.628609841235,13380.783580641584
forecast_2309,2025-04-07 05:00:00,14748.363551165385,16897.080847359226,13199.169268098756
forecast_2310,2025-04-07 06:00:00,14354.79009502994,15361.740733122366,12461.206165887132
forecast_2311,2025-04-07 07:00:00,13866.60635350963,14806.40226505536,11251.463005024607
forecast_2312,2025-04-07 08:00:00,14632.436862436978,14491.169795235694,10489.15419263199
forecast_2313,2025-04-07 09:00:00,12819.140104542346,13444.767543442344,9426.593163733729
forecast_2314,2025-04-07 10:00:00,11495.148303202923,12052.357808659495,8293.248129740796
forecast_2315,2025-04-07 11:00:00,10039.967517328176,10625.610892745894,7573.076469697971
forecast_2316,2025-04-07 12:00:00,9303.819763502186,9808.475602603843,7113.495068854512
forecast_2317,2025-04-07 13:00:00,10603.106429069827,9986.486133765175,7469.046472853968
forecast_2318,2025-04-07 14:00:00,11728.285974601189,11216.441405689364,8427.902885416404
forecast_2319,2025-04-07 15:00:00,11946.74497130395,12851.101681532395,10357.24886268133
forecast_2320,2025-04-07 16:00:00,13272.523497919125,14113.955739518688,11899.424911871833
forecast_2321,2025-04-07 17:00:00,14928.557252009827,15730.349223045598,14062.006333429412
forecast_2322,2025-04-07 18:00:00,16005.056972062697,17195.227749162394,15395.991483826074
forecast_2323,2025-04-07 19:00:00,17108.041279248686,18137.361425036455,16409.39800276089
forecast_2324,2025-04-07 20:00:00,17397.5700004373,18614.640964227834,17422.090496987545
forecast_2325,2025-04-07 21:00:00,17973.32586150496,19351.050125748545,18320.988198372255
forecast_2326,2025-04-07 22:00:00,18557.694415356433,19837.563205282655,19175.552967359425
forecast_2327,2025-04-07 23:00:00,18846.676700635253,19895.38196913853,19289.296127089994
forecast_2328,2025-04-08 00:00:00,19751.300289800158,19999.324877802257,19330.775775437978
forecast_2329,2025-04-08 01:00:00,19217.364294372634,19881.453564699284,19334.788944738684
forecast_2330,2025-04-08 02:00:00,19845.36003507028,19903.36368485752,19328.5394245478
forecast_2331,2025-04-08 03:00:00,19950.283782372117,19904.405528863208,19382.525559948604
forecast_2332,2025-04-08 04:00:00,19843.417196775183,19897.731658309356,19339.224104464767
forecast_2333,2025-04-08 05:00:00,19826.311595979674,19855.11114051107,19330.2844264733
forecast_2334,2025-04-08 06:00:00,19882.470464272992,19742.6267720628,18477.65506360719
forecast_2335,2025-04-08 07:00:00,19004.561100755724,19464.826701541795,17563.232339026777
forecast_2336,2025-04-08 08:00:00,17982.935461065415,18835.76099138923,15822.82162763888
forecast_2337,2025-04-08 09:00:00,16609.33174693723,17577.580307012733,12964.268355479371
forecast_2338,2025-04-08 10:00:00,15268.327551503166,15859.632462444064,11337.91801131077
forecast_2339,2025-04-08 11:00:00,14007.59433428741,14615.219928835239,10241.220701979362
forecast_2340,2025-04-08 12:00:00,12822.185110364733,12932.403723616952,8901.985158668916
forecast_2341,2025-04-08 13:00:00,12176.20777084995,11915.99750873124,8639.485634144909
forecast_2342,2025-04-08 14:00:00,10644.653518623303,10435.944761038567,8050.47529214063
forecast_2343,2025-04-08 15:00:00,8714.995606652192,9162.98872671461,6661.948286527818
forecast_2344,2025-04-08 16:00:00,7689.239860099386,6954.133158416797,5070.491451029957
forecast_2345,2025-04-08 17:00:00,4365.321636070612,4139.353652516175,3655.5157873954818
forecast_2346,2025-04-08 18:00:00,4101.275646360673,3940.86748427148,3576.335837546374
forecast_2347,2025-04-08 19:00:00,3567.4352205159357,3477.9240296134953,3070.028063744445
forecast_2348,2025-04-08 20:00:00,3678.38369026962,3683.869184931865,2934.4140477898395
forecast_2349,2025-04-08 21:00:00,3240.527875105607,3600.841409206543,2876.096697587237
forecast_2350,2025-04-08 22:00:00,3201.6214109604903,3153.1567290332464,2664.7274341077964
forecast_2351,2025-04-08 23:00:00,3160.2782998392186,3034.9677066447935,2834.0283750154867
forecast_2352,2025-04-09 00:00:00,3507.248669854622,3244.6552449621126,2680.773036250701
forecast_2353,2025-04-09 01:00:00,3585.8183263155274,3798.36508920176,5701.76851465562
forecast_2354,2025-04-09 02:00:00,3639.3694914214097,3490.2003583407477,5218.364550280725
forecast_2355,2025-04-09 03:00:00,3544.144914577134,3560.145676690468,4551.203233455819
forecast_2356,2025-04-09 04:00:00,2991.814960311107,3454.851699507342,2756.2870374460704
forecast_2357,2025-04-09 05:00:00,3697.39880484694,3868.75439686295,3643.4988780349963
forecast_2358,2025-04-09 06:00:00,3395.069917074997,3339.7899393721277,4366.396630651443
forecast_2359,2025-04-09 07:00:00,3411.3678482136506,3452.229420593735,4686.398564706835
forecast_2360,2025-04-09 08:00:00,3518.0684360016103,3479.0581951884105,2818.541035544326
forecast_2361,2025-04-09 09:00:00,3685.2779279474216,3809.033632547572,3331.028583575159
forecast_2362,2025-04-09 10:00:00,3700.482092186884,3635.6976200038216,3712.1738652237273
forecast_2363,2025-04-09 11:00:00,3468.4035938690017,3497.354411053491,3451.46536125836
forecast_2364,2025-04-09 12:00:00,3805.5252381602813,3798.3739848586292,3248.7578623139893
forecast_2365,2025-04-09 13:00:00,3850.377470619539,3857.2157781123406,3311.857417895707
forecast_2366,2025-04-09 14:00:00,4379.188750836268,4884.1248775385875,3687.6425436036525
forecast_2367,2025-04-09 15:00:00,6434.033921365231,5732.588958115156,3776.0231555915293
forecast_2368,2025-04-09 16:00:00,5258.186580804439,7448.539908285301,4462.9561231022535
forecast_2369,2025-04-09 17:00:00,5480.3279420668505,6160.760831485239,4827.638479024327
forecast_2370,2025-04-09 18:00:00,8973.207474254197,7170.130773259281,4523.84715325486
forecast_2371,2025-04-09 19:00:00,6001.920858179455,7100.112999320992,5099.598793884954
forecast_2372,2025-04-09 20:00:00,6218.4160599145,6838.103533444561,4795.636105249704
forecast_2373,2025-04-09 21:00:00,4847.93457419811,4962.378370027643,4571.920007085495
forecast_2374,2025-04-09 22:00:00,5652.7330123320735,6303.274680125283,5129.429138840739
forecast_2375,2025-04-09 23:00:00,5560.241695921592,5995.84905622117,5797.468558743666
forecast_2376,2025-04-10 00:00:00,5591.771976492481,6341.035478227196,6310.839512961907
forecast_2377,2025-04-10 01:00:00,5803.903670999303,6191.293073358038,4623.758570735862
forecast_2378,2025-04-10 02:00:00,6772.161019837438,7096.370001886693,5198.755283363637
forecast_2379,2025-04-10 03:00:00,7516.490962058842,7977.624667851256,5766.045199783975
forecast_2380,2025-04-10 04:00:00,7793.068906490051,8880.704242652737,5686.048912006585
forecast_2381,2025-04-10 05:00:00,7329.361291729866,7758.497183352476,5515.155605011306
forecast_2382,2025-04-10 06:00:00,6477.961853049673,7004.750659605414,4723.307047580552
forecast_2383,2025-04-10 07:00:00,6905.449948118342,7306.813078402937,4563.195881409151
forecast_2384,2025-04-10 08:00:00,5925.939739778919,6282.049789660435,4160.041663065128
forecast_2385,2025-04-10 09:00:00,4930.717704055713,5271.524926026367,4104.588326107145
forecast_2386,2025-04-10 10:00:00,4458.762472545956,5201.2255172136565,3795.6821906486052
forecast_2387,2025-04-10 11:00:00,4743.5617546068115,4805.062473772191,3848.3309441421598
forecast_2388,2025-04-10 12:00:00,3847.972416578525,3843.9666840306863,3372.8843800693026
forecast_2389,2025-04-10 13:00:00,3586.3644679333706,3535.9929574360735,3298.7279823636027
forecast_2390,2025-04-10 14:00:00,3702.9549993498,3491.0203850877324,3160.2721830672626
forecast_2391,2025-04-10 15:00:00,3826.781403300437,3849.2795960757558,3559.2237909968385
forecast_2392,2025-04-10 16:00:00,4115.835377918654,3918.446208781646,3989.101491798605
forecast_2393,2025-04-10 17:00:00,4605.959793311266,4293.22561298998,3607.3198896649797
forecast_2394,2025-04-10 18:00:00,3861.1979797678664,3538.57161914799,3091.665387846187
forecast_2395,2025-04-10 19:00:00,3722.666401410063,3853.875367619246,3382.659252982944
forecast_2396,2025-04-10 20:00:00,3743.7035189035864,3654.8916272851434,3214.0128714321213
forecast_2397,2025-04-10 21:00:00,3706.452347725299,3516.17530693516,3222.112545225946
forecast_2398,2025-04-10 22:00:00,3910.8599587229533,3719.704945799244,3324.8063647329905
forecast_2399,2025-04-10 23:00:00,3911.894466376834,3888.9430795763155,3391.1179690873923
forecast_2400,2025-04-11 00:00:00,3895.052272365411,3888.9003839307543,3399.5605115859703
forecast_2401,2025-04-11 01:00:00,3621.77617370367,3044.3724848230613,3191.6685495036913
forecast_2402,2025-04-11 02:00:00,3178.3262745533066,2997.402619005821,3348.3847190045462
forecast_2403,2025-04-11 03:00:00,3352.734172346996,3193.308596448662,3171.1609504968646
forecast_2404,2025-04-11 04:00:00,3402.659749563673,3130.32517457527,3323.105252212593
forecast_2405,2025-04-11 05:00:00,3280.304900637305,3334.298110171449,3250.280515099836
forecast_2406,2025-04-11 06:00:00,3512.917048371011,3468.7638366515234,3092.2435274142904
forecast_2407,2025-04-11 07:00:00,3558.760763457527,3351.382531247707,2869.944828928799
forecast_2408,2025-04-11 08:00:00,3690.075038281597,3764.015041108493,2525.6119794669153
forecast_2409,2025-04-11 09:00:00,3285.6156001838667,3467.1757844168965,1051.6189447114875
forecast_2410,2025-04-11 10:00:00,3335.4093164486735,3541.6650506373803,9.341386206186604
forecast_2411,2025-04-11 11:00:00,2338.3078345421022,2408.5902081208724,21.938374627651047
forecast_2412,2025-04-11 12:00:00,58.30805080602235,1183.1754052848285,90.7677654700381
forecast_2413,2025-04-11 13:00:00,147.99148744947544,185.99518654501722,162.860713794021
forecast_2414,2025-04-11 14:00:00,2209.54656358822,2381.1100939034304,1886.0623398566568
forecast_2415,2025-04-11 15:00:00,3398.4040809500716,3727.42491956697,3326.710966016484
forecast_2416,2025-04-11 16:00:00,4391.789129895428,4328.846723442202,3207.4584010622466
forecast_2417,2025-04-11 17:00:00,4184.467186398059,4666.00962340432,3148.72577699016
forecast_2418,2025-04-11 18:00:00,3853.385004349315,4764.900959133451,2848.960684301751
forecast_2419,2025-04-11 19:00:00,3935.4920758302205,3770.9085214667452,3329.02214094401
forecast_2420,2025-04-11 20:00:00,4616.914978726634,4244.527839620916,3781.5496063126934
forecast_2421,2025-04-11 21:00:00,4294.933405682843,4284.623729703333,3692.972158670158
forecast_2422,2025-04-11 22:00:00,4205.1224415037705,4512.08983806003,3790.9408889292754
forecast_2423,2025-04-11 23:00:00,4367.21005756177,4786.026970376785,3932.496366112408
forecast_2424,2025-04-12 00:00:00,4379.4627309704765,4923.353653868179,3899.0904481304624
forecast_2425,2025-04-12 01:00:00,3744.653130972976,3837.7623510533476,3407.604619473507
forecast_2426,2025-04-12 02:00:00,3905.832152195738,3912.911293625665,3719.6454496323986
forecast_2427,2025-04-12 03:00:00,4152.510384838639,4356.6393957447735,3604.9286081886094
forecast_2428,2025-04-12 04:00:00,4128.85172938184,4186.198751875411,3597.9985189540157
forecast_2429,2025-04-12 05:00:00,5513.185235493084,5859.246816220757,3794.56157252843
forecast_2430,2025-04-12 06:00:00,4891.033697194584,4969.328185566252,3976.844053635715
forecast_2431,2025-04-12 07:00:00,4941.233680077468,5440.321047958594,4122.696968050534
forecast_2432,2025-04-12 08:00:00,5185.774171782691,6219.725129125248,5659.197203337834
forecast_2433,2025-04-12 09:00:00,7221.53316351964,8695.362425452106,6142.390873709157
forecast_2434,2025-04-12 10:00:00,9101.149028051925,10867.803354330994,7497.1796483260705
forecast_2435,2025-04-12 11:00:00,9412.671151098602,10557.255497821101,8516.660356325126
forecast_2436,2025-04-12 12:00:00,10991.85938433072,12920.600621596392,9222.586090355753
forecast_2437,2025-04-12 13:00:00,11109.325712687478,13636.758199812604,9870.044675873321
forecast_2438,2025-04-12 14:00:00,11137.009095320518,13069.334567171236,10356.493027421233
forecast_2439,2025-04-12 15:00:00,11333.091165486836,13340.766902266116,9923.664357022604
forecast_2440,2025-04-12 16:00:00,10929.649798133849,11846.447182098756,9656.964763289145
forecast_2441,2025-04-12 17:00:00,10602.208997061969,11419.5882647794,9605.830390903906
forecast_2442,2025-04-12 18:00:00,11734.685244636274,13190.406061785989,10116.62099487322
forecast_2443,2025-04-12 19:00:00,13739.022116287942,15196.329451984433,12909.90760604216
forecast_2444,2025-04-12 20:00:00,14294.68900353621,15083.943455156365,13642.569700715714
forecast_2445,2025-04-12 21:00:00,15391.972130549015,16444.880593525464,14640.082280878303
forecast_2446,2025-04-12 22:00:00,16159.50021805265,17112.472332350775,15583.422569161597
forecast_2447,2025-04-12 23:00:00,16885.670649671873,17659.500223733252,15480.02614828881
forecast_2448,2025-04-13 00:00:00,17126.78182379256,18012.865500702548,16110.30608786942
forecast_2449,2025-04-13 01:00:00,14955.989353495312,16144.901526556469,13923.062887454684
forecast_2450,2025-04-13 02:00:00,15361.048219314569,16885.768146620703,14442.798657132731
forecast_2451,2025-04-13 03:00:00,15843.903379353143,17361.403965236703,14633.445842071424
forecast_2452,2025-04-13 04:00:00,16712.5569084485,18805.519212583262,16631.49272107451
forecast_2453,2025-04-13 05:00:00,16967.91556073442,18863.62140016509,17482.19686913629
forecast_2454,2025-04-13 06:00:00,18027.622228159056,19850.078217710336,18316.068943993097
forecast_2455,2025-04-13 07:00:00,18784.995086663304,19882.109804457537,19302.931412798083
forecast_2456,2025-04-13 08:00:00,19913.021391293947,20156.809155302864,19325.857736047557
forecast_2457,2025-04-13 09:00:00,19887.484111556772,20170.026047917712,19337.035725744623
forecast_2458,2025-04-13 10:00:00,19335.787712799814,19909.623825043676,19338.207524003625
forecast_2459,2025-04-13 11:00:00,18237.847860754027,19798.913940473325,19328.739719668913
forecast_2460,2025-04-13 12:00:00,17890.235288627457,19229.16684973241,19331.235508845017
forecast_2461,2025-04-13 13:00:00,18049.869327660133,19279.06679641521,19336.332687312224
forecast_2462,2025-04-13 14:00:00,18036.852809891443,19738.709376191895,19029.397652889435
forecast_2463,2025-04-13 15:00:00,17814.848891152677,19367.879559582518,18533.71309733019
forecast_2464,2025-04-13 16:00:00,17630.85900432717,19258.312866329798,18539.935304903134
forecast_2465,2025-04-13 17:00:00,17657.075139716686,18893.092176329,18542.410073135583
forecast_2466,2025-04-13 18:00:00,17816.874716694645,18566.94281076484,18572.222667268597
forecast_2467,2025-04-13 19:00:00,17575.723082401368,17995.83781406158,18167.57848890721
forecast_2468,2025-04-13 20:00:00,16237.588767796515,16976.814298123845,18285.6119172622
forecast_2469,2025-04-13 21:00:00,15215.542834305554,15729.355113620299,17965.045324099246
forecast_2470,2025-04-13 22:00:00,14355.64518993231,14983.45580849463,17242.683926919344
forecast_2471,2025-04-13 23:00:00,13516.910927807696,14756.118048898037,16481.630240966326
forecast_2472,2025-04-14 00:00:00,13473.007894189914,14575.995327598244,16114.558421286825
forecast_2473,2025-04-14 01:00:00,11443.325370074488,11793.955788521633,12528.91575737324
forecast_2474,2025-04-14 02:00:00,11905.364598856066,14014.785211142245,10017.187596205707
forecast_2475,2025-04-14 03:00:00,10207.798526009636,11246.79828740754,7182.1201169635115
forecast_2476,2025-04-14 04:00:00,6980.570083660032,8644.733575011824,5983.234129486084
forecast_2477,2025-04-14 05:00:00,5315.856593138426,6641.821908175499,5677.056746469213
forecast_2478,2025-04-14 06:00:00,4972.082689195649,5279.336506777563,4792.406083984034
forecast_2479,2025-04-14 07:00:00,4340.527788851739,5086.044117919633,3941.9285765249233
forecast_2480,2025-04-14 08:00:00,3996.053836843062,3856.3387880482105,3647.1395912766425
forecast_2481,2025-04-14 09:00:00,4126.232941554423,3818.623755742281,3509.780828214492
forecast_2482,2025-04-14 10:00:00,3971.3151434280726,3689.515397766635,3354.55652833036
forecast_2483,2025-04-14 11:00:00,3704.1049711691144,3415.213146936172,3192.052991987286
forecast_2484,2025-04-14 12:00:00,3356.314130197464,3621.2481158870983,3332.874385341404
forecast_2485,2025-04-14 13:00:00,3590.3943530589354,4175.17414824165,3379.7176555390956
forecast_2486,2025-04-14 14:00:00,3313.991854021122,3257.073576609157,3186.8914468868043
forecast_2487,2025-04-14 15:00:00,3974.2926986469756,3792.8422100232565,3433.007997757209
forecast_2488,2025-04-14 16:00:00,4482.468449326814,4090.634137060166,3353.231441804683
forecast_2489,2025-04-14 17:00:00,3386.6376883369217,2807.621390726839,3184.2155457159815
forecast_2490,2025-04-14 18:00:00,3137.2801853606043,3251.7387751522247,3163.0893635000325
forecast_2491,2025-04-14 19:00:00,3827.6329111245545,3754.809689151416,3233.2932823990395
forecast_2492,2025-04-14 20:00:00,4067.1971058536265,4074.0429826873924,3451.2509627787776
forecast_2493,2025-04-14 21:00:00,4344.9043424531155,4676.976337158446,3621.082487943651
forecast_2494,2025-04-14 22:00:00,4365.240322796794,5496.273892721632,3591.390216362129
forecast_2495,2025-04-14 23:00:00,5474.631148138887,5537.655644510869,3585.734274066255
forecast_2496,2025-04-15 00:00:00,5382.149964826023,5621.312988561588,3618.2551752589675
forecast_2497,2025-04-15 01:00:00,7790.506645158345,8931.504995229801,4262.695499616274
forecast_2498,2025-04-15 02:00:00,8259.645783214482,8511.85394545944,5652.106612276898
forecast_2499,2025-04-15 03:00:00,7481.946581412627,7797.642023038772,5250.711613797545
forecast_2500,2025-04-15 04:00:00,7659.866807352336,7826.974819000999,5018.740461067037
forecast_2501,2025-04-15 05:00:00,7626.9729865940935,7784.377663718106,5194.773989010073
forecast_2502,2025-04-15 06:00:00,7954.804203402853,8000.475507819104,5544.377823933967
forecast_2503,2025-04-15 07:00:00,8183.708010274833,8493.602413412698,6069.454046959129
forecast_2504,2025-04-15 08:00:00,8684.231234614812,8512.008149452666,6529.245299900558
forecast_2505,2025-04-15 09:00:00,8365.282518435057,9344.008613455102,5896.9956446391325
forecast_2506,2025-04-15 10:00:00,8675.924947586002,9250.208464144318,6327.219278051239
forecast_2507,2025-04-15 11:00:00,8731.148571504818,8468.503617899403,6820.323615777147
forecast_2508,2025-04-15 12:00:00,8606.072960724732,8155.272866947997,6980.908545191532
forecast_2509,2025-04-15 13:00:00,8534.241624107106,8196.832744534304,7186.662164376021
forecast_2510,2025-04-15 14:00:00,9120.952277045208,8883.3136650194,8196.454533632455
forecast_2511,2025-04-15 15:00:00,10182.907789138444,9773.936705971719,9055.766258818832
forecast_2512,2025-04-15 16:00:00,10927.107312666996,10475.268398219649,9514.21619871462
forecast_2513,2025-04-15 17:00:00,11980.649839222962,11594.497745214932,9704.028690940546
forecast_2514,2025-04-15 18:00:00,12445.158081090682,12409.73495143802,10485.599647329676
forecast_2515,2025-04-15 19:00:00,13965.415571530251,13612.129871581934,11393.972514521909
forecast_2516,2025-04-15 20:00:00,14654.791305114437,15480.351504707443,12232.327373539572
forecast_2517,2025-04-15 21:00:00,14922.05410304186,16933.587768449906,12723.98663267481
forecast_2518,2025-04-15 22:00:00,15537.875721882896,17464.843224204425,15541.152636124008
forecast_2519,2025-04-15 23:00:00,16231.942356254534,17484.371912019575,15299.156371116986
forecast_2520,2025-04-16 00:00:00,16456.33110190295,17619.756936750822,14768.623285242875
forecast_2521,2025-04-16 01:00:00,16897.29343697306,18009.070519865818,14806.278148050444
forecast_2522,2025-04-16 02:00:00,16488.739744722043,17400.514394829068,14436.17316226551
forecast_2523,2025-04-16 03:00:00,15792.463101678532,16451.853173265325,13969.707181025102
forecast_2524,2025-04-16 04:00:00,15635.068688538822,16238.8904980403,14183.544887170807
forecast_2525,2025-04-16 05:00:00,15381.062681760888,16368.11572530471,14350.710716315418
forecast_2526,2025-04-16 06:00:00,15376.547350600445,16655.173205311716,14290.331946781987
forecast_2527,2025-04-16 07:00:00,14496.904828801637,14923.910863241586,13304.704944464322
forecast_2528,2025-04-16 08:00:00,13660.895106898675,14055.588204586651,12360.31274473801
forecast_2529,2025-04-16 09:00:00,11232.915714140921,12883.46499590939,11241.51412879104
forecast_2530,2025-04-16 10:00:00,10824.673747575429,11605.531883284573,9674.581809860254
forecast_2531,2025-04-16 11:00:00,10431.475555425744,10542.569012696715,9402.714492077781
forecast_2532,2025-04-16 12:00:00,10920.801730052199,10143.37744660106,10085.311270870086
forecast_2533,2025-04-16 13:00:00,11794.307867296693,11407.97515490908,11222.473138885367
forecast_2534,2025-04-16 14:00:00,11566.014184037536,11484.740148567778,12747.548716255718
forecast_2535,2025-04-16 15:00:00,12263.639454946195,12940.896844700153,13690.378142768901
forecast_2536,2025-04-16 16:00:00,13261.38382965281,14211.253876025614,14440.230479919444
forecast_2537,2025-04-16 17:00:00,14073.306335450803,15581.19190713655,14826.314117602016
forecast_2538,2025-04-16 18:00:00,15624.679929662201,16843.857737244653,15063.82263336309
forecast_2539,2025-04-16 19:00:00,16617.946427907817,17679.66781179631,16843.65839295543
forecast_2540,2025-04-16 20:00:00,16633.06019035889,18164.131450472058,18014.812971101866
forecast_2541,2025-04-16 21:00:00,16539.03952625581,18481.430882035005,17945.959890259695
forecast_2542,2025-04-16 22:00:00,16627.998525982213,18436.600993092088,17936.000265911927
forecast_2543,2025-04-16 23:00:00,16672.636199225053,18531.898446015133,18050.091084441512
forecast_2544,2025-04-17 00:00:00,17062.66297338593,18840.283771520477,18081.860297130534
forecast_2545,2025-04-17 01:00:00,17209.381757089704,19268.2771832381,16937.317903515992
forecast_2546,2025-04-17 02:00:00,17842.51970518272,19336.986246478064,17801.177812696667
forecast_2547,2025-04-17 03:00:00,17281.206748486566,18937.89992478863,18055.532434843804
forecast_2548,2025-04-17 04:00:00,17078.21403534964,19088.701634456404,17838.491603826293
forecast_2549,2025-04-17 05:00:00,16171.260143921598,17122.978003930748,16024.874266740899
forecast_2550,2025-04-17 06:00:00,16554.15077075639,17320.215772779266,16205.681109171266
forecast_2551,2025-04-17 07:00:00,16016.793925692122,18604.80678529254,16675.92270021139
forecast_2552,2025-04-17 08:00:00,14936.28933105807,16862.890543000587,15800.001423514583
forecast_2553,2025-04-17 09:00:00,13861.720189640086,15518.16346137197,12821.990527658247
forecast_2554,2025-04-17 10:00:00,12503.64667044336,14140.923986965741,10459.21821738166
forecast_2555,2025-04-17 11:00:00,12823.611540611928,13686.643364614158,9076.223685426048
forecast_2556,2025-04-17 12:00:00,10260.26432304329,10878.919453177188,7970.386095851602
forecast_2557,2025-04-17 13:00:00,10509.195093700111,10703.221775787451,7775.838315999258
forecast_2558,2025-04-17 14:00:00,9021.906492475438,10144.692091330326,7823.863151611139
forecast_2559,2025-04-17 15:00:00,8912.436484110089,9842.175106248651,8748.654194619448
forecast_2560,2025-04-17 16:00:00,9658.61230074973,10488.405924169052,9735.85242355347
forecast_2561,2025-04-17 17:00:00,10300.849609954494,11330.657373416778,11462.17825626778
forecast_2562,2025-04-17 18:00:00,10470.936297684246,12751.715534346928,11778.565792918616
forecast_2563,2025-04-17 19:00:00,11637.542888910859,13356.392385521378,12612.442803744081
forecast_2564,2025-04-17 20:00:00,11465.100003545964,14139.512424031836,11681.482426108723
forecast_2565,2025-04-17 21:00:00,12412.861726827143,14768.883797623821,11998.939397051512
forecast_2566,2025-04-17 22:00:00,12560.646938998714,14685.371951898775,11741.81598964517
forecast_2567,2025-04-17 23:00:00,15115.842154655356,16772.53306404267,13306.60436951632
forecast_2568,2025-04-18 00:00:00,15720.144604050838,17168.484106553686,14488.53833751555
forecast_2569,2025-04-18 01:00:00,17890.489203953905,19734.578559020498,17629.51698232898
forecast_2570,2025-04-18 02:00:00,17972.530427042428,19848.644618289418,17822.07288389716
forecast_2571,2025-04-18 03:00:00,18436.44533186369,19885.959812855057,18583.918549250495
forecast_2572,2025-04-18 04:00:00,18785.828816466033,19917.060367186597,18415.254886396815
forecast_2573,2025-04-18 05:00:00,18548.677845679063,19327.1294088353,16745.50995977391
forecast_2574,2025-04-18 06:00:00,17557.063862543273,18704.948494483644,14788.291658902583
forecast_2575,2025-04-18 07:00:00,16461.455718220135,17189.95002759788,13154.249714535046
forecast_2576,2025-04-18 08:00:00,15568.094773849083,16654.72515043728,12941.189804870739
forecast_2577,2025-04-18 09:00:00,14136.395335437015,15360.512542116177,12840.31963948406
forecast_2578,2025-04-18 10:00:00,12619.43331223822,14171.15937773756,11672.359664306417
forecast_2579,2025-04-18 11:00:00,11663.025292480792,12536.572304880205,10846.14348662984
forecast_2580,2025-04-18 12:00:00,10606.575825918064,11005.498447648337,9967.640666030287
forecast_2581,2025-04-18 13:00:00,9575.771849289415,10036.446141726048,8689.712236802381
forecast_2582,2025-04-18 14:00:00,8905.974388054714,9233.907332186998,8059.309935681402
forecast_2583,2025-04-18 15:00:00,7989.248366853003,8200.090268847855,7678.025696132106
forecast_2584,2025-04-18 16:00:00,7475.8696649481135,7458.956851213975,6917.613534981172
forecast_2585,2025-04-18 17:00:00,6715.688565262506,6532.536683421108,6451.71389311959
forecast_2586,2025-04-18 18:00:00,6731.738828926837,7058.328587775064,5774.629004280468
forecast_2587,2025-04-18 19:00:00,7317.231078755327,7803.773548670467,7352.440686763393
forecast_2588,2025-04-18 20:00:00,8708.579771858309,9195.506798966335,7919.091141259003
forecast_2589,2025-04-18 21:00:00,9649.608504862754,10909.011176288044,10423.986953353791
forecast_2590,2025-04-18 22:00:00,9733.532779122394,11171.269521354092,9875.525157713988
forecast_2591,2025-04-18 23:00:00,9260.89988549892,11481.061529083847,8932.949223553675
forecast_2592,2025-04-19 00:00:00,8834.477682180117,9861.922347447899,8555.517211442466
forecast_2593,2025-04-19 01:00:00,11423.541062287997,13389.823263309961,10540.443346054513
forecast_2594,2025-04-19 02:00:00,12206.839962632617,13702.039916194895,11595.970899622098
forecast_2595,2025-04-19 03:00:00,13653.59995918718,15415.75408125373,12426.546328392606
forecast_2596,2025-04-19 04:00:00,13903.97377925897,15204.116103484152,12585.808427447271
forecast_2597,2025-04-19 05:00:00,14318.474612769582,15394.925701499053,12307.17985305316
forecast_2598,2025-04-19 06:00:00,13232.253580585822,15865.67823155807,11667.175412327639
forecast_2599,2025-04-19 07:00:00,13246.949688601106,15369.93786850616,11148.610309891634
forecast_2600,2025-04-19 08:00:00,12136.966813029107,13738.312101891344,10314.2525639284
forecast_2601,2025-04-19 09:00:00,12154.064728747733,14955.102934158396,9878.335959573318
forecast_2602,2025-04-19 10:00:00,12350.190677448585,13944.036175375542,10376.451876558227
forecast_2603,2025-04-19 11:00:00,13216.565461977441,14944.873452303838,11407.024244211621
forecast_2604,2025-04-19 12:00:00,14602.84081561748,16243.237772375194,13181.310561710383
forecast_2605,2025-04-19 13:00:00,14384.875417653113,16561.91943259949,14522.905661587969
forecast_2606,2025-04-19 14:00:00,15078.215619563429,17156.83052294199,15706.565214463832
forecast_2607,2025-04-19 15:00:00,15327.194143484241,17299.186839623828,16214.563320670375
forecast_2608,2025-04-19 16:00:00,16831.02057146089,17916.562046030434,17097.019328900435
forecast_2609,2025-04-19 17:00:00,16781.93284300202,17798.62530357845,17219.015185792832
forecast_2610,2025-04-19 18:00:00,16849.35062888364,17558.163844751336,16846.445973192232
forecast_2611,2025-04-19 19:00:00,15265.310621914725,16473.126173803055,15268.844258494415
forecast_2612,2025-04-19 20:00:00,14994.605103943344,14840.262936785477,15381.796213433314
forecast_2613,2025-04-19 21:00:00,13697.177514298819,13753.025664976794,14007.34320225885
forecast_2614,2025-04-19 22:00:00,14089.154191520485,12794.649019244864,12579.638500338486
forecast_2615,2025-04-19 23:00:00,12331.19947311161,12897.829977195615,9875.462955704037
forecast_2616,2025-04-20 00:00:00,11941.584355499679,12406.391844114236,8519.000048498223
forecast_2617,2025-04-20 01:00:00,7640.231403308046,9346.374025896943,5815.339557341006
forecast_2618,2025-04-20 02:00:00,7606.010200881152,8572.437291697663,5554.260008192037
forecast_2619,2025-04-20 03:00:00,5545.858574740095,5912.719079208571,4250.058488581576
forecast_2620,2025-04-20 04:00:00,4068.5169544048463,3958.8401419159713,3301.1472367672764
forecast_2621,2025-04-20 05:00:00,3399.0699735617686,3373.4265444385405,3157.155176251624
forecast_2622,2025-04-20 06:00:00,3763.349484258304,3614.415729693924,3620.32825684914
forecast_2623,2025-04-20 07:00:00,3751.187748578029,3835.8108139049896,1730.9860716235585
forecast_2624,2025-04-20 08:00:00,3411.524448287301,3619.4325870432426,80.42143718759277
forecast_2625,2025-04-20 09:00:00,3482.484234151973,3668.3988573570077,78.07241025615328
forecast_2626,2025-04-20 10:00:00,3995.4227065604596,3797.2725267161964,1129.834242550597
forecast_2627,2025-04-20 11:00:00,4244.976160757044,4003.3318839800227,1102.6041698202127
forecast_2628,2025-04-20 12:00:00,4062.406908930302,2691.8966668891726,143.2343793054085
forecast_2629,2025-04-20 13:00:00,2742.2894655684736,2493.934667404125,194.23297590931574
forecast_2630,2025-04-20 14:00:00,293.2339661479127,2672.7597099335835,274.9647256131499
forecast_2631,2025-04-20 15:00:00,3537.5030740282546,2694.6243395909937,293.3162592883828
forecast_2632,2025-04-20 16:00:00,4747.772240499715,3325.6019868012563,261.6125934451785
forecast_2633,2025-04-20 17:00:00,3518.418600186639,3439.7924811804337,214.84120032723615
forecast_2634,2025-04-20 18:00:00,3258.835346817018,3219.6339143308023,905.3915557789625
forecast_2635,2025-04-20 19:00:00,2739.4527009907906,2768.569910508205,1660.689431300918
forecast_2636,2025-04-20 20:00:00,3270.0136132133703,3143.363811942584,1932.5064271182457
forecast_2637,2025-04-20 21:00:00,3823.5429941068633,3766.605164815052,3882.3627227778907
forecast_2638,2025-04-20 22:00:00,4018.713808623577,3554.5876781712245,4752.761286896898
forecast_2639,2025-04-20 23:00:00,3903.514408500982,3689.777625430111,5514.789209091622
forecast_2640,2025-04-21 00:00:00,4637.336786582841,3884.651567042094,5491.215508102016
forecast_2641,2025-04-21 01:00:00,2962.5521336635293,3155.9914057633896,124.369779616018
forecast_2642,2025-04-21 02:00:00,3143.2229814404322,3217.6729358012353,7998.109112388182
forecast_2643,2025-04-21 03:00:00,3104.1564918102035,2799.9894003101676,4381.630497335005
forecast_2644,2025-04-21 04:00:00,3004.6890471855045,2941.0502067634243,4009.9325120854946
forecast_2645,2025-04-21 05:00:00,3248.546759492542,3148.5746626396444,1806.8086548222047
forecast_2646,2025-04-21 06:00:00,3037.541964641309,3339.6380016416065,2098.7954065551166
forecast_2647,2025-04-21 07:00:00,3307.2313806733096,3583.6383542341223,2742.69216306805
forecast_2648,2025-04-21 08:00:00,3333.9866999901437,3626.4857564398344,3182.4371698230193
forecast_2649,2025-04-21 09:00:00,3437.106086453549,3457.102139645573,3310.680170828519
forecast_2650,2025-04-21 10:00:00,3501.89355429142,3578.1681594417346,3398.0391951542383
forecast_2651,2025-04-21 11:00:00,3746.975477131798,3750.297041643952,3621.4659755198063
forecast_2652,2025-04-21 12:00:00,3435.996697188874,3656.0064634845926,3595.5060256828865
forecast_2653,2025-04-21 13:00:00,3416.916197659225,3974.4953838479964,3648.7972378365002
forecast_2654,2025-04-21 14:00:00,3519.919196310626,3939.3156098805744,3677.314859793632
forecast_2655,2025-04-21 15:00:00,3549.699603859484,3856.8096583196516,3566.5626706518806
forecast_2656,2025-04-21 16:00:00,3868.5233509227205,3777.2656436787033,3552.4222407466805
forecast_2657,2025-04-21 17:00:00,3726.999532547974,3805.229548448084,3519.1973173208553
forecast_2658,2025-04-21 18:00:00,3855.5906138718815,3801.78469591171,3512.830010148712
forecast_2659,2025-04-21 19:00:00,3890.751819652411,4023.893059918986,3794.901361202147
forecast_2660,2025-04-21 20:00:00,4449.43090796649,5539.861826941901,3823.7733993023185
forecast_2661,2025-04-21 21:00:00,5481.888683942166,7416.636805901883,4483.5597683189135
forecast_2662,2025-04-21 22:00:00,7762.323860776383,8440.507034049439,5017.426438063916
forecast_2663,2025-04-21 23:00:00,8315.220990912085,9195.921061924886,5908.20210757262
forecast_2664,2025-04-22 00:00:00,8739.974346404799,9572.469092482488,6312.274754104439
forecast_2665,2025-04-22 01:00:00,8235.916125526453,10467.54432286038,6357.603104464871
forecast_2666,2025-04-22 02:00:00,7986.558789459752,9503.375062545936,5502.637949296803
forecast_2667,2025-04-22 03:00:00,7484.882438134009,8748.358303774288,4843.084363839798
forecast_2668,2025-04-22 04:00:00,6911.383613457975,8317.956507003551,4327.539658384477
forecast_2669,2025-04-22 05:00:00,6257.681613527004,6940.128573953409,3967.1894824157907
forecast_2670,2025-04-22 06:00:00,6913.805950747437,7025.481699938117,4003.768658234999
forecast_2671,2025-04-22 07:00:00,3865.936260042646,4136.383983649827,3722.906436927075
forecast_2672,2025-04-22 08:00:00,4433.987939036442,5092.229920832343,3668.066810262323
forecast_2673,2025-04-22 09:00:00,4701.090928891562,5186.407953536708,4865.462091198631
forecast_2674,2025-04-22 10:00:00,6406.947275638809,8454.934853406667,5797.85840459212
forecast_2675,2025-04-22 11:00:00,8199.00236076099,10553.428239586823,7317.074288551083
forecast_2676,2025-04-22 12:00:00,9165.067032756018,11981.727648054699,7828.530709626577
forecast_2677,2025-04-22 13:00:00,9945.358706682533,11548.72994367973,7601.441502795291
forecast_2678,2025-04-22 14:00:00,9469.578548586704,10667.276867873077,7513.535195004087
forecast_2679,2025-04-22 15:00:00,5329.096299314729,5889.794730537362,4777.005168878359
forecast_2680,2025-04-22 16:00:00,4551.375330777515,4564.494831714865,3722.70751163846
forecast_2681,2025-04-22 17:00:00,3658.8643873962524,3504.4602428795556,3398.0000653669827
forecast_2682,2025-04-22 18:00:00,3555.274633768453,3611.9789355790735,3556.3326996329747
forecast_2683,2025-04-22 19:00:00,3922.5515232789,4016.246664150683,3744.4203572776073
forecast_2684,2025-04-22 20:00:00,3938.7490256360757,4287.7084808699365,3492.759345426959
forecast_2685,2025-04-22 21:00:00,4510.9623477846935,4461.660469087909,3750.322010416064
forecast_2686,2025-04-22 22:00:00,4049.4100272279993,4201.951505972189,3701.6761446319288
forecast_2687,2025-04-22 23:00:00,5037.888922263121,5415.199383772776,3636.5728632933015
forecast_2688,2025-04-23 00:00:00,5823.979734196985,6170.58351334505,3995.3491617233017
forecast_2689,2025-04-23 01:00:00,6907.14563588993,7070.190683967873,4718.7966618496275
forecast_2690,2025-04-23 02:00:00,6562.825547353026,6829.155601143403,4289.333775397503
forecast_2691,2025-04-23 03:00:00,5712.037815290193,6147.354530596799,3904.0072766004732
forecast_2692,2025-04-23 04:00:00,5510.237237221974,5960.119853584022,3801.4836645290547
forecast_2693,2025-04-23 05:00:00,4291.231222070546,4757.231191226791,3724.9453230779286
forecast_2694,2025-04-23 06:00:00,4177.1872358157425,4317.707344199149,3395.963536666119
forecast_2695,2025-04-23 07:00:00,3927.0545297003164,3968.917490485455,3677.9296009610885
forecast_2696,2025-04-23 08:00:00,3808.8078169878336,3767.8572848667663,3539.363277737825
forecast_2697,2025-04-23 09:00:00,3693.612150015254,3665.637644382536,3432.1542487021375
forecast_2698,2025-04-23 10:00:00,3871.6775770889726,3397.553770848423,3429.866338424016
forecast_2699,2025-04-23 11:00:00,3769.870891981918,3780.888922154543,3516.1899785842047
forecast_2700,2025-04-23 12:00:00,3918.6885515538115,3825.2541706524344,3422.537037676976
forecast_2701,2025-04-23 13:00:00,2568.5154581363145,2761.7508771379466,1732.7121394247413
forecast_2702,2025-04-23 14:00:00,4734.373121452284,5211.9009076462835,797.646244861633
forecast_2703,2025-04-23 15:00:00,4539.3454955081215,4898.408029785273,2498.9831844360874
forecast_2704,2025-04-23 16:00:00,3836.639893654394,4879.086271043342,2712.4495644350727
forecast_2705,2025-04-23 17:00:00,3310.8235447701304,3538.5432750325926,2806.0905348298984
forecast_2706,2025-04-23 18:00:00,3717.3670154856823,3417.0713103799035,2802.8319969667596
forecast_2707,2025-04-23 19:00:00,3610.1241587343084,3669.7057702877087,2993.9207488759494
forecast_2708,2025-04-23 20:00:00,4965.190688275886,5157.395739427841,3824.0090282949095
forecast_2709,2025-04-23 21:00:00,6923.790047575293,7173.0376392940425,4111.848482479401
forecast_2710,2025-04-23 22:00:00,9258.510826225353,9543.066101176551,6352.142390096117
forecast_2711,2025-04-23 23:00:00,11379.902663626883,12146.721255531065,9207.54063695086
forecast_2712,2025-04-24 00:00:00,11973.494736554108,10695.04701064912,8307.01119596075
forecast_2713,2025-04-24 01:00:00,15295.05537972378,14508.716513991943,10171.852315486314
forecast_2714,2025-04-24 02:00:00,13827.016464573951,15279.13748674566,9567.329630372637
forecast_2715,2025-04-24 03:00:00,13868.99928001777,16459.793116088542,10362.628740262931
forecast_2716,2025-04-24 04:00:00,15215.82415821286,16638.082322487746,11623.392018391425
forecast_2717,2025-04-24 05:00:00,17133.508034868802,17569.839850260138,13072.177812513683
forecast_2718,2025-04-24 06:00:00,18100.489509568477,17791.25350742727,12958.500707840605
forecast_2719,2025-04-24 07:00:00,16209.968160881761,17152.913965492953,11973.930283312451
forecast_2720,2025-04-24 08:00:00,13484.686839558562,14227.156533280555,10318.810998291134
forecast_2721,2025-04-24 09:00:00,11709.350690545161,12338.888547088607,9115.282503772556
forecast_2722,2025-04-24 10:00:00,9974.659680332952,10349.272046816932,7746.8238225323785
forecast_2723,2025-04-24 11:00:00,10267.456099071582,10423.517666273203,8190.916727776773
forecast_2724,2025-04-24 12:00:00,10754.221570996187,11090.751484460518,9155.11328443237
forecast_2725,2025-04-24 13:00:00,12060.018068628495,12327.618562985715,10151.14826893925
forecast_2726,2025-04-24 14:00:00,12949.23684739083,13529.206658549341,11133.624389712639
forecast_2727,2025-04-24 15:00:00,14239.463885454545,15268.298749103411,12429.994516478684
forecast_2728,2025-04-24 16:00:00,15299.146599670972,16110.953946409434,13061.934852123119
forecast_2729,2025-04-24 17:00:00,15590.614942010374,15954.750810595271,13801.19314470109
forecast_2730,2025-04-24 18:00:00,15699.884551577468,16407.933388129775,14054.239419805825
forecast_2731,2025-04-24 19:00:00,16317.733238073082,17025.61240300289,15049.310176986142
forecast_2732,2025-04-24 20:00:00,16531.80487589574,18045.11116295486,15708.062476501558
forecast_2733,2025-04-24 21:00:00,16372.220392316476,17592.95860604553,16134.921643285017
forecast_2734,2025-04-24 22:00:00,15825.205972515088,17382.268477811936,15475.343686406033
forecast_2735,2025-04-24 23:00:00,15285.526899489687,16703.986985020554,13843.545635474837
forecast_2736,2025-04-25 00:00:00,15288.634224996475,16248.787573819274,13915.639743315913
forecast_2737,2025-04-25 01:00:00,14322.339022830649,15196.158968148578,12615.042957983958
forecast_2738,2025-04-25 02:00:00,13482.427659257326,15110.02005604596,12029.072444919364
forecast_2739,2025-04-25 03:00:00,12808.287644703058,14401.713037269341,11083.403948149216
forecast_2740,2025-04-25 04:00:00,12209.44039021326,13396.103141911215,10739.094536204055
forecast_2741,2025-04-25 05:00:00,11888.524308231184,12923.954133789775,10374.648285995117
forecast_2742,2025-04-25 06:00:00,12155.082925106488,13162.98276556097,10503.540572228878
forecast_2743,2025-04-25 07:00:00,11891.463178001943,12828.324980886393,9431.33118537386
forecast_2744,2025-04-25 08:00:00,11943.797047736201,14172.012813577023,9272.054850522536
forecast_2745,2025-04-25 09:00:00,12223.854314754166,13180.191255750779,8866.391940439771
forecast_2746,2025-04-25 10:00:00,12394.818619563652,12948.972976995037,8876.772928923612
forecast_2747,2025-04-25 11:00:00,12008.32872166314,11920.269334077648,8734.602110741462
forecast_2748,2025-04-25 12:00:00,11162.204517397864,10958.03349574724,8462.525668395108
forecast_2749,2025-04-25 13:00:00,10757.995153384214,10534.52088672802,7842.34170786915
forecast_2750,2025-04-25 14:00:00,11171.753022497103,10381.736184299974,8042.019871223944
forecast_2751,2025-04-25 15:00:00,11557.386327257005,11035.000118633536,8352.698215599094
forecast_2752,2025-04-25 16:00:00,11322.471275160064,11027.865255525161,8954.197166996864
forecast_2753,2025-04-25 17:00:00,11625.871227999154,11252.944697816967,9019.974100575668
forecast_2754,2025-04-25 18:00:00,11730.097291057358,11812.739083861892,9198.670959541758
forecast_2755,2025-04-25 19:00:00,12747.55975199681,12110.573081907625,9708.133911637404
forecast_2756,2025-04-25 20:00:00,12900.705347853636,13277.782355864802,10568.986027464089
forecast_2757,2025-04-25 21:00:00,13040.367640038425,14554.35349387312,11236.441541991813
forecast_2758,2025-04-25 22:00:00,12795.059425610101,12842.639322212373,11093.890702886432
forecast_2759,2025-04-25 23:00:00,11914.818533265376,12726.333713008653,9928.099069205668
forecast_2760,2025-04-26 00:00:00,11850.631142710217,13181.53231088556,9298.166622009045
forecast_2761,2025-04-26 01:00:00,9202.311598290129,10771.272115500038,8463.580733790173
forecast_2762,2025-04-26 02:00:00,9833.917304888988,11029.989685060289,9642.891802594191
forecast_2763,2025-04-26 03:00:00,11201.811576149139,12555.452624569223,10808.622504022322
forecast_2764,2025-04-26 04:00:00,11813.841350856668,12963.766955306683,11443.92548437687
forecast_2765,2025-04-26 05:00:00,12040.638374679,13023.656404573996,11909.263531836792
forecast_2766,2025-04-26 06:00:00,12521.323902605014,14530.3885737642,12171.068998488643
forecast_2767,2025-04-26 07:00:00,13572.871269846704,16120.185011386318,13077.402276373712
forecast_2768,2025-04-26 08:00:00,15039.755142034706,16185.891029689481,12758.753401707923
forecast_2769,2025-04-26 09:00:00,15321.051446564356,16223.476471396543,12631.297819641284
forecast_2770,2025-04-26 10:00:00,15203.023707815046,15905.257029276545,11344.973168148268
forecast_2771,2025-04-26 11:00:00,13967.500517821049,14319.365351369064,11427.035244168854
forecast_2772,2025-04-26 12:00:00,13907.299378031423,13986.359230861455,11139.008569390515
forecast_2773,2025-04-26 13:00:00,13851.663994391212,14220.144779493528,11187.503089767697
forecast_2774,2025-04-26 14:00:00,14740.596079822608,14476.46796843263,11851.713211905053
forecast_2775,2025-04-26 15:00:00,15198.196034241311,15215.304703203861,11911.8292245485
forecast_2776,2025-04-26 16:00:00,15636.91635823734,16189.316997188627,13077.152336539217
forecast_2777,2025-04-26 17:00:00,16195.53467789227,16877.779366336144,14373.009088068706
forecast_2778,2025-04-26 18:00:00,17276.439674597925,17664.481640764738,16012.625043267855
forecast_2779,2025-04-26 19:00:00,17891.08725855096,18574.492902333513,17768.17316774072
forecast_2780,2025-04-26 20:00:00,18401.334004601893,19119.47148301196,18586.086031169125
forecast_2781,2025-04-26 21:00:00,19075.14341291056,19879.747897201745,19340.456364380112
forecast_2782,2025-04-26 22:00:00,19890.37767536783,19883.74543412148,19368.250970497105
forecast_2783,2025-04-26 23:00:00,19890.49903927784,19906.47867294083,19438.787158101557
forecast_2784,2025-04-27 00:00:00,19907.027908305776,19933.87528115371,19454.33767230031
forecast_2785,2025-04-27 01:00:00,19843.148001106823,19917.82076501612,19356.383573651558
forecast_2786,2025-04-27 02:00:00,19507.88861976082,19916.668136849898,19329.704425708558
forecast_2787,2025-04-27 03:00:00,19337.11075134813,19519.57047434291,19291.990492012097
forecast_2788,2025-04-27 04:00:00,18810.939126481477,19404.641467666796,19327.93550612911
forecast_2789,2025-04-27 05:00:00,18940.74470197579,19174.600708473165,19352.21212379373
forecast_2790,2025-04-27 06:00:00,18630.93748770325,19065.49158645157,19323.887193312883
forecast_2791,2025-04-27 07:00:00,18574.9366584389,19067.042462702193,19399.784660136746
forecast_2792,2025-04-27 08:00:00,18508.392862741035,19378.33241888175,18666.10470907733
forecast_2793,2025-04-27 09:00:00,17735.641567182025,18667.833782600846,16395.468724052025
forecast_2794,2025-04-27 10:00:00,17254.784378492317,17835.065752916697,14986.755598208389
forecast_2795,2025-04-27 11:00:00,16862.823953848176,17549.358468889888,14859.392539247243
forecast_2796,2025-04-27 12:00:00,17179.953521380543,18140.79479660073,15542.344403356612
forecast_2797,2025-04-27 13:00:00,17215.21943151991,18237.352160651717,16042.90260970484
forecast_2798,2025-04-27 14:00:00,17538.807286200255,18017.165060092266,15760.305681162625
forecast_2799,2025-04-27 15:00:00,17073.189773228085,18037.569802670434,15779.253616041799
forecast_2800,2025-04-27 16:00:00,17006.524045460978,18102.502822449347,15925.326180042615
forecast_2801,2025-04-27 17:00:00,16954.576755451304,18099.51377444283,15463.099702654023
forecast_2802,2025-04-27 18:00:00,17224.48998718819,17931.712805314663,15439.192842447672
forecast_2803,2025-04-27 19:00:00,16958.778305985164,17925.83275382642,16198.448426428131
forecast_2804,2025-04-27 20:00:00,17078.9650180323,18083.896878527416,16880.497736476307
forecast_2805,2025-04-27 21:00:00,17353.765861656255,18349.239736375042,17291.307545777014
forecast_2806,2025-04-27 22:00:00,17606.598620873745,18206.147388246936,17164.83782428527
forecast_2807,2025-04-27 23:00:00,17520.11614278226,18176.42899966095,16993.103825339138
forecast_2808,2025-04-28 00:00:00,17457.44718166986,18294.588193963038,17158.70059802553
forecast_2809,2025-04-28 01:00:00,15565.376319200406,16917.296029933073,14628.900649471483
forecast_2810,2025-04-28 02:00:00,15468.34483596579,16939.145248579578,14668.86044794327
forecast_2811,2025-04-28 03:00:00,14999.705052051144,16522.35322956026,13940.245577853464
forecast_2812,2025-04-28 04:00:00,13655.472231490336,14957.842490215091,12239.93538978459
forecast_2813,2025-04-28 05:00:00,11040.570341993594,12698.878368741034,9749.862208173292
forecast_2814,2025-04-28 06:00:00,9589.87395303071,10433.648813185537,7068.236042752852
forecast_2815,2025-04-28 07:00:00,7290.6038945501905,8022.1002498949465,5505.10304987609
forecast_2816,2025-04-28 08:00:00,5639.86316432068,6300.620573150999,4337.592995198117
forecast_2817,2025-04-28 09:00:00,5735.010882073821,6770.810209225543,4138.068656545345
forecast_2818,2025-04-28 10:00:00,6472.700558173208,6158.818248580067,4203.433306951619
forecast_2819,2025-04-28 11:00:00,9574.5334791576,8165.883389356192,6059.334156655254
forecast_2820,2025-04-28 12:00:00,10090.154439653834,9935.945413002797,8071.010314096836
forecast_2821,2025-04-28 13:00:00,11419.341524053536,11233.06109639558,9480.833356360085
forecast_2822,2025-04-28 14:00:00,12625.276406783933,12190.987883200442,9722.457043108689
forecast_2823,2025-04-28 15:00:00,11679.286247617827,11218.50355572367,8901.478027238889
forecast_2824,2025-04-28 16:00:00,9157.248351662225,9329.323328382246,7021.17212651257
forecast_2825,2025-04-28 17:00:00,6492.776250622755,6228.268652311105,4882.150984285452
forecast_2826,2025-04-28 18:00:00,5237.030306917931,4851.007872091349,3723.343725421326
forecast_2827,2025-04-28 19:00:00,4244.092691755196,4440.103375132127,3473.158304925848
forecast_2828,2025-04-28 20:00:00,5601.455397386044,5769.754040646646,3989.466373291264
forecast_2829,2025-04-28 21:00:00,5271.996695254909,4702.00544774936,4212.841223797047
forecast_2830,2025-04-28 22:00:00,6885.801777787447,5352.115362187642,3773.916606562538
forecast_2831,2025-04-28 23:00:00,4625.417733037566,5511.916542908806,4530.987276413264
forecast_2832,2025-04-29 00:00:00,5272.441030150429,4857.459955718591,3802.227791069069
forecast_2833,2025-04-29 01:00:00,3614.7578626569125,3601.8795739009643,3247.5647297860696
forecast_2834,2025-04-29 02:00:00,3599.7311460587443,3423.5194637146515,3195.893499218696
forecast_2835,2025-04-29 03:00:00,3587.097002288125,3483.371634860742,3082.523246520558
forecast_2836,2025-04-29 04:00:00,3825.5152937203325,3711.6298914078857,3027.027172634513
forecast_2837,2025-04-29 05:00:00,3922.0898137459726,3765.2577206261767,3838.848364231991
forecast_2838,2025-04-29 06:00:00,4128.462291800939,3937.24971292299,4041.8542953382257
forecast_2839,2025-04-29 07:00:00,4266.14112470611,4226.190407825309,3862.449740995108
forecast_2840,2025-04-29 08:00:00,5797.063742736699,5496.3055611748405,4760.126804299636
forecast_2841,2025-04-29 09:00:00,6263.893471403412,5907.712405722705,4361.170944165628
forecast_2842,2025-04-29 10:00:00,5933.768325160738,5350.397260949153,4553.206674206634
forecast_2843,2025-04-29 11:00:00,6083.306966020691,5719.1702572079375,4572.44003297632
forecast_2844,2025-04-29 12:00:00,6197.502560546595,5640.190554749634,4492.949882605354
forecast_2845,2025-04-29 13:00:00,5569.521035798228,5263.33559172324,4224.464311686062
forecast_2846,2025-04-29 14:00:00,5287.743463298466,4954.382644709508,4278.0983944472255
forecast_2847,2025-04-29 15:00:00,5522.514251650845,5357.798656035421,4591.219191671092
forecast_2848,2025-04-29 16:00:00,5903.854592098866,5815.405296397713,4995.588300428016
forecast_2849,2025-04-29 17:00:00,6045.928398519929,5954.719031888891,4785.873381178045
forecast_2850,2025-04-29 18:00:00,6412.56310696027,6369.257638100182,5303.341698583244
forecast_2851,2025-04-29 19:00:00,8425.611042547656,8503.821712339988,7063.871759980496
forecast_2852,2025-04-29 20:00:00,10959.80061968162,11455.076747275725,9897.314220557904
forecast_2853,2025-04-29 21:00:00,14300.098715165348,14711.41519271606,12847.995771093214
forecast_2854,2025-04-29 22:00:00,16639.362596170835,18241.841828092678,15057.685188679607
forecast_2855,2025-04-29 23:00:00,17794.588555874223,19451.3149595493,17110.456466213796
forecast_2856,2025-04-30 00:00:00,18631.121668036212,19892.154638834767,17984.178254564486
forecast_2857,2025-04-30 01:00:00,20299.88121427031,20312.335206711963,19343.841787354162
forecast_2858,2025-04-30 02:00:00,20242.656385776216,20313.25252752823,19346.134097603568
forecast_2859,2025-04-30 03:00:00,20090.318107270912,20349.02533308911,19381.23152879789
forecast_2860,2025-04-30 04:00:00,20307.22248731884,20311.602382155612,19349.015525557275
forecast_2861,2025-04-30 05:00:00,19943.397044488327,20287.268131089746,19335.940712742136
forecast_2862,2025-04-30 06:00:00,19042.459439442417,19889.01934634681,19084.669498848223
forecast_2863,2025-04-30 07:00:00,18151.91962106329,18838.762748103378,18042.49230017925
forecast_2864,2025-04-30 08:00:00,17112.404843140983,18104.444877197086,16347.124293417619
forecast_2865,2025-04-30 09:00:00,16229.164297211728,16804.6951346864,16401.0067878313
forecast_2866,2025-04-30 10:00:00,13710.050376482106,16061.73075698883,15302.000049600454
forecast_2867,2025-04-30 11:00:00,12663.213481063194,14428.388474673211,13808.804756076843
forecast_2868,2025-04-30 12:00:00,12344.206663603336,12958.526170822885,11666.658403376105
forecast_2869,2025-04-30 13:00:00,10793.388118884173,11635.821712637995,10089.478372323823
forecast_2870,2025-04-30 14:00:00,9887.777481795818,11294.036787051593,9422.372522357673
forecast_2871,2025-04-30 15:00:00,8150.611568718229,10799.246198516495,9004.506099627219
forecast_2872,2025-04-30 16:00:00,7833.204345790833,9378.308815218485,8468.973293703002
forecast_2873,2025-04-30 17:00:00,6662.9528182232325,8325.020356382207,5919.352737827544
forecast_2874,2025-04-30 18:00:00,6432.224805635574,6119.519468657841,4628.853340917713
forecast_2875,2025-04-30 19:00:00,4612.386113668338,5186.708530855972,4115.538183057354
forecast_2876,2025-04-30 20:00:00,6284.511134893236,7737.781717424163,5138.933468106077
forecast_2877,2025-04-30 21:00:00,8197.761526714648,10390.702143118186,6651.618394456079
forecast_2878,2025-04-30 22:00:00,9061.290666203062,11537.98889597487,8109.52831707658
forecast_2879,2025-04-30 23:00:00,9865.195700285924,11747.350197495152,8564.176435160502
forecast_2880,2025-05-01 00:00:00,10410.705268294763,12002.910193572347,8425.82213371771
forecast_2881,2025-05-01 01:00:00,11097.32300603609,12296.783385672828,10819.4821743261
forecast_2882,2025-05-01 02:00:00,12202.179564309548,12791.378607031784,12162.866236340209
forecast_2883,2025-05-01 03:00:00,12659.339560317534,13977.484939376967,12653.933345244033
forecast_2884,2025-05-01 04:00:00,13100.714982658634,14365.39623355778,13347.295400198102
forecast_2885,2025-05-01 05:00:00,13704.498916952809,14717.291349076324,13571.955500412372
forecast_2886,2025-05-01 06:00:00,14188.11517892553,15959.062174142276,14309.294808065313
forecast_2887,2025-05-01 07:00:00,14748.203774646674,16222.584872727717,15561.358007166144
forecast_2888,2025-05-01 08:00:00,14875.025586993592,16091.49764874986,14702.790903512441
forecast_2889,2025-05-01 09:00:00,14743.35247223131,15236.82633020592,13830.136701557294
forecast_2890,2025-05-01 10:00:00,15389.877784976947,15714.961959714079,13789.991342074038
forecast_2891,2025-05-01 11:00:00,15852.402011932483,16168.121288082288,14146.826006042245
forecast_2892,2025-05-01 12:00:00,16605.647806225585,16606.040159791228,14914.27508858407
forecast_2893,2025-05-01 13:00:00,16660.646329431827,17510.73310394409,15925.052673610404
forecast_2894,2025-05-01 14:00:00,16949.978037029217,17879.293567949862,16736.94180646758
forecast_2895,2025-05-01 15:00:00,17591.596918856703,17877.456374034853,16896.20083425727
forecast_2896,2025-05-01 16:00:00,16735.334908352033,17015.430505247827,16893.51987922662
forecast_2897,2025-05-01 17:00:00,15496.983801571412,16112.143289215548,15783.458802385247
forecast_2898,2025-05-01 18:00:00,13996.296488662249,16727.083404725363,14186.948163178335
forecast_2899,2025-05-01 19:00:00,13657.986197781986,15243.487514819766,13400.89648838415
forecast_2900,2025-05-01 20:00:00,12388.375052110006,14822.799862947026,12017.524286572205
forecast_2901,2025-05-01 21:00:00,12480.388738206053,15429.145858524056,11484.317869046083
forecast_2902,2025-05-01 22:00:00,12294.719172746789,13983.07384376713,11984.18477679933
forecast_2903,2025-05-01 23:00:00,13776.031315740833,16163.480236080914,13137.72679889948
forecast_2904,2025-05-02 00:00:00,15226.305774555802,17113.15152345412,15013.796871016813
forecast_2905,2025-05-02 01:00:00,16539.964259513403,17369.592848729706,14966.376556373794
forecast_2906,2025-05-02 02:00:00,16860.445375368985,17341.73075525201,14533.728578371445
forecast_2907,2025-05-02 03:00:00,16289.945775314269,16789.542123287963,14185.441060963884
forecast_2908,2025-05-02 04:00:00,16113.873771113918,16396.98810130216,13931.19446201268
forecast_2909,2025-05-02 05:00:00,15668.068444594255,16427.16223130999,13570.328482508225
forecast_2910,2025-05-02 06:00:00,15509.958411208221,16715.478067005344,13798.414096730101
forecast_2911,2025-05-02 07:00:00,15994.249000567019,16398.46726759135,12700.116031886615
forecast_2912,2025-05-02 08:00:00,15256.717371986222,15743.70925754658,11591.60576395681
forecast_2913,2025-05-02 09:00:00,13602.748159649862,14050.204869946325,11081.978467624622
forecast_2914,2025-05-02 10:00:00,11051.168603860127,11579.74018643093,9059.967912292586
forecast_2915,2025-05-02 11:00:00,8675.42389987726,9269.391259622837,6563.438124835839
forecast_2916,2025-05-02 12:00:00,6475.519490804592,7945.060374949107,5673.504611551413
forecast_2917,2025-05-02 13:00:00,6065.555014991949,7615.865535769425,5070.984340262613
forecast_2918,2025-05-02 14:00:00,6250.00143165253,7119.027450152106,4824.863284489097
forecast_2919,2025-05-02 15:00:00,6309.3152168433235,7514.419940271789,4428.357291872353
forecast_2920,2025-05-02 16:00:00,7641.878367956694,8407.502485331484,5469.40337427518
forecast_2921,2025-05-02 17:00:00,9124.464649711086,8788.870653930053,4618.8034333833175
forecast_2922,2025-05-02 18:00:00,9399.12519037178,9431.456784268748,5967.540757493609
forecast_2923,2025-05-02 19:00:00,9225.594740919161,10996.931157718313,7298.273215358495
forecast_2924,2025-05-02 20:00:00,8842.967616361979,10316.346443871014,8492.387518314947
forecast_2925,2025-05-02 21:00:00,9337.734412991344,10673.85414478525,8332.371144287748
forecast_2926,2025-05-02 22:00:00,8490.416760468312,9956.859957568904,9212.654647303547
forecast_2927,2025-05-02 23:00:00,8723.117649668036,10222.198529758605,8751.950259058887
forecast_2928,2025-05-03 00:00:00,9214.234789264001,10331.75451180757,9124.065933583035
forecast_2929,2025-05-03 01:00:00,8866.78580738985,9394.37990460123,7049.244153760255
forecast_2930,2025-05-03 02:00:00,8418.779788159876,9442.013566203465,6757.410122674124
forecast_2931,2025-05-03 03:00:00,8155.9920236454145,8617.39275694258,6011.29591999804
forecast_2932,2025-05-03 04:00:00,7314.485234686051,7912.055285025656,5552.241554450379
forecast_2933,2025-05-03 05:00:00,6742.8108173310275,7443.293602991388,5429.113946778105
forecast_2934,2025-05-03 06:00:00,4986.685780349815,5714.397996941635,4887.761352865089
forecast_2935,2025-05-03 07:00:00,3982.0374560928058,4285.615027214986,3853.5993393776876
forecast_2936,2025-05-03 08:00:00,3871.284695316574,4035.029550608133,3569.879458501942
forecast_2937,2025-05-03 09:00:00,5465.027743226755,6067.671605845801,4312.922489071062
forecast_2938,2025-05-03 10:00:00,7293.182186265562,7302.640411509329,5806.108000911124
forecast_2939,2025-05-03 11:00:00,9881.048950925317,11722.86746602155,9004.436534528086
forecast_2940,2025-05-03 12:00:00,9717.693621205366,11630.481599750854,11485.093750063334
forecast_2941,2025-05-03 13:00:00,10144.860587432237,11954.05120797017,11439.03732476185
forecast_2942,2025-05-03 14:00:00,10398.674543532916,11987.80678511842,11230.721058091294
forecast_2943,2025-05-03 15:00:00,12085.020935780694,12867.333199931076,10594.865755267074
forecast_2944,2025-05-03 16:00:00,12344.981440867738,12757.18668725574,11181.428216628481
forecast_2945,2025-05-03 17:00:00,13298.765317938098,13175.892963434273,11667.328452717418
forecast_2946,2025-05-03 18:00:00,12500.651393420285,12790.640612034023,10917.596113335074
forecast_2947,2025-05-03 19:00:00,13318.262802171772,13815.645014921587,11256.2408379299
forecast_2948,2025-05-03 20:00:00,13474.731524068497,14313.364320895467,11441.21146398826
forecast_2949,2025-05-03 21:00:00,14325.224011941371,15145.298949664682,11973.296384844909
forecast_2950,2025-05-03 22:00:00,13922.916243796864,15457.673437319125,10996.268818274695
forecast_2951,2025-05-03 23:00:00,14463.658370109662,16403.768331545347,11960.491564269198
forecast_2952,2025-05-04 00:00:00,14423.678624073767,16513.61632469056,11944.06710076485
forecast_2953,2025-05-04 01:00:00,15218.842388680792,17990.105258626165,14782.507880380113
forecast_2954,2025-05-04 02:00:00,14625.099170833124,17571.01265939271,14301.278551043182
forecast_2955,2025-05-04 03:00:00,14645.02349181983,15105.80762769756,14084.301480990285
forecast_2956,2025-05-04 04:00:00,14632.603511347736,15187.318801961617,14042.376721870303
forecast_2957,2025-05-04 05:00:00,15149.769896919393,17070.765012060707,14249.521218337608
forecast_2958,2025-05-04 06:00:00,15090.786026091966,16455.447734573063,14142.413837989698
forecast_2959,2025-05-04 07:00:00,14729.749056231016,15576.966804518124,13602.165206349482
forecast_2960,2025-05-04 08:00:00,13933.967183445873,14263.243042540093,12761.741931268236
forecast_2961,2025-05-04 09:00:00,13313.842054315615,13584.412147155088,11850.100085513996
forecast_2962,2025-05-04 10:00:00,13183.828966301482,13401.453158119002,10712.29636863327
forecast_2963,2025-05-04 11:00:00,13747.371120997113,14365.060026470515,10097.60774117531
forecast_2964,2025-05-04 12:00:00,14472.267449634714,15722.051379891509,11558.032142201035
forecast_2965,2025-05-04 13:00:00,15767.593041892334,16199.641051564915,13456.482987040225
forecast_2966,2025-05-04 14:00:00,16190.601480044088,16506.01645351355,15124.311123296298
forecast_2967,2025-05-04 15:00:00,16291.177677979626,16662.63794968749,15391.123783170504
forecast_2968,2025-05-04 16:00:00,16457.45709331713,17005.73519473539,15030.136085240694
forecast_2969,2025-05-04 17:00:00,16506.58859660893,17169.320440373845,15744.668572436143
forecast_2970,2025-05-04 18:00:00,16308.969317859815,17437.202742483445,15036.8493124524
forecast_2971,2025-05-04 19:00:00,15778.439859585696,16431.179179683506,14222.039423135011
forecast_2972,2025-05-04 20:00:00,13723.005898207284,15005.600386740873,12223.252538160588
forecast_2973,2025-05-04 21:00:00,11837.573629608958,12880.280122185644,10596.186797323255
forecast_2974,2025-05-04 22:00:00,9188.184863841832,9490.71453557346,7350.056117996366
forecast_2975,2025-05-04 23:00:00,7608.369039667758,7144.391933267813,5685.244765620275
forecast_2976,2025-05-05 00:00:00,5567.1389991057595,5705.056080245955,5081.838694293558
forecast_2977,2025-05-05 01:00:00,4848.267781186146,5453.652785848053,4385.059653419501
forecast_2978,2025-05-05 02:00:00,5029.434070993722,5138.145177541691,4276.86870176527
forecast_2979,2025-05-05 03:00:00,6100.066254381932,5692.077191451573,4046.854679308936
forecast_2980,2025-05-05 04:00:00,5384.687934300308,4810.571910651803,3838.339592131356
forecast_2981,2025-05-05 05:00:00,4285.886132688754,4250.743540221961,3340.6187324636403
forecast_2982,2025-05-05 06:00:00,3451.0294313487248,3446.212583954976,2846.179578031779
forecast_2983,2025-05-05 07:00:00,3289.5327465976393,3384.0003822242293,2913.067275570892
forecast_2984,2025-05-05 08:00:00,3498.3370849275857,3364.8460644701977,3586.346235919782
forecast_2985,2025-05-05 09:00:00,3765.333172619712,4393.313054733968,3127.843243977059
forecast_2986,2025-05-05 10:00:00,4101.859212744328,4064.3414391005595,5318.481746406606
forecast_2987,2025-05-05 11:00:00,3950.5457921121188,3950.28824215553,124.0882450211118
forecast_2988,2025-05-05 12:00:00,5235.124530362372,5097.482981258913,1154.7235548772417
forecast_2989,2025-05-05 13:00:00,2927.38009649905,3799.03014786073,1421.5532720857223
forecast_2990,2025-05-05 14:00:00,6940.529034223127,5402.400156349523,1941.690824804521
forecast_2991,2025-05-05 15:00:00,4882.069147047346,5667.70167553572,3325.0253104087838
forecast_2992,2025-05-05 16:00:00,3587.796525023493,3835.8519484762974,3429.1825402630366
forecast_2993,2025-05-05 17:00:00,3312.038441776103,3157.730224186968,2227.2509065674717
forecast_2994,2025-05-05 18:00:00,3795.007232582841,3791.090447421109,3341.69880823295
forecast_2995,2025-05-05 19:00:00,4648.835564571982,5879.486599903564,3510.8992864578427
forecast_2996,2025-05-05 20:00:00,5533.675371321452,6262.671527315726,3997.0507030540884
forecast_2997,2025-05-05 21:00:00,3905.20839748617,4152.515578318134,3775.981850389915
forecast_2998,2025-05-05 22:00:00,5021.904228889015,5605.198784608816,3673.584349145125
forecast_2999,2025-05-05 23:00:00,4104.539799507803,4507.883230728879,3731.7066117638524
forecast_3000,2025-05-06 00:00:00,4076.5500701347432,4215.053348044178,3267.660984332983
forecast_3001,2025-05-06 01:00:00,3662.035824420021,3485.5892788974347,3446.4593771988807
forecast_3002,2025-05-06 02:00:00,3735.5914019938414,3492.920810455097,1946.6831895260248
forecast_3003,2025-05-06 03:00:00,3612.7363197132113,3666.39319401459,3273.8313937097864
forecast_3004,2025-05-06 04:00:00,3696.2076614899456,3762.408092163483,1071.8561428596354
forecast_3005,2025-05-06 05:00:00,3613.2070920767196,3393.583697396513,2551.822071780616
forecast_3006,2025-05-06 06:00:00,2998.513164823712,2944.8226831766633,929.8384495105187
forecast_3007,2025-05-06 07:00:00,3402.6667615264178,3283.301131881277,1301.376014386809
forecast_3008,2025-05-06 08:00:00,3511.412762277163,3277.7036803466967,4068.3652758876688
forecast_3009,2025-05-06 09:00:00,3346.243025718143,3304.398189889014,4563.281877351145
forecast_3010,2025-05-06 10:00:00,3854.836870634207,3657.9892155407993,4892.975927949379
forecast_3011,2025-05-06 11:00:00,2746.991961940722,3125.6205582615803,2147.364214962637
forecast_3012,2025-05-06 12:00:00,2366.1122177827415,2602.4303643964095,1081.5997783636928
forecast_3013,2025-05-06 13:00:00,2614.103486450993,2657.6392512547977,2355.772276618052
forecast_3014,2025-05-06 14:00:00,3830.4198840554354,3640.3106494969825,1332.3722078630276
forecast_3015,2025-05-06 15:00:00,5261.451368059015,3334.7428941935486,295.45191235330793
forecast_3016,2025-05-06 16:00:00,296.9593755289972,2253.6322457361475,1102.051043131913
forecast_3017,2025-05-06 17:00:00,2898.700087437295,3435.7713634031243,2612.158955637613
forecast_3018,2025-05-06 18:00:00,4486.367981477964,4799.3423410779615,2193.9335912050647
forecast_3019,2025-05-06 19:00:00,3433.0009324950815,3044.417800568553,2790.9676334966434
forecast_3020,2025-05-06 20:00:00,3031.9168968958343,2772.5708073362825,5665.794029731775
forecast_3021,2025-05-06 21:00:00,3253.5771611583473,3220.8480494167816,3200.878196057082
forecast_3022,2025-05-06 22:00:00,3737.05702132658,3678.694151547473,3235.8787849342143
forecast_3023,2025-05-06 23:00:00,3890.7590932196003,3806.661272133153,3320.51016679868
forecast_3024,2025-05-07 00:00:00,3604.571657544346,3526.0911874918534,3288.3806556373893
forecast_3025,2025-05-07 01:00:00,3565.186208411492,3584.0747829872084,3323.42574295661
forecast_3026,2025-05-07 02:00:00,3425.7668173685115,3310.9389334480893,3253.1950140253903
forecast_3027,2025-05-07 03:00:00,3097.3076683686254,3288.9041652051797,3100.1321732988927
forecast_3028,2025-05-07 04:00:00,3584.317447039401,3563.6840298637803,3164.388689937185
forecast_3029,2025-05-07 05:00:00,4013.0089156745794,3795.4131594468295,3573.926693832464
forecast_3030,2025-05-07 06:00:00,3854.0257347199235,3992.240190007882,3378.001358878738
forecast_3031,2025-05-07 07:00:00,3999.8657553158387,3975.0720367027043,3262.8846879357093
forecast_3032,2025-05-07 08:00:00,3433.7921926888666,3427.7950229081816,3069.076626471527
forecast_3033,2025-05-07 09:00:00,3559.143365976022,3526.423613691194,3206.9494033577016
forecast_3034,2025-05-07 10:00:00,4076.664252929383,4287.31482930201,3506.6175336019874
forecast_3035,2025-05-07 11:00:00,3596.1496886031796,3340.131771357345,3067.443900288786
forecast_3036,2025-05-07 12:00:00,3517.5480741165607,5415.220017966313,3215.2005470113068
forecast_3037,2025-05-07 13:00:00,3428.735357905004,3245.728116776039,3197.1260152476016
forecast_3038,2025-05-07 14:00:00,3555.4582821249064,3669.8256494905604,3347.3970434237094
forecast_3039,2025-05-07 15:00:00,3524.634880941224,3436.624065632823,3836.069272680415
forecast_3040,2025-05-07 16:00:00,3727.1075002863286,4002.0601205393646,3688.1857311616773
forecast_3041,2025-05-07 17:00:00,3389.580390556942,3994.775903881466,3890.2272013972492
forecast_3042,2025-05-07 18:00:00,3779.4468927049556,3754.877013326419,3279.9268520087066
forecast_3043,2025-05-07 19:00:00,3469.6820799179886,3629.1850507061495,3076.2662814954197
forecast_3044,2025-05-07 20:00:00,3447.486458226311,3258.1448840293856,3080.1444791902463
forecast_3045,2025-05-07 21:00:00,3587.542476722867,3718.127559354849,3246.839654683673
forecast_3046,2025-05-07 22:00:00,4278.553294501756,4282.433444671312,3558.3369218351872
forecast_3047,2025-05-07 23:00:00,4440.437064656991,4317.849218918404,3772.8809609268064
forecast_3048,2025-05-08 00:00:00,4505.116780510632,4441.4898583054855,3924.8385165253117
forecast_3049,2025-05-08 01:00:00,5102.66903842976,5131.89318272352,3768.1131043493933
forecast_3050,2025-05-08 02:00:00,5963.398911414018,6535.329038600762,4334.233862739271
forecast_3051,2025-05-08 03:00:00,6982.07243720995,9761.032749675289,5561.8890154164
forecast_3052,2025-05-08 04:00:00,8184.986757683977,8427.690207040278,6495.407209485361
forecast_3053,2025-05-08 05:00:00,7584.115429627457,8436.06603316622,6480.686776475543
forecast_3054,2025-05-08 06:00:00,7395.363261602895,7411.788991686436,5035.061939870244
forecast_3055,2025-05-08 07:00:00,6392.371099783605,5696.991895206004,4092.982112127555
forecast_3056,2025-05-08 08:00:00,4313.850578918774,4107.541184151836,3547.3823123522784
forecast_3057,2025-05-08 09:00:00,3572.910942749734,3718.8065989249926,2992.541867838048
forecast_3058,2025-05-08 10:00:00,3371.904682589933,3586.600098539452,3318.5767186924118
forecast_3059,2025-05-08 11:00:00,3367.167821347081,2851.2409625143764,1484.1748220111965
forecast_3060,2025-05-08 12:00:00,6145.48709601894,3140.598359318427,3078.307334014723
forecast_3061,2025-05-08 13:00:00,3409.368587914819,3532.6633547553724,3095.3907257508035
forecast_3062,2025-05-08 14:00:00,4350.286973404878,3657.257810500418,3949.8036268958285
forecast_3063,2025-05-08 15:00:00,3555.3945147610966,3513.1320186434723,3710.306162505944
forecast_3064,2025-05-08 16:00:00,3511.9134770294168,3642.404086381563,3704.5805566072245
forecast_3065,2025-05-08 17:00:00,3737.3284504380513,3517.9322007516175,3301.742743859368
forecast_3066,2025-05-08 18:00:00,3967.0461419127723,3866.462584369864,3504.318155491464
forecast_3067,2025-05-08 19:00:00,3828.1808037930855,3871.569855310675,3779.605887577316
forecast_3068,2025-05-08 20:00:00,3875.1644437805794,3786.015360305601,3867.3896467761947
forecast_3069,2025-05-08 21:00:00,4003.0751285564183,4059.3203932394404,3578.800675000707
forecast_3070,2025-05-08 22:00:00,3814.9779145075654,3789.8591128891535,3428.5637433585216
forecast_3071,2025-05-08 23:00:00,3956.685874290824,4110.534372108707,3621.0852415101936
forecast_3072,2025-05-09 00:00:00,5688.563708646795,5693.960263928832,3844.7715125489526
forecast_3073,2025-05-09 01:00:00,6215.737696736449,6955.287386701104,4371.7698422969415
forecast_3074,2025-05-09 02:00:00,5781.677703682148,6672.51947963624,3806.709257271701
forecast_3075,2025-05-09 03:00:00,5041.103200374487,5629.282677396614,3769.468756278778
forecast_3076,2025-05-09 04:00:00,4097.429587961915,4349.050125992989,3723.3416034427282
forecast_3077,2025-05-09 05:00:00,3997.2332516768247,3866.9404857070576,3768.328599651996
forecast_3078,2025-05-09 06:00:00,4121.922233945081,4390.2173858026945,3372.649019755986
forecast_3079,2025-05-09 07:00:00,3887.03139660275,3992.7707019965032,3506.9276230473715
forecast_3080,2025-05-09 08:00:00,3843.311341858168,3706.230102241175,3325.3893206515418
forecast_3081,2025-05-09 09:00:00,4333.91351001689,4093.192934750783,3495.199177270099
forecast_3082,2025-05-09 10:00:00,3790.5834491650216,3779.267435031505,3437.0354481895806
forecast_3083,2025-05-09 11:00:00,4941.439827805659,5661.554564624672,3841.1453520595314
forecast_3084,2025-05-09 12:00:00,6819.409730767088,8015.822432954668,5596.552459209425
forecast_3085,2025-05-09 13:00:00,8086.804518193198,9574.820573303154,7653.25921435579
forecast_3086,2025-05-09 14:00:00,11415.62061601452,13195.378383425868,9983.300309574659
forecast_3087,2025-05-09 15:00:00,11892.297154653006,13820.116501204162,10844.876254155131
forecast_3088,2025-05-09 16:00:00,12386.986030569591,14192.959068112328,11507.432464477544
forecast_3089,2025-05-09 17:00:00,11920.199229520282,13484.420232009874,11269.691287996644
forecast_3090,2025-05-09 18:00:00,10480.555962519074,11201.489862192735,8693.696730587406
forecast_3091,2025-05-09 19:00:00,7955.167363005714,9436.561502328384,6497.6059367403195
forecast_3092,2025-05-09 20:00:00,5389.9047392064585,6108.872834897654,4287.353837665546
forecast_3093,2025-05-09 21:00:00,3987.5125609983834,4210.496579662267,3478.038577778352
forecast_3094,2025-05-09 22:00:00,3560.53984921855,3650.4790254685,3473.9252768499227
forecast_3095,2025-05-09 23:00:00,3985.2761857014093,4078.6476932894043,3671.4458477693547
forecast_3096,2025-05-10 00:00:00,5859.191198591623,6910.19760295219,5120.051269928062
forecast_3097,2025-05-10 01:00:00,10873.11658370194,11860.353025277536,9353.28488333954
forecast_3098,2025-05-10 02:00:00,11374.768044459375,13000.204950317533,11018.426592436108
forecast_3099,2025-05-10 03:00:00,13888.280250183045,16298.76811385181,14062.987078903674
forecast_3100,2025-05-10 04:00:00,14850.912576523098,16505.221209813735,14800.109070802444
forecast_3101,2025-05-10 05:00:00,16566.365380935105,17601.275425003223,16821.140295325615
forecast_3102,2025-05-10 06:00:00,17410.198149856977,18326.21819910279,17119.320810805755
forecast_3103,2025-05-10 07:00:00,18689.029009768637,19878.758457795462,18106.15989876872
forecast_3104,2025-05-10 08:00:00,19665.67149157098,19880.10838275658,18449.57699733785
forecast_3105,2025-05-10 09:00:00,19226.26259144875,19767.967540293637,18357.62567306664
forecast_3106,2025-05-10 10:00:00,19062.87831639438,19516.197039802406,18100.950533155145
forecast_3107,2025-05-10 11:00:00,19808.038790038656,19684.328248339698,18616.19302471175
forecast_3108,2025-05-10 12:00:00,19853.878073594595,19695.930788942915,18701.630823684238
forecast_3109,2025-05-10 13:00:00,19908.23871849005,19446.17834229588,18544.654804711285
forecast_3110,2025-05-10 14:00:00,18805.50937493342,18982.162547214473,18308.972469434622
forecast_3111,2025-05-10 15:00:00,18481.983955450483,18734.94451187745,17822.24891316611
forecast_3112,2025-05-10 16:00:00,17387.383582760922,17995.846497056362,16885.53409505029
forecast_3113,2025-05-10 17:00:00,16874.1603937335,17314.92043518784,15479.868564564209
forecast_3114,2025-05-10 18:00:00,15471.426659520946,17058.847751170888,14227.494925070197
forecast_3115,2025-05-10 19:00:00,14415.536513167093,15706.603452662477,12516.48420136413
forecast_3116,2025-05-10 20:00:00,13111.850965805275,14349.959268022752,11035.812885112811
forecast_3117,2025-05-10 21:00:00,12221.846209706053,13947.059998745095,9729.079882091348
forecast_3118,2025-05-10 22:00:00,11005.361304400809,12383.831482205047,8671.248786777056
forecast_3119,2025-05-10 23:00:00,10192.556491164907,10821.462425517295,7821.830593731763
forecast_3120,2025-05-11 00:00:00,9163.542676621279,10130.705907059315,6645.862049062071
forecast_3121,2025-05-11 01:00:00,9602.97041001781,9803.758780234903,7746.526596758006
forecast_3122,2025-05-11 02:00:00,9013.303192252655,9885.278649957838,7496.897001499466
forecast_3123,2025-05-11 03:00:00,9646.622261045135,10415.780008003107,7296.524836531619
forecast_3124,2025-05-11 04:00:00,8863.888295398943,10743.366353683223,7214.360438266232
forecast_3125,2025-05-11 05:00:00,10507.210759475942,9454.280514425069,6837.541436192782
forecast_3126,2025-05-11 06:00:00,6912.184686275038,8405.817182875917,6023.705651338052
forecast_3127,2025-05-11 07:00:00,6079.102409227534,5735.505955214594,3829.278863472645
forecast_3128,2025-05-11 08:00:00,4385.470374038603,4478.8947150666045,3789.2619313375835
forecast_3129,2025-05-11 09:00:00,3971.063692211147,3853.8188022705053,3347.1870965938
forecast_3130,2025-05-11 10:00:00,3375.2994750338403,3644.299818309208,2535.058475662428
forecast_3131,2025-05-11 11:00:00,4259.886491620435,4005.3459549142717,3617.189808209959
forecast_3132,2025-05-11 12:00:00,3043.42581525804,3010.7612011884603,2944.8318380807996
forecast_3133,2025-05-11 13:00:00,4185.1925919023115,3947.9678722184744,3603.9022384889618
forecast_3134,2025-05-11 14:00:00,3830.6486093447925,4466.878272008334,4119.356765910753
forecast_3135,2025-05-11 15:00:00,4793.701984407248,4210.80947916569,3746.5866583182465
forecast_3136,2025-05-11 16:00:00,4864.040612753172,5576.310415168092,4127.164671516382
forecast_3137,2025-05-11 17:00:00,5083.225775536674,5182.2105316552625,3605.8003082915234
forecast_3138,2025-05-11 18:00:00,4984.267110726478,6030.791446002668,3921.9259475232525
forecast_3139,2025-05-11 19:00:00,7508.408298947023,8198.415209273626,5187.528267824403
forecast_3140,2025-05-11 20:00:00,9476.706922090672,10264.005674447253,6626.336305802719
forecast_3141,2025-05-11 21:00:00,10158.374382871705,11264.105216927936,7682.055498925229
forecast_3142,2025-05-11 22:00:00,9889.174960535222,10987.209497478214,8651.120759042278
forecast_3143,2025-05-11 23:00:00,11285.492243914625,11892.867714237289,10808.035614962691
forecast_3144,2025-05-12 00:00:00,12277.978642386131,12569.431405477391,11806.24626642717
forecast_3145,2025-05-12 01:00:00,14170.214227844468,15416.161798755753,12424.040569185754
forecast_3146,2025-05-12 02:00:00,14429.586682123416,15577.929629146947,12780.234327986855
forecast_3147,2025-05-12 03:00:00,14893.797298503343,16427.51495735925,13535.448137780813
forecast_3148,2025-05-12 04:00:00,15926.42283365685,16894.404527913386,15018.113114356409
forecast_3149,2025-05-12 05:00:00,15304.111752850578,17123.774104775872,14402.156563148463
forecast_3150,2025-05-12 06:00:00,15156.47409359037,17235.31562920852,13985.78130838673
forecast_3151,2025-05-12 07:00:00,15222.74710850657,16852.49738246091,12870.409591988948
forecast_3152,2025-05-12 08:00:00,14511.857872384957,14767.905891407963,10772.83227793973
forecast_3153,2025-05-12 09:00:00,13254.287819865933,13451.393787581266,9763.385648948994
forecast_3154,2025-05-12 10:00:00,11552.026238936658,11943.620080435105,8820.325668752992
forecast_3155,2025-05-12 11:00:00,11302.236607145007,11255.775043195701,7723.922761340755
forecast_3156,2025-05-12 12:00:00,11351.834552359876,11871.042486409331,7423.786601804471
forecast_3157,2025-05-12 13:00:00,10564.440145810364,10413.544421098317,7107.2753543031195
forecast_3158,2025-05-12 14:00:00,10527.063356024406,10026.805130004268,6955.14557713736
forecast_3159,2025-05-12 15:00:00,10626.797418625401,10182.905883364443,7396.377519801147
forecast_3160,2025-05-12 16:00:00,11581.041453083892,11387.912118360035,8380.952390008579
forecast_3161,2025-05-12 17:00:00,11321.645867891422,11312.82015198278,8763.43493454565
forecast_3162,2025-05-12 18:00:00,10308.432291468924,10790.703375241057,8993.001181560805
forecast_3163,2025-05-12 19:00:00,10413.752539717449,10720.975229771753,9922.885174423305
forecast_3164,2025-05-12 20:00:00,12148.452305691379,12538.483546607054,11473.323584886517
forecast_3165,2025-05-12 21:00:00,13978.297231415547,14889.76437614369,14625.33452986371
forecast_3166,2025-05-12 22:00:00,15404.843544940282,16744.82050898333,16138.248004483905
forecast_3167,2025-05-12 23:00:00,16403.50731479253,17967.05200090727,17793.978715532958
forecast_3168,2025-05-13 00:00:00,16605.210728897106,18167.010179221248,17994.404940911234
forecast_3169,2025-05-13 01:00:00,19902.051186654782,19848.163969034056,19035.597765732517
forecast_3170,2025-05-13 02:00:00,19893.505073807853,19900.211361320962,19359.782879427585
forecast_3171,2025-05-13 03:00:00,19889.370530131437,19895.345134362204,19331.75267523597
forecast_3172,2025-05-13 04:00:00,19508.6401102021,19897.089346853652,19303.950080545816
forecast_3173,2025-05-13 05:00:00,18466.912130056033,19091.133962815322,18273.698466354082
forecast_3174,2025-05-13 06:00:00,17707.261774383842,18657.882361834207,18010.857103241557
forecast_3175,2025-05-13 07:00:00,17476.95603453267,18450.969379261125,17564.097280469276
forecast_3176,2025-05-13 08:00:00,16802.75437506044,18100.316238221876,17549.7047028217
forecast_3177,2025-05-13 09:00:00,16250.4529918842,17675.032240164674,17045.1179669493
forecast_3178,2025-05-13 10:00:00,15374.164363585249,17028.879450865457,16637.256911325276
forecast_3179,2025-05-13 11:00:00,14529.987453549615,16230.119766571735,15409.052467044101
forecast_3180,2025-05-13 12:00:00,13952.29509614723,15322.338626608482,14649.907822200705
forecast_3181,2025-05-13 13:00:00,13495.715042383521,15065.735807633004,14331.699761796013
forecast_3182,2025-05-13 14:00:00,13389.029116385947,14690.126813292156,14220.805948715628
forecast_3183,2025-05-13 15:00:00,13224.481194711452,14544.152090051706,14426.226059657913
forecast_3184,2025-05-13 16:00:00,13135.316376384755,14867.924641022219,14808.926878939366
forecast_3185,2025-05-13 17:00:00,13920.65618393666,15118.266360574054,14389.558567490662
forecast_3186,2025-05-13 18:00:00,14878.974933050744,15706.99850992902,15528.416057843886
forecast_3187,2025-05-13 19:00:00,15811.52653872514,17232.248286772883,17265.941555059846
forecast_3188,2025-05-13 20:00:00,17896.507985577628,18554.85864805616,18265.04233498008
forecast_3189,2025-05-13 21:00:00,19792.25691275165,19836.476903883464,19328.853914309115
forecast_3190,2025-05-13 22:00:00,19930.451092802454,19888.407251458117,19342.244401862925
forecast_3191,2025-05-13 23:00:00,19834.3193305861,19913.288484263616,19337.99787572153
forecast_3192,2025-05-14 00:00:00,19825.53295743687,19889.500404637758,19344.514943079885
forecast_3193,2025-05-14 01:00:00,19894.2633525068,19942.575155595692,19335.63584421652
forecast_3194,2025-05-14 02:00:00,19877.050612306622,19899.74575751478,19339.435668179336
forecast_3195,2025-05-14 03:00:00,20215.125999610635,19891.275341517572,19336.827351834036
forecast_3196,2025-05-14 04:00:00,20327.518470248164,19960.712309197974,19691.765555225207
forecast_3197,2025-05-14 05:00:00,20332.567167283174,20107.633790551932,19605.346685178054
forecast_3198,2025-05-14 06:00:00,20040.262566175035,20247.227102512185,18692.589120807683
forecast_3199,2025-05-14 07:00:00,18954.0006097587,19672.882011976573,16578.764666854087
forecast_3200,2025-05-14 08:00:00,16677.2809071577,17281.445295104626,13845.914408483628
forecast_3201,2025-05-14 09:00:00,13057.818475390517,13459.59315121163,9829.707966418202
forecast_3202,2025-05-14 10:00:00,10234.987366184874,10129.891403053643,6806.759601497396
forecast_3203,2025-05-14 11:00:00,6640.9722787603805,7186.403487969843,5164.864997514694
forecast_3204,2025-05-14 12:00:00,5936.098247770705,5629.893363175856,3855.2992043503987
forecast_3205,2025-05-14 13:00:00,5179.0172578905,4456.108069993678,3820.1941782760673
forecast_3206,2025-05-14 14:00:00,4361.090106498194,4265.318460454199,3806.0661858428202
forecast_3207,2025-05-14 15:00:00,4244.083633939774,4381.323296119196,3881.3966037722244
forecast_3208,2025-05-14 16:00:00,4289.138052610703,4439.352606652264,4131.811954806971
forecast_3209,2025-05-14 17:00:00,4782.72876412067,5146.9386964705955,4189.666920861287
forecast_3210,2025-05-14 18:00:00,5646.6928679547,6168.405084368559,4352.217447306529
forecast_3211,2025-05-14 19:00:00,7543.296786935233,8017.137771403407,5049.926198393789
forecast_3212,2025-05-14 20:00:00,8135.285952916325,9312.817173585376,6074.71294574048
forecast_3213,2025-05-14 21:00:00,10033.758536236883,10578.219795635257,7688.778185301213
forecast_3214,2025-05-14 22:00:00,10682.649968227954,11655.088002112065,7565.282063534528
forecast_3215,2025-05-14 23:00:00,11578.280513429443,12885.702680767667,7394.688199574293
forecast_3216,2025-05-15 00:00:00,11999.41341381537,13354.45322168056,7349.763223998843
forecast_3217,2025-05-15 01:00:00,13192.671198930728,14495.71015582833,11326.671058681535
forecast_3218,2025-05-15 02:00:00,12749.235690117037,14031.931067108653,11013.271865674957
forecast_3219,2025-05-15 03:00:00,12770.026592687334,14287.073878230707,11067.591496594408
forecast_3220,2025-05-15 04:00:00,12837.52649549383,14113.98086692123,11175.614114639262
forecast_3221,2025-05-15 05:00:00,13007.439343958484,14455.614883245535,12628.450710738396
forecast_3222,2025-05-15 06:00:00,13830.339233223958,16581.95200850679,13784.417971827144
forecast_3223,2025-05-15 07:00:00,15499.981795054926,17324.88029076885,15361.753095465812
forecast_3224,2025-05-15 08:00:00,16811.963672705126,18332.82302378461,16715.065836879014
forecast_3225,2025-05-15 09:00:00,17760.78960881383,18737.537122823633,17267.55778310186
forecast_3226,2025-05-15 10:00:00,17318.889871857446,18526.528829109462,16552.985783460877
forecast_3227,2025-05-15 11:00:00,16757.635020638892,17865.069166696085,15779.59839896942
forecast_3228,2025-05-15 12:00:00,17090.154577275774,17601.555269940007,15271.438465666119
forecast_3229,2025-05-15 13:00:00,17775.709965781032,18432.1593390585,16666.417109787042
forecast_3230,2025-05-15 14:00:00,18242.404800966415,18809.731089238037,18112.55173784149
forecast_3231,2025-05-15 15:00:00,18318.18817659405,18829.744070522753,18159.81694432451
forecast_3232,2025-05-15 16:00:00,17530.375925321063,18266.582052332466,17751.88342949981
forecast_3233,2025-05-15 17:00:00,17151.212786403834,17778.845437276745,17414.68117991989
forecast_3234,2025-05-15 18:00:00,16704.341503846903,17796.02769877998,17627.219658447306
forecast_3235,2025-05-15 19:00:00,17109.41883252217,18069.54981359926,17926.175711135365
forecast_3236,2025-05-15 20:00:00,17160.152121201223,18542.143721755183,17954.241246909787
forecast_3237,2025-05-15 21:00:00,17880.133807017737,18630.544693395306,18219.405893666768
forecast_3238,2025-05-15 22:00:00,17794.127633368913,18749.11370436447,18701.832473383347
forecast_3239,2025-05-15 23:00:00,17940.652981520805,18744.080394767723,18256.405269737053
forecast_3240,2025-05-16 00:00:00,17287.925839809992,18583.967024188187,18450.44503874833
forecast_3241,2025-05-16 01:00:00,17517.511331481775,18715.30734823913,17280.53257047549
forecast_3242,2025-05-16 02:00:00,17453.238229221384,18526.85930865165,17773.172013555617
forecast_3243,2025-05-16 03:00:00,17144.37228740505,18355.64117417128,17071.759547861548
forecast_3244,2025-05-16 04:00:00,17874.12079513706,18567.193209084606,17063.63053532252
forecast_3245,2025-05-16 05:00:00,17413.41896585154,17828.491644517726,16441.732692980488
forecast_3246,2025-05-16 06:00:00,16559.28378520463,17513.12018177463,16181.430180055238
forecast_3247,2025-05-16 07:00:00,16811.634820757183,17197.446601426855,15680.65415415753
forecast_3248,2025-05-16 08:00:00,16191.86326012592,17002.699336325528,15032.402066464385
forecast_3249,2025-05-16 09:00:00,15273.510415593306,16193.048034056908,13672.885440665848
forecast_3250,2025-05-16 10:00:00,12217.094904522613,14066.287241624957,12338.068328980566
forecast_3251,2025-05-16 11:00:00,11084.339130305614,11870.71939293289,10779.315014828271
forecast_3252,2025-05-16 12:00:00,10027.961277667155,10843.958623643191,9648.78421271488
forecast_3253,2025-05-16 13:00:00,10179.031831421418,9972.589346025137,8628.796752499582
forecast_3254,2025-05-16 14:00:00,8455.104837306963,8809.815396877402,6789.101659955145
forecast_3255,2025-05-16 15:00:00,7457.552203576212,8136.242452068773,5641.0179537921
forecast_3256,2025-05-16 16:00:00,6929.454100129612,7653.635502219408,5339.125233326034
forecast_3257,2025-05-16 17:00:00,6435.717290762904,7072.937431987283,5009.695596344334
forecast_3258,2025-05-16 18:00:00,6183.426571338483,6390.082990924169,5092.702360718221
forecast_3259,2025-05-16 19:00:00,5244.0262018146195,5858.592454446991,3856.473416789114
forecast_3260,2025-05-16 20:00:00,5576.861431922487,5729.331881854101,4314.7663107702965
forecast_3261,2025-05-16 21:00:00,4161.683225159628,4829.468718863738,4357.506422922143
forecast_3262,2025-05-16 22:00:00,6193.432954086516,6243.313236077445,4729.041776392341
forecast_3263,2025-05-16 23:00:00,4918.352783419099,4855.457444086595,4013.41017413207
forecast_3264,2025-05-17 00:00:00,5334.308463573842,5484.3445466600715,4204.714849242317
forecast_3265,2025-05-17 01:00:00,5194.061714514192,5630.58327265774,3695.459950658462
forecast_3266,2025-05-17 02:00:00,5303.917377010025,5951.884502137876,3721.0542458670084
forecast_3267,2025-05-17 03:00:00,5269.836904348601,5593.5077580141315,3718.389997133109
forecast_3268,2025-05-17 04:00:00,4588.131760883066,4752.663586485415,3645.7138308258336
forecast_3269,2025-05-17 05:00:00,3748.479614069061,3980.274322432692,3620.102944253423
forecast_3270,2025-05-17 06:00:00,3970.688429054762,4059.696787973083,3328.9638730297975
forecast_3271,2025-05-17 07:00:00,3945.9961369422517,3774.625750024888,3617.7092069676655
forecast_3272,2025-05-17 08:00:00,3787.0620922148573,3747.052170863887,3848.6372925733112
forecast_3273,2025-05-17 09:00:00,3883.9301491875785,3792.3196662319842,3656.7464433919727
forecast_3274,2025-05-17 10:00:00,4090.5103598718038,4447.266965309467,3845.833561200669
forecast_3275,2025-05-17 11:00:00,3873.1460134432646,4553.813979530613,4063.4112121864796
forecast_3276,2025-05-17 12:00:00,4360.08251274522,4363.48860558097,3953.289176492758
forecast_3277,2025-05-17 13:00:00,5814.1620003940425,5689.025268956979,6258.8924931326155
forecast_3278,2025-05-17 14:00:00,7907.048798626845,7855.252800916873,8648.045247017722
forecast_3279,2025-05-17 15:00:00,10173.649834974296,9955.319546117273,10239.030936857604
forecast_3280,2025-05-17 16:00:00,12738.656826298487,12476.944450543,12168.26198189501
forecast_3281,2025-05-17 17:00:00,14567.601091657094,15175.0333112139,14112.906934328237
forecast_3282,2025-05-17 18:00:00,17180.90127961764,17738.13374905386,16243.568924997067
forecast_3283,2025-05-17 19:00:00,18203.04649142189,18571.554046819936,17772.273827655845
forecast_3284,2025-05-17 20:00:00,18846.353722173913,19135.844380809398,18568.342189239414
forecast_3285,2025-05-17 21:00:00,19018.204015157462,19297.16292726498,19193.58466530334
forecast_3286,2025-05-17 22:00:00,19904.38755436955,19539.362073226013,19347.510565878747
forecast_3287,2025-05-17 23:00:00,19936.29203171119,19733.796499307577,19335.717395292257
forecast_3288,2025-05-18 00:00:00,20193.347010684796,19897.52293122186,19336.497488775058
forecast_3289,2025-05-18 01:00:00,18687.983958031677,18842.067025575147,16798.932913034267
forecast_3290,2025-05-18 02:00:00,17852.51939539345,18130.23442298731,15431.210724550716
forecast_3291,2025-05-18 03:00:00,16376.001755075764,16198.750318281478,13490.416314231534
forecast_3292,2025-05-18 04:00:00,13796.021034185522,14639.495232443807,11022.236095706425
forecast_3293,2025-05-18 05:00:00,10361.629899820795,11262.491196128414,8037.282753475176
forecast_3294,2025-05-18 06:00:00,7447.815146161712,7825.470847334029,5269.393227732892
forecast_3295,2025-05-18 07:00:00,4208.525804478772,4374.889906848474,3940.986031044104
forecast_3296,2025-05-18 08:00:00,4354.678279036186,4444.971170136624,3629.15755325033
forecast_3297,2025-05-18 09:00:00,3954.926505095664,5164.64776915721,3063.7648069442043
forecast_3298,2025-05-18 10:00:00,3688.0800730575284,5255.821453088512,3045.3777123861573
forecast_3299,2025-05-18 11:00:00,3793.350864979137,5092.231319693494,3136.8477911083587
forecast_3300,2025-05-18 12:00:00,3411.0681870173926,3439.8867261452056,3073.3228376329203
forecast_3301,2025-05-18 13:00:00,3830.2146323889924,3880.7152811769297,3403.9266016156753
forecast_3302,2025-05-18 14:00:00,4090.6030931471514,3996.5913846393173,3710.300786639989
forecast_3303,2025-05-18 15:00:00,4936.304411422326,4625.28331319331,3779.108814076548
forecast_3304,2025-05-18 16:00:00,5770.3793170988665,5279.754892734273,4007.0178197901737
forecast_3305,2025-05-18 17:00:00,6463.41286271243,6470.7015672700445,5102.537396276104
forecast_3306,2025-05-18 18:00:00,8383.89399986394,8616.371159220991,6474.031054167445
forecast_3307,2025-05-18 19:00:00,9094.961453875523,11214.00305067257,7764.275360080484
forecast_3308,2025-05-18 20:00:00,11172.652453517552,12051.70108170923,9863.859331005446
forecast_3309,2025-05-18 21:00:00,12748.914677393825,13024.190177543827,11124.048936256091
forecast_3310,2025-05-18 22:00:00,12706.314366182558,13015.057055416422,12093.629341742122
forecast_3311,2025-05-18 23:00:00,12222.291445759232,13174.326800198445,12271.561279660595
forecast_3312,2025-05-19 00:00:00,11582.841006001441,12839.559646654514,11547.539685544367
forecast_3313,2025-05-19 01:00:00,10079.770704353718,10834.427410919201,9603.509970145755
forecast_3314,2025-05-19 02:00:00,9476.711264346284,10139.152077497236,8735.136122741467
forecast_3315,2025-05-19 03:00:00,7903.566541453744,8452.057988469354,5962.456998214117
forecast_3316,2025-05-19 04:00:00,8736.314549665565,9552.206417751635,5664.124512191463
forecast_3317,2025-05-19 05:00:00,9155.83314281495,10343.162507065545,6010.682470823355
forecast_3318,2025-05-19 06:00:00,9538.718463993364,9994.782585060892,7003.766314042082
forecast_3319,2025-05-19 07:00:00,9293.63137541149,10447.634082764444,7381.545046727832
forecast_3320,2025-05-19 08:00:00,10793.352733106496,11801.480829150387,8593.625074833883
forecast_3321,2025-05-19 09:00:00,11323.536411357483,12949.161540287709,11198.637034641863
forecast_3322,2025-05-19 10:00:00,13221.394325085734,14329.538595654209,12219.961495222005
forecast_3323,2025-05-19 11:00:00,13312.509266079254,13701.624921178976,13038.754466532966
forecast_3324,2025-05-19 12:00:00,13159.041630444828,15441.884251200481,14130.728745331893
forecast_3325,2025-05-19 13:00:00,13447.69493507457,14989.203644116416,15431.507759431059
forecast_3326,2025-05-19 14:00:00,13957.494557919072,15227.131230035153,15871.126570120638
forecast_3327,2025-05-19 15:00:00,14779.805523614468,15456.18597161159,16699.190516810766
forecast_3328,2025-05-19 16:00:00,15551.353722737222,16323.478394182855,16423.112722550843
forecast_3329,2025-05-19 17:00:00,16926.49343379175,17102.04160357093,16384.983024182075
forecast_3330,2025-05-19 18:00:00,17787.213424588663,18056.20028419469,16970.410923313782
forecast_3331,2025-05-19 19:00:00,18278.990958730803,18459.950836559256,17592.858130644836
forecast_3332,2025-05-19 20:00:00,18483.56012800056,18759.695496364253,17948.63874723327
forecast_3333,2025-05-19 21:00:00,18368.549339862137,18469.79101061142,18070.540370658964
forecast_3334,2025-05-19 22:00:00,17924.15938069896,18321.77612245879,17944.439530487714
forecast_3335,2025-05-19 23:00:00,17639.33888601317,18221.650974842236,17720.469918579245
forecast_3336,2025-05-20 00:00:00,17722.80279079735,18360.62631893958,17808.310960873954
forecast_3337,2025-05-20 01:00:00,17245.812180099387,18062.869082364025,16731.708097751445
forecast_3338,2025-05-20 02:00:00,17324.107626855017,18177.424758147332,16910.69492080727
forecast_3339,2025-05-20 03:00:00,17462.786184720073,18375.2660065965,17371.822233807106
forecast_3340,2025-05-20 04:00:00,18250.331951707394,18566.570188095255,17568.50445193237
forecast_3341,2025-05-20 05:00:00,19356.5108410875,18980.287947428402,17853.736264589847
forecast_3342,2025-05-20 06:00:00,19890.652668729133,19251.105398772874,18027.104973648155
forecast_3343,2025-05-20 07:00:00,18153.423497608324,18800.235894382928,16912.266623402826
forecast_3344,2025-05-20 08:00:00,17395.219815119948,18212.447472298983,16374.389623756531
forecast_3345,2025-05-20 09:00:00,15928.115530928848,16613.13301949392,15007.678854351276
forecast_3346,2025-05-20 10:00:00,14471.955517552144,15255.570851034694,13372.09536476778
forecast_3347,2025-05-20 11:00:00,12891.62496913065,13952.756190357268,11784.244468059022
forecast_3348,2025-05-20 12:00:00,12246.255118913647,12344.910809637806,11038.950391957529
forecast_3349,2025-05-20 13:00:00,11453.238598136662,12103.597638126525,10715.838030254054
forecast_3350,2025-05-20 14:00:00,11390.509975852014,11967.6148937935,11427.961917770677
forecast_3351,2025-05-20 15:00:00,11857.6125788556,12311.646363346315,12939.79659942466
forecast_3352,2025-05-20 16:00:00,12226.500905168932,12930.232492721529,14090.356110970946
forecast_3353,2025-05-20 17:00:00,13802.239590823077,14144.328935479554,14803.313758361177
forecast_3354,2025-05-20 18:00:00,14614.511918501577,16305.996290451383,15851.576473903855
forecast_3355,2025-05-20 19:00:00,15693.555506697505,16811.45578335165,17122.143876889517
forecast_3356,2025-05-20 20:00:00,16618.178081976534,18033.57293569673,17788.93122659321
forecast_3357,2025-05-20 21:00:00,16854.989792469038,18448.098887305263,17920.86627129377
forecast_3358,2025-05-20 22:00:00,17079.463309690076,18318.342417253552,18210.955605260122
forecast_3359,2025-05-20 23:00:00,17881.655534499794,18530.73079721173,18294.791651270432
forecast_3360,2025-05-21 00:00:00,17968.667401244355,18733.932873705857,18384.07533219361
forecast_3361,2025-05-21 01:00:00,17716.870036425666,17242.16099136435,15629.941977560038
forecast_3362,2025-05-21 02:00:00,16369.739934685895,16907.913151870263,15163.31791489053
forecast_3363,2025-05-21 03:00:00,15605.133517501257,16295.083769227347,14360.309992637378
forecast_3364,2025-05-21 04:00:00,14427.75642296738,15102.60274551188,12864.048328962313
forecast_3365,2025-05-21 05:00:00,12665.085056668755,13399.24455035751,10565.83852847106
forecast_3366,2025-05-21 06:00:00,9801.148712884806,11355.983681353458,7501.028929044621
forecast_3367,2025-05-21 07:00:00,6471.335195263531,6610.619050817421,4490.520976754613
forecast_3368,2025-05-21 08:00:00,5291.376286915245,5035.933857554014,4169.62292167308
forecast_3369,2025-05-21 09:00:00,4602.520551699347,4711.725431213476,4044.4425201631925
forecast_3370,2025-05-21 10:00:00,3766.7933236766703,3771.581490559153,3193.9065962844606
forecast_3371,2025-05-21 11:00:00,3850.2640712552884,4010.641822529696,3565.467573149285
forecast_3372,2025-05-21 12:00:00,3556.1366126323865,3772.774172826049,3474.291178196065
forecast_3373,2025-05-21 13:00:00,4982.545164475171,3421.5724572043396,3107.592283953335
forecast_3374,2025-05-21 14:00:00,3750.11986395962,3672.6049576595656,3406.8017516563277
forecast_3375,2025-05-21 15:00:00,3429.021824527858,3238.336372109297,2333.8136437809985
forecast_3376,2025-05-21 16:00:00,3565.7835965087893,3868.312100900704,1185.7843486563766
forecast_3377,2025-05-21 17:00:00,3868.902837109401,4106.985254566185,1864.0264166639895
forecast_3378,2025-05-21 18:00:00,3650.2692343500094,4260.077040090981,2888.3550023901958
forecast_3379,2025-05-21 19:00:00,3203.01167739708,3272.4320957606424,3460.8578755128747
forecast_3380,2025-05-21 20:00:00,3653.3520879452262,3821.8329834786296,3581.6316238193244
forecast_3381,2025-05-21 21:00:00,3550.8573477180294,3440.1949595202013,3558.324274651949
forecast_3382,2025-05-21 22:00:00,3599.2032084292305,3582.1985126781274,3702.832830949039
forecast_3383,2025-05-21 23:00:00,3597.485426343025,3671.701063975949,3490.7824471352787
forecast_3384,2025-05-22 00:00:00,3717.41185575504,3604.791983003911,3227.0769913233034
forecast_3385,2025-05-22 01:00:00,3479.5526433555183,3397.3866554313345,3341.3832315594336
forecast_3386,2025-05-22 02:00:00,3617.2113190550517,3604.688097086799,3291.83220223057
forecast_3387,2025-05-22 03:00:00,3565.3091706389973,3697.2610808797845,3266.567932092009
forecast_3388,2025-05-22 04:00:00,3250.489204025973,3118.826386223489,3227.861788026616
forecast_3389,2025-05-22 05:00:00,3530.2333094024443,3470.8980546728876,3269.6700178298393
forecast_3390,2025-05-22 06:00:00,3903.3324100980994,3692.852051470719,3389.636051646236
forecast_3391,2025-05-22 07:00:00,3909.032217591377,5079.244965816256,3421.5128881280207
forecast_3392,2025-05-22 08:00:00,4310.356915011016,4748.491208859601,2992.8081385743685
forecast_3393,2025-05-22 09:00:00,3733.2459710609496,3474.452624668375,2739.713912340327
forecast_3394,2025-05-22 10:00:00,3627.0080890960085,3788.669376506475,2736.118164028749
forecast_3395,2025-05-22 11:00:00,3692.5358835420066,3877.106506617371,3053.2645876776132
forecast_3396,2025-05-22 12:00:00,3654.017338365348,3826.956604112619,3113.59510240216
forecast_3397,2025-05-22 13:00:00,3500.2872186720065,3717.0366777397353,2900.4617228883753
forecast_3398,2025-05-22 14:00:00,3573.2358918676046,3432.3581784639314,3127.688724572235
forecast_3399,2025-05-22 15:00:00,3396.334857857453,3381.16594184569,2784.5367130335367
forecast_3400,2025-05-22 16:00:00,3566.6603914536595,3340.472403862424,2991.667935877704
forecast_3401,2025-05-22 17:00:00,2876.4782287055873,2921.9661554453414,2910.1386855350947
forecast_3402,2025-05-22 18:00:00,3469.164629654904,3515.7385553608688,2239.437264041207
forecast_3403,2025-05-22 19:00:00,3689.8328934227943,4213.2985246441285,1524.1014058169117
forecast_3404,2025-05-22 20:00:00,2916.5526518789748,2850.177626154363,3377.6610313400347
forecast_3405,2025-05-22 21:00:00,3655.5226038413175,3410.969513915073,2688.65182311754
forecast_3406,2025-05-22 22:00:00,3807.700842610507,3738.280124849042,3493.3066259403467
forecast_3407,2025-05-22 23:00:00,3772.6047564714545,3578.3389147077423,3698.639838082295
forecast_3408,2025-05-23 00:00:00,3735.2121650700437,3583.578865650799,3710.956349543716
forecast_3409,2025-05-23 01:00:00,3912.057471591103,3745.5961796717506,3295.812600717122
forecast_3410,2025-05-23 02:00:00,3958.3454556247543,3780.0758177893777,3301.8261660104627
forecast_3411,2025-05-23 03:00:00,3962.9169978534273,3901.503255124125,3373.0548663341388
forecast_3412,2025-05-23 04:00:00,4000.0321911374326,4018.2168160954375,3382.4900717893106
forecast_3413,2025-05-23 05:00:00,4148.062893885235,4122.020339192499,3492.301479683962
forecast_3414,2025-05-23 06:00:00,4627.171898610958,3881.6509743378056,3949.1769375482577
forecast_3415,2025-05-23 07:00:00,3937.2287448618745,3731.0489255262,3680.750439327147
forecast_3416,2025-05-23 08:00:00,3922.8318101842133,3753.3321770704288,3543.7230956525223
forecast_3417,2025-05-23 09:00:00,3904.187127736946,3923.1497029859324,3309.496225484603
forecast_3418,2025-05-23 10:00:00,3660.138782734919,3884.770767275374,3202.4422308232784
forecast_3419,2025-05-23 11:00:00,3518.783180440129,3417.4737571119394,2945.711277628415
forecast_3420,2025-05-23 12:00:00,3288.285942444351,3320.096673022112,2884.990968515764
forecast_3421,2025-05-23 13:00:00,3141.344510167779,3226.3295642128987,2640.583158030979
forecast_3422,2025-05-23 14:00:00,2966.935641639066,3068.149409604337,2877.8733756506535
forecast_3423,2025-05-23 15:00:00,3188.6740447871366,3045.444052243444,2811.348266118149
forecast_3424,2025-05-23 16:00:00,3228.5747488356956,3148.377213381678,2423.146643732888
forecast_3425,2025-05-23 17:00:00,3136.4914774744348,3317.1993454783315,2702.1171133210705
forecast_3426,2025-05-23 18:00:00,3574.64477766762,3664.199071249583,2910.168040625606
forecast_3427,2025-05-23 19:00:00,3826.5166097595566,3812.9642636457875,2973.472376226357
forecast_3428,2025-05-23 20:00:00,3966.220882878087,4083.278394875109,3246.2375480604537
forecast_3429,2025-05-23 21:00:00,4702.330507066487,4990.694335392599,3473.131936399426
forecast_3430,2025-05-23 22:00:00,4997.827838200565,5387.040945052878,3505.0173490730576
forecast_3431,2025-05-23 23:00:00,4729.682177690845,4864.142343329852,3588.891773623976
forecast_3432,2025-05-24 00:00:00,4700.277000400524,4628.315845207451,3721.412973380696
forecast_3433,2025-05-24 01:00:00,5194.27687853564,5537.364748459693,3689.623570200252
forecast_3434,2025-05-24 02:00:00,4622.892215617056,5286.582808991135,3667.505675845393
forecast_3435,2025-05-24 03:00:00,4326.307218420222,4788.164286508555,3972.347476025897
forecast_3436,2025-05-24 04:00:00,4545.996492704771,4919.157070550948,3955.4609421163073
forecast_3437,2025-05-24 05:00:00,4570.390518145301,4912.645046872053,3736.3382470460574
forecast_3438,2025-05-24 06:00:00,4791.902873085957,5464.44726323083,3742.572856620854
forecast_3439,2025-05-24 07:00:00,5107.874866577189,5613.971923684821,3561.0059547506653
forecast_3440,2025-05-24 08:00:00,4430.752653667756,5037.50468393969,3542.6967930793194
forecast_3441,2025-05-24 09:00:00,4521.181914647077,5101.480615430182,3334.130608548544
forecast_3442,2025-05-24 10:00:00,3937.739334314414,5004.386562324507,3380.981315039246
forecast_3443,2025-05-24 11:00:00,3803.3443103280315,4175.442828263544,3410.107095573573
forecast_3444,2025-05-24 12:00:00,3582.3147904577268,4206.4821152150225,3599.5788846011897
forecast_3445,2025-05-24 13:00:00,3783.565778835034,3958.846632561922,3808.5949692043705
forecast_3446,2025-05-24 14:00:00,3437.9700268458632,4228.431843532048,3521.858951158845
forecast_3447,2025-05-24 15:00:00,3787.399874641987,4755.466463548091,3781.4846776168165
forecast_3448,2025-05-24 16:00:00,4490.951513507814,5761.130535698699,4146.03813223848
forecast_3449,2025-05-24 17:00:00,5204.511153033545,6449.62521437135,4647.324333442412
forecast_3450,2025-05-24 18:00:00,5602.116263150735,6478.005854029672,4878.500707862807
forecast_3451,2025-05-24 19:00:00,5584.773437366186,6465.302158529119,4679.451285402201
forecast_3452,2025-05-24 20:00:00,5538.475654476855,6341.360292528478,4330.506977134117
forecast_3453,2025-05-24 21:00:00,5354.780110117239,6126.578530580152,4243.30604158099
forecast_3454,2025-05-24 22:00:00,5246.869351147657,6047.643501540126,4078.213070861113
forecast_3455,2025-05-24 23:00:00,4959.570982621916,5970.181904042069,3851.8845965806618
forecast_3456,2025-05-25 00:00:00,5115.433734744263,5929.008721600269,3834.0850840643175
forecast_3457,2025-05-25 01:00:00,3910.9090725116766,4131.919234416108,3169.084777613156
forecast_3458,2025-05-25 02:00:00,3781.307980204809,4314.408942192545,3309.0041013666855
forecast_3459,2025-05-25 03:00:00,4036.4662521479972,4111.42078462156,3286.4049581705763
forecast_3460,2025-05-25 04:00:00,4065.6922993074268,4039.8296286969576,3355.307192039222
forecast_3461,2025-05-25 05:00:00,4173.768206687681,3953.4970651315334,3649.635495127331
forecast_3462,2025-05-25 06:00:00,4732.452908795816,4659.466907900102,3672.226986607549
forecast_3463,2025-05-25 07:00:00,5444.2823809073225,5320.272528940418,3744.765053831186
forecast_3464,2025-05-25 08:00:00,4085.793984571451,4055.6036080882363,3355.9185877625573
forecast_3465,2025-05-25 09:00:00,3523.1392486973405,3548.28985591618,3447.523899990749
forecast_3466,2025-05-25 10:00:00,3406.881519733377,3250.1306309810016,3632.8543589578744
forecast_3467,2025-05-25 11:00:00,4811.662781963544,4513.262523824955,2764.0375719088856
forecast_3468,2025-05-25 12:00:00,3443.0907901478486,3222.479610204062,1709.2902080188167
forecast_3469,2025-05-25 13:00:00,3435.425233324827,3331.741598334877,2870.380534877452
forecast_3470,2025-05-25 14:00:00,4097.927070152008,3853.7776397317607,3518.7490674533046
forecast_3471,2025-05-25 15:00:00,3820.712755861664,3751.7255731719206,3494.915446816173
forecast_3472,2025-05-25 16:00:00,3608.438932494107,3467.4684214914673,3503.1486545488756
forecast_3473,2025-05-25 17:00:00,3395.485823521373,3349.4001217436694,3668.0783838985403
forecast_3474,2025-05-25 18:00:00,3598.570726509918,3599.0171431137205,3442.3747299261145
forecast_3475,2025-05-25 19:00:00,4167.595428222131,4810.898816679207,3709.4061123438964
forecast_3476,2025-05-25 20:00:00,5142.826241796514,5278.592120125108,3802.7503250290897
forecast_3477,2025-05-25 21:00:00,6172.795452229567,6123.509777663387,4809.173467462938
forecast_3478,2025-05-25 22:00:00,7480.150536749559,7380.454572522338,5593.247578254734
forecast_3479,2025-05-25 23:00:00,8422.88453191107,8716.241463874705,6786.171699496113
forecast_3480,2025-05-26 00:00:00,8764.255987051563,8947.355040794342,7059.696337610945
forecast_3481,2025-05-26 01:00:00,7042.459041751587,7111.853162179092,6643.055268670462
forecast_3482,2025-05-26 02:00:00,6798.143877609077,6631.860768103814,6093.4021063720165
forecast_3483,2025-05-26 03:00:00,5752.187854632236,5538.580477235245,4647.405201189112
forecast_3484,2025-05-26 04:00:00,4553.598287546489,4274.643133135595,3780.8168554245913
forecast_3485,2025-05-26 05:00:00,4166.86286397251,4140.729702397754,3500.1853827113123
forecast_3486,2025-05-26 06:00:00,3626.42063207537,3708.320743522427,3225.260550400854
forecast_3487,2025-05-26 07:00:00,3481.206841416283,3492.389390679274,3043.2285748535387
forecast_3488,2025-05-26 08:00:00,3598.264373898116,3707.499106342274,3129.4001214791974
forecast_3489,2025-05-26 09:00:00,3597.446976035596,3465.1748179941724,2610.524690132986
forecast_3490,2025-05-26 10:00:00,4030.8021098397944,3900.2253118998487,2426.7555909044313
forecast_3491,2025-05-26 11:00:00,2876.523412516356,3891.509912683969,2465.328137414015
forecast_3492,2025-05-26 12:00:00,2918.7166325275903,2943.071577555251,2812.767392152893
forecast_3493,2025-05-26 13:00:00,3119.3557580192983,3129.1118865775247,2937.84686417273
forecast_3494,2025-05-26 14:00:00,2802.7911129808067,2535.6534680879654,2282.6266614050633
forecast_3495,2025-05-26 15:00:00,5365.987016135592,4183.809516885299,1926.3222388102117
forecast_3496,2025-05-26 16:00:00,4757.929930928933,3795.096744472942,799.2194175875914
forecast_3497,2025-05-26 17:00:00,4660.781088900248,5286.146647245755,4815.146227508932
forecast_3498,2025-05-26 18:00:00,4106.898334107713,4470.424687708733,4208.638282619289
forecast_3499,2025-05-26 19:00:00,4509.51567131209,5645.1942674319935,3856.8089970040423
forecast_3500,2025-05-26 20:00:00,3500.373118334929,3832.5899548835214,4349.696678526567
forecast_3501,2025-05-26 21:00:00,3378.3649092092232,3416.189586179646,3318.280697682092
forecast_3502,2025-05-26 22:00:00,3656.3033218481883,3700.531516497999,3154.39828890163
forecast_3503,2025-05-26 23:00:00,4019.674797009693,4035.571487492117,3465.7978381281214
forecast_3504,2025-05-27 00:00:00,3944.0891331343755,4055.126159351389,3622.135180553742
forecast_3505,2025-05-27 01:00:00,5438.895365938294,5473.958429720344,3677.6723773798963
forecast_3506,2025-05-27 02:00:00,5910.973577083357,5826.548147230421,3773.45382061018
forecast_3507,2025-05-27 03:00:00,6762.1758856160495,6971.627977100417,3915.036620764801
forecast_3508,2025-05-27 04:00:00,6250.872920038486,7502.234676044344,3765.0601637219393
forecast_3509,2025-05-27 05:00:00,5523.128448369314,5554.199158483031,3580.4579056655793
forecast_3510,2025-05-27 06:00:00,4215.690726101919,4123.414875318911,3708.916369213673
forecast_3511,2025-05-27 07:00:00,3553.6912918536746,3601.3064814183376,3170.8976866433964
forecast_3512,2025-05-27 08:00:00,3446.937327619562,3531.3040327846556,2586.6544557146885
forecast_3513,2025-05-27 09:00:00,3274.7555808621887,3445.776935633155,3787.592175007319
forecast_3514,2025-05-27 10:00:00,4760.076276917492,4091.8017013455037,3434.4670229275093
forecast_3515,2025-05-27 11:00:00,3960.945332860217,3760.8410646180437,2602.9835340502823
forecast_3516,2025-05-27 12:00:00,5016.00408858283,3713.684508751923,935.130483406227
forecast_3517,2025-05-27 13:00:00,6064.811712238299,6389.119724960071,2695.5226548830437
forecast_3518,2025-05-27 14:00:00,3893.8314632956344,3967.3884582022592,2061.1763398013786
forecast_3519,2025-05-27 15:00:00,5476.826330697318,6107.853736551778,3152.681561035359
forecast_3520,2025-05-27 16:00:00,3389.248942690828,3717.479269415728,52.01212897915605
forecast_3521,2025-05-27 17:00:00,4517.365734822,7080.7296417165435,1852.9042510061531
forecast_3522,2025-05-27 18:00:00,3347.7968291392117,6936.177496704415,1850.3445338106533
forecast_3523,2025-05-27 19:00:00,4464.078097986157,6070.1403419359585,2707.40594630436
forecast_3524,2025-05-27 20:00:00,3671.6138285697893,3712.7001476200885,3638.4291896787713
forecast_3525,2025-05-27 21:00:00,3955.563002607685,3725.3871307851005,3957.8755028180176
forecast_3526,2025-05-27 22:00:00,3750.620875911943,3486.2619607905576,4073.2848244771717
forecast_3527,2025-05-27 23:00:00,3708.5449443860475,3534.8112880155054,3356.5358282124716
forecast_3528,2025-05-28 00:00:00,3542.561431376404,3514.2211051116274,3354.2404208922603
forecast_3529,2025-05-28 01:00:00,3508.2918147708942,3471.0233055360377,3199.0968088649533
forecast_3530,2025-05-28 02:00:00,3540.103453955158,3489.548038100716,3284.5738391189684
forecast_3531,2025-05-28 03:00:00,3723.498464113106,3800.759477405066,3412.4255142315396
forecast_3532,2025-05-28 04:00:00,3923.3239988089563,3794.5578623724036,3422.414481272973
forecast_3533,2025-05-28 05:00:00,3630.134179827721,3713.979843457249,3308.8531796940742
forecast_3534,2025-05-28 06:00:00,3511.602798315578,3664.1098294232575,3185.2577874287804
forecast_3535,2025-05-28 07:00:00,3215.391323455452,3456.0601491114026,3082.7364403183265
forecast_3536,2025-05-28 08:00:00,3662.0211015944774,3971.661791209472,1933.858884046298
forecast_3537,2025-05-28 09:00:00,3393.709236438536,4502.469649193184,1233.850764775619
forecast_3538,2025-05-28 10:00:00,3733.783799318077,3982.681379345677,11.27250009656345
forecast_3539,2025-05-28 11:00:00,4172.9247348532135,3892.157842154624,1428.3147442239615
forecast_3540,2025-05-28 12:00:00,3679.6223686554667,3642.091274495061,1977.6442436128639
forecast_3541,2025-05-28 13:00:00,45.37361297659348,47.90182878599963,37.86926996920879
forecast_3542,2025-05-28 14:00:00,1781.3795123910743,2533.117637064598,44.660707547567
forecast_3543,2025-05-28 15:00:00,55.229900858605156,68.15842809795463,50.85052398536804
forecast_3544,2025-05-28 16:00:00,3385.854612207454,3710.3905843490606,1397.7411431509527
forecast_3545,2025-05-28 17:00:00,5186.419756055661,6109.07149918928,3158.8714475541365
forecast_3546,2025-05-28 18:00:00,5256.777819817057,5961.027984322001,5433.497450837991
forecast_3547,2025-05-28 19:00:00,3920.907423919309,5267.89290699027,3971.5262511438946
forecast_3548,2025-05-28 20:00:00,4041.199437302868,3912.21621627057,3799.8937561944085
forecast_3549,2025-05-28 21:00:00,3962.4749706278994,5117.457477674614,4782.085681811434
forecast_3550,2025-05-28 22:00:00,3546.055977162793,3491.5359939660825,3975.329630810204
forecast_3551,2025-05-28 23:00:00,3552.5224258292933,3510.451613700971,4016.675366564284
forecast_3552,2025-05-29 00:00:00,3488.722121512204,3500.337600793269,3421.1926685522253
forecast_3553,2025-05-29 01:00:00,3955.6074142717243,3611.170379986524,3262.82307951363
forecast_3554,2025-05-29 02:00:00,3623.400918906015,3840.3829659937005,3728.891487318964
forecast_3555,2025-05-29 03:00:00,3502.360054533708,3552.6883225953084,2872.411412138804
forecast_3556,2025-05-29 04:00:00,3422.7138922720983,3299.7169181630397,2843.7771329932034
forecast_3557,2025-05-29 05:00:00,3781.5376727988996,3658.3757197314108,2708.4478636667454
forecast_3558,2025-05-29 06:00:00,3340.884833207522,4205.386142653775,1833.72245954511
forecast_3559,2025-05-29 07:00:00,3168.038226165937,4127.557067992472,1084.4421664475365
forecast_3560,2025-05-29 08:00:00,3557.2988161421813,3672.550537805109,55.28093729670819
forecast_3561,2025-05-29 09:00:00,3600.746669219336,3103.9806677299857,62.65202331973511
forecast_3562,2025-05-29 10:00:00,3656.770317370289,3122.2115923757137,135.38523023569516
forecast_3563,2025-05-29 11:00:00,4087.6824190470966,3081.7290408367126,1290.9864062761812
forecast_3564,2025-05-29 12:00:00,2955.1732445671055,2658.844427108702,1103.5894428727936
forecast_3565,2025-05-29 13:00:00,2837.310300906813,2466.9068433166804,364.6088088701323
forecast_3566,2025-05-29 14:00:00,1541.5179602148287,2346.5781634882796,1567.8473925184371
forecast_3567,2025-05-29 15:00:00,4015.3162047872884,3754.5121002668216,2666.598085250537
forecast_3568,2025-05-29 16:00:00,3360.7597681962734,2808.838122628231,3319.1290760271977
forecast_3569,2025-05-29 17:00:00,3275.1072060145693,3041.187352500665,4422.156357057981
forecast_3570,2025-05-29 18:00:00,3472.883009629013,3222.6059795690985,2900.2855743800405
forecast_3571,2025-05-29 19:00:00,3988.807297738656,3311.953494086104,3541.7139005644044
forecast_3572,2025-05-29 20:00:00,3614.2953665323867,3359.5487723408983,3873.221267576341
forecast_3573,2025-05-29 21:00:00,3553.857491004049,3453.292451296616,3508.5001249591614
forecast_3574,2025-05-29 22:00:00,3225.1205261152345,3320.1620858758406,3115.253216867995
forecast_3575,2025-05-29 23:00:00,3068.785020764364,3492.4260932811253,3199.7987231351085
forecast_3576,2025-05-30 00:00:00,3197.8897355079107,3323.5841747066734,3131.4489868000205
forecast_3577,2025-05-30 01:00:00,3188.8100995995674,3391.5594351322243,2926.5880123788866
forecast_3578,2025-05-30 02:00:00,3297.4707599470858,3383.2212169135046,3230.8965101480444
forecast_3579,2025-05-30 03:00:00,3496.7435064318784,3601.325987160963,3502.163969136873
forecast_3580,2025-05-30 04:00:00,3571.349207566018,3631.2951289877888,3438.2690913014294
forecast_3581,2025-05-30 05:00:00,3391.921651688756,3605.598359799104,3083.6447592964346
forecast_3582,2025-05-30 06:00:00,3447.566241130904,3607.3627290056406,2956.88575579761
forecast_3583,2025-05-30 07:00:00,3365.02423690912,3522.315890185054,2811.350639132433
forecast_3584,2025-05-30 08:00:00,3555.122071872679,3701.610288770263,2973.1635694209563
forecast_3585,2025-05-30 09:00:00,3384.7699928840784,3512.657721456381,3032.6123167257397
forecast_3586,2025-05-30 10:00:00,3472.1336347557003,3327.918188714582,3966.074430210312
forecast_3587,2025-05-30 11:00:00,3482.5886728810833,4056.2525183066723,3399.7855710534177
forecast_3588,2025-05-30 12:00:00,3462.0446872663674,3668.8817150188097,3465.451302181718
forecast_3589,2025-05-30 13:00:00,3450.36619698092,3688.1386039878357,3158.5842833124307
forecast_3590,2025-05-30 14:00:00,3433.0820318176898,3596.066505467201,3519.4552450641913
forecast_3591,2025-05-30 15:00:00,3549.6160381856926,3567.3466421219773,3413.0870555188817
forecast_3592,2025-05-30 16:00:00,4061.1491915924694,4055.3151058745107,3089.258335282467
forecast_3593,2025-05-30 17:00:00,4939.6259988956745,5177.043853441301,9150.545414229326
forecast_3594,2025-05-30 18:00:00,3916.093367608699,4504.29026554352,2827.3739335865594
forecast_3595,2025-05-30 19:00:00,3405.993604202788,3413.9556418969214,2863.643731650426
forecast_3596,2025-05-30 20:00:00,3474.7433965718587,3518.1522581798936,2978.449668084373
forecast_3597,2025-05-30 21:00:00,3790.1292040460658,3562.1926195855995,2873.7942402401845
forecast_3598,2025-05-30 22:00:00,3757.937011662029,3635.895036654222,3327.461222977819
forecast_3599,2025-05-30 23:00:00,3500.711066914787,3529.906238515848,3292.404836510271
forecast_3600,2025-05-31 00:00:00,3498.5276053549783,3464.7215582237163,3406.1168778607876
forecast_3601,2025-05-31 01:00:00,3842.7404887765156,3909.8902665981677,3149.504264249429
forecast_3602,2025-05-31 02:00:00,3849.687728550648,3704.0628643380714,3124.1796024553096
forecast_3603,2025-05-31 03:00:00,3674.3728391312866,3652.4502403029533,1964.6579635663538
forecast_3604,2025-05-31 04:00:00,3598.4674206007758,3906.4133679952065,2790.1666139169206
forecast_3605,2025-05-31 05:00:00,3458.4680224776735,3931.4569534693483,2949.032945902816
forecast_3606,2025-05-31 06:00:00,3777.67976143163,3953.634884128844,3007.6192708193216
forecast_3607,2025-05-31 07:00:00,3528.064910636459,3947.1962859908176,3174.050653426088
forecast_3608,2025-05-31 08:00:00,3572.4169426008502,3879.5069220224264,3288.9307487856595
forecast_3609,2025-05-31 09:00:00,3393.971454050906,4136.244335414171,2757.2954238985785
forecast_3610,2025-05-31 10:00:00,3521.814463235203,4669.746104869714,3405.65374106032
forecast_3611,2025-05-31 11:00:00,4053.6162329298736,4561.206703464434,3324.525285088406
forecast_3612,2025-05-31 12:00:00,3826.2075325751543,4464.275662236017,3280.3148947376094
forecast_3613,2025-05-31 13:00:00,4201.834155781999,4301.593953024782,3414.0065825484626
forecast_3614,2025-05-31 14:00:00,3617.785554414835,3728.0327241152145,3022.9571738881723
forecast_3615,2025-05-31 15:00:00,4111.945958624861,3677.748419932707,3755.736802098426
forecast_3616,2025-05-31 16:00:00,3680.482913804292,3946.631775869379,3326.8218488737098
forecast_3617,2025-05-31 17:00:00,3789.1162041131292,3559.195043560224,3239.426025139078
forecast_3618,2025-05-31 18:00:00,3686.3175564502703,3671.401454096063,3005.7690605585913
forecast_3619,2025-05-31 19:00:00,3643.1622467954903,3658.4296540702244,3103.4410424945595
forecast_3620,2025-05-31 20:00:00,3496.0925900493794,3807.7920877752867,3269.1213920110185
forecast_3621,2025-05-31 21:00:00,3538.806884750971,3671.844880725194,3344.3342874268687
forecast_3622,2025-05-31 22:00:00,3414.786837284974,3529.381993684605,3210.4569612495516
forecast_3623,2025-05-31 23:00:00,3519.9928768872605,3466.9172466938085,3301.3991555401926
forecast_3624,2025-06-01 00:00:00,3214.5487159330237,3257.8060837046155,3501.437268050805
forecast_3625,2025-06-01 01:00:00,3701.946638267742,4110.0032721092275,3336.585135292337
forecast_3626,2025-06-01 02:00:00,3696.799948524413,3469.656597352469,3370.0705513523976
forecast_3627,2025-06-01 03:00:00,3690.916146959865,3552.76176850097,3281.2494030519724
forecast_3628,2025-06-01 04:00:00,3598.446671047554,3691.471840632233,3382.302357019906
forecast_3629,2025-06-01 05:00:00,3358.155054730436,3652.173010748978,3136.5374770704507
forecast_3630,2025-06-01 06:00:00,3459.952357028257,3248.861435002067,3356.3297134459467
forecast_3631,2025-06-01 07:00:00,3901.6373094301025,3545.953825709436,3214.3426064817827
forecast_3632,2025-06-01 08:00:00,3523.5742317573618,3560.2993145567134,3149.1953487815886
forecast_3633,2025-06-01 09:00:00,3530.887244265717,3909.6506143343586,2001.4378807051796
forecast_3634,2025-06-01 10:00:00,4409.116858622906,4511.111837478771,2023.3303586176846
forecast_3635,2025-06-01 11:00:00,3139.1847534267986,4548.073479906144,1625.901019332151
forecast_3636,2025-06-01 12:00:00,6463.625251036506,7186.035159757498,1946.5538255390757
forecast_3637,2025-06-01 13:00:00,4680.961898220964,4356.826647048265,1027.3057030664952
forecast_3638,2025-06-01 14:00:00,4551.27344566298,4085.2082794408957,1833.8217578659755
forecast_3639,2025-06-01 15:00:00,3373.677520307458,2386.669388465215,1146.004158104747
forecast_3640,2025-06-01 16:00:00,31.203930584065244,33.72080116562304,32.3498726970516
forecast_3641,2025-06-01 17:00:00,1558.7077688887339,181.0603092554164,68.4774979663811
forecast_3642,2025-06-01 18:00:00,3249.048075707035,3506.432499071244,3741.3584377097623
forecast_3643,2025-06-01 19:00:00,3669.005805113084,3633.0783078563713,3891.710771820091
forecast_3644,2025-06-01 20:00:00,3433.4199375910043,3350.595642997614,3600.50698143529
forecast_3645,2025-06-01 21:00:00,3492.415142613118,3453.1510109313763,3335.572056717017
forecast_3646,2025-06-01 22:00:00,3404.3063932523914,3566.5729161348504,3333.896106381226
forecast_3647,2025-06-01 23:00:00,3674.3333599605953,3611.9350051156302,3222.7811006536735
forecast_3648,2025-06-02 00:00:00,3789.567069856757,3773.744410821945,3326.0848564526545
forecast_3649,2025-06-02 01:00:00,3493.568411615234,3509.357073805341,3355.1209325970754
forecast_3650,2025-06-02 02:00:00,3419.453757810458,3499.212222653246,3253.689143126555
forecast_3651,2025-06-02 03:00:00,3663.403906865786,3521.164441480146,3125.987673525611
forecast_3652,2025-06-02 04:00:00,3401.7072109871942,3280.4711716137126,2791.2143965827076
forecast_3653,2025-06-02 05:00:00,4715.017166766425,3583.4476397322405,3341.3074376498585
forecast_3654,2025-06-02 06:00:00,4147.5453927076,3395.08043947984,3298.419025868268
forecast_3655,2025-06-02 07:00:00,3928.7236954275763,3662.9805342615145,3381.917643376537
forecast_3656,2025-06-02 08:00:00,4121.886763015025,3644.922893335181,4466.253393003438
forecast_3657,2025-06-02 09:00:00,4103.033016402016,4047.064594914077,2417.686072043526
forecast_3658,2025-06-02 10:00:00,3871.429715831747,3707.722248623176,3403.5775577889126
forecast_3659,2025-06-02 11:00:00,4107.4553918911415,4303.8463249922615,6615.847105820232
forecast_3660,2025-06-02 12:00:00,4152.5118291041335,3761.554446638817,4752.318688205861
forecast_3661,2025-06-02 13:00:00,4647.905586244738,3216.855169461757,3470.1390508678396
forecast_3662,2025-06-02 14:00:00,3824.8206017090456,3260.946226897823,2870.3719585808562
forecast_3663,2025-06-02 15:00:00,3343.9844076818404,3409.2228157283553,2642.811867549604
forecast_3664,2025-06-02 16:00:00,3657.6621667936784,3414.102220001494,3103.3659987284655
forecast_3665,2025-06-02 17:00:00,3856.8386568567485,3880.3285849940153,3448.5756777039664
forecast_3666,2025-06-02 18:00:00,4371.2942958015165,4764.015860851894,3780.911648898965
forecast_3667,2025-06-02 19:00:00,4040.67583238612,4147.452861675406,3698.852507045829
forecast_3668,2025-06-02 20:00:00,4209.1984740871985,4085.1746604116174,3654.335792986472
forecast_3669,2025-06-02 21:00:00,3805.724426328762,3779.9637508467536,3293.8273359332798
forecast_3670,2025-06-02 22:00:00,3683.7384723857317,3691.4473243416173,3062.4642612291186
forecast_3671,2025-06-02 23:00:00,3660.234414511043,3641.9007141264965,2982.527846889653
forecast_3672,2025-06-03 00:00:00,3690.2611750781293,3712.618897900836,3165.034143525133
forecast_3673,2025-06-03 01:00:00,3810.061004730135,3678.4880727715886,3193.2216142867246
forecast_3674,2025-06-03 02:00:00,3605.3867875467686,3601.3059063994756,3049.73589172692
forecast_3675,2025-06-03 03:00:00,3844.752400514136,3837.2601226644347,3354.784213763991
forecast_3676,2025-06-03 04:00:00,4183.021577432649,4146.721785260953,3730.517643779175
forecast_3677,2025-06-03 05:00:00,4437.816630533374,4328.471746621994,3709.841022282677
forecast_3678,2025-06-03 06:00:00,4670.1779894997335,4419.674279904955,3767.94559803172
forecast_3679,2025-06-03 07:00:00,4169.076639041961,4194.495251066391,3306.5478019450748
forecast_3680,2025-06-03 08:00:00,3365.0916052797274,3350.228846408217,2753.0443816063507
forecast_3681,2025-06-03 09:00:00,3379.6681142977927,3344.8397993416415,2848.7288791368755
forecast_3682,2025-06-03 10:00:00,3677.4355713112914,3610.0533239118654,3342.027635149917
forecast_3683,2025-06-03 11:00:00,3731.557494070499,3774.429777532408,3463.6822448302096
forecast_3684,2025-06-03 12:00:00,4651.379971333031,4293.492443019637,3822.8865206532137
forecast_3685,2025-06-03 13:00:00,6731.43875494501,6422.603123881608,5147.767055340643
forecast_3686,2025-06-03 14:00:00,8795.522365717412,8543.241155304822,7515.947466285771
forecast_3687,2025-06-03 15:00:00,9487.199198122571,9750.160619421476,8311.565502595067
forecast_3688,2025-06-03 16:00:00,10543.92712398841,10454.32060102624,8574.088287630635
forecast_3689,2025-06-03 17:00:00,11104.603103417521,10975.272809180156,9014.471244803399
forecast_3690,2025-06-03 18:00:00,11483.97456021111,11113.383108737133,9022.347491269526
forecast_3691,2025-06-03 19:00:00,12175.693934377401,11789.010959224523,10008.52071694784
forecast_3692,2025-06-03 20:00:00,13374.039258280038,12745.459683551015,11434.162788679776
forecast_3693,2025-06-03 21:00:00,14238.809670013621,15674.406032098814,12748.723419116588
forecast_3694,2025-06-03 22:00:00,14566.07602391464,14956.57602349185,13286.87657065226
forecast_3695,2025-06-03 23:00:00,14237.131313610158,15564.539816522467,13235.20573983378
forecast_3696,2025-06-04 00:00:00,13960.493854338547,14450.68021041214,12870.296828053173
forecast_3697,2025-06-04 01:00:00,13272.777833639124,14738.788823785395,13103.965709794067
forecast_3698,2025-06-04 02:00:00,13518.329979118223,15119.135837036813,13282.122471504783
forecast_3699,2025-06-04 03:00:00,15030.852688873001,16552.385971698797,15391.160207348728
forecast_3700,2025-06-04 04:00:00,16206.696004554766,17209.346498600647,15727.523963374631
forecast_3701,2025-06-04 05:00:00,17424.24098445048,18060.06503856192,16776.716962239538
forecast_3702,2025-06-04 06:00:00,17563.29936483678,18411.56573977249,17009.753009171036
forecast_3703,2025-06-04 07:00:00,17630.546891176476,18220.322860835484,17070.328566925597
forecast_3704,2025-06-04 08:00:00,17569.373261336226,17911.087757135763,16301.20698223945
forecast_3705,2025-06-04 09:00:00,16763.647649127553,17050.933585065173,15964.734200924444
forecast_3706,2025-06-04 10:00:00,16372.846140099986,16975.107410010296,16016.836048704317
forecast_3707,2025-06-04 11:00:00,16329.592616634709,16884.31731728011,16190.69343976211
forecast_3708,2025-06-04 12:00:00,16142.124970589723,16555.159853063746,15946.797787376778
forecast_3709,2025-06-04 13:00:00,16098.505349106706,16597.457986520654,15382.120249280419
forecast_3710,2025-06-04 14:00:00,15805.583089941345,16396.68649484905,13531.99552429568
forecast_3711,2025-06-04 15:00:00,15051.551901820667,16090.29197347081,12303.057525893744
forecast_3712,2025-06-04 16:00:00,14103.011361423401,14481.796608650871,11367.840765409586
forecast_3713,2025-06-04 17:00:00,13748.26098227729,13670.008917136965,10165.89438638161
forecast_3714,2025-06-04 18:00:00,12059.803489396632,11772.750590552281,9714.351213103842
forecast_3715,2025-06-04 19:00:00,10981.65356813289,10982.132405767614,9081.425927505832
forecast_3716,2025-06-04 20:00:00,10496.701746256866,11742.163533837645,9587.726443511154
forecast_3717,2025-06-04 21:00:00,10499.722700903494,11502.978431959647,10113.179610687168
forecast_3718,2025-06-04 22:00:00,10741.927703862319,12089.556035458229,11112.057804897106
forecast_3719,2025-06-04 23:00:00,11781.282205602658,12277.371910648766,11879.831416765523
forecast_3720,2025-06-05 00:00:00,12009.918082956146,12222.54090438439,12591.348528819584
forecast_3721,2025-06-05 01:00:00,9613.931878364738,9944.476113004524,9105.154209095495
forecast_3722,2025-06-05 02:00:00,10513.129918962495,12426.833650894412,11200.158629841038
forecast_3723,2025-06-05 03:00:00,12531.984736054945,13430.670183887753,12901.05409764568
forecast_3724,2025-06-05 04:00:00,13366.50076637477,13798.493791412426,11289.250289781457
forecast_3725,2025-06-05 05:00:00,13132.224345215795,13676.324920436822,11337.938882674556
forecast_3726,2025-06-05 06:00:00,13316.678665250785,13730.661643294594,10573.541295896128
forecast_3727,2025-06-05 07:00:00,12064.045844631235,13156.936056795226,10561.34507606961
forecast_3728,2025-06-05 08:00:00,11780.948745210837,12173.379776286602,10259.06985227327
forecast_3729,2025-06-05 09:00:00,9541.7022008215,9845.657748030328,8023.629582126508
forecast_3730,2025-06-05 10:00:00,7512.695762261548,7749.691277647396,6179.508861055514
forecast_3731,2025-06-05 11:00:00,6370.158983495547,5753.325394177135,5020.986634330931
forecast_3732,2025-06-05 12:00:00,5534.4221324083765,5269.6646690769,4507.0816151769595
forecast_3733,2025-06-05 13:00:00,5378.787529696424,5076.783226912806,4467.845688209536
forecast_3734,2025-06-05 14:00:00,5062.977322995101,4975.1081443137455,4354.808936242444
forecast_3735,2025-06-05 15:00:00,5121.016184805288,5133.193906777561,4781.182152403417
forecast_3736,2025-06-05 16:00:00,6160.757915464151,5659.221432179317,5666.201302163083
forecast_3737,2025-06-05 17:00:00,7389.063802186441,7092.622549850124,6980.425784421207
forecast_3738,2025-06-05 18:00:00,10787.164266951719,9928.735135421772,10153.009543004358
forecast_3739,2025-06-05 19:00:00,12446.519322756858,12949.718563382805,12343.403401721267
forecast_3740,2025-06-05 20:00:00,13842.294486754783,14267.237534798342,15672.431164034215
forecast_3741,2025-06-05 21:00:00,14770.673447225194,15644.01426194655,17502.060084174234
forecast_3742,2025-06-05 22:00:00,16239.561657262038,16998.373988520438,17265.23792275581
forecast_3743,2025-06-05 23:00:00,18082.97147674289,18285.521722880625,18267.239141978334
forecast_3744,2025-06-06 00:00:00,18494.575509081642,18563.70526344236,18165.328045785547
forecast_3745,2025-06-06 01:00:00,19682.89507773811,19772.885571530092,18512.788691090173
forecast_3746,2025-06-06 02:00:00,19925.13487291115,19821.867127307283,18516.698602240303
forecast_3747,2025-06-06 03:00:00,19887.61544724769,19878.689128068785,19243.14309399244
forecast_3748,2025-06-06 04:00:00,19765.27135057438,19880.63399304088,18838.569710223204
forecast_3749,2025-06-06 05:00:00,19038.394008146428,19765.381526643287,18664.604766765067
forecast_3750,2025-06-06 06:00:00,18970.87126489927,19774.054063521424,18744.724560435516
forecast_3751,2025-06-06 07:00:00,18514.47176735377,18865.512191725138,18449.21074926816
forecast_3752,2025-06-06 08:00:00,17214.92691063303,18039.499394712973,17715.961874231834
forecast_3753,2025-06-06 09:00:00,15445.261042620654,16986.81666688843,16547.577520384504
forecast_3754,2025-06-06 10:00:00,14701.888820465992,16561.405291204675,15560.60516831959
forecast_3755,2025-06-06 11:00:00,13778.33202166664,14908.794314114704,15244.813207925772
forecast_3756,2025-06-06 12:00:00,13237.093709589177,14808.249374608558,14706.718126619206
forecast_3757,2025-06-06 13:00:00,13299.23898586748,14466.863388648258,14267.928254524963
forecast_3758,2025-06-06 14:00:00,13677.187021286942,14441.497046259274,14935.316994675453
forecast_3759,2025-06-06 15:00:00,13918.647187402756,14553.529957084362,15502.30831313422
forecast_3760,2025-06-06 16:00:00,13041.043821118381,14181.296830342722,14907.76099726168
forecast_3761,2025-06-06 17:00:00,12559.83963148869,13531.469450770725,14861.351451394705
forecast_3762,2025-06-06 18:00:00,13163.778782058445,14060.705939464746,14789.843163337868
forecast_3763,2025-06-06 19:00:00,14571.13422978261,16389.566316517747,15890.93768994329
forecast_3764,2025-06-06 20:00:00,15888.403277480678,17361.788196994774,17285.027516610102
forecast_3765,2025-06-06 21:00:00,17144.361033398418,17632.361406486172,18022.669656098435
forecast_3766,2025-06-06 22:00:00,17435.43280532897,18487.956825461755,18730.229672397734
forecast_3767,2025-06-06 23:00:00,17861.633101972966,19807.229907772253,19272.27359864443
forecast_3768,2025-06-07 00:00:00,17869.874385200506,19423.97357598054,19269.445416223534
forecast_3769,2025-06-07 01:00:00,19064.423237677416,19894.457173330513,19384.375262897323
forecast_3770,2025-06-07 02:00:00,18522.471256225308,19922.64755235941,19355.064614218758
forecast_3771,2025-06-07 03:00:00,18745.955462602193,19845.976386401206,19292.474141612878
forecast_3772,2025-06-07 04:00:00,19284.798549366256,19919.969223213113,19041.87950738791
forecast_3773,2025-06-07 05:00:00,19823.56532429916,19916.079200694803,19006.906019711703
forecast_3774,2025-06-07 06:00:00,18893.663434141334,19763.906941254045,18092.12875049726
forecast_3775,2025-06-07 07:00:00,17594.08328070836,18059.875795582448,17225.92736975641
forecast_3776,2025-06-07 08:00:00,15266.919875961865,15513.343672254252,14146.640619174774
forecast_3777,2025-06-07 09:00:00,12567.987321835068,12708.66432716374,11657.173915903093
forecast_3778,2025-06-07 10:00:00,10100.742401761778,10387.83261864325,9316.045449477275
forecast_3779,2025-06-07 11:00:00,8799.90652747027,8956.267315904353,7925.5387853119255
forecast_3780,2025-06-07 12:00:00,7076.700068054225,6962.464816869982,6514.289466006206
forecast_3781,2025-06-07 13:00:00,5964.732000921767,5958.790917386777,5481.264112772736
forecast_3782,2025-06-07 14:00:00,5586.17396102186,5627.44464216472,5300.468771414818
forecast_3783,2025-06-07 15:00:00,5761.649936459944,5327.498900932331,5742.864391982093
forecast_3784,2025-06-07 16:00:00,6030.525177010632,5567.19888129835,5585.680733313885
forecast_3785,2025-06-07 17:00:00,5022.129636068565,4966.128856787259,5608.960385896995
forecast_3786,2025-06-07 18:00:00,4769.113464295167,5028.166742901706,5241.340125602156
forecast_3787,2025-06-07 19:00:00,5232.190609519128,5351.667377534052,6128.647997980294
forecast_3788,2025-06-07 20:00:00,6883.486614773538,7498.276342733593,8437.530372863017
forecast_3789,2025-06-07 21:00:00,8859.8017364598,9418.899608739193,10479.10237447892
forecast_3790,2025-06-07 22:00:00,10627.878807146339,10929.538899106878,12705.349274346101
forecast_3791,2025-06-07 23:00:00,11726.2807241512,12324.243186116428,11784.566139309616
forecast_3792,2025-06-08 00:00:00,12135.058052919876,12778.220917376531,11490.879917413253
forecast_3793,2025-06-08 01:00:00,11453.902245894136,12213.450605463537,8723.253705842637
forecast_3794,2025-06-08 02:00:00,11541.36790892877,12126.358675318412,8520.129294386199
forecast_3795,2025-06-08 03:00:00,12249.005621035603,12612.648328898766,8507.531411416317
forecast_3796,2025-06-08 04:00:00,12392.080328171001,13063.50926537829,8368.509085765203
forecast_3797,2025-06-08 05:00:00,12091.019456296057,13147.006109783486,7609.7023271436765
forecast_3798,2025-06-08 06:00:00,9093.151727435463,9552.030845913705,5468.9883707238705
forecast_3799,2025-06-08 07:00:00,5247.765541225382,5278.737135726011,3771.5917439527025
forecast_3800,2025-06-08 08:00:00,4364.832367855377,4798.403408153027,3702.5562918042997
forecast_3801,2025-06-08 09:00:00,3701.942146213489,3658.0897946508762,3243.4614216394634
forecast_3802,2025-06-08 10:00:00,3499.970967746908,3827.5688994830407,2739.774634930521
forecast_3803,2025-06-08 11:00:00,71.24770254784777,68.13761275243733,62.135832428496265
forecast_3804,2025-06-08 12:00:00,1782.2498056675663,2472.8344119202325,51.40724420186926
forecast_3805,2025-06-08 13:00:00,46.57372835922677,2464.4023350752464,50.744915484202224
forecast_3806,2025-06-08 14:00:00,57.708935226173836,2591.5068563696673,54.70954100595166
forecast_3807,2025-06-08 15:00:00,1802.9446250078227,2506.1964695114743,61.59704929426582
forecast_3808,2025-06-08 16:00:00,1848.4515016699233,2543.8625456571012,55.71792127636047
forecast_3809,2025-06-08 17:00:00,2650.907834522084,2588.624204694193,101.23167622542206
forecast_3810,2025-06-08 18:00:00,3372.4386212575437,3387.3065785427816,2419.240069286095
forecast_3811,2025-06-08 19:00:00,3601.6575094305267,3346.635388882584,2830.6006584543234
forecast_3812,2025-06-08 20:00:00,3466.4985191434444,3442.3877056811925,3039.80122398535
forecast_3813,2025-06-08 21:00:00,3704.965094258773,3677.920160976156,3175.9453314031875
forecast_3814,2025-06-08 22:00:00,4450.398444886238,4564.032658843652,3572.747382231937
forecast_3815,2025-06-08 23:00:00,6221.240209856742,6529.429750581367,4093.6218809726774
forecast_3816,2025-06-09 00:00:00,8000.10752223707,7913.704861502351,5049.073125734223
forecast_3817,2025-06-09 01:00:00,8402.633657341394,9513.195375064857,6860.737712414708
forecast_3818,2025-06-09 02:00:00,8545.561959275194,10272.021150599077,6451.501126090886
forecast_3819,2025-06-09 03:00:00,8306.351382775603,10053.597874705592,6195.025040371367
forecast_3820,2025-06-09 04:00:00,6971.021220065539,7187.068210674973,5182.273070870163
forecast_3821,2025-06-09 05:00:00,5371.989324725259,5632.259271897847,3893.803536170823
forecast_3822,2025-06-09 06:00:00,4180.907132122573,4046.376093856235,3803.9068723297087
forecast_3823,2025-06-09 07:00:00,3994.086139145603,3953.093944366366,3340.5407205299207
forecast_3824,2025-06-09 08:00:00,3387.462058625917,3423.147279500899,2965.70031945021
forecast_3825,2025-06-09 09:00:00,3435.868845562024,3371.604127971893,3417.708790144564
forecast_3826,2025-06-09 10:00:00,4660.221150529994,4609.467098334285,3987.266826570858
forecast_3827,2025-06-09 11:00:00,5704.371446386579,4238.780303186993,8035.213565081243
forecast_3828,2025-06-09 12:00:00,3386.783172795874,3704.680346371789,2793.6704674588564
forecast_3829,2025-06-09 13:00:00,3699.6189787445787,3762.8523707144564,2841.6563434758614
forecast_3830,2025-06-09 14:00:00,3801.0171320933446,3647.0262386077056,3205.238403121989
forecast_3831,2025-06-09 15:00:00,3582.6830766219955,3677.517992253031,3119.3065494734697
forecast_3832,2025-06-09 16:00:00,3934.674391777823,3698.036684338113,3452.791099454978
forecast_3833,2025-06-09 17:00:00,3577.9734590628245,3489.441667607212,3595.6695256200837
forecast_3834,2025-06-09 18:00:00,3839.666846576244,3579.2877012243325,3240.5643474412846
forecast_3835,2025-06-09 19:00:00,3769.6684986426353,3704.707980330978,3087.3034363698894
forecast_3836,2025-06-09 20:00:00,3793.6778431474495,3840.9919643406038,3597.36529345068
forecast_3837,2025-06-09 21:00:00,5454.735419666873,5588.4629402584105,4433.044153717278
forecast_3838,2025-06-09 22:00:00,6496.08864701255,7003.14824261495,5321.165380780053
forecast_3839,2025-06-09 23:00:00,8031.632633409717,8549.51057671576,6263.819436776636
forecast_3840,2025-06-10 00:00:00,8127.520588263938,8586.501254771123,6161.908372561456
forecast_3841,2025-06-10 01:00:00,13438.173245943364,14516.869472020993,10768.961070695912
forecast_3842,2025-06-10 02:00:00,13474.693371095838,14947.325170267643,11827.977813606276
forecast_3843,2025-06-10 03:00:00,14770.99055111076,16357.984269473798,13055.976697727618
forecast_3844,2025-06-10 04:00:00,16047.468535600252,17332.476927634027,14148.505774397914
forecast_3845,2025-06-10 05:00:00,16885.79093494353,17662.83587964458,14403.726747224595
forecast_3846,2025-06-10 06:00:00,15748.065525292246,16712.545841125975,13238.254591923553
forecast_3847,2025-06-10 07:00:00,14968.015978397414,15578.203368288532,11584.604745869137
forecast_3848,2025-06-10 08:00:00,13187.288295889024,13675.681135011948,9403.829909903301
forecast_3849,2025-06-10 09:00:00,10461.864911646007,10785.855000220845,7089.929951333785
forecast_3850,2025-06-10 10:00:00,7612.702759523637,7915.134838465306,5876.291392289176
forecast_3851,2025-06-10 11:00:00,5794.489531444096,5898.863181562705,4938.671972864243
forecast_3852,2025-06-10 12:00:00,5919.903307461175,6381.472089104176,5385.397949068237
forecast_3853,2025-06-10 13:00:00,6988.470182216778,7370.5952287302825,6178.899237954526
forecast_3854,2025-06-10 14:00:00,8639.122701373779,8452.880391693421,6761.554139166485
forecast_3855,2025-06-10 15:00:00,9091.575778406854,9858.485818176177,7213.57037104322
forecast_3856,2025-06-10 16:00:00,9783.73635266008,10402.392454876248,7574.613829573312
forecast_3857,2025-06-10 17:00:00,10123.112456644727,11113.158060709595,8011.279110075454
forecast_3858,2025-06-10 18:00:00,11041.918711481987,11939.388563803856,8766.009541140229
forecast_3859,2025-06-10 19:00:00,10843.628252997903,12361.942547953438,8809.556626032856
forecast_3860,2025-06-10 20:00:00,11222.445629470854,13234.592423891674,9874.508872814045
forecast_3861,2025-06-10 21:00:00,12074.600618740367,13869.725831529562,11169.260070035372
forecast_3862,2025-06-10 22:00:00,13601.369729602455,14970.322987948524,14260.367410203495
forecast_3863,2025-06-10 23:00:00,14164.062097046628,15401.615346662315,12808.034989531245
forecast_3864,2025-06-11 00:00:00,14207.437106867343,15347.84070831089,12961.56264741597
forecast_3865,2025-06-11 01:00:00,12376.11959611878,12817.503393587282,10250.598276101746
forecast_3866,2025-06-11 02:00:00,12905.544168358867,12763.222581570235,10410.677250095147
forecast_3867,2025-06-11 03:00:00,13014.89726613022,13500.526392983798,11021.33771752242
forecast_3868,2025-06-11 04:00:00,13566.747849959804,14008.506199560028,11194.73263722758
forecast_3869,2025-06-11 05:00:00,13617.933385998092,14212.937090688974,11384.732155314461
forecast_3870,2025-06-11 06:00:00,13263.689594805744,13706.745229005597,10612.538400224537
forecast_3871,2025-06-11 07:00:00,12218.952145048463,12559.584050817295,9255.745993621213
forecast_3872,2025-06-11 08:00:00,10476.770097962099,10649.415102328554,7321.619476794645
forecast_3873,2025-06-11 09:00:00,8371.982972935804,8528.936642696885,6260.691249825964
forecast_3874,2025-06-11 10:00:00,6851.762810566742,6898.4008820257295,5078.954079295099
forecast_3875,2025-06-11 11:00:00,6567.8369099702695,6403.7203660739815,4885.941765383254
forecast_3876,2025-06-11 12:00:00,6550.909555066046,6152.880299998206,4773.936360742326
forecast_3877,2025-06-11 13:00:00,6786.878054004683,6104.501743902964,4808.347720965569
forecast_3878,2025-06-11 14:00:00,6519.435850299167,5775.59275179935,4683.346722383997
forecast_3879,2025-06-11 15:00:00,6285.946700819716,5644.792861375234,4445.747161082113
forecast_3880,2025-06-11 16:00:00,5731.938646839155,5548.317946715663,4233.21617698451
forecast_3881,2025-06-11 17:00:00,5154.482042949948,5181.57529891063,3788.3602449622567
forecast_3882,2025-06-11 18:00:00,4799.557345589002,4852.258180012508,3791.620007039718
forecast_3883,2025-06-11 19:00:00,4371.325338383461,4299.540178216506,3826.010300938122
forecast_3884,2025-06-11 20:00:00,4373.179406857281,4844.75937814078,3753.495178125257
forecast_3885,2025-06-11 21:00:00,3912.1054794986317,4836.974770109914,3775.5374940250426
forecast_3886,2025-06-11 22:00:00,3996.1310479001086,4080.4829043508394,3572.4769280495298
forecast_3887,2025-06-11 23:00:00,4370.689096030017,4335.693988363218,3756.6925633508517
forecast_3888,2025-06-12 00:00:00,4662.534986930166,4640.28752766264,3794.031235396766
forecast_3889,2025-06-12 01:00:00,3634.1325016669766,3781.8018575920387,3474.160518459318
forecast_3890,2025-06-12 02:00:00,3829.3090879996553,3865.1950823537595,3481.268149401958
forecast_3891,2025-06-12 03:00:00,3928.7955211787607,3804.2750931141704,3333.728060147301
forecast_3892,2025-06-12 04:00:00,3626.380837026108,3577.4518014478776,3209.8690821175855
forecast_3893,2025-06-12 05:00:00,3657.8193491492802,3729.8800775130308,3196.1675687357065
forecast_3894,2025-06-12 06:00:00,3638.740231265649,4050.3596499496894,3390.3799034687545
forecast_3895,2025-06-12 07:00:00,2993.051787708206,4221.683537266753,1892.8598376635455
forecast_3896,2025-06-12 08:00:00,2709.613847469923,3973.142200010239,1637.605879309548
forecast_3897,2025-06-12 09:00:00,3937.2537601204795,3482.6875746615888,46.83367435657386
forecast_3898,2025-06-12 10:00:00,3258.9028963869687,2697.353423833843,31.33775565665142
forecast_3899,2025-06-12 11:00:00,37.13488176699847,40.502938210590486,26.404205197252267
forecast_3900,2025-06-12 12:00:00,18.8646603063846,20.830409034183333,23.171762522047775
forecast_3901,2025-06-12 13:00:00,21.236112492362306,24.6335007936936,29.439416137204773
forecast_3902,2025-06-12 14:00:00,24.54904624712411,34.02645441629219,29.597474524253027
forecast_3903,2025-06-12 15:00:00,27.57737882790341,33.82059037973227,25.04570270508348
forecast_3904,2025-06-12 16:00:00,2889.9899934844634,2675.757563619426,18.851183991133258
forecast_3905,2025-06-12 17:00:00,4672.257230302505,5395.149241567924,3841.357225805666
forecast_3906,2025-06-12 18:00:00,6370.082832934365,6772.561792024901,5436.892014173278
forecast_3907,2025-06-12 19:00:00,6439.525345331848,7120.407475202252,4438.793370387424
forecast_3908,2025-06-12 20:00:00,5421.314558201181,5379.650503729399,6259.029473315391
forecast_3909,2025-06-12 21:00:00,3347.5800345099146,2949.011986461131,6206.137606374308
forecast_3910,2025-06-12 22:00:00,3141.8507585683446,2945.598150679132,5107.579919875837
forecast_3911,2025-06-12 23:00:00,3472.753203559041,3290.345108754936,2414.2358082939304
forecast_3912,2025-06-13 00:00:00,3423.410851374419,3331.997751398665,2913.4921023886823
forecast_3913,2025-06-13 01:00:00,4751.050184450936,4838.102603276444,3718.8147064575805
forecast_3914,2025-06-13 02:00:00,5231.572617271896,5709.427274385233,3804.814129837362
forecast_3915,2025-06-13 03:00:00,5769.38131520981,5828.798906861347,4172.605967983978
forecast_3916,2025-06-13 04:00:00,5015.970340698211,5003.635192283042,3776.2176110083387
forecast_3917,2025-06-13 05:00:00,4165.187465268429,4199.946672218815,3307.1287207785344
forecast_3918,2025-06-13 06:00:00,3315.1124664361173,3525.710497866539,3097.6530998609105
forecast_3919,2025-06-13 07:00:00,3257.208464411995,3436.9147182364495,3597.623241464972
forecast_3920,2025-06-13 08:00:00,3936.348005466831,3822.199357252723,138.45697438043265
forecast_3921,2025-06-13 09:00:00,3726.6050742284924,3398.572979270465,1098.1292254360972
forecast_3922,2025-06-13 10:00:00,3599.5856298862195,3575.386110235374,2840.994013612284
forecast_3923,2025-06-13 11:00:00,3767.966842657804,3758.130517946687,3294.882777109905
forecast_3924,2025-06-13 12:00:00,3428.7416749742056,3430.6362107849172,3160.940427191602
forecast_3925,2025-06-13 13:00:00,4222.520252808409,3938.20989689983,2981.937075545181
forecast_3926,2025-06-13 14:00:00,4132.869543085913,3409.5324165565107,2832.9296634657317
forecast_3927,2025-06-13 15:00:00,3575.5005126917995,3865.4400085103193,3658.3303596840556
forecast_3928,2025-06-13 16:00:00,3433.242576094203,3304.045991835259,2882.095292016687
forecast_3929,2025-06-13 17:00:00,3374.7178686763405,3537.1769486877806,3035.37243056196
forecast_3930,2025-06-13 18:00:00,3776.1161024493213,3823.9787478551284,3327.8654674380873
forecast_3931,2025-06-13 19:00:00,4102.91458555898,4098.586042507809,3417.539601481352
forecast_3932,2025-06-13 20:00:00,3782.0319946158997,3861.4460195036654,3288.2007746783834
forecast_3933,2025-06-13 21:00:00,4137.766062470217,4265.678849065523,3490.5994669987213
forecast_3934,2025-06-13 22:00:00,4973.7433592742,5644.104052505636,3653.9653679851986
forecast_3935,2025-06-13 23:00:00,4940.018044913214,5652.743387876563,3725.4476762856852
forecast_3936,2025-06-14 00:00:00,4720.685250734503,5059.042542925595,3727.7083417054982
forecast_3937,2025-06-14 01:00:00,8256.702626447548,8787.64242056575,6562.193582232575
forecast_3938,2025-06-14 02:00:00,7733.870389441797,8324.37092957515,6144.180420783876
forecast_3939,2025-06-14 03:00:00,7357.382952558362,7513.551277335771,5453.16510791251
forecast_3940,2025-06-14 04:00:00,5775.6216868911915,6267.254814703123,4097.76065993016
forecast_3941,2025-06-14 05:00:00,4402.243597744079,4654.649876316636,3583.6688089539043
forecast_3942,2025-06-14 06:00:00,3662.2704376171846,3799.7795622100334,3141.0164206495874
forecast_3943,2025-06-14 07:00:00,3821.358951139065,3765.6699649756147,3540.435351544045
forecast_3944,2025-06-14 08:00:00,3563.4687704885464,3732.1229054608534,2505.9910508576813
forecast_3945,2025-06-14 09:00:00,3369.516991795886,3413.7682900335444,2379.1632201714215
forecast_3946,2025-06-14 10:00:00,3059.8875318011337,3603.9301542243657,2320.1942788735387
forecast_3947,2025-06-14 11:00:00,3306.7159727423104,3108.511723677281,2107.9591251584675
forecast_3948,2025-06-14 12:00:00,3607.5644278643717,3708.1777231498895,1138.372729590448
forecast_3949,2025-06-14 13:00:00,3289.173458703954,4098.253242355753,1417.0003455018282
forecast_3950,2025-06-14 14:00:00,2495.746463720096,3178.8196641865625,2922.010373575499
forecast_3951,2025-06-14 15:00:00,1389.6376645637104,2368.2734575781565,2578.144960492678
forecast_3952,2025-06-14 16:00:00,2846.77946305748,3879.421165064116,810.1560034683929
forecast_3953,2025-06-14 17:00:00,3527.666738003702,4310.991822825351,12225.172123688735
forecast_3954,2025-06-14 18:00:00,4452.479199021658,5695.976792511894,11189.68874512394
forecast_3955,2025-06-14 19:00:00,3569.978920848476,3348.5989226709985,3088.061822790401
forecast_3956,2025-06-14 20:00:00,3334.6440486804136,3462.974077670925,3278.667482177359
forecast_3957,2025-06-14 21:00:00,3375.9739168929746,3375.3442310272335,3194.2965337078062
forecast_3958,2025-06-14 22:00:00,3366.040872867262,3400.2798186270766,3442.178540757771
forecast_3959,2025-06-14 23:00:00,3372.174285100933,2957.6803398276456,3703.755355002751
forecast_3960,2025-06-15 00:00:00,3329.5634898427747,3258.9238282993606,3630.350839475777
forecast_3961,2025-06-15 01:00:00,5631.506270762325,5887.223006683781,3765.4923277786597
forecast_3962,2025-06-15 02:00:00,4539.448957788344,4700.549313034736,3705.145405258215
forecast_3963,2025-06-15 03:00:00,4953.542835814488,4368.412793841317,3736.88286805534
forecast_3964,2025-06-15 04:00:00,5124.173083824392,4603.531460120589,3833.4881412135333
forecast_3965,2025-06-15 05:00:00,5873.66436010246,5425.690250090396,3953.3044039530896
forecast_3966,2025-06-15 06:00:00,5859.59784299612,5663.755950114167,3862.3857274835195
forecast_3967,2025-06-15 07:00:00,3977.7378812826946,4045.2769349504406,3347.708713032537
forecast_3968,2025-06-15 08:00:00,3598.4722927698404,3443.0000615181166,2814.319693408434
forecast_3969,2025-06-15 09:00:00,3555.7705575778778,3576.8203230325576,3499.6718258791493
forecast_3970,2025-06-15 10:00:00,4422.071265207772,4115.385715356317,3808.267016803572
forecast_3971,2025-06-15 11:00:00,5778.343009933406,6706.130413598023,3435.517971220112
forecast_3972,2025-06-15 12:00:00,3932.649831538714,3610.640749204633,3284.8995238332777
forecast_3973,2025-06-15 13:00:00,3324.0062864138586,3474.088406113426,3158.5639778187515
forecast_3974,2025-06-15 14:00:00,3113.290094848756,3347.7547696565985,3130.193195510104
forecast_3975,2025-06-15 15:00:00,3778.404720929459,3671.417932653379,3408.1948683179126
forecast_3976,2025-06-15 16:00:00,3770.4165039790396,3848.4823905926146,3474.23959039093
forecast_3977,2025-06-15 17:00:00,3894.3484602415942,4081.4736024938757,3834.259202097184
forecast_3978,2025-06-15 18:00:00,4045.5286665406124,4380.241977422891,4275.8692122240955
forecast_3979,2025-06-15 19:00:00,4303.238069921085,4548.674311700054,4244.576486034154
forecast_3980,2025-06-15 20:00:00,5151.712643728233,7079.503939774149,4425.023633055603
forecast_3981,2025-06-15 21:00:00,6129.352394425522,7691.607995732407,5557.329375975726
forecast_3982,2025-06-15 22:00:00,7069.745293767572,8800.927930687245,6435.938438163574
forecast_3983,2025-06-15 23:00:00,8441.549354118682,9819.75041805961,7494.01408529227
forecast_3984,2025-06-16 00:00:00,9405.898935524543,10606.972532022628,8047.020254070712
forecast_3985,2025-06-16 01:00:00,9028.578246763193,10344.011129525828,6955.15332033765
forecast_3986,2025-06-16 02:00:00,8893.06254254989,10059.917499254183,7272.316272461777
forecast_3987,2025-06-16 03:00:00,9204.043122318593,10755.00861847193,7975.897593818836
forecast_3988,2025-06-16 04:00:00,8568.792771827708,9466.67930903903,7323.664251980284
forecast_3989,2025-06-16 05:00:00,8549.06868625445,9001.422278784625,6655.322105379051
forecast_3990,2025-06-16 06:00:00,9211.702731376983,10163.636018798661,6744.485184195347
forecast_3991,2025-06-16 07:00:00,8472.51438925549,9677.412166951428,6917.073363845605
forecast_3992,2025-06-16 08:00:00,9071.52778420575,10122.988157508025,6827.678680154989
forecast_3993,2025-06-16 09:00:00,9183.685403376676,10407.491637995201,6789.836877018454
forecast_3994,2025-06-16 10:00:00,9110.876536244028,9847.234496966737,6794.181451900066
forecast_3995,2025-06-16 11:00:00,8664.266007507229,10306.38302514393,6884.428364077387
forecast_3996,2025-06-16 12:00:00,8097.964657304267,8755.772960464148,7207.243571608341
forecast_3997,2025-06-16 13:00:00,9098.86864545541,9716.116788138595,7746.756141647914
forecast_3998,2025-06-16 14:00:00,9795.000323580309,10584.601775049108,8897.75031186705
forecast_3999,2025-06-16 15:00:00,10164.19814553865,11469.28440021042,9735.146406135233
forecast_4000,2025-06-16 16:00:00,11880.474550229519,12715.423191099188,12230.951105991373
forecast_4001,2025-06-16 17:00:00,12773.303843806501,13524.132760781458,13426.471310394658
forecast_4002,2025-06-16 18:00:00,13772.061404221467,14269.818291122067,13732.549363253484
forecast_4003,2025-06-16 19:00:00,13617.242509130016,13708.74318691131,13587.776183122814
forecast_4004,2025-06-16 20:00:00,13626.796632106163,13156.201042960069,12566.065405205132
forecast_4005,2025-06-16 21:00:00,13172.015868583721,14399.974107912363,12745.783042824654
forecast_4006,2025-06-16 22:00:00,14377.456481507485,16752.24004684238,13927.933290615369
forecast_4007,2025-06-16 23:00:00,16546.292312139445,17692.245092709887,15607.377957906549
forecast_4008,2025-06-17 00:00:00,17056.395460826003,18265.786298372874,17620.401793415054
forecast_4009,2025-06-17 01:00:00,17263.067234635375,18708.225199202385,17308.00225591273
forecast_4010,2025-06-17 02:00:00,17346.358144067814,18513.13587960049,17069.66749850639
forecast_4011,2025-06-17 03:00:00,17235.66427291426,18390.79599769395,17006.8883488943
forecast_4012,2025-06-17 04:00:00,16216.399231101741,17975.586403257763,16591.22289204582
forecast_4013,2025-06-17 05:00:00,15342.095897609297,17291.47218827542,16560.95340190509
forecast_4014,2025-06-17 06:00:00,14051.355418708585,15881.367987486494,15525.521708677752
forecast_4015,2025-06-17 07:00:00,13260.005518393553,14641.46903152276,14929.384978947863
forecast_4016,2025-06-17 08:00:00,11877.711575584786,13175.940747698402,13910.664607144312
forecast_4017,2025-06-17 09:00:00,10847.502360167451,12434.639015724557,13031.696060508366
forecast_4018,2025-06-17 10:00:00,10790.194086750269,12278.691479011402,10783.227135778103
forecast_4019,2025-06-17 11:00:00,10321.84764570163,10647.885262541344,10744.487229944594
forecast_4020,2025-06-17 12:00:00,9611.248325781102,10117.952815775176,9834.860506245665
forecast_4021,2025-06-17 13:00:00,8421.772099458778,9597.62470282296,9356.191892913608
forecast_4022,2025-06-17 14:00:00,8520.708661762166,9967.444748746972,9107.890633779665
forecast_4023,2025-06-17 15:00:00,9258.079982629491,10156.595254307906,8714.439451978742
forecast_4024,2025-06-17 16:00:00,9470.17711923093,9657.77070543507,8152.198424662319
forecast_4025,2025-06-17 17:00:00,8437.052574937346,9859.130005452378,8074.694874911203
forecast_4026,2025-06-17 18:00:00,7330.480969935958,8180.828782523512,6857.925005947013
forecast_4027,2025-06-17 19:00:00,6879.0931153978245,9331.830319558445,6299.91016162963
forecast_4028,2025-06-17 20:00:00,7163.298829754214,8011.813896542077,5686.4392613105265
forecast_4029,2025-06-17 21:00:00,7220.170190627114,8206.945057297258,5588.081137848912
forecast_4030,2025-06-17 22:00:00,7332.763298018961,8401.162854735257,5843.353831984099
forecast_4031,2025-06-17 23:00:00,7661.72231446298,8433.888596049006,5795.656001150758
forecast_4032,2025-06-18 00:00:00,7368.651939769232,8513.797322754644,6158.645073438395
forecast_4033,2025-06-18 01:00:00,8819.24818636874,10018.311405824952,7297.303654018241
forecast_4034,2025-06-18 02:00:00,10260.096286021899,11035.482507094763,8338.623251072071
forecast_4035,2025-06-18 03:00:00,12069.441674124362,12675.02413827437,10491.034118100022
forecast_4036,2025-06-18 04:00:00,14418.986349336314,14803.722751729225,11274.462082921887
forecast_4037,2025-06-18 05:00:00,14802.093304961707,14884.91785655145,10739.439228845395
forecast_4038,2025-06-18 06:00:00,13530.651959609642,13917.036114930133,10011.806464428559
forecast_4039,2025-06-18 07:00:00,12810.97669893565,13163.785574463973,6945.153132809396
forecast_4040,2025-06-18 08:00:00,12399.546795990713,12151.654568267571,7398.283896575567
forecast_4041,2025-06-18 09:00:00,10857.931836967156,11004.31345309711,6223.383400495502
forecast_4042,2025-06-18 10:00:00,8596.130314828855,8531.96118310624,5414.464254573276
forecast_4043,2025-06-18 11:00:00,5096.404423477828,5372.702917896331,4021.2758244708266
forecast_4044,2025-06-18 12:00:00,4514.5685875489735,4506.610752793586,3531.4350125819237
forecast_4045,2025-06-18 13:00:00,4253.146889887987,3933.5520368183616,3426.418761684798
forecast_4046,2025-06-18 14:00:00,4148.01696084152,4115.548150919823,3532.179758631899
forecast_4047,2025-06-18 15:00:00,4459.8552383197575,4364.620865418706,3730.8253191842914
forecast_4048,2025-06-18 16:00:00,4644.717993553441,4875.209728801069,4096.037246526637
forecast_4049,2025-06-18 17:00:00,4609.015167461335,4338.279801476741,3926.466667849993
forecast_4050,2025-06-18 18:00:00,4386.817711452892,4455.926061669108,3956.9913102845308
forecast_4051,2025-06-18 19:00:00,4788.461822995448,5064.533012004671,4263.339690460449
forecast_4052,2025-06-18 20:00:00,6813.430958552741,6967.670171260803,5878.762119738076
forecast_4053,2025-06-18 21:00:00,9523.628245793878,10147.38489014745,7729.689529481426
forecast_4054,2025-06-18 22:00:00,11946.558953840107,13361.118000198945,10402.209420279743
forecast_4055,2025-06-18 23:00:00,13397.710026632503,14235.111929709828,11681.780163318128
forecast_4056,2025-06-19 00:00:00,13984.85298421727,15322.643068461528,12145.419112920627
forecast_4057,2025-06-19 01:00:00,14984.988323167609,15345.254716643618,11763.128729538044
forecast_4058,2025-06-19 02:00:00,14827.801519017243,15384.249808157158,12393.780192363462
forecast_4059,2025-06-19 03:00:00,15224.557021925451,15504.747656634694,12560.174283899834
forecast_4060,2025-06-19 04:00:00,15482.153840648582,15441.45198515556,12967.460514845812
forecast_4061,2025-06-19 05:00:00,15116.399616091592,15232.245851262325,12015.328811196092
forecast_4062,2025-06-19 06:00:00,13905.961253325693,14130.848264848024,10022.25699998273
forecast_4063,2025-06-19 07:00:00,10462.013502235084,11029.934102988125,7313.567562917474
forecast_4064,2025-06-19 08:00:00,6593.91290159061,5970.690765798252,4509.456315488529
forecast_4065,2025-06-19 09:00:00,4400.299184869081,4114.573104090483,3759.483954634371
forecast_4066,2025-06-19 10:00:00,3408.380773535615,3462.639557649557,2885.076424747206
forecast_4067,2025-06-19 11:00:00,3467.7468448580303,3304.50486066162,2522.9209349591683
forecast_4068,2025-06-19 12:00:00,2628.7465681940644,2822.648285205388,3287.1380412097405
forecast_4069,2025-06-19 13:00:00,5781.768087821128,4913.27947510387,2179.1960650786923
forecast_4070,2025-06-19 14:00:00,5170.888247481329,3797.5036740883884,2506.157332116682
forecast_4071,2025-06-19 15:00:00,4644.494003366048,4280.211307266212,2651.7396320515063
forecast_4072,2025-06-19 16:00:00,3423.1722737890755,3239.440644570745,2845.503655582169
forecast_4073,2025-06-19 17:00:00,3255.481928735734,3566.168096248852,3456.255080816027
forecast_4074,2025-06-19 18:00:00,3540.6400983923745,3748.971664556668,3402.168040160987
forecast_4075,2025-06-19 19:00:00,3742.846324357612,3732.5439891514475,3380.337613600845
forecast_4076,2025-06-19 20:00:00,3842.362294813752,3943.5369733861085,3664.618120601591
forecast_4077,2025-06-19 21:00:00,4567.519329417682,5544.125560774054,3747.1537479599633
forecast_4078,2025-06-19 22:00:00,6740.3435787735425,8046.796872380305,4474.131910010511
forecast_4079,2025-06-19 23:00:00,9533.690719393362,10384.503198324526,4873.653630108498
forecast_4080,2025-06-20 00:00:00,9953.72480836733,10811.2673095158,6299.351771843507
forecast_4081,2025-06-20 01:00:00,7882.991888108544,11261.525647758472,6898.164069967907
forecast_4082,2025-06-20 02:00:00,7912.977665070877,11563.609247359489,7570.6726759897
forecast_4083,2025-06-20 03:00:00,10069.026769295848,11534.906981494445,8695.732254876162
forecast_4084,2025-06-20 04:00:00,10344.60962383135,11867.450138423705,9612.845713495659
forecast_4085,2025-06-20 05:00:00,9648.916808558502,12155.37369460219,9890.00464679839
forecast_4086,2025-06-20 06:00:00,8844.965433259207,12143.613461233599,8879.793922511639
forecast_4087,2025-06-20 07:00:00,8736.19883471391,11283.104894164719,8149.238903698421
forecast_4088,2025-06-20 08:00:00,8388.365332815161,10492.680453659725,7456.210462568418
forecast_4089,2025-06-20 09:00:00,8909.3915403597,10453.642125290202,8144.021423587202
forecast_4090,2025-06-20 10:00:00,9230.129023313848,12403.357731142003,8724.196020046827
forecast_4091,2025-06-20 11:00:00,12547.145424707727,15073.173006094634,11164.687330684357
forecast_4092,2025-06-20 12:00:00,13075.333947414754,16218.357754951257,13165.371005575655
forecast_4093,2025-06-20 13:00:00,14603.846680617902,16564.669741170288,14233.892295993077
forecast_4094,2025-06-20 14:00:00,14684.528653230182,16447.19486732393,15184.830999771113
forecast_4095,2025-06-20 15:00:00,15273.92307233135,17332.96159034479,15444.43875011459
forecast_4096,2025-06-20 16:00:00,15661.17522902803,17141.342133546026,16533.75505627699
forecast_4097,2025-06-20 17:00:00,16426.836704287027,16970.403312286082,16933.102237273968
forecast_4098,2025-06-20 18:00:00,16047.49782402608,16987.546421768857,16437.578526022196
forecast_4099,2025-06-20 19:00:00,16073.208260115212,16841.675339052465,17169.532796219763
forecast_4100,2025-06-20 20:00:00,16361.748449051443,17106.891589929375,16902.880984148633
forecast_4101,2025-06-20 21:00:00,16512.758260012346,17517.222695853878,17115.080395236357
forecast_4102,2025-06-20 22:00:00,16866.62654675692,17840.87859446618,18012.103166982608
forecast_4103,2025-06-20 23:00:00,16926.558394766787,18028.790776488568,18382.1694134076
forecast_4104,2025-06-21 00:00:00,17246.648949618164,17964.832814773385,17336.73451939438
forecast_4105,2025-06-21 01:00:00,17049.153249627674,17897.13117484881,18129.591096097327
forecast_4106,2025-06-21 02:00:00,16481.255256626642,17691.46591413467,17998.220642945475
forecast_4107,2025-06-21 03:00:00,16041.618553906575,17532.972889673936,17884.743339092038
forecast_4108,2025-06-21 04:00:00,15834.785928032497,17362.686025421506,16460.92594088655
forecast_4109,2025-06-21 05:00:00,14793.987909348933,17093.30929608157,15817.066624851643
forecast_4110,2025-06-21 06:00:00,14557.376010189822,16750.907078137978,15424.626730390806
forecast_4111,2025-06-21 07:00:00,14720.013033699339,17088.840581931905,14967.240261477835
forecast_4112,2025-06-21 08:00:00,14827.750690553692,17163.413500135197,15054.134055861969
forecast_4113,2025-06-21 09:00:00,14053.797844161641,15767.345361600765,13877.115241280642
forecast_4114,2025-06-21 10:00:00,12457.982962282758,13771.211122202885,11873.797357947771
forecast_4115,2025-06-21 11:00:00,10442.016552920219,12489.092613229206,10097.345789634523
forecast_4116,2025-06-21 12:00:00,10466.512635987658,11854.525650349848,9724.908438634937
forecast_4117,2025-06-21 13:00:00,9791.588228765902,13305.816565947158,9453.9809002045
forecast_4118,2025-06-21 14:00:00,12185.800253657993,13404.131502379469,10575.828363574186
forecast_4119,2025-06-21 15:00:00,12771.595294058296,13749.894665809734,10611.39342470979
forecast_4120,2025-06-21 16:00:00,13439.908365665297,14237.618340511273,11410.234265619121
forecast_4121,2025-06-21 17:00:00,12750.425901979692,13315.03376168203,10793.5030926078
forecast_4122,2025-06-21 18:00:00,13304.784304419642,13231.490099353096,10439.791328603584
forecast_4123,2025-06-21 19:00:00,12023.512565096566,13037.95581025682,9935.527826086029
forecast_4124,2025-06-21 20:00:00,13051.151766981091,13827.359729016522,11098.266257774176
forecast_4125,2025-06-21 21:00:00,13146.330670647436,14527.415890171229,11824.562115160572
forecast_4126,2025-06-21 22:00:00,13521.533358821092,14678.24501428193,11269.264056820357
forecast_4127,2025-06-21 23:00:00,14623.126120857982,15378.425412859078,12606.579418190733
forecast_4128,2025-06-22 00:00:00,15103.908269025089,15919.25427922197,13121.405023716274
forecast_4129,2025-06-22 01:00:00,14679.433568147095,15457.02509065399,12107.463194286065
forecast_4130,2025-06-22 02:00:00,14545.159360975927,15268.427408977788,11605.167877382895
forecast_4131,2025-06-22 03:00:00,14177.26610582586,14866.99433146164,11407.658978626157
forecast_4132,2025-06-22 04:00:00,13144.12225901907,13797.731347388954,10400.445482011475
forecast_4133,2025-06-22 05:00:00,12038.342637089687,12489.422414422344,9725.535264728136
forecast_4134,2025-06-22 06:00:00,10801.259481876925,11298.367060027926,8244.536441419
forecast_4135,2025-06-22 07:00:00,9927.841162959823,10446.679043409404,7863.751566484858
forecast_4136,2025-06-22 08:00:00,8828.021319600299,8970.677447759808,7138.030513214444
forecast_4137,2025-06-22 09:00:00,6916.389456200667,7336.762153815663,5639.361962830307
forecast_4138,2025-06-22 10:00:00,5861.790493465568,5927.795489325824,4111.27304084481
forecast_4139,2025-06-22 11:00:00,5029.326319176452,4808.155589576904,3788.8694704669138
forecast_4140,2025-06-22 12:00:00,5624.170348139479,5244.6603367716125,3815.0692252335352
forecast_4141,2025-06-22 13:00:00,4947.765220673269,4556.917758218312,3726.508255688902
forecast_4142,2025-06-22 14:00:00,4921.881958708533,4553.30582066849,3469.275495178828
forecast_4143,2025-06-22 15:00:00,3927.6605425233124,3854.1122915841624,3318.3981268674283
forecast_4144,2025-06-22 16:00:00,4134.621313809927,4055.7140836202275,3574.6179044759024
forecast_4145,2025-06-22 17:00:00,3892.135424560905,3882.4122341069174,3641.99321451646
forecast_4146,2025-06-22 18:00:00,4124.233744831054,4055.3871655038906,3757.757396353834
forecast_4147,2025-06-22 19:00:00,4638.27747085286,5402.733486408896,3794.3035047986737
forecast_4148,2025-06-22 20:00:00,4786.619895040543,5411.712061764672,4091.9906078960894
forecast_4149,2025-06-22 21:00:00,6452.691925227863,7763.218622260417,5066.9874580776095
forecast_4150,2025-06-22 22:00:00,7525.982258848301,8316.114636981898,5836.284918529492
forecast_4151,2025-06-22 23:00:00,9154.37212275145,9505.62060621963,5891.715628583129
forecast_4152,2025-06-23 00:00:00,9277.786052537589,9414.352706425201,5808.5430422735635
forecast_4153,2025-06-23 01:00:00,4828.57425167181,4900.934723807122,3892.176827903107
forecast_4154,2025-06-23 02:00:00,4479.39097658456,4711.699942264083,3964.1855482697265
forecast_4155,2025-06-23 03:00:00,4196.5567112989165,4053.4992427947727,3738.370886033226
forecast_4156,2025-06-23 04:00:00,3954.799936395966,3778.674984899012,3643.867239853708
forecast_4157,2025-06-23 05:00:00,3822.4761499853016,3855.6300588027643,3167.6286048099823
forecast_4158,2025-06-23 06:00:00,3396.391907999456,3526.527877367303,3132.5820285602235
forecast_4159,2025-06-23 07:00:00,3258.4148377602987,3469.2220675929234,3170.4139736577627
forecast_4160,2025-06-23 08:00:00,3445.3851524883207,3723.0334217174595,2532.002324165476
forecast_4161,2025-06-23 09:00:00,2796.5750307380094,2987.662357864514,125.17637284918712
forecast_4162,2025-06-23 10:00:00,3762.507928274931,2937.743726799493,76.21074429756013
forecast_4163,2025-06-23 11:00:00,227.66238545761053,2084.474484041965,139.63699850834433
forecast_4164,2025-06-23 12:00:00,1402.2845901684827,1998.2657472359897,179.37814175672048
forecast_4165,2025-06-23 13:00:00,4757.934750116933,2517.1557693507793,205.69952611667847
forecast_4166,2025-06-23 14:00:00,2265.425679930074,2210.3898596506374,196.77415881850376
forecast_4167,2025-06-23 15:00:00,2819.5343159259232,4357.768046040498,174.4228840299317
forecast_4168,2025-06-23 16:00:00,1360.769449823104,1917.2603793585765,142.46928412460744
forecast_4169,2025-06-23 17:00:00,1132.565680072986,213.0062728059782,104.60120676509577
forecast_4170,2025-06-23 18:00:00,1871.9947538384731,2579.8731362576405,68.49483628403705
forecast_4171,2025-06-23 19:00:00,1135.4420314091758,1427.5765599273698,40.68359871167767
forecast_4172,2025-06-23 20:00:00,2120.8035371197275,2684.0406360769457,31.733126001394677
forecast_4173,2025-06-23 21:00:00,2282.005319778661,2491.8187507884295,1595.5744973650478
forecast_4174,2025-06-23 22:00:00,2864.4201677010215,2940.6047086733374,1987.0925480630249
forecast_4175,2025-06-23 23:00:00,2126.3098762512614,2110.2462290022,2133.5858921413014
forecast_4176,2025-06-24 00:00:00,2569.36465947411,2824.9246929507594,3978.838811997705
forecast_4177,2025-06-24 01:00:00,3533.7162157175903,3828.312246189291,3526.648639127025
forecast_4178,2025-06-24 02:00:00,3723.4399291049713,3521.5580726275166,1473.5664289437636
forecast_4179,2025-06-24 03:00:00,3298.930265517368,3466.896369806415,1466.300196652285
forecast_4180,2025-06-24 04:00:00,3282.3023756912585,3751.1191355551045,161.114844425043
forecast_4181,2025-06-24 05:00:00,3312.3607200467495,3718.0203671998456,192.7060727065474
forecast_4182,2025-06-24 06:00:00,3571.0295604949197,3817.228001562567,1485.4189457381349
forecast_4183,2025-06-24 07:00:00,3536.256574817816,3420.6039484849734,2194.36161297808
forecast_4184,2025-06-24 08:00:00,3411.8147998983063,3153.953330708103,4130.673093533059
forecast_4185,2025-06-24 09:00:00,3303.5021480176847,3068.9007919403584,3070.5490285897254
forecast_4186,2025-06-24 10:00:00,3355.9945711384694,3365.305390448766,2837.501364111385
forecast_4187,2025-06-24 11:00:00,3365.8447194988526,3340.8912609321114,2959.2814286609287
forecast_4188,2025-06-24 12:00:00,3191.3047301339057,3300.7638710064534,3089.4283950413137
forecast_4189,2025-06-24 13:00:00,3315.3150586940747,3277.4179071111703,3026.2682869515825
forecast_4190,2025-06-24 14:00:00,3444.7233641384573,3378.8720179422767,3129.89863047316
forecast_4191,2025-06-24 15:00:00,3520.8637638696405,3428.8581625637275,2975.7170168564385
forecast_4192,2025-06-24 16:00:00,3830.3842455505937,3723.3880783633817,3251.3718209881827
forecast_4193,2025-06-24 17:00:00,3600.222070701464,3840.085275069923,3350.018894174092
forecast_4194,2025-06-24 18:00:00,3625.726049814219,3753.986629221703,3809.456615658884
forecast_4195,2025-06-24 19:00:00,4309.422720635351,4660.875294137848,3598.234997753056
forecast_4196,2025-06-24 20:00:00,4986.968595434176,5548.584256039828,3966.126140729478
forecast_4197,2025-06-24 21:00:00,6211.438229767922,7133.971126918602,4440.995697755431
forecast_4198,2025-06-24 22:00:00,6231.1158902141415,7152.663338437995,4689.828725569183
forecast_4199,2025-06-24 23:00:00,7577.986227404735,8084.965837107303,4412.911615439799
forecast_4200,2025-06-25 00:00:00,7526.108345739377,7748.942823019374,4600.181199018973
forecast_4201,2025-06-25 01:00:00,5312.892412608336,5497.956879322685,3817.1251302106552
forecast_4202,2025-06-25 02:00:00,4934.91532865649,5026.752130276852,3740.323896225192
forecast_4203,2025-06-25 03:00:00,4125.7212266336155,4413.4189658262685,3507.2541204061777
forecast_4204,2025-06-25 04:00:00,3893.743664090753,3913.0099715134816,3502.9509907973047
forecast_4205,2025-06-25 05:00:00,4009.11156831262,4069.496555223047,3359.4827659246434
forecast_4206,2025-06-25 06:00:00,3883.019663564903,3890.3525395853385,3614.309449359302
forecast_4207,2025-06-25 07:00:00,3712.503907943413,3969.457327330309,3831.6692207868373
forecast_4208,2025-06-25 08:00:00,3709.092730543138,3764.1959345198184,3403.1752417413113
forecast_4209,2025-06-25 09:00:00,3541.5421597808386,3663.2142652834086,3151.170818411266
forecast_4210,2025-06-25 10:00:00,3430.9271537191175,3539.8232786246144,3173.1094583464187
forecast_4211,2025-06-25 11:00:00,3515.1091117353744,3488.6825007704633,3194.0097217773296
forecast_4212,2025-06-25 12:00:00,3633.887746578333,3505.3672768634224,3075.5055409878287
forecast_4213,2025-06-25 13:00:00,3063.168234198053,3255.0884797263207,2886.5337031088634
forecast_4214,2025-06-25 14:00:00,2920.1068178034952,2956.817129238845,2226.0505502307174
forecast_4215,2025-06-25 15:00:00,3143.4603520164155,3031.704442967358,2240.3630543163545
forecast_4216,2025-06-25 16:00:00,3341.637456051888,3388.0839754121876,2400.6217806525137
forecast_4217,2025-06-25 17:00:00,3555.6430791759403,3666.537495616014,3430.7327746567053
forecast_4218,2025-06-25 18:00:00,4053.4588971092508,3841.6907775532595,3667.453645244742
forecast_4219,2025-06-25 19:00:00,4203.094782921155,4120.522375781688,3446.8810303339606
forecast_4220,2025-06-25 20:00:00,3903.8897065222436,4023.9035602626773,3377.8385013280504
forecast_4221,2025-06-25 21:00:00,4694.289393550677,5066.066325557614,3246.6280906655293
forecast_4222,2025-06-25 22:00:00,5655.937939112896,5991.20512139005,3722.453416869682
forecast_4223,2025-06-25 23:00:00,6712.5490562314935,7481.867291859424,4272.409483095669
forecast_4224,2025-06-26 00:00:00,6810.521388871327,7698.303412424401,4735.029961499379
forecast_4225,2025-06-26 01:00:00,10654.632720953326,11864.348075324302,7750.640513560223
forecast_4226,2025-06-26 02:00:00,11239.686632656609,12480.135547648351,8856.398084969924
forecast_4227,2025-06-26 03:00:00,11876.91511837919,13170.82164683146,9866.583487838701
forecast_4228,2025-06-26 04:00:00,12423.978917693767,13192.050996234497,10591.84056630726
forecast_4229,2025-06-26 05:00:00,12999.482047543162,13740.930357050958,10528.264237626583
forecast_4230,2025-06-26 06:00:00,12937.418272071192,13881.240335652714,10475.862582760174
forecast_4231,2025-06-26 07:00:00,13894.932181736825,14098.849801891978,10461.604853714285
forecast_4232,2025-06-26 08:00:00,12265.132981124421,12805.515012408216,9158.5286981473
forecast_4233,2025-06-26 09:00:00,11036.714535188597,11152.78793104637,8251.900147155984
forecast_4234,2025-06-26 10:00:00,9365.445198826581,10051.652604483428,7373.679423005882
forecast_4235,2025-06-26 11:00:00,7863.988942490002,8834.894871198563,5842.031854512397
forecast_4236,2025-06-26 12:00:00,6692.1280098700145,7302.18418162775,5106.016301132736
forecast_4237,2025-06-26 13:00:00,5916.7270475535815,5841.028646406314,4510.08031400198
forecast_4238,2025-06-26 14:00:00,5335.659238527317,4898.092348403237,3790.420153977098
forecast_4239,2025-06-26 15:00:00,5255.307427562847,5090.341223195946,3808.397504931065
forecast_4240,2025-06-26 16:00:00,5758.168265843658,5255.354667873839,4163.653556540657
forecast_4241,2025-06-26 17:00:00,5746.957643177086,6266.546145025853,4772.3523409269055
forecast_4242,2025-06-26 18:00:00,5910.288471590333,6046.517270680993,4609.28567922594
forecast_4243,2025-06-26 19:00:00,6153.353019895633,6285.475219075582,4741.704147453093
forecast_4244,2025-06-26 20:00:00,7252.921736835336,7906.3926555994985,5256.435875007843
forecast_4245,2025-06-26 21:00:00,9056.622538735943,9266.582278080963,6251.146097865417
forecast_4246,2025-06-26 22:00:00,8893.471829362772,9959.231222770008,6179.78296978021
forecast_4247,2025-06-26 23:00:00,7848.316520752206,8098.340985302678,5597.2706296966435
forecast_4248,2025-06-27 00:00:00,6793.327416460271,6793.635878413458,5259.821862213216
forecast_4249,2025-06-27 01:00:00,4952.932582010548,5065.465059282071,3993.8056245153243
forecast_4250,2025-06-27 02:00:00,4706.983145100301,4811.912134459621,4214.730826355973
forecast_4251,2025-06-27 03:00:00,5132.97101905293,5313.718480103352,4072.4221536807067
forecast_4252,2025-06-27 04:00:00,6248.542428585202,6301.05043227063,4548.535339963647
forecast_4253,2025-06-27 05:00:00,5645.633909700962,5643.964727010607,4084.3278853043644
forecast_4254,2025-06-27 06:00:00,4131.850588220015,3977.606271622588,3514.043014831714
forecast_4255,2025-06-27 07:00:00,3563.514980343216,3420.6583325227925,3230.522429648166
forecast_4256,2025-06-27 08:00:00,3523.740419434082,3496.3937619331996,2964.6560494522787
forecast_4257,2025-06-27 09:00:00,3911.7020497415874,3738.1823293892276,3606.1232051552606
forecast_4258,2025-06-27 10:00:00,3865.8647449197188,3486.0818210222196,3247.6894504649563
forecast_4259,2025-06-27 11:00:00,4806.487028759267,4798.14370868035,3879.010292092242
forecast_4260,2025-06-27 12:00:00,4246.836673834281,4693.384610525275,4052.366348562678
forecast_4261,2025-06-27 13:00:00,4093.850557497428,4392.442137701199,4300.049371052014
forecast_4262,2025-06-27 14:00:00,3670.1048962671125,3623.4690257596285,2847.2594587390545
forecast_4263,2025-06-27 15:00:00,3351.5750538674547,3354.485213927641,2740.537665407469
forecast_4264,2025-06-27 16:00:00,3663.1604693986565,3324.0885195316496,3851.220918782574
forecast_4265,2025-06-27 17:00:00,3583.102777557443,3816.551052322752,3651.264132732785
forecast_4266,2025-06-27 18:00:00,3605.4639613788927,3821.846697680897,3999.1722729386975
forecast_4267,2025-06-27 19:00:00,3268.432957635519,3232.579066701127,3629.99846916156
forecast_4268,2025-06-27 20:00:00,3588.681497759551,3782.7073598329353,3065.6552302697664
forecast_4269,2025-06-27 21:00:00,4000.6591855265883,4091.7310788696827,3225.250004070069
forecast_4270,2025-06-27 22:00:00,5099.129810394247,5210.175446565872,3819.8424367793286
forecast_4271,2025-06-27 23:00:00,6483.453058763046,6273.197239912487,4195.856865789806
forecast_4272,2025-06-28 00:00:00,6494.543166645896,6469.460807515841,4316.849314693752
forecast_4273,2025-06-28 01:00:00,10437.085414681755,10603.416651112928,7146.6589471690195
forecast_4274,2025-06-28 02:00:00,8526.361882967596,10955.986754176125,6245.156152654761
forecast_4275,2025-06-28 03:00:00,9351.946277378058,10655.53644458856,6601.5913333938015
forecast_4276,2025-06-28 04:00:00,9497.592888155059,10150.563352460895,6443.608463743305
forecast_4277,2025-06-28 05:00:00,9828.39717480087,10152.960857920942,6382.851929657292
forecast_4278,2025-06-28 06:00:00,11046.237217165724,10912.174862704964,7151.6449457948365
forecast_4279,2025-06-28 07:00:00,7851.79560922204,9331.328531305677,6010.269049149073
forecast_4280,2025-06-28 08:00:00,7957.95091352997,8278.669295416485,5129.727081684109
forecast_4281,2025-06-28 09:00:00,5612.65394005444,5384.612433507589,4220.197853034418
forecast_4282,2025-06-28 10:00:00,4429.384549482401,4429.141994779226,3824.85721887231
forecast_4283,2025-06-28 11:00:00,3856.590654066819,3834.393314692002,3767.387418359337
forecast_4284,2025-06-28 12:00:00,3679.7309388896538,3640.080407886964,3148.343401723447
forecast_4285,2025-06-28 13:00:00,3375.0866686486543,3334.3472779700232,2727.459335632306
forecast_4286,2025-06-28 14:00:00,3485.6129235897583,3498.6275629083825,2857.9592690118156
forecast_4287,2025-06-28 15:00:00,3636.770719328196,3645.896512699162,3051.887908636253
forecast_4288,2025-06-28 16:00:00,3685.2137849545084,3844.513176312107,3222.3207900855873
forecast_4289,2025-06-28 17:00:00,3947.4944080895416,3987.638076422162,3588.7428306698052
forecast_4290,2025-06-28 18:00:00,4603.145764878555,4965.720366378279,3861.0112490385727
forecast_4291,2025-06-28 19:00:00,5927.564216450859,6401.003229092327,4812.593137708244
forecast_4292,2025-06-28 20:00:00,6745.883512221951,7477.738072117342,5056.501026421831
forecast_4293,2025-06-28 21:00:00,8858.328985720851,8891.373933654775,5748.789511425288
forecast_4294,2025-06-28 22:00:00,9868.125637240348,10820.524835971371,6954.104663153047
forecast_4295,2025-06-28 23:00:00,11186.677980772714,11392.539870738332,8159.171072893679
forecast_4296,2025-06-29 00:00:00,11691.858716828603,12088.494760195863,8205.814903708348
forecast_4297,2025-06-29 01:00:00,10160.753568602613,12368.486863265267,8745.848536774265
forecast_4298,2025-06-29 02:00:00,10112.989286114169,11735.224679852481,8600.061475542789
forecast_4299,2025-06-29 03:00:00,12024.761930750275,12197.029221253651,9198.418445490219
forecast_4300,2025-06-29 04:00:00,12008.376784214768,12721.234633403526,10309.499788447125
forecast_4301,2025-06-29 05:00:00,12412.907182868896,12932.30215177879,10550.550395961678
forecast_4302,2025-06-29 06:00:00,12344.057866046673,12677.014598959444,10279.706839441518
forecast_4303,2025-06-29 07:00:00,12097.549470933951,12473.383647428727,9960.325073999684
forecast_4304,2025-06-29 08:00:00,11807.35476242852,12003.557703547087,9560.432630766365
forecast_4305,2025-06-29 09:00:00,10258.894881796632,10605.88485104756,8244.788570508079
forecast_4306,2025-06-29 10:00:00,8118.810924354709,8750.788364621503,5224.20286824768
forecast_4307,2025-06-29 11:00:00,5168.9638050029735,5020.60919214315,3927.182944434672
forecast_4308,2025-06-29 12:00:00,3895.214455113059,3933.1061102687104,3539.4871029531273
forecast_4309,2025-06-29 13:00:00,3374.4026613552223,3629.6530871620735,3763.175393502422
forecast_4310,2025-06-29 14:00:00,3811.9677674453364,3678.1368350293706,3740.450430674614
forecast_4311,2025-06-29 15:00:00,3699.7269412273627,3754.4880848882117,3358.8422960304347
forecast_4312,2025-06-29 16:00:00,3871.8801064772492,3893.952478535625,3535.0740821188324
forecast_4313,2025-06-29 17:00:00,4098.312722557144,3913.912646020699,3583.098116979303
forecast_4314,2025-06-29 18:00:00,3995.975117092194,3927.637050147923,3787.9094792905526
forecast_4315,2025-06-29 19:00:00,4770.553435374212,5109.780974640298,3842.9486160996507
forecast_4316,2025-06-29 20:00:00,7098.319473154374,7099.253276606067,5417.972589368444
forecast_4317,2025-06-29 21:00:00,10399.38696999427,10893.527537934571,6944.900080021765
forecast_4318,2025-06-29 22:00:00,11971.09140326514,13009.514566294434,8102.671639744672
forecast_4319,2025-06-29 23:00:00,13229.81851876468,13756.196338594546,9572.749727289625
forecast_4320,2025-06-30 00:00:00,12715.79991196652,12762.941265109674,9547.10490480064
forecast_4321,2025-06-30 01:00:00,12749.798438300526,13147.061521517373,10168.029259145584
forecast_4322,2025-06-30 02:00:00,13141.186233696566,14199.142285753353,10657.394047262896
forecast_4323,2025-06-30 03:00:00,13884.271321794775,15381.450392198927,10253.297472655278
forecast_4324,2025-06-30 04:00:00,14876.088102031656,16209.073532166312,10198.519855701721
forecast_4325,2025-06-30 05:00:00,16254.046894996496,16579.8542012848,9250.951635071175
forecast_4326,2025-06-30 06:00:00,16363.30713514192,16721.41734003122,9629.103663126567
forecast_4327,2025-06-30 07:00:00,14099.307010005043,15648.940270141535,10690.094674960164
forecast_4328,2025-06-30 08:00:00,12023.585824770937,12598.518344518292,9931.011791397123
forecast_4329,2025-06-30 09:00:00,9929.164954457905,10578.877309108406,7971.798483012689
forecast_4330,2025-06-30 10:00:00,7665.257807418511,8224.950174433916,5593.6031826359285
forecast_4331,2025-06-30 11:00:00,4007.460232337087,4132.01540112046,3976.834683515116
forecast_4332,2025-06-30 12:00:00,3859.2167006706545,3847.0363380608173,3749.2859181891295
forecast_4333,2025-06-30 13:00:00,4043.27789496324,4383.8129140480505,4379.501026445042
forecast_4334,2025-06-30 14:00:00,5060.665902287138,5035.423567540621,6155.49348924223
forecast_4335,2025-06-30 15:00:00,6264.019850956301,5971.326122052489,6471.4368766454
forecast_4336,2025-06-30 16:00:00,6616.295357236844,7186.9393831271545,7160.9815427455405
forecast_4337,2025-06-30 17:00:00,6400.831432547485,6312.84272018316,6958.467667823456
forecast_4338,2025-06-30 18:00:00,6372.840900262842,7631.253983749388,7106.095334183168
forecast_4339,2025-06-30 19:00:00,7718.114524092287,8233.051064419644,7678.295119351395
forecast_4340,2025-06-30 20:00:00,8978.26005422527,9948.748288450164,7927.269297918937
forecast_4341,2025-06-30 21:00:00,10290.196674183582,11230.864072782573,9029.739570452091
forecast_4342,2025-06-30 22:00:00,11600.624739754167,12736.604931212814,9838.787635234605
forecast_4343,2025-06-30 23:00:00,12712.004001559073,13500.105244053615,9962.661919063796
forecast_4344,2025-07-01 00:00:00,12929.571021489723,13527.452848960433,9760.5988448887
forecast_4345,2025-07-01 01:00:00,14691.52974604242,14778.931596607266,10234.47835550385
forecast_4346,2025-07-01 02:00:00,14528.095188006791,14865.116311311796,9394.079287300023
forecast_4347,2025-07-01 03:00:00,14106.976726743256,13710.719601518631,9284.98937065059
forecast_4348,2025-07-01 04:00:00,12922.85324596601,13763.631361460526,9604.423051483273
forecast_4349,2025-07-01 05:00:00,13111.2528398705,14472.506447697491,10538.938870361246
forecast_4350,2025-07-01 06:00:00,13693.582444905749,14201.599092412709,9962.047791495912
forecast_4351,2025-07-01 07:00:00,11764.316543550982,13457.054978502118,9096.743933676978
forecast_4352,2025-07-01 08:00:00,11224.61789670142,12164.86404804967,8032.713122782076
forecast_4353,2025-07-01 09:00:00,10822.46655348941,10661.231269427839,7456.708182094099
forecast_4354,2025-07-01 10:00:00,9260.682423224082,9840.02529377071,7599.71291602282
forecast_4355,2025-07-01 11:00:00,8148.3944198163435,8435.161337141182,7072.865916114376
forecast_4356,2025-07-01 12:00:00,6865.913200727231,7313.961154686477,7161.795296092574
forecast_4357,2025-07-01 13:00:00,6676.806366411552,6914.457632487613,6537.28317537566
forecast_4358,2025-07-01 14:00:00,6606.6317791324345,6847.6518846876,6009.105849753832
forecast_4359,2025-07-01 15:00:00,7075.617398552971,7675.878341158591,6040.8539659902135
forecast_4360,2025-07-01 16:00:00,7371.5323305846405,8031.561312999086,6585.976620323801
forecast_4361,2025-07-01 17:00:00,8144.846871105759,8455.108397008635,6753.339325304001
forecast_4362,2025-07-01 18:00:00,8074.319567655192,9152.3534826029,6957.503518024754
forecast_4363,2025-07-01 19:00:00,9966.360099882828,11018.669775645116,7889.272544123831
forecast_4364,2025-07-01 20:00:00,11130.396344154746,13760.75904649773,9005.497660701427
forecast_4365,2025-07-01 21:00:00,15263.54803480724,15234.080853958305,9550.504795976794
forecast_4366,2025-07-01 22:00:00,14733.995658951202,15300.040115815154,10666.346469301005
forecast_4367,2025-07-01 23:00:00,14670.243428423244,15687.955191937968,12014.664938673593
forecast_4368,2025-07-02 00:00:00,14763.177513022149,15706.902081683369,13076.951186464361
forecast_4369,2025-07-02 01:00:00,15797.72497205828,17330.508613765276,16706.911359708123
forecast_4370,2025-07-02 02:00:00,15682.238766446932,17496.38687792743,16466.80066532304
forecast_4371,2025-07-02 03:00:00,15776.522915773534,17724.929096348627,17194.7480959699
forecast_4372,2025-07-02 04:00:00,15812.008745702067,18076.19634415784,15676.925413375704
forecast_4373,2025-07-02 05:00:00,16092.336387599822,17186.222923640773,15283.342685563322
forecast_4374,2025-07-02 06:00:00,16123.30810260774,17389.713295651352,15046.972489234568
forecast_4375,2025-07-02 07:00:00,15813.184722292335,16629.785138501993,14482.38534278361
forecast_4376,2025-07-02 08:00:00,15250.992921169809,16327.208707824158,14734.091589594982
forecast_4377,2025-07-02 09:00:00,14125.669157550346,15311.869914994399,13585.538653599802
forecast_4378,2025-07-02 10:00:00,13086.411333975679,13854.15292718849,11082.279791133811
forecast_4379,2025-07-02 11:00:00,10794.360528315367,11191.720802022546,8833.039651356297
forecast_4380,2025-07-02 12:00:00,9325.505072540907,9457.620143409906,7786.435047208157
forecast_4381,2025-07-02 13:00:00,8865.78635046602,9180.886499255403,8022.829231965818
forecast_4382,2025-07-02 14:00:00,9206.027504923377,8955.471527552543,7305.543216987088
forecast_4383,2025-07-02 15:00:00,8761.85723515262,8616.993662936242,6513.0421570281505
forecast_4384,2025-07-02 16:00:00,7938.29412132809,7572.700106823334,5743.007335550097
forecast_4385,2025-07-02 17:00:00,7320.767846276355,7060.230741416649,5196.536421158153
forecast_4386,2025-07-02 18:00:00,7160.625860315791,7046.833631935759,4762.237478300778
forecast_4387,2025-07-02 19:00:00,8095.5403174139565,8400.224830831869,5723.88929667514
forecast_4388,2025-07-02 20:00:00,10233.012165767614,11185.76229070227,6869.281029928405
forecast_4389,2025-07-02 21:00:00,12102.165130456422,13279.817551930098,7675.071919849069
forecast_4390,2025-07-02 22:00:00,14639.82303480626,15278.80626892673,8109.609516421134
forecast_4391,2025-07-02 23:00:00,16262.883806808553,16239.331872676627,8906.920958697017
forecast_4392,2025-07-03 00:00:00,16566.00211201269,16749.91061542408,9414.042607216572
forecast_4393,2025-07-03 01:00:00,17059.05240300347,17152.616462258968,11423.693605009606
forecast_4394,2025-07-03 02:00:00,16080.872310811168,16676.619327081225,11593.976888756963
forecast_4395,2025-07-03 03:00:00,15153.14187261663,16478.13792287258,12348.84868506564
forecast_4396,2025-07-03 04:00:00,14924.498577176513,16316.856251060753,12450.735526178609
forecast_4397,2025-07-03 05:00:00,14408.931168865436,15571.433736617888,12339.206337025093
forecast_4398,2025-07-03 06:00:00,14349.663972118598,15870.961960780527,12904.548513692898
forecast_4399,2025-07-03 07:00:00,14550.509233936382,15044.194770690927,12923.093227966981
forecast_4400,2025-07-03 08:00:00,14650.511779467452,15243.527845651142,13445.349519681029
forecast_4401,2025-07-03 09:00:00,13666.209550437896,14526.807309720456,13101.82516667916
forecast_4402,2025-07-03 10:00:00,12109.201575845645,12518.788057351863,11060.593134148525
forecast_4403,2025-07-03 11:00:00,8920.96906474482,9080.021254670108,8199.67974634091
forecast_4404,2025-07-03 12:00:00,5497.456694324889,5844.278706742195,5956.496223972404
forecast_4405,2025-07-03 13:00:00,4363.420454882664,4396.982156048358,5139.796513242158
forecast_4406,2025-07-03 14:00:00,4304.616871850358,4625.13736304536,5378.060946714655
forecast_4407,2025-07-03 15:00:00,4846.813732199309,5009.697331028418,6666.795093260544
forecast_4408,2025-07-03 16:00:00,4936.61670679335,5208.693934231644,5964.259435782275
forecast_4409,2025-07-03 17:00:00,4765.148056459506,4944.327879594294,4995.495646903349
forecast_4410,2025-07-03 18:00:00,6672.797767722153,6440.853764700624,5737.794922692952
forecast_4411,2025-07-03 19:00:00,8443.013213370303,9221.256633211528,7361.228912851736
forecast_4412,2025-07-03 20:00:00,10721.301566007789,11558.251792151701,9648.149141328819
forecast_4413,2025-07-03 21:00:00,12714.870981988435,13987.817360204936,11545.628127080507
forecast_4414,2025-07-03 22:00:00,13530.1329357937,14587.772244598824,12098.693566032345
forecast_4415,2025-07-03 23:00:00,13877.453939902702,14852.195112354953,12934.954813491462
forecast_4416,2025-07-04 00:00:00,13507.283109243901,14896.441875175666,12878.278223669711
forecast_4417,2025-07-04 01:00:00,14810.108239107823,15664.38048250242,14193.377514103231
forecast_4418,2025-07-04 02:00:00,15108.280646921998,16272.124437025983,14684.407922043483
forecast_4419,2025-07-04 03:00:00,15464.661980931527,17713.25812883958,15466.594943599483
forecast_4420,2025-07-04 04:00:00,16908.92779257692,18482.04110738063,16689.72646724668
forecast_4421,2025-07-04 05:00:00,17790.56260560041,18750.08085262642,18331.72525833492
forecast_4422,2025-07-04 06:00:00,18056.548387771545,18893.31652747367,18596.47499677717
forecast_4423,2025-07-04 07:00:00,17619.116694250457,18647.439989440558,18517.08051638293
forecast_4424,2025-07-04 08:00:00,16695.873166090165,18486.82580417539,18098.744784612758
forecast_4425,2025-07-04 09:00:00,16083.462621382188,17858.978167959354,17468.849680293504
forecast_4426,2025-07-04 10:00:00,15549.458591902545,17040.053791612492,16342.922363461508
forecast_4427,2025-07-04 11:00:00,15037.063993325488,16564.378245724296,15341.402101951426
forecast_4428,2025-07-04 12:00:00,14560.920922100466,16306.998263754433,14893.436628382491
forecast_4429,2025-07-04 13:00:00,14650.912882733268,16659.55692641427,14380.606241033338
forecast_4430,2025-07-04 14:00:00,13737.79329639381,17083.316739284975,14507.337905866132
forecast_4431,2025-07-04 15:00:00,13456.026044970307,16905.455909564058,14022.044046623978
forecast_4432,2025-07-04 16:00:00,13912.26949827416,16045.566446351082,13982.562827501806
forecast_4433,2025-07-04 17:00:00,14337.973046982685,15426.874184107939,14448.93188463072
forecast_4434,2025-07-04 18:00:00,14729.937495839702,15405.867688898852,15629.529945511573
forecast_4435,2025-07-04 19:00:00,15247.578878514465,16378.736815873428,16723.063330937686
forecast_4436,2025-07-04 20:00:00,16205.237326159715,17694.862030861605,18244.85331399853
forecast_4437,2025-07-04 21:00:00,17295.07499249761,18768.905247512583,19069.988893180063
forecast_4438,2025-07-04 22:00:00,18866.06398459302,19886.487311835685,19329.251827952383
forecast_4439,2025-07-04 23:00:00,19810.230232197864,19941.951662394447,19328.908196779197
forecast_4440,2025-07-05 00:00:00,19934.648921589065,20043.459304310636,19341.04947426416
forecast_4441,2025-07-05 01:00:00,14903.453753135736,17498.969978567657,15545.824809017467
forecast_4442,2025-07-05 02:00:00,14973.121598161682,17407.727923167356,15739.773490984373
forecast_4443,2025-07-05 03:00:00,14899.45598076969,17271.684936774796,15575.543942352097
forecast_4444,2025-07-05 04:00:00,14749.82387738728,17188.00375094415,15250.589382490169
forecast_4445,2025-07-05 05:00:00,14935.11475081491,16966.38749117141,14702.053787797144
forecast_4446,2025-07-05 06:00:00,15242.070569197667,16883.582047779833,15304.067383655534
forecast_4447,2025-07-05 07:00:00,15001.741442746048,16712.664887373347,14880.505243556945
forecast_4448,2025-07-05 08:00:00,14732.332038115483,16273.962445096035,14872.048298543106
forecast_4449,2025-07-05 09:00:00,13688.705413658696,15184.038466097334,13506.914566114798
forecast_4450,2025-07-05 10:00:00,12198.691530715661,13356.696232812854,12119.498329993967
forecast_4451,2025-07-05 11:00:00,10742.4784590832,10995.752555567122,10327.587221543696
forecast_4452,2025-07-05 12:00:00,9256.979654411387,9626.42119920307,9719.600561117886
forecast_4453,2025-07-05 13:00:00,9844.042091639443,9878.133634611992,10278.965198988395
forecast_4454,2025-07-05 14:00:00,11101.422640272987,10979.10644739408,11361.572703779839
forecast_4455,2025-07-05 15:00:00,11386.004157147358,11494.583862202278,11701.480106624544
forecast_4456,2025-07-05 16:00:00,11086.645434304924,11443.371279525967,11124.427720681055
forecast_4457,2025-07-05 17:00:00,11288.739271137958,10915.545621081492,10828.802089201532
forecast_4458,2025-07-05 18:00:00,11633.211442391977,11538.866967963566,11283.982977297303
forecast_4459,2025-07-05 19:00:00,12702.52066206143,13059.328546895924,12765.756022043553
forecast_4460,2025-07-05 20:00:00,14208.007815537325,16147.924712299835,14973.711340695856
forecast_4461,2025-07-05 21:00:00,15737.060262967816,17969.525911085082,16201.89305505884
forecast_4462,2025-07-05 22:00:00,16294.68668789154,18342.57682528187,17792.139274860056
forecast_4463,2025-07-05 23:00:00,16612.268162840068,18216.20300363343,17706.498664779407
forecast_4464,2025-07-06 00:00:00,16661.84987215146,18072.485295565377,17481.8396061251
forecast_4465,2025-07-06 01:00:00,17597.936185106922,18533.61228632949,17829.366563027907
forecast_4466,2025-07-06 02:00:00,18605.46164405072,18604.17718083137,17677.998801739534
forecast_4467,2025-07-06 03:00:00,19069.3727326644,18682.187208847667,18213.243614974
forecast_4468,2025-07-06 04:00:00,18754.414674697426,18857.773091449148,18103.202829647005
forecast_4469,2025-07-06 05:00:00,18262.829797708233,18735.284386376286,18063.37119515458
forecast_4470,2025-07-06 06:00:00,17151.309618195988,18473.89208473088,17638.458679954827
forecast_4471,2025-07-06 07:00:00,16607.583050121295,18179.15518573559,17807.217615859015
forecast_4472,2025-07-06 08:00:00,16620.113094028093,17457.219344147114,15912.66670947445
forecast_4473,2025-07-06 09:00:00,15642.893775985964,16704.00314047971,15034.773183096366
forecast_4474,2025-07-06 10:00:00,14795.48996366358,15327.595952931226,12677.599970995454
forecast_4475,2025-07-06 11:00:00,12958.075077637872,13560.4220483914,10220.96589911724
forecast_4476,2025-07-06 12:00:00,10352.131688593381,10418.954354465046,7864.041860192274
forecast_4477,2025-07-06 13:00:00,7792.786069432027,7927.681502702905,5573.403558696043
forecast_4478,2025-07-06 14:00:00,5226.51130980649,5140.305833863105,4120.920959140907
forecast_4479,2025-07-06 15:00:00,4129.34848201357,3968.5941723445885,3426.0808899328044
forecast_4480,2025-07-06 16:00:00,3716.379084938725,3802.765121346726,3450.7337984082155
forecast_4481,2025-07-06 17:00:00,3847.0027136238505,3806.08817628162,3465.1826143750463
forecast_4482,2025-07-06 18:00:00,4495.375897976645,4387.822961251966,3886.947524984474
forecast_4483,2025-07-06 19:00:00,5447.793649823272,5602.946205015,4506.758100654161
forecast_4484,2025-07-06 20:00:00,6897.135268070834,7176.945712605796,5450.517618531637
forecast_4485,2025-07-06 21:00:00,8513.226653712907,8829.965523958024,6552.5482596882075
forecast_4486,2025-07-06 22:00:00,9458.244547102855,9989.70639638971,6717.486090332708
forecast_4487,2025-07-06 23:00:00,10147.59634393668,11072.927405675193,7350.409290301693
forecast_4488,2025-07-07 00:00:00,10394.2501827373,10745.226039894673,7230.261722777753
forecast_4489,2025-07-07 01:00:00,9224.139966029377,9635.856067224813,5911.568200322893
forecast_4490,2025-07-07 02:00:00,9282.98590500233,9634.770432440102,5920.41204734698
forecast_4491,2025-07-07 03:00:00,9245.584899861406,9543.319265337896,5669.266665186301
forecast_4492,2025-07-07 04:00:00,7744.564829404786,7947.516827545969,4852.850502402708
forecast_4493,2025-07-07 05:00:00,5526.591826892601,5559.062620216005,3849.334823540468
forecast_4494,2025-07-07 06:00:00,3750.3323874884763,3774.435994335548,3449.6501060830947
forecast_4495,2025-07-07 07:00:00,3634.6966505641617,3777.619602821924,3145.46116897783
forecast_4496,2025-07-07 08:00:00,3298.517559931848,3489.653394613809,3255.756699341079
forecast_4497,2025-07-07 09:00:00,3403.7507758294914,4207.184137505819,2085.238387582646
forecast_4498,2025-07-07 10:00:00,3694.6135872335785,3952.7795632830084,66.42512980678997
forecast_4499,2025-07-07 11:00:00,6113.532383353243,3845.159029377794,820.5154589797878
forecast_4500,2025-07-07 12:00:00,107.2128821279624,139.53430136816058,109.45646008875805
forecast_4501,2025-07-07 13:00:00,164.15607011748335,1210.8311517178506,1323.1732928551617
forecast_4502,2025-07-07 14:00:00,204.9371180127942,3137.7435758635856,196.33365079230495
forecast_4503,2025-07-07 15:00:00,1860.395839482636,3053.3285036611746,186.25765782348395
forecast_4504,2025-07-07 16:00:00,3633.2472076357485,3188.2290614505537,212.80581189396574
forecast_4505,2025-07-07 17:00:00,3633.923290038201,3168.270948079464,218.34761149099384
forecast_4506,2025-07-07 18:00:00,2859.558644312,2917.758386117182,1862.83850952359
forecast_4507,2025-07-07 19:00:00,2847.386946549266,2944.0961108551833,2089.9665407627817
forecast_4508,2025-07-07 20:00:00,3482.5341431973984,2869.2270321974042,2013.4555911656105
forecast_4509,2025-07-07 21:00:00,2659.2043355565847,2889.0244776772497,1143.4402692921853
forecast_4510,2025-07-07 22:00:00,2878.792334924078,2994.9852022382265,166.93774487194864
forecast_4511,2025-07-07 23:00:00,3315.692535460274,3518.4524930847956,192.2225646312431
forecast_4512,2025-07-08 00:00:00,3489.0440409353355,3562.633352527687,220.8932743063897
forecast_4513,2025-07-08 01:00:00,3469.4265234963514,3290.279092494962,51.58422588771346
forecast_4514,2025-07-08 02:00:00,3473.578411771059,2570.3419657677923,53.38865326800325
forecast_4515,2025-07-08 03:00:00,3182.606753001119,2883.2964408653047,39.236978948402985
forecast_4516,2025-07-08 04:00:00,2393.085409658702,2630.4642572484186,40.501318415703615
forecast_4517,2025-07-08 05:00:00,2373.2691408854353,2470.2414021108666,29.80408652092991
forecast_4518,2025-07-08 06:00:00,3651.7604065122014,3427.4649322700175,23.29003707524566
forecast_4519,2025-07-08 07:00:00,3671.663984851106,2890.306199684713,30.475607401304217
forecast_4520,2025-07-08 08:00:00,3891.248928341422,3566.4351872332904,863.9342715630257
forecast_4521,2025-07-08 09:00:00,3618.822313607184,3999.086986453221,826.227176059958
forecast_4522,2025-07-08 10:00:00,6943.98028022076,3119.125699694631,1092.464822658138
forecast_4523,2025-07-08 11:00:00,1932.6268137570246,3090.3370348481044,2264.5494220356068
forecast_4524,2025-07-08 12:00:00,327.16767592346974,3271.1396443723033,1450.7743456031571
forecast_4525,2025-07-08 13:00:00,3077.435137737527,4081.0942682704726,2573.401802797989
forecast_4526,2025-07-08 14:00:00,2068.8873042069026,3851.512342757323,3186.4985544176916
forecast_4527,2025-07-08 15:00:00,3237.0811383998207,3700.3566434056015,3232.18078589259
forecast_4528,2025-07-08 16:00:00,5893.928192057321,4949.558605839983,2564.259234321068
forecast_4529,2025-07-08 17:00:00,2896.9207356717698,3435.430272021101,1358.0466775227005
forecast_4530,2025-07-08 18:00:00,2020.061030398431,1557.3008614765251,2296.6939066524064
forecast_4531,2025-07-08 19:00:00,2810.160436716661,2740.7147308724675,1149.9404552439494
forecast_4532,2025-07-08 20:00:00,3340.4691913891725,3205.318893317185,2011.32347444652
forecast_4533,2025-07-08 21:00:00,2924.4160715098124,3077.24400926615,2067.757183660108
forecast_4534,2025-07-08 22:00:00,2808.302336506061,3051.4375800443404,2095.672198253602
forecast_4535,2025-07-08 23:00:00,3193.5330001588454,3328.2709796081967,2850.2063395860782
forecast_4536,2025-07-09 00:00:00,3346.6301233510167,3536.7196096040816,3491.28779010693
forecast_4537,2025-07-09 01:00:00,3293.1982041112,3471.4968782973137,2122.6346826054782
forecast_4538,2025-07-09 02:00:00,3463.472656369507,3637.8485746645174,1866.5213493426756
forecast_4539,2025-07-09 03:00:00,3164.6103174453447,3195.865258609424,1790.8104065732566
forecast_4540,2025-07-09 04:00:00,3112.7324168509394,3365.3058928064593,2953.9033663104024
forecast_4541,2025-07-09 05:00:00,3360.60155217775,3458.442927086823,3047.380160062486
forecast_4542,2025-07-09 06:00:00,3069.089746081408,3390.073534405154,2749.3459641831037
forecast_4543,2025-07-09 07:00:00,3188.8601819273204,3179.165017044543,3188.9801369653546
forecast_4544,2025-07-09 08:00:00,3051.9948700807568,3055.7390397037098,3326.3507656432357
forecast_4545,2025-07-09 09:00:00,3277.8324635594063,3380.58625724644,3788.777831274826
forecast_4546,2025-07-09 10:00:00,3413.8746942766825,3465.256378774649,3893.599163922334
forecast_4547,2025-07-09 11:00:00,3855.3373627537944,4201.054363413632,3628.9843275490825
forecast_4548,2025-07-09 12:00:00,3343.1479341855907,3851.3957219470935,3718.640533136196
forecast_4549,2025-07-09 13:00:00,3264.7640877746203,3650.0403961454654,3615.925429567191
forecast_4550,2025-07-09 14:00:00,3367.5033619868423,3814.242089142533,3521.0093406398296
forecast_4551,2025-07-09 15:00:00,3482.3428000112963,3736.971661708893,3421.280712725057
forecast_4552,2025-07-09 16:00:00,3282.9146067912006,3615.129262611721,3564.0376608581023
forecast_4553,2025-07-09 17:00:00,3722.336487556414,3072.284882415825,5086.582936371857
forecast_4554,2025-07-09 18:00:00,3155.8889787166863,3214.358628439383,2523.11475676665
forecast_4555,2025-07-09 19:00:00,3156.403184030615,3372.7776252813105,3104.456084023718
forecast_4556,2025-07-09 20:00:00,3561.166843817353,3523.204711723796,2956.9142069942236
forecast_4557,2025-07-09 21:00:00,3657.1220078046504,3616.570491185312,3371.988724604281
forecast_4558,2025-07-09 22:00:00,3754.921751554045,3785.5508432077168,3355.739951121207
forecast_4559,2025-07-09 23:00:00,3890.9226022351963,3955.6908299983065,3233.1727571808424
forecast_4560,2025-07-10 00:00:00,3769.7013946005623,3874.873517059307,3135.59722504821
forecast_4561,2025-07-10 01:00:00,3852.3109266963156,3856.9800655952977,3126.1967470345576
forecast_4562,2025-07-10 02:00:00,3695.3564545840304,3823.0387654584365,3206.5049209339145
forecast_4563,2025-07-10 03:00:00,3772.4632958884763,3806.757537644848,3042.475435183134
forecast_4564,2025-07-10 04:00:00,3789.378771698535,4041.824005316195,2992.587324666714
forecast_4565,2025-07-10 05:00:00,3949.248009338474,4270.83717844876,3161.852482489433
forecast_4566,2025-07-10 06:00:00,4221.720108670064,5020.615056619023,3497.7942909287444
forecast_4567,2025-07-10 07:00:00,4134.783702511062,4918.510117750144,3598.562592547323
forecast_4568,2025-07-10 08:00:00,4426.036425636437,5463.592813222056,3783.9567121050836
forecast_4569,2025-07-10 09:00:00,4770.9311021624535,5355.3471885133895,4511.435778674976
forecast_4570,2025-07-10 10:00:00,4685.202515534126,5500.878983436565,4402.945927791386
forecast_4571,2025-07-10 11:00:00,4394.659736436561,5137.034427406051,3786.738993244923
forecast_4572,2025-07-10 12:00:00,4673.415453701553,4381.644852097662,3795.750708180697
forecast_4573,2025-07-10 13:00:00,4970.558104271292,4159.9616201150375,3936.9665582830007
forecast_4574,2025-07-10 14:00:00,5092.068891445016,3980.1057595817733,3784.8223089855437
forecast_4575,2025-07-10 15:00:00,5002.774390648009,3890.613190268831,3704.808095025105
forecast_4576,2025-07-10 16:00:00,4913.478836213938,3919.484640067116,3655.491445686571
forecast_4577,2025-07-10 17:00:00,4416.122854661846,3925.580130107211,3771.1333101792397
forecast_4578,2025-07-10 18:00:00,3925.301958098593,4161.06805446134,3625.4406139948155
forecast_4579,2025-07-10 19:00:00,4415.469581761185,5175.214890910917,3821.2077494884015
forecast_4580,2025-07-10 20:00:00,5016.975178913831,5787.969717374014,4192.018936766478
forecast_4581,2025-07-10 21:00:00,5628.48128723964,7150.641104504421,4372.4278658577705
forecast_4582,2025-07-10 22:00:00,6324.434956233562,7961.615136465989,5225.297345579407
forecast_4583,2025-07-10 23:00:00,6920.686755528047,8516.817002251812,5500.459551346122
forecast_4584,2025-07-11 00:00:00,7077.839483468862,8648.560511801015,5658.852838611158
forecast_4585,2025-07-11 01:00:00,6688.184243370461,8248.405525442655,4752.248441038248
forecast_4586,2025-07-11 02:00:00,6534.2415385306585,8164.287705159261,4609.384825757777
forecast_4587,2025-07-11 03:00:00,6113.958026277701,7911.981172270526,4640.520978100533
forecast_4588,2025-07-11 04:00:00,6196.58079822875,8049.115431746254,5279.578676831934
forecast_4589,2025-07-11 05:00:00,6318.441130784225,8061.656340794756,5499.353831980213
forecast_4590,2025-07-11 06:00:00,6321.9167613968475,8314.913953669835,5749.107172572676
forecast_4591,2025-07-11 07:00:00,6430.599972338076,8435.169276084103,5903.882067542546
forecast_4592,2025-07-11 08:00:00,6409.985247826643,8440.155312817456,6270.541939277606
forecast_4593,2025-07-11 09:00:00,5973.114972921366,8041.81339567728,6150.168793881767
forecast_4594,2025-07-11 10:00:00,5370.814070124655,6336.359760289226,4959.646072074043
forecast_4595,2025-07-11 11:00:00,4501.448947514817,5576.473521929356,4361.095490131725
forecast_4596,2025-07-11 12:00:00,4853.119611930875,5761.154033561264,4166.751197379957
forecast_4597,2025-07-11 13:00:00,4975.872878708381,5546.086945229322,4052.636984191015
forecast_4598,2025-07-11 14:00:00,4171.354143847321,4627.663744125334,4156.650456520622
forecast_4599,2025-07-11 15:00:00,3967.381201708496,4535.636150526259,3806.243627202045
forecast_4600,2025-07-11 16:00:00,3922.145586478425,4168.789039365258,3683.8405521108166
forecast_4601,2025-07-11 17:00:00,4077.467481320301,4159.295392217205,3815.205528600661
forecast_4602,2025-07-11 18:00:00,4300.892068829706,4967.893838663777,3813.725753443487
forecast_4603,2025-07-11 19:00:00,4324.372609485745,5051.926774373095,3841.9965614278453
forecast_4604,2025-07-11 20:00:00,4964.219588795022,6018.733505684537,4058.3627098554252
forecast_4605,2025-07-11 21:00:00,5518.485578414745,6084.186768917346,4235.777645215266
forecast_4606,2025-07-11 22:00:00,5788.863617834838,6677.870992484745,4292.169945308402
forecast_4607,2025-07-11 23:00:00,5736.85727076145,6394.342040921895,4063.392847720022
forecast_4608,2025-07-12 00:00:00,5706.708052977598,6414.678438027236,3926.8070673109905
forecast_4609,2025-07-12 01:00:00,5664.7590090007425,6276.889461322417,3779.2074416456717
forecast_4610,2025-07-12 02:00:00,5378.260424312413,5914.714050289069,3782.85238294192
forecast_4611,2025-07-12 03:00:00,4389.500799896737,4732.692123205934,3522.1794211284964
forecast_4612,2025-07-12 04:00:00,4129.379697608935,4433.5384056839,3199.9585457285525
forecast_4613,2025-07-12 05:00:00,3914.45226625174,4120.158815884092,3112.8023143462788
forecast_4614,2025-07-12 06:00:00,3897.495784910245,3902.0649507324483,2989.3587367174855
forecast_4615,2025-07-12 07:00:00,3659.740883408795,3683.271598254678,2962.3259530966693
forecast_4616,2025-07-12 08:00:00,3429.400042067967,3458.6331043046243,3043.021118279168
forecast_4617,2025-07-12 09:00:00,3389.416896970379,3401.5998432635474,2839.5833670583593
forecast_4618,2025-07-12 10:00:00,3168.6931631810603,3341.214396492532,2332.004564172076
forecast_4619,2025-07-12 11:00:00,3313.542905656252,3271.247571948113,2463.345243474601
forecast_4620,2025-07-12 12:00:00,3225.9256471265053,3475.446923671166,2397.0158766738436
forecast_4621,2025-07-12 13:00:00,1961.680098552657,2944.140494867869,1460.9705448686977
forecast_4622,2025-07-12 14:00:00,1942.093280654374,3083.457872108653,270.6855693400945
forecast_4623,2025-07-12 15:00:00,2848.4625769492777,2983.683217559483,234.95146937618287
forecast_4624,2025-07-12 16:00:00,1484.4768463760886,1229.7887358336272,177.08079121526342
forecast_4625,2025-07-12 17:00:00,148.2119237666458,161.64782053650686,127.47247909494158
forecast_4626,2025-07-12 18:00:00,111.51689663227201,108.84173314930109,78.01714775997718
forecast_4627,2025-07-12 19:00:00,2626.9312630233358,1677.032824382039,65.9797290521596
forecast_4628,2025-07-12 20:00:00,5028.295705591021,5008.963006909889,4238.063596850993
forecast_4629,2025-07-12 21:00:00,3080.043302801177,2559.0462492777415,6315.643250069251
forecast_4630,2025-07-12 22:00:00,3522.1534968898286,3201.316736857182,2786.031204277534
forecast_4631,2025-07-12 23:00:00,3547.3142941782935,3401.3509929913366,3100.41508010998
forecast_4632,2025-07-13 00:00:00,3498.704863811851,3410.2149454955124,3294.0758641354137
forecast_4633,2025-07-13 01:00:00,3470.952031998688,3530.074289360292,3383.0777000221483
forecast_4634,2025-07-13 02:00:00,3626.0060612301663,3272.0765464755045,3201.822245972105
forecast_4635,2025-07-13 03:00:00,3394.0535202546116,3336.831411376453,3356.7759362839483
forecast_4636,2025-07-13 04:00:00,3561.9276414934566,3819.4459198930595,3356.2035175680285
forecast_4637,2025-07-13 05:00:00,3887.1307692085115,3823.9388518746377,3212.617854207638
forecast_4638,2025-07-13 06:00:00,3958.6936218823184,3699.6977641719395,3301.898859939175
forecast_4639,2025-07-13 07:00:00,5253.945758688319,5459.515466770294,3287.732492922482
forecast_4640,2025-07-13 08:00:00,3853.9309946604744,3615.8494082093357,2234.3273348286148
forecast_4641,2025-07-13 09:00:00,3715.961767856986,3512.37438830227,1865.9994894920048
forecast_4642,2025-07-13 10:00:00,3860.062883834258,3304.421952714345,2420.916104282907
forecast_4643,2025-07-13 11:00:00,3605.2953015625194,3613.5678544248317,3454.2874225116034
forecast_4644,2025-07-13 12:00:00,3757.1577327065684,3412.588972958391,3898.502105982216
forecast_4645,2025-07-13 13:00:00,4894.59922043391,4167.942826431468,2893.029601760402
forecast_4646,2025-07-13 14:00:00,4011.996571653142,3568.47509631265,3096.6040207543897
forecast_4647,2025-07-13 15:00:00,5066.31894558429,5397.104609912005,3377.939642388612
forecast_4648,2025-07-13 16:00:00,4843.314104044389,4764.468887752196,3566.8783501202442
forecast_4649,2025-07-13 17:00:00,3985.5215418078446,3745.0924889362695,3306.0246717365994
forecast_4650,2025-07-13 18:00:00,3860.0627617991404,3769.0001137050626,3652.1584358355954
forecast_4651,2025-07-13 19:00:00,3525.4900719737375,3968.716400035999,3533.839200831944
forecast_4652,2025-07-13 20:00:00,3889.6533004405874,4766.876377787322,3627.742814358718
forecast_4653,2025-07-13 21:00:00,3792.2436866039966,4244.175180356365,3483.974519340532
forecast_4654,2025-07-13 22:00:00,3664.9870857886394,3698.1139343389796,3459.9560688676083
forecast_4655,2025-07-13 23:00:00,3987.7237869041005,4257.761607494689,3671.2980583760204
forecast_4656,2025-07-14 00:00:00,3918.5733181012383,3859.484632215563,3957.8783144544986
forecast_4657,2025-07-14 01:00:00,4323.784727900492,4959.391719315445,3542.4581825560745
forecast_4658,2025-07-14 02:00:00,4036.4686193039815,4319.999552461582,3622.6050381138566
forecast_4659,2025-07-14 03:00:00,4957.955534192798,5248.73238446519,3661.6864956271693
forecast_4660,2025-07-14 04:00:00,4678.445901611772,4918.68554796623,3834.144574035144
forecast_4661,2025-07-14 05:00:00,4641.898427022644,4799.245844569336,3483.7116545281706
forecast_4662,2025-07-14 06:00:00,4475.282559407494,4800.247699155096,3741.2988259527306
forecast_4663,2025-07-14 07:00:00,4455.679761016657,5322.988587658148,3733.5271090463284
forecast_4664,2025-07-14 08:00:00,4422.972742118772,5071.94138880236,3737.1722948425063
forecast_4665,2025-07-14 09:00:00,4333.968170419863,4599.9797592349305,3716.0153200983204
forecast_4666,2025-07-14 10:00:00,4603.193399909718,4628.44499999838,3654.353210795029
forecast_4667,2025-07-14 11:00:00,4014.130270771027,4084.485732248805,3648.0870730530582
forecast_4668,2025-07-14 12:00:00,3898.4045536683193,3903.3376291666955,3317.1272647861356
forecast_4669,2025-07-14 13:00:00,3814.753901916421,3809.783152074242,3430.5488347164874
forecast_4670,2025-07-14 14:00:00,4108.713927791238,4172.827890165814,3502.0808982167114
forecast_4671,2025-07-14 15:00:00,4922.7990451205615,4909.335274198702,3747.682230039895
forecast_4672,2025-07-14 16:00:00,5174.885901971479,5539.0425193675765,3856.8028193647106
forecast_4673,2025-07-14 17:00:00,5166.653860617324,5747.274743396429,3874.6249425239016
forecast_4674,2025-07-14 18:00:00,5115.320398741619,6574.269928447118,3853.9875697216253
forecast_4675,2025-07-14 19:00:00,5190.421028847689,5448.837413585339,3893.181550588751
forecast_4676,2025-07-14 20:00:00,5572.515412018148,5644.145475372619,3894.935322345616
forecast_4677,2025-07-14 21:00:00,5772.984574521027,5813.307590968476,3992.718947181413
forecast_4678,2025-07-14 22:00:00,6152.934843991096,6685.417120394961,4286.205032239556
forecast_4679,2025-07-14 23:00:00,7278.418620545667,8223.872693950862,5641.6934472710245
forecast_4680,2025-07-15 00:00:00,7340.151592962896,9733.902599609428,5729.917696418694
forecast_4681,2025-07-15 01:00:00,10385.856589628214,10451.040558451126,9120.017145353864
forecast_4682,2025-07-15 02:00:00,10491.793734761683,10260.412823707218,9518.17218442072
forecast_4683,2025-07-15 03:00:00,10780.160154195588,10474.438758120723,9371.15162901237
forecast_4684,2025-07-15 04:00:00,10622.2854053862,10724.62289483338,8917.66879925963
forecast_4685,2025-07-15 05:00:00,9881.683072727019,10020.590906231848,7860.7136661239165
forecast_4686,2025-07-15 06:00:00,10003.148334343152,9916.28689453815,7335.43579480494
forecast_4687,2025-07-15 07:00:00,9387.409428995063,9885.014640816134,6778.776454453823
forecast_4688,2025-07-15 08:00:00,8639.569808146438,9181.645947022702,6511.408306711653
forecast_4689,2025-07-15 09:00:00,8047.413844280119,8473.008672113729,5792.32386600574
forecast_4690,2025-07-15 10:00:00,7099.107741906934,7371.825758500632,4678.700092921399
forecast_4691,2025-07-15 11:00:00,5493.124517728013,5436.314218254024,3820.831252307061
forecast_4692,2025-07-15 12:00:00,4183.970254623861,4304.723889402958,3540.934799391652
forecast_4693,2025-07-15 13:00:00,4265.829769567913,4445.382805978201,3726.926013139433
forecast_4694,2025-07-15 14:00:00,5499.010534476937,5534.234166565195,3885.609545240423
forecast_4695,2025-07-15 15:00:00,6626.018892331169,6599.739479664891,4434.27657165781
forecast_4696,2025-07-15 16:00:00,6083.366189728424,6380.973061204179,4475.827205231765
forecast_4697,2025-07-15 17:00:00,5802.680445603934,5817.50613128343,3904.9105806727803
forecast_4698,2025-07-15 18:00:00,5216.458603650789,5394.897149688868,3739.8775119404877
forecast_4699,2025-07-15 19:00:00,4713.076725951558,5182.397024733126,3708.214468489314
forecast_4700,2025-07-15 20:00:00,6530.4053959148905,6672.412752085129,3968.030242645447
forecast_4701,2025-07-15 21:00:00,7061.542932397181,7992.666836147423,5190.465425378792
forecast_4702,2025-07-15 22:00:00,8040.17074963546,8579.526794307027,5652.045265244283
forecast_4703,2025-07-15 23:00:00,7931.04771740598,9297.777443036959,5342.2938982882915
forecast_4704,2025-07-16 00:00:00,8387.081950180534,9757.368302522993,5625.51107398741
forecast_4705,2025-07-16 01:00:00,13748.859931403527,14470.24699041774,10442.107122865906
forecast_4706,2025-07-16 02:00:00,13924.678611935056,15059.742155862907,9780.613599243878
forecast_4707,2025-07-16 03:00:00,14247.163250499278,16106.877166100532,12034.731234030403
forecast_4708,2025-07-16 04:00:00,14242.913137583897,15258.264919215388,12133.307924035618
forecast_4709,2025-07-16 05:00:00,13167.691321368276,14157.143353181456,9923.689004221498
forecast_4710,2025-07-16 06:00:00,11357.331853506475,12363.841574722597,8668.322294388412
forecast_4711,2025-07-16 07:00:00,9260.737002023629,9894.4671650723,7660.803266462801
forecast_4712,2025-07-16 08:00:00,7442.626985787461,7919.647014517522,6195.902301701818
forecast_4713,2025-07-16 09:00:00,6245.961602123905,7262.963131738065,5062.451683837463
forecast_4714,2025-07-16 10:00:00,7337.34777426851,7406.601968428126,7117.2535124203705
forecast_4715,2025-07-16 11:00:00,6687.731136489217,7137.662702115045,5707.213261486875
forecast_4716,2025-07-16 12:00:00,6220.830865468448,6643.817386785102,5226.838063277125
forecast_4717,2025-07-16 13:00:00,6259.154053575176,6493.9394310607295,4806.715444473123
forecast_4718,2025-07-16 14:00:00,5695.493435456504,6730.657107881214,5162.703302982817
forecast_4719,2025-07-16 15:00:00,5755.592375683065,5398.293162414978,4521.276159200564
forecast_4720,2025-07-16 16:00:00,6001.6595055721245,6121.469343293108,4314.079181811404
forecast_4721,2025-07-16 17:00:00,5966.24319092221,7567.845131899592,4740.6814667553535
forecast_4722,2025-07-16 18:00:00,7086.036899532285,9676.000604386963,6159.862310190478
forecast_4723,2025-07-16 19:00:00,6853.31846001524,7935.863239808109,5833.0466583511725
forecast_4724,2025-07-16 20:00:00,8035.484323349246,8416.138479048646,6878.8912380405645
forecast_4725,2025-07-16 21:00:00,8617.332531706184,10280.924724954879,6735.119289810164
forecast_4726,2025-07-16 22:00:00,10327.694439996752,13958.024557724691,9592.881058406432
forecast_4727,2025-07-16 23:00:00,12957.169296229142,15912.200482921684,12267.787455534455
forecast_4728,2025-07-17 00:00:00,13927.612264588424,15485.12666992083,13504.611473911684
forecast_4729,2025-07-17 01:00:00,16471.08554977597,17452.148662702537,15527.05666172229
forecast_4730,2025-07-17 02:00:00,16360.26128618822,18039.901454415023,16248.518798330811
forecast_4731,2025-07-17 03:00:00,16878.295446834803,18198.498100596662,15386.510305743443
forecast_4732,2025-07-17 04:00:00,14493.188835409666,16907.58714749464,13754.918344812346
forecast_4733,2025-07-17 05:00:00,13040.964032474529,15479.977238221893,11478.352279912931
forecast_4734,2025-07-17 06:00:00,12779.701228283735,15274.60786233271,12253.443342621047
forecast_4735,2025-07-17 07:00:00,13529.86058674456,17425.006168616143,13824.34753676523
forecast_4736,2025-07-17 08:00:00,13343.784574113122,16711.6216785043,13319.740856110544
forecast_4737,2025-07-17 09:00:00,13223.942154609096,16034.500222271645,12891.415328970947
forecast_4738,2025-07-17 10:00:00,12592.522620531778,16750.837842792935,12411.71602992373
forecast_4739,2025-07-17 11:00:00,11091.288997859903,13563.372489131276,11422.67374767905
forecast_4740,2025-07-17 12:00:00,10104.11589290558,13378.808750170097,10350.421722740883
forecast_4741,2025-07-17 13:00:00,10061.142290409092,13267.105837116289,10519.05319478769
forecast_4742,2025-07-17 14:00:00,10752.067909139696,12706.149546769348,10404.028702176942
forecast_4743,2025-07-17 15:00:00,9748.308153937282,12434.969796573952,9416.827219422465
forecast_4744,2025-07-17 16:00:00,9040.798269514526,11353.840690007184,7784.350551330121
forecast_4745,2025-07-17 17:00:00,7486.138806662999,10562.453039055375,7068.8477375569255
forecast_4746,2025-07-17 18:00:00,7037.021591646266,11530.03245334091,7057.474042587949
forecast_4747,2025-07-17 19:00:00,7384.332975381293,10414.084056424372,7009.93220918867
forecast_4748,2025-07-17 20:00:00,8304.367344656635,11597.66725704424,7379.5383033937205
forecast_4749,2025-07-17 21:00:00,9510.260518157858,13600.202788547245,7797.391138249134
forecast_4750,2025-07-17 22:00:00,11171.005870173196,13505.924794773544,8130.028252864873
forecast_4751,2025-07-17 23:00:00,10769.420371176739,13969.31938332159,8711.658847843317
forecast_4752,2025-07-18 00:00:00,10723.309542695946,14528.904935897166,8908.983370285892
forecast_4753,2025-07-18 01:00:00,11943.52764571606,14157.667606238061,11629.39360157277
forecast_4754,2025-07-18 02:00:00,12039.383088242175,14269.677179230734,10969.909912174508
forecast_4755,2025-07-18 03:00:00,10634.913399531635,13732.808757798563,10030.815843494853
forecast_4756,2025-07-18 04:00:00,10790.158603957443,13626.6573445123,9426.390234132416
forecast_4757,2025-07-18 05:00:00,10052.535732005806,13505.485368029935,8571.622530450531
forecast_4758,2025-07-18 06:00:00,10563.400661549087,12695.451788377686,8554.220153883107
forecast_4759,2025-07-18 07:00:00,9589.291632562876,12366.58405075199,8539.003163665477
forecast_4760,2025-07-18 08:00:00,9679.45194619593,11882.60986427892,9811.49443502138
forecast_4761,2025-07-18 09:00:00,9174.756876765812,11530.849563745429,9355.562210207225
forecast_4762,2025-07-18 10:00:00,8299.060481520322,11563.995080953411,8049.636928223364
forecast_4763,2025-07-18 11:00:00,7015.289449262795,8580.827646258751,6000.342496479884
forecast_4764,2025-07-18 12:00:00,5302.238050924332,5745.709979919354,3886.5593590062576
forecast_4765,2025-07-18 13:00:00,3834.3153571988128,4069.6483629071636,3444.2894381163183
forecast_4766,2025-07-18 14:00:00,3429.1325933298112,3781.1198136467383,3421.3668415625893
forecast_4767,2025-07-18 15:00:00,3431.8892117897512,3748.376126207887,3562.0303628957417
forecast_4768,2025-07-18 16:00:00,4038.9877105017254,4526.314936298912,3943.2564833523666
forecast_4769,2025-07-18 17:00:00,5393.603351991674,7077.896840172337,4889.037223270032
forecast_4770,2025-07-18 18:00:00,6211.4834835006895,8223.483160735235,6948.813379530353
forecast_4771,2025-07-18 19:00:00,7114.054253611049,9210.188342337451,7356.645087632599
forecast_4772,2025-07-18 20:00:00,7467.632348391148,9778.822909617427,7356.551103317817
forecast_4773,2025-07-18 21:00:00,6925.172705272732,11019.293007914828,8517.642477020012
forecast_4774,2025-07-18 22:00:00,7438.674296781553,11498.209144318189,7968.882937988698
forecast_4775,2025-07-18 23:00:00,8326.808188537087,12575.954788147339,8398.50972392382
forecast_4776,2025-07-19 00:00:00,8632.491704727348,11837.587472443576,8632.388040800895
forecast_4777,2025-07-19 01:00:00,8685.251600420568,9547.527048329906,6724.883264473759
forecast_4778,2025-07-19 02:00:00,7667.078344755847,9034.516893372442,6037.597823224328
forecast_4779,2025-07-19 03:00:00,6221.321173860396,7636.170269626732,4760.142443993303
forecast_4780,2025-07-19 04:00:00,5728.7193771527345,6397.910019891041,4750.5790686117025
forecast_4781,2025-07-19 05:00:00,5819.762411298479,6738.01615538679,4682.680089580788
forecast_4782,2025-07-19 06:00:00,6320.334156553814,7292.0026309510695,5107.455781581269
forecast_4783,2025-07-19 07:00:00,6705.314230404867,8016.3984264911,5063.025227466929
forecast_4784,2025-07-19 08:00:00,6553.03013636905,8543.887696371794,5197.983882361625
forecast_4785,2025-07-19 09:00:00,6856.775984719077,8916.811409328679,5531.570564718039
forecast_4786,2025-07-19 10:00:00,7608.89699164193,9998.710564508869,6373.022738107014
forecast_4787,2025-07-19 11:00:00,8929.637561789694,10659.713149816816,8117.9943238183
forecast_4788,2025-07-19 12:00:00,9436.5003793786,11913.276735114596,9274.023202308554
forecast_4789,2025-07-19 13:00:00,9411.816215541203,11840.86317555377,9401.735073264035
forecast_4790,2025-07-19 14:00:00,9269.306374395375,11871.76448061531,10563.42972766342
forecast_4791,2025-07-19 15:00:00,8935.29307254033,11743.694892039932,10969.361744737611
forecast_4792,2025-07-19 16:00:00,8836.02618977706,12275.690630006111,10997.633096685948
forecast_4793,2025-07-19 17:00:00,8696.530025735543,12237.500941076178,10110.809445139459
forecast_4794,2025-07-19 18:00:00,10010.077793483488,12085.584854605217,9348.674461829822
forecast_4795,2025-07-19 19:00:00,10619.359579484413,12365.524385829607,8800.941547767266
forecast_4796,2025-07-19 20:00:00,10579.717694545987,12937.379638559576,10155.578246397574
forecast_4797,2025-07-19 21:00:00,11699.651207804995,13421.04949551116,11048.014808022122
forecast_4798,2025-07-19 22:00:00,11476.204694256967,14028.752676948085,10602.038526038743
forecast_4799,2025-07-19 23:00:00,11898.720230051333,14002.235631499856,9643.425263303665
forecast_4800,2025-07-20 00:00:00,11446.818831043904,14291.677205725566,8500.786488771071
forecast_4801,2025-07-20 01:00:00,12187.63302291072,14486.957209969476,11869.25266169839
forecast_4802,2025-07-20 02:00:00,12246.67436343153,14455.35569558547,12076.736654203172
forecast_4803,2025-07-20 03:00:00,12351.252078087951,14732.001654302398,12707.027900065419
forecast_4804,2025-07-20 04:00:00,12345.276640126564,14719.971357812294,12160.361730845148
forecast_4805,2025-07-20 05:00:00,12222.383340427255,14172.005286154974,11389.118390862299
forecast_4806,2025-07-20 06:00:00,11565.790338169456,13229.025857711453,10213.543942519525
forecast_4807,2025-07-20 07:00:00,10658.951368225362,12317.895114014646,9779.740601345982
forecast_4808,2025-07-20 08:00:00,9761.458173088682,11362.20067188065,8877.713906043966
forecast_4809,2025-07-20 09:00:00,9438.414602881232,10618.766951043246,8047.091803332854
forecast_4810,2025-07-20 10:00:00,8424.8134207724,10047.25854538281,7200.470114976359
forecast_4811,2025-07-20 11:00:00,7137.9257819843,8168.606974830372,5918.732612375985
forecast_4812,2025-07-20 12:00:00,5508.557732960591,5849.012914236194,5773.536377620637
forecast_4813,2025-07-20 13:00:00,4846.675988179513,5845.407415587887,5345.7508020124205
forecast_4814,2025-07-20 14:00:00,4782.602466209785,5239.727321382701,4836.137759621588
forecast_4815,2025-07-20 15:00:00,4317.987076436088,4776.628087817059,4487.794811335261
forecast_4816,2025-07-20 16:00:00,4149.96304951764,4696.924700323832,4484.867250511406
forecast_4817,2025-07-20 17:00:00,4429.578685005929,4792.723282128916,4538.473336657027
forecast_4818,2025-07-20 18:00:00,5337.375810794485,5807.342456522333,4434.72509572055
forecast_4819,2025-07-20 19:00:00,7134.797558338851,8718.769539755782,5340.078411775504
forecast_4820,2025-07-20 20:00:00,9765.778320488831,10803.815720873241,8047.920613674827
forecast_4821,2025-07-20 21:00:00,11183.120693467985,12136.597992970166,9007.469823070871
forecast_4822,2025-07-20 22:00:00,10886.15742351743,13398.129063758652,8935.333614373749
forecast_4823,2025-07-20 23:00:00,11573.096732229546,12687.906473955318,8236.859423963379
forecast_4824,2025-07-21 00:00:00,11771.825058037559,12554.03831424914,7482.181476718076
forecast_4825,2025-07-21 01:00:00,11878.560423137302,13061.882787221464,8406.36963243604
forecast_4826,2025-07-21 02:00:00,11937.160501896711,13059.036831615456,8056.250583448803
forecast_4827,2025-07-21 03:00:00,12626.995586555111,13650.618512366382,7725.116182664937
forecast_4828,2025-07-21 04:00:00,12123.552252788848,13407.333723484518,6967.836605206565
forecast_4829,2025-07-21 05:00:00,10973.220571977765,12116.21046274926,6804.964148527099
forecast_4830,2025-07-21 06:00:00,10607.0613866827,11428.939114293486,7127.309109470663
forecast_4831,2025-07-21 07:00:00,10966.460005209052,12002.33508482692,8922.594671891555
forecast_4832,2025-07-21 08:00:00,10803.684255836439,11317.898814618648,9095.831562265976
forecast_4833,2025-07-21 09:00:00,10533.909243627031,10868.770707874402,8693.477959182494
forecast_4834,2025-07-21 10:00:00,8779.926096916683,9239.592820484571,7774.648659046248
forecast_4835,2025-07-21 11:00:00,7573.478788788242,7506.141001137021,6825.29737013402
forecast_4836,2025-07-21 12:00:00,5720.337707510283,5813.163759992338,5982.120284198756
forecast_4837,2025-07-21 13:00:00,5558.5707849052515,5184.917510077973,5351.204075798598
forecast_4838,2025-07-21 14:00:00,5274.920222436907,5031.461116823618,4976.55399831248
forecast_4839,2025-07-21 15:00:00,5041.031501388077,5013.94334556129,4696.948585968565
forecast_4840,2025-07-21 16:00:00,4918.215510743686,5089.526728988266,4650.801745217441
forecast_4841,2025-07-21 17:00:00,5431.307368200012,5708.574180470402,5417.40514899188
forecast_4842,2025-07-21 18:00:00,7871.087891147729,8547.031242460575,6233.222558656958
forecast_4843,2025-07-21 19:00:00,10666.258005716885,12003.26809654958,8743.760817523313
forecast_4844,2025-07-21 20:00:00,12687.66195915042,13848.10232345527,10544.21494780925
forecast_4845,2025-07-21 21:00:00,14549.864944069503,15277.524879454159,12399.124881461956
forecast_4846,2025-07-21 22:00:00,13000.423270310052,15595.062531209605,12077.329931012753
forecast_4847,2025-07-21 23:00:00,13729.149551037954,15664.654851885602,12291.717491858088
forecast_4848,2025-07-22 00:00:00,13493.894055013436,15489.094648008486,11997.85807797402
forecast_4849,2025-07-22 01:00:00,13228.107724060537,14755.10684482219,11810.077412332652
forecast_4850,2025-07-22 02:00:00,13019.472261900093,14221.26048055391,12042.524954874507
forecast_4851,2025-07-22 03:00:00,12952.303547674554,13916.498414997215,12229.90991968085
forecast_4852,2025-07-22 04:00:00,13193.78554469863,14065.454543568809,12833.317131102986
forecast_4853,2025-07-22 05:00:00,13946.113875064677,14794.95836757539,13212.668709583504
forecast_4854,2025-07-22 06:00:00,15259.674416357968,15950.818771908253,12989.56397903086
forecast_4855,2025-07-22 07:00:00,14741.693646119844,14999.08096859576,11075.70471293048
forecast_4856,2025-07-22 08:00:00,12386.248470997281,13642.41634578803,9664.02070533949
forecast_4857,2025-07-22 09:00:00,12050.544340953824,11908.062125821032,8749.705739543268
forecast_4858,2025-07-22 10:00:00,8463.108919797805,8926.59085147823,7501.722586155087
forecast_4859,2025-07-22 11:00:00,5751.35671746224,5165.808158124714,4284.8632321419345
forecast_4860,2025-07-22 12:00:00,3664.4429728416594,3604.5322420229186,3580.5382287424886
forecast_4861,2025-07-22 13:00:00,3310.5869134815516,3313.823139446055,3143.638856933507
forecast_4862,2025-07-22 14:00:00,3790.2649065626924,3405.330761477327,3042.3578155409486
forecast_4863,2025-07-22 15:00:00,3443.363431706883,3420.991798521392,3378.8213411341308
forecast_4864,2025-07-22 16:00:00,3516.2503096338546,3391.813450730568,3478.84639153206
forecast_4865,2025-07-22 17:00:00,3679.321972124485,3472.6078324196847,3412.538764554295
forecast_4866,2025-07-22 18:00:00,4072.493063387575,3775.87545509702,3267.4598859261014
forecast_4867,2025-07-22 19:00:00,3951.041322501421,3486.455673632583,3528.1915216604684
forecast_4868,2025-07-22 20:00:00,3887.2508366558855,3801.10090426292,3675.0332413810834
forecast_4869,2025-07-22 21:00:00,4923.420568059036,4874.8646767265855,3842.5619415101246
forecast_4870,2025-07-22 22:00:00,5627.175194563111,5764.23791382693,4745.47289807478
forecast_4871,2025-07-22 23:00:00,6164.338634672904,6246.867745158888,5353.966272457929
forecast_4872,2025-07-23 00:00:00,6448.8852412757415,6443.571108377212,5700.275034907265
forecast_4873,2025-07-23 01:00:00,6639.757952549845,6866.82107751771,5616.264989796758
forecast_4874,2025-07-23 02:00:00,7231.07049860604,7336.607344262709,5878.468101625228
forecast_4875,2025-07-23 03:00:00,8648.733369543532,8646.482684563338,6305.95722060325
forecast_4876,2025-07-23 04:00:00,8804.914174301559,9251.001977298112,5879.091096463949
forecast_4877,2025-07-23 05:00:00,8692.26427955394,8384.129708224853,5346.112387799034
forecast_4878,2025-07-23 06:00:00,6853.335918845623,7232.262068121923,4595.469918009528
forecast_4879,2025-07-23 07:00:00,5002.344318126802,5013.494789401555,3843.8036018044763
forecast_4880,2025-07-23 08:00:00,3886.5401058302446,3913.4070024249204,3590.6102631486656
forecast_4881,2025-07-23 09:00:00,3679.065620737977,3796.395104977615,3343.041954350208
forecast_4882,2025-07-23 10:00:00,3753.3886453617497,4151.202580043975,3515.1559927916123
forecast_4883,2025-07-23 11:00:00,3088.067260507375,3710.292005076785,2365.6685903234106
forecast_4884,2025-07-23 12:00:00,1521.1563386013381,1320.1714306457332,53.983613682938156
forecast_4885,2025-07-23 13:00:00,53.70768403951427,51.21013023258438,52.889487572519094
forecast_4886,2025-07-23 14:00:00,78.45909693855562,80.2361591340144,92.42329442454134
forecast_4887,2025-07-23 15:00:00,2949.9365040836697,3394.907441440736,3170.0404380634636
forecast_4888,2025-07-23 16:00:00,5358.008491143784,4243.140596909396,3989.0185697173715
forecast_4889,2025-07-23 17:00:00,6585.167203987903,5774.3148253892905,5626.219204185008
forecast_4890,2025-07-23 18:00:00,7457.860115157918,5471.09878386492,5957.795736181483
forecast_4891,2025-07-23 19:00:00,5120.631325164654,6038.794966810784,4011.6217219034716
forecast_4892,2025-07-23 20:00:00,3575.5351136954537,3199.376066449881,3847.6457617833426
forecast_4893,2025-07-23 21:00:00,3573.356389380316,3613.336250023885,3829.433608739421
forecast_4894,2025-07-23 22:00:00,3892.329889158365,3832.979584209928,3256.7898599380487
forecast_4895,2025-07-23 23:00:00,4506.025805350168,4439.642512519754,3593.064728909941
forecast_4896,2025-07-24 00:00:00,4520.2167912315535,4622.193082961243,3780.1133870113317
forecast_4897,2025-07-24 01:00:00,5487.474899681381,5127.42855913246,3939.263539436399
forecast_4898,2025-07-24 02:00:00,6537.799111969993,5904.177889516478,4320.202575745674
forecast_4899,2025-07-24 03:00:00,7978.667278478528,8731.054245227471,5045.5307209309885
forecast_4900,2025-07-24 04:00:00,9427.416143934026,9790.119916157199,5319.691246159933
forecast_4901,2025-07-24 05:00:00,8678.177592355485,9262.28561813618,5274.244918934657
forecast_4902,2025-07-24 06:00:00,8000.140326757425,7820.394050384213,4662.324096132024
forecast_4903,2025-07-24 07:00:00,5474.4698793126645,5146.641765578665,3681.0999032636682
forecast_4904,2025-07-24 08:00:00,4000.3926589436765,3903.1499549622345,3351.357770225852
forecast_4905,2025-07-24 09:00:00,3461.429821681167,3103.068763076514,3211.048753449651
forecast_4906,2025-07-24 10:00:00,3636.539036001032,3839.1438965578845,1059.4150267184007
forecast_4907,2025-07-24 11:00:00,4115.295531113992,5175.418901338226,1660.0788272605923
forecast_4908,2025-07-24 12:00:00,3235.951875548771,3011.5868712657802,1479.7333367361925
forecast_4909,2025-07-24 13:00:00,1187.3106049101477,1380.374694827922,1199.2183299159924
forecast_4910,2025-07-24 14:00:00,4306.5169506360735,4824.401109874105,2619.9460793605026
forecast_4911,2025-07-24 15:00:00,2359.842450546821,2624.766785060247,952.7000077456661
forecast_4912,2025-07-24 16:00:00,3984.7394219085695,3790.772316524372,3581.118727403668
forecast_4913,2025-07-24 17:00:00,2911.394785079212,3984.525317116424,3549.1397825705553
forecast_4914,2025-07-24 18:00:00,3679.468188946687,4387.240022864303,4151.250549221386
forecast_4915,2025-07-24 19:00:00,4183.017023047092,3715.648259649147,3787.0431504074368
forecast_4916,2025-07-24 20:00:00,4784.477141048482,5517.538812875882,4267.61803852528
forecast_4917,2025-07-24 21:00:00,3375.913619356153,2983.855953492722,3402.431398177961
forecast_4918,2025-07-24 22:00:00,3252.2494657275593,3071.9025299765003,3702.428258827681
forecast_4919,2025-07-24 23:00:00,3434.359659987985,3325.1204545728115,3576.839136566321
forecast_4920,2025-07-25 00:00:00,3639.4607607439198,3395.553262088843,3252.811523694991
forecast_4921,2025-07-25 01:00:00,3548.944128155236,3470.564285127136,3188.8854716022474
forecast_4922,2025-07-25 02:00:00,3656.5471378654497,3603.67432871474,3242.254583207185
forecast_4923,2025-07-25 03:00:00,3559.0396260831776,3473.9988185798547,3070.907854752583
forecast_4924,2025-07-25 04:00:00,3743.8071414051333,3598.448906235636,3156.204924055346
forecast_4925,2025-07-25 05:00:00,3629.1380514942753,3550.102534505329,3194.0880970408916
forecast_4926,2025-07-25 06:00:00,3653.51919197418,3551.475888740805,3258.719086208742
forecast_4927,2025-07-25 07:00:00,3633.3604080134187,3546.5220240336857,3118.5737141722975
forecast_4928,2025-07-25 08:00:00,3375.3479776695162,3238.6469210020887,3257.540257777234
forecast_4929,2025-07-25 09:00:00,3979.57526683253,4236.084544832266,2307.566022981061
forecast_4930,2025-07-25 10:00:00,3964.0052003045353,3573.53132358365,733.3116852580589
forecast_4931,2025-07-25 11:00:00,4271.976578539161,4745.4163812658635,2764.7414885636445
forecast_4932,2025-07-25 12:00:00,3104.9994664791284,3024.3924330607724,1214.261915477869
forecast_4933,2025-07-25 13:00:00,1229.442881229131,1192.2326103985172,1164.796779689997
forecast_4934,2025-07-25 14:00:00,2881.2222148956585,3648.0282417179255,3534.4534290056736
forecast_4935,2025-07-25 15:00:00,6049.591519870758,4804.25558754974,2775.1381371842576
forecast_4936,2025-07-25 16:00:00,3934.044733900834,3626.975574398082,3092.55303472822
forecast_4937,2025-07-25 17:00:00,3744.575227432715,3710.411889095301,2820.5989053997014
forecast_4938,2025-07-25 18:00:00,4097.853329324987,3608.3974935497636,2999.0582285617056
forecast_4939,2025-07-25 19:00:00,4631.331593129044,5287.071726277053,3444.979933037345
forecast_4940,2025-07-25 20:00:00,4834.203497890886,5091.231117518721,3924.741598800477
forecast_4941,2025-07-25 21:00:00,3534.3364337772723,3438.6483023406236,3403.6325904774285
forecast_4942,2025-07-25 22:00:00,3417.8208667468343,3572.422999045743,3203.8729461838275
forecast_4943,2025-07-25 23:00:00,3968.334503066925,3944.449616478383,3214.514803485268
forecast_4944,2025-07-26 00:00:00,4080.9392407072605,4110.259388601805,3366.840523966864
forecast_4945,2025-07-26 01:00:00,7707.775233869546,7725.892292279608,5861.746599411069
forecast_4946,2025-07-26 02:00:00,7541.886812506992,7497.122159117749,5077.014363855041
forecast_4947,2025-07-26 03:00:00,6466.102655843975,6859.737272632784,4174.8037536021475
forecast_4948,2025-07-26 04:00:00,5372.650189848623,5602.4795178330905,3708.8433793050963
forecast_4949,2025-07-26 05:00:00,4149.733763307713,4072.631937613472,3607.225188239561
forecast_4950,2025-07-26 06:00:00,3657.9812003091556,3696.5259983444816,3260.88164485943
forecast_4951,2025-07-26 07:00:00,3745.809602785829,3442.652614800276,3151.5837912770385
forecast_4952,2025-07-26 08:00:00,3311.2382648891667,3403.5520461521096,4680.080102908125
forecast_4953,2025-07-26 09:00:00,3860.6876887359276,3424.1422303007416,2802.857046302751
forecast_4954,2025-07-26 10:00:00,3923.1586498823967,3603.793925281395,3796.6906288167097
forecast_4955,2025-07-26 11:00:00,3929.9301175987184,3880.9429476374908,3436.2844129080427
forecast_4956,2025-07-26 12:00:00,3327.2724549853897,3163.2973540099506,3024.302886794694
forecast_4957,2025-07-26 13:00:00,1303.7008372164187,1250.6915812815596,2012.482984455907
forecast_4958,2025-07-26 14:00:00,3060.589758966127,3160.120833294361,2134.739348026584
forecast_4959,2025-07-26 15:00:00,3882.904481497822,3351.29005958495,3149.2374760394828
forecast_4960,2025-07-26 16:00:00,6650.326888629973,5869.562293714886,4058.277455383264
forecast_4961,2025-07-26 17:00:00,7339.334041092626,7088.219855636186,5063.8501927190255
forecast_4962,2025-07-26 18:00:00,4726.315439675161,5376.7026413654185,3527.200092020647
forecast_4963,2025-07-26 19:00:00,4409.375963008952,5102.612213401954,3776.388868751883
forecast_4964,2025-07-26 20:00:00,4500.339962557862,5122.96000344536,3328.516459553646
forecast_4965,2025-07-26 21:00:00,3399.657400644591,3673.848520646121,3720.065958501493
forecast_4966,2025-07-26 22:00:00,3556.3234479697544,3623.7923475112098,3185.270226878094
forecast_4967,2025-07-26 23:00:00,4374.3515555408585,4355.689209737389,3364.328798626573
forecast_4968,2025-07-27 00:00:00,5099.96723895439,5334.328894823039,3697.5321438324654
forecast_4969,2025-07-27 01:00:00,7023.995568076395,7987.188885908679,5223.016495776872
forecast_4970,2025-07-27 02:00:00,6945.6164186526585,7034.396270862993,5000.848155007434
forecast_4971,2025-07-27 03:00:00,6515.819326911293,6849.354265609392,4569.340583693985
forecast_4972,2025-07-27 04:00:00,6127.859083423636,6337.394784431129,4231.552894172347
forecast_4973,2025-07-27 05:00:00,5999.256728027192,6499.39591503653,4198.164433569148
forecast_4974,2025-07-27 06:00:00,5817.461399235054,6102.817439241845,3833.0642523586343
forecast_4975,2025-07-27 07:00:00,4854.900317889874,4841.839865687846,3855.945719028086
forecast_4976,2025-07-27 08:00:00,3885.652256198869,3835.059837554839,3163.879763374046
forecast_4977,2025-07-27 09:00:00,3827.959888270072,3823.540964047284,2987.876927983686
forecast_4978,2025-07-27 10:00:00,3693.5795334375516,3602.0551175733945,3524.6666851128457
forecast_4979,2025-07-27 11:00:00,4024.827844316395,3699.2428152091134,3580.5882105192863
forecast_4980,2025-07-27 12:00:00,4228.782522739352,3279.9050137676563,2867.0758169564006
forecast_4981,2025-07-27 13:00:00,3646.005021189283,3154.8212070361583,3296.370435063062
forecast_4982,2025-07-27 14:00:00,3649.24417719344,3219.1932641142503,3163.965628883164
forecast_4983,2025-07-27 15:00:00,3464.6242238930085,3536.6080861412443,3243.4438513495525
forecast_4984,2025-07-27 16:00:00,3670.6873957468165,3427.968849621153,3393.8236728691695
forecast_4985,2025-07-27 17:00:00,3555.5853827342958,3398.6501776376044,3251.621791183249
forecast_4986,2025-07-27 18:00:00,3607.5179457934087,3669.1256553640937,3259.4836546657016
forecast_4987,2025-07-27 19:00:00,3703.636078636506,3770.987609776916,3424.984812810112
forecast_4988,2025-07-27 20:00:00,4214.995632222975,4519.356467144223,3725.4922220208687
forecast_4989,2025-07-27 21:00:00,5300.875147473091,5640.160943237101,4301.107518487864
forecast_4990,2025-07-27 22:00:00,6123.962848415,6874.137775025224,4561.166138981166
forecast_4991,2025-07-27 23:00:00,7538.519283022153,8066.008872664188,4764.28883757527
forecast_4992,2025-07-28 00:00:00,7856.62078376143,8266.822323092058,5039.187180870065
forecast_4993,2025-07-28 01:00:00,10196.308230654238,10484.756580241246,7065.4408132188555
forecast_4994,2025-07-28 02:00:00,10588.58178549334,10663.928064353777,7203.80661816077
forecast_4995,2025-07-28 03:00:00,11013.898077145484,10966.61937544457,7720.1167614126725
forecast_4996,2025-07-28 04:00:00,10049.102689601808,9950.406979357249,7660.368033902736
forecast_4997,2025-07-28 05:00:00,8914.319588800658,9064.713317079908,6978.283139107423
forecast_4998,2025-07-28 06:00:00,7081.659060240799,7382.20852274955,5556.413584423698
forecast_4999,2025-07-28 07:00:00,5831.052205456098,5429.730975407219,4396.139768175289
forecast_5000,2025-07-28 08:00:00,3950.7354936290676,3960.461779678585,3631.3235804052465
forecast_5001,2025-07-28 09:00:00,3575.7894829689585,3669.655031144408,3276.9322331775747
forecast_5002,2025-07-28 10:00:00,3987.7479652565594,4329.530582005628,3455.3306463277386
forecast_5003,2025-07-28 11:00:00,4254.24262194175,4318.814231453239,3492.5277142424184
forecast_5004,2025-07-28 12:00:00,2651.921557503985,2640.612915798841,2872.6079401664388
forecast_5005,2025-07-28 13:00:00,6789.927135187074,5831.271512962064,2425.78012723235
forecast_5006,2025-07-28 14:00:00,6592.859904857038,5149.467096030767,2395.773629663498
forecast_5007,2025-07-28 15:00:00,2426.771958161075,2480.2485698349005,2740.769671310766
forecast_5008,2025-07-28 16:00:00,2308.7614583115296,2392.1441174966412,2324.238111235455
forecast_5009,2025-07-28 17:00:00,3866.282630681471,4162.669410775847,3349.8615528553646
forecast_5010,2025-07-28 18:00:00,3846.500422088209,3736.3206834337684,3417.912913677565
forecast_5011,2025-07-28 19:00:00,3662.1939746474163,4073.733754793309,4097.022821125294
forecast_5012,2025-07-28 20:00:00,3802.871260820752,3510.6871257249645,3114.351618843959
forecast_5013,2025-07-28 21:00:00,4465.173304064923,4011.702565409303,3128.33801037515
forecast_5014,2025-07-28 22:00:00,3891.2971091605486,4036.7911367956544,3383.310702561487
forecast_5015,2025-07-28 23:00:00,4046.658245801583,3899.9855830396086,3403.1993309564937
forecast_5016,2025-07-29 00:00:00,5209.626085138772,4441.589049327998,3795.770886246851
forecast_5017,2025-07-29 01:00:00,3591.914789959767,3593.6314257005583,3354.7492126610573
forecast_5018,2025-07-29 02:00:00,3487.7245616629184,3479.251037167056,3231.185407904329
forecast_5019,2025-07-29 03:00:00,3397.7790880126095,3087.524490802046,3041.1676993116685
forecast_5020,2025-07-29 04:00:00,3586.1300907493037,3751.2359453599192,2938.644484502421
forecast_5021,2025-07-29 05:00:00,3648.782268172304,3693.183762004014,3176.461295221513
forecast_5022,2025-07-29 06:00:00,3843.6288711199136,3947.4114692101916,3769.8936922235494
forecast_5023,2025-07-29 07:00:00,4018.518257390346,4522.882875249732,1795.620652617552
forecast_5024,2025-07-29 08:00:00,3642.5266781752157,4233.201682130678,1028.5066417496157
forecast_5025,2025-07-29 09:00:00,3958.656204709828,4058.0883796893927,24.349074256595774
forecast_5026,2025-07-29 10:00:00,3470.115045351161,1649.213381154789,15.626835115238126
forecast_5027,2025-07-29 11:00:00,35.71358137725203,2418.5655288802577,31.688248651736682
forecast_5028,2025-07-29 12:00:00,43.99048056974466,39.79736624829082,42.87282290849559
forecast_5029,2025-07-29 13:00:00,65.46493653228364,69.68109972578239,55.596847534990914
forecast_5030,2025-07-29 14:00:00,5148.906653292332,5416.971506288267,2729.2238180935497
forecast_5031,2025-07-29 15:00:00,98.59171720604101,108.99914490519437,1390.845898495132
forecast_5032,2025-07-29 16:00:00,1824.881493650046,2543.4397254944665,60.47647638984225
forecast_5033,2025-07-29 17:00:00,1242.4709421976036,1306.153172309571,43.94971953214758
forecast_5034,2025-07-29 18:00:00,95.79788017650041,1285.6607445302839,2324.491152352303
forecast_5035,2025-07-29 19:00:00,4026.9512946428567,4358.516336517821,3976.5473303825556
forecast_5036,2025-07-29 20:00:00,6820.91434483791,7067.3877700299445,6392.925845427908
forecast_5037,2025-07-29 21:00:00,5022.932965588273,4513.151233001265,6083.675406496743
forecast_5038,2025-07-29 22:00:00,3765.51638010275,4021.3213397887907,3953.784854837319
forecast_5039,2025-07-29 23:00:00,3371.798743817346,3363.8716982047804,3458.85968686501
forecast_5040,2025-07-30 00:00:00,3440.120635302275,3650.766259322863,3516.0061341319356
forecast_5041,2025-07-30 01:00:00,3702.072549392598,4582.673046688071,3422.455967780726
forecast_5042,2025-07-30 02:00:00,3527.088125838828,3896.895217147164,3391.3219187632913
forecast_5043,2025-07-30 03:00:00,3411.665773095356,3421.6659587226072,3547.5576820859346
forecast_5044,2025-07-30 04:00:00,3428.847525914631,3108.2294515847384,3352.312708363681
forecast_5045,2025-07-30 05:00:00,3491.029159377202,3617.653573343433,2697.317180540117
forecast_5046,2025-07-30 06:00:00,4360.693521721693,4831.0576804203165,2547.7450445700015
forecast_5047,2025-07-30 07:00:00,3868.9696011905553,4073.108479197627,3384.9132675626483
forecast_5048,2025-07-30 08:00:00,3835.258230783583,3327.2793736156314,39.23828486679254
forecast_5049,2025-07-30 09:00:00,3524.5678224821513,3017.257693237238,6.2359365783018355
forecast_5050,2025-07-30 10:00:00,2621.165998899189,2876.577207122064,15.321755979390764
forecast_5051,2025-07-30 11:00:00,61.853727046862986,58.99947700935486,30.816819299913252
forecast_5052,2025-07-30 12:00:00,91.83076538428644,88.39210555807014,51.357881475673
forecast_5053,2025-07-30 13:00:00,145.34244802963713,148.49624218015333,115.2409396799685
forecast_5054,2025-07-30 14:00:00,146.79497494706894,154.26944135067967,142.4529884318444
forecast_5055,2025-07-30 15:00:00,162.4400533773301,184.83490199793357,139.09572956432655
forecast_5056,2025-07-30 16:00:00,162.80074449942015,188.89370944678623,73.23785258984088
forecast_5057,2025-07-30 17:00:00,2966.760382194034,2804.941584926829,96.45999891303379
forecast_5058,2025-07-30 18:00:00,2714.715660227763,2463.8581893523356,132.13853732115263
forecast_5059,2025-07-30 19:00:00,2940.7031107304865,2914.529472382011,160.6499748132979
forecast_5060,2025-07-30 20:00:00,2937.762017382622,2956.9182518727293,2168.9725095502454
forecast_5061,2025-07-30 21:00:00,2874.5011706536593,3194.232677614784,4218.438164889677
forecast_5062,2025-07-30 22:00:00,3449.6779294735807,3403.98267923119,4306.256972054693
forecast_5063,2025-07-30 23:00:00,3357.4753191337427,3439.518526053396,2575.543992658048
forecast_5064,2025-07-31 00:00:00,3252.8388818307044,3469.218105940354,2588.5487270265844
forecast_5065,2025-07-31 01:00:00,3783.6744479244903,3756.1366828917785,3274.208680445982
forecast_5066,2025-07-31 02:00:00,3993.7671472783227,3857.1293468566932,3498.0775679948288
forecast_5067,2025-07-31 03:00:00,4010.665339445774,4118.412207643051,3461.8509583645055
forecast_5068,2025-07-31 04:00:00,4249.546399683768,4259.845558696154,3542.506760040354
forecast_5069,2025-07-31 05:00:00,4399.400074754135,4817.701595981824,3560.3242010067142
forecast_5070,2025-07-31 06:00:00,3826.507624138691,3715.860401807724,3119.3924007749997
forecast_5071,2025-07-31 07:00:00,3609.8265280381934,3558.220184419699,2998.638354624373
forecast_5072,2025-07-31 08:00:00,3323.2703957756194,3299.857688262178,7922.989756958731
forecast_5073,2025-07-31 09:00:00,3572.3762309021167,3775.4680053854727,7902.799807171864
forecast_5074,2025-07-31 10:00:00,3302.4952406623793,3527.6361576048753,1740.3451694479977
forecast_5075,2025-07-31 11:00:00,4342.155953500547,4119.671967873985,1790.6227540683908
forecast_5076,2025-07-31 12:00:00,5318.563107048565,4356.607129128467,2137.2945047795683
forecast_5077,2025-07-31 13:00:00,5878.022281426514,4273.814595855446,2169.177460984435
forecast_5078,2025-07-31 14:00:00,4585.387376638968,4064.705941624075,2004.2515837447474
forecast_5079,2025-07-31 15:00:00,5705.434515041687,5076.965176880689,3640.401072578176
forecast_5080,2025-07-31 16:00:00,5661.854387110202,5907.9230132792045,3435.54310905847
forecast_5081,2025-07-31 17:00:00,5044.136879315275,4874.4380638019775,3730.9349909989282
forecast_5082,2025-07-31 18:00:00,4061.994443246418,3802.0631363100847,150.60788240024337
forecast_5083,2025-07-31 19:00:00,3244.1781321286267,3440.2232602415993,2524.662502355655
forecast_5084,2025-07-31 20:00:00,3747.102982897809,4061.898942812737,2591.4260314944772
forecast_5085,2025-07-31 21:00:00,3508.5766826448166,3443.427104102711,4362.974416119387
forecast_5086,2025-07-31 22:00:00,4162.603224281402,4031.1977041754235,4392.537401808863
forecast_5087,2025-07-31 23:00:00,3540.2590865920884,3541.653884190657,4386.082842528582
forecast_5088,2025-08-01 00:00:00,4367.5441869072365,4381.902206454394,4453.842609507486
forecast_5089,2025-08-01 01:00:00,3926.0934638540066,3806.100105123914,3675.7797940737096
forecast_5090,2025-08-01 02:00:00,3572.274133358231,3148.343919322042,3568.57094135337
forecast_5091,2025-08-01 03:00:00,3621.678433730653,3630.4303741639314,3845.1418008789324
forecast_5092,2025-08-01 04:00:00,3996.7737536186987,4450.436443201689,4586.301068356827
forecast_5093,2025-08-01 05:00:00,3098.7834962390616,3800.241362823412,3938.150069325821
forecast_5094,2025-08-01 06:00:00,3483.852863577753,3493.2124953561006,38.72069998610695
forecast_5095,2025-08-01 07:00:00,3552.185147137128,3298.9658060364804,28.594500788860827
forecast_5096,2025-08-01 08:00:00,2722.0648181003985,2667.9234425828113,23.87751655906288
forecast_5097,2025-08-01 09:00:00,3305.767890128392,2837.4725928162393,13.037119155987513
forecast_5098,2025-08-01 10:00:00,3301.6538775405925,2802.5755790484036,1.0959402420497724
forecast_5099,2025-08-01 11:00:00,3733.6058679875237,3024.451289048838,13.218932589583615
forecast_5100,2025-08-01 12:00:00,40.33046272553609,1287.924969480141,795.3719435782391
forecast_5101,2025-08-01 13:00:00,57.89167635847643,1109.1013148410052,51.89651133842756
forecast_5102,2025-08-01 14:00:00,70.08883637114607,4128.822082003013,64.88879996523488
forecast_5103,2025-08-01 15:00:00,53.03981666224521,70.64957107739272,47.47013264855357
forecast_5104,2025-08-01 16:00:00,1818.8193737687768,1789.3337546976022,41.706118247463145
forecast_5105,2025-08-01 17:00:00,1866.520745565027,2884.8340288220215,26.27436500893427
forecast_5106,2025-08-01 18:00:00,1327.355295524684,1584.4975193586945,25.348109269256494
forecast_5107,2025-08-01 19:00:00,3622.7547348909006,3869.9849882406206,2227.67491739144
forecast_5108,2025-08-01 20:00:00,3450.0612291498733,3591.655895645739,73.01083776383904
forecast_5109,2025-08-01 21:00:00,3459.517698224619,3524.408335013529,1203.7959315343905
forecast_5110,2025-08-01 22:00:00,3782.313301016642,4791.245675654197,2588.597315605471
forecast_5111,2025-08-01 23:00:00,5174.893969284953,5623.72034889695,4412.208295370382
forecast_5112,2025-08-02 00:00:00,4853.8467857844935,4547.64146010772,3658.0133577593847
forecast_5113,2025-08-02 01:00:00,4241.761121332084,4172.681659690019,3602.8567536835635
forecast_5114,2025-08-02 02:00:00,4876.303186652736,4756.137825036596,3662.48766284939
forecast_5115,2025-08-02 03:00:00,6230.487435553867,6162.051845033585,3882.097841809025
forecast_5116,2025-08-02 04:00:00,6747.471409974219,7106.352044029831,4325.577265049141
forecast_5117,2025-08-02 05:00:00,7623.9548885687045,7839.366713632403,4775.600130130803
forecast_5118,2025-08-02 06:00:00,8040.154896944108,8146.7635130866465,4990.485828044864
forecast_5119,2025-08-02 07:00:00,7780.315358100328,7806.053026618752,4965.024243204627
forecast_5120,2025-08-02 08:00:00,6552.625383588092,6642.787425978832,4143.560690564756
forecast_5121,2025-08-02 09:00:00,5322.699343406861,5011.772797973405,3717.883576117885
forecast_5122,2025-08-02 10:00:00,4300.046194696209,4389.89093203877,3680.656862778936
forecast_5123,2025-08-02 11:00:00,3259.480185357578,3365.8881396561733,3155.480497518734
forecast_5124,2025-08-02 12:00:00,3574.7723131498947,3279.1182665324095,3090.9368263963015
forecast_5125,2025-08-02 13:00:00,4449.327138906929,3778.523241629872,2884.922734600642
forecast_5126,2025-08-02 14:00:00,4103.22551785438,3613.7393364791633,3593.4751013878968
forecast_5127,2025-08-02 15:00:00,3901.2439710141625,3958.811331443297,3420.584305411107
forecast_5128,2025-08-02 16:00:00,3457.2816780361245,3480.013661787128,2880.6671027223315
forecast_5129,2025-08-02 17:00:00,4259.977916419729,3782.983610832864,3062.993123821478
forecast_5130,2025-08-02 18:00:00,4156.41111011181,4222.111080950893,3704.4388082078635
forecast_5131,2025-08-02 19:00:00,3742.315416738183,3588.682268034389,3900.3950423154524
forecast_5132,2025-08-02 20:00:00,3578.0432020739763,3558.2525522973724,3462.1428379397635
forecast_5133,2025-08-02 21:00:00,3824.7250558946293,3854.287542202842,3608.308072853736
forecast_5134,2025-08-02 22:00:00,3889.939544962027,3810.2917030811545,3480.8114352456987
forecast_5135,2025-08-02 23:00:00,4296.642423166133,4245.9462997314595,3480.4322579474106
forecast_5136,2025-08-03 00:00:00,4047.1518555961443,3995.6752839282904,3403.7674918690213
forecast_5137,2025-08-03 01:00:00,4416.863031271156,4077.381843955472,3743.3885334148968
forecast_5138,2025-08-03 02:00:00,4218.136599572698,4106.529043465828,3514.5481814842933
forecast_5139,2025-08-03 03:00:00,4319.648763341652,4176.622323124626,3658.94542577909
forecast_5140,2025-08-03 04:00:00,4187.132231141008,3966.9737322431683,3610.9747407495242
forecast_5141,2025-08-03 05:00:00,3825.2287645163524,3724.4357999258714,3165.413419601444
forecast_5142,2025-08-03 06:00:00,3729.0360967555002,3719.8614827909178,3079.959783773839
forecast_5143,2025-08-03 07:00:00,3281.811286265311,3949.321317137365,3127.2377105197174
forecast_5144,2025-08-03 08:00:00,3687.8751147172234,3840.0364682174736,4072.304961111883
forecast_5145,2025-08-03 09:00:00,3506.504904508087,4062.4415621652743,742.300380158269
forecast_5146,2025-08-03 10:00:00,3975.624383998768,3470.4404911960423,731.778466868835
forecast_5147,2025-08-03 11:00:00,3507.851640703094,3365.06799270749,1207.2288934737453
forecast_5148,2025-08-03 12:00:00,4452.614566234627,4441.293272200122,4649.790025967567
forecast_5149,2025-08-03 13:00:00,5646.439627092172,6323.383557759199,4739.64231462291
forecast_5150,2025-08-03 14:00:00,6045.325355633369,3593.1360477310886,4861.987004624014
forecast_5151,2025-08-03 15:00:00,3415.5715892749117,3403.02991174682,3211.9292786723286
forecast_5152,2025-08-03 16:00:00,3139.3842008363645,3301.3046510334707,3043.017684905237
forecast_5153,2025-08-03 17:00:00,3603.7618401075306,3798.898850012977,3220.4644548933957
forecast_5154,2025-08-03 18:00:00,4211.6986091691715,4298.071883835047,3656.963125394996
forecast_5155,2025-08-03 19:00:00,4007.123634210535,3965.5765202601224,4109.196042829856
forecast_5156,2025-08-03 20:00:00,3942.0055076587023,4200.765409007929,3949.79137083535
forecast_5157,2025-08-03 21:00:00,4670.152190274072,4894.39590636451,3828.960493759652
forecast_5158,2025-08-03 22:00:00,5120.252036135465,7091.530344688005,4274.642831810471
forecast_5159,2025-08-03 23:00:00,5412.4821377134895,6844.711941301845,4690.444968160646
forecast_5160,2025-08-04 00:00:00,5289.723488910519,7306.036756787359,4462.816415607751
forecast_5161,2025-08-04 01:00:00,7204.950161537143,7814.428613624889,5734.039681141797
forecast_5162,2025-08-04 02:00:00,7888.445238156646,8703.010095269115,6492.248274460548
forecast_5163,2025-08-04 03:00:00,8905.010850281467,9753.977543919395,7563.229977295663
forecast_5164,2025-08-04 04:00:00,8316.337971118182,9610.910307794804,6846.8555517427
forecast_5165,2025-08-04 05:00:00,10858.798773247954,12924.808370204251,7706.4938820545885
forecast_5166,2025-08-04 06:00:00,9740.976933914022,11800.854938549563,7430.179130503814
forecast_5167,2025-08-04 07:00:00,9940.841682495316,11345.081031852944,7057.929191925357
forecast_5168,2025-08-04 08:00:00,9295.193292952727,10783.23210119709,6786.715089329216
forecast_5169,2025-08-04 09:00:00,8818.57726160446,11399.872420700647,5953.103535102582
forecast_5170,2025-08-04 10:00:00,8478.80394549148,10746.194102103453,6115.821506434947
forecast_5171,2025-08-04 11:00:00,8973.307781316298,9810.607486959803,6345.72364732767
forecast_5172,2025-08-04 12:00:00,8486.836211018517,9232.484959594982,7428.706089844432
forecast_5173,2025-08-04 13:00:00,7152.754857889866,7441.856950871876,5554.248250937564
forecast_5174,2025-08-04 14:00:00,5769.958153141171,5883.629160343915,4166.729616087936
forecast_5175,2025-08-04 15:00:00,5114.16786201701,5074.277352150048,4094.0518728896327
forecast_5176,2025-08-04 16:00:00,5117.261526885527,4646.389120696808,4333.832500298766
forecast_5177,2025-08-04 17:00:00,4634.550130779562,4647.754279815822,4954.806829463415
forecast_5178,2025-08-04 18:00:00,5625.292508171187,5123.612948227598,5919.150457745846
forecast_5179,2025-08-04 19:00:00,6744.336865297198,5976.608445294613,7076.893221282089
forecast_5180,2025-08-04 20:00:00,6121.408406096088,6419.960124920085,6515.259446826186
forecast_5181,2025-08-04 21:00:00,7646.720685195228,8040.065960023907,7876.096809236747
forecast_5182,2025-08-04 22:00:00,7706.894311957343,8413.225955024587,7743.047032654631
forecast_5183,2025-08-04 23:00:00,6837.482532974274,8282.46420003859,8652.799354449664
forecast_5184,2025-08-05 00:00:00,5788.901354897505,8168.673954316895,8582.909436006601
forecast_5185,2025-08-05 01:00:00,4815.511442904278,4173.415995741255,3825.4704040876436
forecast_5186,2025-08-05 02:00:00,4331.0484980486945,4336.726132947414,3641.731553538695
forecast_5187,2025-08-05 03:00:00,3809.36909283782,3873.1992820062455,3617.8678739732654
forecast_5188,2025-08-05 04:00:00,3881.6484323115874,4004.988023293912,3475.457609025113
forecast_5189,2025-08-05 05:00:00,3765.0274546918868,3685.6071389799267,3327.5039754438412
forecast_5190,2025-08-05 06:00:00,3674.416311897744,3680.8576778000033,3158.191439973562
forecast_5191,2025-08-05 07:00:00,3711.4785357642136,3870.8548151221444,3230.616670164253
forecast_5192,2025-08-05 08:00:00,3641.0437373356153,3805.975410616336,3039.67490054302
forecast_5193,2025-08-05 09:00:00,3552.563202758866,3672.4712605713485,3006.3301891343513
forecast_5194,2025-08-05 10:00:00,3703.043933910399,3492.8525469494803,3224.6086638870993
forecast_5195,2025-08-05 11:00:00,3861.2427389040095,3859.3578011149484,3410.1085143363666
forecast_5196,2025-08-05 12:00:00,3623.2164244359096,3425.051276010053,3261.926281494948
forecast_5197,2025-08-05 13:00:00,3847.4572093717406,3897.297688062553,3533.5060449084144
forecast_5198,2025-08-05 14:00:00,4071.975831840337,3800.676691318286,3774.1910483841557
forecast_5199,2025-08-05 15:00:00,4965.960925170037,5789.715240915011,4382.9058335601385
forecast_5200,2025-08-05 16:00:00,5934.02003352719,6136.022873584115,5042.305757239715
forecast_5201,2025-08-05 17:00:00,5714.885421591887,5914.039703223054,4898.807164881126
forecast_5202,2025-08-05 18:00:00,6181.661970342917,5825.432907887478,4605.686018047887
forecast_5203,2025-08-05 19:00:00,6287.5491068595575,6738.597533806177,4562.840579770408
forecast_5204,2025-08-05 20:00:00,6822.6716040904375,7280.348965832097,5343.379833920064
forecast_5205,2025-08-05 21:00:00,7101.601841498802,7534.518593088737,5818.816032591075
forecast_5206,2025-08-05 22:00:00,7615.813454761951,8105.556724509989,6132.28504009058
forecast_5207,2025-08-05 23:00:00,7401.491006464383,8637.089056378032,6540.427667064428
forecast_5208,2025-08-06 00:00:00,8014.711859575612,9137.21129072015,6662.1752665573
forecast_5209,2025-08-06 01:00:00,11966.251310093441,14555.988853432087,13581.121534975686
forecast_5210,2025-08-06 02:00:00,12118.667633680483,14659.004735280021,14003.70001435733
forecast_5211,2025-08-06 03:00:00,13261.59475719975,14825.66115799266,13341.91733720934
forecast_5212,2025-08-06 04:00:00,13992.411703392205,15116.37846970149,13354.117893094128
forecast_5213,2025-08-06 05:00:00,14295.916101925908,15579.366164900595,13372.685347916671
forecast_5214,2025-08-06 06:00:00,14278.471465084418,15909.900703949334,14096.122349790347
forecast_5215,2025-08-06 07:00:00,13889.172000176522,15370.562154810663,13213.188967030155
forecast_5216,2025-08-06 08:00:00,13653.352827528583,15360.587579585681,12080.705167760765
forecast_5217,2025-08-06 09:00:00,13375.540199238003,14985.881414002291,11854.50902509298
forecast_5218,2025-08-06 10:00:00,12738.928015547075,15171.29996633154,12106.881290095229
forecast_5219,2025-08-06 11:00:00,13500.142564588004,15472.31923010948,11874.443005112333
forecast_5220,2025-08-06 12:00:00,13188.919044468788,15872.99207735114,13118.498884554061
forecast_5221,2025-08-06 13:00:00,13472.93513652283,16133.01099784273,14984.338020655796
forecast_5222,2025-08-06 14:00:00,13177.253002289131,15618.889737916996,15202.870835544274
forecast_5223,2025-08-06 15:00:00,13148.217139932443,15168.519321789041,14898.492359527309
forecast_5224,2025-08-06 16:00:00,13738.813557052132,15253.592458268242,14301.083884785174
forecast_5225,2025-08-06 17:00:00,13087.907890052418,14984.230900822131,14215.449260973854
forecast_5226,2025-08-06 18:00:00,14684.759118790784,15847.197939996358,14939.013127103204
forecast_5227,2025-08-06 19:00:00,14729.675692754618,16239.63586640387,15475.956507845242
forecast_5228,2025-08-06 20:00:00,15438.169584259404,17351.273273170962,16465.18154319896
forecast_5229,2025-08-06 21:00:00,15570.805651792376,17517.285216819666,17280.292186229315
forecast_5230,2025-08-06 22:00:00,16037.078202319293,17736.22700890021,17439.668058297513
forecast_5231,2025-08-06 23:00:00,16127.843389154148,17776.182802648993,16609.165748352258
forecast_5232,2025-08-07 00:00:00,15435.026188223424,17678.871494970845,16412.421098029914
forecast_5233,2025-08-07 01:00:00,14479.012126430967,16769.097144442472,15045.840645280165
forecast_5234,2025-08-07 02:00:00,14529.360410546575,16725.634391345433,14926.803456125974
forecast_5235,2025-08-07 03:00:00,15034.57049907222,16732.90870969604,14745.13672637122
forecast_5236,2025-08-07 04:00:00,14986.819280798605,16855.205083083594,14641.980427929977
forecast_5237,2025-08-07 05:00:00,14339.601012386203,16568.098915503404,14476.746446928099
forecast_5238,2025-08-07 06:00:00,13638.058060570394,15692.692825222146,13146.250073649513
forecast_5239,2025-08-07 07:00:00,12215.371376967601,13909.141668190432,11478.543042918658
forecast_5240,2025-08-07 08:00:00,10402.530351268479,11638.821570739708,9172.919161528209
forecast_5241,2025-08-07 09:00:00,8474.89987916503,8859.310757066149,6688.748009451243
forecast_5242,2025-08-07 10:00:00,6146.241674529536,6104.89440541211,4077.6117827423486
forecast_5243,2025-08-07 11:00:00,4910.170583714611,4908.613449788031,3402.7551469452737
forecast_5244,2025-08-07 12:00:00,3819.869214991441,3778.2904951535747,3188.286218455964
forecast_5245,2025-08-07 13:00:00,3723.727948797407,3456.9457284809255,2986.2630316337404
forecast_5246,2025-08-07 14:00:00,3755.4390937632793,3504.0270596478226,3138.0526056238623
forecast_5247,2025-08-07 15:00:00,3611.4269295087606,3664.4457882348847,3460.542163973728
forecast_5248,2025-08-07 16:00:00,3922.069022269121,3813.251126361023,3741.7726132869147
forecast_5249,2025-08-07 17:00:00,3601.8313443328784,3701.496158779342,3778.6965872036867
forecast_5250,2025-08-07 18:00:00,3331.4988061209783,3572.000686305818,3527.3390309311553
forecast_5251,2025-08-07 19:00:00,3136.5932835447356,2885.2213342908403,2440.916628888545
forecast_5252,2025-08-07 20:00:00,3139.71398306003,3166.456795678908,2697.3272665747472
forecast_5253,2025-08-07 21:00:00,3481.360282045443,3516.085467873182,3259.6559253256637
forecast_5254,2025-08-07 22:00:00,4060.7337786812013,4062.2241430845575,3537.0521017325964
forecast_5255,2025-08-07 23:00:00,5262.291429995105,5318.029055502987,3965.8543832895753
forecast_5256,2025-08-08 00:00:00,5745.616610534578,6041.770877365096,4531.2707312384755
forecast_5257,2025-08-08 01:00:00,5891.289698583581,6206.152696781997,4237.504444842709
forecast_5258,2025-08-08 02:00:00,6185.105412564406,6547.633199215311,3922.296539504183
forecast_5259,2025-08-08 03:00:00,5903.1356263384505,5794.168449350232,3739.1630604354955
forecast_5260,2025-08-08 04:00:00,4704.21593222946,4414.450341939566,3619.115606732592
forecast_5261,2025-08-08 05:00:00,4204.619753893817,4228.772061428639,3561.261652123656
forecast_5262,2025-08-08 06:00:00,3601.7816666279527,3635.5047819281917,3297.4358886928517
forecast_5263,2025-08-08 07:00:00,3480.0912203446833,2967.373419954499,2952.725492901215
forecast_5264,2025-08-08 08:00:00,3234.373666324894,3356.8536095383974,1887.2966128503233
forecast_5265,2025-08-08 09:00:00,2748.6468903148807,2905.795934738267,26.958862713526056
forecast_5266,2025-08-08 10:00:00,3637.7508684450704,3505.195264203032,7.976081305542064
forecast_5267,2025-08-08 11:00:00,1199.8152779295524,1690.643914993251,12.820437077211311
forecast_5268,2025-08-08 12:00:00,48.717417418522864,45.10041627182068,42.89085419639864
forecast_5269,2025-08-08 13:00:00,59.75004190203859,63.22388022691546,58.07135807651476
forecast_5270,2025-08-08 14:00:00,45.55759283802965,57.79086559348299,66.31426684579974
forecast_5271,2025-08-08 15:00:00,22.638940038466675,5136.068451581834,4225.780078801669
forecast_5272,2025-08-08 16:00:00,5530.769351325119,7250.3076538652,4583.761935279746
forecast_5273,2025-08-08 17:00:00,5846.325730611486,6836.522928739747,4169.797251863634
forecast_5274,2025-08-08 18:00:00,1797.3224820386445,4297.820686497911,2697.905082459134
forecast_5275,2025-08-08 19:00:00,3423.891099581165,4571.360712150849,3040.3723646135836
forecast_5276,2025-08-08 20:00:00,4360.649378327328,4727.120453922605,3896.865867448841
forecast_5277,2025-08-08 21:00:00,5523.562916243035,5370.943252954498,5733.991757068015
forecast_5278,2025-08-08 22:00:00,4447.2993350728975,4046.1743740441843,3675.0487026584333
forecast_5279,2025-08-08 23:00:00,3821.6342248103847,3490.9665357578037,3656.826301656458
forecast_5280,2025-08-09 00:00:00,3785.176841962224,3777.935871060408,3430.6826486453438
forecast_5281,2025-08-09 01:00:00,3459.1561596673387,3338.9196979840053,3514.771344985883
forecast_5282,2025-08-09 02:00:00,3502.952914835391,3618.193012564397,3392.020904035387
forecast_5283,2025-08-09 03:00:00,3710.7392101256964,3438.402614266583,3236.0456356437235
forecast_5284,2025-08-09 04:00:00,3998.914111874744,3956.903208971429,3458.8424587205805
forecast_5285,2025-08-09 05:00:00,4347.5503826787935,4335.945487547756,3262.948642176972
forecast_5286,2025-08-09 06:00:00,4746.548418471555,4697.431812767945,3433.1119658927464
forecast_5287,2025-08-09 07:00:00,4156.532823487003,4019.187615430245,3271.3988087117955
forecast_5288,2025-08-09 08:00:00,4197.42357159117,4130.585757455408,3284.508793647421
forecast_5289,2025-08-09 09:00:00,3851.383482009476,3755.5776608716574,3336.2394851914187
forecast_5290,2025-08-09 10:00:00,3932.140317821212,3927.905501377166,3342.108733714413
forecast_5291,2025-08-09 11:00:00,3879.7059989024,3842.4834822859457,3357.1643557511024
forecast_5292,2025-08-09 12:00:00,3538.7013663747757,3591.749014549122,3266.306594456292
forecast_5293,2025-08-09 13:00:00,3532.5108924237143,3627.9786892867933,3267.603542791903
forecast_5294,2025-08-09 14:00:00,4248.655707813732,4395.4770814864205,3464.5459755505717
forecast_5295,2025-08-09 15:00:00,4315.870667697961,4559.0646550064985,3698.2637065584886
forecast_5296,2025-08-09 16:00:00,4691.890387253883,4358.277988972792,4123.34676210368
forecast_5297,2025-08-09 17:00:00,3816.9342671063673,3714.2048565681625,3712.950356539736
forecast_5298,2025-08-09 18:00:00,3133.380277440046,3246.5400631551724,2459.3135396272496
forecast_5299,2025-08-09 19:00:00,3735.4092350610053,3836.219274487645,3338.8987560786413
forecast_5300,2025-08-09 20:00:00,4529.692270376428,4246.255876506893,3753.3127099654143
forecast_5301,2025-08-09 21:00:00,4624.686873604468,4179.401604725085,3730.66340608727
forecast_5302,2025-08-09 22:00:00,4069.7216985952386,3891.7029597198884,3626.6200699627852
forecast_5303,2025-08-09 23:00:00,3897.8434648247176,3835.4784562941622,3423.0831132888725
forecast_5304,2025-08-10 00:00:00,3735.2659752397935,3719.9123150014007,3116.1476301734465
forecast_5305,2025-08-10 01:00:00,3648.0553527633806,4257.596137772362,3167.817349574274
forecast_5306,2025-08-10 02:00:00,3659.821155089756,4077.4220330854173,3229.2343223137727
forecast_5307,2025-08-10 03:00:00,3537.032441515717,3929.051586100182,3060.2603284000156
forecast_5308,2025-08-10 04:00:00,3744.4442204049847,3003.2391564337663,2369.6403141571277
forecast_5309,2025-08-10 05:00:00,2819.146153917945,2925.7530466520884,2858.330150338399
forecast_5310,2025-08-10 06:00:00,3290.2087075740687,3787.029769338345,2710.4233904072316
forecast_5311,2025-08-10 07:00:00,3183.0477915932706,3623.79741116709,2601.9668611057773
forecast_5312,2025-08-10 08:00:00,2896.948198764306,3179.9640941436187,859.8539786206924
forecast_5313,2025-08-10 09:00:00,3103.6450105791973,2816.521233266424,1136.3467054090534
forecast_5314,2025-08-10 10:00:00,3234.525882131288,3589.0136242064204,2645.83187046277
forecast_5315,2025-08-10 11:00:00,3214.2515082167797,3587.6142190084515,2682.3201583577948
forecast_5316,2025-08-10 12:00:00,3174.3294171131233,3733.6412962155578,2992.676463154158
forecast_5317,2025-08-10 13:00:00,3051.346570060136,3744.0602493107635,2982.0022693594046
forecast_5318,2025-08-10 14:00:00,3244.762641424601,3721.422827708768,3185.0544704811005
forecast_5319,2025-08-10 15:00:00,2766.5867288025456,3511.982959461634,2943.629867402058
forecast_5320,2025-08-10 16:00:00,2618.8947360035063,3341.4266792451745,2894.588213710724
forecast_5321,2025-08-10 17:00:00,1744.6934628871338,2979.7557899687367,1231.194071306778
forecast_5322,2025-08-10 18:00:00,2404.9877809635786,2497.8601052400522,43.34577375013951
forecast_5323,2025-08-10 19:00:00,2295.5118888222123,2394.9780166674277,18.3516896316454
forecast_5324,2025-08-10 20:00:00,2846.48472862728,3394.6322833612116,3.285826053638733
forecast_5325,2025-08-10 21:00:00,3065.032382435045,3436.951032571161,6.911233688717969
forecast_5326,2025-08-10 22:00:00,3560.9176643781752,3872.7722463931036,1101.9632421605063
forecast_5327,2025-08-10 23:00:00,3597.264518031679,4086.6816336975335,45.72568615651324
forecast_5328,2025-08-11 00:00:00,3239.497626481577,3619.0052494536526,62.11820555237919
forecast_5329,2025-08-11 01:00:00,3313.74877486487,3102.897527180841,7.640256245649585
forecast_5330,2025-08-11 02:00:00,4555.750653465687,3820.1574734295355,9.94181463171988
forecast_5331,2025-08-11 03:00:00,3779.7271548147683,3587.404754520667,1531.8256950029436
forecast_5332,2025-08-11 04:00:00,3884.2836643829464,3759.8116506040956,2376.207656731838
forecast_5333,2025-08-11 05:00:00,3953.9726985842112,3808.0823459925978,1971.6480792441812
forecast_5334,2025-08-11 06:00:00,2784.224092080549,3528.0475369288083,10.281478031923886
forecast_5335,2025-08-11 07:00:00,2537.990935533836,3290.7145412795235,8.394308441651111
forecast_5336,2025-08-11 08:00:00,2838.1005615946724,2711.0809272896004,5.234014777643262
forecast_5337,2025-08-11 09:00:00,3574.6966530395216,3434.783993276676,5.367575797476779
forecast_5338,2025-08-11 10:00:00,3074.3944267402135,3175.2304321086,0.02175598148817028
forecast_5339,2025-08-11 11:00:00,2912.529464436452,3358.425747143468,0.06546047052401474
forecast_5340,2025-08-11 12:00:00,3408.7175480804917,3041.6208549416046,0.0
forecast_5341,2025-08-11 13:00:00,1151.2576457339912,1668.5738161562597,0.38405532585941665
forecast_5342,2025-08-11 14:00:00,3179.17303159033,2699.2028905148495,10.144799566307341
forecast_5343,2025-08-11 15:00:00,1949.6559606639598,2741.814274630665,2082.8191545364125
forecast_5344,2025-08-11 16:00:00,20.98081703399835,13.590563954699265,13.019277669839134
forecast_5345,2025-08-11 17:00:00,2725.290543708356,3953.1804841215976,2083.4807896468715
forecast_5346,2025-08-11 18:00:00,3760.694898210069,4512.585648997849,3456.450002341301
forecast_5347,2025-08-11 19:00:00,4095.907113908556,4684.857605946629,2399.790634170694
forecast_5348,2025-08-11 20:00:00,3822.655231717731,4912.509653757893,1119.664530979238
forecast_5349,2025-08-11 21:00:00,4090.6039134770767,4449.760730842528,3462.4935308989343
forecast_5350,2025-08-11 22:00:00,3709.5339230586146,3900.09795383735,3598.596587998049
forecast_5351,2025-08-11 23:00:00,3817.296768124212,4118.0795870131315,2676.1071926823965
forecast_5352,2025-08-12 00:00:00,4035.4035696627234,4119.106051470671,2988.3254899219232
forecast_5353,2025-08-12 01:00:00,3711.0434542403673,3861.445168441152,3427.586752795397
forecast_5354,2025-08-12 02:00:00,3409.6943262491795,3390.0000311597773,3248.4212386056256
forecast_5355,2025-08-12 03:00:00,3531.9317151202267,3453.281143655823,3301.7369567531446
forecast_5356,2025-08-12 04:00:00,3418.3973834725316,3390.1850627918157,2926.3881982767884
forecast_5357,2025-08-12 05:00:00,3264.6924361996953,3241.221385885618,2916.977961981639
forecast_5358,2025-08-12 06:00:00,2990.0132519114845,2949.374477357798,2977.2893358110014
forecast_5359,2025-08-12 07:00:00,2963.620735206554,3311.24777995837,1716.25940887137
forecast_5360,2025-08-12 08:00:00,3183.715262421229,3681.232230741112,251.69237547178912
forecast_5361,2025-08-12 09:00:00,3156.605546084255,3364.67439229063,1109.8566320266175
forecast_5362,2025-08-12 10:00:00,2720.5827257704573,2897.8644140465285,1193.1545648585645
forecast_5363,2025-08-12 11:00:00,3351.2841065739076,2906.9875824127057,1295.3026656420936
forecast_5364,2025-08-12 12:00:00,4109.719708392486,3502.5777696705345,1286.1411579744952
forecast_5365,2025-08-12 13:00:00,6024.347627180035,3628.319084809418,3961.8464627891826
forecast_5366,2025-08-12 14:00:00,5389.578551462964,4960.69733688579,2795.014764831356
forecast_5367,2025-08-12 15:00:00,5632.184451530774,4141.946539607396,2443.041269302668
forecast_5368,2025-08-12 16:00:00,6627.793205662271,5252.669209903536,3336.7594126317344
forecast_5369,2025-08-12 17:00:00,6620.822530631072,5228.989463435145,2856.0598413687385
forecast_5370,2025-08-12 18:00:00,3191.255955795548,3641.806149427624,3028.2063490711175
forecast_5371,2025-08-12 19:00:00,3497.369245672537,3352.088739872901,3456.1671644331864
forecast_5372,2025-08-12 20:00:00,3361.076325327543,3384.683579324979,3553.304805301196
forecast_5373,2025-08-12 21:00:00,3456.904457143961,3365.1699443253933,3982.562379105107
forecast_5374,2025-08-12 22:00:00,3545.8758342534834,3523.4502272612385,3323.8177090357185
forecast_5375,2025-08-12 23:00:00,3860.1046517466516,3612.3313920392457,3291.4812742772747
forecast_5376,2025-08-13 00:00:00,3952.286511056295,3850.731997743642,3340.571230811863
forecast_5377,2025-08-13 01:00:00,4567.843548023578,4588.267082707525,3715.8121202167777
forecast_5378,2025-08-13 02:00:00,4324.182778391439,4677.078650440087,3769.6792138429028
forecast_5379,2025-08-13 03:00:00,5236.589902637163,5256.895511637251,3577.866618758651
forecast_5380,2025-08-13 04:00:00,4649.433004966976,4885.990711745069,3499.3441904122956
forecast_5381,2025-08-13 05:00:00,5037.839437431163,5284.649213957839,3659.6544222320645
forecast_5382,2025-08-13 06:00:00,6026.910651176969,6605.853823005571,3957.184919093316
forecast_5383,2025-08-13 07:00:00,6479.712214031193,7384.77805786576,4721.175223407012
forecast_5384,2025-08-13 08:00:00,6513.7586925373425,7305.571502670451,4896.7216125275145
forecast_5385,2025-08-13 09:00:00,7111.67082451032,7848.472592095842,5420.7361776726475
forecast_5386,2025-08-13 10:00:00,7631.995091757678,8920.339142810937,6724.345474750812
forecast_5387,2025-08-13 11:00:00,7620.569284621919,8710.933916756432,6684.024491016556
forecast_5388,2025-08-13 12:00:00,6702.799112938855,7693.799350136269,6108.646069649095
forecast_5389,2025-08-13 13:00:00,5859.1341148447145,8219.97039355462,5470.9386269719025
forecast_5390,2025-08-13 14:00:00,6883.927366503986,8063.848428977252,5977.79898079284
forecast_5391,2025-08-13 15:00:00,6845.486231832716,8464.559853288378,6664.7368549950925
forecast_5392,2025-08-13 16:00:00,7482.80739416617,9159.185288929406,7071.402926747024
forecast_5393,2025-08-13 17:00:00,7654.08179936135,9599.551934249303,7814.508590903221
forecast_5394,2025-08-13 18:00:00,8041.151175697503,10687.83986100398,8529.747779623292
forecast_5395,2025-08-13 19:00:00,9654.518774654642,12932.64033660275,10564.256110805745
forecast_5396,2025-08-13 20:00:00,12211.314785322242,16183.427652991735,14584.649014458411
forecast_5397,2025-08-13 21:00:00,14496.76815076039,16634.347018331246,17572.658459738257
forecast_5398,2025-08-13 22:00:00,14570.565317827519,17782.981599799623,17878.43232255389
forecast_5399,2025-08-13 23:00:00,14560.139357749022,17855.774421022532,18041.30844886963
forecast_5400,2025-08-14 00:00:00,14660.610207910882,17847.951759057214,18127.425604142238
forecast_5401,2025-08-14 01:00:00,15627.82466743433,18519.33521446594,18154.23981633271
forecast_5402,2025-08-14 02:00:00,15342.38853459253,18127.47744642801,17988.540495376747
forecast_5403,2025-08-14 03:00:00,15961.660240113904,18070.056371470317,17559.43411660413
forecast_5404,2025-08-14 04:00:00,15588.485510944029,17964.244558735427,16976.03962412391
forecast_5405,2025-08-14 05:00:00,15112.103167317135,18008.90923088419,16070.376519664609
forecast_5406,2025-08-14 06:00:00,14496.242373875786,16908.626987270243,15289.904542120905
forecast_5407,2025-08-14 07:00:00,13763.627523908866,15718.346736319123,14684.002804736576
forecast_5408,2025-08-14 08:00:00,13548.190174399126,16565.43488633373,14187.53565546326
forecast_5409,2025-08-14 09:00:00,13635.334247660116,16230.797555465813,13846.885250190022
forecast_5410,2025-08-14 10:00:00,13463.178126442705,15864.981172551483,12595.664630624544
forecast_5411,2025-08-14 11:00:00,13111.894481710508,14973.084129755396,11670.57649085105
forecast_5412,2025-08-14 12:00:00,12600.096735364923,14425.89497974164,10946.723784562659
forecast_5413,2025-08-14 13:00:00,11844.686523184351,13561.174068905415,10851.449817383582
forecast_5414,2025-08-14 14:00:00,11800.76011040705,13432.85329983329,9626.44728483993
forecast_5415,2025-08-14 15:00:00,11608.07092854552,13576.574277170677,10469.56053421649
forecast_5416,2025-08-14 16:00:00,12227.302717288047,13823.715203767535,11940.907417750308
forecast_5417,2025-08-14 17:00:00,11974.639891148381,13535.938232959483,12077.395772774698
forecast_5418,2025-08-14 18:00:00,11878.278152235343,13491.468135656434,10956.452996149941
forecast_5419,2025-08-14 19:00:00,12158.122481457593,14173.704329495138,10929.948677555836
forecast_5420,2025-08-14 20:00:00,13411.848539479359,14758.272603697253,11774.003190255416
forecast_5421,2025-08-14 21:00:00,13602.429991929943,15533.922824922229,12038.18586517571
forecast_5422,2025-08-14 22:00:00,13962.328480562543,16079.224143841544,12360.10969184059
forecast_5423,2025-08-14 23:00:00,13882.649476839193,15908.497692513563,11649.3574712399
forecast_5424,2025-08-15 00:00:00,13437.317391317361,15927.796892615674,11452.014584805836
forecast_5425,2025-08-15 01:00:00,14003.852439289905,14583.584114608388,10828.3905423763
forecast_5426,2025-08-15 02:00:00,13499.99772716555,13989.249516708918,9842.124816030764
forecast_5427,2025-08-15 03:00:00,12129.469372882566,12261.072262612524,8770.613496611255
forecast_5428,2025-08-15 04:00:00,10926.03789846559,11153.222885450734,7471.042312544961
forecast_5429,2025-08-15 05:00:00,9401.63979695306,9903.94813759301,6287.994430592038
forecast_5430,2025-08-15 06:00:00,8468.996210110196,8713.529093298848,5156.374446858866
forecast_5431,2025-08-15 07:00:00,7828.676626511411,7606.747355763404,4310.111528051403
forecast_5432,2025-08-15 08:00:00,5383.273553347949,5119.486837603064,3752.3073937659483
forecast_5433,2025-08-15 09:00:00,3871.8068158501105,3879.0361162497134,3378.3299782579065
forecast_5434,2025-08-15 10:00:00,3707.459980728105,3743.652654825603,3146.072430547414
forecast_5435,2025-08-15 11:00:00,3795.7405191191374,3887.1365496771878,3515.1099853195874
forecast_5436,2025-08-15 12:00:00,3899.127820912692,4297.422843479562,3160.212554457869
forecast_5437,2025-08-15 13:00:00,3473.790646965298,3082.295594554596,3071.234826164078
forecast_5438,2025-08-15 14:00:00,3210.0475449212786,3541.4705799917374,2893.0549281331464
forecast_5439,2025-08-15 15:00:00,3403.9464791548703,3846.659189743122,3129.9076967726523
forecast_5440,2025-08-15 16:00:00,3162.012294288271,3470.2555181936063,2640.6663329822727
forecast_5441,2025-08-15 17:00:00,3015.909488861059,2993.6375926030214,2814.923885982854
forecast_5442,2025-08-15 18:00:00,2949.4092917524113,3041.385044245086,2263.1652468101324
forecast_5443,2025-08-15 19:00:00,3465.9715236161214,3537.8698400969965,2835.0139138285695
forecast_5444,2025-08-15 20:00:00,3878.8549625552814,3819.8197547730642,3487.8994742032687
forecast_5445,2025-08-15 21:00:00,4049.0344243128525,4033.1190064621646,3457.856120193598
forecast_5446,2025-08-15 22:00:00,5277.086821611109,5402.31284765719,3929.288410456855
forecast_5447,2025-08-15 23:00:00,6513.509827428157,7038.034311861082,4422.9158786865755
forecast_5448,2025-08-16 00:00:00,7583.927048699038,7624.553753750497,4836.390360034745
forecast_5449,2025-08-16 01:00:00,9717.345065664938,10816.991696337274,6936.291205987289
forecast_5450,2025-08-16 02:00:00,9231.204531466237,9983.727535725218,7091.570736116022
forecast_5451,2025-08-16 03:00:00,9387.161188806338,10068.939159170124,6977.1221790527725
forecast_5452,2025-08-16 04:00:00,9715.286041493982,10236.456716594279,7271.85167427816
forecast_5453,2025-08-16 05:00:00,9777.104163522756,10118.967332034175,7252.999108590013
forecast_5454,2025-08-16 06:00:00,9008.029217531031,9686.20195124616,6803.065621581278
forecast_5455,2025-08-16 07:00:00,8472.649308221426,8870.682920957917,6445.810370236091
forecast_5456,2025-08-16 08:00:00,7321.032615460953,7774.630731321474,5971.739816778485
forecast_5457,2025-08-16 09:00:00,6752.71259540698,6909.517997056507,4952.577380547638
forecast_5458,2025-08-16 10:00:00,5611.10799100024,5703.743025499392,4315.036137286446
forecast_5459,2025-08-16 11:00:00,4885.093763064366,4706.757889726467,3823.5822274181223
forecast_5460,2025-08-16 12:00:00,4276.130880509333,4104.995519050326,3814.8612686071183
forecast_5461,2025-08-16 13:00:00,3977.4414835883176,3941.580115678004,4155.35531812033
forecast_5462,2025-08-16 14:00:00,5008.309161613206,4622.327431585614,4832.023026361606
forecast_5463,2025-08-16 15:00:00,6152.743256161686,6112.4754794424325,5881.769797536541
forecast_5464,2025-08-16 16:00:00,6848.382354172865,7047.452046978383,6049.206925850831
forecast_5465,2025-08-16 17:00:00,7824.4480989939475,7365.5850262983295,6362.341069715588
forecast_5466,2025-08-16 18:00:00,8547.59295561951,8780.447745529666,7544.975632187578
forecast_5467,2025-08-16 19:00:00,10367.741017126546,11520.0251661468,9097.100601039452
forecast_5468,2025-08-16 20:00:00,12376.033733612892,13888.390098577676,10892.547886986735
forecast_5469,2025-08-16 21:00:00,14234.262088696236,15478.137972050878,12400.662568870895
forecast_5470,2025-08-16 22:00:00,14802.739619875143,15967.338475020944,14054.622116245644
forecast_5471,2025-08-16 23:00:00,15681.297727169844,17205.17480673993,15445.798406179574
forecast_5472,2025-08-17 00:00:00,16532.978797196494,17529.76095515669,15879.875036812646
forecast_5473,2025-08-17 01:00:00,17475.951019450124,18331.578328438965,17312.28677406989
forecast_5474,2025-08-17 02:00:00,17356.995372305137,18470.17985022059,16943.55779694442
forecast_5475,2025-08-17 03:00:00,17557.25218420208,18397.883199647884,17659.0835292432
forecast_5476,2025-08-17 04:00:00,17892.899853989133,18489.121045711294,17728.929989726672
forecast_5477,2025-08-17 05:00:00,17818.475564192024,18637.665549450045,17414.13691498929
forecast_5478,2025-08-17 06:00:00,16826.98928650149,17921.159088101696,15952.733570031452
forecast_5479,2025-08-17 07:00:00,16085.11795965967,17173.159061583756,15072.299311082748
forecast_5480,2025-08-17 08:00:00,14738.674813353517,16098.833934340382,14277.006950770277
forecast_5481,2025-08-17 09:00:00,12986.41329634047,14814.04993435462,12744.506351322165
forecast_5482,2025-08-17 10:00:00,10926.681301061417,13363.899765457267,9551.92067560079
forecast_5483,2025-08-17 11:00:00,9296.005793074217,10178.698587746456,6928.273489042729
forecast_5484,2025-08-17 12:00:00,7162.8031134030025,7176.460329935374,5500.731215401903
forecast_5485,2025-08-17 13:00:00,5568.192588075194,5659.716271287534,4609.052109651412
forecast_5486,2025-08-17 14:00:00,5357.601029170989,5457.773553700122,4284.172731963956
forecast_5487,2025-08-17 15:00:00,5055.250615756814,4959.49807672399,4108.711827391141
forecast_5488,2025-08-17 16:00:00,5257.283137376723,4942.639000126384,3888.735494490437
forecast_5489,2025-08-17 17:00:00,5202.347063230039,4979.135411349229,3915.675479329805
forecast_5490,2025-08-17 18:00:00,5699.75205865518,5322.243246277715,3863.3267569874256
forecast_5491,2025-08-17 19:00:00,6387.541395068428,6532.026949599654,4148.310061527612
forecast_5492,2025-08-17 20:00:00,7341.95451033305,7384.306901925392,4643.605299209436
forecast_5493,2025-08-17 21:00:00,7897.083565176592,8360.782212258147,4750.250576944462
forecast_5494,2025-08-17 22:00:00,9028.131458207215,9020.969999999144,4486.096708830745
forecast_5495,2025-08-17 23:00:00,9771.353552365605,9663.633896263183,4673.693671083154
forecast_5496,2025-08-18 00:00:00,9880.24025770811,9816.845203289098,4700.333202975794
forecast_5497,2025-08-18 01:00:00,9383.522244007652,10297.344219461109,5689.411026191137
forecast_5498,2025-08-18 02:00:00,9613.395566472384,10110.873556451026,6042.948853476696
forecast_5499,2025-08-18 03:00:00,9783.027883681676,9942.67514783299,6260.028208063497
forecast_5500,2025-08-18 04:00:00,10062.565640504241,10306.021381949746,6676.00972578465
forecast_5501,2025-08-18 05:00:00,10193.858746717857,10671.720491800548,6641.822571399166
forecast_5502,2025-08-18 06:00:00,10123.301499922038,10926.66638371284,6445.91334415287
forecast_5503,2025-08-18 07:00:00,10568.533825234024,11705.143894618357,6314.61441022116
forecast_5504,2025-08-18 08:00:00,10592.77118611849,11056.265981520653,6610.933216899399
forecast_5505,2025-08-18 09:00:00,10146.180488001266,10579.1401826828,7239.184888510636
forecast_5506,2025-08-18 10:00:00,8854.428782281817,10302.943072872471,7289.023983148326
forecast_5507,2025-08-18 11:00:00,7656.185922308156,8867.476529229614,6784.038015162338
forecast_5508,2025-08-18 12:00:00,7030.1765181802375,7753.780580253118,5568.150819863813
forecast_5509,2025-08-18 13:00:00,6285.049204170548,5740.953471040709,4857.742139466542
forecast_5510,2025-08-18 14:00:00,5411.623444837557,5232.2860389026155,4574.047602803116
forecast_5511,2025-08-18 15:00:00,5442.187430990202,5085.128386404238,4554.883226361196
forecast_5512,2025-08-18 16:00:00,5848.961542850582,6383.808931856086,4316.8606513132145
forecast_5513,2025-08-18 17:00:00,7070.010827203401,7353.096486963894,4578.776104163315
forecast_5514,2025-08-18 18:00:00,7482.400322592291,9410.56932658396,4706.022244701648
forecast_5515,2025-08-18 19:00:00,8605.408046682447,9986.980253954333,5519.512511376057
forecast_5516,2025-08-18 20:00:00,10837.829169170678,12368.36239109962,7202.890640937942
forecast_5517,2025-08-18 21:00:00,12959.265472639392,15753.530145786557,10167.897565144302
forecast_5518,2025-08-18 22:00:00,14776.584301391898,16962.607249012643,11997.071270836253
forecast_5519,2025-08-18 23:00:00,15680.443342131062,17061.97674814524,15014.248896385028
forecast_5520,2025-08-19 00:00:00,15041.68885299726,16850.92379766213,14214.566809824351
forecast_5521,2025-08-19 01:00:00,15229.470831100929,17462.16417358077,15844.034557541136
forecast_5522,2025-08-19 02:00:00,15589.376535088233,17994.417223514643,16039.721040795768
forecast_5523,2025-08-19 03:00:00,15306.231208930794,17759.385511335175,16136.404169841231
forecast_5524,2025-08-19 04:00:00,15292.75488812333,18063.168404824664,16304.570929784362
forecast_5525,2025-08-19 05:00:00,15508.614055249507,18033.086673185066,16576.712885199846
forecast_5526,2025-08-19 06:00:00,15481.299137155274,17950.18432302399,16285.02330336181
forecast_5527,2025-08-19 07:00:00,15054.675490043142,17266.1924142098,16413.743795737584
forecast_5528,2025-08-19 08:00:00,15007.197419863309,17278.187406872043,16259.491263657583
forecast_5529,2025-08-19 09:00:00,15290.942946177702,16600.0382477175,16179.119424165778
forecast_5530,2025-08-19 10:00:00,14109.484732122899,14660.75660096589,14873.074760453139
forecast_5531,2025-08-19 11:00:00,10954.517058587819,12220.203783539906,12155.709866279689
forecast_5532,2025-08-19 12:00:00,9692.218628443366,11016.53374185225,10297.641170599552
forecast_5533,2025-08-19 13:00:00,9904.24379286586,10313.592402606362,9387.885546222746
forecast_5534,2025-08-19 14:00:00,8874.07775067786,9878.363296143663,9006.125304581974
forecast_5535,2025-08-19 15:00:00,8671.402311641426,9677.816524577674,9825.274847268453
forecast_5536,2025-08-19 16:00:00,8846.19152250855,8899.600246195278,9181.557670072769
forecast_5537,2025-08-19 17:00:00,8820.187454845023,9485.015964111528,10271.763170676846
forecast_5538,2025-08-19 18:00:00,9757.869493354368,9717.668812161206,10128.240762516018
forecast_5539,2025-08-19 19:00:00,10097.277716032626,11715.217764596655,10977.155546483582
forecast_5540,2025-08-19 20:00:00,11668.091340096888,12929.81493165195,11864.564372018262
forecast_5541,2025-08-19 21:00:00,12602.748608616394,15092.788935704022,14052.745775061852
forecast_5542,2025-08-19 22:00:00,13391.886244098683,16390.266307599384,14950.346874623398
forecast_5543,2025-08-19 23:00:00,15268.904127856373,17769.521670155533,17417.80164154538
forecast_5544,2025-08-20 00:00:00,15613.248611748297,18131.36196792075,17858.847708914644
forecast_5545,2025-08-20 01:00:00,15501.558902978675,18017.52413334547,17772.33833629759
forecast_5546,2025-08-20 02:00:00,15896.113396063864,17996.379013542846,17863.172600507005
forecast_5547,2025-08-20 03:00:00,16631.514652554175,18393.45475619692,18035.711206260312
forecast_5548,2025-08-20 04:00:00,16802.801187651592,18501.410725104346,18190.14793438001
forecast_5549,2025-08-20 05:00:00,16526.34285535879,18256.901537627073,17990.85239606257
forecast_5550,2025-08-20 06:00:00,15627.091845074006,17199.358646061697,16569.132025759725
forecast_5551,2025-08-20 07:00:00,14558.0181025994,15835.952208394161,14875.363428017015
forecast_5552,2025-08-20 08:00:00,12297.524967438927,13406.43619314425,12898.871528317715
forecast_5553,2025-08-20 09:00:00,9624.622668128477,11255.979210337146,10269.33597717085
forecast_5554,2025-08-20 10:00:00,7709.926950590504,8484.704197431942,6970.826317013506
forecast_5555,2025-08-20 11:00:00,6139.881037732072,6486.075485309483,5662.338026892153
forecast_5556,2025-08-20 12:00:00,6143.8808134644105,7217.06000038198,4209.835551772511
forecast_5557,2025-08-20 13:00:00,5796.983839459644,6370.3980548558275,3909.0842840110595
forecast_5558,2025-08-20 14:00:00,4251.03948065151,4265.450855958296,3755.2036013994457
forecast_5559,2025-08-20 15:00:00,4368.7100532802415,4967.187224533954,3724.127119659153
forecast_5560,2025-08-20 16:00:00,5115.746293778499,5642.823225000214,3785.7404093438267
forecast_5561,2025-08-20 17:00:00,4284.00283360582,4450.033935960904,3703.204290478962
forecast_5562,2025-08-20 18:00:00,4967.222454754792,5240.55057955427,3866.647014569471
forecast_5563,2025-08-20 19:00:00,5893.123344446804,6016.419368673995,4456.399387454106
forecast_5564,2025-08-20 20:00:00,6331.440606546078,6699.0376232202025,4745.282799904565
forecast_5565,2025-08-20 21:00:00,7930.181814187523,7725.13402961988,5393.896592215981
forecast_5566,2025-08-20 22:00:00,9089.661649725906,9149.893025922585,6987.0649785426085
forecast_5567,2025-08-20 23:00:00,11277.654454126681,11902.3919690472,9206.716235948954
forecast_5568,2025-08-21 00:00:00,12959.919087403925,12754.763511164387,10444.926413130841
forecast_5569,2025-08-21 01:00:00,13740.090454696407,14140.650812748429,10920.251272008212
forecast_5570,2025-08-21 02:00:00,14346.214519647607,14391.275590189058,11379.822328890383
forecast_5571,2025-08-21 03:00:00,14657.972757902358,14843.36914322561,12190.500585934848
forecast_5572,2025-08-21 04:00:00,14010.396596615978,13779.109524125777,11723.543477405408
forecast_5573,2025-08-21 05:00:00,13349.58523813634,13432.837620045402,9695.181838784292
forecast_5574,2025-08-21 06:00:00,10267.666965836388,10632.57085942578,7381.160641788694
forecast_5575,2025-08-21 07:00:00,7963.994962069802,8178.043465782854,5074.454135893392
forecast_5576,2025-08-21 08:00:00,5878.430766640856,5618.468937818809,4059.9882249460356
forecast_5577,2025-08-21 09:00:00,4647.941716440075,4575.998572056281,3590.8504545467263
forecast_5578,2025-08-21 10:00:00,3779.8346520125356,3877.4475966767004,3260.6498017670647
forecast_5579,2025-08-21 11:00:00,4282.538114777408,3820.80855378981,3306.290834528364
forecast_5580,2025-08-21 12:00:00,5126.373603480325,4422.707661803335,3028.883780944446
forecast_5581,2025-08-21 13:00:00,4256.910382684108,3245.8294823476563,3008.334162102768
forecast_5582,2025-08-21 14:00:00,6430.827851781822,4188.753779823859,934.0768474563192
forecast_5583,2025-08-21 15:00:00,6131.61170079633,4193.12337246286,2141.5158840150825
forecast_5584,2025-08-21 16:00:00,3371.7007252725725,3307.2611776783224,2821.1415433362927
forecast_5585,2025-08-21 17:00:00,2478.598283858374,2681.344012081254,132.72582879041266
forecast_5586,2025-08-21 18:00:00,3514.450185652028,4186.084998624788,1216.1686372814243
forecast_5587,2025-08-21 19:00:00,5537.325550408653,5795.19319976161,3498.1398883817237
forecast_5588,2025-08-21 20:00:00,4011.526674422167,3871.096558721547,3380.753517346549
forecast_5589,2025-08-21 21:00:00,3817.659015216424,3334.3556036322466,3751.7877592271593
forecast_5590,2025-08-21 22:00:00,3749.5143091629748,3570.31820354434,3397.2905034293885
forecast_5591,2025-08-21 23:00:00,3792.006761225157,3633.9681649796416,3236.8433416811476
forecast_5592,2025-08-22 00:00:00,3957.509771328972,3815.531734291639,3126.1366146485757
forecast_5593,2025-08-22 01:00:00,4340.388594525178,3934.5955311952744,3725.0497555238576
forecast_5594,2025-08-22 02:00:00,3958.7905230074607,3855.0509185069063,3582.307406928329
forecast_5595,2025-08-22 03:00:00,4221.387785011718,3995.749255849108,3707.494213860068
forecast_5596,2025-08-22 04:00:00,5308.85749911095,5246.284370052377,3821.5106087977556
forecast_5597,2025-08-22 05:00:00,7352.223494271233,7237.953989557941,4955.03361632513
forecast_5598,2025-08-22 06:00:00,8317.197122693671,8547.263799467552,6185.783184071074
forecast_5599,2025-08-22 07:00:00,8734.62539267528,9075.948030570713,6379.277255305992
forecast_5600,2025-08-22 08:00:00,7650.27201239226,7687.379648681263,5541.300396196931
forecast_5601,2025-08-22 09:00:00,5429.567216347929,5515.268215385008,4173.408251251257
forecast_5602,2025-08-22 10:00:00,3930.9656459914395,3894.158174765825,3737.795188241321
forecast_5603,2025-08-22 11:00:00,3759.237959892477,3643.731503436715,3303.4318923942033
forecast_5604,2025-08-22 12:00:00,3549.3305925956865,3450.558114329608,3322.649568046621
forecast_5605,2025-08-22 13:00:00,3376.3551558926274,3450.9272884097873,3342.518896889112
forecast_5606,2025-08-22 14:00:00,3373.520289882225,3382.2196254235555,3308.019531571624
forecast_5607,2025-08-22 15:00:00,3756.0154224359862,3576.453493997778,3336.9723589556543
forecast_5608,2025-08-22 16:00:00,3907.106017077624,3790.2575575351334,3534.2052130955717
forecast_5609,2025-08-22 17:00:00,4228.061045844653,3992.3834414145444,3758.244228822691
forecast_5610,2025-08-22 18:00:00,5143.569806091328,4981.009608387812,4529.182363420299
forecast_5611,2025-08-22 19:00:00,8430.088328001637,8540.141558999067,5866.270287448842
forecast_5612,2025-08-22 20:00:00,11693.974746302403,11991.180559664788,8079.381981060093
forecast_5613,2025-08-22 21:00:00,14771.56188950711,14784.125187669406,10364.878156616865
forecast_5614,2025-08-22 22:00:00,15390.884737718023,15820.19660840974,12362.421298733925
forecast_5615,2025-08-22 23:00:00,17204.800440738196,17245.80162544305,13822.488842343795
forecast_5616,2025-08-23 00:00:00,17599.284339579386,17598.614688893205,14695.683858170361
forecast_5617,2025-08-23 01:00:00,17135.833297726822,17080.148369263825,14272.247057159111
forecast_5618,2025-08-23 02:00:00,17097.719434211947,16947.44081323413,13437.443881815607
forecast_5619,2025-08-23 03:00:00,16657.635117801856,16680.003561401503,12352.98660554512
forecast_5620,2025-08-23 04:00:00,15542.389931974456,15522.96307581898,11366.875053950147
forecast_5621,2025-08-23 05:00:00,13026.568329920132,13590.629587827609,9783.065507010564
forecast_5622,2025-08-23 06:00:00,9918.085701675916,9973.874987651192,7613.857096353941
forecast_5623,2025-08-23 07:00:00,7029.297767389229,6735.364898329939,5162.104174308914
forecast_5624,2025-08-23 08:00:00,4335.278599417296,4220.007342215863,3866.4409984505296
forecast_5625,2025-08-23 09:00:00,3738.9940483819796,3666.5330723495017,3130.6656702591677
forecast_5626,2025-08-23 10:00:00,3528.727303089568,3656.937251289686,3091.912868777109
forecast_5627,2025-08-23 11:00:00,3920.4261664600895,3998.674825485994,2157.748761459028
forecast_5628,2025-08-23 12:00:00,3121.767180036828,2539.9889874026585,954.4486774619998
forecast_5629,2025-08-23 13:00:00,2975.723647010292,1537.1827117836754,873.7710690327635
forecast_5630,2025-08-23 14:00:00,3001.628531563513,3581.530425928489,787.2921719552263
forecast_5631,2025-08-23 15:00:00,1923.7559804829766,2629.610619838342,130.95298561358405
forecast_5632,2025-08-23 16:00:00,1967.2873603469113,241.51394881542606,149.45290840480286
forecast_5633,2025-08-23 17:00:00,3061.11682703041,3420.3375078071726,203.65832870388837
forecast_5634,2025-08-23 18:00:00,3557.9374637235915,3998.874296371544,2513.5552506859904
forecast_5635,2025-08-23 19:00:00,3948.483959784005,4520.607130736142,3940.4788249578496
forecast_5636,2025-08-23 20:00:00,3282.939330039713,3422.085522866182,3633.3593041833215
forecast_5637,2025-08-23 21:00:00,3625.412228641346,3535.506902311364,3393.0409863128257
forecast_5638,2025-08-23 22:00:00,3685.3233860843,3428.2761185157474,3285.2079944822094
forecast_5639,2025-08-23 23:00:00,3708.4279651169295,3640.8767019603297,3407.5572136707497
forecast_5640,2025-08-24 00:00:00,3819.623624988098,3601.2166178932866,3345.7322216705375
forecast_5641,2025-08-24 01:00:00,3686.8114538341,3815.7648552486644,3565.609431419633
forecast_5642,2025-08-24 02:00:00,3741.945254871518,3764.1101852351776,3459.896156670629
forecast_5643,2025-08-24 03:00:00,3789.563427557855,3804.6954744191817,3435.921016033763
forecast_5644,2025-08-24 04:00:00,3824.0777274186507,3835.926401109381,3190.490481931842
forecast_5645,2025-08-24 05:00:00,3433.767735780431,3620.373745384289,2742.6048985065104
forecast_5646,2025-08-24 06:00:00,2712.001099230026,3223.3660669326355,3121.3358776274667
forecast_5647,2025-08-24 07:00:00,3414.317820887494,4221.931141019119,799.6678706132806
forecast_5648,2025-08-24 08:00:00,3272.5934251067956,3729.595916870102,52.93039766858143
forecast_5649,2025-08-24 09:00:00,3811.1836510946036,3921.8127254212677,46.9809642189749
forecast_5650,2025-08-24 10:00:00,3774.32749323667,3777.6821628302546,47.8886461234077
forecast_5651,2025-08-24 11:00:00,3981.5518815927944,3713.586516866551,3203.0560655175086
forecast_5652,2025-08-24 12:00:00,3866.033242937056,3293.431911991535,3116.514317701325
forecast_5653,2025-08-24 13:00:00,4157.567915490555,3457.506889905791,2766.3152034560703
forecast_5654,2025-08-24 14:00:00,3509.0989178539835,3377.0428528879593,2984.452651979246
forecast_5655,2025-08-24 15:00:00,2990.915114115621,3078.727105000053,2812.569369560008
forecast_5656,2025-08-24 16:00:00,3824.7129337777938,3748.1674493545393,3209.1519369199987
forecast_5657,2025-08-24 17:00:00,3808.5514115470373,3697.6372049232596,3695.362388859117
forecast_5658,2025-08-24 18:00:00,3953.720614631084,4233.993345543193,3488.2867005084195
forecast_5659,2025-08-24 19:00:00,3859.3455590770327,3781.8216818512115,3595.0524918991096
forecast_5660,2025-08-24 20:00:00,4016.7468317033067,3669.944541975754,3458.710532389453
forecast_5661,2025-08-24 21:00:00,3758.090703558667,3921.8255963490174,3451.623338060858
forecast_5662,2025-08-24 22:00:00,3821.537353841754,3583.526728349431,3256.8246586607597
forecast_5663,2025-08-24 23:00:00,3839.8866787112956,3814.6023150799897,3080.414785906948
forecast_5664,2025-08-25 00:00:00,3657.1270115929437,3696.5718194719893,3078.0137778485446
forecast_5665,2025-08-25 01:00:00,3905.8672497137372,3843.520297510796,3514.786448728367
forecast_5666,2025-08-25 02:00:00,3736.1487810608905,3681.574431517858,3747.6497940805157
forecast_5667,2025-08-25 03:00:00,3733.457471263581,3604.887508446668,3622.0832513417467
forecast_5668,2025-08-25 04:00:00,3745.2335656238197,3693.8210021471473,3401.5882457580738
forecast_5669,2025-08-25 05:00:00,4118.700558924239,4044.3012149860037,3359.439217611859
forecast_5670,2025-08-25 06:00:00,3895.0043321177027,4014.229781935169,3554.159805629422
forecast_5671,2025-08-25 07:00:00,3819.472584676095,3790.534368171739,3632.250317853092
forecast_5672,2025-08-25 08:00:00,4025.317048989556,4085.903006524919,3428.957223541349
forecast_5673,2025-08-25 09:00:00,3653.279465748574,3640.673333457979,3345.2516166127016
forecast_5674,2025-08-25 10:00:00,3830.540514227339,3433.0180119738575,3079.170585410715
forecast_5675,2025-08-25 11:00:00,3639.7309076751835,3228.682935876309,3703.5467661074695
forecast_5676,2025-08-25 12:00:00,3582.9239269141385,3318.2049140463923,3124.1988096590294
forecast_5677,2025-08-25 13:00:00,3297.0016492473687,3088.0176674169998,2845.5920296687723
forecast_5678,2025-08-25 14:00:00,3324.5502911155445,3314.8695423208255,3078.0254963158272
forecast_5679,2025-08-25 15:00:00,3127.866347190073,3342.695594675101,3163.1933865548012
forecast_5680,2025-08-25 16:00:00,3543.78509506922,3479.9918636509296,3253.6203262088134
forecast_5681,2025-08-25 17:00:00,3776.71445620391,3863.272891934611,3634.75116392476
forecast_5682,2025-08-25 18:00:00,4274.3633110222245,4661.23321444985,3827.3757324054623
forecast_5683,2025-08-25 19:00:00,6317.694148919919,7165.970935277525,5334.355813909409
forecast_5684,2025-08-25 20:00:00,9105.686625355678,9424.991966424375,7521.885504160278
forecast_5685,2025-08-25 21:00:00,9764.51939377974,10876.604968288548,8952.392286513956
forecast_5686,2025-08-25 22:00:00,9744.722659327605,11063.820379074774,9741.847481496055
forecast_5687,2025-08-25 23:00:00,10076.38903588877,11452.538272694985,11282.71453555197
forecast_5688,2025-08-26 00:00:00,10377.28752523943,12325.55329465622,11441.873687681129
forecast_5689,2025-08-26 01:00:00,12194.919964575289,15370.46961823386,12960.223765853292
forecast_5690,2025-08-26 02:00:00,12743.917263863119,16308.507592145204,14488.564926284209
forecast_5691,2025-08-26 03:00:00,13444.499454239229,17010.775558012618,14863.011803239486
forecast_5692,2025-08-26 04:00:00,13749.138416636206,17250.668391681967,15104.739775851265
forecast_5693,2025-08-26 05:00:00,13721.836182612971,16766.83878351772,15527.880740765357
forecast_5694,2025-08-26 06:00:00,13636.27683497087,17179.975978186427,15391.720154585695
forecast_5695,2025-08-26 07:00:00,13482.283873490662,16876.78527223618,14628.160229667455
forecast_5696,2025-08-26 08:00:00,12845.690055580584,16327.801895555353,14111.711254724063
forecast_5697,2025-08-26 09:00:00,12570.181568394415,15755.330790012045,13444.345939250567
forecast_5698,2025-08-26 10:00:00,12578.230866903892,15448.430917299262,13175.639358935778
forecast_5699,2025-08-26 11:00:00,12262.050001094925,15652.812800881547,13085.030243384756
forecast_5700,2025-08-26 12:00:00,12089.123772266354,14699.828576658854,13367.66986932393
forecast_5701,2025-08-26 13:00:00,12961.623247050034,15676.278685377281,14303.184253143318
forecast_5702,2025-08-26 14:00:00,12939.962731982343,15911.836787001612,14384.489666040503
forecast_5703,2025-08-26 15:00:00,13179.86665714596,15253.75663376442,13510.244242581546
forecast_5704,2025-08-26 16:00:00,12424.741564599997,13843.89513717206,11706.998371771082
forecast_5705,2025-08-26 17:00:00,11993.805932772766,13193.768301617914,10919.224581063645
forecast_5706,2025-08-26 18:00:00,11558.976189750003,12631.786956908543,9845.6197397174
forecast_5707,2025-08-26 19:00:00,11441.437641049879,12330.968986192482,9033.893590856738
forecast_5708,2025-08-26 20:00:00,11493.301644649931,12294.41950821115,8643.558270982176
forecast_5709,2025-08-26 21:00:00,13121.478253073225,13950.331311289368,9283.525316052497
forecast_5710,2025-08-26 22:00:00,14116.258793960811,14272.955939372094,8806.90057746129
forecast_5711,2025-08-26 23:00:00,14261.45426633115,14394.053873964342,7797.738452615746
forecast_5712,2025-08-27 00:00:00,14033.508113339798,14091.63854686105,7712.80905660273
forecast_5713,2025-08-27 01:00:00,11000.149799921961,11608.704915295353,6279.789643669332
forecast_5714,2025-08-27 02:00:00,9829.882423456927,10690.596589087214,5490.571032202583
forecast_5715,2025-08-27 03:00:00,7447.875011384475,7378.514391437008,4271.730856799396
forecast_5716,2025-08-27 04:00:00,4619.552922665259,4565.778547059373,3581.5868424809046
forecast_5717,2025-08-27 05:00:00,3769.8530932962235,3621.1161525865878,3260.8963832289896
forecast_5718,2025-08-27 06:00:00,3334.04541490724,3470.0312254969226,3014.7790326540053
forecast_5719,2025-08-27 07:00:00,3579.9118377572627,3078.922989173848,2523.754916994029
forecast_5720,2025-08-27 08:00:00,3542.8938622948644,3143.3390269491088,3095.34569443304
forecast_5721,2025-08-27 09:00:00,1973.6189648340214,2395.369179485469,32.42100601613426
forecast_5722,2025-08-27 10:00:00,3829.2666893607106,3193.900827077064,27.543217284529323
forecast_5723,2025-08-27 11:00:00,3127.384932911789,2216.9060151846206,45.863368511337185
forecast_5724,2025-08-27 12:00:00,83.54053615151086,92.83966238332103,102.85782105147452
forecast_5725,2025-08-27 13:00:00,3026.056188999413,3166.3472084395817,1753.3528016514917
forecast_5726,2025-08-27 14:00:00,2295.4921399097266,2951.1348635355953,2330.4373119319002
forecast_5727,2025-08-27 15:00:00,1419.665732403555,2501.530844997226,2420.6401093274444
forecast_5728,2025-08-27 16:00:00,3633.316929379266,3947.6904218522527,2749.608093670555
forecast_5729,2025-08-27 17:00:00,3304.4030301780854,4466.825801434426,2749.8047520435434
forecast_5730,2025-08-27 18:00:00,4585.436130568904,4130.840727162421,1931.3371713043628
forecast_5731,2025-08-27 19:00:00,3870.0430903920633,4095.5407604692127,283.0543414843505
forecast_5732,2025-08-27 20:00:00,3143.8833942822007,3788.3085995909705,300.8612819563123
forecast_5733,2025-08-27 21:00:00,3245.049110711098,3224.3742310992507,280.29039750408776
forecast_5734,2025-08-27 22:00:00,3343.7170090501404,3413.6832749437162,240.00682549786245
forecast_5735,2025-08-27 23:00:00,3325.3262888127056,3337.337228581696,1909.9478074745873
forecast_5736,2025-08-28 00:00:00,3302.814634949809,3368.0679096128256,1861.791626001005
forecast_5737,2025-08-28 01:00:00,3531.0971285554474,3570.613103740797,2399.291327615147
forecast_5738,2025-08-28 02:00:00,3527.3994039151166,3432.8183208683836,2748.9460306585434
forecast_5739,2025-08-28 03:00:00,3875.7114645706024,3562.9925303831133,3144.4908473974847
forecast_5740,2025-08-28 04:00:00,3992.0059812425075,3816.7660388049185,3632.122870405758
forecast_5741,2025-08-28 05:00:00,4317.471036066726,4128.379158039713,3449.2007351661878
forecast_5742,2025-08-28 06:00:00,4527.454854360632,4243.388118437796,3209.0621016170926
forecast_5743,2025-08-28 07:00:00,3945.2081597853085,3769.731418718432,2870.9377601047454
forecast_5744,2025-08-28 08:00:00,3905.488190394526,3881.6312572248635,3026.4462263476394
forecast_5745,2025-08-28 09:00:00,3773.472889263469,3658.3736574116288,3009.0788686541387
forecast_5746,2025-08-28 10:00:00,3277.2091280217624,3439.7474554744795,3262.1272074445023
forecast_5747,2025-08-28 11:00:00,3098.0434087899994,3106.9861498156183,2843.8433965533823
forecast_5748,2025-08-28 12:00:00,3461.160791853938,3416.8544625998475,3138.550711518003
forecast_5749,2025-08-28 13:00:00,3309.3043378141465,3685.8519479786833,3239.0101069098173
forecast_5750,2025-08-28 14:00:00,3653.275842437678,3566.731710366746,3186.342422555023
forecast_5751,2025-08-28 15:00:00,3756.2940102461394,3701.8170840065654,3337.3908222466057
forecast_5752,2025-08-28 16:00:00,4036.883517798745,3822.703851965748,3727.512852388945
forecast_5753,2025-08-28 17:00:00,3871.9387873517044,3944.4923471039992,3618.8433306140173
forecast_5754,2025-08-28 18:00:00,4089.3505316166716,4355.683254132253,3675.9194655411775
forecast_5755,2025-08-28 19:00:00,4949.182941769567,5223.047013151228,3888.9120160945986
forecast_5756,2025-08-28 20:00:00,6769.117584805076,7217.013183135629,5218.683377796986
forecast_5757,2025-08-28 21:00:00,8116.910495139033,9271.809195953476,6994.863727224926
forecast_5758,2025-08-28 22:00:00,10253.545626401385,11343.715826270094,9370.28353987389
forecast_5759,2025-08-28 23:00:00,11334.33897401293,13194.294138392548,11122.736597551728
forecast_5760,2025-08-29 00:00:00,11803.331466924019,14637.842741211205,12208.388176103363
forecast_5761,2025-08-29 01:00:00,15073.671800903541,17706.477209567875,16487.939639050404
forecast_5762,2025-08-29 02:00:00,15116.638873406802,17816.4306821052,16715.96806693803
forecast_5763,2025-08-29 03:00:00,15457.297946598961,18020.296078413685,17004.80550576763
forecast_5764,2025-08-29 04:00:00,15481.069166260504,18149.892134559177,17283.738545005748
forecast_5765,2025-08-29 05:00:00,15766.593276790623,18090.437221445525,17679.87647574192
forecast_5766,2025-08-29 06:00:00,16426.494561017298,18355.51082790529,17889.80317516326
forecast_5767,2025-08-29 07:00:00,16549.01623794706,18586.223109050676,18087.863118919246
forecast_5768,2025-08-29 08:00:00,16034.6114564615,18408.24343554033,18072.114612532197
forecast_5769,2025-08-29 09:00:00,15299.721100059156,17709.812135582775,17763.115626054023
forecast_5770,2025-08-29 10:00:00,15285.36000204984,16919.064543734898,17083.44910285922
forecast_5771,2025-08-29 11:00:00,14421.051473077914,15897.157796260277,15818.015191489789
forecast_5772,2025-08-29 12:00:00,13347.124786216087,14693.39694203401,14388.490769867885
forecast_5773,2025-08-29 13:00:00,12469.053851644167,13430.076498284656,12160.488736841806
forecast_5774,2025-08-29 14:00:00,11242.580968688648,12427.35113943299,11738.739536280618
forecast_5775,2025-08-29 15:00:00,11003.762919252895,11949.25358406824,11143.848639480235
forecast_5776,2025-08-29 16:00:00,10432.786469736737,11045.65218935277,10488.1303245087
forecast_5777,2025-08-29 17:00:00,9615.67314357171,10112.866146544968,10558.726276354893
forecast_5778,2025-08-29 18:00:00,9619.397340739344,9967.967904294841,9941.41133414273
forecast_5779,2025-08-29 19:00:00,10801.034594504052,11490.16340883691,11190.50916887649
forecast_5780,2025-08-29 20:00:00,13054.32805842177,14727.402600687781,12115.378548306791
forecast_5781,2025-08-29 21:00:00,15385.197046207259,16586.430924199532,12299.603471386994
forecast_5782,2025-08-29 22:00:00,16407.058815589888,17614.072581783013,12843.525375342315
forecast_5783,2025-08-29 23:00:00,17165.428672193637,18288.42457947959,12839.062811344616
forecast_5784,2025-08-30 00:00:00,16985.263741491817,18314.742343915197,12847.073100292007
forecast_5785,2025-08-30 01:00:00,15320.389979777556,16806.497596935587,13699.873775991096
forecast_5786,2025-08-30 02:00:00,16349.688056373498,16759.665744314138,11887.698680319281
forecast_5787,2025-08-30 03:00:00,15761.878070094397,15664.050350572197,9269.01480623987
forecast_5788,2025-08-30 04:00:00,14978.219636726597,15101.815355386721,7897.055135931129
forecast_5789,2025-08-30 05:00:00,12933.444613382197,13596.971292086122,7180.060238221458
forecast_5790,2025-08-30 06:00:00,11410.700191256905,12472.544215262436,6937.367080392982
forecast_5791,2025-08-30 07:00:00,10606.03572947981,10661.372213680728,6433.853655232368
forecast_5792,2025-08-30 08:00:00,8721.573429941198,8544.123752312165,5041.567662164862
forecast_5793,2025-08-30 09:00:00,6194.337560035102,6031.843717902032,4025.1951697957043
forecast_5794,2025-08-30 10:00:00,3892.983324055437,3774.8261369386814,3443.1199050782056
forecast_5795,2025-08-30 11:00:00,3842.645301095236,3638.869935465788,3291.5883100980254
forecast_5796,2025-08-30 12:00:00,3616.722665571307,3428.1103785879905,3245.184124770749
forecast_5797,2025-08-30 13:00:00,3255.1247282643103,3234.079134947742,3267.568646772039
forecast_5798,2025-08-30 14:00:00,3623.716594883183,2982.4144615784667,3231.517192033985
forecast_5799,2025-08-30 15:00:00,3820.213904771079,3433.125028046012,3306.771798091211
forecast_5800,2025-08-30 16:00:00,3643.332004180525,3552.689311684153,3309.3740635134996
forecast_5801,2025-08-30 17:00:00,3729.5966805827975,3631.53889374029,3611.5230032474888
forecast_5802,2025-08-30 18:00:00,3605.3690956513956,3536.469387041075,3643.808987218336
forecast_5803,2025-08-30 19:00:00,3878.1599482473507,3734.7319889081036,3404.3484331846616
forecast_5804,2025-08-30 20:00:00,4201.259990404762,4036.384848184148,3558.735727897799
forecast_5805,2025-08-30 21:00:00,4473.086068325168,4032.9915240940404,3537.6077440542294
forecast_5806,2025-08-30 22:00:00,5088.211653293179,5134.665224988346,3735.744826714192
forecast_5807,2025-08-30 23:00:00,5463.751303265588,5348.439788597675,3895.5855031974716
forecast_5808,2025-08-31 00:00:00,5357.703770655703,5137.894679515287,3890.965008817791
forecast_5809,2025-08-31 01:00:00,5197.545048379264,5597.928388896008,3838.415596258187
forecast_5810,2025-08-31 02:00:00,5403.8569670314655,6231.87397187952,3808.9048066474998
forecast_5811,2025-08-31 03:00:00,5883.663940167695,6286.892628309519,3794.776034195362
forecast_5812,2025-08-31 04:00:00,5911.9489409025455,5899.311023942725,3747.960834259736
forecast_5813,2025-08-31 05:00:00,5013.169605406237,4987.8167020217525,3731.1421477081503
forecast_5814,2025-08-31 06:00:00,4005.58602037882,3938.957191719131,3283.9249301872774
forecast_5815,2025-08-31 07:00:00,3831.568986255957,3800.386921264709,3320.235567416572
forecast_5816,2025-08-31 08:00:00,3456.683828593312,3474.6941365391926,3066.556331090032
forecast_5817,2025-08-31 09:00:00,3478.2360958567992,3412.142360493851,2539.214959904214
forecast_5818,2025-08-31 10:00:00,3231.7922478773935,2988.5779157492657,2350.1741699667086
forecast_5819,2025-08-31 11:00:00,3563.95952882742,3470.210049095919,3882.219768757174
forecast_5820,2025-08-31 12:00:00,3529.9551373031527,3259.950934144372,3601.6739534935837
forecast_5821,2025-08-31 13:00:00,2907.0255392477675,3185.993819698079,3064.7661313178623
forecast_5822,2025-08-31 14:00:00,3306.996112172061,3561.25196779773,3048.1443333402435
forecast_5823,2025-08-31 15:00:00,3660.286559511203,4055.637456970312,3335.7598374794425
forecast_5824,2025-08-31 16:00:00,4177.699592236729,4855.974232796779,3615.781582928588
forecast_5825,2025-08-31 17:00:00,4308.0278666688655,5285.646581732011,3858.8830384952007
forecast_5826,2025-08-31 18:00:00,6141.741710296566,7104.60089719997,4485.390735611766
forecast_5827,2025-08-31 19:00:00,7082.769539368409,8811.111444614013,5083.792571151487
forecast_5828,2025-08-31 20:00:00,9480.371789103081,10854.017685059656,5854.051653301883
forecast_5829,2025-08-31 21:00:00,9871.290274930676,11379.606879509043,7172.691161298616
forecast_5830,2025-08-31 22:00:00,9595.259186184521,10870.873211664479,7537.563982760251
forecast_5831,2025-08-31 23:00:00,8872.32725265706,11225.980455732788,7664.56533526994
forecast_5832,2025-09-01 00:00:00,9107.447304055035,11052.440971071515,7764.660778408942
forecast_5833,2025-09-01 01:00:00,12262.768802251141,13905.036371992162,9108.85025982731
forecast_5834,2025-09-01 02:00:00,12283.161051336012,13589.438695001258,9554.030612195056
forecast_5835,2025-09-01 03:00:00,11883.445722256472,13748.307934739607,10732.219145152369
forecast_5836,2025-09-01 04:00:00,11932.349563885427,13964.914826746339,11878.591879816378
forecast_5837,2025-09-01 05:00:00,12375.129344607196,14607.133083148101,12445.57124692869
forecast_5838,2025-09-01 06:00:00,12409.755391221302,14592.705157041653,12005.962937338016
forecast_5839,2025-09-01 07:00:00,11736.405383995103,13472.388326310172,10215.198187385835
forecast_5840,2025-09-01 08:00:00,9688.16279963204,12599.00762409905,9370.009471855952
forecast_5841,2025-09-01 09:00:00,7925.84499387005,10722.264405287036,8117.944670665872
forecast_5842,2025-09-01 10:00:00,7328.405174599107,9353.734104197052,7477.401527157842
forecast_5843,2025-09-01 11:00:00,6615.907004133548,7915.268898580365,6960.539225975405
forecast_5844,2025-09-01 12:00:00,6547.929111545968,7671.3697272735235,6167.928132820206
forecast_5845,2025-09-01 13:00:00,7300.987684214911,7583.807793293633,5788.51880986806
forecast_5846,2025-09-01 14:00:00,7647.420253876506,8142.561347742345,6076.703255703143
forecast_5847,2025-09-01 15:00:00,8450.692362797796,9439.615785494834,6708.934522384283
forecast_5848,2025-09-01 16:00:00,8135.659254246731,10126.673824991427,7057.009406945329
forecast_5849,2025-09-01 17:00:00,8244.793776102328,10170.956181397427,7397.897136892658
forecast_5850,2025-09-01 18:00:00,8505.468238313533,9986.09120241694,6926.129544123475
forecast_5851,2025-09-01 19:00:00,9246.514480469496,10354.49780002976,7496.7123898669315
forecast_5852,2025-09-01 20:00:00,9267.435795788891,10328.611978203779,7308.602331285028
forecast_5853,2025-09-01 21:00:00,9670.28477055582,10638.016507931236,6936.222594946594
forecast_5854,2025-09-01 22:00:00,10668.32320796203,11880.394270533008,7804.455676611514
forecast_5855,2025-09-01 23:00:00,11352.907232168845,13652.416221978234,7699.759612824129
forecast_5856,2025-09-02 00:00:00,11842.698055439687,14173.756187470137,7505.221612217925
forecast_5857,2025-09-02 01:00:00,9839.014205830288,12145.61363343789,9064.09940346504
forecast_5858,2025-09-02 02:00:00,9978.439626145166,12171.622610621851,8858.601087643696
forecast_5859,2025-09-02 03:00:00,9793.231894566661,11643.80952566279,8220.081690736495
forecast_5860,2025-09-02 04:00:00,10303.302099434492,11060.454952812905,7522.2838967751995
forecast_5861,2025-09-02 05:00:00,9724.952752075473,10537.167766039733,6796.931221313228
forecast_5862,2025-09-02 06:00:00,9512.746326176237,9907.746716686483,6369.909511523479
forecast_5863,2025-09-02 07:00:00,8460.439282585745,9361.539301523882,5691.009335675231
forecast_5864,2025-09-02 08:00:00,7333.700495311391,7543.733751315012,5167.105754028534
forecast_5865,2025-09-02 09:00:00,6095.4282025313,6155.052742054641,4090.4433136861426
forecast_5866,2025-09-02 10:00:00,4239.391130936606,4260.916143200096,3662.017456372864
forecast_5867,2025-09-02 11:00:00,3728.379016859066,3752.2245510839653,3323.2781476684977
forecast_5868,2025-09-02 12:00:00,3586.791314476936,3651.4282257839877,3342.166209988498
forecast_5869,2025-09-02 13:00:00,3459.896286855574,3270.049983508778,3032.7230649638473
forecast_5870,2025-09-02 14:00:00,2946.070224669148,2677.3964002156554,2245.0397579035907
forecast_5871,2025-09-02 15:00:00,2523.5574561843755,2587.610353543166,2225.718960586658
forecast_5872,2025-09-02 16:00:00,3292.805528181553,3813.2149478824617,3339.5593617041914
forecast_5873,2025-09-02 17:00:00,4001.268279636402,4680.879129891906,883.0371565523953
forecast_5874,2025-09-02 18:00:00,3682.0807982252763,3888.542636340447,1088.3746131030282
forecast_5875,2025-09-02 19:00:00,3706.075363206847,3935.582514566708,1319.324713910298
forecast_5876,2025-09-02 20:00:00,4672.572819443055,4799.933807877206,3506.5969355372636
forecast_5877,2025-09-02 21:00:00,4508.409919193345,4839.071300548773,3433.8873853324317
forecast_5878,2025-09-02 22:00:00,5161.043574904595,4994.939828000457,3594.0916377734234
forecast_5879,2025-09-02 23:00:00,4299.047974940982,4263.609530981267,3677.0482084424293
forecast_5880,2025-09-03 00:00:00,3811.821105497282,3742.2221476521754,3141.059588401481
forecast_5881,2025-09-03 01:00:00,4593.649406822105,4429.343257497707,3772.421364693032
forecast_5882,2025-09-03 02:00:00,3680.2942880419296,4005.7613452662713,3820.036812584633
forecast_5883,2025-09-03 03:00:00,3053.653670354704,3359.90768920705,3769.404827854613
forecast_5884,2025-09-03 04:00:00,3988.3362646799096,5507.390458014885,4363.758573132381
forecast_5885,2025-09-03 05:00:00,3630.440901002931,3900.322260928545,3605.2685113343873
forecast_5886,2025-09-03 06:00:00,3634.3384164690524,5283.8819506964255,3.611834218278496
forecast_5887,2025-09-03 07:00:00,2823.3038946787187,3435.235220153362,1048.6097013488984
forecast_5888,2025-09-03 08:00:00,2716.273941592857,3306.878995019599,5.123586295035522
forecast_5889,2025-09-03 09:00:00,3523.105962489796,3517.794674471999,7.282892936188006
forecast_5890,2025-09-03 10:00:00,1971.9278001471926,1706.8663323139122,15.43136382399777
forecast_5891,2025-09-03 11:00:00,104.07960956991896,1094.2152404175445,73.09937492847187
forecast_5892,2025-09-03 12:00:00,1166.2676775967402,172.70132156043434,139.26651981293577
forecast_5893,2025-09-03 13:00:00,4329.561586381787,2276.3932918932974,226.85951343422445
forecast_5894,2025-09-03 14:00:00,3663.68906081968,2227.713804580602,1195.634487323661
forecast_5895,2025-09-03 15:00:00,3768.664007461294,2337.5822338422236,1902.198994253163
forecast_5896,2025-09-03 16:00:00,3748.4273935712595,2451.4727648120966,211.91483290740518
forecast_5897,2025-09-03 17:00:00,3215.7244615522745,2173.89344127317,137.18235192953514
forecast_5898,2025-09-03 18:00:00,2955.02591749932,1941.2219937807251,84.53691459636865
forecast_5899,2025-09-03 19:00:00,3012.181603418634,1250.5264009650487,75.99800031393963
forecast_5900,2025-09-03 20:00:00,2848.7678568157285,1368.7182563347085,2282.4745311898882
forecast_5901,2025-09-03 21:00:00,3255.9693974255256,2546.9867297154683,123.59745724973271
forecast_5902,2025-09-03 22:00:00,3013.9084976643862,3824.419782464016,2368.2742392501295
forecast_5903,2025-09-03 23:00:00,3617.919475757927,3880.146630904541,4379.05923914139
forecast_5904,2025-09-04 00:00:00,4467.102483946316,3490.6982037806883,3892.18287939499
forecast_5905,2025-09-04 01:00:00,2867.577753711132,3020.8071441260818,1486.7752413659773
forecast_5906,2025-09-04 02:00:00,3191.740294530696,3155.071562713172,282.275344196608
forecast_5907,2025-09-04 03:00:00,3105.5729642949536,2892.473186367888,230.1819681265602
forecast_5908,2025-09-04 04:00:00,2970.9923856984233,3116.263252298727,177.42833019680126
forecast_5909,2025-09-04 05:00:00,2919.4484626001486,3060.810059545979,189.26931378060945
forecast_5910,2025-09-04 06:00:00,2906.3628790860753,2814.806172908156,256.23079889777375
forecast_5911,2025-09-04 07:00:00,2867.304404535565,2707.401763977807,2847.2584397668165
forecast_5912,2025-09-04 08:00:00,3471.5923794707564,3580.190928705378,2586.050382201948
forecast_5913,2025-09-04 09:00:00,3381.558371638089,3591.4914848950957,2887.7153953539605
forecast_5914,2025-09-04 10:00:00,3305.0674055247573,3585.6621233452242,2972.263374290472
forecast_5915,2025-09-04 11:00:00,3196.1287639947764,3373.866831961098,3466.709021518009
forecast_5916,2025-09-04 12:00:00,2840.281132993159,3466.8082942724423,3537.6426639867395
forecast_5917,2025-09-04 13:00:00,3361.726726705076,3538.6161329023043,2928.7038256187548
forecast_5918,2025-09-04 14:00:00,3247.139792052293,3650.376261118527,3181.9483347747755
forecast_5919,2025-09-04 15:00:00,3124.1067709404833,3619.4660835281643,3218.408018727909
forecast_5920,2025-09-04 16:00:00,2782.20457301628,3554.3028717051225,3170.8085888214187
forecast_5921,2025-09-04 17:00:00,3100.781841459769,3397.3304297863488,3187.754041674559
forecast_5922,2025-09-04 18:00:00,3358.1925291567923,3433.403497539471,3327.094165671421
forecast_5923,2025-09-04 19:00:00,3050.480013322057,3530.4593258493064,3236.0576653923076
forecast_5924,2025-09-04 20:00:00,3173.2008924915945,3418.6434330363722,3446.979694295957
forecast_5925,2025-09-04 21:00:00,2934.7276910566256,3391.1520515072602,3264.895205289773
forecast_5926,2025-09-04 22:00:00,3207.1204618739416,3281.0486711166145,3496.0729632189014
forecast_5927,2025-09-04 23:00:00,3173.9723561239357,3339.366538988185,3398.8527191598814
forecast_5928,2025-09-05 00:00:00,3411.3358540565655,3393.110525481601,3210.27215292714
forecast_5929,2025-09-05 01:00:00,3754.4891438425793,3312.7613481522844,3192.812587179184
forecast_5930,2025-09-05 02:00:00,3493.3274367893637,3529.5571824262374,3417.595619553655
forecast_5931,2025-09-05 03:00:00,3733.5861165862357,3558.4029201823205,3219.115369650001
forecast_5932,2025-09-05 04:00:00,3262.502912876604,3536.7172557629297,3172.266392271057
forecast_5933,2025-09-05 05:00:00,3493.859011105035,3602.5839024197003,3281.953978471198
forecast_5934,2025-09-05 06:00:00,3590.0287841847266,3745.9870967385255,2885.7752347967153
forecast_5935,2025-09-05 07:00:00,3347.413716220681,3887.858627341932,2821.300953229116
forecast_5936,2025-09-05 08:00:00,3241.929151165902,3784.3458469826533,2686.0638658379016
forecast_5937,2025-09-05 09:00:00,3522.900636996143,3652.1595183435793,2683.025917193193
forecast_5938,2025-09-05 10:00:00,3176.3547810824084,3470.786213942293,2666.5024838537297
forecast_5939,2025-09-05 11:00:00,3690.6042695111378,3261.8810102553234,137.15764645569854
forecast_5940,2025-09-05 12:00:00,72.19140228581212,81.09164303249804,63.81850656425015
forecast_5941,2025-09-05 13:00:00,20.011317549698138,23.434056390129687,14.138304579636394
forecast_5942,2025-09-05 14:00:00,38.23129560489679,40.15596929860407,29.783814863973785
forecast_5943,2025-09-05 15:00:00,67.56140015786193,1373.848870050088,1141.630037565405
forecast_5944,2025-09-05 16:00:00,117.76240910588187,114.54709893130497,62.83394107206239
forecast_5945,2025-09-05 17:00:00,1459.26401109194,2451.7354353421556,166.56703553305599
forecast_5946,2025-09-05 18:00:00,3499.1885077904144,4052.3961014093934,1407.4525009185506
forecast_5947,2025-09-05 19:00:00,2796.4205213810646,3031.4038623343727,5638.47613539951
forecast_5948,2025-09-05 20:00:00,3136.1165077575756,3032.0694283891744,6271.7894052598285
forecast_5949,2025-09-05 21:00:00,3233.5082634045084,3437.693110652161,3124.1482562347837
forecast_5950,2025-09-05 22:00:00,4009.068260179608,4117.4639758830035,3219.449963899569
forecast_5951,2025-09-05 23:00:00,4023.970863461432,4334.36970660248,3410.1694668427244
forecast_5952,2025-09-06 00:00:00,4719.623532864041,4598.115539748256,3503.902153158085
forecast_5953,2025-09-06 01:00:00,8587.749599024815,9405.826419742802,6303.781231720613
forecast_5954,2025-09-06 02:00:00,8820.068853831335,10411.488409615535,6760.29575414106
forecast_5955,2025-09-06 03:00:00,10688.813260285913,12181.247367167405,8399.55909297017
forecast_5956,2025-09-06 04:00:00,11670.04545283051,13119.934331741952,9480.366462450502
forecast_5957,2025-09-06 05:00:00,12779.68702991852,14017.253728309197,10753.321743801445
forecast_5958,2025-09-06 06:00:00,13964.207904876335,14707.827792992945,11245.788411283724
forecast_5959,2025-09-06 07:00:00,13702.637088050722,14794.424333278033,11576.416121647935
forecast_5960,2025-09-06 08:00:00,12347.289555644513,14160.121540099464,11708.147439848815
forecast_5961,2025-09-06 09:00:00,12354.14625947057,14235.997368449056,12069.952978239236
forecast_5962,2025-09-06 10:00:00,10658.730932299599,11960.481053969705,11559.814797538253
forecast_5963,2025-09-06 11:00:00,9788.81257636906,11746.475424759883,10577.962044328096
forecast_5964,2025-09-06 12:00:00,10631.680311562404,12767.060493024188,10689.736519551361
forecast_5965,2025-09-06 13:00:00,10946.380760784266,12116.59841475243,10988.080212800809
forecast_5966,2025-09-06 14:00:00,10757.300141013602,12413.666227167962,11348.102655986295
forecast_5967,2025-09-06 15:00:00,11487.852373869473,13028.175758393507,11674.8898680731
forecast_5968,2025-09-06 16:00:00,11457.747022518253,12962.376838783503,11923.136131467501
forecast_5969,2025-09-06 17:00:00,11199.36393521715,12791.529995731988,12139.370335328491
forecast_5970,2025-09-06 18:00:00,10916.66508873142,12536.653112084354,12837.850674635149
forecast_5971,2025-09-06 19:00:00,11246.774685558352,12915.50318595057,13338.601809741256
forecast_5972,2025-09-06 20:00:00,12124.570560889664,14033.40191179537,14347.968526099548
forecast_5973,2025-09-06 21:00:00,12645.918453329119,14726.343013941525,15449.630526827228
forecast_5974,2025-09-06 22:00:00,13264.38152029501,15568.90390671072,16193.785717300028
forecast_5975,2025-09-06 23:00:00,14188.478781265361,17147.013289143408,16893.62374929861
forecast_5976,2025-09-07 00:00:00,14847.687428910302,17630.24679994305,17063.45530918405
forecast_5977,2025-09-07 01:00:00,15374.88651074271,17930.798804781763,18039.03561725542
forecast_5978,2025-09-07 02:00:00,15114.751745219344,17798.17219355842,17635.156211537327
forecast_5979,2025-09-07 03:00:00,14707.35274841167,17431.769692718008,17038.36713363718
forecast_5980,2025-09-07 04:00:00,14272.876228223908,16630.93444318166,16367.135183111757
forecast_5981,2025-09-07 05:00:00,12877.133358523568,15563.307640127352,14909.014379234344
forecast_5982,2025-09-07 06:00:00,13122.978618225328,14599.582061257935,13675.663331823454
forecast_5983,2025-09-07 07:00:00,12242.004502395073,13912.25213141336,11311.505855899397
forecast_5984,2025-09-07 08:00:00,10836.131905936849,12677.53251737958,10619.813858396781
forecast_5985,2025-09-07 09:00:00,8929.143148310457,9702.28342941034,9251.95245727069
forecast_5986,2025-09-07 10:00:00,6951.075690430017,7672.079164145302,7644.146397520449
forecast_5987,2025-09-07 11:00:00,5526.671553963718,6239.338214185897,5799.529653377529
forecast_5988,2025-09-07 12:00:00,5404.477746634595,5557.822799624085,4652.098026594907
forecast_5989,2025-09-07 13:00:00,4163.301972659928,4080.310602834602,3966.276853747167
forecast_5990,2025-09-07 14:00:00,3853.5851039920017,3899.943453159876,3829.888035374621
forecast_5991,2025-09-07 15:00:00,4016.849792253333,4032.8402375772207,4005.8178842964985
forecast_5992,2025-09-07 16:00:00,4440.42294686462,4544.231313727782,4109.768850487903
forecast_5993,2025-09-07 17:00:00,6002.093068507723,6097.161974824898,4247.884418186993
forecast_5994,2025-09-07 18:00:00,7275.9979288031855,7133.599524548251,4811.830746462667
forecast_5995,2025-09-07 19:00:00,8763.817642419564,8915.917519055794,5951.160490594726
forecast_5996,2025-09-07 20:00:00,10191.022400671476,10314.617602069444,7053.194020305764
forecast_5997,2025-09-07 21:00:00,10733.525941992442,10776.54840423264,7581.433361528381
forecast_5998,2025-09-07 22:00:00,10552.192196478049,10079.251971200707,7812.202871044013
forecast_5999,2025-09-07 23:00:00,9331.741424981208,9224.967190515175,7558.827508385988
forecast_6000,2025-09-08 00:00:00,9455.396346088439,9701.231158506382,7707.28797964938
forecast_6001,2025-09-08 01:00:00,9406.144484870425,8863.955836860781,6534.5902356440265
forecast_6002,2025-09-08 02:00:00,8413.6783462676,8333.738621928902,5647.933084205788
forecast_6003,2025-09-08 03:00:00,8183.75655623288,7541.656669491984,5128.022868206413
forecast_6004,2025-09-08 04:00:00,6482.986659739816,5918.523839530468,3905.3049079349967
forecast_6005,2025-09-08 05:00:00,5262.869195733542,4364.5118673222905,3677.387158271158
forecast_6006,2025-09-08 06:00:00,3937.5902395474664,3828.751025834216,3619.3334861538633
forecast_6007,2025-09-08 07:00:00,3728.078487030411,3713.7245077770335,3269.339848703751
forecast_6008,2025-09-08 08:00:00,3249.385951417065,3016.162049371781,2376.4942040771357
forecast_6009,2025-09-08 09:00:00,4289.537351850256,4354.576370731985,1435.4664892475525
forecast_6010,2025-09-08 10:00:00,4108.715142503376,4079.224748744806,1014.3924503785987
forecast_6011,2025-09-08 11:00:00,3730.453772658134,3960.3699715185317,10.750824980118027
forecast_6012,2025-09-08 12:00:00,3050.8913675704966,3021.143282882938,2192.423511541259
forecast_6013,2025-09-08 13:00:00,4363.150759212781,4370.294980693186,4548.206015995473
forecast_6014,2025-09-08 14:00:00,3888.8863214376634,4307.44440069512,4883.104010301254
forecast_6015,2025-09-08 15:00:00,2965.740762260325,3300.863887708231,3560.546702972112
forecast_6016,2025-09-08 16:00:00,3307.663969284686,3347.8308483803676,3519.755768323632
forecast_6017,2025-09-08 17:00:00,3835.570305061014,3713.084881892671,3280.3036491329394
forecast_6018,2025-09-08 18:00:00,3908.0091112249397,3907.7605404102997,3542.644232064142
forecast_6019,2025-09-08 19:00:00,4091.9490415403934,3966.777165641267,3578.343654050186
forecast_6020,2025-09-08 20:00:00,3989.2980707017914,3880.0021920457248,3443.1977109480667
forecast_6021,2025-09-08 21:00:00,3746.8924254799817,3676.2790790918475,3447.9226458697685
forecast_6022,2025-09-08 22:00:00,3497.2885007962946,3483.872881891058,3252.050671906259
forecast_6023,2025-09-08 23:00:00,3353.0272772136323,3338.411096390027,3379.047314400125
forecast_6024,2025-09-09 00:00:00,3585.6342177417278,3971.809772234551,3430.7774109523616
forecast_6025,2025-09-09 01:00:00,3712.401494444818,3596.9900781493125,2973.2101427541124
forecast_6026,2025-09-09 02:00:00,3475.4541657353793,3522.915039822606,2918.0761231290035
forecast_6027,2025-09-09 03:00:00,3270.176516174401,3527.9096558536025,2973.25212210583
forecast_6028,2025-09-09 04:00:00,3183.474342448366,3245.130021293291,3060.5247196902483
forecast_6029,2025-09-09 05:00:00,3607.940974630984,3667.819235490858,3337.62597763247
forecast_6030,2025-09-09 06:00:00,3857.934525391895,3430.5115875765728,3144.952364068299
forecast_6031,2025-09-09 07:00:00,3378.2224666207203,3406.51790696118,2760.756691289714
forecast_6032,2025-09-09 08:00:00,3946.2320189817206,3717.275794468876,3443.6340161344942
forecast_6033,2025-09-09 09:00:00,3308.6814129654827,3740.5590744304964,3379.4853412620055
forecast_6034,2025-09-09 10:00:00,3633.7994670588973,3765.3541816554994,3777.8016080184916
forecast_6035,2025-09-09 11:00:00,3806.96497828996,3894.9177829887767,3383.217502458268
forecast_6036,2025-09-09 12:00:00,3318.018828864102,3012.5007380873426,2871.045138911543
forecast_6037,2025-09-09 13:00:00,2782.0423537976317,2475.2008805818714,315.64735871179306
forecast_6038,2025-09-09 14:00:00,2171.1970817532906,2367.04089680855,221.7622022381399
forecast_6039,2025-09-09 15:00:00,3665.4218825097137,3018.518629678837,91.73484560534084
forecast_6040,2025-09-09 16:00:00,2951.0668129457817,3590.781359887576,1209.4806476076435
forecast_6041,2025-09-09 17:00:00,3402.8102596878716,3242.274201529008,1236.1875829486066
forecast_6042,2025-09-09 18:00:00,3572.793144085411,3810.030939847235,1691.7217398219605
forecast_6043,2025-09-09 19:00:00,3643.8196000331923,3067.1304983044583,2136.1113943963705
forecast_6044,2025-09-09 20:00:00,2705.577669905367,3095.7659275482542,259.618298511247
forecast_6045,2025-09-09 21:00:00,2998.3512240836017,3121.525210402991,2239.7590604103148
forecast_6046,2025-09-09 22:00:00,3226.39221239744,3196.4118699628652,1408.1393268840593
forecast_6047,2025-09-09 23:00:00,3009.224553956367,3255.6029914194205,1361.3562588049017
forecast_6048,2025-09-10 00:00:00,2982.7324036443956,3108.4280774928616,1353.001347104654
forecast_6049,2025-09-10 01:00:00,3297.9435966412393,3520.0595731659123,5793.752131275337
forecast_6050,2025-09-10 02:00:00,3397.036683696019,3601.2162840605406,2180.9128806876283
forecast_6051,2025-09-10 03:00:00,3538.57817036194,3492.755619302571,2452.8062680456183
forecast_6052,2025-09-10 04:00:00,3474.7183133937374,3401.1151923704065,2406.4823829437278
forecast_6053,2025-09-10 05:00:00,3422.37675085582,3387.100990282282,2667.8680223876136
forecast_6054,2025-09-10 06:00:00,3525.2322606715966,3555.1540544620034,2716.2024723205514
forecast_6055,2025-09-10 07:00:00,3580.378887619709,3645.1220610849637,2645.331065591228
forecast_6056,2025-09-10 08:00:00,3224.7238314752476,3300.868466531573,2500.8902260726286
forecast_6057,2025-09-10 09:00:00,3074.992288846974,3372.0466392155226,2672.2749160100298
forecast_6058,2025-09-10 10:00:00,3612.3094814757187,3517.0808317590395,2876.2082931751434
forecast_6059,2025-09-10 11:00:00,3754.8808326316744,3542.4228788227238,3504.5487272886094
forecast_6060,2025-09-10 12:00:00,3860.848063962284,3646.41010764745,3218.02693090875
forecast_6061,2025-09-10 13:00:00,3790.8188610585626,3514.021884939919,3273.0171509962356
forecast_6062,2025-09-10 14:00:00,3613.482217314748,3558.9305740818663,2942.540732653523
forecast_6063,2025-09-10 15:00:00,3792.2680166596197,3276.3202387373076,3080.64643894758
forecast_6064,2025-09-10 16:00:00,6566.535187363701,6610.327403325255,4009.854577789147
forecast_6065,2025-09-10 17:00:00,6373.281947828733,3492.591594072495,10025.111772636783
forecast_6066,2025-09-10 18:00:00,2966.9061765547385,3200.4614897435804,10103.188364145091
forecast_6067,2025-09-10 19:00:00,3161.3764026856293,3296.4088243366177,2818.34335119403
forecast_6068,2025-09-10 20:00:00,3337.292201395893,3386.502215285163,2568.3603763780197
forecast_6069,2025-09-10 21:00:00,3350.677230890925,3318.1989093236957,2563.534596108131
forecast_6070,2025-09-10 22:00:00,3275.8925881415166,3345.8712144958085,2470.328258979292
forecast_6071,2025-09-10 23:00:00,3439.558652548401,3485.6413032244504,2863.679653044822
forecast_6072,2025-09-11 00:00:00,3184.44619185261,3404.687537124352,3083.406158941699
forecast_6073,2025-09-11 01:00:00,3422.437982811022,3388.913340053477,2279.5812852741287
forecast_6074,2025-09-11 02:00:00,3154.961599780239,3227.8738748902356,2274.726740199262
forecast_6075,2025-09-11 03:00:00,3423.147781904642,3319.5925441037766,2224.627136663835
forecast_6076,2025-09-11 04:00:00,3411.661429371253,3578.572664781475,2828.7526387504927
forecast_6077,2025-09-11 05:00:00,3746.939304652246,3750.516987121692,2777.9361046741988
forecast_6078,2025-09-11 06:00:00,4122.808213373636,4174.4678491377335,3335.4997168345776
forecast_6079,2025-09-11 07:00:00,3869.075600448054,4123.048161120429,3363.951097877514
forecast_6080,2025-09-11 08:00:00,3683.356941212252,4116.377819833989,3736.0206048922114
forecast_6081,2025-09-11 09:00:00,3828.2347351588555,4122.715420842531,3397.3018359981347
forecast_6082,2025-09-11 10:00:00,3500.1078392611153,3763.47590262482,3341.0648738886866
forecast_6083,2025-09-11 11:00:00,3577.2945783735563,3749.275536980222,3328.8110104448074
forecast_6084,2025-09-11 12:00:00,3928.920534819185,3923.890627168529,3502.5014426668163
forecast_6085,2025-09-11 13:00:00,4413.020223698854,4531.179486228959,3751.7118115684107
forecast_6086,2025-09-11 14:00:00,4382.625432161101,4326.034006393984,3713.2297937066423
forecast_6087,2025-09-11 15:00:00,3898.412689705189,3913.338734465982,3264.4793373353755
forecast_6088,2025-09-11 16:00:00,3625.408272125539,3685.255490011798,3234.0328419758425
forecast_6089,2025-09-11 17:00:00,3826.0363076877966,3739.0391966061434,3482.7808701259632
forecast_6090,2025-09-11 18:00:00,3693.913030276585,3836.759698737393,3458.249431442436
forecast_6091,2025-09-11 19:00:00,3764.073604266588,4084.604306295891,3523.770955835843
forecast_6092,2025-09-11 20:00:00,4337.514071875729,4952.803471177411,3497.8858657197106
forecast_6093,2025-09-11 21:00:00,4835.615048769471,5785.4442985597625,3727.65911594414
forecast_6094,2025-09-11 22:00:00,5284.741616709879,6227.238661899091,3942.216557033791
forecast_6095,2025-09-11 23:00:00,5253.851644225917,6160.258029237582,3845.8649993567788
forecast_6096,2025-09-12 00:00:00,5319.787684345777,6245.014989568447,3898.680131433605
forecast_6097,2025-09-12 01:00:00,4912.334680908284,5451.518212375394,3375.2005373895545
forecast_6098,2025-09-12 02:00:00,4360.291875518007,5075.994993297826,3439.630090416949
forecast_6099,2025-09-12 03:00:00,4276.671520294097,4621.14010529568,3447.723555827028
forecast_6100,2025-09-12 04:00:00,3805.8096061208,4102.469623128167,3069.1925360171304
forecast_6101,2025-09-12 05:00:00,3643.024080229429,4024.1616140932506,3021.747886687342
forecast_6102,2025-09-12 06:00:00,3670.9029366109385,3947.881034060279,2908.572597017136
forecast_6103,2025-09-12 07:00:00,3513.3147528094387,3927.7496785502976,2954.2571755989443
forecast_6104,2025-09-12 08:00:00,3534.1630343590737,3762.1098444751456,2976.354688901499
forecast_6105,2025-09-12 09:00:00,3371.092413610562,3645.9584612642916,2979.447406185373
forecast_6106,2025-09-12 10:00:00,3601.678366025306,3992.435726067814,3077.8327228343815
forecast_6107,2025-09-12 11:00:00,3639.9902297704293,4090.7351885341227,3613.2612071356666
forecast_6108,2025-09-12 12:00:00,3925.2104912764826,3869.0910374942673,3604.9950348840607
forecast_6109,2025-09-12 13:00:00,3740.0206283796706,3752.6910130970023,3427.1424292071333
forecast_6110,2025-09-12 14:00:00,3548.6209089486288,3471.4760129408937,3364.8187946797634
forecast_6111,2025-09-12 15:00:00,3389.9182842351033,3155.871052761183,2836.6631293467926
forecast_6112,2025-09-12 16:00:00,3117.592187358138,3271.1253283754563,2982.9896764658192
forecast_6113,2025-09-12 17:00:00,3395.9373242920983,3487.412030067646,3104.8763504051817
forecast_6114,2025-09-12 18:00:00,3426.5926761853966,3212.038092776269,3193.821938223606
forecast_6115,2025-09-12 19:00:00,3343.079850319724,3377.6021360718414,3534.978129109727
forecast_6116,2025-09-12 20:00:00,3508.5715995659857,3578.9178170787663,3929.191668802642
forecast_6117,2025-09-12 21:00:00,3920.2773916227943,3881.449029455753,3798.1159013851825
forecast_6118,2025-09-12 22:00:00,4075.6707519922497,4537.586182786629,3708.179637622401
forecast_6119,2025-09-12 23:00:00,4266.98665387852,4803.404450071683,3675.6867911125505
forecast_6120,2025-09-13 00:00:00,4680.8173244270065,5189.032835334782,3656.504859292629
forecast_6121,2025-09-13 01:00:00,3829.880452192622,3912.3749468912283,3510.847304816893
forecast_6122,2025-09-13 02:00:00,3840.9453901237403,3905.7305064322677,3483.2938467260115
forecast_6123,2025-09-13 03:00:00,4410.963601107337,4040.4402475920742,3755.0422265241555
forecast_6124,2025-09-13 04:00:00,4549.614471738669,5607.255218484517,4968.03382624901
forecast_6125,2025-09-13 05:00:00,5848.860684414687,6389.611118727306,6256.638594817682
forecast_6126,2025-09-13 06:00:00,7523.969635019895,8530.535816923513,7212.789663696555
forecast_6127,2025-09-13 07:00:00,9012.058706612755,11044.702313195468,11204.768449826757
forecast_6128,2025-09-13 08:00:00,9853.499476578767,11338.49743970547,11216.19053306146
forecast_6129,2025-09-13 09:00:00,10966.767976652724,12820.625292384335,13913.223490054712
forecast_6130,2025-09-13 10:00:00,10978.005300195755,13379.858445670938,13301.886779423188
forecast_6131,2025-09-13 11:00:00,10466.974655467531,12129.767156624164,11361.352512486064
forecast_6132,2025-09-13 12:00:00,7738.598571160156,7840.8144845575025,6761.303587201797
forecast_6133,2025-09-13 13:00:00,4795.637112908596,5376.3216619947325,4332.601139672468
forecast_6134,2025-09-13 14:00:00,3538.614058994082,3593.724303780216,3820.001236159384
forecast_6135,2025-09-13 15:00:00,3654.648713597552,3931.935480646243,3511.702981162349
forecast_6136,2025-09-13 16:00:00,3570.5652074506015,3830.3560928894376,3513.519642574362
forecast_6137,2025-09-13 17:00:00,3813.5101911153297,3618.9602019203003,3297.754337974034
forecast_6138,2025-09-13 18:00:00,3830.5428377790204,4126.193101945845,3046.8001525356476
forecast_6139,2025-09-13 19:00:00,3329.693518990819,3459.026731255099,2859.700139363106
forecast_6140,2025-09-13 20:00:00,3344.090823004664,3285.3328518566923,4325.918151785449
forecast_6141,2025-09-13 21:00:00,2914.1545760759777,3125.431362316961,5550.118856683882
forecast_6142,2025-09-13 22:00:00,3131.924853605405,2858.8721543374872,3244.921740895684
forecast_6143,2025-09-13 23:00:00,2349.190015595634,2766.0547637357135,1662.8173878500202
forecast_6144,2025-09-14 00:00:00,2994.635894624105,2698.0517213258895,975.0823884717089
forecast_6145,2025-09-14 01:00:00,3285.917583956994,3132.6011300442065,2745.6216296040216
forecast_6146,2025-09-14 02:00:00,3085.322328022074,3140.4375675412007,2448.8564923932727
forecast_6147,2025-09-14 03:00:00,3112.783584993146,3140.2633460418574,2309.7722601717037
forecast_6148,2025-09-14 04:00:00,3176.805704483099,3257.433820176712,2408.051438852728
forecast_6149,2025-09-14 05:00:00,3279.4768420178543,3310.162878888383,2622.43634603977
forecast_6150,2025-09-14 06:00:00,3430.6247705554997,3400.2433976841708,2760.5452382602302
forecast_6151,2025-09-14 07:00:00,3702.780826573267,3422.7875598028177,3112.081150308802
forecast_6152,2025-09-14 08:00:00,3795.083020925109,3608.592541311876,3249.977476241881
forecast_6153,2025-09-14 09:00:00,3555.2130671224763,3412.8826159750683,3118.3251553407194
forecast_6154,2025-09-14 10:00:00,3650.582162197435,3823.3714186591183,3418.5388101957255
forecast_6155,2025-09-14 11:00:00,3797.585293366964,3853.4456988428587,3087.1276884112185
forecast_6156,2025-09-14 12:00:00,3892.711489793867,3542.1368746949684,3251.6515456767493
forecast_6157,2025-09-14 13:00:00,3640.4733435035746,3613.6475947368385,3111.891248285815
forecast_6158,2025-09-14 14:00:00,3627.50235319799,3617.8052332388515,3207.772793660929
forecast_6159,2025-09-14 15:00:00,3632.693765705348,3554.1063527998776,3243.342303992463
forecast_6160,2025-09-14 16:00:00,3483.3523403332524,3427.770268900224,3270.0276169635326
forecast_6161,2025-09-14 17:00:00,4244.12824242077,4232.389251925184,3676.844455706638
forecast_6162,2025-09-14 18:00:00,5626.482385382363,6057.914411578177,4596.552021761558
forecast_6163,2025-09-14 19:00:00,7958.262954821383,8046.40410224128,6094.065438920151
forecast_6164,2025-09-14 20:00:00,9658.877769737002,9811.807308676884,6980.109049836459
forecast_6165,2025-09-14 21:00:00,11919.078839438069,12298.835062642545,7958.981200521541
forecast_6166,2025-09-14 22:00:00,13300.63375291799,14261.633289170863,10755.461447209302
forecast_6167,2025-09-14 23:00:00,14868.142539674067,15431.09373659241,12912.875963188759
forecast_6168,2025-09-15 00:00:00,15848.991971180903,16096.199418948776,13631.302510263942
forecast_6169,2025-09-15 01:00:00,15111.593051724543,15422.276881010279,12023.26333834056
forecast_6170,2025-09-15 02:00:00,14740.941057871214,14927.137309885513,11617.089442676299
forecast_6171,2025-09-15 03:00:00,13511.126977141981,13711.314215089431,10451.810171311936
forecast_6172,2025-09-15 04:00:00,11776.578431839162,11934.10100652348,9030.955845850136
forecast_6173,2025-09-15 05:00:00,9682.336509198749,9688.894410987292,7554.472644804657
forecast_6174,2025-09-15 06:00:00,7466.317912602774,6823.868281949192,5734.501400837379
forecast_6175,2025-09-15 07:00:00,4371.20262858659,4078.2686714495585,3857.2850894900334
forecast_6176,2025-09-15 08:00:00,3802.5916265025317,4320.6423084189,3842.0233934730945
forecast_6177,2025-09-15 09:00:00,3541.04363558298,3517.6556610925627,2913.2219991261068
forecast_6178,2025-09-15 10:00:00,3597.4569565747265,3668.6663755228196,1405.909350653819
forecast_6179,2025-09-15 11:00:00,3654.58279610671,3514.895980962673,1694.8433136071899
forecast_6180,2025-09-15 12:00:00,3563.234069513201,4241.3988052942095,3219.3116654879354
forecast_6181,2025-09-15 13:00:00,3999.1127730895128,4009.1520158253065,3894.4699325861657
forecast_6182,2025-09-15 14:00:00,3675.4184770652914,3473.320450308995,4731.073015581131
forecast_6183,2025-09-15 15:00:00,6201.131126618246,5882.911800377128,4321.840697145719
forecast_6184,2025-09-15 16:00:00,4234.44155398019,3939.820426842909,3336.612652415465
forecast_6185,2025-09-15 17:00:00,3547.8048557501993,3579.79007596887,3161.752746261018
forecast_6186,2025-09-15 18:00:00,4218.349534877468,4054.5909116854555,3572.618625668025
forecast_6187,2025-09-15 19:00:00,5889.954737671577,5842.098769174432,3909.257128711989
forecast_6188,2025-09-15 20:00:00,6770.705437161387,6669.349251366434,4123.149394475435
forecast_6189,2025-09-15 21:00:00,6122.718845596154,6801.490158606247,4309.189868104243
forecast_6190,2025-09-15 22:00:00,5102.804401901052,5066.81060084233,3949.3782183436097
forecast_6191,2025-09-15 23:00:00,5424.302745576016,5027.903102398078,4009.521608233692
forecast_6192,2025-09-16 00:00:00,5248.186484165223,4784.114392587182,3845.861869512397
forecast_6193,2025-09-16 01:00:00,11256.963947138262,11417.304521297785,6627.079247510459
forecast_6194,2025-09-16 02:00:00,11849.777138303745,11709.100030528434,6965.410378203207
forecast_6195,2025-09-16 03:00:00,12622.763669880522,12538.042120814094,7751.906608962739
forecast_6196,2025-09-16 04:00:00,13012.435823725194,12966.14175597765,8245.111226533696
forecast_6197,2025-09-16 05:00:00,13616.589686212246,13879.706994822713,8886.393559556189
forecast_6198,2025-09-16 06:00:00,13643.036129436146,14200.775998770443,8845.355608636954
forecast_6199,2025-09-16 07:00:00,12996.31237129433,13382.69403960029,8068.2022246452725
forecast_6200,2025-09-16 08:00:00,12545.753343116046,13366.28760464476,6844.445927317364
forecast_6201,2025-09-16 09:00:00,10213.294878615823,10911.399559707561,5780.252878170081
forecast_6202,2025-09-16 10:00:00,7865.550232524433,9043.330237816499,4854.556261824123
forecast_6203,2025-09-16 11:00:00,5864.465412371495,6445.97475413169,4637.984819466888
forecast_6204,2025-09-16 12:00:00,5534.106588627807,5273.150200854696,5055.72401751177
forecast_6205,2025-09-16 13:00:00,5611.785888880737,5726.483919661791,5389.720915764286
forecast_6206,2025-09-16 14:00:00,6330.871330926092,6940.863109336935,5621.346438277501
forecast_6207,2025-09-16 15:00:00,7262.896944107736,7524.8898731135205,6311.648929782336
forecast_6208,2025-09-16 16:00:00,7368.414475117622,7971.950787684663,6506.272787225799
forecast_6209,2025-09-16 17:00:00,7526.6394274927525,8644.680323117787,6572.768055148072
forecast_6210,2025-09-16 18:00:00,8353.642964740797,9842.905080495817,7027.114088603758
forecast_6211,2025-09-16 19:00:00,10310.865569423471,11507.351346714879,7835.9690459640005
forecast_6212,2025-09-16 20:00:00,12161.206409672874,14049.632895884335,9735.946264763652
forecast_6213,2025-09-16 21:00:00,12422.105424477571,14244.555119477764,10478.56508150395
forecast_6214,2025-09-16 22:00:00,12467.974385259236,13910.062366186106,10191.747114183394
forecast_6215,2025-09-16 23:00:00,11423.800976303888,13604.357077590856,10295.54786258963
forecast_6216,2025-09-17 00:00:00,12948.038691886351,13089.302334008691,10316.786880349498
forecast_6217,2025-09-17 01:00:00,15312.063632314745,17982.535269441552,16697.709796284715
forecast_6218,2025-09-17 02:00:00,15674.861223236041,18166.660785561377,17048.24745691887
forecast_6219,2025-09-17 03:00:00,16093.49062701849,18183.333682078657,17412.555771126797
forecast_6220,2025-09-17 04:00:00,16139.619952529521,17534.089175155797,17812.20088616529
forecast_6221,2025-09-17 05:00:00,15143.711886653125,16567.124568994957,17220.843560088717
forecast_6222,2025-09-17 06:00:00,13564.608496879413,14873.416641128433,15286.934204368883
forecast_6223,2025-09-17 07:00:00,12161.546635651486,12949.679626434892,10734.578438358334
forecast_6224,2025-09-17 08:00:00,9133.137062050148,9770.565292025847,8086.2130038945725
forecast_6225,2025-09-17 09:00:00,6613.3851439862365,7724.913677364038,5514.26709811874
forecast_6226,2025-09-17 10:00:00,4689.093436330163,4854.469774634976,5033.061520381766
forecast_6227,2025-09-17 11:00:00,3873.649454296266,3875.199364316914,3888.967198044475
forecast_6228,2025-09-17 12:00:00,3498.5525147874496,3690.3964406613873,3559.9986483872876
forecast_6229,2025-09-17 13:00:00,3785.759287133544,3938.839449006205,3372.6250828622938
forecast_6230,2025-09-17 14:00:00,3591.449397778247,3531.674005496942,3800.0884716866226
forecast_6231,2025-09-17 15:00:00,3915.6164408146224,3871.118705080924,4366.225206473062
forecast_6232,2025-09-17 16:00:00,3807.16075876529,3840.637462671171,3796.7108760025635
forecast_6233,2025-09-17 17:00:00,3552.3030866226395,3571.2951329363036,3954.2010470445825
forecast_6234,2025-09-17 18:00:00,3815.339104575958,3900.365343855425,3357.5928807711844
forecast_6235,2025-09-17 19:00:00,3461.687491218833,3550.810427506551,3216.494856611997
forecast_6236,2025-09-17 20:00:00,3379.8148807392677,3349.7631888799733,3132.4650583471334
forecast_6237,2025-09-17 21:00:00,3486.6044346923563,3407.39041203076,3203.36301966601
forecast_6238,2025-09-17 22:00:00,3270.104188173311,3445.198116524832,3349.076580303524
forecast_6239,2025-09-17 23:00:00,3265.8707981548046,3421.4818367574485,3392.3758692810347
forecast_6240,2025-09-18 00:00:00,3733.372343976619,3425.749072400113,3202.3279902171494
forecast_6241,2025-09-18 01:00:00,2914.7369430136305,3189.1177207687924,2866.61438045378
forecast_6242,2025-09-18 02:00:00,2867.6153766270277,3148.087980890409,3116.067093403792
forecast_6243,2025-09-18 03:00:00,3067.01166694872,3120.2260698940204,2821.9250177005147
forecast_6244,2025-09-18 04:00:00,2752.0768424744747,3030.6011724428477,2681.6638432506484
forecast_6245,2025-09-18 05:00:00,3160.6828693156317,3354.5703625053716,2816.6559986283105
forecast_6246,2025-09-18 06:00:00,3441.9073877551323,3869.833854460127,3101.7069333359486
forecast_6247,2025-09-18 07:00:00,3749.7016534829177,4255.4905094153555,3359.426126001467
forecast_6248,2025-09-18 08:00:00,3836.9653687010223,4290.198234277221,3354.928642114067
forecast_6249,2025-09-18 09:00:00,3514.201413674824,4019.9297831919416,3392.730213998332
forecast_6250,2025-09-18 10:00:00,3455.1898596755436,3862.519238738605,3324.9776107759903
forecast_6251,2025-09-18 11:00:00,3180.4127513659214,3876.402583502918,3262.786889512325
forecast_6252,2025-09-18 12:00:00,3045.153235101166,3575.320196858841,2993.769593965811
forecast_6253,2025-09-18 13:00:00,3037.5562455270865,3482.5530254619775,2784.5834906453993
forecast_6254,2025-09-18 14:00:00,3217.2959177186085,3196.2663917030136,2665.948403114843
forecast_6255,2025-09-18 15:00:00,3421.117944724164,3313.253634511717,3215.8527339026564
forecast_6256,2025-09-18 16:00:00,3205.458539091889,3258.2830720113193,3059.3866830234374
forecast_6257,2025-09-18 17:00:00,3404.57334862242,3305.7342625667725,2919.706323494824
forecast_6258,2025-09-18 18:00:00,3329.2616736270566,3349.277222084036,3108.6991467064495
forecast_6259,2025-09-18 19:00:00,3162.890111616283,3423.952820968764,2893.2453041590206
forecast_6260,2025-09-18 20:00:00,3295.2985531789996,3488.337630852052,3109.2723122567213
forecast_6261,2025-09-18 21:00:00,3403.2857628565885,3573.462674933843,3009.502976594956
forecast_6262,2025-09-18 22:00:00,3374.6097985676274,3627.0987835214382,2993.1104433842406
forecast_6263,2025-09-18 23:00:00,3298.1023783879805,3699.226625432798,2849.678504542996
forecast_6264,2025-09-19 00:00:00,3296.135244822409,3573.138529375789,2891.8291967388095
forecast_6265,2025-09-19 01:00:00,3228.452391278538,3497.136297289774,2876.3792386530185
forecast_6266,2025-09-19 02:00:00,3081.8769178449966,3354.405155444097,2884.964076328147
forecast_6267,2025-09-19 03:00:00,2932.265529546948,3368.3223116687095,2989.154949920168
forecast_6268,2025-09-19 04:00:00,2900.328690876195,3364.385631051633,2871.2319510679363
forecast_6269,2025-09-19 05:00:00,3142.659731662171,3394.365542797512,2857.4254663970582
forecast_6270,2025-09-19 06:00:00,3126.3575392135554,3157.9627271720024,2694.244163082918
forecast_6271,2025-09-19 07:00:00,3201.3839609546735,3217.1059208099828,1968.0041948379505
forecast_6272,2025-09-19 08:00:00,3381.8474990376835,3356.2812036478294,1870.9416173342104
forecast_6273,2025-09-19 09:00:00,3797.439551409411,3289.5540463551997,2321.627815386207
forecast_6274,2025-09-19 10:00:00,3826.1581458859023,3405.0435093784454,308.9892448178811
forecast_6275,2025-09-19 11:00:00,3449.0294861303614,2939.4725165382933,216.3619332860108
forecast_6276,2025-09-19 12:00:00,3287.725320629736,2099.272231140282,156.00855383758284
forecast_6277,2025-09-19 13:00:00,1406.990578427597,196.36913191827807,104.50642757207578
forecast_6278,2025-09-19 14:00:00,134.59231177649082,116.9955112167216,68.96866582434072
forecast_6279,2025-09-19 15:00:00,77.84378497660236,61.19146760175719,29.868916944857048
forecast_6280,2025-09-19 16:00:00,1791.3897014251922,2760.3605189649156,1115.461164915893
forecast_6281,2025-09-19 17:00:00,194.49401814147012,180.82580315392772,72.51068168092075
forecast_6282,2025-09-19 18:00:00,2735.3880448719106,2873.952048245081,2687.6979830432697
forecast_6283,2025-09-19 19:00:00,3234.3592608428266,2996.2932860918545,2874.412584850765
forecast_6284,2025-09-19 20:00:00,3346.85421527849,3321.0799576897307,3062.709873790202
forecast_6285,2025-09-19 21:00:00,3530.918490715398,3478.0814694656333,3223.803270987371
forecast_6286,2025-09-19 22:00:00,3709.1644965800233,3993.706348738132,3720.2374096233157
forecast_6287,2025-09-19 23:00:00,3852.99254407015,4148.121209811473,3440.1634366603516
forecast_6288,2025-09-20 00:00:00,4019.6222160328025,4353.853256151747,3493.802556632707
forecast_6289,2025-09-20 01:00:00,5490.9360103839335,6457.914168614285,3825.8199192828865
forecast_6290,2025-09-20 02:00:00,5550.8179196981755,6635.808528120223,3994.7215672964835
forecast_6291,2025-09-20 03:00:00,5247.251347918213,6152.147827224641,3855.9771390298683
forecast_6292,2025-09-20 04:00:00,4804.617357330021,5350.929594433246,3359.534576666766
forecast_6293,2025-09-20 05:00:00,4830.90045102134,5740.74004377556,3673.5547949961124
forecast_6294,2025-09-20 06:00:00,5224.567938682929,6214.124343706664,3775.725864238185
forecast_6295,2025-09-20 07:00:00,5165.992749007133,6274.411896132353,3779.119485818046
forecast_6296,2025-09-20 08:00:00,4374.18836916532,4843.1563162325365,3458.696443843287
forecast_6297,2025-09-20 09:00:00,3449.437044576042,3532.930464312789,3263.8051213447575
forecast_6298,2025-09-20 10:00:00,3330.220686777079,3415.9772178706176,2687.925679550578
forecast_6299,2025-09-20 11:00:00,3329.4122830755414,3591.3459989812204,3000.22523219405
forecast_6300,2025-09-20 12:00:00,3490.934897481198,3676.67829880681,3096.662108536976
forecast_6301,2025-09-20 13:00:00,3632.6108160331246,3875.808266540843,3076.2614235600213
forecast_6302,2025-09-20 14:00:00,3933.3143499586163,4205.538212988353,3388.335219738011
forecast_6303,2025-09-20 15:00:00,3672.983568245135,3829.844656359949,3217.6497205918004
forecast_6304,2025-09-20 16:00:00,3470.1921598253402,3541.053170722589,2959.0420840543743
forecast_6305,2025-09-20 17:00:00,3553.869205821517,3390.2546559882967,3126.6309416281665
forecast_6306,2025-09-20 18:00:00,3230.6311823490914,3183.1227662013985,3180.665271657383
forecast_6307,2025-09-20 19:00:00,3133.4894891173612,3315.9734227218196,3316.825619777306
forecast_6308,2025-09-20 20:00:00,3390.74971242331,3603.7915150751764,3158.446305941093
forecast_6309,2025-09-20 21:00:00,3606.580246336319,3811.2698662114735,3158.24976786257
forecast_6310,2025-09-20 22:00:00,3514.4688524127737,3597.838051568218,3080.1983072450325
forecast_6311,2025-09-20 23:00:00,3603.5460313514195,3753.7875429878527,3334.260469596077
forecast_6312,2025-09-21 00:00:00,3757.0750760780793,3664.5408355349437,3242.643858563787
forecast_6313,2025-09-21 01:00:00,3880.4657736671743,4329.142326453415,3608.3005851654493
forecast_6314,2025-09-21 02:00:00,4120.565545200851,4384.459571213114,3637.180502168044
forecast_6315,2025-09-21 03:00:00,3724.6600975026613,3793.9527132954627,3304.1412970587044
forecast_6316,2025-09-21 04:00:00,3504.933511607452,3797.5343585200726,3061.6121259520805
forecast_6317,2025-09-21 05:00:00,3653.138695923918,3948.604527632198,3127.209694464072
forecast_6318,2025-09-21 06:00:00,3866.057363165688,4165.158761907495,3734.020690207482
forecast_6319,2025-09-21 07:00:00,3895.337220040737,4302.9308702696935,3471.173230518338
forecast_6320,2025-09-21 08:00:00,3880.1200510844496,4215.606830027719,3383.375775951878
forecast_6321,2025-09-21 09:00:00,3113.7370738354357,3671.198457814731,2807.239311712401
forecast_6322,2025-09-21 10:00:00,3513.5104237182504,3301.8433473754408,2875.4171591810564
forecast_6323,2025-09-21 11:00:00,3507.554745204412,3648.1606300959297,2824.1204918416884
forecast_6324,2025-09-21 12:00:00,3475.3593284581293,3736.850841150181,3375.5264161250275
forecast_6325,2025-09-21 13:00:00,3711.457706629342,3852.22807935441,3322.058733746455
forecast_6326,2025-09-21 14:00:00,3650.886463180858,3715.5184066249462,3265.7445713491074
forecast_6327,2025-09-21 15:00:00,3624.6937440094507,5326.3857867305,4698.21002817458
forecast_6328,2025-09-21 16:00:00,3655.279834352749,4365.917735747665,3716.1950720631344
forecast_6329,2025-09-21 17:00:00,3508.9897966393532,3367.941983548783,3329.6568110846306
forecast_6330,2025-09-21 18:00:00,2853.917493899405,3433.6124937389877,3001.4844693533496
forecast_6331,2025-09-21 19:00:00,3039.23340754451,3431.666796360233,2929.084906014911
forecast_6332,2025-09-21 20:00:00,3531.07203567093,3824.662009889518,3255.9895567872513
forecast_6333,2025-09-21 21:00:00,3830.001944856398,4194.7107347611945,3380.5035301276416
forecast_6334,2025-09-21 22:00:00,4362.990582866901,4926.7321093992605,3769.4185886492605
forecast_6335,2025-09-21 23:00:00,4652.1731756172785,5390.794285663617,3661.754495436354
forecast_6336,2025-09-22 00:00:00,4895.674685754452,5562.29759022557,3743.9685864013227
forecast_6337,2025-09-22 01:00:00,4614.407937698412,4829.076758708144,3636.636991957558
forecast_6338,2025-09-22 02:00:00,4777.35634459543,5247.321116404613,3697.4686944969853
forecast_6339,2025-09-22 03:00:00,5019.962083758967,5574.728283844845,3668.3059903874864
forecast_6340,2025-09-22 04:00:00,5293.478160268187,5937.766962525469,3767.689339702131
forecast_6341,2025-09-22 05:00:00,5309.257380405702,5995.394856269055,3755.860788519499
forecast_6342,2025-09-22 06:00:00,5323.477408569223,6201.564325511779,3734.216730602467
forecast_6343,2025-09-22 07:00:00,5181.492241124874,5930.132447471404,3716.146207330065
forecast_6344,2025-09-22 08:00:00,4773.848202501239,5763.765655580526,3793.975795635568
forecast_6345,2025-09-22 09:00:00,4660.76914520644,5684.064038590935,3925.528611719571
forecast_6346,2025-09-22 10:00:00,4458.021620726269,5732.986121430122,3975.265685590407
forecast_6347,2025-09-22 11:00:00,4018.554737955085,5130.454531457691,3769.2606195371204
forecast_6348,2025-09-22 12:00:00,3939.1014543741126,4650.652295557488,3475.4064024328477
forecast_6349,2025-09-22 13:00:00,3810.7833502041162,3880.7399974309114,3480.547468769025
forecast_6350,2025-09-22 14:00:00,3887.593275317751,3800.052389078462,3286.0523024798676
forecast_6351,2025-09-22 15:00:00,3567.611506232327,3625.629737916696,3299.550989963074
forecast_6352,2025-09-22 16:00:00,3774.3277840449696,3577.411969228497,3350.9859378065858
forecast_6353,2025-09-22 17:00:00,3706.6512685547787,3545.081743006878,3408.174797670902
forecast_6354,2025-09-22 18:00:00,3444.1544130897,3621.1842523273076,2990.827393416395
forecast_6355,2025-09-22 19:00:00,3419.921843525442,3574.1051191352412,2861.360737828758
forecast_6356,2025-09-22 20:00:00,3426.3063612868377,3757.150723673388,3146.55345656007
forecast_6357,2025-09-22 21:00:00,3531.798147610544,3866.612865301255,3218.0813468516017
forecast_6358,2025-09-22 22:00:00,3532.627526559886,3694.552085822326,3190.4001840696724
forecast_6359,2025-09-22 23:00:00,3393.609617564611,3532.2360844053755,3034.0059531262377
forecast_6360,2025-09-23 00:00:00,3412.9401004670576,3558.954323987308,2805.0950439333333
forecast_6361,2025-09-23 01:00:00,3007.802644219032,3376.9915799278874,2631.332364318286
forecast_6362,2025-09-23 02:00:00,2838.8492869820807,3230.928888590986,2758.196200683678
forecast_6363,2025-09-23 03:00:00,3105.5246906143047,3133.6991492615502,3021.8309740267473
forecast_6364,2025-09-23 04:00:00,2900.4251887466203,2892.7899241032032,2414.902170917063
forecast_6365,2025-09-23 05:00:00,3234.948037600635,3035.481875255327,2508.8638992366814
forecast_6366,2025-09-23 06:00:00,3250.7205372605185,3325.242558579289,2450.6263631650822
forecast_6367,2025-09-23 07:00:00,3375.2471321614953,3423.348897222822,2482.9352812329366
forecast_6368,2025-09-23 08:00:00,3393.331878727979,3486.0426304852977,2840.6170212438105
forecast_6369,2025-09-23 09:00:00,3049.821933986733,3349.5653452159945,2690.7180679052112
forecast_6370,2025-09-23 10:00:00,2929.354920007195,3321.361073027555,2629.162575793154
forecast_6371,2025-09-23 11:00:00,3133.9712751667394,3305.4345334396744,3660.1050767766196
forecast_6372,2025-09-23 12:00:00,3890.873986775807,3451.9528975951107,3655.5583176794985
forecast_6373,2025-09-23 13:00:00,3611.3362281154464,4067.450548555399,3689.983539178124
forecast_6374,2025-09-23 14:00:00,3317.2431679633687,3693.629370213426,3349.6940645545096
forecast_6375,2025-09-23 15:00:00,3366.704295724368,4022.4697334270963,3609.398473494717
forecast_6376,2025-09-23 16:00:00,3369.4784437934377,3913.252034849267,3364.4268378331426
forecast_6377,2025-09-23 17:00:00,3356.5071281179476,4041.7246384311925,3205.1613442927583
forecast_6378,2025-09-23 18:00:00,3410.509544736527,3657.4909393814564,2705.296225622364
forecast_6379,2025-09-23 19:00:00,3117.727955588756,3141.132340137875,2311.8105051889265
forecast_6380,2025-09-23 20:00:00,3341.705044794489,3263.9632518044086,2463.4105491315527
forecast_6381,2025-09-23 21:00:00,3435.131140542505,3296.3546940660626,2653.6478408694998
forecast_6382,2025-09-23 22:00:00,3643.1603547189866,3449.060630858525,2775.0888438718002
forecast_6383,2025-09-23 23:00:00,3540.2149440234325,3438.8704695589945,3035.6289893125763
forecast_6384,2025-09-24 00:00:00,3527.988960772461,3430.480809971179,3088.8941437386025
forecast_6385,2025-09-24 01:00:00,3779.310607156464,3834.3478555891097,3528.78220419197
forecast_6386,2025-09-24 02:00:00,3693.879175163799,3494.459296039447,3837.4866742101976
forecast_6387,2025-09-24 03:00:00,3852.0879724946562,3710.465484364713,4010.401612588269
forecast_6388,2025-09-24 04:00:00,4493.363597866476,4494.315538041241,3829.755528664732
forecast_6389,2025-09-24 05:00:00,4616.8372228089565,5151.938456656919,3772.6443039650403
forecast_6390,2025-09-24 06:00:00,5029.328496985877,5209.668410098305,3779.7326110287036
forecast_6391,2025-09-24 07:00:00,4508.120575035841,4903.375432316493,3740.3125954433563
forecast_6392,2025-09-24 08:00:00,4214.869389600679,4793.677103076107,3762.4357317958857
forecast_6393,2025-09-24 09:00:00,4492.635936198418,5318.555954913116,3818.2487607807375
forecast_6394,2025-09-24 10:00:00,4789.292703999687,6049.683450932802,4596.359336825712
forecast_6395,2025-09-24 11:00:00,6009.589384614341,8357.180939101434,6291.066882577212
forecast_6396,2025-09-24 12:00:00,7290.752512277604,8796.922381069478,7918.16755258674
forecast_6397,2025-09-24 13:00:00,9111.545880505944,9942.445271483504,9143.262154784994
forecast_6398,2025-09-24 14:00:00,9290.770106027194,10918.346727475739,8990.38724040503
forecast_6399,2025-09-24 15:00:00,9852.532903579495,10318.169788656758,9279.591482691425
forecast_6400,2025-09-24 16:00:00,9170.772077350384,10298.019511724784,8399.064063404041
forecast_6401,2025-09-24 17:00:00,9183.9986427188,10425.88797781454,7894.960323854212
forecast_6402,2025-09-24 18:00:00,9853.050226603704,11636.732973583214,8911.185109890643
forecast_6403,2025-09-24 19:00:00,10932.523049902895,14042.588902625306,10213.743440002321
forecast_6404,2025-09-24 20:00:00,12059.659581552989,14591.034680742694,12337.96951711498
forecast_6405,2025-09-24 21:00:00,13527.973798954461,16571.197556222945,14244.071726234655
forecast_6406,2025-09-24 22:00:00,14846.562542141864,17613.413252133985,16092.095919990126
forecast_6407,2025-09-24 23:00:00,15058.679820496165,17820.50281938895,16549.826485074795
forecast_6408,2025-09-25 00:00:00,15049.020376735029,17786.58806927663,16532.2830286424
forecast_6409,2025-09-25 01:00:00,17282.421978616676,19070.18379693824,17304.57090982043
forecast_6410,2025-09-25 02:00:00,17063.556039170842,18547.899996818083,17203.71058648048
forecast_6411,2025-09-25 03:00:00,15898.108843479762,17545.804762377233,16859.894172076896
forecast_6412,2025-09-25 04:00:00,14710.708261106474,16931.16875549013,15341.790806866282
forecast_6413,2025-09-25 05:00:00,14307.329959369925,16409.987933690336,14646.056097239456
forecast_6414,2025-09-25 06:00:00,14105.301529372793,15916.529968213015,13800.925751106015
forecast_6415,2025-09-25 07:00:00,14035.355517612803,15608.13863186935,13471.524042018342
forecast_6416,2025-09-25 08:00:00,14011.029088134539,15806.422511632156,12503.987633352332
forecast_6417,2025-09-25 09:00:00,13472.100887435288,15486.690878276793,12562.046535173613
forecast_6418,2025-09-25 10:00:00,13180.063634966284,15315.99172789792,12408.850885713797
forecast_6419,2025-09-25 11:00:00,12076.349231044365,14443.365070580172,12967.75788171858
forecast_6420,2025-09-25 12:00:00,11378.798625419597,13799.291477564366,13598.825764462914
forecast_6421,2025-09-25 13:00:00,10568.769917827542,12988.981392204138,13574.717362910927
forecast_6422,2025-09-25 14:00:00,10149.323515784667,12206.92036665984,12964.29120394598
forecast_6423,2025-09-25 15:00:00,9940.29669189392,11870.081569853566,10376.26172824175
forecast_6424,2025-09-25 16:00:00,10448.16531021041,12407.798330158543,11623.563916786856
forecast_6425,2025-09-25 17:00:00,11263.955205584198,12891.753608946541,10948.734084649688
forecast_6426,2025-09-25 18:00:00,12728.950777853579,13795.863963710453,12365.327568385585
forecast_6427,2025-09-25 19:00:00,13608.527790390974,14739.141087771764,12911.447681557393
forecast_6428,2025-09-25 20:00:00,14746.677743168044,15742.884570926817,13244.404763001852
forecast_6429,2025-09-25 21:00:00,15715.933297744377,16373.94544026154,12358.269100252968
forecast_6430,2025-09-25 22:00:00,16570.888245908,16843.40721296794,11919.077975083992
forecast_6431,2025-09-25 23:00:00,16818.717268061595,17007.82017454859,11113.341710366478
forecast_6432,2025-09-26 00:00:00,16470.212882361,16481.492569796443,11121.10531254796
forecast_6433,2025-09-26 01:00:00,10597.937187075386,10929.70806597068,7156.533110170672
forecast_6434,2025-09-26 02:00:00,9560.063818966028,10083.444355838841,6956.265443112096
forecast_6435,2025-09-26 03:00:00,8776.75504310291,8307.13985117602,5711.763892882611
forecast_6436,2025-09-26 04:00:00,7632.878626164633,6662.232459173456,4303.54792790527
forecast_6437,2025-09-26 05:00:00,6186.065682714636,5064.711328582564,3825.174445176409
forecast_6438,2025-09-26 06:00:00,4142.594338436494,3891.1773074483763,3269.8152658969752
forecast_6439,2025-09-26 07:00:00,3552.883016122517,3274.8045838939843,2637.526045017009
forecast_6440,2025-09-26 08:00:00,2828.162656448526,2758.922808694621,1423.834855477689
forecast_6441,2025-09-26 09:00:00,1200.5220584836748,2376.805598607019,32.77511562681753
forecast_6442,2025-09-26 10:00:00,3791.130594160569,3213.6190384404704,24.614635771527105
forecast_6443,2025-09-26 11:00:00,3276.331012952417,2638.2580886909914,30.120207973811713
forecast_6444,2025-09-26 12:00:00,2881.3307668703574,1348.4983085831332,33.16908313996515
forecast_6445,2025-09-26 13:00:00,1982.109285533182,29.07858903666865,22.57521780084866
forecast_6446,2025-09-26 14:00:00,1981.6255298778538,1163.503925540129,25.863161590807874
forecast_6447,2025-09-26 15:00:00,1976.0700453773647,1158.3908818489692,20.912789466405865
forecast_6448,2025-09-26 16:00:00,2878.8615259852118,2140.008949231435,27.346941745128426
forecast_6449,2025-09-26 17:00:00,3097.873320362176,3078.9858720927878,28.295977139318744
forecast_6450,2025-09-26 18:00:00,2601.831728612284,2799.804486254589,46.43757038822469
forecast_6451,2025-09-26 19:00:00,2627.6893107926453,2969.597913897313,52.08221648973687
forecast_6452,2025-09-26 20:00:00,3111.6159980120597,3343.8725816548804,43.22204714108738
forecast_6453,2025-09-26 21:00:00,3252.851100137122,3886.1327276548004,1125.5367030801049
forecast_6454,2025-09-26 22:00:00,3514.2199002162165,4461.6830322934975,2171.494882487564
forecast_6455,2025-09-26 23:00:00,3017.1271862927233,3011.337169166952,1626.4806673422668
forecast_6456,2025-09-27 00:00:00,3552.8734289826198,3608.913596102348,1246.4425154640387
forecast_6457,2025-09-27 01:00:00,3411.748972618404,3640.755669763889,1320.2939244966822
forecast_6458,2025-09-27 02:00:00,3092.315159083258,3286.8751695608603,1139.364425606552
forecast_6459,2025-09-27 03:00:00,2833.1523412794863,3446.473662158624,1169.2017377805155
forecast_6460,2025-09-27 04:00:00,3458.6160377391498,3447.784193605769,1369.6733204149284
forecast_6461,2025-09-27 05:00:00,3235.203951227215,3462.266539877567,898.8197528092103
forecast_6462,2025-09-27 06:00:00,3424.2123374953885,3445.706690630417,945.9814616407292
forecast_6463,2025-09-27 07:00:00,3394.63589095688,3519.897920296508,3159.9478999488956
forecast_6464,2025-09-27 08:00:00,3139.394872123163,2702.45986249381,2418.6294334798004
forecast_6465,2025-09-27 09:00:00,3501.2876190569277,3417.291298548101,2418.584211652094
forecast_6466,2025-09-27 10:00:00,3368.640206347143,3278.7929299275647,1274.3870063822746
forecast_6467,2025-09-27 11:00:00,3464.742443564579,3065.1227827653684,189.7527753789585
forecast_6468,2025-09-27 12:00:00,4307.743575523631,5122.720253345716,2388.4060794108304
forecast_6469,2025-09-27 13:00:00,4139.394430873511,5354.00158193965,2341.257022145522
forecast_6470,2025-09-27 14:00:00,2761.8560025378038,3771.95760914796,4053.0843053804174
forecast_6471,2025-09-27 15:00:00,5585.410666239189,4536.397837895448,4795.135054799838
forecast_6472,2025-09-27 16:00:00,5144.935979105868,4508.306428074092,4790.732169683203
forecast_6473,2025-09-27 17:00:00,5570.364302707402,4823.287010979478,3874.1688802484227
forecast_6474,2025-09-27 18:00:00,5617.6847011973,4179.197712903051,4074.0259088948196
forecast_6475,2025-09-27 19:00:00,3414.479260390966,3110.7615685521087,5045.974872924895
forecast_6476,2025-09-27 20:00:00,3246.361294844585,3087.172649271338,6101.374275090643
forecast_6477,2025-09-27 21:00:00,3419.0577082224236,3114.9812226176778,4939.107067065566
forecast_6478,2025-09-27 22:00:00,3764.5401826405864,3213.421669934454,3379.601724667782
forecast_6479,2025-09-27 23:00:00,3542.5748160818807,3170.28279905936,3576.008310928169
forecast_6480,2025-09-28 00:00:00,3587.7439450683464,2965.789457083748,3624.3469738243684
forecast_6481,2025-09-28 01:00:00,4393.35625874161,4541.152031270078,3647.457667604698
forecast_6482,2025-09-28 02:00:00,4620.132375342476,4894.700595753757,3698.314744980437
forecast_6483,2025-09-28 03:00:00,4757.127350873896,5188.599391706558,3797.3247354620426
forecast_6484,2025-09-28 04:00:00,5276.350113549817,5386.347543895763,3781.9157406987624
forecast_6485,2025-09-28 05:00:00,4821.81679135145,4931.454762385973,3658.9474912655714
forecast_6486,2025-09-28 06:00:00,4107.270907426909,4323.489617187908,3444.9393403939653
forecast_6487,2025-09-28 07:00:00,4034.6074687939176,4256.423417499879,3520.680767067304
forecast_6488,2025-09-28 08:00:00,4240.016371748646,4256.617815111002,3504.0804162762392
forecast_6489,2025-09-28 09:00:00,3974.661727210251,3942.360452406925,3691.5932920587393
forecast_6490,2025-09-28 10:00:00,4225.282208808719,4119.996259158864,3806.736561088981
forecast_6491,2025-09-28 11:00:00,4122.894184727375,4301.982710157313,3835.1003271467594
forecast_6492,2025-09-28 12:00:00,3826.4461764536454,4119.970437863955,3726.261422543567
forecast_6493,2025-09-28 13:00:00,3865.9491281493993,3961.9935844504507,3526.8194078711626
forecast_6494,2025-09-28 14:00:00,3852.8631190708215,4052.349665496936,3806.2502546235078
forecast_6495,2025-09-28 15:00:00,4762.877549082636,4940.68354637705,3704.898101044232
forecast_6496,2025-09-28 16:00:00,4380.287416990296,4729.179934987329,3753.9035613713627
forecast_6497,2025-09-28 17:00:00,4911.621198447289,5039.853283292576,3723.9047076932306
forecast_6498,2025-09-28 18:00:00,4305.091940119256,4363.132717794042,3667.4339408212954
forecast_6499,2025-09-28 19:00:00,4883.128838550694,4798.8570282327555,3731.0558739539997
forecast_6500,2025-09-28 20:00:00,5007.868208374636,5880.679806423131,3767.509185856084
forecast_6501,2025-09-28 21:00:00,5679.39831918222,5622.860905174973,3856.7325393620918
forecast_6502,2025-09-28 22:00:00,5678.66834817027,6058.898053452157,3828.1500333965982
forecast_6503,2025-09-28 23:00:00,6761.752716451819,6513.100419615544,4295.612882453945
forecast_6504,2025-09-29 00:00:00,6405.56165489076,6173.631413265556,4309.724713849811
forecast_6505,2025-09-29 01:00:00,4753.092808402156,4783.413540088528,3510.2106626378795
forecast_6506,2025-09-29 02:00:00,4456.614489468489,4162.946479399266,3543.3531136447923
forecast_6507,2025-09-29 03:00:00,4033.9581835559625,3883.85778912214,3478.2763831285133
forecast_6508,2025-09-29 04:00:00,4752.2493383093715,4302.234302220567,3639.1649788355758
forecast_6509,2025-09-29 05:00:00,4318.924743104434,4074.7641367497376,3632.6074976524874
forecast_6510,2025-09-29 06:00:00,3829.888486510414,3819.866967792574,3350.002934475001
forecast_6511,2025-09-29 07:00:00,3652.453097962033,3652.2544156269955,3389.613998343839
forecast_6512,2025-09-29 08:00:00,3577.9160806814093,3443.0964810741734,2934.9896187080462
forecast_6513,2025-09-29 09:00:00,3177.457698836736,3219.555612124588,4070.551032734434
forecast_6514,2025-09-29 10:00:00,3477.2354679007926,3002.9258278769444,65.98124537880202
forecast_6515,2025-09-29 11:00:00,3388.47856982839,2910.101959172692,28.258041151968353
forecast_6516,2025-09-29 12:00:00,3650.7790510534633,3377.9298119450773,24.12788027129541
forecast_6517,2025-09-29 13:00:00,2875.459616759471,2054.1927856677057,37.727026309301884
forecast_6518,2025-09-29 14:00:00,1589.8773757785207,99.19258584205113,93.99893958427943
forecast_6519,2025-09-29 15:00:00,2778.0178626157185,2109.6641202580954,145.63648591007305
forecast_6520,2025-09-29 16:00:00,2878.7516920686835,2193.421538577776,145.72040410226438
forecast_6521,2025-09-29 17:00:00,3208.484249056508,2094.626314858474,96.42622846822906
forecast_6522,2025-09-29 18:00:00,2926.7907551445683,3801.886543028776,1157.171455877284
forecast_6523,2025-09-29 19:00:00,3628.1723653325157,4070.608942794461,1119.3037039177464
forecast_6524,2025-09-29 20:00:00,3320.3044713124536,4223.411035839198,4336.868819750364
forecast_6525,2025-09-29 21:00:00,5428.993418424734,4926.509237536514,3437.462135143518
forecast_6526,2025-09-29 22:00:00,3929.793004148631,4292.02372125248,3678.4664769108495
forecast_6527,2025-09-29 23:00:00,4119.946758089201,4692.336426773408,3737.7777624933574
forecast_6528,2025-09-30 00:00:00,3800.1404612592546,3497.504398534397,3426.3561184799905
forecast_6529,2025-09-30 01:00:00,3615.1394119194856,3500.8137051645786,3471.2511707112203
forecast_6530,2025-09-30 02:00:00,3577.1704837412444,3617.740550937145,3547.650923365804
forecast_6531,2025-09-30 03:00:00,3668.509937135547,3592.196049213498,3225.102828637112
forecast_6532,2025-09-30 04:00:00,3645.6074737607796,3660.9717058003907,3080.505295804832
forecast_6533,2025-09-30 05:00:00,3620.050285972085,3592.5948827566676,3094.8603139405923
forecast_6534,2025-09-30 06:00:00,3404.1552644789367,3448.2541818423156,3493.5408554180785
forecast_6535,2025-09-30 07:00:00,3296.309973686562,3274.647086313344,3342.061506600782
forecast_6536,2025-09-30 08:00:00,4205.868951424768,4191.499184511452,3720.896358478145
forecast_6537,2025-09-30 09:00:00,3733.741986769284,3748.394327956782,4497.706781942034
forecast_6538,2025-09-30 10:00:00,3927.2407512927043,4080.824216498325,1200.2673595507151
forecast_6539,2025-09-30 11:00:00,3648.0291511738055,3826.3530994301705,3504.412096303869
forecast_6540,2025-09-30 12:00:00,3648.67685267956,3397.3290634966243,3421.5591304000263
forecast_6541,2025-09-30 13:00:00,3707.9730197712206,3407.3094436237925,3078.8268246422135
forecast_6542,2025-09-30 14:00:00,3495.338557387843,3192.80152836526,3396.692363198778
forecast_6543,2025-09-30 15:00:00,3699.855855939146,3127.0995454086797,3458.8578496755813
forecast_6544,2025-09-30 16:00:00,3713.656728921592,3436.6368520051205,3497.4806231226084
forecast_6545,2025-09-30 17:00:00,4161.510478532453,3675.241804450672,3368.0949204421436
forecast_6546,2025-09-30 18:00:00,3828.2071427455635,3850.0397764313047,3584.071700653395
forecast_6547,2025-09-30 19:00:00,3916.8509642873037,3834.837917356823,3524.2574393062027
forecast_6548,2025-09-30 20:00:00,4274.875149195722,4244.009431539947,3439.434968967811
forecast_6549,2025-09-30 21:00:00,4879.050733376809,4541.809724108942,3826.2389043568896
forecast_6550,2025-09-30 22:00:00,4674.159291527684,4683.067039816188,3720.223463119667
forecast_6551,2025-09-30 23:00:00,5341.890853856335,5373.379725296878,3782.5048515030403
forecast_6552,2025-10-01 00:00:00,6040.558604520701,5771.999776674767,4056.7067283109354
forecast_6553,2025-10-01 01:00:00,8919.329250103254,8366.956717334386,5663.967344290019
forecast_6554,2025-10-01 02:00:00,8507.343035712556,8517.929371738626,5771.9016994828835
forecast_6555,2025-10-01 03:00:00,9304.154667138358,9853.873565735126,6137.123027015273
forecast_6556,2025-10-01 04:00:00,8703.671083674952,9676.068528854114,5865.268138786789
forecast_6557,2025-10-01 05:00:00,8684.459716214727,9017.982582041363,5607.11643505978
forecast_6558,2025-10-01 06:00:00,7604.651901541583,7899.802726537787,5108.714279140506
forecast_6559,2025-10-01 07:00:00,6091.161962205059,6010.035496331825,4053.494255745253
forecast_6560,2025-10-01 08:00:00,4624.002051397153,4364.413167995402,3913.118832507424
forecast_6561,2025-10-01 09:00:00,3880.9563727418545,3846.056133624053,3442.8371405576636
forecast_6562,2025-10-01 10:00:00,3526.6034295447234,3496.6188451996277,3054.5948161626966
forecast_6563,2025-10-01 11:00:00,3599.8946177543166,3319.670544094176,2877.8492668738704
forecast_6564,2025-10-01 12:00:00,3378.2333447525084,2785.2825102746965,2992.7052960266597
forecast_6565,2025-10-01 13:00:00,3595.1658957768223,3571.274029757321,3290.9638118878847
forecast_6566,2025-10-01 14:00:00,3599.820288140343,3385.1078897355633,3367.108207097185
forecast_6567,2025-10-01 15:00:00,3542.3771790027254,2865.0249347714007,3144.9571871864614
forecast_6568,2025-10-01 16:00:00,3653.2321992269726,3548.3770238909174,3194.7819072218485
forecast_6569,2025-10-01 17:00:00,3942.3979488237537,3893.4699156649017,3343.76325022948
forecast_6570,2025-10-01 18:00:00,3726.3849034706955,3619.874642067421,3581.247128867775
forecast_6571,2025-10-01 19:00:00,4522.772596310552,4728.451399981926,3802.9271654815448
forecast_6572,2025-10-01 20:00:00,6835.643215724052,6680.138738901933,4633.195909672359
forecast_6573,2025-10-01 21:00:00,8391.83743066467,7483.527570959501,4584.381913043591
forecast_6574,2025-10-01 22:00:00,7005.7537479915645,7352.165150119358,3896.4393493620382
forecast_6575,2025-10-01 23:00:00,6576.159014316785,6974.42267463222,3867.126315717362
forecast_6576,2025-10-02 00:00:00,7147.107880022778,7013.426780140118,4000.194637460949
forecast_6577,2025-10-02 01:00:00,6227.903506373955,6027.547292582264,4054.0389333563144
forecast_6578,2025-10-02 02:00:00,5873.915251992561,5719.551233027131,3832.98278117145
forecast_6579,2025-10-02 03:00:00,5024.854402620051,4850.141042342821,3376.730893301167
forecast_6580,2025-10-02 04:00:00,4063.435219582475,3942.9427010067116,3547.9302004047418
forecast_6581,2025-10-02 05:00:00,4335.1174938496515,4070.4929110807943,3434.7411084954438
forecast_6582,2025-10-02 06:00:00,3414.1588110819785,3286.1902862680045,3395.3936377859623
forecast_6583,2025-10-02 07:00:00,3593.2342852644642,3426.4684406907986,3160.770712515662
forecast_6584,2025-10-02 08:00:00,3395.313739809661,3280.8973889387753,3475.3622754196135
forecast_6585,2025-10-02 09:00:00,3371.95466611311,3955.0827180563506,1791.6855325927074
forecast_6586,2025-10-02 10:00:00,1264.383531944145,2145.2066561644506,45.49655676979501
forecast_6587,2025-10-02 11:00:00,3441.256714075708,3279.576344708358,5.916918631143188
forecast_6588,2025-10-02 12:00:00,3537.8043489353513,2967.0178555502334,16.37358875327283
forecast_6589,2025-10-02 13:00:00,4204.754423145146,2648.3170556533496,23.315379530721504
forecast_6590,2025-10-02 14:00:00,30.346804429427934,30.651007872579317,777.6969977593081
forecast_6591,2025-10-02 15:00:00,36.56075337494607,32.77430877702647,39.33032818753532
forecast_6592,2025-10-02 16:00:00,32.96667184877516,30.37135238905683,32.5260522936843
forecast_6593,2025-10-02 17:00:00,33.045311813091786,1202.4516881450613,23.522908003250976
forecast_6594,2025-10-02 18:00:00,4002.481677290356,4487.5872667676385,1116.1545171818714
forecast_6595,2025-10-02 19:00:00,3444.070171392091,3804.1622788152595,1090.2702705981844
forecast_6596,2025-10-02 20:00:00,4194.5752859492,5060.717290623196,1138.2300820452397
forecast_6597,2025-10-02 21:00:00,4126.141458944967,5306.450077397071,2169.131245760177
forecast_6598,2025-10-02 22:00:00,3538.90098529799,4311.565862537287,2308.657972144159
forecast_6599,2025-10-02 23:00:00,3453.486542043873,3596.087811578712,1211.8571618651738
forecast_6600,2025-10-03 00:00:00,3002.443195641124,3132.9224202526952,130.96769140004838
forecast_6601,2025-10-03 01:00:00,3174.8693707097946,3304.818480564508,2651.1418457787436
forecast_6602,2025-10-03 02:00:00,3228.7861429799163,3079.5688350842433,2791.3571679716083
forecast_6603,2025-10-03 03:00:00,3388.469271312733,3491.463690879303,2404.107852711013
forecast_6604,2025-10-03 04:00:00,3277.5263124496464,3442.0024478197615,2470.4184141211163
forecast_6605,2025-10-03 05:00:00,3247.721693432165,3398.5089473146513,2487.218353499883
forecast_6606,2025-10-03 06:00:00,3224.487389900831,3342.3454370159384,2679.509623685256
forecast_6607,2025-10-03 07:00:00,3552.6638470035173,3782.678904640203,2502.1430444240464
forecast_6608,2025-10-03 08:00:00,3881.18624641908,3963.967089148362,3280.017748942187
forecast_6609,2025-10-03 09:00:00,3734.76268145492,4290.19304137364,3334.4323220935057
forecast_6610,2025-10-03 10:00:00,3820.0275901235136,4386.385701714233,3635.9212488855683
forecast_6611,2025-10-03 11:00:00,3834.8207144990465,4718.710924414304,3705.6557125211525
forecast_6612,2025-10-03 12:00:00,3858.4974798930457,4262.261912304135,3749.17642966445
forecast_6613,2025-10-03 13:00:00,3751.9729794869277,4074.1352091280337,3622.3982897418823
forecast_6614,2025-10-03 14:00:00,3424.660433913972,3814.8760026527,3393.4744906136884
forecast_6615,2025-10-03 15:00:00,3696.386208486709,3883.1378646293037,3322.606378123915
forecast_6616,2025-10-03 16:00:00,3749.7694050680598,3913.8987617781227,3534.960788287455
forecast_6617,2025-10-03 17:00:00,3811.334415489779,3976.4306986712277,3647.0285158309616
forecast_6618,2025-10-03 18:00:00,3929.292867694123,4599.833099787118,3709.5415569723114
forecast_6619,2025-10-03 19:00:00,4477.192855104949,4692.142640601762,3771.5612868760954
forecast_6620,2025-10-03 20:00:00,4798.588532333625,4856.501604712883,3721.0199718671624
forecast_6621,2025-10-03 21:00:00,4212.3842791739,4449.295719429764,3636.722428283449
forecast_6622,2025-10-03 22:00:00,4065.2254639551693,4186.6612187659,3621.1767490003967
forecast_6623,2025-10-03 23:00:00,3986.5937934135404,3997.805635763536,3513.9569381354136
forecast_6624,2025-10-04 00:00:00,4104.249848674412,4197.3530287231215,3334.485101487025
forecast_6625,2025-10-04 01:00:00,3751.8062198456046,3871.1364070702352,3451.5953997105385
forecast_6626,2025-10-04 02:00:00,3553.870380246623,3776.9929715081603,3207.31772843029
forecast_6627,2025-10-04 03:00:00,3509.7765154769027,3584.795316971576,3265.7197895655804
forecast_6628,2025-10-04 04:00:00,3469.9372412376842,3555.0083281846646,2920.4099863686192
forecast_6629,2025-10-04 05:00:00,3523.394679542209,3630.5302630704887,2771.968635077408
forecast_6630,2025-10-04 06:00:00,3259.0465252330937,3380.46635220495,2791.583619418237
forecast_6631,2025-10-04 07:00:00,3158.7591422071605,3330.286143758448,2683.1756256883305
forecast_6632,2025-10-04 08:00:00,3028.3221686895313,3282.046063612426,2548.183110543988
forecast_6633,2025-10-04 09:00:00,3390.394082211195,3454.6301339874476,2748.0291285205694
forecast_6634,2025-10-04 10:00:00,2680.9383888731577,3154.303144488897,2670.309794325828
forecast_6635,2025-10-04 11:00:00,2595.3636728536894,3410.2179787828345,2563.771135818281
forecast_6636,2025-10-04 12:00:00,3004.4530553032423,3190.863309083318,2630.1725038837376
forecast_6637,2025-10-04 13:00:00,3118.2101561984678,3227.746330007474,2838.8386757133144
forecast_6638,2025-10-04 14:00:00,3591.049422687491,3352.391936129681,3127.996640340397
forecast_6639,2025-10-04 15:00:00,3266.7604983334886,3417.7594875470663,2559.980760020882
forecast_6640,2025-10-04 16:00:00,3474.353394878325,3444.705151387947,2893.962071552439
forecast_6641,2025-10-04 17:00:00,3610.051233062446,3720.6853732861277,3161.5929510751853
forecast_6642,2025-10-04 18:00:00,3320.9200795534957,3741.878667877895,3164.972277285581
forecast_6643,2025-10-04 19:00:00,2676.6845498378443,3291.8947452858456,3413.877393069072
forecast_6644,2025-10-04 20:00:00,2604.366738290924,3295.325117966978,3170.4318407631063
forecast_6645,2025-10-04 21:00:00,2572.395771116556,3250.5211491484906,2914.1457263765856
forecast_6646,2025-10-04 22:00:00,4014.366011746916,4036.8911379503247,2062.8248085456926
forecast_6647,2025-10-04 23:00:00,3898.537941205921,3495.2272308888228,2850.806964516891
forecast_6648,2025-10-05 00:00:00,2730.5066314590704,3105.9638370877215,147.36984830406305
forecast_6649,2025-10-05 01:00:00,3425.077988377847,2874.6906867734738,3403.2970394184963
forecast_6650,2025-10-05 02:00:00,3240.4799691919807,3147.4857844185685,3365.4001657323956
forecast_6651,2025-10-05 03:00:00,3532.6980402741383,3311.5508276347205,3342.34586290101
forecast_6652,2025-10-05 04:00:00,2892.64151877036,2495.117022967286,127.05765941944263
forecast_6653,2025-10-05 05:00:00,3326.324533716607,3210.7906968201464,783.6608507353802
forecast_6654,2025-10-05 06:00:00,3482.2704892235024,3377.394725414582,41.604765378466944
forecast_6655,2025-10-05 07:00:00,4332.619952009177,3108.9872633061736,53.26071565028975
forecast_6656,2025-10-05 08:00:00,3528.8918893827486,3438.693610036621,51.75542683289484
forecast_6657,2025-10-05 09:00:00,3658.066452159115,3568.844547443295,43.13015885574445
forecast_6658,2025-10-05 10:00:00,3220.105325377701,3423.377993399576,27.405952776851198
forecast_6659,2025-10-05 11:00:00,3467.5007808438963,4166.64594944651,15.941811373993106
forecast_6660,2025-10-05 12:00:00,3525.608141953831,3100.931416299051,14.021826629245991
forecast_6661,2025-10-05 13:00:00,3643.0513014987396,2824.0787279795745,10.605308411414926
forecast_6662,2025-10-05 14:00:00,2591.0268753835894,2514.8815885411605,10.457775079538887
forecast_6663,2025-10-05 15:00:00,2305.241478964368,2730.746722548938,1336.077468374782
forecast_6664,2025-10-05 16:00:00,2347.088520123773,2299.48979846133,50.39093884047648
forecast_6665,2025-10-05 17:00:00,2339.7604139575965,2186.682899791708,91.57382751869838
forecast_6666,2025-10-05 18:00:00,3090.072261310166,3525.546378681205,2971.065378959295
forecast_6667,2025-10-05 19:00:00,3408.196895659383,3225.453429979018,3359.2597257646025
forecast_6668,2025-10-05 20:00:00,3460.587838846156,3374.3973219131635,3234.613587549889
forecast_6669,2025-10-05 21:00:00,3641.3353378307074,3730.496108563793,3214.7353747237203
forecast_6670,2025-10-05 22:00:00,3575.3868404412,3538.556803998797,3239.9643479462666
forecast_6671,2025-10-05 23:00:00,3451.674700300835,3556.6062136939854,3014.6132902888216
forecast_6672,2025-10-06 00:00:00,3391.0032541495066,3504.1113240440745,2791.4130129785326
forecast_6673,2025-10-06 01:00:00,3051.9556462895166,3321.143605716103,3074.754883384107
forecast_6674,2025-10-06 02:00:00,3047.3560868046293,3301.704218605343,2583.5592043133565
forecast_6675,2025-10-06 03:00:00,3379.5560042025795,3560.680757990066,2999.4434331996445
forecast_6676,2025-10-06 04:00:00,3501.997589191638,3977.8147694823906,3096.402295122948
forecast_6677,2025-10-06 05:00:00,3998.6695001605517,4750.71538201377,3327.952150233267
forecast_6678,2025-10-06 06:00:00,5176.967260412442,6933.055572474628,3986.214815084605
forecast_6679,2025-10-06 07:00:00,6507.516054103693,8877.245784395325,5786.818860395318
forecast_6680,2025-10-06 08:00:00,7678.516427152793,9317.016152307759,7372.524978590624
forecast_6681,2025-10-06 09:00:00,7874.336197204375,10266.307037950122,8289.442081529709
forecast_6682,2025-10-06 10:00:00,7340.373303908488,9868.07884762626,7704.38862210044
forecast_6683,2025-10-06 11:00:00,6785.298334819742,8909.547438761216,6754.806297024658
forecast_6684,2025-10-06 12:00:00,5829.047269886072,8226.256042849776,5179.627857063244
forecast_6685,2025-10-06 13:00:00,4888.079113226655,6188.3336703976365,4003.5622045816663
forecast_6686,2025-10-06 14:00:00,4150.206922486524,4902.409789711348,3483.2159703895236
forecast_6687,2025-10-06 15:00:00,3835.23012306213,4677.3163318916495,3427.704225077618
forecast_6688,2025-10-06 16:00:00,4038.779249873964,4712.028349615423,3561.9114931328995
forecast_6689,2025-10-06 17:00:00,4792.025877090306,5870.8214189649325,4035.511281838367
forecast_6690,2025-10-06 18:00:00,5873.6701745917135,6769.798121482206,4370.7537137237005
forecast_6691,2025-10-06 19:00:00,7212.666116653824,8466.344979022906,5830.537817342496
forecast_6692,2025-10-06 20:00:00,8408.692337245373,9837.444080501846,7521.556350469928
forecast_6693,2025-10-06 21:00:00,9654.199795385033,12345.779299542899,9468.0181321805
forecast_6694,2025-10-06 22:00:00,11403.023124479247,13953.87383221731,11299.503253309085
forecast_6695,2025-10-06 23:00:00,12778.061460503899,15225.837304696248,12210.276526156085
forecast_6696,2025-10-07 00:00:00,13010.73506143691,15197.486981250413,11570.05479340274
forecast_6697,2025-10-07 01:00:00,10142.373882032352,12038.665106717242,7573.39087511405
forecast_6698,2025-10-07 02:00:00,9243.064220300808,11721.067864542687,7375.196021827474
forecast_6699,2025-10-07 03:00:00,8597.642730857437,10725.034702840027,7277.532263040862
forecast_6700,2025-10-07 04:00:00,9150.912380860824,10953.946883101165,6981.880005829263
forecast_6701,2025-10-07 05:00:00,9285.885986846086,11372.101973778928,7043.672342608409
forecast_6702,2025-10-07 06:00:00,8860.213301348374,10963.883640320619,6739.945081318642
forecast_6703,2025-10-07 07:00:00,7673.340704414728,10039.904838808656,5747.2572373492585
forecast_6704,2025-10-07 08:00:00,6670.143892822665,8996.560362375101,4852.848515526954
forecast_6705,2025-10-07 09:00:00,5418.722302116546,6997.247264224384,4377.198342704486
forecast_6706,2025-10-07 10:00:00,4406.663712539773,5201.499107164487,3905.005674581256
forecast_6707,2025-10-07 11:00:00,4027.0846817040847,4044.671609117076,3759.9911816586878
forecast_6708,2025-10-07 12:00:00,3488.2418121949227,3775.212201444946,3760.989408914628
forecast_6709,2025-10-07 13:00:00,3447.214461903306,3596.34499117858,3159.723886629044
forecast_6710,2025-10-07 14:00:00,3024.0879259293943,3161.9584893841175,2754.646334888398
forecast_6711,2025-10-07 15:00:00,3108.096478452744,2883.5504650246644,2477.2247058882012
forecast_6712,2025-10-07 16:00:00,3321.4217918419113,2741.302227838766,2895.2291867665294
forecast_6713,2025-10-07 17:00:00,3072.5657062068176,2899.9584677812195,2290.8514850997626
forecast_6714,2025-10-07 18:00:00,3136.990084039062,3154.635344656896,921.0023699515224
forecast_6715,2025-10-07 19:00:00,2769.1292222074117,2887.160754041966,162.21277459169644
forecast_6716,2025-10-07 20:00:00,2682.559226462988,2436.3653397951107,990.8739815152387
forecast_6717,2025-10-07 21:00:00,2815.1738833606364,3138.5047048119254,2109.0926968420818
forecast_6718,2025-10-07 22:00:00,3278.0502760943396,3609.0782413245784,2110.9323683269954
forecast_6719,2025-10-07 23:00:00,3598.4988401298824,3695.6273451807365,1893.5661832517064
forecast_6720,2025-10-08 00:00:00,3309.5866694839483,3758.419569704989,882.2201627638431
forecast_6721,2025-10-08 01:00:00,3694.9431991905294,3592.1415852341615,1646.2130517981818
forecast_6722,2025-10-08 02:00:00,2997.5691690721656,2793.466119937589,87.71645848200728
forecast_6723,2025-10-08 03:00:00,3270.9353831067942,2776.728142467659,1221.9416736858018
forecast_6724,2025-10-08 04:00:00,3023.16265566855,2587.8943679732756,107.40126657129643
forecast_6725,2025-10-08 05:00:00,3516.1279994083548,3598.8876718258625,1413.523607088791
forecast_6726,2025-10-08 06:00:00,3483.5976506383226,3337.7756611925797,1413.424637849213
forecast_6727,2025-10-08 07:00:00,3526.124537946211,3582.6865949020284,1429.6455089368276
forecast_6728,2025-10-08 08:00:00,3415.2849543452257,3518.943196129318,2235.6886463396527
forecast_6729,2025-10-08 09:00:00,3242.3125190559485,3381.336431037356,2199.4481155454623
forecast_6730,2025-10-08 10:00:00,2947.9164442882625,3458.039665125104,2522.480255330665
forecast_6731,2025-10-08 11:00:00,2816.955184443649,3133.788544150831,1851.4631261377444
forecast_6732,2025-10-08 12:00:00,2703.216511774479,2796.070800273339,1770.221427000844
forecast_6733,2025-10-08 13:00:00,2402.5779455199995,2663.9477423176677,1758.4278939860512
forecast_6734,2025-10-08 14:00:00,2344.3170326443756,2682.9494119890296,2415.7008106615253
forecast_6735,2025-10-08 15:00:00,2836.404773174737,3041.48318559502,2853.164849977564
forecast_6736,2025-10-08 16:00:00,2963.471637064942,2981.514834229666,2881.7717151969277
forecast_6737,2025-10-08 17:00:00,3156.5265767006013,3792.5525755653084,3230.0750452988646
forecast_6738,2025-10-08 18:00:00,2679.4864213383644,3518.863013892325,3220.388603205477
forecast_6739,2025-10-08 19:00:00,2956.864385003625,3195.7213406010433,2708.6996360894996
forecast_6740,2025-10-08 20:00:00,3423.675633463223,3605.1896880497557,2859.420840165598
forecast_6741,2025-10-08 21:00:00,3536.4357652408876,3889.3425904092865,3045.3331248602076
forecast_6742,2025-10-08 22:00:00,3781.400750906648,4271.068580183741,3355.0707865296044
forecast_6743,2025-10-08 23:00:00,4223.945251165934,4858.979581856667,3818.1370632115563
forecast_6744,2025-10-09 00:00:00,4485.04095635175,5564.911533005926,4062.182160253247
forecast_6745,2025-10-09 01:00:00,5098.256860199041,6446.442678338947,4668.636822854822
forecast_6746,2025-10-09 02:00:00,4884.443773373186,6437.245356416053,4389.106402446264
forecast_6747,2025-10-09 03:00:00,4994.635281045882,6513.160734973415,4419.660705329813
forecast_6748,2025-10-09 04:00:00,4831.334705245894,6552.150140984298,4279.512288942839
forecast_6749,2025-10-09 05:00:00,5146.612282538625,6502.267074697477,4536.486775964144
forecast_6750,2025-10-09 06:00:00,5176.358116255541,6861.0123462885085,4803.412952159893
forecast_6751,2025-10-09 07:00:00,4951.859649599482,6660.737832406426,4645.2022262631335
forecast_6752,2025-10-09 08:00:00,4577.94876535399,5859.256049041604,4360.5674218593085
forecast_6753,2025-10-09 09:00:00,4028.6845982133646,5394.838908562318,4092.3224564917446
forecast_6754,2025-10-09 10:00:00,3766.108630373818,4148.577821356467,3661.122650335073
forecast_6755,2025-10-09 11:00:00,3426.5167809038835,3759.8924145171436,3246.4797250769325
forecast_6756,2025-10-09 12:00:00,3463.503092890033,3472.416094138739,2806.9184294443257
forecast_6757,2025-10-09 13:00:00,3184.896316619481,3270.4857851781953,3097.6571160451554
forecast_6758,2025-10-09 14:00:00,3301.404426041686,3466.0980388761814,3113.891449067274
forecast_6759,2025-10-09 15:00:00,3149.3897620987236,3426.7357359647003,2950.164441148505
forecast_6760,2025-10-09 16:00:00,3442.2221391161006,3935.236109504695,3040.89051514803
forecast_6761,2025-10-09 17:00:00,3425.782529964316,3732.39711354669,2660.51423580232
forecast_6762,2025-10-09 18:00:00,3227.355137580184,3708.7267019595006,2697.2524143735945
forecast_6763,2025-10-09 19:00:00,2987.5974521317266,3249.872203697775,2460.603889059086
forecast_6764,2025-10-09 20:00:00,3213.858068183923,3156.4248403096312,2905.618613147862
forecast_6765,2025-10-09 21:00:00,3182.530249391164,2624.903144784909,2179.903753613773
forecast_6766,2025-10-09 22:00:00,2993.641600652428,2948.4377375544955,641.1249220350476
forecast_6767,2025-10-09 23:00:00,3254.397299899262,2812.7722943912695,2051.9762985905018
forecast_6768,2025-10-10 00:00:00,3237.4569757630366,3446.7047413213045,1964.9768220353608
forecast_6769,2025-10-10 01:00:00,3128.947241187864,3359.2462358246485,1855.5391992351394
forecast_6770,2025-10-10 02:00:00,3081.8498733264914,3357.3630002915183,2346.2596743960007
forecast_6771,2025-10-10 03:00:00,3042.474721072843,3336.28427239028,2314.469625710537
forecast_6772,2025-10-10 04:00:00,3312.89821442319,3394.085199579293,2648.8175616835965
forecast_6773,2025-10-10 05:00:00,3274.0049298779263,3274.8502964889335,2232.2384347984166
forecast_6774,2025-10-10 06:00:00,3235.7196189616207,3216.3122049484923,2216.1161201334658
forecast_6775,2025-10-10 07:00:00,3344.969777775398,3438.173721555975,2386.937129914427
forecast_6776,2025-10-10 08:00:00,3787.929034524673,3620.11305049714,3260.658784556884
forecast_6777,2025-10-10 09:00:00,3714.6219739291264,3454.657835784482,3089.2884197153003
forecast_6778,2025-10-10 10:00:00,3342.0540953094605,3319.9150329407034,2703.939096537373
forecast_6779,2025-10-10 11:00:00,3565.7551842595235,3698.258322887208,2789.0790512268095
forecast_6780,2025-10-10 12:00:00,3619.2141560560203,3784.425432692462,2698.007493770824
forecast_6781,2025-10-10 13:00:00,3451.281406518242,3738.8032781981606,4180.572625210362
forecast_6782,2025-10-10 14:00:00,3482.5026365193066,3601.493087231568,2738.604679189883
forecast_6783,2025-10-10 15:00:00,3231.2061068174344,3729.3516657023893,2790.242912389808
forecast_6784,2025-10-10 16:00:00,3097.7085309637273,3691.751496899532,2289.358008907312
forecast_6785,2025-10-10 17:00:00,3163.138959348366,3175.6715978937805,2109.5473483536484
forecast_6786,2025-10-10 18:00:00,3318.4868975929553,3113.743587440817,2323.7996523148645
forecast_6787,2025-10-10 19:00:00,3259.833521826994,3217.754507196189,2506.305802102147
forecast_6788,2025-10-10 20:00:00,3433.952806345728,3155.8878232046973,2574.726873190829
forecast_6789,2025-10-10 21:00:00,3632.032878512117,3323.4597998185213,3072.267240413201
forecast_6790,2025-10-10 22:00:00,3735.25277188086,3537.442883180334,3384.141705774934
forecast_6791,2025-10-10 23:00:00,3889.77295247965,3729.007446848474,3360.010359900039
forecast_6792,2025-10-11 00:00:00,4196.6584322396775,3891.3411844611824,3703.5090902976053
forecast_6793,2025-10-11 01:00:00,4231.1066303364305,4088.3472566545393,3546.2726896154286
forecast_6794,2025-10-11 02:00:00,4115.069157019299,4733.757785869153,3804.8476016848026
forecast_6795,2025-10-11 03:00:00,4676.08476082921,5448.399102677556,4357.627948579443
forecast_6796,2025-10-11 04:00:00,6776.759803307575,7563.758449604609,4576.950962161154
forecast_6797,2025-10-11 05:00:00,7384.600743856153,8019.65697144665,4941.351869942064
forecast_6798,2025-10-11 06:00:00,8079.5092290287685,8946.695947576609,5384.671096535904
forecast_6799,2025-10-11 07:00:00,8292.985334952353,9231.833628059585,5593.363116767721
forecast_6800,2025-10-11 08:00:00,7955.250366279443,9579.056296011615,6100.053562068005
forecast_6801,2025-10-11 09:00:00,8697.939266968391,10283.468282659918,6895.438310576725
forecast_6802,2025-10-11 10:00:00,9170.744738391168,9977.690008586587,7440.697193843032
forecast_6803,2025-10-11 11:00:00,9474.034872810107,10027.656192470651,7584.863792522764
forecast_6804,2025-10-11 12:00:00,9934.628819481102,11624.342754829317,7897.770848498854
forecast_6805,2025-10-11 13:00:00,9910.54984300997,11114.355683437914,8656.995591462453
forecast_6806,2025-10-11 14:00:00,11207.935215595244,11675.376639785587,8869.499142310511
forecast_6807,2025-10-11 15:00:00,11601.238666552581,11857.109726792723,8955.661727715144
forecast_6808,2025-10-11 16:00:00,11688.459157400303,12149.267995424654,9166.106771063438
forecast_6809,2025-10-11 17:00:00,11199.598467298027,12173.971198273457,9321.624234375817
forecast_6810,2025-10-11 18:00:00,11114.949988500523,12224.482788752655,10029.70898497092
forecast_6811,2025-10-11 19:00:00,12836.811266357394,12573.301044096068,11299.98278229252
forecast_6812,2025-10-11 20:00:00,14557.611675694001,12916.42730732019,11614.868882021497
forecast_6813,2025-10-11 21:00:00,12003.693884430813,12949.855861266491,11307.873389159346
forecast_6814,2025-10-11 22:00:00,10787.68387659558,13315.658557647894,9191.967158211131
forecast_6815,2025-10-11 23:00:00,10180.912612639037,12273.35888121128,8034.557891713406
forecast_6816,2025-10-12 00:00:00,9899.843375340752,11942.148975424572,10572.317778414097
forecast_6817,2025-10-12 01:00:00,10152.041299929964,11238.182839451989,7961.756515090991
forecast_6818,2025-10-12 02:00:00,9033.069680116914,9838.926005359286,7629.6642098029215
forecast_6819,2025-10-12 03:00:00,8321.722062319239,8284.831713560261,7807.296790669311
forecast_6820,2025-10-12 04:00:00,5912.997624877231,9574.470062542729,7667.4249987076355
forecast_6821,2025-10-12 05:00:00,4125.402523263797,4197.629135853512,4578.651230775023
forecast_6822,2025-10-12 06:00:00,4189.4897787055925,4596.682980708426,3739.3272870872875
forecast_6823,2025-10-12 07:00:00,3525.971197252609,3834.4121282548303,3558.551264119813
forecast_6824,2025-10-12 08:00:00,3148.270011625377,3580.3583346177925,2929.954379297478
forecast_6825,2025-10-12 09:00:00,3588.677570074176,3857.5986507259017,3063.3375371922107
forecast_6826,2025-10-12 10:00:00,3873.668337218119,3965.6503931873085,3681.1628503869674
forecast_6827,2025-10-12 11:00:00,3944.8315889168725,4466.318837883034,3791.046021894619
forecast_6828,2025-10-12 12:00:00,3960.7471820510445,4653.089498669095,3643.9018825443213
forecast_6829,2025-10-12 13:00:00,4027.2142940581894,4781.722180796163,3753.210662988963
forecast_6830,2025-10-12 14:00:00,4101.506751612177,4843.967994686556,3750.9985195503155
forecast_6831,2025-10-12 15:00:00,4127.231859907153,5111.21197247088,3738.421433274177
forecast_6832,2025-10-12 16:00:00,4261.735664284596,4861.6905683206305,3491.2186615211003
forecast_6833,2025-10-12 17:00:00,4624.063012763536,5302.1700628722065,3968.0616744348395
forecast_6834,2025-10-12 18:00:00,5068.3651180064835,6353.397795435766,4550.717397070943
forecast_6835,2025-10-12 19:00:00,5641.980173732332,7032.684854805625,5203.207589847189
forecast_6836,2025-10-12 20:00:00,5813.870002843519,6920.800925118219,4877.068990948325
forecast_6837,2025-10-12 21:00:00,5199.644241711815,6431.528982355773,4632.160958527797
forecast_6838,2025-10-12 22:00:00,4453.64452632679,5578.115860881083,4044.1628796392984
forecast_6839,2025-10-12 23:00:00,3651.4393514196627,4165.046489523649,3294.4581106557166
forecast_6840,2025-10-13 00:00:00,3572.7311693133906,4014.6859616198985,3170.562606040641
forecast_6841,2025-10-13 01:00:00,2908.178040098532,3366.3796358710238,2849.065952485055
forecast_6842,2025-10-13 02:00:00,3114.2847611671896,3306.5248939801145,2807.4597651286695
forecast_6843,2025-10-13 03:00:00,3365.3064539693833,3031.139238136622,2700.4250214386016
forecast_6844,2025-10-13 04:00:00,3426.2583202059313,3031.325615476393,2901.805260895219
forecast_6845,2025-10-13 05:00:00,3026.3796266500794,3358.5921068030584,2597.3391093393407
forecast_6846,2025-10-13 06:00:00,3181.4549698194655,3562.033604625464,3064.0391624375284
forecast_6847,2025-10-13 07:00:00,3320.8229136178934,3539.462939480692,3250.415049676466
forecast_6848,2025-10-13 08:00:00,3474.2678765826113,3629.2465138710163,3271.9905065807043
forecast_6849,2025-10-13 09:00:00,3390.021380093129,3535.0841705305306,2906.3800956725763
forecast_6850,2025-10-13 10:00:00,3403.3281804271596,3575.6184800972405,3138.802225057485
forecast_6851,2025-10-13 11:00:00,3496.534881642682,3673.866479450169,3022.9177452036024
forecast_6852,2025-10-13 12:00:00,3569.198938217661,3660.7870684573454,3251.0671068473816
forecast_6853,2025-10-13 13:00:00,3519.857317521176,3389.1869911488675,3065.9570402703907
forecast_6854,2025-10-13 14:00:00,3330.7940575720686,3479.438747858646,2975.389455269275
forecast_6855,2025-10-13 15:00:00,3467.668216859126,3857.950743031209,3024.14295336576
forecast_6856,2025-10-13 16:00:00,3810.57275206119,4446.554429331599,3354.3192022009307
forecast_6857,2025-10-13 17:00:00,4196.158242057272,4942.341058457756,3569.4464341044713
forecast_6858,2025-10-13 18:00:00,4068.318407590662,4804.729830966942,3446.3417543032483
forecast_6859,2025-10-13 19:00:00,4157.590801106423,5175.988232465564,3636.5571093746926
forecast_6860,2025-10-13 20:00:00,4367.725745073816,5315.968046218462,3754.4440224696614
forecast_6861,2025-10-13 21:00:00,4707.016971706665,5661.818854540693,3878.1496137204276
forecast_6862,2025-10-13 22:00:00,4856.823990297005,5961.831374271414,3846.3522829160793
forecast_6863,2025-10-13 23:00:00,4692.328706892857,5346.833790528175,3718.775355611201
forecast_6864,2025-10-14 00:00:00,4463.559475353951,4987.672799538918,3537.8250154419743
forecast_6865,2025-10-14 01:00:00,6279.651569311236,7381.4858408707605,5120.679915349905
forecast_6866,2025-10-14 02:00:00,6061.589611285546,7259.897111314527,4765.935080265389
forecast_6867,2025-10-14 03:00:00,6359.939043860164,7316.808586082419,4622.627509615272
forecast_6868,2025-10-14 04:00:00,5764.781642677447,6783.209989942547,4080.474287373211
forecast_6869,2025-10-14 05:00:00,5746.823194623077,6794.892721291713,3783.5147186491354
forecast_6870,2025-10-14 06:00:00,5582.184002496215,6979.378378094918,3871.257181252906
forecast_6871,2025-10-14 07:00:00,5431.90478476645,6752.579598573912,4120.213299976589
forecast_6872,2025-10-14 08:00:00,5294.2502551408015,6652.8916264399095,4266.245152620951
forecast_6873,2025-10-14 09:00:00,5154.430273084392,6233.06526678992,4171.584714728981
forecast_6874,2025-10-14 10:00:00,4913.627472534478,5720.742127169948,3816.34880114789
forecast_6875,2025-10-14 11:00:00,4563.9172623962595,5413.1120469818225,3973.7204239210073
forecast_6876,2025-10-14 12:00:00,4186.562434644037,5177.156102559686,3778.4590757869514
forecast_6877,2025-10-14 13:00:00,4058.8212461845333,5137.02553085279,3822.826996324012
forecast_6878,2025-10-14 14:00:00,4092.153131678091,4989.170389591489,3799.005358204814
forecast_6879,2025-10-14 15:00:00,3903.114297491974,4515.550575402114,3693.776258895315
forecast_6880,2025-10-14 16:00:00,3810.747317049837,4188.493190954707,3502.1694010493575
forecast_6881,2025-10-14 17:00:00,3754.991797976094,3938.7773961527114,3297.8724326441848
forecast_6882,2025-10-14 18:00:00,3759.524343516211,4169.8310166430465,3277.91917255203
forecast_6883,2025-10-14 19:00:00,3724.605129213966,4028.6243172943437,3171.9982345122676
forecast_6884,2025-10-14 20:00:00,3756.5164364645007,4117.279629472267,3242.0965792879283
forecast_6885,2025-10-14 21:00:00,3805.665279124839,4153.5133998252995,3245.4260306928036
forecast_6886,2025-10-14 22:00:00,3674.270108858679,4078.132472629827,3159.454957221047
forecast_6887,2025-10-14 23:00:00,3717.7569330008573,3963.548468336397,3078.2109185080126
forecast_6888,2025-10-15 00:00:00,3652.516728666755,3914.465945606996,2970.999335452746
forecast_6889,2025-10-15 01:00:00,3648.17303828646,4112.988292799712,3135.6875685560412
forecast_6890,2025-10-15 02:00:00,3805.005430410481,3947.9359586670867,3117.8349349260952
forecast_6891,2025-10-15 03:00:00,3657.7953429167187,4030.437980315159,3022.4179647463293
forecast_6892,2025-10-15 04:00:00,3519.1704255616755,3902.7133373656097,3008.7743125411753
forecast_6893,2025-10-15 05:00:00,3487.946246800535,3799.316337522355,2897.376851476613
forecast_6894,2025-10-15 06:00:00,3398.745008271291,3706.16570294666,2806.9299129137676
forecast_6895,2025-10-15 07:00:00,3469.303386804147,3764.4340416382397,2687.055778170831
forecast_6896,2025-10-15 08:00:00,3305.6210208611274,3557.196849840469,2681.3511453517353
forecast_6897,2025-10-15 09:00:00,3155.835061969166,3487.2148535009906,2984.283104296128
forecast_6898,2025-10-15 10:00:00,3271.410346878271,3139.6295922076342,2950.5729840084064
forecast_6899,2025-10-15 11:00:00,3253.3677194825955,3442.393281411473,3516.896111623923
forecast_6900,2025-10-15 12:00:00,3570.0664746460534,3624.5646735160967,3596.6289931818383
forecast_6901,2025-10-15 13:00:00,3481.506073939307,3495.7896378649134,3394.8039123360345
forecast_6902,2025-10-15 14:00:00,3197.1719455153693,3465.2084131345127,3400.4767591073924
forecast_6903,2025-10-15 15:00:00,3362.536970903611,3234.9422342666217,3377.8494724284565
forecast_6904,2025-10-15 16:00:00,3149.27443455855,2554.420914667542,3392.84726572348
forecast_6905,2025-10-15 17:00:00,2795.339999307268,2681.625768965471,2106.583217430682
forecast_6906,2025-10-15 18:00:00,3124.611083143528,3101.609067526249,2212.6510796243992
forecast_6907,2025-10-15 19:00:00,3235.409897674395,3125.2445140184477,2998.843246537003
forecast_6908,2025-10-15 20:00:00,3408.0735728054206,3448.062199054281,3480.9416486149003
forecast_6909,2025-10-15 21:00:00,3883.808453105356,4007.6881412750204,3577.6678093667338
forecast_6910,2025-10-15 22:00:00,3838.315096671869,4280.066692473044,3786.9092326065697
forecast_6911,2025-10-15 23:00:00,3802.502188434089,4076.400978919958,3692.238367121763
forecast_6912,2025-10-16 00:00:00,3879.242314270335,4134.243779611324,3781.60949782539
forecast_6913,2025-10-16 01:00:00,3541.244937810869,3369.292022778034,3043.1254739958836
forecast_6914,2025-10-16 02:00:00,3549.2209289745365,3443.9254281813583,3217.5571230150813
forecast_6915,2025-10-16 03:00:00,3451.6492287819483,3588.041041779556,2996.663193163943
forecast_6916,2025-10-16 04:00:00,3055.271326459669,3266.491437832222,2998.6552289580804
forecast_6917,2025-10-16 05:00:00,3524.6096699740706,3599.4602431116245,3038.8962914808194
forecast_6918,2025-10-16 06:00:00,3630.605265171752,3894.166599995268,3185.176785942159
forecast_6919,2025-10-16 07:00:00,3616.795233942022,3827.516564442148,3140.9077958262365
forecast_6920,2025-10-16 08:00:00,3558.2479556000512,3884.551009861346,3133.2104599025115
forecast_6921,2025-10-16 09:00:00,3342.0249322523387,3684.26187531107,3119.0462658285655
forecast_6922,2025-10-16 10:00:00,3792.4982271475515,3886.914405091584,3243.973874298355
forecast_6923,2025-10-16 11:00:00,3646.9289827423713,3861.483643100993,3846.8116353128858
forecast_6924,2025-10-16 12:00:00,3818.8322363595294,4074.305058172729,3545.0687623126446
forecast_6925,2025-10-16 13:00:00,3925.323509655805,4235.590112253765,3614.101668444407
forecast_6926,2025-10-16 14:00:00,3784.5303771927565,4511.01076767031,3748.633462244645
forecast_6927,2025-10-16 15:00:00,3651.7278882559553,3925.063924750728,3236.8542978497376
forecast_6928,2025-10-16 16:00:00,3363.874442182641,3607.347168744876,2893.5758344830515
forecast_6929,2025-10-16 17:00:00,3458.8777525905907,3809.9089549522714,3027.3038815930645
forecast_6930,2025-10-16 18:00:00,3452.30181713501,3919.5456056808775,2977.104879083044
forecast_6931,2025-10-16 19:00:00,3629.5034872330602,4297.738141320079,3472.8811850840893
forecast_6932,2025-10-16 20:00:00,3911.444472301982,4698.777265389528,3522.514451318319
forecast_6933,2025-10-16 21:00:00,4187.905433380538,5244.604873639933,3743.9571244959516
forecast_6934,2025-10-16 22:00:00,4062.6310991474766,5103.926512217319,3772.6102603052736
forecast_6935,2025-10-16 23:00:00,3965.281874961227,4830.663901959488,3578.524071406066
forecast_6936,2025-10-17 00:00:00,4077.423656509556,4746.635190364071,3290.4847549779806
forecast_6937,2025-10-17 01:00:00,3987.0151340636153,4717.208096855189,3443.618902818317
forecast_6938,2025-10-17 02:00:00,3893.1739520844485,4788.332592680511,3305.98770573935
forecast_6939,2025-10-17 03:00:00,3840.788018278227,4214.087980380249,3164.685428156625
forecast_6940,2025-10-17 04:00:00,3763.8469178524265,4000.830463021031,3015.0305250535425
forecast_6941,2025-10-17 05:00:00,3736.3402647674466,3919.322263253152,2831.238723908084
forecast_6942,2025-10-17 06:00:00,3584.986965723513,3475.448131772048,2697.302353606792
forecast_6943,2025-10-17 07:00:00,3372.2541367141766,3073.2839073016994,2460.444288822636
forecast_6944,2025-10-17 08:00:00,3219.2278407136637,2928.6723186228246,2350.8942390568595
forecast_6945,2025-10-17 09:00:00,3354.5149533238364,3242.9607515749935,2629.195819141272
forecast_6946,2025-10-17 10:00:00,3546.510055779952,3467.762036427113,2804.0257372491606
forecast_6947,2025-10-17 11:00:00,3769.0941918090084,3299.1347596352653,2484.3077200899384
forecast_6948,2025-10-17 12:00:00,4283.778437988265,3206.687643164509,1191.8178719171826
forecast_6949,2025-10-17 13:00:00,4704.012460022702,3647.9531479160755,5849.979865865026
forecast_6950,2025-10-17 14:00:00,4988.793291992086,3225.3404339262092,4723.971506670442
forecast_6951,2025-10-17 15:00:00,4498.459312313432,3261.9901876376316,4699.733552016943
forecast_6952,2025-10-17 16:00:00,4431.519760665238,4295.532734258808,3088.695081831938
forecast_6953,2025-10-17 17:00:00,3897.157159812826,3615.098483696342,2953.874339592162
forecast_6954,2025-10-17 18:00:00,3993.8253129557497,3322.145261572861,4441.715967478253
forecast_6955,2025-10-17 19:00:00,3482.823700323694,3589.7377705968393,3105.527673743497
forecast_6956,2025-10-17 20:00:00,3893.786144250113,3580.774655865365,3381.341238606241
forecast_6957,2025-10-17 21:00:00,3656.683383990818,3738.5267169623353,3458.1550312512777
forecast_6958,2025-10-17 22:00:00,4286.0189857853065,4700.534120723937,3526.459223388843
forecast_6959,2025-10-17 23:00:00,4197.201085543825,4729.380874400987,3740.1311063095195
forecast_6960,2025-10-18 00:00:00,4153.438191160522,4617.997081860067,3707.2513090691477
forecast_6961,2025-10-18 01:00:00,4671.362714011167,3744.307729735989,3881.886959717429
forecast_6962,2025-10-18 02:00:00,4575.420167583209,4561.136908526595,3836.773791138548
forecast_6963,2025-10-18 03:00:00,3940.237277139156,3855.122042274156,3726.6824853423223
forecast_6964,2025-10-18 04:00:00,3822.0299369536488,3766.3784328992447,3805.551700620364
forecast_6965,2025-10-18 05:00:00,3966.4801990264154,3838.3264910406997,3998.5178312280195
forecast_6966,2025-10-18 06:00:00,3910.4741213540383,3800.036348162669,3338.9550614021346
forecast_6967,2025-10-18 07:00:00,3509.597515138857,3845.3972924813784,3221.756519200951
forecast_6968,2025-10-18 08:00:00,3074.0994075463,3495.6810995854075,2584.599116561764
forecast_6969,2025-10-18 09:00:00,3302.2757506157423,3472.736235306489,3139.461939037935
forecast_6970,2025-10-18 10:00:00,3572.325749241379,3584.353724399995,3242.410814744703
forecast_6971,2025-10-18 11:00:00,3607.208853185586,3675.6382121716942,3185.547665206395
forecast_6972,2025-10-18 12:00:00,3465.9063565275574,3527.2300359409937,3199.1764841306126
forecast_6973,2025-10-18 13:00:00,3391.248336483871,3625.217043894775,3013.043988614545
forecast_6974,2025-10-18 14:00:00,3704.847845295936,4031.602699747667,3303.5833193396006
forecast_6975,2025-10-18 15:00:00,3596.141053949838,3944.0422774824456,3199.5851985849326
forecast_6976,2025-10-18 16:00:00,3787.928032922798,3746.2818034332313,3351.1781660270467
forecast_6977,2025-10-18 17:00:00,3438.7358184977866,3398.6013922813113,3243.5478139824468
forecast_6978,2025-10-18 18:00:00,3290.3658970367687,3419.5886750986,3177.998222604246
forecast_6979,2025-10-18 19:00:00,3331.025043904553,3447.200017709626,3351.7973741368564
forecast_6980,2025-10-18 20:00:00,3370.6894867891197,3637.484000740927,3096.93684261139
forecast_6981,2025-10-18 21:00:00,3160.0703637184324,3335.9352229090164,2893.1484517240847
forecast_6982,2025-10-18 22:00:00,3058.4053241792253,3294.879296077756,2870.955452515199
forecast_6983,2025-10-18 23:00:00,3374.83241021679,3534.714053058512,3243.159574129148
forecast_6984,2025-10-19 00:00:00,3328.7874378398333,3408.0099692107196,3179.4810382879036
forecast_6985,2025-10-19 01:00:00,2873.1032402770734,3240.068039615856,2935.278443194554
forecast_6986,2025-10-19 02:00:00,2822.0415948829195,3063.5156645542706,2926.3246405149334
forecast_6987,2025-10-19 03:00:00,3230.5620551894854,2993.793552633775,2321.3392177688816
forecast_6988,2025-10-19 04:00:00,3365.985694159959,3282.4853275713317,1191.2842840954681
forecast_6989,2025-10-19 05:00:00,3428.400043622064,3284.5720840928925,1140.8779438308854
forecast_6990,2025-10-19 06:00:00,3527.989451962072,3491.3338771435233,113.45642551601169
forecast_6991,2025-10-19 07:00:00,3224.132019668914,3508.127339852275,1080.970447704409
forecast_6992,2025-10-19 08:00:00,3729.33430085144,3774.709073589909,1142.3939148943969
forecast_6993,2025-10-19 09:00:00,4123.553517433098,3879.3505512153915,4120.981134470435
forecast_6994,2025-10-19 10:00:00,4555.789024396709,3918.7936420185156,5443.192810311633
forecast_6995,2025-10-19 11:00:00,4830.930231723247,3830.7122247223224,4724.062579446156
forecast_6996,2025-10-19 12:00:00,3847.792367861189,3535.687299920617,4293.093231077593
forecast_6997,2025-10-19 13:00:00,3578.1052861499697,3561.8328284881904,3207.8006011882635
forecast_6998,2025-10-19 14:00:00,3670.6434421315953,3812.9874489388017,3698.4657258769166
forecast_6999,2025-10-19 15:00:00,4286.455399437316,4141.630533692822,3849.055831167104
forecast_7000,2025-10-19 16:00:00,5021.78778493894,5303.956061273358,4675.988471495485
forecast_7001,2025-10-19 17:00:00,5247.609701011522,5411.58949842664,4394.708230750001
forecast_7002,2025-10-19 18:00:00,5219.442999427924,5857.767182476448,4589.316248648451
forecast_7003,2025-10-19 19:00:00,5842.303493053539,5942.120631202497,4361.9328797273265
forecast_7004,2025-10-19 20:00:00,5801.158195189099,5913.791855812591,4137.270674155326
forecast_7005,2025-10-19 21:00:00,5443.776313025637,5763.566399686332,4031.717376061641
forecast_7006,2025-10-19 22:00:00,6095.1639867354,6317.865176146266,3700.847129867491
forecast_7007,2025-10-19 23:00:00,5666.373784914224,6124.141227095694,3826.15793498218
forecast_7008,2025-10-20 00:00:00,4142.512783813455,3876.192067242269,3719.5240242328146
forecast_7009,2025-10-20 01:00:00,3797.6263826833265,3682.5875873513137,2945.754367245614
forecast_7010,2025-10-20 02:00:00,3587.4752431616857,3691.4875769504238,3394.0871759421225
forecast_7011,2025-10-20 03:00:00,3410.136560778434,3520.3419488934433,3496.612746267548
forecast_7012,2025-10-20 04:00:00,3534.712522526486,3633.7975127871473,3580.0892258101376
forecast_7013,2025-10-20 05:00:00,3447.7279269819,3596.1818044893726,3330.532947692162
forecast_7014,2025-10-20 06:00:00,3604.8271657115506,3497.441432268279,2832.6819063871685
forecast_7015,2025-10-20 07:00:00,3445.992151745059,3476.8554694750087,2821.587620603772
forecast_7016,2025-10-20 08:00:00,3308.0996803321304,3509.2489717767617,2741.8931682755056
forecast_7017,2025-10-20 09:00:00,3306.6838308672873,3451.8658835544534,2747.0846739541366
forecast_7018,2025-10-20 10:00:00,3526.4153682430124,3461.292250518434,2955.1436806024985
forecast_7019,2025-10-20 11:00:00,3521.341022666519,3480.8768200739974,3060.2505251621255
forecast_7020,2025-10-20 12:00:00,3527.872990563657,3798.3566187011475,3407.713846929386
forecast_7021,2025-10-20 13:00:00,3597.5340537418824,3776.0232603757736,3528.6336871167236
forecast_7022,2025-10-20 14:00:00,3190.732867075362,3841.679086273719,3235.549027331531
forecast_7023,2025-10-20 15:00:00,2786.8762772434798,3751.4639249593715,3027.5917620622113
forecast_7024,2025-10-20 16:00:00,3310.9824362047157,3684.3395365065658,3082.0615655728257
forecast_7025,2025-10-20 17:00:00,3327.4609855182416,3666.0340393531123,3146.918839844487
forecast_7026,2025-10-20 18:00:00,3438.193731403359,3726.395144379852,2844.146302770148
forecast_7027,2025-10-20 19:00:00,2869.8784239249453,3323.0848364297117,187.09533926973887
forecast_7028,2025-10-20 20:00:00,2787.397514806492,3032.904696375559,65.09789960920608
forecast_7029,2025-10-20 21:00:00,2916.1413244030764,3038.4650834063364,36.21187791796077
forecast_7030,2025-10-20 22:00:00,3038.667890141458,3060.3146227114144,7.707655748011704
forecast_7031,2025-10-20 23:00:00,3191.4715038389954,3444.9373494079464,1492.2421251232056
forecast_7032,2025-10-21 00:00:00,3652.405390894609,3490.825616430079,1458.7438618237845
forecast_7033,2025-10-21 01:00:00,4327.351017370857,3796.5466942899247,2346.801550924538
forecast_7034,2025-10-21 02:00:00,3454.012986198829,3820.709137116171,3569.1264717537642
forecast_7035,2025-10-21 03:00:00,3493.570470240337,3638.981506198426,3385.6064485781576
forecast_7036,2025-10-21 04:00:00,3751.3814137505906,3650.730936308959,2509.2192391417643
forecast_7037,2025-10-21 05:00:00,3682.290487438493,3436.281910676432,3713.8894241286844
forecast_7038,2025-10-21 06:00:00,3462.921236803554,3105.0480132399152,2955.9996252067667
forecast_7039,2025-10-21 07:00:00,3461.131551573609,3165.5566305925013,3624.2801619449288
forecast_7040,2025-10-21 08:00:00,3016.4213196642854,3081.9339674732723,2532.6765793426903
forecast_7041,2025-10-21 09:00:00,2601.6033820035996,3595.9004955408204,2509.5140351225828
forecast_7042,2025-10-21 10:00:00,2606.8486090509095,2970.7496714661597,1791.0260647577986
forecast_7043,2025-10-21 11:00:00,3680.4247030544484,3113.7795136460595,29.474476711416628
forecast_7044,2025-10-21 12:00:00,3478.8239443800567,2697.812791280283,12.311359283374996
forecast_7045,2025-10-21 13:00:00,2916.0685384720005,2431.7416170022393,2366.5951583787955
forecast_7046,2025-10-21 14:00:00,2268.735123230166,2380.8833039818,2197.284106046653
forecast_7047,2025-10-21 15:00:00,2812.979017227198,2747.0765647514113,2394.9883762431086
forecast_7048,2025-10-21 16:00:00,3253.19517183185,3430.7404198162753,3313.6613243900206
forecast_7049,2025-10-21 17:00:00,3033.383021440131,3452.4383255782936,2848.185025844592
forecast_7050,2025-10-21 18:00:00,4147.797500289508,3363.7230815284925,2648.6084675443326
forecast_7051,2025-10-21 19:00:00,4716.743932019943,4124.944610655309,3142.4876142701464
forecast_7052,2025-10-21 20:00:00,3812.0657459889862,3522.4242288870705,2847.1811612361594
forecast_7053,2025-10-21 21:00:00,3750.3748565799624,3485.7389617953386,3240.5377599636845
forecast_7054,2025-10-21 22:00:00,3792.279884147169,3517.9227874343724,2998.589683692752
forecast_7055,2025-10-21 23:00:00,3621.041850291014,3345.054504103669,2951.9499683045537
forecast_7056,2025-10-22 00:00:00,3508.492096815199,3599.1220514554966,3210.411413234831
forecast_7057,2025-10-22 01:00:00,3843.3783472463288,3617.1506652138446,2864.192772915409
forecast_7058,2025-10-22 02:00:00,3169.5432889488648,3487.794943608679,3341.562445395473
forecast_7059,2025-10-22 03:00:00,3122.047637913802,3398.1880745227218,3453.2194499334723
forecast_7060,2025-10-22 04:00:00,3145.2305048571598,3175.0779012941252,3093.8908862030385
forecast_7061,2025-10-22 05:00:00,2939.6314020488917,3154.025551406327,3113.1395052506914
forecast_7062,2025-10-22 06:00:00,3072.299147197811,3299.5623811035994,3457.2444269654748
forecast_7063,2025-10-22 07:00:00,3171.3190289170775,3407.909890478577,3342.7966759571163
forecast_7064,2025-10-22 08:00:00,3093.223800108507,3405.5539651167305,2907.6275067254787
forecast_7065,2025-10-22 09:00:00,3205.0435046451285,3404.4898478714777,2923.8921593198156
forecast_7066,2025-10-22 10:00:00,3232.9603754469367,3314.8653954940714,3207.1343161046148
forecast_7067,2025-10-22 11:00:00,3306.8207043402394,3346.7432626709838,2984.8367565501
forecast_7068,2025-10-22 12:00:00,3296.132534726027,3533.1082115051554,3328.5546808748177
forecast_7069,2025-10-22 13:00:00,3332.7135920466894,3782.430841620563,3222.9294723120966
forecast_7070,2025-10-22 14:00:00,3675.6848988836005,3674.6487115430355,3257.607062393333
forecast_7071,2025-10-22 15:00:00,3356.2781376663743,4008.1087115080672,3128.246669824704
forecast_7072,2025-10-22 16:00:00,3272.0339947751213,4134.081466080683,3323.175848641994
forecast_7073,2025-10-22 17:00:00,3510.536988491039,3150.3829984223685,2373.1870672167793
forecast_7074,2025-10-22 18:00:00,3566.883314877154,2987.694140844402,270.3984155508903
forecast_7075,2025-10-22 19:00:00,3515.1581242755824,2700.830145513296,1852.774018164285
forecast_7076,2025-10-22 20:00:00,3292.601577374879,2923.1248740022743,1145.2601938830542
forecast_7077,2025-10-22 21:00:00,3265.855300046643,3763.0001976346507,210.22147984664647
forecast_7078,2025-10-22 22:00:00,3246.2777003919477,3431.0732902916493,3882.3846787131015
forecast_7079,2025-10-22 23:00:00,3705.540858495965,3739.706954238533,3690.683250799878
forecast_7080,2025-10-23 00:00:00,3484.9622146070396,4010.966630573492,3702.7233485109523
forecast_7081,2025-10-23 01:00:00,3093.9149894174247,2951.416307381605,1053.3298906150524
forecast_7082,2025-10-23 02:00:00,2903.0048219140594,2962.010682929713,1048.0651143802331
forecast_7083,2025-10-23 03:00:00,3167.2743221449305,3063.9968294273795,1047.6261465430143
forecast_7084,2025-10-23 04:00:00,3250.2762935859228,3671.7017753747355,1059.703033725427
forecast_7085,2025-10-23 05:00:00,3633.4571064685047,3538.3072771731413,4.5482597301968415
forecast_7086,2025-10-23 06:00:00,3593.1661006049426,3479.5146788772963,1.2926436342264984
forecast_7087,2025-10-23 07:00:00,3525.855437634753,3483.1596497245896,0.5850705197302639
forecast_7088,2025-10-23 08:00:00,3599.0837552629027,3349.2333900464682,0.28469925739133195
forecast_7089,2025-10-23 09:00:00,3217.623036065988,3165.9308886931485,1.7262267286906456
forecast_7090,2025-10-23 10:00:00,3232.5030577645734,3263.8772272334686,3.5068185460987777
forecast_7091,2025-10-23 11:00:00,3969.2515996632605,3350.0070542313742,12.765327188298222
forecast_7092,2025-10-23 12:00:00,1156.0588570255359,2496.28247974761,19.64166490822807
forecast_7093,2025-10-23 13:00:00,1229.2304816401495,2958.092362556755,2375.451211532527
forecast_7094,2025-10-23 14:00:00,1221.082574862428,2536.347408331228,2222.432595229768
forecast_7095,2025-10-23 15:00:00,7328.524585155625,4933.641869852718,3995.884338189509
forecast_7096,2025-10-23 16:00:00,12251.843072978521,8403.313357258925,12920.927163922112
forecast_7097,2025-10-23 17:00:00,7416.532767845258,4961.151261490087,12305.983120004936
forecast_7098,2025-10-23 18:00:00,5157.141955715519,5019.591237522264,4495.043515181588
forecast_7099,2025-10-23 19:00:00,4543.298046498304,4230.410619785034,4561.881699355453
forecast_7100,2025-10-23 20:00:00,3265.095259810535,3603.5367730292,3128.018435547854
forecast_7101,2025-10-23 21:00:00,3470.715422864871,3376.0760786453347,3001.932949665617
forecast_7102,2025-10-23 22:00:00,3933.6851127886575,3363.5485635447976,2724.2248004876897
forecast_7103,2025-10-23 23:00:00,4063.542910757808,3781.5478233567605,2990.44844623008
forecast_7104,2025-10-24 00:00:00,4255.3764552606335,3932.8857814526514,3068.606488337248
forecast_7105,2025-10-24 01:00:00,3967.5201835212583,4229.104979162298,3019.2865921704974
forecast_7106,2025-10-24 02:00:00,3143.83392229215,3268.752340080433,2859.8443206094335
forecast_7107,2025-10-24 03:00:00,3404.606425942465,3369.706664254687,2984.066944366808
forecast_7108,2025-10-24 04:00:00,3463.9195823265745,3432.4358048436025,3280.6843823131076
forecast_7109,2025-10-24 05:00:00,3102.899180722325,3410.1000585780243,3207.3242905186185
forecast_7110,2025-10-24 06:00:00,3368.3023363012812,3473.714401880019,3234.7148234446486
forecast_7111,2025-10-24 07:00:00,3329.7957876023534,3465.9966095862983,2858.7926743253024
forecast_7112,2025-10-24 08:00:00,3434.3570384998893,3624.7619908806955,3003.059045207389
forecast_7113,2025-10-24 09:00:00,3575.6531302848402,3846.4749317489045,3296.058511941186
forecast_7114,2025-10-24 10:00:00,3825.6786325175567,4247.068832027385,3654.477230830748
forecast_7115,2025-10-24 11:00:00,3795.6252270151194,4082.118740508083,3775.3642255027344
forecast_7116,2025-10-24 12:00:00,3691.320032439704,3786.2020984626424,3424.2046503628026
forecast_7117,2025-10-24 13:00:00,3553.35970656538,3572.368629814505,3443.625121248487
forecast_7118,2025-10-24 14:00:00,3368.4103910820686,3577.841876186976,2755.913011372184
forecast_7119,2025-10-24 15:00:00,3160.0132623018985,3268.199293270658,3281.1015478739587
forecast_7120,2025-10-24 16:00:00,3149.535596197153,2955.8358268308043,2433.6854913629795
forecast_7121,2025-10-24 17:00:00,3426.566852816887,3147.4010487933115,2470.030643356602
forecast_7122,2025-10-24 18:00:00,3149.0650349927037,2952.7747304958402,2463.317282345674
forecast_7123,2025-10-24 19:00:00,3339.9491166018006,3319.088362779367,2741.4238299547956
forecast_7124,2025-10-24 20:00:00,3473.528745264545,3428.8344582505392,2871.3358527692935
forecast_7125,2025-10-24 21:00:00,3817.1407467837143,3690.730578263484,3277.6853528569054
forecast_7126,2025-10-24 22:00:00,4182.669613704546,4086.571047733824,3414.571225978695
forecast_7127,2025-10-24 23:00:00,4244.063161230342,4093.182832009354,3480.6466543163156
forecast_7128,2025-10-25 00:00:00,3909.7882657952778,3854.7969921241984,3257.110379656545
forecast_7129,2025-10-25 01:00:00,3787.2668747882544,3766.045845532354,3446.632199802702
forecast_7130,2025-10-25 02:00:00,3768.748562276735,3790.2720100992833,3454.309184886255
forecast_7131,2025-10-25 03:00:00,3853.9624699624114,3760.820345428961,3364.2765113683445
forecast_7132,2025-10-25 04:00:00,3945.3538935872334,3878.426929700149,3593.0488477229724
forecast_7133,2025-10-25 05:00:00,3679.4325996786506,3603.0793205154678,3141.4837623482726
forecast_7134,2025-10-25 06:00:00,3747.3560274299716,3591.4154213604293,3423.294430660894
forecast_7135,2025-10-25 07:00:00,3758.789330322208,3851.818476417924,3448.530442283742
forecast_7136,2025-10-25 08:00:00,3703.0552124413075,3613.9555445663223,3093.3563430571176
forecast_7137,2025-10-25 09:00:00,3504.1204296182755,3648.2490149831924,3418.3539139875925
forecast_7138,2025-10-25 10:00:00,3615.276927413761,3773.202468940258,3224.713673205967
forecast_7139,2025-10-25 11:00:00,3388.1454965583835,3378.058669785458,4108.665810127729
forecast_7140,2025-10-25 12:00:00,3076.549290043869,3215.2780464653138,3281.290201349563
forecast_7141,2025-10-25 13:00:00,3576.2924740306075,3271.5538686540544,3466.267368827347
forecast_7142,2025-10-25 14:00:00,3855.4752611583867,3424.604134554091,3151.644466436752
forecast_7143,2025-10-25 15:00:00,3454.5997488317826,3448.543344675484,2594.263940626968
forecast_7144,2025-10-25 16:00:00,4151.974212046287,3762.027867578475,3095.101763394333
forecast_7145,2025-10-25 17:00:00,4138.4934855729825,3888.674539291976,2876.899445857937
forecast_7146,2025-10-25 18:00:00,3372.3149381602925,3182.054517576996,2850.7542797718274
forecast_7147,2025-10-25 19:00:00,3302.4721543252076,3377.3333163303637,4368.127322124356
forecast_7148,2025-10-25 20:00:00,3348.9127658130697,3331.996033112975,3782.5066716348138
forecast_7149,2025-10-25 21:00:00,4445.747553246124,5045.474870700321,3663.322909284748
forecast_7150,2025-10-25 22:00:00,3833.9938756416714,3607.3108769907853,3412.4447132434584
forecast_7151,2025-10-25 23:00:00,3821.7496048209914,3862.806169107852,3426.7138767818324
forecast_7152,2025-10-26 00:00:00,3728.886740895052,3635.1424831693594,3410.0007476278465
forecast_7153,2025-10-26 01:00:00,3813.59888127905,3639.959848033244,3155.911716252442
forecast_7154,2025-10-26 02:00:00,3645.2513468320444,3390.2921646880254,3263.6237379565387
forecast_7155,2025-10-26 03:00:00,3638.1159284652426,3541.771539112532,3066.6099157300723
forecast_7156,2025-10-26 04:00:00,3844.470008935502,3713.06692474551,3214.82408839296
forecast_7157,2025-10-26 05:00:00,3777.054667554194,3891.677867331637,3327.361792086996
forecast_7158,2025-10-26 06:00:00,3928.5987415647564,3772.9824896202063,3338.8654101097068
forecast_7159,2025-10-26 07:00:00,4035.45831154417,3932.55301017728,3587.792145707892
forecast_7160,2025-10-26 08:00:00,5629.8158458959,4565.313674592876,3735.965262673071
forecast_7161,2025-10-26 09:00:00,4161.141307160512,4109.0447948416095,3828.808927201346
forecast_7162,2025-10-26 10:00:00,4518.375874859097,4342.486176593754,3650.9287394672215
forecast_7163,2025-10-26 11:00:00,3870.504852937666,3767.297671373286,3959.141262718357
forecast_7164,2025-10-26 12:00:00,3714.9680155412866,3824.198359254978,3755.481912787044
forecast_7165,2025-10-26 13:00:00,3974.6347978629997,3689.9416047051677,3418.975851125177
forecast_7166,2025-10-26 14:00:00,4089.9341811654217,3953.8224468335543,3362.722483765011
forecast_7167,2025-10-26 15:00:00,4364.5053247665755,4151.487617970259,3418.95926141911
forecast_7168,2025-10-26 16:00:00,4406.471846530846,3906.0635413116333,3598.3077568145995
forecast_7169,2025-10-26 17:00:00,4703.790543651333,4393.026975761922,3774.669372740294
forecast_7170,2025-10-26 18:00:00,5951.111276913468,5567.1829409690545,4469.654977118505
forecast_7171,2025-10-26 19:00:00,6064.543447994026,6310.249889305965,5087.627859576761
forecast_7172,2025-10-26 20:00:00,7949.390683527472,8102.549742785523,6286.434388413634
forecast_7173,2025-10-26 21:00:00,10023.417669122095,10615.77908370082,8298.181303942109
forecast_7174,2025-10-26 22:00:00,11664.890980313556,12889.489984718217,9552.90818525588
forecast_7175,2025-10-26 23:00:00,11834.029475669015,13150.440226102073,10669.574712279968
forecast_7176,2025-10-27 00:00:00,11882.7633929177,13314.385340335453,10692.184333099498
forecast_7177,2025-10-27 01:00:00,14624.888781125894,15669.80039587122,13431.97704059744
forecast_7178,2025-10-27 02:00:00,16457.475467719098,16918.460694003326,14309.33991101299
forecast_7179,2025-10-27 03:00:00,17332.51413512641,18062.91914682255,15499.056208756356
forecast_7180,2025-10-27 04:00:00,17660.361326831528,18391.26502061754,15540.284562754465
forecast_7181,2025-10-27 05:00:00,16682.890860092364,17673.048270363055,15210.651142296607
forecast_7182,2025-10-27 06:00:00,14809.384075199632,16205.92245742065,11895.404523088419
forecast_7183,2025-10-27 07:00:00,13313.202496713036,16404.623550948967,10627.421016486409
forecast_7184,2025-10-27 08:00:00,12690.270571434829,14933.013892837955,9806.402638199668
forecast_7185,2025-10-27 09:00:00,12184.413960320939,13559.843321905646,9013.144282520274
forecast_7186,2025-10-27 10:00:00,11362.873261529818,12579.306176369242,8373.8927421479
forecast_7187,2025-10-27 11:00:00,11508.775039453532,11814.549706983144,9231.555718905645
forecast_7188,2025-10-27 12:00:00,11508.028566015237,12071.590889319927,9381.577850318205
forecast_7189,2025-10-27 13:00:00,12302.306312740062,12722.825200367328,9892.08684740398
forecast_7190,2025-10-27 14:00:00,13148.80943155865,13701.138509675196,10418.29295917813
forecast_7191,2025-10-27 15:00:00,13766.557301612225,14678.00440228383,10996.231470198132
forecast_7192,2025-10-27 16:00:00,14437.338842200708,15491.451486275699,11303.109979725165
forecast_7193,2025-10-27 17:00:00,13908.113824743856,14871.117216618964,10975.08930254769
forecast_7194,2025-10-27 18:00:00,13269.434614768397,13999.88824996084,9927.96102397053
forecast_7195,2025-10-27 19:00:00,12072.282060173813,12876.208735261998,9697.948607419601
forecast_7196,2025-10-27 20:00:00,11447.940998273953,12017.688882327671,10158.304777494433
forecast_7197,2025-10-27 21:00:00,11289.869306236053,12296.949207621867,10648.535088217368
forecast_7198,2025-10-27 22:00:00,11356.63253905983,12970.923956807128,10106.209943232188
forecast_7199,2025-10-27 23:00:00,11771.223378039143,13285.939250968653,9992.043423341967
forecast_7200,2025-10-28 00:00:00,12716.750410115397,13040.79755560163,9584.42930997112
forecast_7201,2025-10-28 01:00:00,12039.918867886274,14419.33841436706,10469.456102634702
forecast_7202,2025-10-28 02:00:00,13512.451316763552,14819.478368340437,10639.480166394658
forecast_7203,2025-10-28 03:00:00,14056.92402783808,15272.890111224004,10652.855419151885
forecast_7204,2025-10-28 04:00:00,13313.280995618297,13937.405673126845,9453.835508854765
forecast_7205,2025-10-28 05:00:00,11774.379521118128,12830.230259513008,9004.21941178448
forecast_7206,2025-10-28 06:00:00,11046.975683536031,11952.7969197908,8724.92244350064
forecast_7207,2025-10-28 07:00:00,10554.959392559616,11782.266917874018,7947.171595480267
forecast_7208,2025-10-28 08:00:00,8851.418395487632,8745.75693898473,6557.390719620357
forecast_7209,2025-10-28 09:00:00,6225.3936934573185,6415.090945236539,4780.261302276804
forecast_7210,2025-10-28 10:00:00,4210.373162676658,4183.009594132143,4439.462948746589
forecast_7211,2025-10-28 11:00:00,3975.5560248056845,4027.8762351573364,3831.1682242910456
forecast_7212,2025-10-28 12:00:00,3953.876189525576,3856.439317846615,3394.4926712089778
forecast_7213,2025-10-28 13:00:00,4272.967272385721,3851.8058352855546,3456.50435354111
forecast_7214,2025-10-28 14:00:00,4365.364735841866,4151.300783987621,3361.6944608039767
forecast_7215,2025-10-28 15:00:00,4443.20487138416,4044.7658095936436,3595.6187842492604
forecast_7216,2025-10-28 16:00:00,3885.9264230411527,3843.6716451455577,3674.6230507405066
forecast_7217,2025-10-28 17:00:00,3892.8581333715806,3987.794417556283,3686.8068730203654
forecast_7218,2025-10-28 18:00:00,4299.245036487091,4199.773424244457,3726.2603920761635
forecast_7219,2025-10-28 19:00:00,5154.989311679088,5131.273977101751,4761.999510890037
forecast_7220,2025-10-28 20:00:00,6792.418961623169,7033.768127119772,6140.904966678081
forecast_7221,2025-10-28 21:00:00,8059.703077659943,8593.2927693694,7027.799360158616
forecast_7222,2025-10-28 22:00:00,9042.325115270118,9474.65630037724,7230.624861822394
forecast_7223,2025-10-28 23:00:00,8623.60430757606,8994.526997088878,7076.457665673852
forecast_7224,2025-10-29 00:00:00,8718.578435418482,9084.55118625591,7210.666899295341
forecast_7225,2025-10-29 01:00:00,5817.797202418028,6116.387552975889,3820.877455671516
forecast_7226,2025-10-29 02:00:00,5770.396553925052,5470.815674779019,3821.6767456044636
forecast_7227,2025-10-29 03:00:00,5715.017489005017,5335.284104247165,3546.8817552500486
forecast_7228,2025-10-29 04:00:00,5676.686888361554,5016.730068554035,3554.173936113901
forecast_7229,2025-10-29 05:00:00,5384.710428508807,5137.179481952836,3449.8640913038485
forecast_7230,2025-10-29 06:00:00,4593.817454642173,4241.490023133766,3207.223105011906
forecast_7231,2025-10-29 07:00:00,3915.8420666249167,3820.25954097579,3183.1213671565097
forecast_7232,2025-10-29 08:00:00,3456.8682409278886,3497.4798988649222,3147.2312591276227
forecast_7233,2025-10-29 09:00:00,2996.590584205885,3294.6141417467934,3197.647089836041
forecast_7234,2025-10-29 10:00:00,2584.863233905594,2996.108715517087,2130.6843150315767
forecast_7235,2025-10-29 11:00:00,1069.1328612156917,2090.167022796221,24.47511051941131
forecast_7236,2025-10-29 12:00:00,3037.76935905678,2061.240019667051,0.05191349102946485
forecast_7237,2025-10-29 13:00:00,3036.433580536638,2137.3673524258234,0.07997128737714208
forecast_7238,2025-10-29 14:00:00,4.108019731228671,2105.9895204155596,2251.4649715378805
forecast_7239,2025-10-29 15:00:00,2998.4665084687167,3618.1155855365064,3479.2177535558776
forecast_7240,2025-10-29 16:00:00,4133.807701487807,4781.27927211764,4126.53315665087
forecast_7241,2025-10-29 17:00:00,3866.3572987118764,3948.4752977533585,5941.339506326418
forecast_7242,2025-10-29 18:00:00,5888.4421573441105,6143.561006196943,3865.4182469992597
forecast_7243,2025-10-29 19:00:00,4408.950163884544,5575.78854044088,3589.0167318596423
forecast_7244,2025-10-29 20:00:00,3742.1959425422015,3447.9250902416784,3614.9631296262855
forecast_7245,2025-10-29 21:00:00,3979.6497759997224,3837.6535563202387,3478.7423355289893
forecast_7246,2025-10-29 22:00:00,3842.7012946463205,3843.3018472692,3385.095256792092
forecast_7247,2025-10-29 23:00:00,4495.0713677758595,4470.643099821508,3486.5295530379826
forecast_7248,2025-10-30 00:00:00,5063.341759109125,4932.480169816625,3826.4026029959396
forecast_7249,2025-10-30 01:00:00,7345.607881218707,7824.550272069778,4881.397072471437
forecast_7250,2025-10-30 02:00:00,8045.55205046158,9415.352294087128,5720.592971294454
forecast_7251,2025-10-30 03:00:00,11163.96379582313,10669.61239613615,7251.238104669161
forecast_7252,2025-10-30 04:00:00,11166.311558782047,11312.302891090172,8415.234571249639
forecast_7253,2025-10-30 05:00:00,12335.930863076193,12941.304766203182,9515.182603606572
forecast_7254,2025-10-30 06:00:00,11662.762419672137,11969.163271718104,8905.338190199887
forecast_7255,2025-10-30 07:00:00,10856.690128925886,10665.720186400364,7655.117988715574
forecast_7256,2025-10-30 08:00:00,9268.55251154818,8637.651937734516,5889.838943021857
forecast_7257,2025-10-30 09:00:00,7689.170927515558,6836.574401997221,4635.245563970303
forecast_7258,2025-10-30 10:00:00,5586.286572130534,4943.504863393676,3792.7114313145635
forecast_7259,2025-10-30 11:00:00,4208.663344986873,4382.295592494101,3882.5535938335743
forecast_7260,2025-10-30 12:00:00,3830.2265997674276,3687.2937968691363,3394.2484140947336
forecast_7261,2025-10-30 13:00:00,3614.760317399104,3683.8112409667297,3277.262292489868
forecast_7262,2025-10-30 14:00:00,3669.8543512695583,3734.3010464067656,3506.7820075999425
forecast_7263,2025-10-30 15:00:00,5007.021979530307,4651.671381224166,3395.977797923051
forecast_7264,2025-10-30 16:00:00,3719.318212461086,3507.9424443215275,3467.7358210972716
forecast_7265,2025-10-30 17:00:00,3967.4664922503557,3801.6807020612205,3393.3828315776204
forecast_7266,2025-10-30 18:00:00,3600.099187217548,3572.895767213657,3307.60719882914
forecast_7267,2025-10-30 19:00:00,3611.87307567605,3716.073760065952,3348.442349595304
forecast_7268,2025-10-30 20:00:00,3822.533390231105,3541.846177848603,3403.570989515741
forecast_7269,2025-10-30 21:00:00,3634.923780201221,3744.9712838953133,3530.2029140933364
forecast_7270,2025-10-30 22:00:00,3724.1161241270715,3637.612392622507,3394.2058775391874
forecast_7271,2025-10-30 23:00:00,3661.520774794824,3679.2319107221656,3369.304993983345
forecast_7272,2025-10-31 00:00:00,3650.929388031416,3727.18284060531,3392.9531003863963
forecast_7273,2025-10-31 01:00:00,4300.270052955542,3642.9436795545294,3205.0870833871327
forecast_7274,2025-10-31 02:00:00,3358.2325887630564,3042.9025831641343,3300.656758150569
forecast_7275,2025-10-31 03:00:00,3555.8789113975845,3310.7280063794287,3226.047072616454
forecast_7276,2025-10-31 04:00:00,3532.077432253041,3304.5775288275686,2144.962536798715
forecast_7277,2025-10-31 05:00:00,3412.5675491852107,3424.857474569302,829.5852763540289
forecast_7278,2025-10-31 06:00:00,3089.1124746513615,3599.1629290610654,97.03290630368068
forecast_7279,2025-10-31 07:00:00,3722.38479608506,3303.200021692043,83.85023102780028
forecast_7280,2025-10-31 08:00:00,2650.792593053383,2881.497563172563,88.13604573029376
forecast_7281,2025-10-31 09:00:00,3778.005280399304,3456.5220917158276,1045.250762958781
forecast_7282,2025-10-31 10:00:00,3456.6179185313613,2980.681305446916,1782.6031534664596
forecast_7283,2025-10-31 11:00:00,3039.979651381136,3017.245316553933,1734.993959763641
forecast_7284,2025-10-31 12:00:00,4918.055869785888,2916.875380328174,859.7671826031462
forecast_7285,2025-10-31 13:00:00,165.97329705141829,149.1983149332464,93.83218655530526
forecast_7286,2025-10-31 14:00:00,96.08678200713652,93.96621872318005,57.68352465853903
forecast_7287,2025-10-31 15:00:00,76.01605760076896,69.88436141610688,48.35087177916727
forecast_7288,2025-10-31 16:00:00,71.19673075788931,69.76493328937677,56.477872595590625
forecast_7289,2025-10-31 17:00:00,4112.07407054852,5265.04754083812,2191.783822622458
forecast_7290,2025-10-31 18:00:00,3960.7817994509805,4391.91193084683,3674.5155382846633
forecast_7291,2025-10-31 19:00:00,3644.234964806732,3615.941221691785,3178.67006389099
forecast_7292,2025-10-31 20:00:00,4999.932437340222,5073.764671684172,3918.2487877521708
forecast_7293,2025-10-31 21:00:00,7556.509552380385,7341.4806336154,4534.6400578762805
forecast_7294,2025-10-31 22:00:00,8892.436282676725,8333.289370844073,5085.028386528297
forecast_7295,2025-10-31 23:00:00,8087.7859258852495,7949.098383596729,5662.814617036076
forecast_7296,2025-11-01 00:00:00,8086.678627465899,8231.601699623585,5742.665520584968
forecast_7297,2025-11-01 01:00:00,8586.668685506007,10128.320551442685,6312.847535590427
forecast_7298,2025-11-01 02:00:00,8302.23682061048,9167.834994875197,6175.712479597769
forecast_7299,2025-11-01 03:00:00,8182.562112493965,8381.349573559606,6504.00494198596
forecast_7300,2025-11-01 04:00:00,9486.566595197586,10015.902793749341,8514.024915323422
forecast_7301,2025-11-01 05:00:00,11539.111789457498,12859.444194755744,10542.636314272399
forecast_7302,2025-11-01 06:00:00,12971.120425938156,14248.755823543655,12036.235479790656
forecast_7303,2025-11-01 07:00:00,13583.739827852954,14920.713284767504,12043.236657174299
forecast_7304,2025-11-01 08:00:00,13722.077299446455,15315.940931845802,12097.791480972217
forecast_7305,2025-11-01 09:00:00,14344.438513029645,15949.348620069819,12036.280318418507
forecast_7306,2025-11-01 10:00:00,13949.26539249279,15675.39301990242,11673.233808119288
forecast_7307,2025-11-01 11:00:00,13704.80920822984,14358.593806966248,10623.727908962328
forecast_7308,2025-11-01 12:00:00,13203.597980452072,13177.509125827439,10152.051054807438
forecast_7309,2025-11-01 13:00:00,13256.96010147204,13059.566555278658,10044.235735147842
forecast_7310,2025-11-01 14:00:00,13273.890780366804,13078.054504316395,9975.790309226264
forecast_7311,2025-11-01 15:00:00,12962.893284018444,12993.66033888986,10149.85636404715
forecast_7312,2025-11-01 16:00:00,12817.65706858345,12781.008067011444,9874.843864976008
forecast_7313,2025-11-01 17:00:00,12606.74843680344,12307.000514935027,9856.091898682074
forecast_7314,2025-11-01 18:00:00,12570.90792636614,13022.567356750576,10278.979363547583
forecast_7315,2025-11-01 19:00:00,12796.457979103723,13008.575241779485,11075.616194564684
forecast_7316,2025-11-01 20:00:00,13590.635433508665,14891.210946561743,12197.460987478153
forecast_7317,2025-11-01 21:00:00,14675.22941443246,14767.238954398403,12484.777679238787
forecast_7318,2025-11-01 22:00:00,15632.349728954772,15824.706342261243,14121.134533735507
forecast_7319,2025-11-01 23:00:00,16270.787838855691,16675.622411051954,15077.128118923934
forecast_7320,2025-11-02 00:00:00,16576.536068965586,17248.11869904996,16122.946041118166
forecast_7321,2025-11-02 01:00:00,16381.584047383776,17449.21623508096,15523.301253527477
forecast_7322,2025-11-02 02:00:00,16361.812324133181,17103.787741248987,15036.424551513413
forecast_7323,2025-11-02 03:00:00,15835.628778531447,16721.568201007627,14154.533582141044
forecast_7324,2025-11-02 04:00:00,15763.092094711754,16705.65372566928,14429.025101017656
forecast_7325,2025-11-02 05:00:00,16234.351269906927,16870.868091187753,14820.026364386535
forecast_7326,2025-11-02 06:00:00,16826.27110534705,17325.014300633164,15406.49643131829
forecast_7327,2025-11-02 07:00:00,17096.60935428467,17863.048164707143,15936.388882121122
forecast_7328,2025-11-02 08:00:00,17386.988535734807,18187.581355361614,16600.049664044705
forecast_7329,2025-11-02 09:00:00,17633.283654822913,18362.10257081849,16739.770555909497
forecast_7330,2025-11-02 10:00:00,17533.889932316255,18266.19908450391,16761.981277548577
forecast_7331,2025-11-02 11:00:00,17037.086307821763,17576.208508930507,15673.795124147382
forecast_7332,2025-11-02 12:00:00,16569.771030457803,16956.304581368153,14233.763771099408
forecast_7333,2025-11-02 13:00:00,15618.048499458118,16003.03665930292,12515.837627407389
forecast_7334,2025-11-02 14:00:00,14016.463303235007,15662.024086606474,11251.845986391232
forecast_7335,2025-11-02 15:00:00,13486.671247371303,15569.661587529308,10213.229451507743
forecast_7336,2025-11-02 16:00:00,13156.193520997014,13347.152120719335,9640.846911721688
forecast_7337,2025-11-02 17:00:00,12934.694761025388,12252.620532506871,9346.366693922824
forecast_7338,2025-11-02 18:00:00,12244.728537286965,11992.469032677282,9510.988081016973
forecast_7339,2025-11-02 19:00:00,11500.107682442638,11695.157686163633,9848.994711236799
forecast_7340,2025-11-02 20:00:00,10031.894444278843,10646.580771152161,8558.623219647649
forecast_7341,2025-11-02 21:00:00,8071.932729138503,8590.662695902596,7258.542726120176
forecast_7342,2025-11-02 22:00:00,8043.256412095938,9399.537822192771,6289.379184675651
forecast_7343,2025-11-02 23:00:00,8344.499674751716,10239.39272070825,6444.686120105875
forecast_7344,2025-11-03 00:00:00,8039.6912575139395,9414.485521625053,6258.605200840785
forecast_7345,2025-11-03 01:00:00,9698.925146564228,10225.159254798928,7454.418416599889
forecast_7346,2025-11-03 02:00:00,8373.289613490144,9127.107079269357,5632.749016970523
forecast_7347,2025-11-03 03:00:00,9118.923247922348,9990.433443293745,5446.765676389437
forecast_7348,2025-11-03 04:00:00,8663.148907100602,8903.370799738232,5948.944008154624
forecast_7349,2025-11-03 05:00:00,7024.829659954085,7262.48584758611,4966.75116856368
forecast_7350,2025-11-03 06:00:00,5395.713422755161,6225.8372770444985,3816.6783364248254
forecast_7351,2025-11-03 07:00:00,4010.9907123443595,4626.117393866356,3778.0502116872635
forecast_7352,2025-11-03 08:00:00,3894.74414843489,3949.8014950990164,3420.5671194619213
forecast_7353,2025-11-03 09:00:00,3662.7605840467822,3987.0141643681022,3322.3541927547635
forecast_7354,2025-11-03 10:00:00,3229.8166219928617,3396.9977686584116,2810.4525686934667
forecast_7355,2025-11-03 11:00:00,2991.0068319870074,3344.4786262142165,3006.7663697109365
forecast_7356,2025-11-03 12:00:00,2348.9410534666913,2821.8934495756043,2408.0259512053867
forecast_7357,2025-11-03 13:00:00,2436.1515077146746,165.956856302835,912.7596346634948
forecast_7358,2025-11-03 14:00:00,57.61787484522233,58.42251260787936,45.91463826783549
forecast_7359,2025-11-03 15:00:00,21.013445363276144,24.197510691132727,13.636503258899383
forecast_7360,2025-11-03 16:00:00,15.488397516295898,11.789736274421733,1084.2212830858216
forecast_7361,2025-11-03 17:00:00,1755.920836586395,4109.441854485542,1291.688707397444
forecast_7362,2025-11-03 18:00:00,4997.80551453021,5419.727242309742,3325.0117980659616
forecast_7363,2025-11-03 19:00:00,3500.28256150004,2970.4151482758807,6012.573291176201
forecast_7364,2025-11-03 20:00:00,3730.0218017828524,3606.6467490747223,3310.740670230433
forecast_7365,2025-11-03 21:00:00,3882.2134980978362,3870.043065659603,3613.5786330564433
forecast_7366,2025-11-03 22:00:00,5103.258330244804,4832.376465547739,3927.826117088292
forecast_7367,2025-11-03 23:00:00,7957.774426917054,7673.034993190211,4432.744710160854
forecast_7368,2025-11-04 00:00:00,8254.84625663169,9850.691558050285,5829.5655756068845
forecast_7369,2025-11-04 01:00:00,7911.382663646887,8766.529046797305,5644.684137699685
forecast_7370,2025-11-04 02:00:00,7956.084403270357,8935.657231293413,5928.185418494621
forecast_7371,2025-11-04 03:00:00,8762.291040330001,10476.287357675892,6380.957542957062
forecast_7372,2025-11-04 04:00:00,8827.618714470746,10614.597722124243,6838.686655195479
forecast_7373,2025-11-04 05:00:00,10190.547297320798,12602.300270668375,7512.784755121621
forecast_7374,2025-11-04 06:00:00,11130.547133783808,13499.42484465585,8414.736510258504
forecast_7375,2025-11-04 07:00:00,11149.614442928409,13137.71279902178,8997.646811684366
forecast_7376,2025-11-04 08:00:00,11083.272836922477,12571.110171478424,10448.883740567562
forecast_7377,2025-11-04 09:00:00,11218.853115979387,12394.97096833676,11576.639934742645
forecast_7378,2025-11-04 10:00:00,11399.447057778174,12257.18226399159,11457.580161735512
forecast_7379,2025-11-04 11:00:00,10649.347950051177,11049.957215839537,10058.212432905479
forecast_7380,2025-11-04 12:00:00,9611.241679078663,10197.91500062443,8858.299646131163
forecast_7381,2025-11-04 13:00:00,8824.990086133803,9318.796940047632,7939.902049697886
forecast_7382,2025-11-04 14:00:00,8498.808894019772,8658.783494661711,7387.735463956868
forecast_7383,2025-11-04 15:00:00,8140.33515266633,8183.604009195511,7179.208422942128
forecast_7384,2025-11-04 16:00:00,6761.275527336088,6830.95072550615,6816.343931025359
forecast_7385,2025-11-04 17:00:00,8079.33882960469,8384.02153473253,7314.888198762211
forecast_7386,2025-11-04 18:00:00,9780.961611675395,9472.269371217382,7973.62586928761
forecast_7387,2025-11-04 19:00:00,11627.644469237333,11817.342567834452,9150.428415631011
forecast_7388,2025-11-04 20:00:00,11221.35748701167,11548.93615160626,8721.177384827855
forecast_7389,2025-11-04 21:00:00,10289.162218977164,10495.456935823333,7700.704331655742
forecast_7390,2025-11-04 22:00:00,8840.453525717608,9028.47930044602,6749.107647523036
forecast_7391,2025-11-04 23:00:00,7304.419535008438,7600.950253310712,5632.974748922586
forecast_7392,2025-11-05 00:00:00,7623.8850617914395,7190.129353120956,4971.688036711907
forecast_7393,2025-11-05 01:00:00,5290.763431020929,5121.810500502265,3812.4957803484585
forecast_7394,2025-11-05 02:00:00,4310.175717697461,4200.797582977115,3718.154675466023
forecast_7395,2025-11-05 03:00:00,4368.782373246512,4144.165271873887,3539.7707088147467
forecast_7396,2025-11-05 04:00:00,3703.8907421561544,3543.7014727461396,3024.256863810136
forecast_7397,2025-11-05 05:00:00,3350.5823878449633,3077.2887646445574,3202.9173611690994
forecast_7398,2025-11-05 06:00:00,3334.3126559197403,3946.350214129395,1677.4904545024044
forecast_7399,2025-11-05 07:00:00,3012.5007772053536,2531.9437825406812,28.984811066627035
forecast_7400,2025-11-05 08:00:00,3678.8217594516623,3491.963417120857,32.24414715967083
forecast_7401,2025-11-05 09:00:00,3313.6012333055833,3185.5207077836762,23.362700974444685
forecast_7402,2025-11-05 10:00:00,3813.146723810423,3307.8784958142082,1134.8012429064067
forecast_7403,2025-11-05 11:00:00,4756.682029172013,4423.5056713223175,32.83075916331418
forecast_7404,2025-11-05 12:00:00,4439.212203093378,2964.2414065022135,33.56531858518199
forecast_7405,2025-11-05 13:00:00,4446.093497536131,2601.3523393901514,15.290853153862694
forecast_7406,2025-11-05 14:00:00,4423.609177219803,2556.725779101732,14.147793537945315
forecast_7407,2025-11-05 15:00:00,1979.2053467922535,27.74866443538115,19.655014142337585
forecast_7408,2025-11-05 16:00:00,1830.3379231074316,31.345825702287,26.104314983594875
forecast_7409,2025-11-05 17:00:00,2238.378337099582,2279.5941210159226,31.341172737315315
forecast_7410,2025-11-05 18:00:00,2892.613976729162,2731.1766085661598,29.01584163775209
forecast_7411,2025-11-05 19:00:00,3503.5474566683693,3513.085714741856,908.8468333879989
forecast_7412,2025-11-05 20:00:00,3809.1730419417117,3646.477160349411,1904.8316673608776
forecast_7413,2025-11-05 21:00:00,3642.00262456238,3403.9944499404983,1410.344097398325
forecast_7414,2025-11-05 22:00:00,3527.7682096592544,3375.3423978646024,901.253828163484
forecast_7415,2025-11-05 23:00:00,3587.0959607040836,3360.7603177104,4074.3785390333746
forecast_7416,2025-11-06 00:00:00,3869.236652281947,3324.5622675226855,3587.6935751385327
forecast_7417,2025-11-06 01:00:00,3547.0451696202726,3599.3194633904222,3387.436113962539
forecast_7418,2025-11-06 02:00:00,4268.2154020415055,4021.5504729936406,3457.685405271511
forecast_7419,2025-11-06 03:00:00,4261.5623838860065,4080.2941027431716,3704.0643013302642
forecast_7420,2025-11-06 04:00:00,4851.18383294274,4742.6190077026995,3634.736739659539
forecast_7421,2025-11-06 05:00:00,5598.018970774721,5337.659333001883,3782.3315834621085
forecast_7422,2025-11-06 06:00:00,5544.939148656936,5126.95957389386,3720.0043045454604
forecast_7423,2025-11-06 07:00:00,5186.111446696688,4741.599418293814,3772.9724098575803
forecast_7424,2025-11-06 08:00:00,4087.8233863829196,4003.652372252889,3630.6943333186164
forecast_7425,2025-11-06 09:00:00,3798.828748701291,3677.1754163455853,3174.4172567129576
forecast_7426,2025-11-06 10:00:00,3529.1816006483814,3419.4689220414966,2613.455692980549
forecast_7427,2025-11-06 11:00:00,3494.5186327175074,3482.6797855391833,159.36419360716758
forecast_7428,2025-11-06 12:00:00,3265.7012515296274,3212.960324382854,90.10112485606071
forecast_7429,2025-11-06 13:00:00,3516.008688939259,3107.0526319391092,49.626904730504855
forecast_7430,2025-11-06 14:00:00,3267.0150968023995,2963.79423446478,1064.0854939489268
forecast_7431,2025-11-06 15:00:00,3239.109022659724,2738.632363993375,53.0215891178337
forecast_7432,2025-11-06 16:00:00,2930.424810821656,3035.830991079463,1717.8700842543062
forecast_7433,2025-11-06 17:00:00,3026.8379759904296,3061.635296520008,292.26330170668865
forecast_7434,2025-11-06 18:00:00,3445.9596291980138,3337.9888244918607,1241.01008842286
forecast_7435,2025-11-06 19:00:00,3359.814214574816,3376.1358329588898,2319.8174693478204
forecast_7436,2025-11-06 20:00:00,3002.0318810199165,3017.179404094029,1131.6989836745945
forecast_7437,2025-11-06 21:00:00,3955.5897430745244,3965.0087848535577,2262.603228370349
forecast_7438,2025-11-06 22:00:00,3630.2299400025927,3820.668683311938,2231.9122118289497
forecast_7439,2025-11-06 23:00:00,3610.5007618192744,3634.7588826263805,1147.634220264191
forecast_7440,2025-11-07 00:00:00,3356.838973564272,3662.4901451253972,1633.038920868906
forecast_7441,2025-11-07 01:00:00,3496.8782348562654,2948.37103053464,2774.6003381627365
forecast_7442,2025-11-07 02:00:00,3736.7833712731745,3689.510650555072,3693.38887571647
forecast_7443,2025-11-07 03:00:00,4114.734639670732,3943.15984805467,3505.824816913048
forecast_7444,2025-11-07 04:00:00,3743.5185812344466,3619.9254540126212,3383.6877496654483
forecast_7445,2025-11-07 05:00:00,3865.3655618559856,3649.357168184397,3366.0990786883463
forecast_7446,2025-11-07 06:00:00,3728.2660081656286,3845.414234043781,3456.133504130856
forecast_7447,2025-11-07 07:00:00,3654.8516076361293,3926.769493474864,3208.7067162543763
forecast_7448,2025-11-07 08:00:00,3134.774722472136,3585.424215063968,6224.541558235011
forecast_7449,2025-11-07 09:00:00,2665.5361667419193,2923.4987916663063,25.69326835123534
forecast_7450,2025-11-07 10:00:00,1600.7100711895207,2296.235503823855,8.549673679837948
forecast_7451,2025-11-07 11:00:00,1186.7438413793113,1913.3804176500657,0.10844121751045017
forecast_7452,2025-11-07 12:00:00,20.602479032312253,20.022271208435033,6.842648835005454
forecast_7453,2025-11-07 13:00:00,65.23626933567806,69.29390209815114,43.90983931766979
forecast_7454,2025-11-07 14:00:00,1417.070677977036,1111.7457316361697,142.7538270304925
forecast_7455,2025-11-07 15:00:00,1791.561362541537,3186.2694694994034,2468.8224274546915
forecast_7456,2025-11-07 16:00:00,3024.314830024853,3770.517791189323,2957.186890558252
forecast_7457,2025-11-07 17:00:00,3261.593958583648,3531.9830306724084,2570.708259177477
forecast_7458,2025-11-07 18:00:00,3073.2123291286716,3785.119790737708,3100.33248513279
forecast_7459,2025-11-07 19:00:00,3246.4691124154947,3713.329262795488,3094.1589850171936
forecast_7460,2025-11-07 20:00:00,3176.435810611737,3416.244074279568,3103.03962559686
forecast_7461,2025-11-07 21:00:00,3304.90840128379,3472.518682880585,2954.6939070925832
forecast_7462,2025-11-07 22:00:00,3321.186848583615,3458.0882829954694,3143.506476894526
forecast_7463,2025-11-07 23:00:00,3236.151829209434,3604.088551845129,3034.018977925068
forecast_7464,2025-11-08 00:00:00,3273.2952083092327,3541.9130823514092,2906.769395448684
forecast_7465,2025-11-08 01:00:00,3347.453931679162,3388.351459432583,2962.0826233356665
forecast_7466,2025-11-08 02:00:00,3360.2941779723756,3311.9138350726203,2854.914025409597
forecast_7467,2025-11-08 03:00:00,3263.8121732559366,3314.187802903568,2944.3170902192496
forecast_7468,2025-11-08 04:00:00,3250.8377228283684,3242.227292295267,2394.1926474188663
forecast_7469,2025-11-08 05:00:00,3355.8723322469864,3343.7194271258386,2532.0127853915237
forecast_7470,2025-11-08 06:00:00,3422.8469409950167,3403.6403232910025,2782.300430559645
forecast_7471,2025-11-08 07:00:00,3497.285027471236,3420.8641783908674,2832.530014518618
forecast_7472,2025-11-08 08:00:00,3730.9291422322717,3639.2200142982774,3414.4174842629245
forecast_7473,2025-11-08 09:00:00,3787.922400531331,3762.5633741808974,2951.992798029212
forecast_7474,2025-11-08 10:00:00,3648.937926723245,3616.6613882871798,4166.080605133251
forecast_7475,2025-11-08 11:00:00,3608.6462945543435,3460.4046264612257,5814.860463812752
forecast_7476,2025-11-08 12:00:00,3202.9354367001424,3240.913230208236,2661.956295070527
forecast_7477,2025-11-08 13:00:00,3399.077345644576,3612.857838368143,2804.74414299621
forecast_7478,2025-11-08 14:00:00,3817.919668123771,3912.1015712702456,3476.0140867088494
forecast_7479,2025-11-08 15:00:00,3809.4180398706135,3634.419465782339,3369.1158059903546
forecast_7480,2025-11-08 16:00:00,3658.1318549821967,3658.0399422611763,3354.641915645969
forecast_7481,2025-11-08 17:00:00,3686.4646745869354,3791.690088367358,3495.374010044211
forecast_7482,2025-11-08 18:00:00,3886.562987920404,3901.3624502293087,3285.805798561269
forecast_7483,2025-11-08 19:00:00,3900.4239348071583,3861.607431334004,3206.300060960669
forecast_7484,2025-11-08 20:00:00,4060.116897574401,4247.343180565653,3529.221436813516
forecast_7485,2025-11-08 21:00:00,4448.843503711903,5642.398052675029,4046.692150497236
forecast_7486,2025-11-08 22:00:00,5515.236372435291,5915.6357551312585,4690.7998486848655
forecast_7487,2025-11-08 23:00:00,6294.932244536528,8984.120659822267,5335.741234042035
forecast_7488,2025-11-09 00:00:00,6781.768785133615,7250.450752304824,6152.826343173629
forecast_7489,2025-11-09 01:00:00,7767.798718903048,8172.330925251994,6688.437744909667
forecast_7490,2025-11-09 02:00:00,7552.650655241619,8513.218411177253,5744.242974453559
forecast_7491,2025-11-09 03:00:00,8546.4289968217,8771.388810160077,5621.329937318032
forecast_7492,2025-11-09 04:00:00,9863.341033631685,10417.20129351679,7008.964410757272
forecast_7493,2025-11-09 05:00:00,10749.195302364165,10949.085408299761,8243.492889750298
forecast_7494,2025-11-09 06:00:00,11794.059842643377,11492.578698777505,8984.9637098666
forecast_7495,2025-11-09 07:00:00,12131.101368436764,12085.76054726274,9198.7701435795
forecast_7496,2025-11-09 08:00:00,12082.41928505122,12123.943462615203,9251.308116059365
forecast_7497,2025-11-09 09:00:00,15467.96405830445,12258.902910095383,9690.768222425344
forecast_7498,2025-11-09 10:00:00,12387.715868614961,14569.442071481175,11460.076925530322
forecast_7499,2025-11-09 11:00:00,13028.86096506568,13084.34479904775,11451.920521112434
forecast_7500,2025-11-09 12:00:00,12406.838908311973,12618.956293050092,10983.699933381664
forecast_7501,2025-11-09 13:00:00,11642.724236238815,12705.18263965586,9879.51753267312
forecast_7502,2025-11-09 14:00:00,11496.608068225649,12532.279293404607,9514.149801638208
forecast_7503,2025-11-09 15:00:00,12080.801534271044,12316.42810968404,9612.28824874302
forecast_7504,2025-11-09 16:00:00,12775.285308174582,12903.026562085299,9848.512244768064
forecast_7505,2025-11-09 17:00:00,13148.505260459273,13667.338645600232,10375.644322162814
forecast_7506,2025-11-09 18:00:00,13983.946343444182,14863.768424023894,11139.761128608492
forecast_7507,2025-11-09 19:00:00,15121.044965565798,15814.275495851656,12288.464155824837
forecast_7508,2025-11-09 20:00:00,16409.807456249047,17061.57504071276,13648.522543483887
forecast_7509,2025-11-09 21:00:00,17015.223785084378,17622.244362358717,14595.81633138753
forecast_7510,2025-11-09 22:00:00,16259.104347537595,17111.766325525525,14381.169109280974
forecast_7511,2025-11-09 23:00:00,15120.531249316526,15723.38672212912,13014.699392315115
forecast_7512,2025-11-10 00:00:00,14624.739795839647,15227.067686136263,12330.08228463485
forecast_7513,2025-11-10 01:00:00,14649.312288431458,15461.644914966482,12216.74163426509
forecast_7514,2025-11-10 02:00:00,14213.537682902275,14267.59572573713,11813.912504388629
forecast_7515,2025-11-10 03:00:00,14053.182359572138,13582.882649751049,11254.052908311523
forecast_7516,2025-11-10 04:00:00,14029.51723853974,13949.972243512488,11702.473523428063
forecast_7517,2025-11-10 05:00:00,14158.39957047349,14595.37723883274,12346.606740724465
forecast_7518,2025-11-10 06:00:00,15197.77374809353,15735.548685390624,13682.374720887574
forecast_7519,2025-11-10 07:00:00,15304.141855044201,16477.81654124109,14208.299404407746
forecast_7520,2025-11-10 08:00:00,15470.350694882065,16207.369599433181,13727.020550754485
forecast_7521,2025-11-10 09:00:00,14582.286812103654,15691.460206821672,12206.679830021767
forecast_7522,2025-11-10 10:00:00,13420.1347691263,14192.402614111632,10623.77355429179
forecast_7523,2025-11-10 11:00:00,11575.835590749432,12197.99078692076,9353.585802061785
forecast_7524,2025-11-10 12:00:00,9300.007968228181,9732.780774216097,7098.699142336062
forecast_7525,2025-11-10 13:00:00,7691.227070799459,7473.701353231776,4581.406334404919
forecast_7526,2025-11-10 14:00:00,5731.942948994825,6063.29191424361,3812.1323740409334
forecast_7527,2025-11-10 15:00:00,5819.676435286263,5602.950166284214,3765.8474475949165
forecast_7528,2025-11-10 16:00:00,6301.3706569208425,6217.196737759848,4149.835417662812
forecast_7529,2025-11-10 17:00:00,8126.400667925275,7759.70674320398,5432.868635763416
forecast_7530,2025-11-10 18:00:00,10853.588698927244,11132.705011574428,8708.68436030432
forecast_7531,2025-11-10 19:00:00,14420.071705939563,14691.954302922766,11419.08804444203
forecast_7532,2025-11-10 20:00:00,17150.978171366656,17001.092789902767,13651.1831664606
forecast_7533,2025-11-10 21:00:00,18310.913418842923,18550.12959066021,14457.186200954884
forecast_7534,2025-11-10 22:00:00,18783.34628631427,18565.89878105393,14505.944697981571
forecast_7535,2025-11-10 23:00:00,18667.89224492539,18652.948465603647,14757.597895877318
forecast_7536,2025-11-11 00:00:00,18665.097920964396,18630.441556519876,14488.172348372525
forecast_7537,2025-11-11 01:00:00,18775.16510517774,18570.184754378384,15178.890227079035
forecast_7538,2025-11-11 02:00:00,18491.14874613488,18596.030966306633,14827.575346732168
forecast_7539,2025-11-11 03:00:00,18036.437705389653,18140.223315809246,13501.94463043874
forecast_7540,2025-11-11 04:00:00,16613.903959820775,16843.44438078577,11972.52453075708
forecast_7541,2025-11-11 05:00:00,13377.589370537027,13562.720456897663,7972.95160849623
forecast_7542,2025-11-11 06:00:00,9656.104042858839,9494.358570829389,5923.869848346612
forecast_7543,2025-11-11 07:00:00,6622.884783780884,6098.322388843284,4108.330799999108
forecast_7544,2025-11-11 08:00:00,4789.659384847419,4388.537083070835,3728.3347642538365
forecast_7545,2025-11-11 09:00:00,3956.65694040436,3859.2869171793977,3663.2744566538213
forecast_7546,2025-11-11 10:00:00,3910.7657613774186,3858.919762811412,3933.2024886252166
forecast_7547,2025-11-11 11:00:00,3899.5621952532592,4084.2241409523226,3614.144222223485
forecast_7548,2025-11-11 12:00:00,3826.3902996681645,3788.6653687319417,3415.6356408957126
forecast_7549,2025-11-11 13:00:00,3501.0964147645095,3615.972453381758,3333.404009074237
forecast_7550,2025-11-11 14:00:00,3043.8661207329837,3135.495034588743,2742.236367419268
forecast_7551,2025-11-11 15:00:00,3316.7900186057163,3247.4351309064614,3045.1614455083077
forecast_7552,2025-11-11 16:00:00,3458.4877014985354,3544.634351446956,2814.454022660396
forecast_7553,2025-11-11 17:00:00,3425.512143783023,3348.4369286608494,3231.9100841225186
forecast_7554,2025-11-11 18:00:00,3464.8333915148633,3285.138881522172,3109.6866107816895
forecast_7555,2025-11-11 19:00:00,3550.0725111364077,3752.777803193768,3570.7056720778955
forecast_7556,2025-11-11 20:00:00,3706.65458879825,3840.3537229475937,2766.7628009074688
forecast_7557,2025-11-11 21:00:00,3687.4461085409844,3598.903414196517,970.5091707507934
forecast_7558,2025-11-11 22:00:00,3403.6641752122378,3387.308147453425,1243.7374791478728
forecast_7559,2025-11-11 23:00:00,3490.3314710358477,3169.5375987491702,2701.3362964016037
forecast_7560,2025-11-12 00:00:00,3273.457149447875,3166.035614559961,1237.030529574982
forecast_7561,2025-11-12 01:00:00,3757.814293361003,3612.729409418983,3229.7696672942348
forecast_7562,2025-11-12 02:00:00,3769.9695491178036,3604.751107696737,3547.6759897511556
forecast_7563,2025-11-12 03:00:00,3519.3168524792263,3706.0743920082455,3647.7191452401867
forecast_7564,2025-11-12 04:00:00,3673.3838490175026,3656.8561520121616,3595.8502371950713
forecast_7565,2025-11-12 05:00:00,3673.4837102275837,3915.3788752716705,3595.752637080744
forecast_7566,2025-11-12 06:00:00,3923.874346351177,3955.8407325378666,3456.127862461016
forecast_7567,2025-11-12 07:00:00,4465.669181658882,4374.999239782612,3608.6947300640945
forecast_7568,2025-11-12 08:00:00,4900.518438033405,4854.243374056856,3627.6320290844346
forecast_7569,2025-11-12 09:00:00,6333.9300009026965,6143.781600043656,3808.8026759285176
forecast_7570,2025-11-12 10:00:00,5660.209655839271,6064.249745811737,3847.590778577911
forecast_7571,2025-11-12 11:00:00,5092.261155798636,4729.129654865344,4105.057592667382
forecast_7572,2025-11-12 12:00:00,4022.3597036666447,4088.4707164865154,3921.0598980687423
forecast_7573,2025-11-12 13:00:00,4013.205257516633,4031.0247944912016,3794.865485215219
forecast_7574,2025-11-12 14:00:00,4112.091214470183,4123.5061811649575,3857.656199996791
forecast_7575,2025-11-12 15:00:00,4318.61805295771,4208.214379532514,4018.1569228810454
forecast_7576,2025-11-12 16:00:00,4997.029250637138,4955.594001495128,4540.369389592476
forecast_7577,2025-11-12 17:00:00,7288.342882410935,7193.938559539281,6335.706895321158
forecast_7578,2025-11-12 18:00:00,9877.403846061012,9853.690196343085,8278.180007175646
forecast_7579,2025-11-12 19:00:00,13100.523172018344,13352.786801239568,10189.651037549547
forecast_7580,2025-11-12 20:00:00,15149.141387782855,15505.598622805082,11975.897625579388
forecast_7581,2025-11-12 21:00:00,16199.907234458422,17180.894533148636,12814.542697275965
forecast_7582,2025-11-12 22:00:00,17515.803126387713,17804.525811230928,13978.134247441303
forecast_7583,2025-11-12 23:00:00,18728.275051070534,18597.476174935855,15715.212490458558
forecast_7584,2025-11-13 00:00:00,18993.06021380349,18972.760659954616,16713.07377300058
forecast_7585,2025-11-13 01:00:00,18876.379310816526,18865.558602755507,16500.25963012997
forecast_7586,2025-11-13 02:00:00,19469.929879650244,18924.52999463938,16706.167387246634
forecast_7587,2025-11-13 03:00:00,18810.188879709585,18703.345855371088,17270.07770946615
forecast_7588,2025-11-13 04:00:00,18533.139382018708,18420.378451131124,15761.147838609882
forecast_7589,2025-11-13 05:00:00,16930.421798127896,17414.657626078293,14747.421825101685
forecast_7590,2025-11-13 06:00:00,15961.07837505584,16342.945487303601,13936.993666516171
forecast_7591,2025-11-13 07:00:00,14395.672558585034,15169.706730247915,12419.79882021877
forecast_7592,2025-11-13 08:00:00,12638.551429061647,13571.002470885858,10229.03686413702
forecast_7593,2025-11-13 09:00:00,11813.617661833723,12760.535012355436,9173.308505472778
forecast_7594,2025-11-13 10:00:00,12355.75746657749,12837.837773713394,10116.739781466207
forecast_7595,2025-11-13 11:00:00,10937.935672371406,12370.758041027,9005.466657307075
forecast_7596,2025-11-13 12:00:00,10089.027296660714,9822.441615723452,6443.862016425143
forecast_7597,2025-11-13 13:00:00,6079.244031453613,6379.769734762986,4110.57584474707
forecast_7598,2025-11-13 14:00:00,4469.782657053313,4124.650474864166,3608.7965079100063
forecast_7599,2025-11-13 15:00:00,3732.947050921518,3576.2594450359898,3579.9737333993603
forecast_7600,2025-11-13 16:00:00,3874.4023493923173,3750.7556078583584,3772.8576960664564
forecast_7601,2025-11-13 17:00:00,4407.127877724057,4719.672964636036,3752.037044345149
forecast_7602,2025-11-13 18:00:00,5610.797568201336,5524.142750739415,3991.1599541998175
forecast_7603,2025-11-13 19:00:00,5180.690386545053,5225.139773651638,3852.282822646409
forecast_7604,2025-11-13 20:00:00,4990.142920924432,5169.612547428472,3889.3790918308505
forecast_7605,2025-11-13 21:00:00,5273.055462124884,5333.7092865582845,3877.934090651375
forecast_7606,2025-11-13 22:00:00,5822.107168031764,5798.051584864851,4189.230186683082
forecast_7607,2025-11-13 23:00:00,6560.237259786982,6774.498938194963,4170.074345159092
forecast_7608,2025-11-14 00:00:00,7120.90220595436,7025.30771121874,4117.714789807925
forecast_7609,2025-11-14 01:00:00,3933.8624591778935,3801.5302021413413,3536.5854521207643
forecast_7610,2025-11-14 02:00:00,4067.6349234842996,4084.907996584239,3638.9404013756375
forecast_7611,2025-11-14 03:00:00,4569.863293589172,4725.613863557505,3743.8877775501887
forecast_7612,2025-11-14 04:00:00,4753.320281542028,4866.702816078508,3663.2100606644294
forecast_7613,2025-11-14 05:00:00,4849.296072175415,4753.416014172548,3699.851756057952
forecast_7614,2025-11-14 06:00:00,4961.028028881784,4754.107423115974,3707.407210568372
forecast_7615,2025-11-14 07:00:00,4653.135048897934,3985.6998928426924,3730.181807615563
forecast_7616,2025-11-14 08:00:00,4439.563452374431,3912.4563592227355,3722.6189505134025
forecast_7617,2025-11-14 09:00:00,4328.568484253289,3846.3805227811877,3864.7909379777548
forecast_7618,2025-11-14 10:00:00,4034.21220716671,3972.795236218903,3781.2303475898207
forecast_7619,2025-11-14 11:00:00,4018.9636379542962,3963.465618792135,3788.5310675538813
forecast_7620,2025-11-14 12:00:00,4067.026338195286,3937.484219845293,3847.36157547918
forecast_7621,2025-11-14 13:00:00,3789.3745647621267,3798.214814519428,3918.1013750343586
forecast_7622,2025-11-14 14:00:00,3649.763118563497,3808.036622727685,3872.5126058962874
forecast_7623,2025-11-14 15:00:00,3645.9383135133435,3763.5271443331503,4212.37191604594
forecast_7624,2025-11-14 16:00:00,3774.2474899168405,3712.5979783123166,3792.5725997810864
forecast_7625,2025-11-14 17:00:00,3924.900470994801,3885.12224222133,3788.2270721234017
forecast_7626,2025-11-14 18:00:00,5730.775564554012,5985.154216160969,4259.139063144549
forecast_7627,2025-11-14 19:00:00,8158.88336027408,8017.415055136532,5295.577070570614
forecast_7628,2025-11-14 20:00:00,9698.00853911134,9873.25704594241,6287.773069614708
forecast_7629,2025-11-14 21:00:00,9835.103941329862,9905.78545132681,6815.36680547184
forecast_7630,2025-11-14 22:00:00,9286.1196650776,9036.252715944574,6567.3589784078395
forecast_7631,2025-11-14 23:00:00,8117.526057429889,7975.460311416148,5768.922805513894
forecast_7632,2025-11-15 00:00:00,7746.666793453998,7579.843777944247,5542.584918270913
forecast_7633,2025-11-15 01:00:00,6183.032028135985,5894.538705256986,4202.846295301685
forecast_7634,2025-11-15 02:00:00,6232.579921328181,5904.459496038444,4058.4080633108088
forecast_7635,2025-11-15 03:00:00,6027.645467571134,5588.294172265473,3923.701916635289
forecast_7636,2025-11-15 04:00:00,5594.8361176478,5062.3230520855905,3824.577381799528
forecast_7637,2025-11-15 05:00:00,5038.708796655917,4609.483136830747,3773.5568380858545
forecast_7638,2025-11-15 06:00:00,4254.64026599311,4053.038113105895,4046.776209350295
forecast_7639,2025-11-15 07:00:00,3935.68418485719,3788.801990953575,4237.8355021997395
forecast_7640,2025-11-15 08:00:00,3727.2943172014598,3650.559532696777,3876.976986090899
forecast_7641,2025-11-15 09:00:00,3859.278790580914,3801.540553497242,3383.2831836782543
forecast_7642,2025-11-15 10:00:00,3943.8626186045226,3979.7561097723164,3357.1365411662264
forecast_7643,2025-11-15 11:00:00,2626.2431324770305,3062.524579206033,3140.144180267405
forecast_7644,2025-11-15 12:00:00,3846.068420806672,4246.008472514701,3530.7423116706045
forecast_7645,2025-11-15 13:00:00,3092.9809656025323,3602.277219401688,3036.1656575882325
forecast_7646,2025-11-15 14:00:00,3486.104181418928,3779.6590324374192,3977.050625015466
forecast_7647,2025-11-15 15:00:00,3433.2619236210517,3329.2423943555145,3388.898943700762
forecast_7648,2025-11-15 16:00:00,3753.0347742377267,3551.674404082869,3448.4397910134526
forecast_7649,2025-11-15 17:00:00,3785.3707191985263,3809.4425249071487,3277.377287956252
forecast_7650,2025-11-15 18:00:00,4085.4342506014245,3944.0078222745415,3805.978549738316
forecast_7651,2025-11-15 19:00:00,5196.175160986021,5287.350014370775,5341.92172725239
forecast_7652,2025-11-15 20:00:00,6289.248346116266,6431.094971939362,6552.972671124005
forecast_7653,2025-11-15 21:00:00,7338.687452118234,7247.015915428083,5971.160901702414
forecast_7654,2025-11-15 22:00:00,7293.4854256045555,7205.5104027017915,5752.695754910416
forecast_7655,2025-11-15 23:00:00,7065.393762839639,6894.454497593827,5411.624835671936
forecast_7656,2025-11-16 00:00:00,6911.03438986461,6800.154248831042,5179.194066014094
forecast_7657,2025-11-16 01:00:00,7905.180439527205,7769.550328699506,5938.480248761366
forecast_7658,2025-11-16 02:00:00,8450.557592032681,8216.480427761197,6228.643847914199
forecast_7659,2025-11-16 03:00:00,8179.7481231272395,7975.769446863762,6273.843197725134
forecast_7660,2025-11-16 04:00:00,8575.260991796615,8407.942403914896,6861.1758195073335
forecast_7661,2025-11-16 05:00:00,8958.835855918878,8979.66838376085,7425.887218063254
forecast_7662,2025-11-16 06:00:00,10070.458188851017,10657.40115279032,8257.971837821413
forecast_7663,2025-11-16 07:00:00,11624.39997918589,11941.929494799617,9262.97465142575
forecast_7664,2025-11-16 08:00:00,12362.912518041465,12921.161660641645,10128.511510575048
forecast_7665,2025-11-16 09:00:00,12686.485380868304,13783.096443171658,9884.059455845587
forecast_7666,2025-11-16 10:00:00,11949.355123898922,13156.45022650361,9529.712186205748
forecast_7667,2025-11-16 11:00:00,12047.12575564953,13773.29143081557,10362.253079807842
forecast_7668,2025-11-16 12:00:00,12673.155405412348,14192.674541352844,11337.451816250597
forecast_7669,2025-11-16 13:00:00,14362.544851922277,15570.7394921301,12434.736589663215
forecast_7670,2025-11-16 14:00:00,14620.82137712938,15222.816862397263,13133.817402807374
forecast_7671,2025-11-16 15:00:00,15606.026292674189,16084.580723932006,14096.220778979554
forecast_7672,2025-11-16 16:00:00,16827.654745252396,17400.23522690263,15594.04498056421
forecast_7673,2025-11-16 17:00:00,17863.04323695763,18709.666171260167,16679.62250306615
forecast_7674,2025-11-16 18:00:00,19279.92214245963,19255.320082357975,18202.448672403483
forecast_7675,2025-11-16 19:00:00,19952.967157211497,19839.509124700642,19338.43648557866
forecast_7676,2025-11-16 20:00:00,19895.59526796475,19943.22443971329,19348.170445958833
forecast_7677,2025-11-16 21:00:00,19891.306244704967,20000.093882796715,19342.003805688
forecast_7678,2025-11-16 22:00:00,19902.229904879332,20167.106221575545,19326.70813803926
forecast_7679,2025-11-16 23:00:00,19931.103325431668,20289.99875774429,19339.85292602047
forecast_7680,2025-11-17 00:00:00,19925.642828315904,20087.516603405573,19342.29389093403
forecast_7681,2025-11-17 01:00:00,19987.5880245192,20164.131077474292,19355.5896494156
forecast_7682,2025-11-17 02:00:00,19898.436064179412,20020.502984399718,18991.111601278895
forecast_7683,2025-11-17 03:00:00,19882.746880798215,19983.587783221483,18645.519683837872
forecast_7684,2025-11-17 04:00:00,19916.368755617088,19914.254114833173,18353.82750371193
forecast_7685,2025-11-17 05:00:00,19892.2278955636,19906.727963526217,18487.201312088993
forecast_7686,2025-11-17 06:00:00,19898.874402898506,19701.434194635003,18496.7093958432
forecast_7687,2025-11-17 07:00:00,19879.77025521542,19358.7591270449,17911.88220042312
forecast_7688,2025-11-17 08:00:00,19139.810041817447,18929.417105999197,17123.31993747479
forecast_7689,2025-11-17 09:00:00,17984.100173002615,18266.91287714578,14831.688869102652
forecast_7690,2025-11-17 10:00:00,16344.97137401912,17433.92949497888,13526.725803358748
forecast_7691,2025-11-17 11:00:00,14741.343074033164,16372.058643613362,11611.789584784789
forecast_7692,2025-11-17 12:00:00,14316.942054547946,15658.53737600052,10964.165773465013
forecast_7693,2025-11-17 13:00:00,14780.01797616133,15214.195028551732,10500.992885227517
forecast_7694,2025-11-17 14:00:00,14549.475566767846,14696.12442700349,10174.28485879581
forecast_7695,2025-11-17 15:00:00,14171.757623200794,14301.124402219024,9954.470665468742
forecast_7696,2025-11-17 16:00:00,13761.612336870097,14052.847952619111,10045.194720724423
forecast_7697,2025-11-17 17:00:00,12959.376053520544,14290.713765026569,10500.435514735207
forecast_7698,2025-11-17 18:00:00,12445.762906890655,13797.237970900243,10264.771488792187
forecast_7699,2025-11-17 19:00:00,12861.497960180053,13893.546724597341,11122.81935445326
forecast_7700,2025-11-17 20:00:00,12963.453129672593,14199.384043465065,11623.657721205684
forecast_7701,2025-11-17 21:00:00,14304.746071048528,15896.453910328868,12712.53281511251
forecast_7702,2025-11-17 22:00:00,16818.397803422627,17005.58778477938,13514.323059179193
forecast_7703,2025-11-17 23:00:00,17504.205563120227,18211.241804433994,14497.31048617225
forecast_7704,2025-11-18 00:00:00,17886.363023979364,18632.238920849926,14784.16478752134
forecast_7705,2025-11-18 01:00:00,17328.074536976164,18443.18973678046,13928.309451678584
forecast_7706,2025-11-18 02:00:00,17866.53676021643,18371.160130572287,14111.282123747096
forecast_7707,2025-11-18 03:00:00,18096.238394354317,18543.752965194635,14382.376266327561
forecast_7708,2025-11-18 04:00:00,17766.92695068514,18580.676584218843,14600.496827955614
forecast_7709,2025-11-18 05:00:00,17637.535616086057,18693.770405276155,14486.493283873053
forecast_7710,2025-11-18 06:00:00,16884.993153109044,18305.21616296208,14255.600733316449
forecast_7711,2025-11-18 07:00:00,16450.636063162416,17931.876549424243,14372.40607131194
forecast_7712,2025-11-18 08:00:00,16103.251234093137,17151.32267924385,13738.13245738039
forecast_7713,2025-11-18 09:00:00,15203.216085757564,16230.996095522349,12703.254483061733
forecast_7714,2025-11-18 10:00:00,13635.55305544578,14444.49416372448,10600.83579980241
forecast_7715,2025-11-18 11:00:00,12560.182191418122,13180.401060248281,10042.934987162222
forecast_7716,2025-11-18 12:00:00,12013.298388854932,11509.89825923627,9579.767141375512
forecast_7717,2025-11-18 13:00:00,11885.957132047102,11313.62429953541,9422.268036921565
forecast_7718,2025-11-18 14:00:00,11876.619142724121,11199.753111048596,9323.11831856119
forecast_7719,2025-11-18 15:00:00,11133.554955563015,10803.052839262516,8749.885799747231
forecast_7720,2025-11-18 16:00:00,9796.610842948645,9295.053128435016,7438.883546287076
forecast_7721,2025-11-18 17:00:00,7829.421115938062,7366.9995181892855,5878.919645244827
forecast_7722,2025-11-18 18:00:00,6228.734880579805,5899.058958950713,4253.128167391784
forecast_7723,2025-11-18 19:00:00,5443.840604835182,5313.759454889999,3933.61638801626
forecast_7724,2025-11-18 20:00:00,5626.972077966503,5515.841906467398,4341.687483793575
forecast_7725,2025-11-18 21:00:00,6431.205343777749,6348.726571719411,4761.286735967912
forecast_7726,2025-11-18 22:00:00,7499.8778456763075,7531.575546561022,5487.1828109548915
forecast_7727,2025-11-18 23:00:00,8988.556718345673,7877.774914039724,5685.180600675602
forecast_7728,2025-11-19 00:00:00,8408.745933002314,8019.5596293104,5734.390948932529
forecast_7729,2025-11-19 01:00:00,10453.207422882824,10612.9108109895,6246.201560096841
forecast_7730,2025-11-19 02:00:00,10444.707498872838,10721.762583436002,6110.878925019269
forecast_7731,2025-11-19 03:00:00,9859.068480193653,10072.05253415942,5912.909509837268
forecast_7732,2025-11-19 04:00:00,8042.239966963324,7741.969232348956,4894.507412410324
forecast_7733,2025-11-19 05:00:00,5222.845171511848,4638.221935543389,3696.012480573151
forecast_7734,2025-11-19 06:00:00,3926.8891909429553,3773.199736457359,3692.8359806144867
forecast_7735,2025-11-19 07:00:00,4318.080084071061,4333.262744046458,3710.7648296500056
forecast_7736,2025-11-19 08:00:00,4350.609209051182,4171.752044682205,3644.009965033952
forecast_7737,2025-11-19 09:00:00,3704.341246608217,3910.125266157885,3448.8807334473895
forecast_7738,2025-11-19 10:00:00,3709.842026558913,3750.4582187508545,3262.8653373101783
forecast_7739,2025-11-19 11:00:00,3160.260996307605,3314.3722552986223,3266.1887784677374
forecast_7740,2025-11-19 12:00:00,3491.7977725289074,4212.994674573841,3296.7879703723825
forecast_7741,2025-11-19 13:00:00,2865.6503243210113,3474.8289591245625,3002.2349464878785
forecast_7742,2025-11-19 14:00:00,3687.7107881487796,3255.795230127416,3456.606141785139
forecast_7743,2025-11-19 15:00:00,3631.1718646014474,3518.3515645817197,3207.9177087295598
forecast_7744,2025-11-19 16:00:00,4160.458586606045,4135.112401522983,3467.7160478134756
forecast_7745,2025-11-19 17:00:00,6279.640734189012,5874.987830383653,4499.798178649245
forecast_7746,2025-11-19 18:00:00,9623.464442856011,9743.7125645801,6879.876096412202
forecast_7747,2025-11-19 19:00:00,12898.370794758504,12198.588096554196,9198.126630759698
forecast_7748,2025-11-19 20:00:00,14710.480457099087,14479.98429144197,11225.469924610687
forecast_7749,2025-11-19 21:00:00,17046.088159249055,16829.833176277327,13685.91276517617
forecast_7750,2025-11-19 22:00:00,18885.448631453568,18557.394743724748,15642.516085844765
forecast_7751,2025-11-19 23:00:00,19919.428401856258,19726.73097596993,17361.647172086497
forecast_7752,2025-11-20 00:00:00,19891.742549908762,19930.17694631214,17615.96993467671
forecast_7753,2025-11-20 01:00:00,20311.888107963798,19967.13133373463,17325.656244006932
forecast_7754,2025-11-20 02:00:00,20283.467261983988,19954.884710954924,17953.083826569837
forecast_7755,2025-11-20 03:00:00,20147.048156242527,19992.01896898189,18899.39265640056
forecast_7756,2025-11-20 04:00:00,20203.766159185314,20090.627568073796,18483.427533912993
forecast_7757,2025-11-20 05:00:00,20160.501259869674,20144.488535561693,17715.13425281587
forecast_7758,2025-11-20 06:00:00,20333.282574444787,20315.251806355092,17948.74749280402
forecast_7759,2025-11-20 07:00:00,20251.834574818462,20231.931248176035,18176.951924873345
forecast_7760,2025-11-20 08:00:00,20096.517433658344,20321.183748941923,19360.152946388484
forecast_7761,2025-11-20 09:00:00,19927.129043054287,20017.314066103314,19330.728176640525
forecast_7762,2025-11-20 10:00:00,19716.11762570003,19936.904864735505,18885.718446815605
forecast_7763,2025-11-20 11:00:00,18440.464179335057,19798.70337230581,17150.80206981167
forecast_7764,2025-11-20 12:00:00,18306.35290936525,18943.665182917306,16979.73192756191
forecast_7765,2025-11-20 13:00:00,18016.697412896494,18925.04929140183,16881.890733688742
forecast_7766,2025-11-20 14:00:00,17921.150931176908,18749.56352762428,16671.04380657576
forecast_7767,2025-11-20 15:00:00,18063.73432739584,18643.302493331747,16866.351542632714
forecast_7768,2025-11-20 16:00:00,18644.891488170273,18689.637917576725,17184.455187746087
forecast_7769,2025-11-20 17:00:00,19278.074933230124,19084.454619827487,17638.197413759124
forecast_7770,2025-11-20 18:00:00,19586.393662204104,19416.621239294447,17895.088509598674
forecast_7771,2025-11-20 19:00:00,19710.206118120746,19474.3720468946,17825.638999918086
forecast_7772,2025-11-20 20:00:00,19889.495122127457,19810.815543463927,17795.781860788993
forecast_7773,2025-11-20 21:00:00,19878.81042263759,19648.734111588965,17780.857455051453
forecast_7774,2025-11-20 22:00:00,18858.420409616498,19456.870153340005,17608.994593504805
forecast_7775,2025-11-20 23:00:00,18409.22946602335,19101.773819554757,17394.960917189364
forecast_7776,2025-11-21 00:00:00,18457.513985639445,18619.089739643146,17853.352012129602
forecast_7777,2025-11-21 01:00:00,17791.860010645392,18939.77144792645,16559.28115611643
forecast_7778,2025-11-21 02:00:00,17837.141972720096,18502.445595010176,15718.690363869791
forecast_7779,2025-11-21 03:00:00,17118.650650713622,18192.44877998886,15501.082470376212
forecast_7780,2025-11-21 04:00:00,17891.617919220596,18279.25705036249,15580.210339480462
forecast_7781,2025-11-21 05:00:00,18052.490603095983,18348.349582501538,15565.475889163534
forecast_7782,2025-11-21 06:00:00,18273.57399889582,18519.914616459115,15704.252364090593
forecast_7783,2025-11-21 07:00:00,18224.92263538452,18495.679650701823,15213.51211459589
forecast_7784,2025-11-21 08:00:00,18255.87940285052,18554.368407572983,14987.79783033561
forecast_7785,2025-11-21 09:00:00,18051.19103224052,18384.95405376922,14660.93184107909
forecast_7786,2025-11-21 10:00:00,16661.70301116425,17729.918942022534,13444.963502697696
forecast_7787,2025-11-21 11:00:00,15351.005051952672,16371.216026068689,12621.293747584965
forecast_7788,2025-11-21 12:00:00,15189.44794269969,15892.50589133174,11359.070557084216
forecast_7789,2025-11-21 13:00:00,15611.67742122476,16027.150882869097,11577.67145676898
forecast_7790,2025-11-21 14:00:00,15806.520845780984,16177.127273851489,12038.131732999676
forecast_7791,2025-11-21 15:00:00,16498.698380365608,16759.929312965072,13389.373950710009
forecast_7792,2025-11-21 16:00:00,16444.375609947943,17631.26902601721,14116.768852713325
forecast_7793,2025-11-21 17:00:00,17171.380531220293,18378.10826434149,14605.591847641197
forecast_7794,2025-11-21 18:00:00,17277.220243837506,19248.77363481312,15216.641896403908
forecast_7795,2025-11-21 19:00:00,18101.751444563735,19303.151433351723,15205.77202957925
forecast_7796,2025-11-21 20:00:00,18192.546065104845,19879.251613654003,15987.639875279036
forecast_7797,2025-11-21 21:00:00,18495.925007057835,19880.49083345709,15861.691405142998
forecast_7798,2025-11-21 22:00:00,18788.25650868266,19889.275028817603,15789.689838825163
forecast_7799,2025-11-21 23:00:00,19197.281813231777,19884.528326147516,15733.21050695791
forecast_7800,2025-11-22 00:00:00,19294.390376538453,19890.863213816705,16020.920041887679
forecast_7801,2025-11-22 01:00:00,18585.1924992833,19100.07913277604,15887.176594917135
forecast_7802,2025-11-22 02:00:00,18603.711065754196,19271.169442020033,16020.237032249994
forecast_7803,2025-11-22 03:00:00,18342.13779821677,19047.71545232298,15897.037346061092
forecast_7804,2025-11-22 04:00:00,18562.201770714473,18872.667749062322,15748.344995445193
forecast_7805,2025-11-22 05:00:00,19136.543059253705,19069.531407151564,15778.162203176618
forecast_7806,2025-11-22 06:00:00,19955.922100482803,19898.55447255911,16441.27515772808
forecast_7807,2025-11-22 07:00:00,20011.36944285949,19743.127917365833,16029.208982124484
forecast_7808,2025-11-22 08:00:00,19885.542861703,19415.72045268536,15252.424220363679
forecast_7809,2025-11-22 09:00:00,17487.96708672895,18376.521334644607,13908.70216068964
forecast_7810,2025-11-22 10:00:00,15392.894835175384,16094.4089285852,12737.160812647722
forecast_7811,2025-11-22 11:00:00,13650.871318804382,14352.840266717345,12008.738950199237
forecast_7812,2025-11-22 12:00:00,12735.28567787931,13113.438432510275,11489.745360879908
forecast_7813,2025-11-22 13:00:00,11973.589269061247,12953.239066787926,11576.036267602
forecast_7814,2025-11-22 14:00:00,11933.583928092146,12925.789496018298,11962.061166359346
forecast_7815,2025-11-22 15:00:00,12283.765649045714,13043.535480275015,12205.957252265604
forecast_7816,2025-11-22 16:00:00,13094.63899249936,13940.842178793466,13180.746757703211
forecast_7817,2025-11-22 17:00:00,14819.265622387962,15640.043724836329,14887.928621056572
forecast_7818,2025-11-22 18:00:00,16491.862903956775,16610.455312089514,16106.026964957571
forecast_7819,2025-11-22 19:00:00,19469.80142579629,19127.591033284145,16764.583295806133
forecast_7820,2025-11-22 20:00:00,19952.652312541348,19907.92306484125,17357.195716626004
forecast_7821,2025-11-22 21:00:00,19944.721788024166,19991.49320853648,18629.055083409465
forecast_7822,2025-11-22 22:00:00,20190.647768649156,19978.49269315034,19355.64961395282
forecast_7823,2025-11-22 23:00:00,20061.269564441154,19886.88150282125,19344.54584612757
forecast_7824,2025-11-23 00:00:00,20214.820102549864,20323.87832484998,19321.290863064984
forecast_7825,2025-11-23 01:00:00,20331.82585979608,20341.02126025908,19326.58475320823
forecast_7826,2025-11-23 02:00:00,20335.278708960028,20384.451410248595,19348.95560459468
forecast_7827,2025-11-23 03:00:00,20341.406139931736,20330.935926983213,19337.791282854923
forecast_7828,2025-11-23 04:00:00,20326.3506339032,20342.189150092865,19330.47116370195
forecast_7829,2025-11-23 05:00:00,20171.494540604737,20338.2694812015,19252.29018866693
forecast_7830,2025-11-23 06:00:00,19938.399163263173,20315.015608566213,18924.674552108296
forecast_7831,2025-11-23 07:00:00,20049.102436741283,20238.42744451633,19135.387676748946
forecast_7832,2025-11-23 08:00:00,20286.01493466009,20114.465232760118,18741.780271316205
forecast_7833,2025-11-23 09:00:00,20328.965226282588,20153.509224816535,16926.29472305129
forecast_7834,2025-11-23 10:00:00,20198.030650112563,20224.325425991854,16008.927387718764
forecast_7835,2025-11-23 11:00:00,20087.956308580684,19905.955663770157,16141.108938960288
forecast_7836,2025-11-23 12:00:00,17607.480835702303,17781.417897527346,15871.000047539044
forecast_7837,2025-11-23 13:00:00,15048.307541024597,15804.95843249633,14679.923826374896
forecast_7838,2025-11-23 14:00:00,12058.547394700918,13490.837378770542,12989.746736644624
forecast_7839,2025-11-23 15:00:00,11148.463075106434,11642.800869906088,11115.587277781819
forecast_7840,2025-11-23 16:00:00,10887.067719458386,11677.591852536347,10875.594620633146
forecast_7841,2025-11-23 17:00:00,11560.745127248203,12269.441392473898,12390.803546538376
forecast_7842,2025-11-23 18:00:00,16217.254440465616,14353.914517666146,13924.54723026438
forecast_7843,2025-11-23 19:00:00,17234.62205056913,15105.72799459569,16257.41266671225
forecast_7844,2025-11-23 20:00:00,18280.570190790004,16365.375049331966,17213.84748281453
forecast_7845,2025-11-23 21:00:00,18061.26999744309,17868.851522829715,17013.654486439125
forecast_7846,2025-11-23 22:00:00,17951.10853072265,17933.010236883594,15872.12498151864
forecast_7847,2025-11-23 23:00:00,17656.50518987362,17514.23289062777,15338.739974885108
forecast_7848,2025-11-24 00:00:00,16860.95330183381,17115.45864168637,14736.450769073006
forecast_7849,2025-11-24 01:00:00,15089.283747777654,15603.524342295326,12001.332244665928
forecast_7850,2025-11-24 02:00:00,15930.092639740486,15578.845504476501,11655.257631106968
forecast_7851,2025-11-24 03:00:00,12249.322146258894,14372.410324197266,10551.774930583788
forecast_7852,2025-11-24 04:00:00,11418.469898908894,12585.999585234025,10317.275033283144
forecast_7853,2025-11-24 05:00:00,10686.542355799304,11378.786445685748,10156.767740902276
forecast_7854,2025-11-24 06:00:00,11687.37650157815,12373.227441067022,9839.736021492556
forecast_7855,2025-11-24 07:00:00,12749.722401468252,13846.70834294368,10254.127503619125
forecast_7856,2025-11-24 08:00:00,13449.281488896544,14768.340666065118,10455.979062677756
forecast_7857,2025-11-24 09:00:00,13512.808833775536,13750.574840352687,10127.661739928328
forecast_7858,2025-11-24 10:00:00,12483.916339744914,12951.379276107835,9493.909060776476
forecast_7859,2025-11-24 11:00:00,11629.682180615786,12385.553653893567,10170.551506256223
forecast_7860,2025-11-24 12:00:00,11508.894616289497,12087.85376345441,10491.674215808313
forecast_7861,2025-11-24 13:00:00,12420.026935401107,12700.903431946917,10855.915814350572
forecast_7862,2025-11-24 14:00:00,13170.738965603552,12748.612473483003,12105.896938737711
forecast_7863,2025-11-24 15:00:00,12538.359398856732,13308.895776364003,11919.946252198919
forecast_7864,2025-11-24 16:00:00,12092.019769688273,12374.488682894873,10839.05325394351
forecast_7865,2025-11-24 17:00:00,11660.172287450801,12102.685149375371,10332.261537116
forecast_7866,2025-11-24 18:00:00,11108.57049201318,11921.847064860574,9605.103996129068
forecast_7867,2025-11-24 19:00:00,10716.651371242931,12469.27212923442,9742.455246928539
forecast_7868,2025-11-24 20:00:00,10990.320889106906,12373.975907722916,10180.2617916
forecast_7869,2025-11-24 21:00:00,11851.245859047884,13809.015399633658,10529.792455457511
forecast_7870,2025-11-24 22:00:00,11531.64008750889,13602.48955052309,10313.464139988233
forecast_7871,2025-11-24 23:00:00,11550.08112789027,13181.408297169086,10315.340612009237
forecast_7872,2025-11-25 00:00:00,12013.354975292566,13246.10917521372,9918.278089803725
forecast_7873,2025-11-25 01:00:00,11584.72391580791,13198.153891580352,10720.477127802687
forecast_7874,2025-11-25 02:00:00,12247.001647657597,12983.3832672059,10673.279629744364
forecast_7875,2025-11-25 03:00:00,12389.864792167595,13184.772390915505,11051.503529395244
forecast_7876,2025-11-25 04:00:00,13403.799418723,13459.049676859186,10621.920138052832
forecast_7877,2025-11-25 05:00:00,14098.52840901478,14482.08321927974,11231.381009673376
forecast_7878,2025-11-25 06:00:00,13594.313435090144,14857.05640219191,12226.720689514295
forecast_7879,2025-11-25 07:00:00,13819.473541205569,14571.46913016534,12254.78206933292
forecast_7880,2025-11-25 08:00:00,11369.042874732608,12328.80806411167,10374.154822598251
forecast_7881,2025-11-25 09:00:00,9222.2485813165,9590.563174794837,7848.592185653578
forecast_7882,2025-11-25 10:00:00,7742.565971623176,7412.374671668116,6014.48213228866
forecast_7883,2025-11-25 11:00:00,7021.822317234528,8182.447766760891,6494.63599406581
forecast_7884,2025-11-25 12:00:00,6832.994004697447,7750.820778571323,5758.709061452955
forecast_7885,2025-11-25 13:00:00,7776.897676137918,8579.943781196009,6769.104465311413
forecast_7886,2025-11-25 14:00:00,8857.410414318534,8907.726766319567,6756.7792960158085
forecast_7887,2025-11-25 15:00:00,9208.980399836919,9365.78015187434,6621.7490200746515
forecast_7888,2025-11-25 16:00:00,10281.593792970294,10286.767895271098,8111.426407336243
forecast_7889,2025-11-25 17:00:00,10725.631200311942,10939.764773373521,9021.947467256088
forecast_7890,2025-11-25 18:00:00,11196.872003100421,11694.419291009379,9431.332194499895
forecast_7891,2025-11-25 19:00:00,10844.070701430415,11480.133017615339,9018.769868196896
forecast_7892,2025-11-25 20:00:00,10165.499808422235,10794.28845791846,7720.887707288678
forecast_7893,2025-11-25 21:00:00,9214.119547080305,9912.78770734128,6398.212884912823
forecast_7894,2025-11-25 22:00:00,9579.460294489416,9184.297281897301,5650.771717397568
forecast_7895,2025-11-25 23:00:00,6977.631710231982,7673.684163231838,3865.2247320298075
forecast_7896,2025-11-26 00:00:00,6136.411806270961,6959.196956825089,4503.809539927595
forecast_7897,2025-11-26 01:00:00,6337.424275289155,6371.913785060006,3809.120688410379
forecast_7898,2025-11-26 02:00:00,5762.2405465486245,5466.076559118422,3871.8415490936404
forecast_7899,2025-11-26 03:00:00,4669.206840525149,4558.865325239701,3767.9290289804007
forecast_7900,2025-11-26 04:00:00,4084.3064179773987,4011.948002124964,3291.6657978025028
forecast_7901,2025-11-26 05:00:00,3957.534518999318,3854.0960431476465,3395.0103394719667
forecast_7902,2025-11-26 06:00:00,3860.069955150218,3748.795680863247,3382.005256494376
forecast_7903,2025-11-26 07:00:00,4338.515791881762,4231.758636893431,3513.6325470329616
forecast_7904,2025-11-26 08:00:00,3760.4773200141162,3773.4939718759997,3705.1295798804217
forecast_7905,2025-11-26 09:00:00,3947.513751663363,3834.227415236467,3740.2576427627787
forecast_7906,2025-11-26 10:00:00,4098.406510598769,3911.809257476328,3895.1442905309586
forecast_7907,2025-11-26 11:00:00,4939.75384723263,5430.05466446906,3717.0163362237745
forecast_7908,2025-11-26 12:00:00,4391.685252840106,4030.746943227163,3805.321251134442
forecast_7909,2025-11-26 13:00:00,3686.0719958317786,3613.6884210037656,3435.121373214047
forecast_7910,2025-11-26 14:00:00,3760.6864204929616,3870.9735492099976,3676.5345705802115
forecast_7911,2025-11-26 15:00:00,4937.236264311553,4662.139819961234,3731.1426345062623
forecast_7912,2025-11-26 16:00:00,5189.964728915182,5147.650446420024,3911.605080770353
forecast_7913,2025-11-26 17:00:00,6897.631878189697,6953.12681419566,4449.252996469213
forecast_7914,2025-11-26 18:00:00,9364.452538107635,9821.47271391768,6560.493243611153
forecast_7915,2025-11-26 19:00:00,11967.202116716908,12409.708063547523,8013.379167756203
forecast_7916,2025-11-26 20:00:00,14071.665868263759,14687.415867510777,9424.356903960082
forecast_7917,2025-11-26 21:00:00,15322.395043330638,15913.701444836539,10037.758577605531
forecast_7918,2025-11-26 22:00:00,15458.804499459224,16689.71687270941,10780.553102932767
forecast_7919,2025-11-26 23:00:00,16028.690586712839,17404.45140888973,12354.409086028763
forecast_7920,2025-11-27 00:00:00,17017.65140824998,16596.16702376113,12828.757323957538
forecast_7921,2025-11-27 01:00:00,16082.852345019965,17666.83653859382,14822.690133586315
forecast_7922,2025-11-27 02:00:00,17283.055676589065,18557.84696511849,15405.931598244146
forecast_7923,2025-11-27 03:00:00,17902.260556930218,18235.710510029032,15400.46200355051
forecast_7924,2025-11-27 04:00:00,15182.726499144223,16419.76578088358,13472.422822308927
forecast_7925,2025-11-27 05:00:00,16918.086746171783,15361.167337291417,12668.723175123374
forecast_7926,2025-11-27 06:00:00,14128.73649355225,14309.476194889494,11557.892884871182
forecast_7927,2025-11-27 07:00:00,14011.275622815103,16616.534266522798,12564.668466491565
forecast_7928,2025-11-27 08:00:00,15387.818267747589,14908.880039599937,12944.791854097906
forecast_7929,2025-11-27 09:00:00,13575.37697638278,15319.650847247065,13921.174356762993
forecast_7930,2025-11-27 10:00:00,11927.958745183698,14384.059523901722,14082.325214613027
forecast_7931,2025-11-27 11:00:00,10800.35314403356,13422.212069709032,13788.475457682996
forecast_7932,2025-11-27 12:00:00,12448.306066362898,13619.957585073733,14698.785001545612
forecast_7933,2025-11-27 13:00:00,14789.899092249363,15929.468453391564,16105.742235538868
forecast_7934,2025-11-27 14:00:00,17022.917184687296,18370.320398823205,17137.157545700677
forecast_7935,2025-11-27 15:00:00,18720.11719961736,18740.035820869743,18058.90922885813
forecast_7936,2025-11-27 16:00:00,18226.784181172774,18676.490158140507,18153.64825339014
forecast_7937,2025-11-27 17:00:00,18980.024342382247,18831.119713642624,18372.419143524134
forecast_7938,2025-11-27 18:00:00,18183.142098473592,18804.7637124846,18269.218196293226
forecast_7939,2025-11-27 19:00:00,18078.608504295808,18809.471212605607,18051.111874123155
forecast_7940,2025-11-27 20:00:00,17829.644628937822,18689.11151405767,17960.309219836094
forecast_7941,2025-11-27 21:00:00,18273.651026205618,18683.590655855325,17739.010698634593
forecast_7942,2025-11-27 22:00:00,18315.383864664862,18609.86501803909,17492.623105310297
forecast_7943,2025-11-27 23:00:00,18102.968130263118,18695.1498706492,17319.74523023046
forecast_7944,2025-11-28 00:00:00,18234.41277432496,18897.82212193142,17212.06069335501
forecast_7945,2025-11-28 01:00:00,17401.243823955414,18191.23326079415,16435.446080487123
forecast_7946,2025-11-28 02:00:00,17259.6285388179,18088.16250278615,16082.266048064073
forecast_7947,2025-11-28 03:00:00,17159.662920947892,18087.909788081386,15560.96460564839
forecast_7948,2025-11-28 04:00:00,16764.60287033348,17895.12163717804,14797.298305885392
forecast_7949,2025-11-28 05:00:00,18268.589806329044,17651.062794827903,14506.811296221967
forecast_7950,2025-11-28 06:00:00,17071.167729726607,17497.200582552232,13831.421044617397
forecast_7951,2025-11-28 07:00:00,16755.264298924496,16134.143089452547,12472.44203674146
forecast_7952,2025-11-28 08:00:00,16487.471656601367,15933.410355264643,10503.88272399345
forecast_7953,2025-11-28 09:00:00,12654.284640996915,13839.604434520832,8042.240970625443
forecast_7954,2025-11-28 10:00:00,10107.072479456498,10126.603629242125,6671.003398198067
forecast_7955,2025-11-28 11:00:00,8275.1839057799,8615.403538994131,5738.641438277432
forecast_7956,2025-11-28 12:00:00,7291.86460946249,7560.899177344166,5434.632549938785
forecast_7957,2025-11-28 13:00:00,6735.207488051746,6756.453623633424,5124.292929176244
forecast_7958,2025-11-28 14:00:00,5895.255316274517,6107.0596843994745,4782.7664789721
forecast_7959,2025-11-28 15:00:00,4966.171419592089,4748.745019128113,4262.352931264195
forecast_7960,2025-11-28 16:00:00,4644.474528474929,4218.330536958861,3909.9202654389405
forecast_7961,2025-11-28 17:00:00,5202.249294310395,5126.392957832912,4061.2913771930102
forecast_7962,2025-11-28 18:00:00,5733.222360104487,5580.139087775212,4441.45398458904
forecast_7963,2025-11-28 19:00:00,5742.549110741839,5695.927651033917,4482.112158150345
forecast_7964,2025-11-28 20:00:00,5434.0273065123765,5330.711473949831,4253.31036539497
forecast_7965,2025-11-28 21:00:00,4941.814574138316,5202.717035777334,4309.876306886777
forecast_7966,2025-11-28 22:00:00,5400.21265201809,5436.1440689809815,4721.940172039906
forecast_7967,2025-11-28 23:00:00,5484.1781365990555,5387.032841629147,4867.927395318956
forecast_7968,2025-11-29 00:00:00,5834.796484632906,5556.232999174026,4959.334124288997
forecast_7969,2025-11-29 01:00:00,5523.190705973464,5217.214581301345,3875.636453588288
forecast_7970,2025-11-29 02:00:00,7174.220636402626,6617.329310927465,4347.705450861658
forecast_7971,2025-11-29 03:00:00,8964.349947332048,9468.27646490267,5915.233892193245
forecast_7972,2025-11-29 04:00:00,10867.954066472646,11871.863966879453,7937.313803128843
forecast_7973,2025-11-29 05:00:00,12870.103470552092,13199.3600067459,9916.014147601929
forecast_7974,2025-11-29 06:00:00,13405.702119632178,14312.114501759817,10244.445729230143
forecast_7975,2025-11-29 07:00:00,13359.785924483393,14325.395589617128,9952.485961779255
forecast_7976,2025-11-29 08:00:00,11831.862496766222,12968.581395688272,8745.259919378123
forecast_7977,2025-11-29 09:00:00,11005.538474114952,12219.940061843165,7533.901921356448
forecast_7978,2025-11-29 10:00:00,9628.64240485049,11368.546920247029,6925.718775207159
forecast_7979,2025-11-29 11:00:00,10824.271796603318,12840.703780013193,8566.356765214681
forecast_7980,2025-11-29 12:00:00,13463.101817605679,14832.218545003303,10201.808852393902
forecast_7981,2025-11-29 13:00:00,14809.72409023866,16423.669954844332,12824.475108879054
forecast_7982,2025-11-29 14:00:00,16047.9000759856,17283.216108705972,13844.572865220922
forecast_7983,2025-11-29 15:00:00,16943.862325173777,18156.770618913444,15115.304610857569
forecast_7984,2025-11-29 16:00:00,18318.039478483723,19016.281770906247,16680.81222597505
forecast_7985,2025-11-29 17:00:00,19241.18646144415,19896.278933113772,18204.13269805565
forecast_7986,2025-11-29 18:00:00,19642.04017639974,19998.84011030078,19336.287397656466
forecast_7987,2025-11-29 19:00:00,19729.762457593388,19910.008191963138,19327.204647860006
forecast_7988,2025-11-29 20:00:00,19887.34146955378,19910.046407646907,19337.528188391243
forecast_7989,2025-11-29 21:00:00,19892.245533800473,19896.029778538054,19335.573507394318
forecast_7990,2025-11-29 22:00:00,19946.122481784623,19890.107712776586,19341.838715652695
forecast_7991,2025-11-29 23:00:00,20256.25739780773,19966.34826215309,19332.852775820644
forecast_7992,2025-11-30 00:00:00,20282.15340372397,20044.176395163577,19331.461510879326
forecast_7993,2025-11-30 01:00:00,20022.655740563157,20082.068428091196,19343.344692518196
forecast_7994,2025-11-30 02:00:00,20142.743068648317,20028.28754206279,19333.27241369375
forecast_7995,2025-11-30 03:00:00,19878.719408469624,19811.345184567526,18629.924416178183
forecast_7996,2025-11-30 04:00:00,18516.171055219576,19159.9678482742,17440.821534730545
forecast_7997,2025-11-30 05:00:00,18335.147721983532,18357.62228665262,16040.902309740723
forecast_7998,2025-11-30 06:00:00,17420.124735932255,17800.82668089757,14769.28199905894
forecast_7999,2025-11-30 07:00:00,16747.082476298143,16869.336267192248,13475.457230435735
forecast_8000,2025-11-30 08:00:00,16065.20020503495,16538.32326885459,12803.926679415406
forecast_8001,2025-11-30 09:00:00,16227.430267620515,16623.28085695511,12353.699570994491
forecast_8002,2025-11-30 10:00:00,15033.917548038045,16166.355194909731,11363.598236933905
forecast_8003,2025-11-30 11:00:00,14865.121342957307,16165.404961573688,10848.131103271266
forecast_8004,2025-11-30 12:00:00,13525.39665158105,14136.249437312132,10056.625055916544
forecast_8005,2025-11-30 13:00:00,12162.230152397056,12869.439279860586,9893.460410270627
forecast_8006,2025-11-30 14:00:00,10790.188436187304,11403.260111837822,9317.655799886312
forecast_8007,2025-11-30 15:00:00,11023.624068789813,11451.428165920857,9498.388063562177
forecast_8008,2025-11-30 16:00:00,12047.345817161615,13347.960653760905,9928.407328040183
forecast_8009,2025-11-30 17:00:00,13891.303384924968,15539.066761989283,12224.736756407425
forecast_8010,2025-11-30 18:00:00,15901.032063154971,18022.289141025733,15573.57270254427
forecast_8011,2025-11-30 19:00:00,17790.983505138607,19404.69911293995,17819.789228681086
forecast_8012,2025-11-30 20:00:00,18863.660268724037,19957.56088294336,19327.999281980898
forecast_8013,2025-11-30 21:00:00,19808.27158075025,20066.963209136793,19502.503109170928
forecast_8014,2025-11-30 22:00:00,19881.62257472488,20339.15862574231,19531.105143360102
forecast_8015,2025-11-30 23:00:00,19885.129946233126,20290.091587450403,19351.10354405145
forecast_8016,2025-12-01 00:00:00,19880.73209000891,20179.13175608583,19248.21483060448
forecast_8017,2025-12-01 01:00:00,19889.480917027842,20316.506315308154,17958.901859245634
forecast_8018,2025-12-01 02:00:00,19933.726209869834,20319.121097347503,17636.467315883576
forecast_8019,2025-12-01 03:00:00,19308.64307809604,20319.274335206803,17574.28075326546
forecast_8020,2025-12-01 04:00:00,19464.695664484647,20287.934547837893,17462.797603733317
forecast_8021,2025-12-01 05:00:00,19889.04638951733,20116.877888567786,17302.463161630374
forecast_8022,2025-12-01 06:00:00,19837.75329854346,20081.31641746202,17451.579175434734
forecast_8023,2025-12-01 07:00:00,18802.556678104247,19754.310013007038,16881.27275728884
forecast_8024,2025-12-01 08:00:00,17840.710686111273,18224.406320762784,16013.973515000735
forecast_8025,2025-12-01 09:00:00,15729.492706571093,16622.65689981044,13375.259556090958
forecast_8026,2025-12-01 10:00:00,13149.634364055586,13730.705211516508,10620.977993855679
forecast_8027,2025-12-01 11:00:00,10016.223672813652,10466.341310517437,7755.487620187827
forecast_8028,2025-12-01 12:00:00,8201.686775338647,8208.921179710247,5531.163382962116
forecast_8029,2025-12-01 13:00:00,6614.306650573481,6622.768457257344,4556.521427129939
forecast_8030,2025-12-01 14:00:00,5673.1759089964635,6010.9974766171745,4085.596802687825
forecast_8031,2025-12-01 15:00:00,5086.722551397929,5295.59958983055,3897.3603889980627
forecast_8032,2025-12-01 16:00:00,4991.164295497703,5125.132869898021,3942.0708242297774
forecast_8033,2025-12-01 17:00:00,5796.575884964806,5702.03779010372,3967.4564022280083
forecast_8034,2025-12-01 18:00:00,6313.210754344779,6587.000052757524,4443.871481662287
forecast_8035,2025-12-01 19:00:00,7201.32534567352,6956.184109097366,5247.3442653065395
forecast_8036,2025-12-01 20:00:00,8965.783327059182,8887.097495807431,6546.036665168461
forecast_8037,2025-12-01 21:00:00,8801.409097565,9244.033141422731,6845.255253916517
forecast_8038,2025-12-01 22:00:00,11361.810304128798,11860.561976171502,8399.367797499292
forecast_8039,2025-12-01 23:00:00,13434.205250150282,14699.41541193284,10259.842868005977
forecast_8040,2025-12-02 00:00:00,14491.832464103774,15286.88345592532,11219.336005730634
forecast_8041,2025-12-02 01:00:00,15391.86854519666,16303.162503777869,12259.126723924284
forecast_8042,2025-12-02 02:00:00,16213.354145738138,16808.09132737088,12930.356433267954
forecast_8043,2025-12-02 03:00:00,16771.845250458533,17008.16945699467,13346.966084645772
forecast_8044,2025-12-02 04:00:00,17122.900179943146,17474.59043647712,13522.624125805327
forecast_8045,2025-12-02 05:00:00,16731.80627371429,16952.067725756242,12921.074502031579
forecast_8046,2025-12-02 06:00:00,15817.74881554266,15933.814509713593,12022.249786138918
forecast_8047,2025-12-02 07:00:00,14435.848137884223,14049.8730737233,9799.397528841811
forecast_8048,2025-12-02 08:00:00,11632.643106739544,12317.060487841043,7826.382612794953
forecast_8049,2025-12-02 09:00:00,8797.353135792662,9598.768410752356,5792.351712368924
forecast_8050,2025-12-02 10:00:00,8084.914110737588,8458.157520078077,4843.91842165473
forecast_8051,2025-12-02 11:00:00,7557.06217517668,8178.9454811974565,5450.024903400034
forecast_8052,2025-12-02 12:00:00,8017.349651069349,8533.309002374042,6329.09165658073
forecast_8053,2025-12-02 13:00:00,9882.284487266066,9901.90540057952,7064.74135759895
forecast_8054,2025-12-02 14:00:00,10673.852611994846,12205.630672561505,7969.826492091481
forecast_8055,2025-12-02 15:00:00,11623.767106912532,13500.555984869674,8492.473633923764
forecast_8056,2025-12-02 16:00:00,12766.481027715241,14190.4046749451,9846.174446346402
forecast_8057,2025-12-02 17:00:00,14145.459939529243,15726.740585965317,11186.816662749856
forecast_8058,2025-12-02 18:00:00,14838.360381555856,16722.99222161376,12388.945451380541
forecast_8059,2025-12-02 19:00:00,15837.612031030023,17484.609514074476,13512.937358375677
forecast_8060,2025-12-02 20:00:00,16007.215552441465,17637.79567109041,14194.180343117334
forecast_8061,2025-12-02 21:00:00,16201.975330957068,17595.172374979866,14542.696362688468
forecast_8062,2025-12-02 22:00:00,17309.140649803914,17487.16532791364,14396.29971603548
forecast_8063,2025-12-02 23:00:00,16142.246171714742,17777.805143192523,14046.599716904519
forecast_8064,2025-12-03 00:00:00,16022.457245511636,17902.487964580116,13794.50021349904
forecast_8065,2025-12-03 01:00:00,15497.350745786247,18162.124514628336,15841.945099508088
forecast_8066,2025-12-03 02:00:00,15508.786206652298,18304.05726804312,15700.76523076862
forecast_8067,2025-12-03 03:00:00,15385.285619669541,18011.841482307536,15607.440848431845
forecast_8068,2025-12-03 04:00:00,14785.89817481886,17727.464205083885,15223.84234207671
forecast_8069,2025-12-03 05:00:00,13697.601727812027,16753.381787867653,14635.083881527356
forecast_8070,2025-12-03 06:00:00,13167.056006106,15809.65917304061,14030.469736088002
forecast_8071,2025-12-03 07:00:00,12912.376678438157,15212.918301408423,13140.157990277043
forecast_8072,2025-12-03 08:00:00,13354.611194073555,15427.632125639968,13389.181966448848
forecast_8073,2025-12-03 09:00:00,13579.097626282903,15691.806608441897,13416.15094405986
forecast_8074,2025-12-03 10:00:00,14198.480792916493,16401.323586245955,13960.44993617305
forecast_8075,2025-12-03 11:00:00,15501.006113008878,17039.476263119835,14409.333259854631
forecast_8076,2025-12-03 12:00:00,16447.027344049533,17395.66584874442,14818.10353602676
forecast_8077,2025-12-03 13:00:00,16662.123297397346,17376.290294257353,14842.668686432931
forecast_8078,2025-12-03 14:00:00,16759.41807270225,17249.997449441842,14779.187129420898
forecast_8079,2025-12-03 15:00:00,15717.435842086328,17141.118839290917,14627.172914887227
forecast_8080,2025-12-03 16:00:00,15490.736258963114,17150.67571126379,14671.34965548466
forecast_8081,2025-12-03 17:00:00,14547.965591827235,17004.03509799573,14708.42386949327
forecast_8082,2025-12-03 18:00:00,13953.01714175392,17148.356501915656,14618.16323935925
forecast_8083,2025-12-03 19:00:00,13360.458040387133,16979.432556501786,14525.386072553454
forecast_8084,2025-12-03 20:00:00,13213.309172003701,16238.343728495913,13712.665265605938
forecast_8085,2025-12-03 21:00:00,13276.878275369167,16636.174300298364,13701.49602102482
forecast_8086,2025-12-03 22:00:00,14014.609969207853,16615.475281460018,14095.91628997968
forecast_8087,2025-12-03 23:00:00,14317.572992540876,17450.826354839013,13971.165369160799
forecast_8088,2025-12-04 00:00:00,16670.843334502522,18024.080405446228,14045.730011502246
forecast_8089,2025-12-04 01:00:00,16496.192170972212,17753.305925701454,13479.922946144487
forecast_8090,2025-12-04 02:00:00,16622.631278300676,18001.025353432862,13764.323423287744
forecast_8091,2025-12-04 03:00:00,17245.07394973317,18299.46159016543,13975.779017751101
forecast_8092,2025-12-04 04:00:00,17917.830440241458,18634.711984738595,14620.959171449033
forecast_8093,2025-12-04 05:00:00,18427.6768938683,18251.914414973184,14784.814801058965
forecast_8094,2025-12-04 06:00:00,18308.449673662104,18357.23493055556,15189.179430483977
forecast_8095,2025-12-04 07:00:00,18463.508214030284,18668.171995395995,15664.614355752266
forecast_8096,2025-12-04 08:00:00,18045.817596863377,19171.659475145065,16149.607910857683
forecast_8097,2025-12-04 09:00:00,17744.331270976858,18819.35047041142,16161.058126818916
forecast_8098,2025-12-04 10:00:00,16850.458892276474,18107.474738233315,15031.43285558197
forecast_8099,2025-12-04 11:00:00,14918.585163539827,16792.485671192877,13189.937443595969
forecast_8100,2025-12-04 12:00:00,13100.246809583665,14994.082181152198,11444.726656861532
forecast_8101,2025-12-04 13:00:00,11699.593583679332,13632.818188285622,10140.489971612154
forecast_8102,2025-12-04 14:00:00,11375.007880179533,12321.442722158872,9525.175773069528
forecast_8103,2025-12-04 15:00:00,11769.642055327191,12561.74753769534,10041.042013227552
forecast_8104,2025-12-04 16:00:00,12901.399268447825,13558.632420760163,11074.79574747593
forecast_8105,2025-12-04 17:00:00,14867.146014117663,16081.624511827587,13392.164237202423
forecast_8106,2025-12-04 18:00:00,16247.14924409025,17528.659226146978,15244.265522994789
forecast_8107,2025-12-04 19:00:00,17229.686130579325,18367.94165919437,16245.607974421038
forecast_8108,2025-12-04 20:00:00,17583.626733817462,18433.671247857168,16759.536460227955
forecast_8109,2025-12-04 21:00:00,17408.011972999644,18647.566533305468,16155.673838262355
forecast_8110,2025-12-04 22:00:00,17526.01411752531,18379.729006506164,15917.152945983396
forecast_8111,2025-12-04 23:00:00,16733.908435119127,17880.93712585425,15139.203932079403
forecast_8112,2025-12-05 00:00:00,16372.180543084909,17957.35705373939,15004.239240597304
forecast_8113,2025-12-05 01:00:00,16123.729453782893,17453.094552869454,14178.881072817207
forecast_8114,2025-12-05 02:00:00,15996.666516136394,17424.41158980728,14239.554492893927
forecast_8115,2025-12-05 03:00:00,15989.522847167931,17641.652359507127,14374.80753770528
forecast_8116,2025-12-05 04:00:00,15716.24554618087,17797.685949250917,13918.959047477978
forecast_8117,2025-12-05 05:00:00,16079.52648534381,18050.79832934422,13984.356703020349
forecast_8118,2025-12-05 06:00:00,17404.199746011884,17996.8363447217,13926.281924057235
forecast_8119,2025-12-05 07:00:00,17835.28624481241,18458.44800778128,14255.18964607103
forecast_8120,2025-12-05 08:00:00,18215.555832626495,18861.7144370259,14077.462196281884
forecast_8121,2025-12-05 09:00:00,17968.46406341448,18473.59701942363,13472.353408863808
forecast_8122,2025-12-05 10:00:00,16926.74533471915,17242.887334493407,12458.838877160579
forecast_8123,2025-12-05 11:00:00,15326.234497496676,16125.735684247215,11576.664531484894
forecast_8124,2025-12-05 12:00:00,13820.292349082594,14627.650865382411,10776.155049804713
forecast_8125,2025-12-05 13:00:00,13656.877463635637,14895.53043904668,10545.445594633982
forecast_8126,2025-12-05 14:00:00,14445.230359060271,15410.557766992995,11403.54046861399
forecast_8127,2025-12-05 15:00:00,16235.974353557718,16903.666637592905,12837.014150750361
forecast_8128,2025-12-05 16:00:00,17700.47582477803,18028.471264954354,14083.440407896755
forecast_8129,2025-12-05 17:00:00,18869.64527723153,18862.45245692462,14649.126355960923
forecast_8130,2025-12-05 18:00:00,19843.680839113113,19911.32724037138,14390.219850406747
forecast_8131,2025-12-05 19:00:00,19730.554473078417,19885.467492689895,14809.289769644713
forecast_8132,2025-12-05 20:00:00,19889.496870875402,19908.533233330952,14912.489461013476
forecast_8133,2025-12-05 21:00:00,20047.501976777734,20144.08092126735,15116.838051387478
forecast_8134,2025-12-05 22:00:00,20314.455323561466,20324.733070927996,15815.871845955418
forecast_8135,2025-12-05 23:00:00,20316.027441691607,20333.259957832055,16452.39893585716
forecast_8136,2025-12-06 00:00:00,20344.542523460277,20348.16630676929,16724.296581171635
forecast_8137,2025-12-06 01:00:00,20295.94147781494,20093.051034277738,17049.009258248767
forecast_8138,2025-12-06 02:00:00,20320.887771312187,20142.53313512816,17186.829541560426
forecast_8139,2025-12-06 03:00:00,20332.200289555996,20319.995151528576,17358.25242508626
forecast_8140,2025-12-06 04:00:00,20343.314931386725,20340.379386341247,17678.336856654852
forecast_8141,2025-12-06 05:00:00,20356.02538134926,20326.12789670785,17817.624036935056
forecast_8142,2025-12-06 06:00:00,20331.940901577625,20330.000696685594,17684.005099836402
forecast_8143,2025-12-06 07:00:00,20321.177711301883,20203.583826536524,17273.271017153267
forecast_8144,2025-12-06 08:00:00,19957.327798572336,20248.631621208864,16710.150102454565
forecast_8145,2025-12-06 09:00:00,19849.35029589825,19957.618314183088,16479.056871840192
forecast_8146,2025-12-06 10:00:00,18613.945823545157,19900.042020817426,16027.908112835157
forecast_8147,2025-12-06 11:00:00,17857.70707786514,18496.17389127421,15558.350781394875
forecast_8148,2025-12-06 12:00:00,17540.20480148723,18107.957778333926,14202.566981045255
forecast_8149,2025-12-06 13:00:00,16698.460784095427,17884.60861628714,14191.972864459369
forecast_8150,2025-12-06 14:00:00,16965.473838491504,17641.057774507874,14836.36425184761
forecast_8151,2025-12-06 15:00:00,17407.190234748214,17840.458727102403,15843.978623254265
forecast_8152,2025-12-06 16:00:00,17564.613261458395,18387.132690821327,16049.272949019789
forecast_8153,2025-12-06 17:00:00,17473.75257253384,18483.84091490687,15836.270188156594
forecast_8154,2025-12-06 18:00:00,17444.193300113686,18620.895714382597,15969.424518115738
forecast_8155,2025-12-06 19:00:00,17962.70155921696,18704.469228487018,16572.892244784583
forecast_8156,2025-12-06 20:00:00,18115.237183849484,19108.022782137094,17118.737773068868
forecast_8157,2025-12-06 21:00:00,18572.009958089297,19267.30331574981,17315.776565921253
forecast_8158,2025-12-06 22:00:00,19044.496832646768,19711.35710125824,17512.71805412365
forecast_8159,2025-12-06 23:00:00,19894.59677880021,19848.751115974406,17713.128113785435
forecast_8160,2025-12-07 00:00:00,19892.4831310803,19925.556395867654,17633.112728427546
forecast_8161,2025-12-07 01:00:00,18457.03151865866,19365.069406625807,16910.706301985054
forecast_8162,2025-12-07 02:00:00,18546.622376582804,19517.875091813086,16881.97127213245
forecast_8163,2025-12-07 03:00:00,18561.90117995166,19186.86878449587,16858.76120053999
forecast_8164,2025-12-07 04:00:00,19916.980145246234,19182.604268378695,17171.9288965559
forecast_8165,2025-12-07 05:00:00,19969.717256402382,19896.463402788846,17588.304022081647
forecast_8166,2025-12-07 06:00:00,19879.618335575506,19943.920741816964,18015.70937338222
forecast_8167,2025-12-07 07:00:00,19894.9674174284,20263.554310895226,17539.36604185873
forecast_8168,2025-12-07 08:00:00,19853.193724567773,20142.433010947883,16840.5054000493
forecast_8169,2025-12-07 09:00:00,19876.256302960563,19890.214520688573,16310.551577293603
forecast_8170,2025-12-07 10:00:00,19876.826734782702,19882.291054082816,16351.42607554812
forecast_8171,2025-12-07 11:00:00,19467.783262908888,19087.816770529847,16318.859648138903
forecast_8172,2025-12-07 12:00:00,18541.483109677592,19124.82211240242,16330.236660640667
forecast_8173,2025-12-07 13:00:00,18213.453619863325,19375.42119252846,16318.196030620511
forecast_8174,2025-12-07 14:00:00,18263.98136955197,19051.932774550965,16696.6416301032
forecast_8175,2025-12-07 15:00:00,19448.645615382335,19428.948312366963,16890.386347464882
forecast_8176,2025-12-07 16:00:00,19095.45198237361,19886.82737024294,16613.006427224358
forecast_8177,2025-12-07 17:00:00,19623.103646928488,20033.110772826956,17287.586145321377
forecast_8178,2025-12-07 18:00:00,19715.957005640634,20058.208239349024,17825.28503135509
forecast_8179,2025-12-07 19:00:00,19906.851706918078,20097.165947782614,17995.28219841217
forecast_8180,2025-12-07 20:00:00,19889.517960054163,19985.98058309943,17760.21760981173
forecast_8181,2025-12-07 21:00:00,19937.445080439687,19950.09624246106,17562.808139438883
forecast_8182,2025-12-07 22:00:00,18947.067948363845,19939.520756190006,17443.718607451014
forecast_8183,2025-12-07 23:00:00,18903.091511937808,19884.09784102612,17129.976068150037
forecast_8184,2025-12-08 00:00:00,18215.4927003479,19641.76218018454,16921.484553650793
forecast_8185,2025-12-08 01:00:00,18095.85663386321,19679.25126176711,16064.311488573849
forecast_8186,2025-12-08 02:00:00,17950.83227829508,19003.35424429682,15440.859271000058
forecast_8187,2025-12-08 03:00:00,17712.390756353325,18432.42061517591,14931.307952982863
forecast_8188,2025-12-08 04:00:00,16784.771428438995,17382.3598476691,13953.699313901332
forecast_8189,2025-12-08 05:00:00,15256.180638665122,16487.688920391356,12528.307652653393
forecast_8190,2025-12-08 06:00:00,13646.059838205421,14871.921542997463,10916.848217428282
forecast_8191,2025-12-08 07:00:00,12244.197473120004,13761.843210836372,9651.712973170681
forecast_8192,2025-12-08 08:00:00,11468.928925974787,12439.7115902681,8607.78029403836
forecast_8193,2025-12-08 09:00:00,10825.244910873635,11597.890254854905,8118.471040911905
forecast_8194,2025-12-08 10:00:00,8984.947880569736,10325.273695047674,7332.528382862976
forecast_8195,2025-12-08 11:00:00,7748.296563387188,7698.570166379878,5677.677185453053
forecast_8196,2025-12-08 12:00:00,5914.031141526404,5875.287342434426,4146.403677303999
forecast_8197,2025-12-08 13:00:00,5016.818387081754,4588.099652350826,3764.814587492579
forecast_8198,2025-12-08 14:00:00,5063.222046331534,4893.531231174289,3784.093559349955
forecast_8199,2025-12-08 15:00:00,5484.051655610196,5335.383961003012,3892.4594427950015
forecast_8200,2025-12-08 16:00:00,5917.444178865023,6296.2177265893115,4055.3247754527624
forecast_8201,2025-12-08 17:00:00,7713.067356361471,8089.015357901041,5275.345087153173
forecast_8202,2025-12-08 18:00:00,8874.200774674393,9610.861552833154,6756.281793397162
forecast_8203,2025-12-08 19:00:00,10755.949875285582,11843.185297446884,8749.709293471968
forecast_8204,2025-12-08 20:00:00,12805.520474701096,14104.80745073447,9936.933275628193
forecast_8205,2025-12-08 21:00:00,15717.758881055268,16958.010013714862,11541.80874362725
forecast_8206,2025-12-08 22:00:00,17021.045361143795,17703.898452141482,12009.103337241537
forecast_8207,2025-12-08 23:00:00,16956.399856834065,17589.936488827596,11618.985540367188
forecast_8208,2025-12-09 00:00:00,16704.373647896296,17370.04408038636,11120.55068636538
forecast_8209,2025-12-09 01:00:00,14998.574719132657,16276.473271562554,11202.120200951873
forecast_8210,2025-12-09 02:00:00,16489.288526222837,17175.94124309426,11482.119125563662
forecast_8211,2025-12-09 03:00:00,17475.44107111787,18087.639523615893,12551.0737610732
forecast_8212,2025-12-09 04:00:00,18062.527969141625,18615.96139498046,13177.248066203234
forecast_8213,2025-12-09 05:00:00,18004.145976246473,18671.132312759444,13074.683529299813
forecast_8214,2025-12-09 06:00:00,18301.168958452057,18872.98944021617,12116.107596857164
forecast_8215,2025-12-09 07:00:00,18801.973553730528,19445.69600475636,14436.75884031397
forecast_8216,2025-12-09 08:00:00,18899.50299455536,19909.48403208522,15172.037477823184
forecast_8217,2025-12-09 09:00:00,18887.81207855093,19914.578088139147,15408.08617111537
forecast_8218,2025-12-09 10:00:00,18053.57453268607,18919.811052829835,14824.031472133007
forecast_8219,2025-12-09 11:00:00,16751.075133560145,17714.204583202125,13676.801832389516
forecast_8220,2025-12-09 12:00:00,14687.944351566339,16234.016686567356,12493.062339417376
forecast_8221,2025-12-09 13:00:00,13017.704480939312,14451.343137067623,11049.76512169463
forecast_8222,2025-12-09 14:00:00,11596.400371404063,12655.604534575237,10051.879321710327
forecast_8223,2025-12-09 15:00:00,11035.604772446595,12042.147069126313,9597.233357026338
forecast_8224,2025-12-09 16:00:00,11032.31553072703,11920.058956307976,9345.221649688008
forecast_8225,2025-12-09 17:00:00,11187.86705465502,12290.785699379816,9501.035223551073
forecast_8226,2025-12-09 18:00:00,12085.53060532375,13351.590661950793,9823.71633144953
forecast_8227,2025-12-09 19:00:00,12939.30067022305,14532.696785959963,10562.674784754961
forecast_8228,2025-12-09 20:00:00,13463.762014650389,15325.502432999023,10274.436531240273
forecast_8229,2025-12-09 21:00:00,13657.97077422121,14815.93867839716,10118.244960557542
forecast_8230,2025-12-09 22:00:00,12875.932008223574,14394.789773420263,10326.54545250836
forecast_8231,2025-12-09 23:00:00,12766.624132229314,14218.783522488466,10678.88272189026
forecast_8232,2025-12-10 00:00:00,12813.198768076369,14223.19618021623,10527.213552832929
forecast_8233,2025-12-10 01:00:00,11963.592522927402,13473.703102794161,10804.111851243722
forecast_8234,2025-12-10 02:00:00,13151.660978484075,14178.039339636287,11099.146060579546
forecast_8235,2025-12-10 03:00:00,13901.287391411577,14893.207239919979,12137.689847038693
forecast_8236,2025-12-10 04:00:00,14613.587793343222,15328.845970301067,12288.065718094751
forecast_8237,2025-12-10 05:00:00,14505.92227684949,15339.76653476893,12342.300689131695
forecast_8238,2025-12-10 06:00:00,13531.599030134656,14318.870712213413,12204.603112125782
forecast_8239,2025-12-10 07:00:00,12227.40395538923,12880.471262488993,11064.710150718343
forecast_8240,2025-12-10 08:00:00,10496.32482879502,11669.686981626704,10640.232400955905
forecast_8241,2025-12-10 09:00:00,9807.815084694706,10271.948374368581,9889.929531121543
forecast_8242,2025-12-10 10:00:00,10155.595686856384,10114.091088729507,9261.367819660758
forecast_8243,2025-12-10 11:00:00,9658.887393338819,10007.773211671862,9659.224002708914
forecast_8244,2025-12-10 12:00:00,9273.631304165045,9472.01961984764,9413.093405045696
forecast_8245,2025-12-10 13:00:00,8692.81133459746,9293.981646658909,9775.200344998728
forecast_8246,2025-12-10 14:00:00,8282.823673954852,8856.170383254188,8710.640321280362
forecast_8247,2025-12-10 15:00:00,8007.039638564891,7698.464436935799,7823.930875509953
forecast_8248,2025-12-10 16:00:00,6027.36717924714,7599.787930278484,6132.3250791698965
forecast_8249,2025-12-10 17:00:00,5897.776228996483,5964.537320866643,6372.836697379581
forecast_8250,2025-12-10 18:00:00,6251.115845054071,6851.584049756375,6505.6240313677645
forecast_8251,2025-12-10 19:00:00,8068.691261823507,9919.623072267397,6597.267707039339
forecast_8252,2025-12-10 20:00:00,8927.20323851138,10332.891281527838,7376.117653246224
forecast_8253,2025-12-10 21:00:00,10703.959869011014,13973.686111738905,9343.557233892114
forecast_8254,2025-12-10 22:00:00,13314.656851651269,15971.132688868802,12271.587755497874
forecast_8255,2025-12-10 23:00:00,15310.966977176771,18045.10426627331,13804.140476297742
forecast_8256,2025-12-11 00:00:00,17753.598308507215,18649.806631957257,14454.386423809403
forecast_8257,2025-12-11 01:00:00,17874.42769908179,19050.00409324947,15543.019560088776
forecast_8258,2025-12-11 02:00:00,18294.41894156141,19663.295146919558,16305.092065614355
forecast_8259,2025-12-11 03:00:00,18520.132420518035,19591.4061585474,16469.437903561025
forecast_8260,2025-12-11 04:00:00,18975.286159541432,19904.032736839043,17396.50066724585
forecast_8261,2025-12-11 05:00:00,19096.58279914266,20113.264695268383,18383.45916141023
forecast_8262,2025-12-11 06:00:00,19950.738281410257,20304.1624602609,18312.81023936047
forecast_8263,2025-12-11 07:00:00,19917.16391998583,20166.079910270273,17407.901363643676
forecast_8264,2025-12-11 08:00:00,19584.608718178068,20057.144417212894,16292.438549345768
forecast_8265,2025-12-11 09:00:00,18488.72407147913,19889.53438953915,15944.346135180995
forecast_8266,2025-12-11 10:00:00,18176.567107495037,19657.872151462314,15230.162027006096
forecast_8267,2025-12-11 11:00:00,18110.286168398543,18661.316982927976,14426.98650631675
forecast_8268,2025-12-11 12:00:00,16498.776048443764,17228.10320524214,12672.504970003667
forecast_8269,2025-12-11 13:00:00,14642.700758540472,15636.76391424464,10854.535112942345
forecast_8270,2025-12-11 14:00:00,12652.382534443463,13692.7981286197,8738.526019704765
forecast_8271,2025-12-11 15:00:00,12059.029754006278,12623.201979076672,8087.6594463367155
forecast_8272,2025-12-11 16:00:00,12230.568585996722,13155.210283969322,8657.000366552478
forecast_8273,2025-12-11 17:00:00,12917.754380541652,14000.101832734514,9539.453949844426
forecast_8274,2025-12-11 18:00:00,12567.200737697212,13725.392015352334,9487.094245654178
forecast_8275,2025-12-11 19:00:00,11332.802892357337,12362.384976694313,8404.517984454116
forecast_8276,2025-12-11 20:00:00,8487.567240630267,9253.761956728622,6135.635942866962
forecast_8277,2025-12-11 21:00:00,5848.575598031813,5562.939582427754,3805.848588545833
forecast_8278,2025-12-11 22:00:00,4097.307534189439,4339.568025191562,3608.539588620171
forecast_8279,2025-12-11 23:00:00,4003.4809398717475,4519.130389081023,3918.23824348922
forecast_8280,2025-12-12 00:00:00,3870.649880820113,4077.9329361167315,4082.107839140227
forecast_8281,2025-12-12 01:00:00,3305.8913577238486,3615.094096392064,2915.9107744346616
forecast_8282,2025-12-12 02:00:00,3006.8007517280425,3515.969378247144,2655.193063736019
forecast_8283,2025-12-12 03:00:00,3610.1977170892883,3329.6560977516065,3283.093316339106
forecast_8284,2025-12-12 04:00:00,3236.292994365568,3477.7547758676956,2768.156178133929
forecast_8285,2025-12-12 05:00:00,3058.642665749884,3489.571556726297,2822.2415081752115
forecast_8286,2025-12-12 06:00:00,2985.112085658957,3532.4247024481347,3565.3193952243305
forecast_8287,2025-12-12 07:00:00,4012.879042541873,3183.289376626533,3334.150651744133
forecast_8288,2025-12-12 08:00:00,4313.856913368117,3188.8316361062434,2148.529699871955
forecast_8289,2025-12-12 09:00:00,4998.626069608144,3323.0138531736416,1899.5495246811254
forecast_8290,2025-12-12 10:00:00,4784.572400149921,3592.336703044486,2308.156512075684
forecast_8291,2025-12-12 11:00:00,4639.769684781164,3948.834183822576,1753.1142157990305
forecast_8292,2025-12-12 12:00:00,3527.099675499076,3151.418618120994,57.95686819579763
forecast_8293,2025-12-12 13:00:00,4060.9788205340924,3246.6386945414965,34.904966236267434
forecast_8294,2025-12-12 14:00:00,2030.2663038524959,1457.5153450967782,26.947171204880853
forecast_8295,2025-12-12 15:00:00,1251.4039592463077,51.493772063985986,3.6281393186776536
forecast_8296,2025-12-12 16:00:00,2958.8784256052127,2132.2352435978237,2.490253571944954
forecast_8297,2025-12-12 17:00:00,3111.394923680158,2296.162442418217,3220.241487306887
forecast_8298,2025-12-12 18:00:00,3261.45788929917,2826.4274919591526,1925.7962801630554
forecast_8299,2025-12-12 19:00:00,3290.5133988580114,4757.009122440825,2298.189331997988
forecast_8300,2025-12-12 20:00:00,3628.4157377832166,4199.255541115696,3994.3388219726667
forecast_8301,2025-12-12 21:00:00,3998.049148031321,3705.6772986340634,4834.691932500291
forecast_8302,2025-12-12 22:00:00,4513.121105482621,4865.775394946631,3346.4296888818294
forecast_8303,2025-12-12 23:00:00,4003.4290528798488,5201.713922464541,3510.1989689325496
forecast_8304,2025-12-13 00:00:00,4213.573881432425,4510.791202537743,3713.0601497514863
forecast_8305,2025-12-13 01:00:00,4004.929653302716,4161.757287437476,3684.070792970236
forecast_8306,2025-12-13 02:00:00,4120.923527191735,4161.060363890339,3640.7787279233467
forecast_8307,2025-12-13 03:00:00,4321.7351521212395,4346.476292998711,3680.023571042998
forecast_8308,2025-12-13 04:00:00,4610.714152932321,4967.217617175725,3757.6434674533552
forecast_8309,2025-12-13 05:00:00,4967.373315433599,4994.172146429149,3766.724612276714
forecast_8310,2025-12-13 06:00:00,4806.206688885809,4750.899108740688,3738.5217844642475
forecast_8311,2025-12-13 07:00:00,4213.20899213699,4778.387639020965,3737.825648116088
forecast_8312,2025-12-13 08:00:00,4279.48580219136,4376.198856027054,3693.129393316381
forecast_8313,2025-12-13 09:00:00,4035.8070565246967,4132.090902331511,3793.5803174321763
forecast_8314,2025-12-13 10:00:00,4006.3215900021073,3808.6123271063075,3482.5133286800647
forecast_8315,2025-12-13 11:00:00,4061.870890674592,3830.963130979454,3506.9884209221086
forecast_8316,2025-12-13 12:00:00,5820.982244057947,5458.588553328765,3888.153514646982
forecast_8317,2025-12-13 13:00:00,3899.4767962319374,3836.080988781215,4155.613375522984
forecast_8318,2025-12-13 14:00:00,3198.6933628974666,3215.6137909061013,4259.251955037599
forecast_8319,2025-12-13 15:00:00,2877.3203960419937,3095.294783061375,2962.3867445551573
forecast_8320,2025-12-13 16:00:00,3082.179363170903,3318.362272510848,2951.7088129367125
forecast_8321,2025-12-13 17:00:00,3725.4281548082968,3877.3135225831775,3485.6113329183063
forecast_8322,2025-12-13 18:00:00,4147.204997479727,4659.990214118047,3472.5824074936772
forecast_8323,2025-12-13 19:00:00,5219.318158817424,5692.467869149944,3840.664995025954
forecast_8324,2025-12-13 20:00:00,4508.308371877239,4883.296069910635,3710.636737781732
forecast_8325,2025-12-13 21:00:00,6208.19885471738,6696.752510684197,3926.944686916503
forecast_8326,2025-12-13 22:00:00,6642.795745459425,7616.741719099444,5266.554495571422
forecast_8327,2025-12-13 23:00:00,9983.730269695696,12218.030998105034,7142.467268629253
forecast_8328,2025-12-14 00:00:00,11605.311162580523,11832.069768574105,8892.665351303363
forecast_8329,2025-12-14 01:00:00,15084.246613800655,17326.792374738186,12219.204378079283
forecast_8330,2025-12-14 02:00:00,15016.227600925486,17468.46635006421,12363.34598589267
forecast_8331,2025-12-14 03:00:00,15242.265635393911,17479.023838669553,13041.445304099034
forecast_8332,2025-12-14 04:00:00,16000.25973571131,17813.90820468435,13998.369444777665
forecast_8333,2025-12-14 05:00:00,15969.187215378968,17719.420921401434,14852.699371322511
forecast_8334,2025-12-14 06:00:00,15810.490421137705,17747.117248431794,14874.735220932094
forecast_8335,2025-12-14 07:00:00,14788.126158235023,17462.87260278126,14651.136222015573
forecast_8336,2025-12-14 08:00:00,15033.376243689254,17493.143889960786,13373.322506859558
forecast_8337,2025-12-14 09:00:00,15699.373104273842,17622.281103152443,13006.82712569923
forecast_8338,2025-12-14 10:00:00,16618.238703791714,17777.80264735681,12952.817798176267
forecast_8339,2025-12-14 11:00:00,16912.714981707588,17746.221201340915,13300.701024104517
forecast_8340,2025-12-14 12:00:00,16627.904738417456,17704.628238407826,12374.981751505286
forecast_8341,2025-12-14 13:00:00,15750.272366120502,16613.389340760987,11130.495743711717
forecast_8342,2025-12-14 14:00:00,14251.605797966497,15070.028443717085,10238.311007256914
forecast_8343,2025-12-14 15:00:00,13582.993631304951,14263.259741966183,9921.782867210104
forecast_8344,2025-12-14 16:00:00,13732.069078932682,14604.151522018245,10243.785464400356
forecast_8345,2025-12-14 17:00:00,14343.810527048074,15686.993384080359,11392.267527732904
forecast_8346,2025-12-14 18:00:00,14391.892281167735,16760.930753110468,12135.845643405864
forecast_8347,2025-12-14 19:00:00,15697.667377855245,17381.60302981504,13264.451527806845
forecast_8348,2025-12-14 20:00:00,16191.748013559794,17682.865347217416,13865.0463737813
forecast_8349,2025-12-14 21:00:00,16886.23656143118,18068.300483106003,14094.131588823495
forecast_8350,2025-12-14 22:00:00,16915.69545274579,18531.462496065466,14110.513049998563
forecast_8351,2025-12-14 23:00:00,17133.571535926098,18239.59772458227,14216.121568789715
forecast_8352,2025-12-15 00:00:00,17354.974188228676,17974.980160950978,14639.962958936963
forecast_8353,2025-12-15 01:00:00,17989.44240956654,18834.467025581034,15329.984419885735
forecast_8354,2025-12-15 02:00:00,18242.071028745693,19113.13251339174,15683.13898465726
forecast_8355,2025-12-15 03:00:00,18524.533589550014,19840.822651767943,15904.472677328049
forecast_8356,2025-12-15 04:00:00,18575.118351296736,19834.40823986068,15535.799621458513
forecast_8357,2025-12-15 05:00:00,18540.317126346494,19839.85732580224,15562.333259273832
forecast_8358,2025-12-15 06:00:00,18909.32072363368,19537.301289329673,15250.22997697003
forecast_8359,2025-12-15 07:00:00,19806.41728039706,19883.67599069292,14997.81762167055
forecast_8360,2025-12-15 08:00:00,19380.84239616447,19333.878056721423,14243.464359495598
forecast_8361,2025-12-15 09:00:00,18536.455347954165,18733.554986650706,13674.209402353836
forecast_8362,2025-12-15 10:00:00,17455.98476153808,17745.14226192546,13115.77425070664
forecast_8363,2025-12-15 11:00:00,15354.077857617236,15674.734213142578,12292.214328050408
forecast_8364,2025-12-15 12:00:00,13574.78810199543,14009.698993157299,10972.951311452282
forecast_8365,2025-12-15 13:00:00,13186.261573290629,13752.613821078929,10607.768659959951
forecast_8366,2025-12-15 14:00:00,13434.9576371569,13783.627712253825,11553.07571529077
forecast_8367,2025-12-15 15:00:00,14150.572699297581,14745.43950267369,11822.251841531868
forecast_8368,2025-12-15 16:00:00,15533.658505445494,16079.801406892602,12756.136335308958
forecast_8369,2025-12-15 17:00:00,17631.559337103794,17880.754813932715,13957.835062191072
forecast_8370,2025-12-15 18:00:00,19601.486860956924,19911.70118953179,15951.052925490103
forecast_8371,2025-12-15 19:00:00,20060.732216693494,20078.874744978348,17223.508900395573
forecast_8372,2025-12-15 20:00:00,20131.986362144657,20200.109427127794,17729.94445188021
forecast_8373,2025-12-15 21:00:00,20200.78170108602,20049.426441564214,17945.163322802688
forecast_8374,2025-12-15 22:00:00,19895.556450983666,19989.84190364269,17358.196195322613
forecast_8375,2025-12-15 23:00:00,18645.536585692687,19211.91873021368,15718.623269831707
forecast_8376,2025-12-16 00:00:00,18565.52086034854,18478.20932925905,15288.088168824303
forecast_8377,2025-12-16 01:00:00,17135.993915149105,17321.168388829243,14453.970173589043
forecast_8378,2025-12-16 02:00:00,15909.876585397315,16737.937460028876,13703.607287791034
forecast_8379,2025-12-16 03:00:00,14272.338579273295,15498.39536195549,12272.3418122291
forecast_8380,2025-12-16 04:00:00,12125.595687821187,13840.409529741262,11274.4173977099
forecast_8381,2025-12-16 05:00:00,10883.187283892685,13262.003132709016,9733.196908420085
forecast_8382,2025-12-16 06:00:00,10236.065150280145,11734.262614720023,9123.82440799617
forecast_8383,2025-12-16 07:00:00,10284.59365321449,11422.37986541851,8597.403083109513
forecast_8384,2025-12-16 08:00:00,9890.45904901303,11062.551782049663,9351.524700155032
forecast_8385,2025-12-16 09:00:00,9634.237139854346,10242.88234110877,9339.15652525323
forecast_8386,2025-12-16 10:00:00,9760.891722523493,9889.641644759698,10129.349473678154
forecast_8387,2025-12-16 11:00:00,9420.536396903892,9596.241191999636,9974.19619415455
forecast_8388,2025-12-16 12:00:00,9511.847234387875,9713.106436138389,9831.712767221052
forecast_8389,2025-12-16 13:00:00,9848.724407770334,10110.62669989616,9347.425127131623
forecast_8390,2025-12-16 14:00:00,10166.855120898232,10434.79763995524,9019.436147334853
forecast_8391,2025-12-16 15:00:00,9994.143196729461,10705.492719364707,8012.941269448428
forecast_8392,2025-12-16 16:00:00,9623.123522879403,10293.00746423198,7241.727582093842
forecast_8393,2025-12-16 17:00:00,9258.187466791403,9595.677934557305,6519.094227073684
forecast_8394,2025-12-16 18:00:00,9487.462503145394,9736.272650105433,6162.494587151651
forecast_8395,2025-12-16 19:00:00,9290.834000100456,9591.05596182033,6489.985047270111
forecast_8396,2025-12-16 20:00:00,9110.336616753593,9693.07856949175,6455.1110866461995
forecast_8397,2025-12-16 21:00:00,9185.160713516541,9221.731220461466,6405.464204243492
forecast_8398,2025-12-16 22:00:00,7988.689613842426,8746.791539802896,6415.2426219783065
forecast_8399,2025-12-16 23:00:00,7891.124874439472,8239.170971714197,6118.10201480574
forecast_8400,2025-12-17 00:00:00,7563.624734357247,8006.7356765473905,5877.071762698038
forecast_8401,2025-12-17 01:00:00,8546.248325051527,10477.388249912392,6346.475756504736
forecast_8402,2025-12-17 02:00:00,8635.468527339004,9746.62275599596,6044.079821339875
forecast_8403,2025-12-17 03:00:00,8425.624741839005,9103.153157596797,5566.70668461187
forecast_8404,2025-12-17 04:00:00,7619.131576262256,8399.022571211352,5207.001579976674
forecast_8405,2025-12-17 05:00:00,7040.072044586842,8039.022797639899,4691.793029550392
forecast_8406,2025-12-17 06:00:00,6798.949109205382,8017.172210838097,4571.106027483855
forecast_8407,2025-12-17 07:00:00,6742.893998850638,7244.639514562372,4606.7691417009755
forecast_8408,2025-12-17 08:00:00,7124.234138493574,8063.538297151375,4891.005864846217
forecast_8409,2025-12-17 09:00:00,7334.651131054522,7426.1442283594015,4586.4233697774125
forecast_8410,2025-12-17 10:00:00,6038.911433963422,6984.133366012308,4350.943980191968
forecast_8411,2025-12-17 11:00:00,6702.113999640326,6816.297370857264,3934.6216549710666
forecast_8412,2025-12-17 12:00:00,5435.894776483621,6982.184208347123,3736.4480975960323
forecast_8413,2025-12-17 13:00:00,4972.667029384234,5173.231837111072,3841.2250930101486
forecast_8414,2025-12-17 14:00:00,4419.256025975804,4507.741118218514,3388.0924591586686
forecast_8415,2025-12-17 15:00:00,4138.7401222764765,3976.9384975357466,3681.227927359992
forecast_8416,2025-12-17 16:00:00,3726.0947260700386,3691.4106580960192,3555.5571400086606
forecast_8417,2025-12-17 17:00:00,3969.9631955820682,3699.0414893435545,3763.126419120616
forecast_8418,2025-12-17 18:00:00,4050.955092150395,3772.2132065824767,3719.5031652232265
forecast_8419,2025-12-17 19:00:00,4630.669455512267,4476.021409387811,3764.826529290532
forecast_8420,2025-12-17 20:00:00,5429.353812577142,4993.7008132730425,4156.555576076467
forecast_8421,2025-12-17 21:00:00,6553.729247247158,6371.353719619419,3921.4380582395897
forecast_8422,2025-12-17 22:00:00,7378.384849529869,6897.775689900098,4705.332945637855
forecast_8423,2025-12-17 23:00:00,7890.879996901857,8290.213564799142,5354.630183767906
forecast_8424,2025-12-18 00:00:00,7981.556378993662,8052.980151754239,5340.327704099952
forecast_8425,2025-12-18 01:00:00,13186.742585878992,13831.682301100796,9607.067054381207
forecast_8426,2025-12-18 02:00:00,13864.1457592773,13818.27070434651,10153.657546061386
forecast_8427,2025-12-18 03:00:00,15018.04602063285,15400.683334915751,10783.176812995314
forecast_8428,2025-12-18 04:00:00,15650.416578362732,15975.59508512862,10750.792570822085
forecast_8429,2025-12-18 05:00:00,16145.71859769491,16605.890167917456,10991.72591807792
forecast_8430,2025-12-18 06:00:00,15956.645345802674,15645.09534933683,10836.945592616134
forecast_8431,2025-12-18 07:00:00,15150.037401703079,14705.124336852889,10192.108522718723
forecast_8432,2025-12-18 08:00:00,12657.077870692146,12582.406389214219,9177.997233103153
forecast_8433,2025-12-18 09:00:00,10537.835251078066,10049.59713089813,7897.506035503661
forecast_8434,2025-12-18 10:00:00,8153.779018477612,8019.485527787763,6146.42505011017
forecast_8435,2025-12-18 11:00:00,6240.249939816519,6604.780753647397,4316.2184892056475
forecast_8436,2025-12-18 12:00:00,4672.088444012558,4278.759467987087,4253.132915012117
forecast_8437,2025-12-18 13:00:00,4175.718282226232,4014.662329363311,3852.9091989023086
forecast_8438,2025-12-18 14:00:00,3923.7761352296748,3896.0806591861465,3777.6427672135283
forecast_8439,2025-12-18 15:00:00,3905.8575581677055,3887.9342748497943,3803.9035726964958
forecast_8440,2025-12-18 16:00:00,4295.8047427164,4194.763406377361,4053.2373522319317
forecast_8441,2025-12-18 17:00:00,4947.229495497999,4773.776044603467,4022.3626194748185
forecast_8442,2025-12-18 18:00:00,5290.205943071533,5969.499155048324,4103.152598208585
forecast_8443,2025-12-18 19:00:00,7367.814339455077,6938.378744584279,4317.962318837975
forecast_8444,2025-12-18 20:00:00,7494.011227808836,6944.281765834923,4781.236743006314
forecast_8445,2025-12-18 21:00:00,7984.107823351656,7270.237825227911,5701.575884446664
forecast_8446,2025-12-18 22:00:00,8644.122081609747,9057.96300454251,6774.788012973057
forecast_8447,2025-12-18 23:00:00,10529.537274210576,11429.193783279688,8189.1732230540365
forecast_8448,2025-12-19 00:00:00,10709.641385619761,14002.356602078607,8850.167183796651
forecast_8449,2025-12-19 01:00:00,17609.817742231502,18371.272036895174,14683.404485108696
forecast_8450,2025-12-19 02:00:00,17848.54178959195,18564.74273609024,14709.800737058202
forecast_8451,2025-12-19 03:00:00,18183.222069974865,19115.365083157085,15107.018823058135
forecast_8452,2025-12-19 04:00:00,16707.71534041206,18391.241897358308,14099.493954551255
forecast_8453,2025-12-19 05:00:00,15696.509892193882,17935.43777121782,13424.566004355702
forecast_8454,2025-12-19 06:00:00,15113.333109340174,17451.894000321798,13474.660769608396
forecast_8455,2025-12-19 07:00:00,15859.576639832654,17761.083823362016,13937.485913307128
forecast_8456,2025-12-19 08:00:00,16128.54269194536,18201.39224706474,14413.868137966276
forecast_8457,2025-12-19 09:00:00,17903.3299151698,18645.860064695014,15387.885173311415
forecast_8458,2025-12-19 10:00:00,17681.3269596907,18189.809483216355,16038.877358340647
forecast_8459,2025-12-19 11:00:00,19329.35932782225,18848.151938467752,16847.56133957415
forecast_8460,2025-12-19 12:00:00,18851.218621964177,19185.834070517973,16524.370447805555
forecast_8461,2025-12-19 13:00:00,18155.97933392382,18896.07273272118,16558.170479530054
forecast_8462,2025-12-19 14:00:00,17929.903247326736,18543.272715058138,15789.684578923228
forecast_8463,2025-12-19 15:00:00,17548.56361849439,18497.30461643179,15957.118331052854
forecast_8464,2025-12-19 16:00:00,18063.306127613334,18568.776379206407,16331.021525033337
forecast_8465,2025-12-19 17:00:00,18054.14862962522,18412.43645055122,16488.24897374458
forecast_8466,2025-12-19 18:00:00,16169.357677705308,17653.848540320425,17577.551451356136
forecast_8467,2025-12-19 19:00:00,16058.23497066164,17368.814699365314,17647.769209532533
forecast_8468,2025-12-19 20:00:00,17561.371379915963,17491.415897142906,17027.815951214707
forecast_8469,2025-12-19 21:00:00,17077.26341831191,17451.009623151254,16841.94819083389
forecast_8470,2025-12-19 22:00:00,16583.44781654206,17778.359853658985,16219.39049486395
forecast_8471,2025-12-19 23:00:00,16615.20033587395,17724.49066085257,16087.60630531314
forecast_8472,2025-12-20 00:00:00,16906.431410600148,17962.014693471763,16031.52359278427
forecast_8473,2025-12-20 01:00:00,17175.302278987725,18709.652413296397,15758.499516727605
forecast_8474,2025-12-20 02:00:00,17188.4300107637,18442.75816477274,15550.65818452965
forecast_8475,2025-12-20 03:00:00,16327.636506033252,18124.21204490348,14725.501386066344
forecast_8476,2025-12-20 04:00:00,15918.913515550481,17985.30590016168,14463.245101421262
forecast_8477,2025-12-20 05:00:00,15135.262062917895,17342.08679797447,13800.02181325204
forecast_8478,2025-12-20 06:00:00,14655.375307451073,17040.23694337202,12085.892218132116
forecast_8479,2025-12-20 07:00:00,15145.127308616506,16876.556309339732,11903.849388929613
forecast_8480,2025-12-20 08:00:00,15770.547456881035,16623.95850774623,12231.48249138989
forecast_8481,2025-12-20 09:00:00,16300.023560744296,16671.54845767075,13030.52807218086
forecast_8482,2025-12-20 10:00:00,16204.70947087409,16808.182702309354,13049.447986684472
forecast_8483,2025-12-20 11:00:00,16359.223365473947,17029.5065881896,13751.432684956022
forecast_8484,2025-12-20 12:00:00,14976.048790868766,17449.421469414763,14145.656573551212
forecast_8485,2025-12-20 13:00:00,15813.743503429972,17167.12321910242,14302.611066328933
forecast_8486,2025-12-20 14:00:00,15377.982908045426,16575.739807477228,13591.624615268429
forecast_8487,2025-12-20 15:00:00,15647.789243414783,16678.45232947691,12391.467292199428
forecast_8488,2025-12-20 16:00:00,13614.05127684192,15564.074563053795,11333.067890228345
forecast_8489,2025-12-20 17:00:00,13218.926952308573,14905.565441284703,10479.659038710563
forecast_8490,2025-12-20 18:00:00,13605.749677712822,14812.55056641487,11336.714074337391
forecast_8491,2025-12-20 19:00:00,13979.871072996311,15125.762935688866,10338.050454160339
forecast_8492,2025-12-20 20:00:00,14636.0684473946,15512.303234387377,11359.708097787512
forecast_8493,2025-12-20 21:00:00,14602.724110019619,15909.288531348071,10938.78481774186
forecast_8494,2025-12-20 22:00:00,16150.801544516338,16679.609465151436,12836.823699695111
forecast_8495,2025-12-20 23:00:00,16931.481610622046,17397.070346125438,13931.010332059783
forecast_8496,2025-12-21 00:00:00,17160.540318086634,17806.908440708605,13773.686979053367
forecast_8497,2025-12-21 01:00:00,20092.75284210528,19876.98517362245,16754.178028116017
forecast_8498,2025-12-21 02:00:00,20175.189401850697,19917.850954880712,16722.363869943347
forecast_8499,2025-12-21 03:00:00,19967.025617021838,19896.517972124202,17185.185394553253
forecast_8500,2025-12-21 04:00:00,19917.98180210182,19389.46908055967,16931.899394391294
forecast_8501,2025-12-21 05:00:00,18851.81071349456,18958.018914446366,16629.812300888894
forecast_8502,2025-12-21 06:00:00,18548.97837714884,18542.365296931275,16307.312400402026
forecast_8503,2025-12-21 07:00:00,18091.30048953737,18208.217945355154,15744.632390017241
forecast_8504,2025-12-21 08:00:00,16849.816714852834,17697.509150249876,14430.64566624014
forecast_8505,2025-12-21 09:00:00,16105.500134749434,17313.834758998102,13159.037733986117
forecast_8506,2025-12-21 10:00:00,14900.812160209603,16864.09545574779,10878.935044949794
forecast_8507,2025-12-21 11:00:00,14403.82893096881,15937.411824049219,9712.908535769664
forecast_8508,2025-12-21 12:00:00,12852.10620893847,13706.390150394252,8138.2072753125085
forecast_8509,2025-12-21 13:00:00,10869.187780611448,11732.408908906831,7106.75274690565
forecast_8510,2025-12-21 14:00:00,8168.573833895252,8468.04351829762,6086.800968606723
forecast_8511,2025-12-21 15:00:00,5862.378234713932,6016.370483169445,3996.759387010255
forecast_8512,2025-12-21 16:00:00,4228.039233758654,4138.1632684685,3813.7132684859635
forecast_8513,2025-12-21 17:00:00,4213.612257599522,4022.763161154692,3958.4086141530847
forecast_8514,2025-12-21 18:00:00,4476.782250474403,4173.8461569722695,3973.3127194785675
forecast_8515,2025-12-21 19:00:00,4736.559985713873,4289.086450667835,3926.154957833049
forecast_8516,2025-12-21 20:00:00,5191.72244545291,4657.070094746378,3811.4442888154686
forecast_8517,2025-12-21 21:00:00,4429.594962559071,4125.5973590137955,3741.184525407785
forecast_8518,2025-12-21 22:00:00,4063.0765969026597,3991.2132195130857,3714.584649123912
forecast_8519,2025-12-21 23:00:00,3854.863955383236,3645.991697801401,3712.932468972793
forecast_8520,2025-12-22 00:00:00,3809.3482661123426,3682.021179374605,3622.306166403316
forecast_8521,2025-12-22 01:00:00,3628.1181677020927,3585.3210752857403,3446.254116847702
forecast_8522,2025-12-22 02:00:00,3698.713403697108,3530.2612572634093,3278.3957160107316
forecast_8523,2025-12-22 03:00:00,3727.3019624732883,3258.227114668217,3218.2522839672774
forecast_8524,2025-12-22 04:00:00,3314.208166695376,3455.1956256791836,3227.680652147183
forecast_8525,2025-12-22 05:00:00,3391.4504368988464,3776.8015003613705,2698.4168546238416
forecast_8526,2025-12-22 06:00:00,3636.17588699636,3788.5139487329066,2837.7725953546887
forecast_8527,2025-12-22 07:00:00,3514.977125983711,3434.322417418877,2358.606244351663
forecast_8528,2025-12-22 08:00:00,3492.7045583323916,3683.983914620495,2314.057161899732
forecast_8529,2025-12-22 09:00:00,3452.628653507089,3620.169773818445,2309.2253719292034
forecast_8530,2025-12-22 10:00:00,3104.9451429777573,3474.3797350202726,1709.3860105996418
forecast_8531,2025-12-22 11:00:00,4244.464098093841,3555.581979247415,114.82557456660878
forecast_8532,2025-12-22 12:00:00,4067.629057115964,2480.710194708282,82.5251154452504
forecast_8533,2025-12-22 13:00:00,66.29998434770448,2440.4883098986015,44.465858298026205
forecast_8534,2025-12-22 14:00:00,2783.508120934685,2548.439550437884,35.01768815400702
forecast_8535,2025-12-22 15:00:00,2770.101533833042,2459.412541196714,16.596872568307926
forecast_8536,2025-12-22 16:00:00,31.019986025732628,3158.647616411827,6.247163759179698
forecast_8537,2025-12-22 17:00:00,7620.289919495755,8387.924276316222,2076.84622270971
forecast_8538,2025-12-22 18:00:00,4512.250968807956,5269.500100710755,2838.662843095488
forecast_8539,2025-12-22 19:00:00,4599.732123239552,4886.690799001184,4606.827627295496
forecast_8540,2025-12-22 20:00:00,3122.0138834747836,2899.4451023842244,4330.471375047697
forecast_8541,2025-12-22 21:00:00,3559.474145451833,3339.2937793599876,2886.86843516035
forecast_8542,2025-12-22 22:00:00,3839.4401504386856,3560.9047143306693,3209.849537252907
forecast_8543,2025-12-22 23:00:00,4276.0827679620215,4080.7573296764244,3392.6375510657663
forecast_8544,2025-12-23 00:00:00,4511.715988053623,4368.14566279794,3527.283973171141
forecast_8545,2025-12-23 01:00:00,4788.500476314599,5469.741941351514,3655.7659964797044
forecast_8546,2025-12-23 02:00:00,5890.586521177528,5904.5175892353955,3793.376798670977
forecast_8547,2025-12-23 03:00:00,5607.095237918425,5981.022770141008,3769.4788924909126
forecast_8548,2025-12-23 04:00:00,5942.732111591479,6415.706153091343,3805.685799279375
forecast_8549,2025-12-23 05:00:00,5791.077640047302,6005.736736637938,3773.230109489274
forecast_8550,2025-12-23 06:00:00,6193.186794287217,6603.265002291828,3904.1189207512384
forecast_8551,2025-12-23 07:00:00,5462.71375808021,5986.822795471816,3725.801948338898
forecast_8552,2025-12-23 08:00:00,5197.707417973621,5593.20702135845,3750.1076342768088
forecast_8553,2025-12-23 09:00:00,5198.3840786220235,5798.248688972631,3817.3693666644026
forecast_8554,2025-12-23 10:00:00,6284.466885603459,7480.8524307143225,4109.462932070095
forecast_8555,2025-12-23 11:00:00,5968.281418003801,8127.628980088845,4957.888277815597
forecast_8556,2025-12-23 12:00:00,7346.309487254953,8785.05337876963,4797.399323494804
forecast_8557,2025-12-23 13:00:00,6978.904817350762,7576.008526565728,4408.649617751206
forecast_8558,2025-12-23 14:00:00,7132.528445264614,7002.307703281827,4264.027417840043
forecast_8559,2025-12-23 15:00:00,6272.318243421785,6298.441226045788,4022.746159533201
forecast_8560,2025-12-23 16:00:00,5586.765546016937,6190.994700918349,4253.6640176514375
forecast_8561,2025-12-23 17:00:00,5627.214617954398,6890.566944585071,3890.096334135478
forecast_8562,2025-12-23 18:00:00,5973.123963491404,7637.533463763609,3956.426783561665
forecast_8563,2025-12-23 19:00:00,8572.382391992163,9874.465163524623,5085.820359346023
forecast_8564,2025-12-23 20:00:00,9394.916463713,11337.198132633135,5580.790094168014
forecast_8565,2025-12-23 21:00:00,9610.207477726539,11143.060112917146,5735.265895618873
forecast_8566,2025-12-23 22:00:00,9290.525909165426,12591.276862576975,5838.414122414778
forecast_8567,2025-12-23 23:00:00,8791.121883583906,9896.15891130336,5793.737855894463
forecast_8568,2025-12-24 00:00:00,7870.374732774417,10057.244857653732,5644.1052646927255
forecast_8569,2025-12-24 01:00:00,6742.730221969236,7354.020305982723,3822.9236065003915
forecast_8570,2025-12-24 02:00:00,6206.608761073091,5904.081703891487,4234.129315062991
forecast_8571,2025-12-24 03:00:00,4843.943915133788,5068.28617168283,3828.1077247165276
forecast_8572,2025-12-24 04:00:00,3961.2049598090985,3907.886051246359,4176.742399464489
forecast_8573,2025-12-24 05:00:00,3804.4800948307434,3799.8366575746772,3562.0293876281244
forecast_8574,2025-12-24 06:00:00,3911.5822077522344,3842.6301872641952,3547.000799239073
forecast_8575,2025-12-24 07:00:00,3692.823957032887,3626.4237615942743,3065.3438503021925
forecast_8576,2025-12-24 08:00:00,3664.129336967731,3647.3592433410686,3263.457160392629
forecast_8577,2025-12-24 09:00:00,3629.018167551629,3343.9385089232583,3453.918631087223
forecast_8578,2025-12-24 10:00:00,3901.4314326116587,3577.2786724798007,2828.2531064640916
forecast_8579,2025-12-24 11:00:00,3469.6144313770787,3759.5753187469654,2856.76799396552
forecast_8580,2025-12-24 12:00:00,3525.203679440177,3111.465553563567,3120.157450737753
forecast_8581,2025-12-24 13:00:00,3675.569527703268,3194.4951743039555,3119.6753913455727
forecast_8582,2025-12-24 14:00:00,4232.871596976555,3750.0118026377386,1797.2326666516851
forecast_8583,2025-12-24 15:00:00,3713.327827923764,3107.6664024286174,2335.640798992204
forecast_8584,2025-12-24 16:00:00,4287.288711327066,3456.237119563983,2526.744004625993
forecast_8585,2025-12-24 17:00:00,4156.649776297245,4016.025748378377,2765.6193071957064
forecast_8586,2025-12-24 18:00:00,3966.114497804729,4053.3229398318686,2858.3723812575918
forecast_8587,2025-12-24 19:00:00,4843.798564624053,4838.696984452967,2935.062646938941
forecast_8588,2025-12-24 20:00:00,4517.922750752445,4428.671605732811,3599.233352065521
forecast_8589,2025-12-24 21:00:00,3921.0589782608063,3533.1635326914457,3803.9187813092567
forecast_8590,2025-12-24 22:00:00,4346.209002228554,3696.612938399465,3404.4656190076303
forecast_8591,2025-12-24 23:00:00,3695.1608112549347,3765.3129243992576,3587.24955386587
forecast_8592,2025-12-25 00:00:00,3803.8171241570353,3885.124887170502,3603.501271022301
forecast_8593,2025-12-25 01:00:00,4485.1031070291565,3944.9681419985845,4846.6572620010575
forecast_8594,2025-12-25 02:00:00,5043.372471538571,5215.367086866992,3795.4198304035144
forecast_8595,2025-12-25 03:00:00,6101.266832350585,5815.0992606423415,4303.740158826138
forecast_8596,2025-12-25 04:00:00,7477.001326056634,7846.109220680962,4825.8915678989615
forecast_8597,2025-12-25 05:00:00,8871.852666455265,8846.010434711625,4818.817308578302
forecast_8598,2025-12-25 06:00:00,10236.221938591218,11156.733543588376,6403.399321123923
forecast_8599,2025-12-25 07:00:00,11732.170412008518,13078.98874557774,8608.99916374979
forecast_8600,2025-12-25 08:00:00,14105.753981136942,16340.406499935209,11298.190575509945
forecast_8601,2025-12-25 09:00:00,15015.912668759725,17016.606388063225,12518.611108293588
forecast_8602,2025-12-25 10:00:00,15582.168270653674,17257.361046619022,13100.706330161816
forecast_8603,2025-12-25 11:00:00,15186.258100280289,16502.244907906872,12207.494553623128
forecast_8604,2025-12-25 12:00:00,14235.342521397184,16229.783547989206,10555.190480084691
forecast_8605,2025-12-25 13:00:00,13234.318218634258,15054.714037182453,9562.34666731641
forecast_8606,2025-12-25 14:00:00,13216.865632900179,15633.276673418128,9678.153010113729
forecast_8607,2025-12-25 15:00:00,13307.568597250209,15952.823643426329,10882.550682881674
forecast_8608,2025-12-25 16:00:00,13819.178491325178,16270.065914630593,11746.616777907131
forecast_8609,2025-12-25 17:00:00,14052.391674158083,16155.55760578655,11869.033522948532
forecast_8610,2025-12-25 18:00:00,14807.258074210957,16613.28074131905,11331.417169151156
forecast_8611,2025-12-25 19:00:00,15324.50298339534,16683.04593404451,12204.014674113025
forecast_8612,2025-12-25 20:00:00,15676.921069451102,17137.609435055183,12911.14376197413
forecast_8613,2025-12-25 21:00:00,15543.409812265489,17391.005224221833,13173.279401021711
forecast_8614,2025-12-25 22:00:00,15318.189841109648,17508.520914840825,13360.68973506166
forecast_8615,2025-12-25 23:00:00,14902.062981858722,17666.513576517584,13503.227065090805
forecast_8616,2025-12-26 00:00:00,15355.92693253274,18047.340455632002,13516.984063830885
forecast_8617,2025-12-26 01:00:00,15841.843308576494,18428.068497713422,13544.322077252831
forecast_8618,2025-12-26 02:00:00,15913.454243502241,18812.24499093019,13299.438981200401
forecast_8619,2025-12-26 03:00:00,16536.97629361607,18100.21813294481,13738.423338921757
forecast_8620,2025-12-26 04:00:00,16942.256626547423,18042.267589165833,14108.66625736156
forecast_8621,2025-12-26 05:00:00,17046.773028794276,17969.02947162368,14064.304521218055
forecast_8622,2025-12-26 06:00:00,17238.345813482127,18206.50595314567,13904.547436367062
forecast_8623,2025-12-26 07:00:00,17071.068062722577,18420.45038824206,13619.94742041693
forecast_8624,2025-12-26 08:00:00,16694.05414980316,18060.021608911673,12232.93509053513
forecast_8625,2025-12-26 09:00:00,16807.029246298862,18100.21637225338,12312.970223890641
forecast_8626,2025-12-26 10:00:00,15915.04202050813,17243.435909246455,11728.016569237803
forecast_8627,2025-12-26 11:00:00,13845.627779572738,14975.232255778124,10366.797918534488
forecast_8628,2025-12-26 12:00:00,12122.696169115678,12778.887004146258,9256.115161053334
forecast_8629,2025-12-26 13:00:00,11161.384822272503,11715.354286745607,8734.284623077003
forecast_8630,2025-12-26 14:00:00,11226.18886014053,11538.853071919735,8688.866485432778
forecast_8631,2025-12-26 15:00:00,11424.561001843498,11877.675587648664,8742.21869341203
forecast_8632,2025-12-26 16:00:00,11257.666920663529,12065.330817161817,9081.554871729439
forecast_8633,2025-12-26 17:00:00,11969.537706619278,12722.97719800482,9229.21583461221
forecast_8634,2025-12-26 18:00:00,12360.450209561026,13150.253866528647,9319.934611432274
forecast_8635,2025-12-26 19:00:00,13804.349695178538,14498.287657727644,10070.583462331084
forecast_8636,2025-12-26 20:00:00,15273.271704603312,16287.206627776639,11148.437229494895
forecast_8637,2025-12-26 21:00:00,17348.544891361926,17776.437880407768,12915.442832637167
forecast_8638,2025-12-26 22:00:00,18435.898892325866,18677.527713451404,13554.145409025827
forecast_8639,2025-12-26 23:00:00,19125.00136381077,19515.587841917375,14001.542321009962
forecast_8640,2025-12-27 00:00:00,19348.884693822314,19926.427459757524,14015.121002105534
forecast_8641,2025-12-27 01:00:00,19897.55447248488,20120.516815598603,15362.480077056929
forecast_8642,2025-12-27 02:00:00,19883.210043014595,19935.617665541453,15145.864079557721
forecast_8643,2025-12-27 03:00:00,19323.71075747059,19892.338120920114,14620.729302828717
forecast_8644,2025-12-27 04:00:00,18779.117633251644,19527.55206702201,14162.61651338692
forecast_8645,2025-12-27 05:00:00,18756.125426117294,19103.38923487016,13710.366035193296
forecast_8646,2025-12-27 06:00:00,18356.53409798974,18822.25704114859,13167.219905395368
forecast_8647,2025-12-27 07:00:00,18210.806044554694,18875.03237248454,13526.47343475756
forecast_8648,2025-12-27 08:00:00,17861.455217329483,18586.446656130265,13504.632303422708
forecast_8649,2025-12-27 09:00:00,17272.203797916118,18237.181576142662,13330.356285367632
forecast_8650,2025-12-27 10:00:00,16283.859350926541,17355.804016500846,13233.526773096028
forecast_8651,2025-12-27 11:00:00,15195.124693213373,16884.806745817023,12785.071478976484
forecast_8652,2025-12-27 12:00:00,15107.230044769263,16768.37647260164,12612.820251190029
forecast_8653,2025-12-27 13:00:00,15334.491671340566,16929.164004078535,12602.612555942187
forecast_8654,2025-12-27 14:00:00,15330.613340665006,16808.132616351242,12586.718873910839
forecast_8655,2025-12-27 15:00:00,14635.011614577286,16485.63439192258,12645.702263767424
forecast_8656,2025-12-27 16:00:00,14376.977979882295,16268.382913030342,13048.017451414988
forecast_8657,2025-12-27 17:00:00,14952.150549672813,17212.312179489112,13912.730174958822
forecast_8658,2025-12-27 18:00:00,15480.820704006024,17414.55306982191,14658.958723627644
forecast_8659,2025-12-27 19:00:00,16651.116931395096,18212.56004748689,15179.832559170838
forecast_8660,2025-12-27 20:00:00,18079.70365696489,19027.216391713686,15997.32202844104
forecast_8661,2025-12-27 21:00:00,18422.036491791867,19891.17303155375,16029.504738720721
forecast_8662,2025-12-27 22:00:00,18742.88965976744,20012.726290738567,16428.65557790994
forecast_8663,2025-12-27 23:00:00,18510.575335291338,19882.14975091811,16434.585274406236
forecast_8664,2025-12-28 00:00:00,18447.927298299903,20021.97014524263,16257.343720105446
forecast_8665,2025-12-28 01:00:00,19888.804554227037,20324.480550722958,16762.189859918017
forecast_8666,2025-12-28 02:00:00,19898.16074443391,20332.341257278877,17392.81503783902
forecast_8667,2025-12-28 03:00:00,19930.82132183381,20347.71107982451,17640.730305659883
forecast_8668,2025-12-28 04:00:00,19960.547430664647,20388.360866384846,17693.50811814195
forecast_8669,2025-12-28 05:00:00,19900.454722030416,20356.181191813514,17259.67987140019
forecast_8670,2025-12-28 06:00:00,19887.10875998805,20357.511428732072,17140.7968983947
forecast_8671,2025-12-28 07:00:00,19909.4505565457,20350.156735002533,17287.843518681817
forecast_8672,2025-12-28 08:00:00,19883.160078445548,20320.818715776622,17193.76549685197
forecast_8673,2025-12-28 09:00:00,19595.682210288767,19917.494378546195,17241.98887403076
forecast_8674,2025-12-28 10:00:00,18064.930675710617,19891.020748156712,16962.876103287148
forecast_8675,2025-12-28 11:00:00,16225.6028857238,18064.395025803507,16280.512960028202
forecast_8676,2025-12-28 12:00:00,15098.315886774953,17143.03407547996,15497.381835077427
forecast_8677,2025-12-28 13:00:00,14713.696801404663,16425.59740075361,14160.0263069103
forecast_8678,2025-12-28 14:00:00,14694.844854575986,16101.999611092946,13771.896860310326
forecast_8679,2025-12-28 15:00:00,14550.02804662579,16271.182432218307,13072.172604057228
forecast_8680,2025-12-28 16:00:00,14715.255741138504,16369.821997135974,12913.207360603292
forecast_8681,2025-12-28 17:00:00,14613.589353605865,16451.627623475564,12975.567710182748
forecast_8682,2025-12-28 18:00:00,14174.81521788797,16388.160544836435,12707.378086639397
forecast_8683,2025-12-28 19:00:00,13821.104775702877,16508.085695029436,12739.495293447626
forecast_8684,2025-12-28 20:00:00,13790.09801432245,16559.696711701137,12852.340144480528
forecast_8685,2025-12-28 21:00:00,14447.39213236878,17065.090949253634,13910.804953415014
forecast_8686,2025-12-28 22:00:00,14847.840794143336,16907.391907175584,13842.896941279147
forecast_8687,2025-12-28 23:00:00,15872.196473747945,17408.261265531117,14338.596161487832
forecast_8688,2025-12-29 00:00:00,16656.689613970393,17683.216293156667,14589.607566408184
forecast_8689,2025-12-29 01:00:00,18101.513299930954,18981.215704109673,16237.550752467654
forecast_8690,2025-12-29 02:00:00,18372.90649318211,19066.703897666936,16387.680276480725
forecast_8691,2025-12-29 03:00:00,18998.142550378903,19238.651374927133,16766.351928521402
forecast_8692,2025-12-29 04:00:00,19068.775491737688,19532.604379200933,17207.39728017635
forecast_8693,2025-12-29 05:00:00,19061.72632238078,19900.520128518598,17291.351163596577
forecast_8694,2025-12-29 06:00:00,18912.86026787382,19902.40143486115,16872.392085227537
forecast_8695,2025-12-29 07:00:00,18614.5358374025,19884.92882546694,17071.588128059826
forecast_8696,2025-12-29 08:00:00,19729.437482819612,19882.0064017147,16746.61299061547
forecast_8697,2025-12-29 09:00:00,18641.061320252422,19763.900412246883,15989.463004596446
forecast_8698,2025-12-29 10:00:00,18475.674372979724,19885.660248441636,16042.525136643791
forecast_8699,2025-12-29 11:00:00,18376.695584121495,19947.439586565375,16157.529599480606
forecast_8700,2025-12-29 12:00:00,18232.419001359107,19924.7212873674,16225.764272604161
forecast_8701,2025-12-29 13:00:00,18159.04530677396,19883.37182194049,15977.683782491358
forecast_8702,2025-12-29 14:00:00,17462.91145349832,18359.29033517168,15571.193361641517
forecast_8703,2025-12-29 15:00:00,16985.234629842682,17840.185939213916,15575.430025492204
forecast_8704,2025-12-29 16:00:00,16847.494020266928,17471.557824570493,15354.618264785693
forecast_8705,2025-12-29 17:00:00,17206.05160117704,18123.0439372527,15314.030296951849
forecast_8706,2025-12-29 18:00:00,17307.11644244886,18648.560721828966,15570.12611097769
forecast_8707,2025-12-29 19:00:00,17077.2815871263,18471.65768256634,14774.584544721065
forecast_8708,2025-12-29 20:00:00,16302.085820663984,17902.798264533292,14021.29195238495
forecast_8709,2025-12-29 21:00:00,15661.682450641856,17566.077118541583,14222.021928508268
forecast_8710,2025-12-29 22:00:00,14752.080962346427,17142.8734243133,13341.917643408027
forecast_8711,2025-12-29 23:00:00,14321.68011085437,16889.35055434313,12538.191713765644
forecast_8712,2025-12-30 00:00:00,13938.793218262985,16605.381027443673,11903.321487345984
forecast_8713,2025-12-30 01:00:00,11604.62514637407,13077.70248664852,8955.753988713579
forecast_8714,2025-12-30 02:00:00,11559.776034111923,12769.182787792206,9042.908462675287
forecast_8715,2025-12-30 03:00:00,11521.876777365029,12675.266744557322,9189.49486761998
forecast_8716,2025-12-30 04:00:00,11613.78988535268,12773.977008226622,9086.494631257789
forecast_8717,2025-12-30 05:00:00,11547.746109570464,12760.048549703886,8711.16679317741
forecast_8718,2025-12-30 06:00:00,11182.303140290775,12582.17126929683,8211.950628090859
forecast_8719,2025-12-30 07:00:00,10936.49992007353,12228.49441151219,7558.943461671267
forecast_8720,2025-12-30 08:00:00,10246.209679175483,11314.61608519354,6433.7743245854535
forecast_8721,2025-12-30 09:00:00,10496.686345495682,11942.220664664379,5981.563007123873
forecast_8722,2025-12-30 10:00:00,11247.865199585585,11996.376076105553,6294.408992676727
forecast_8723,2025-12-30 11:00:00,11349.48245596522,12158.975454713485,7560.11245787816
forecast_8724,2025-12-30 12:00:00,11331.980707212824,11898.054118541917,7559.987987296043
forecast_8725,2025-12-30 13:00:00,11525.956640163804,12066.976736225006,8119.080258530387
forecast_8726,2025-12-30 14:00:00,11892.118407369713,12107.04407425684,8272.869120914165
forecast_8727,2025-12-30 15:00:00,12376.026114188537,12590.079553298303,8730.657975988373
forecast_8728,2025-12-30 16:00:00,12520.114528156631,13109.004255068787,9085.615298385388
forecast_8729,2025-12-30 17:00:00,12540.486360585372,13475.806227128893,9191.658134492278
forecast_8730,2025-12-30 18:00:00,11860.525006138818,13386.894981090893,9105.888273426115
forecast_8731,2025-12-30 19:00:00,11970.29644616666,13462.53572058351,9439.508940928055
forecast_8732,2025-12-30 20:00:00,12243.3434058268,13723.742923743663,10129.358388105347
forecast_8733,2025-12-30 21:00:00,13248.070476149358,14524.837403971294,11213.362888861813
forecast_8734,2025-12-30 22:00:00,13704.909758277347,15125.09842892649,11912.861453154717
forecast_8735,2025-12-30 23:00:00,13763.245418772476,15463.523988124984,12204.483903258033
forecast_8736,2025-12-31 00:00:00,13860.691644927309,15663.135341827177,12256.40176522523
forecast_8737,2025-12-31 01:00:00,14740.407042864885,16873.892015899535,13181.197147424607
forecast_8738,2025-12-31 02:00:00,15011.896519424314,16892.04290616632,13088.850694735776
forecast_8739,2025-12-31 03:00:00,15358.924035041062,17065.078829540453,13008.98634409762
forecast_8740,2025-12-31 04:00:00,14668.774324934066,17020.78012641381,12008.055445739437
forecast_8741,2025-12-31 05:00:00,14957.222966764095,16892.09432794391,12370.520188894901
forecast_8742,2025-12-31 06:00:00,14807.270535156022,16732.561131680737,12309.74544521164
forecast_8743,2025-12-31 07:00:00,14178.992645186025,15999.510618037157,11786.013172867326
forecast_8744,2025-12-31 08:00:00,13998.235403896831,16490.488091089752,11423.608013751647
forecast_8745,2025-12-31 09:00:00,14344.48092171143,16467.47613662713,11139.90907428169
forecast_8746,2025-12-31 10:00:00,14747.562655057229,15560.854127159157,10187.044877646462
forecast_8747,2025-12-31 11:00:00,13259.312429017447,14332.911249835344,9255.83593164939
forecast_8748,2025-12-31 12:00:00,11298.053565567441,12895.827384650811,8382.856270834893
forecast_8749,2025-12-31 13:00:00,9964.145108251385,10776.440166833056,7627.828524234724
forecast_8750,2025-12-31 14:00:00,9716.97081153026,9882.391598369799,7341.747404369758
forecast_8751,2025-12-31 15:00:00,9900.03418608005,10294.641009732024,7430.256240520869
forecast_8752,2025-12-31 16:00:00,10027.166893494821,10512.883487213066,7552.581105544743
forecast_8753,2025-12-31 17:00:00,9571.600417414993,11456.693012564296,8340.575011553063
forecast_8754,2025-12-31 18:00:00,9542.785831525718,10915.182028206298,8735.544847750569
forecast_8755,2025-12-31 19:00:00,10271.94696576128,11527.425442787877,9306.21749181195
forecast_8756,2025-12-31 20:00:00,11611.752990667912,12412.509608956478,9783.733963040864
forecast_8757,2025-12-31 21:00:00,12512.110990621959,13862.465059016167,10625.00410576506
forecast_8758,2025-12-31 22:00:00,13727.774819207025,15009.82573547187,11582.803748736807
forecast_8759,2025-12-31 23:00:00,14884.37697928039,16644.91083105661,12306.293637454835
forecast_8760,2026-01-01 00:00:00,15130.783501236345,16684.738288168654,12584.857815307612
