forecast_id,forecast_kst_dtm,kpx_group_1,kpx_group_2,kpx_group_3
forecast_0001,2025-01-01 01:00:00,19047.908618942998,19118.429836817795,16266.440967393086
forecast_0002,2025-01-01 02:00:00,18671.084909638164,18959.85146961365,16909.382961885818
forecast_0003,2025-01-01 03:00:00,18590.758295924512,19004.317174847107,18005.728622578466
forecast_0004,2025-01-01 04:00:00,18509.701275969743,18737.3544665607,18067.612896676277
forecast_0005,2025-01-01 05:00:00,17862.53926105439,18413.480105439085,17904.2959924215
forecast_0006,2025-01-01 06:00:00,17460.988375828598,18005.311767328436,17021.42949758814
forecast_0007,2025-01-01 07:00:00,16559.49781669696,17530.31289221738,15330.614595283581
forecast_0008,2025-01-01 08:00:00,15978.449228098487,17300.789999958313,15015.824114369128
forecast_0009,2025-01-01 09:00:00,15548.240093205772,16435.628253048064,13988.337651172742
forecast_0010,2025-01-01 10:00:00,15255.545279554162,17340.906856858775,13101.629736085744
forecast_0011,2025-01-01 11:00:00,15365.166122024688,17332.224101444783,12051.043625411103
forecast_0012,2025-01-01 12:00:00,15666.489432540131,17423.39179467979,11691.032615731445
forecast_0013,2025-01-01 13:00:00,15882.518960766081,17165.146120107835,12074.665600153547
forecast_0014,2025-01-01 14:00:00,15437.998860554266,16164.604402068739,11201.166084862742
forecast_0015,2025-01-01 15:00:00,14646.383293675499,15568.177475344051,10787.001426440835
forecast_0016,2025-01-01 16:00:00,14438.703355091962,15654.147778152657,11026.11400877417
forecast_0017,2025-01-01 17:00:00,14974.196138301044,15677.51258396661,11967.866465383735
forecast_0018,2025-01-01 18:00:00,14831.255543545727,16011.806558271894,12830.380165852159
forecast_0019,2025-01-01 19:00:00,15456.26878369005,16197.367500775941,13801.65277802474
forecast_0020,2025-01-01 20:00:00,15650.383793578854,16529.049809341588,13851.112445653367
forecast_0021,2025-01-01 21:00:00,16333.414908570532,17065.760523382916,14772.379762447172
forecast_0022,2025-01-01 22:00:00,16535.52499137175,17101.231150319578,14643.489082923665
forecast_0023,2025-01-01 23:00:00,17456.894617493825,17080.574941318406,14240.34172777327
forecast_0024,2025-01-02 00:00:00,18175.662287010462,17513.53398474469,14101.179888351318
forecast_0025,2025-01-02 01:00:00,15631.00001047126,17237.930501994906,9538.192758204728
forecast_0026,2025-01-02 02:00:00,15029.444645185922,15724.64689319482,9250.63381321229
forecast_0027,2025-01-02 03:00:00,13463.25646926084,14733.69587215105,9259.29097930932
forecast_0028,2025-01-02 04:00:00,12500.386915967081,13475.939918629361,9115.658448438518
forecast_0029,2025-01-02 05:00:00,10726.330710230006,11737.785509946169,8174.498900594573
forecast_0030,2025-01-02 06:00:00,9200.586266382317,10133.78167772218,7009.870927803642
forecast_0031,2025-01-02 07:00:00,8295.473773909313,9102.670585169542,6471.89871610526
forecast_0032,2025-01-02 08:00:00,8481.697334274468,8927.362707849064,5979.762146656153
forecast_0033,2025-01-02 09:00:00,6901.321147222483,7310.642352352484,5218.883169277973
forecast_0034,2025-01-02 10:00:00,5365.225085508498,6228.736381084666,4061.8714732175335
forecast_0035,2025-01-02 11:00:00,5790.80655393957,5265.281763384191,3932.0014960021813
forecast_0036,2025-01-02 12:00:00,5585.565751580115,6070.808726391397,3804.988967590946
forecast_0037,2025-01-02 13:00:00,4566.818578805408,4539.760793330377,3741.548338941481
forecast_0038,2025-01-02 14:00:00,5637.553079097061,5731.366278619543,4274.0747854250885
forecast_0039,2025-01-02 15:00:00,6118.453897500235,6473.7467181559,4954.343003948781
forecast_0040,2025-01-02 16:00:00,7152.360052440019,6978.880861186751,5254.554153218558
forecast_0041,2025-01-02 17:00:00,7617.885770290106,7422.205950993964,5659.033496881703
forecast_0042,2025-01-02 18:00:00,8613.266696433948,8339.821516463211,6490.78281805887
forecast_0043,2025-01-02 19:00:00,8304.313762797156,8641.52435127388,6687.752014535591
forecast_0044,2025-01-02 20:00:00,9175.441266701486,9505.165745758912,7313.105974256977
forecast_0045,2025-01-02 21:00:00,9751.715144873939,10250.344175262764,7606.980394204744
forecast_0046,2025-01-02 22:00:00,10480.373210117286,11248.332822643908,8276.96714334966
forecast_0047,2025-01-02 23:00:00,11217.425006924102,12956.802059672444,9296.712544655535
forecast_0048,2025-01-03 00:00:00,12293.252863989746,13511.78949011746,9367.85225282163
forecast_0049,2025-01-03 01:00:00,12865.775867746712,14701.907586489971,10794.5048865985
forecast_0050,2025-01-03 02:00:00,13363.443770089136,14948.373413477075,10609.538580613442
forecast_0051,2025-01-03 03:00:00,14215.515147039283,15343.211517426713,10895.418425430926
forecast_0052,2025-01-03 04:00:00,14546.316224748163,15675.885382474597,10747.528143141746
forecast_0053,2025-01-03 05:00:00,14373.55740028697,15251.600824451218,10946.438650820573
forecast_0054,2025-01-03 06:00:00,13567.764302239111,14053.530102195797,10781.00648258362
forecast_0055,2025-01-03 07:00:00,12750.551280752929,13020.227893537663,10543.438364723586
forecast_0056,2025-01-03 08:00:00,12260.552658099723,12001.097582719141,10046.91331931146
forecast_0057,2025-01-03 09:00:00,11644.686934809692,13268.469576695523,10013.329952619102
forecast_0058,2025-01-03 10:00:00,11934.658014392377,12630.361964665422,9867.626948479776
forecast_0059,2025-01-03 11:00:00,12134.814227398618,12202.953427602259,9805.691986996297
forecast_0060,2025-01-03 12:00:00,12493.683565844549,12238.63749874849,9784.14208924759
forecast_0061,2025-01-03 13:00:00,13118.77449534064,12694.161659810754,9891.779897541071
forecast_0062,2025-01-03 14:00:00,13220.048481690359,13207.141364053854,10364.944894233087
forecast_0063,2025-01-03 15:00:00,13554.602492300253,13145.100551030653,10534.221854663878
forecast_0064,2025-01-03 16:00:00,13537.884359081909,13180.68654910574,10372.430846293619
forecast_0065,2025-01-03 17:00:00,12277.74741531672,12548.68066258041,9661.372944537541
forecast_0066,2025-01-03 18:00:00,11753.668203870899,12126.941297336232,9278.849560089466
forecast_0067,2025-01-03 19:00:00,11941.392709019894,12279.583303866584,9282.46076995199
forecast_0068,2025-01-03 20:00:00,12703.757776288141,14388.549957872521,10242.196184176217
forecast_0069,2025-01-03 21:00:00,13695.385626167435,15570.918211919494,11004.763950317656
forecast_0070,2025-01-03 22:00:00,12181.21053391617,14788.334808632757,10941.867839565199
forecast_0071,2025-01-03 23:00:00,13662.66882293198,14457.856785708656,10663.161660258525
forecast_0072,2025-01-04 00:00:00,13959.710777158216,14157.304204819042,10823.201519191354
forecast_0073,2025-01-04 01:00:00,14705.45021211927,16165.362575128778,12641.19154684395
forecast_0074,2025-01-04 02:00:00,14565.17982021041,14922.996422286604,12532.000912967407
forecast_0075,2025-01-04 03:00:00,14682.102666771007,15819.556446784687,12619.71796876242
forecast_0076,2025-01-04 04:00:00,16020.096029075934,16849.71994579728,13048.663207206311
forecast_0077,2025-01-04 05:00:00,16183.54784282969,18036.351549740088,12933.472710332057
forecast_0078,2025-01-04 06:00:00,17667.56555202904,18279.462366044216,12822.30057567053
forecast_0079,2025-01-04 07:00:00,17562.47733352213,18316.975842081014,12498.76985170157
forecast_0080,2025-01-04 08:00:00,15908.634070196435,17165.547285220822,11888.892293499497
forecast_0081,2025-01-04 09:00:00,15175.90154644072,15919.58980417031,11290.19919757985
forecast_0082,2025-01-04 10:00:00,13502.375201512252,13995.241081772318,9709.862604027328
forecast_0083,2025-01-04 11:00:00,11971.298309205264,12510.92271776166,9097.518467418673
forecast_0084,2025-01-04 12:00:00,11348.844966156841,11819.345189991182,9481.953652089436
forecast_0085,2025-01-04 13:00:00,10832.647430876705,11347.440031409169,9032.191425253415
forecast_0086,2025-01-04 14:00:00,10434.294930566248,10643.044482593477,8670.601823063127
forecast_0087,2025-01-04 15:00:00,10419.506389229484,10609.968322294651,8669.596640616464
forecast_0088,2025-01-04 16:00:00,10823.674587521657,11971.446280166694,9435.601499411967
forecast_0089,2025-01-04 17:00:00,12011.113512767071,13369.925471120512,10268.719076670694
forecast_0090,2025-01-04 18:00:00,13512.469423579627,14083.475061886153,11861.6470403221
forecast_0091,2025-01-04 19:00:00,14670.770383096196,16274.006134872996,12708.304979134697
forecast_0092,2025-01-04 20:00:00,15655.526097670432,16795.424150227318,12895.110093263309
forecast_0093,2025-01-04 21:00:00,16643.30753409739,17934.208050714387,14869.153674899077
forecast_0094,2025-01-04 22:00:00,17291.950071729763,18526.852545530925,16171.160101765372
forecast_0095,2025-01-04 23:00:00,18688.812525606747,18783.71881784485,17243.238574353625
forecast_0096,2025-01-05 00:00:00,19072.84288502446,19060.258015226853,17557.69353498482
forecast_0097,2025-01-05 01:00:00,18752.032660240657,18994.802328765978,15016.122361164164
forecast_0098,2025-01-05 02:00:00,18564.719499460778,18791.87236555358,14577.17970241088
forecast_0099,2025-01-05 03:00:00,17270.115172395817,18028.85893116031,13932.981876791711
forecast_0100,2025-01-05 04:00:00,15887.168101771755,16647.48904646761,12021.459404562662
forecast_0101,2025-01-05 05:00:00,14289.682121701051,14976.271958458254,9941.804248945242
forecast_0102,2025-01-05 06:00:00,13333.220998682798,14047.708626807007,9170.628655258566
forecast_0103,2025-01-05 07:00:00,14385.891526747635,16471.98295075021,9658.744317478295
forecast_0104,2025-01-05 08:00:00,15500.619590238104,17250.97807601647,10417.167523624239
forecast_0105,2025-01-05 09:00:00,14552.776948076787,16571.508189583154,11795.583124921715
forecast_0106,2025-01-05 10:00:00,16088.416881838706,16914.154995342113,14122.865749540482
forecast_0107,2025-01-05 11:00:00,17002.00768348943,17790.194768112524,15321.876087488316
forecast_0108,2025-01-05 12:00:00,18235.519285537626,17989.705029849414,15995.47010129387
forecast_0109,2025-01-05 13:00:00,17135.5348788686,18133.99144332204,14361.62951985539
forecast_0110,2025-01-05 14:00:00,15809.533171601228,17710.625878678748,13359.548278731168
forecast_0111,2025-01-05 15:00:00,15485.247525771056,17473.208978236344,12303.290068176855
forecast_0112,2025-01-05 16:00:00,14923.291633749288,17270.6432576579,11431.025652558463
forecast_0113,2025-01-05 17:00:00,14364.317744687394,16431.649100010498,11470.826076245232
forecast_0114,2025-01-05 18:00:00,15125.96413065474,16395.476437489957,11794.21716458703
forecast_0115,2025-01-05 19:00:00,15967.058435870955,16791.75578546968,13535.890551056102
forecast_0116,2025-01-05 20:00:00,15773.38018827243,16105.14776039583,13810.913845583143
forecast_0117,2025-01-05 21:00:00,16269.37150187766,15615.657391568498,13977.853794192226
forecast_0118,2025-01-05 22:00:00,15135.308876857986,14328.011162029723,13580.110503778129
forecast_0119,2025-01-05 23:00:00,14845.632283271696,14097.330999992442,12935.710322407052
forecast_0120,2025-01-06 00:00:00,13604.885737871322,14011.856241700345,12169.71081408807
forecast_0121,2025-01-06 01:00:00,11954.518972214422,12460.714675573465,8541.365571228047
forecast_0122,2025-01-06 02:00:00,12425.32191027949,12148.20242799516,8197.913926161762
forecast_0123,2025-01-06 03:00:00,12935.615866366321,11590.943273200915,7342.245425977803
forecast_0124,2025-01-06 04:00:00,9930.72081773388,11902.174463671177,6138.595415848939
forecast_0125,2025-01-06 05:00:00,8708.805170582877,10636.508438443885,5413.444727069815
forecast_0126,2025-01-06 06:00:00,7498.714807614658,8120.848953373279,4816.078940484868
forecast_0127,2025-01-06 07:00:00,5126.345963690721,5387.591476508316,3978.510702471344
forecast_0128,2025-01-06 08:00:00,4945.138929019135,5089.2318233249125,3695.1972039961956
forecast_0129,2025-01-06 09:00:00,4637.710875846949,5060.99619632145,3854.1027301780573
forecast_0130,2025-01-06 10:00:00,6084.238908971972,6248.682615900444,5218.660720698468
forecast_0131,2025-01-06 11:00:00,7272.692490612988,7243.74853828237,5968.346623964338
forecast_0132,2025-01-06 12:00:00,7892.078973337916,8111.976750389938,6054.6832113146
forecast_0133,2025-01-06 13:00:00,8852.080409975759,8487.8334278988,7214.24764246933
forecast_0134,2025-01-06 14:00:00,9221.743855193394,9220.390519334442,7232.979836538735
forecast_0135,2025-01-06 15:00:00,10195.351415494364,10711.228801949743,8038.32925099727
forecast_0136,2025-01-06 16:00:00,10787.311791623832,11531.923546637949,8336.150770962171
forecast_0137,2025-01-06 17:00:00,11897.868452098524,12648.239795768382,9455.35180459406
forecast_0138,2025-01-06 18:00:00,13335.418218728817,14111.75728039111,10379.872857542945
forecast_0139,2025-01-06 19:00:00,14026.227403321418,15438.684166730218,11463.787167893483
forecast_0140,2025-01-06 20:00:00,14375.753278361222,15402.799111525306,12699.107078940777
forecast_0141,2025-01-06 21:00:00,14775.47153236191,16145.90188945611,12440.256477429435
forecast_0142,2025-01-06 22:00:00,15311.726913037788,17239.613616461324,12761.814523136884
forecast_0143,2025-01-06 23:00:00,16116.563729212297,17746.199721924215,13788.796684926132
forecast_0144,2025-01-07 00:00:00,16354.4163315647,18324.400424215037,14492.222354873467
forecast_0145,2025-01-07 01:00:00,16742.312590001857,18926.190455943088,16835.29824521802
forecast_0146,2025-01-07 02:00:00,16839.313928807383,19805.43748604922,16999.940909457786
forecast_0147,2025-01-07 03:00:00,16822.782937175733,19382.769635324166,17346.30755650268
forecast_0148,2025-01-07 04:00:00,16469.011669315343,18839.651529905736,17088.052222441063
forecast_0149,2025-01-07 05:00:00,16157.903608643795,18067.110795956905,16202.56470119005
forecast_0150,2025-01-07 06:00:00,15923.74174097229,17709.806533815616,15694.304404073275
forecast_0151,2025-01-07 07:00:00,15881.070374328361,17617.69480082138,15640.618026147078
forecast_0152,2025-01-07 08:00:00,15700.85975735235,17853.35545195984,15600.375393328119
forecast_0153,2025-01-07 09:00:00,15524.975228815452,17923.782376831212,15290.876370860571
forecast_0154,2025-01-07 10:00:00,15435.478247027062,17635.117290182632,15328.735765661871
forecast_0155,2025-01-07 11:00:00,15480.26562322085,18002.394084095562,15253.081910953979
forecast_0156,2025-01-07 12:00:00,15770.998838267496,17905.32717489255,15045.108455135134
forecast_0157,2025-01-07 13:00:00,15916.365703417336,17887.559505240934,14861.098293310448
forecast_0158,2025-01-07 14:00:00,16015.720343370744,17709.389159926133,14921.921098149305
forecast_0159,2025-01-07 15:00:00,15961.34295106542,17552.383016063195,14872.245265625164
forecast_0160,2025-01-07 16:00:00,16043.452968936672,17541.763194741492,15069.645760132245
forecast_0161,2025-01-07 17:00:00,15684.316007195022,17810.42169386597,15243.521951192195
forecast_0162,2025-01-07 18:00:00,15749.119884992653,18180.64618709255,15357.303808465287
forecast_0163,2025-01-07 19:00:00,16339.393565452354,18488.885472276314,16535.28069290512
forecast_0164,2025-01-07 20:00:00,16873.692763423172,18550.64706677588,16911.15993779652
forecast_0165,2025-01-07 21:00:00,16927.278598799025,19490.45144820109,17411.663101908398
forecast_0166,2025-01-07 22:00:00,16712.411558277487,19211.758120932907,17457.89664238262
forecast_0167,2025-01-07 23:00:00,16415.131263584648,18495.41793099406,17184.517119700096
forecast_0168,2025-01-08 00:00:00,16311.287543244012,18184.606529983303,16906.071356484365
forecast_0169,2025-01-08 01:00:00,15736.465494617687,17533.334529619107,15960.829807407497
forecast_0170,2025-01-08 02:00:00,15655.99675996033,17603.643563091053,15867.223861294196
forecast_0171,2025-01-08 03:00:00,15313.410676658437,17019.865200282766,15474.958803776086
forecast_0172,2025-01-08 04:00:00,15106.812836605652,17267.326485201636,15126.421946777518
forecast_0173,2025-01-08 05:00:00,14628.374597189715,17164.854163067776,14675.119081381137
forecast_0174,2025-01-08 06:00:00,15504.392377551916,17008.53021053985,14569.887990744875
forecast_0175,2025-01-08 07:00:00,16184.727608810803,17555.688320045978,14366.073992871385
forecast_0176,2025-01-08 08:00:00,16743.83271198283,17900.15280418759,15146.118221210792
forecast_0177,2025-01-08 09:00:00,16873.088194442007,17643.590901844203,15178.797822198476
forecast_0178,2025-01-08 10:00:00,17088.625195827888,17895.822747075184,15224.28712480004
forecast_0179,2025-01-08 11:00:00,15807.101074961485,17645.757596002903,16104.050880529943
forecast_0180,2025-01-08 12:00:00,17026.634159891793,17735.42387601022,16438.43053862082
forecast_0181,2025-01-08 13:00:00,16879.758417485744,18202.191644969644,16968.38743606048
forecast_0182,2025-01-08 14:00:00,16931.86113612838,18158.508440749032,17070.830602093996
forecast_0183,2025-01-08 15:00:00,17150.254941350056,18038.35732520771,16772.576283023656
forecast_0184,2025-01-08 16:00:00,17206.888040626494,17815.22752190764,16580.65891225213
forecast_0185,2025-01-08 17:00:00,16906.149864055336,18079.795221889686,16237.546160556481
forecast_0186,2025-01-08 18:00:00,16792.052078504406,18251.649006518353,16095.013132173917
forecast_0187,2025-01-08 19:00:00,16813.938569751514,18281.496573400436,16520.69030427349
forecast_0188,2025-01-08 20:00:00,16508.541014140606,18282.174812533893,16578.99890913611
forecast_0189,2025-01-08 21:00:00,16246.201066234631,17995.698149825726,16336.388712919697
forecast_0190,2025-01-08 22:00:00,15626.66495496099,17877.408471524683,16198.079391520418
forecast_0191,2025-01-08 23:00:00,15433.469276047492,17874.52075677096,16292.731275373073
forecast_0192,2025-01-09 00:00:00,15478.824487546059,17986.530162328203,16386.004323569927
forecast_0193,2025-01-09 01:00:00,16066.347134285335,17931.447565097464,16144.493312457278
forecast_0194,2025-01-09 02:00:00,16105.523369618195,18278.77169151352,16118.921100581438
forecast_0195,2025-01-09 03:00:00,16347.528509083904,18327.517212387615,16347.09248591648
forecast_0196,2025-01-09 04:00:00,16611.15465895454,18346.61194180876,15904.24451997548
forecast_0197,2025-01-09 05:00:00,16678.09717906273,18093.721185422848,15165.7959635248
forecast_0198,2025-01-09 06:00:00,16586.40651227738,17834.636099910054,14916.703356724483
forecast_0199,2025-01-09 07:00:00,16413.02100828228,18129.713809462282,14747.20134942986
forecast_0200,2025-01-09 08:00:00,15753.179024193601,17413.447247958786,14588.671370033338
forecast_0201,2025-01-09 09:00:00,15544.168615010914,17453.564422028998,14358.606856634115
forecast_0202,2025-01-09 10:00:00,15660.238217952485,17208.379644102555,14537.702996377107
forecast_0203,2025-01-09 11:00:00,15883.562853615946,17141.901389119343,14126.178294641042
forecast_0204,2025-01-09 12:00:00,16540.95147339626,16840.012195571067,14720.94654879276
forecast_0205,2025-01-09 13:00:00,16295.74040328085,16779.0684582589,14804.32231710941
forecast_0206,2025-01-09 14:00:00,15886.623769132,16920.30438052488,13822.825084029299
forecast_0207,2025-01-09 15:00:00,15295.402625812341,16761.92232651436,12860.478926767
forecast_0208,2025-01-09 16:00:00,14837.89569151231,16424.655587874797,11637.666340423144
forecast_0209,2025-01-09 17:00:00,14321.784294750641,15805.873176480052,11503.938073704081
forecast_0210,2025-01-09 18:00:00,13872.115623939719,16140.56065284959,11267.768567445657
forecast_0211,2025-01-09 19:00:00,15492.079147753586,16125.265683514644,11947.651958430939
forecast_0212,2025-01-09 20:00:00,16233.463162580356,16621.407560808948,12404.698120646091
forecast_0213,2025-01-09 21:00:00,17176.532598744812,17526.09621897052,13495.823971488253
forecast_0214,2025-01-09 22:00:00,18395.174755347,18616.063706180397,15146.724048170308
forecast_0215,2025-01-09 23:00:00,18941.51391652502,19902.023844002113,16670.158331088034
forecast_0216,2025-01-10 00:00:00,19698.01878344291,20089.0749156133,18040.057146524963
forecast_0217,2025-01-10 01:00:00,16122.801357459219,16488.613201774016,12652.336243459797
forecast_0218,2025-01-10 02:00:00,17061.721468724594,17150.5153735725,13223.136871999517
forecast_0219,2025-01-10 03:00:00,17914.41939619788,18174.339043062435,14117.383129016675
forecast_0220,2025-01-10 04:00:00,18743.82133642823,19101.180674252097,14334.723589813757
forecast_0221,2025-01-10 05:00:00,19064.009854103588,19152.11880480383,14299.938649667702
forecast_0222,2025-01-10 06:00:00,18903.899902712856,18543.837242468064,13926.77973527783
forecast_0223,2025-01-10 07:00:00,17960.88594071853,17819.40410479012,11845.555177040671
forecast_0224,2025-01-10 08:00:00,16424.684554581396,15865.384527740613,11045.082180303894
forecast_0225,2025-01-10 09:00:00,13953.031726374635,13283.18529662532,9579.860633797769
forecast_0226,2025-01-10 10:00:00,11168.122693888581,8443.782207254504,6944.240853970608
forecast_0227,2025-01-10 11:00:00,6492.338290216305,5510.7706702804735,4322.819830987485
forecast_0228,2025-01-10 12:00:00,3821.8137635883168,3864.8897746870666,3774.8488050848623
forecast_0229,2025-01-10 13:00:00,3988.2819068463564,3941.1939570246573,3364.6185509861557
forecast_0230,2025-01-10 14:00:00,3852.1034425487956,3820.4689994005876,3398.639798871919
forecast_0231,2025-01-10 15:00:00,3973.1295197255367,4082.039807408882,3781.8000637743235
forecast_0232,2025-01-10 16:00:00,5328.808373669294,5189.54819532906,4062.4381021732615
forecast_0233,2025-01-10 17:00:00,8307.131405966467,7832.397524266261,6212.570098725438
forecast_0234,2025-01-10 18:00:00,9675.383633871103,9274.13152042374,7438.512876748474
forecast_0235,2025-01-10 19:00:00,10864.275020305853,10501.209803311733,7765.845315047814
forecast_0236,2025-01-10 20:00:00,11912.847147115714,11249.065513944048,7897.296302613654
forecast_0237,2025-01-10 21:00:00,11762.437106881656,11298.369854976645,7953.477427805549
forecast_0238,2025-01-10 22:00:00,11840.21279271539,11401.356958442862,8053.293342636902
forecast_0239,2025-01-10 23:00:00,12353.962482379187,11701.832038580644,8273.927755639323
forecast_0240,2025-01-11 00:00:00,12677.928901280731,12147.232791939776,8321.10981968302
forecast_0241,2025-01-11 01:00:00,13435.04985018055,12969.765500369162,8754.524808809005
forecast_0242,2025-01-11 02:00:00,13201.106007952352,12742.331365238955,9205.551742037222
forecast_0243,2025-01-11 03:00:00,13320.379108323592,12881.875402845788,9629.176116592967
forecast_0244,2025-01-11 04:00:00,13016.709606311051,12559.302935600546,9043.69824843995
forecast_0245,2025-01-11 05:00:00,11799.546395492333,11846.621899394186,8614.46847533523
forecast_0246,2025-01-11 06:00:00,8650.831161983739,10084.370315445225,7308.223601234359
forecast_0247,2025-01-11 07:00:00,7203.637933449028,7182.948774409865,6190.0934149995865
forecast_0248,2025-01-11 08:00:00,7063.868069873449,6673.06464186615,5488.340295962088
forecast_0249,2025-01-11 09:00:00,6736.596798213538,6335.784835657637,4520.743780976298
forecast_0250,2025-01-11 10:00:00,6075.029073628772,5258.30258396535,3775.9561520049965
forecast_0251,2025-01-11 11:00:00,5271.612762142647,4622.419185801783,3765.1869267502148
forecast_0252,2025-01-11 12:00:00,3938.775970662069,3949.381289666252,3733.2389014015575
forecast_0253,2025-01-11 13:00:00,3834.5719725752547,3813.045814593061,3637.420611358042
forecast_0254,2025-01-11 14:00:00,4124.271719846977,3893.7466048217384,3673.638367186068
forecast_0255,2025-01-11 15:00:00,4294.346227376957,4315.893042044354,3728.892994553847
forecast_0256,2025-01-11 16:00:00,4106.790415601933,3946.8648665798632,4022.4441284176837
forecast_0257,2025-01-11 17:00:00,6094.212660186644,5394.642796397197,3877.1074829069025
forecast_0258,2025-01-11 18:00:00,8386.508030694777,8095.100127484794,5839.0250654845195
forecast_0259,2025-01-11 19:00:00,10748.417719583767,9831.297972042257,7390.956288766932
forecast_0260,2025-01-11 20:00:00,11320.266937064129,10615.955301920103,8404.957397871036
forecast_0261,2025-01-11 21:00:00,12065.217025490294,11590.967652448517,9754.159510169466
forecast_0262,2025-01-11 22:00:00,13177.847984023125,12602.466588245476,10775.167730729492
forecast_0263,2025-01-11 23:00:00,14358.717497563026,13753.213311277796,10148.710301383811
forecast_0264,2025-01-12 00:00:00,14713.682513094975,14290.937602233103,10378.230060733074
forecast_0265,2025-01-12 01:00:00,11707.24064195659,11572.24133118851,9493.943631299633
forecast_0266,2025-01-12 02:00:00,12734.095556927901,12026.623301345424,9625.022249576532
forecast_0267,2025-01-12 03:00:00,13385.262978975428,13512.765119804402,9685.987748106749
forecast_0268,2025-01-12 04:00:00,15367.388131686695,15315.045449610207,11372.33720133771
forecast_0269,2025-01-12 05:00:00,16760.01835689445,16398.314795207993,12452.072674063404
forecast_0270,2025-01-12 06:00:00,17656.08909801838,17715.772243985324,13284.566055724647
forecast_0271,2025-01-12 07:00:00,18507.48593964987,18423.64842409875,13603.537284217293
forecast_0272,2025-01-12 08:00:00,18620.255646107416,18605.60325965874,13827.534620869259
forecast_0273,2025-01-12 09:00:00,18150.662934376793,18282.872937276283,14083.799485272035
forecast_0274,2025-01-12 10:00:00,16324.226681222215,17178.46762637236,13181.588506523518
forecast_0275,2025-01-12 11:00:00,13784.556769660447,14952.405402331284,11216.125747708633
forecast_0276,2025-01-12 12:00:00,12011.227634537081,13027.69806948682,9394.87097229672
forecast_0277,2025-01-12 13:00:00,11287.183218139302,12081.73334290907,8609.806915217694
forecast_0278,2025-01-12 14:00:00,11180.842266780845,12207.08482491841,8474.656080402781
forecast_0279,2025-01-12 15:00:00,11622.001429475265,13440.302270440772,9152.424871226107
forecast_0280,2025-01-12 16:00:00,12145.765032493073,13765.368401142936,9831.181040669439
forecast_0281,2025-01-12 17:00:00,13133.925987033957,14938.919190404917,11247.507332028395
forecast_0282,2025-01-12 18:00:00,14192.57111430736,16267.901567254768,12198.766390048006
forecast_0283,2025-01-12 19:00:00,15319.712356707138,17136.206157867666,13561.787837320213
forecast_0284,2025-01-12 20:00:00,16542.737471610722,17825.73403500589,13881.178815539659
forecast_0285,2025-01-12 21:00:00,17866.970043480116,18846.660463691416,13846.713071951504
forecast_0286,2025-01-12 22:00:00,18767.855493094845,19940.36744437298,14160.372091039595
forecast_0287,2025-01-12 23:00:00,19230.265734481152,19933.860776750076,14311.919894429373
forecast_0288,2025-01-13 00:00:00,19602.032720822892,19909.83162564318,14772.476122701199
forecast_0289,2025-01-13 01:00:00,19883.64421180643,20032.901762192734,18062.91977528229
forecast_0290,2025-01-13 02:00:00,20152.085384829134,20284.054028367053,18612.463905119377
forecast_0291,2025-01-13 03:00:00,20369.78882694474,20262.04472031675,19330.784624727778
forecast_0292,2025-01-13 04:00:00,20416.332350401113,20330.047391620818,19324.55641266761
forecast_0293,2025-01-13 05:00:00,20366.935923522095,20304.484862958834,19334.950223900538
forecast_0294,2025-01-13 06:00:00,20358.25477063542,20231.328058114632,19325.154320489382
forecast_0295,2025-01-13 07:00:00,20321.478914923195,20324.952789321153,19137.908746514448
forecast_0296,2025-01-13 08:00:00,20309.95968745426,20332.893984069873,19346.476511205587
forecast_0297,2025-01-13 09:00:00,20031.911717392817,20330.49551376894,19346.30059344574
forecast_0298,2025-01-13 10:00:00,19878.99161429359,20316.475886760923,19303.182663322183
forecast_0299,2025-01-13 11:00:00,19494.329835449935,20256.687421404713,17456.764977433468
forecast_0300,2025-01-13 12:00:00,17597.402733797084,18258.932953015003,16274.133860090866
forecast_0301,2025-01-13 13:00:00,16496.166585601473,17414.06057098301,14727.428081055006
forecast_0302,2025-01-13 14:00:00,15471.764460865317,16771.00986463327,13723.882244439645
forecast_0303,2025-01-13 15:00:00,14750.352488236715,16803.936987888297,13231.044808973451
forecast_0304,2025-01-13 16:00:00,14193.270491168738,15419.920505610622,12539.712711249933
forecast_0305,2025-01-13 17:00:00,13633.472297219136,14231.15867455946,11226.393769485509
forecast_0306,2025-01-13 18:00:00,13496.394062628553,14235.035483169324,11339.234727236744
forecast_0307,2025-01-13 19:00:00,13644.4263120248,14188.928261520492,11956.966834159473
forecast_0308,2025-01-13 20:00:00,14670.973183643859,15681.819874992309,13360.263998982684
forecast_0309,2025-01-13 21:00:00,16577.527778161813,16676.11855349095,14557.477124954623
forecast_0310,2025-01-13 22:00:00,16660.83419544467,16975.8520821021,14803.736261817434
forecast_0311,2025-01-13 23:00:00,16758.89212468644,17508.249273446247,15420.64595749763
forecast_0312,2025-01-14 00:00:00,16924.975395221027,17890.459737377947,15810.494974709009
forecast_0313,2025-01-14 01:00:00,17156.758556460907,17992.43677601888,15751.549165203185
forecast_0314,2025-01-14 02:00:00,17057.189775991585,18022.909434143683,16018.721331312705
forecast_0315,2025-01-14 03:00:00,17644.788659709797,18317.226187743403,16958.450806207715
forecast_0316,2025-01-14 04:00:00,18039.320629095913,18529.010707419693,17539.01532826409
forecast_0317,2025-01-14 05:00:00,19311.131961680596,19080.322277833966,18017.445127198254
forecast_0318,2025-01-14 06:00:00,19907.624210560105,19293.285082827206,18211.3520621262
forecast_0319,2025-01-14 07:00:00,19363.32900168246,19130.671235643546,17917.36705378971
forecast_0320,2025-01-14 08:00:00,18711.055766527905,18986.66939560573,16728.958053929422
forecast_0321,2025-01-14 09:00:00,18401.495463477047,18887.295262334963,16778.178460413583
forecast_0322,2025-01-14 10:00:00,17402.267432147193,17591.94472628307,14888.111522283945
forecast_0323,2025-01-14 11:00:00,16719.190981852422,16584.489541869112,14075.973825173563
forecast_0324,2025-01-14 12:00:00,15997.779533760351,15511.04951498413,13141.267959333669
forecast_0325,2025-01-14 13:00:00,15213.564756515718,15234.924631748805,12289.015619967986
forecast_0326,2025-01-14 14:00:00,14690.644579661119,14770.091774344053,11506.528094092931
forecast_0327,2025-01-14 15:00:00,14136.21420810259,13826.883705191434,11219.502011964521
forecast_0328,2025-01-14 16:00:00,13367.84794944189,13658.688358267604,10837.36573739806
forecast_0329,2025-01-14 17:00:00,13121.910398029906,13519.632152480703,10683.375823080854
forecast_0330,2025-01-14 18:00:00,12957.433516203206,13499.585702033211,10969.219349017736
forecast_0331,2025-01-14 19:00:00,13154.843805516679,13430.785337468804,11176.380025988334
forecast_0332,2025-01-14 20:00:00,13327.935982259747,13560.812542507572,11590.610399239173
forecast_0333,2025-01-14 21:00:00,13596.115475059834,13980.68416134898,12052.732941642893
forecast_0334,2025-01-14 22:00:00,13417.347921644774,14167.083613745232,12218.653068822618
forecast_0335,2025-01-14 23:00:00,13578.241638587018,14024.618129283675,12233.445929967722
forecast_0336,2025-01-15 00:00:00,13837.556869486423,14033.20917591451,12401.345065673997
forecast_0337,2025-01-15 01:00:00,14304.110349037868,14172.920303031635,11518.704817849675
forecast_0338,2025-01-15 02:00:00,13712.227623587638,12977.882125434751,10834.553390250574
forecast_0339,2025-01-15 03:00:00,12994.404650542787,12110.890264654394,10224.639801241625
forecast_0340,2025-01-15 04:00:00,12712.815975780408,11901.660566736045,9109.152377052415
forecast_0341,2025-01-15 05:00:00,13096.079556538421,11856.368223804116,9138.071371439286
forecast_0342,2025-01-15 06:00:00,13762.455878401994,13761.546743765071,9857.61441645274
forecast_0343,2025-01-15 07:00:00,13669.95076815113,14728.18546767993,10299.895100034066
forecast_0344,2025-01-15 08:00:00,14082.356131858181,15267.103625907159,10832.874153274859
forecast_0345,2025-01-15 09:00:00,13821.241021775653,14424.596543359503,10604.46054232406
forecast_0346,2025-01-15 10:00:00,13306.671560681823,13584.50906695203,10596.054604362835
forecast_0347,2025-01-15 11:00:00,13046.997161823489,12632.443112631392,10200.975457780407
forecast_0348,2025-01-15 12:00:00,12635.7425820421,12374.490672421412,9982.443144779829
forecast_0349,2025-01-15 13:00:00,11885.708889668156,11385.926118069145,9481.021132723541
forecast_0350,2025-01-15 14:00:00,11198.819645888523,10534.384148811974,9349.020958564997
forecast_0351,2025-01-15 15:00:00,10708.927445393214,10711.178080024225,9420.132222303244
forecast_0352,2025-01-15 16:00:00,11609.825424125,11781.904458055158,10100.112932275688
forecast_0353,2025-01-15 17:00:00,12839.195943980247,13305.143329364051,10839.48545178211
forecast_0354,2025-01-15 18:00:00,13931.844966021676,15169.744459946896,11638.291055982228
forecast_0355,2025-01-15 19:00:00,14946.293760620996,16654.983701560344,11766.555543508297
forecast_0356,2025-01-15 20:00:00,15725.877113362521,17443.11587958822,13074.242526397044
forecast_0357,2025-01-15 21:00:00,16551.22440199724,17529.930370812966,14325.563370542606
forecast_0358,2025-01-15 22:00:00,18309.532812377423,18664.393790460934,15944.556093479427
forecast_0359,2025-01-15 23:00:00,19874.177850139207,19894.18577742909,17134.846630664146
forecast_0360,2025-01-16 00:00:00,19909.929953836523,19918.17931376485,18175.36109520913
forecast_0361,2025-01-16 01:00:00,19907.391021398245,20039.857985153587,16746.765438165843
forecast_0362,2025-01-16 02:00:00,20083.654662732875,19972.4354154353,18097.594124771484
forecast_0363,2025-01-16 03:00:00,19944.053243962917,19923.04908464325,19346.354250625434
forecast_0364,2025-01-16 04:00:00,19957.075569467892,20150.071201769144,19390.098472044436
forecast_0365,2025-01-16 05:00:00,19897.22615580071,20155.43832340746,19452.858143088604
forecast_0366,2025-01-16 06:00:00,19923.05674892336,20178.768765546083,19714.393429037125
forecast_0367,2025-01-16 07:00:00,20081.376862787693,20142.639170816958,19626.850001044564
forecast_0368,2025-01-16 08:00:00,20063.06323394393,20039.775895339197,19444.912302271965
forecast_0369,2025-01-16 09:00:00,19946.03178355327,20048.593034582103,19345.482986969135
forecast_0370,2025-01-16 10:00:00,19984.570657911605,19929.40805106994,19336.377338143455
forecast_0371,2025-01-16 11:00:00,19909.152352794947,20143.07659100691,19338.624506772918
forecast_0372,2025-01-16 12:00:00,19889.338246323427,20196.92658052948,18170.0971684693
forecast_0373,2025-01-16 13:00:00,18324.144869506814,19329.960422565637,16751.15457360384
forecast_0374,2025-01-16 14:00:00,17841.18163390725,18358.002480421637,15576.507487043984
forecast_0375,2025-01-16 15:00:00,17318.118025086198,18639.127548470697,14839.719713337236
forecast_0376,2025-01-16 16:00:00,17174.69804717145,18671.00017000048,14808.690905988446
forecast_0377,2025-01-16 17:00:00,17739.274223124725,18459.560825318364,14870.488616265919
forecast_0378,2025-01-16 18:00:00,16732.185135495256,17839.062608140997,14416.108889106217
forecast_0379,2025-01-16 19:00:00,15669.150410900866,17310.01233170511,13756.012559330919
forecast_0380,2025-01-16 20:00:00,13822.15368036004,14992.778536461485,11636.396984425057
forecast_0381,2025-01-16 21:00:00,12035.464777504607,12506.7712717665,10192.612691563945
forecast_0382,2025-01-16 22:00:00,9770.4704723486,9844.96202186326,7589.636438216271
forecast_0383,2025-01-16 23:00:00,8162.305486107744,8028.122754533165,5322.723542484361
forecast_0384,2025-01-17 00:00:00,6772.546777318418,7364.037023830167,4119.533269190836
forecast_0385,2025-01-17 01:00:00,3895.8875127014535,3636.4602882601516,3204.8649943954715
forecast_0386,2025-01-17 02:00:00,3590.477845730225,3404.094377989816,3375.3410057762667
forecast_0387,2025-01-17 03:00:00,3612.466067087184,3475.597027818772,3419.6668217698734
forecast_0388,2025-01-17 04:00:00,4052.0799194092037,3523.1410223150338,3312.3585659713945
forecast_0389,2025-01-17 05:00:00,4306.5371436138585,3544.564541726017,3053.0813890479017
forecast_0390,2025-01-17 06:00:00,3376.415636811907,3436.9107930528285,3251.658741839345
forecast_0391,2025-01-17 07:00:00,2965.7338751755065,2950.7889359358655,2928.3039784045927
forecast_0392,2025-01-17 08:00:00,2956.922968345111,3286.8948827201693,2667.411933960858
forecast_0393,2025-01-17 09:00:00,3238.8086422863557,3573.173929292612,2756.99870177303
forecast_0394,2025-01-17 10:00:00,3024.7172074465316,3376.5899114069753,2422.3992220447567
forecast_0395,2025-01-17 11:00:00,2928.077787875425,2880.636741246682,3530.712453661681
forecast_0396,2025-01-17 12:00:00,2603.3835093523317,3229.212542709794,3591.9758399538655
forecast_0397,2025-01-17 13:00:00,2514.6194588656417,3241.6567251907995,3305.240026324221
forecast_0398,2025-01-17 14:00:00,3038.687546906956,3316.866838333726,3010.4542438411327
forecast_0399,2025-01-17 15:00:00,3599.2881003770603,3525.759120094043,3189.494290192967
forecast_0400,2025-01-17 16:00:00,3868.593706494894,3895.7102436691875,3766.5586116232603
forecast_0401,2025-01-17 17:00:00,6080.9077920529935,6001.144452643548,4134.207522724244
forecast_0402,2025-01-17 18:00:00,8985.760731666096,8928.792146464977,5801.736773658033
forecast_0403,2025-01-17 19:00:00,11192.68384955554,10948.28615327427,7376.285745433843
forecast_0404,2025-01-17 20:00:00,12867.25081830434,11889.180083521907,8833.919114931874
forecast_0405,2025-01-17 21:00:00,13965.318023132362,13165.052184485643,9938.69772521917
forecast_0406,2025-01-17 22:00:00,17018.572686237243,15496.227742934581,10482.679220403088
forecast_0407,2025-01-17 23:00:00,17148.65912335574,15486.083633553639,10250.79412394407
forecast_0408,2025-01-18 00:00:00,16423.013042497543,15474.755259778885,10265.559643067581
forecast_0409,2025-01-18 01:00:00,12799.170643684285,11528.385229129988,8486.471619202091
forecast_0410,2025-01-18 02:00:00,13752.60497010909,12120.179409386452,8692.430128631573
forecast_0411,2025-01-18 03:00:00,14759.423999991799,13732.968584485901,9534.157644866742
forecast_0412,2025-01-18 04:00:00,16745.493640265617,15626.186388022697,10863.238452395903
forecast_0413,2025-01-18 05:00:00,18596.574619715637,16134.824417091611,11233.986946527979
forecast_0414,2025-01-18 06:00:00,17409.903062411326,15590.947350233097,10528.658907263536
forecast_0415,2025-01-18 07:00:00,14930.291467080064,13977.22512510511,9026.843101114036
forecast_0416,2025-01-18 08:00:00,11436.92044513478,10526.823285816674,7147.640972625992
forecast_0417,2025-01-18 09:00:00,8148.743130324422,7281.1988562652205,5141.7157532073215
forecast_0418,2025-01-18 10:00:00,5751.2131847829205,4911.623397989168,3895.0607074265986
forecast_0419,2025-01-18 11:00:00,5029.726344825927,4803.971817949844,3764.734827056724
forecast_0420,2025-01-18 12:00:00,4809.112729238105,4869.805618543341,3735.6775536512987
forecast_0421,2025-01-18 13:00:00,4112.511487224282,4129.683489723476,3805.625812944404
forecast_0422,2025-01-18 14:00:00,3869.110423713611,3905.363509585372,3785.1181640037184
forecast_0423,2025-01-18 15:00:00,3993.562570753102,4096.262316790447,3799.10150235974
forecast_0424,2025-01-18 16:00:00,6031.7367667349035,5634.817711074414,4859.646783499608
forecast_0425,2025-01-18 17:00:00,10187.518581907174,9803.264843495455,6982.5768471501215
forecast_0426,2025-01-18 18:00:00,13200.016791909644,12941.142892682203,9700.386645459696
forecast_0427,2025-01-18 19:00:00,16956.552257350944,16667.77333947808,13725.171863393143
forecast_0428,2025-01-18 20:00:00,18463.522201374286,17552.161466929167,15755.887947544428
forecast_0429,2025-01-18 21:00:00,19881.210713992125,18817.237529773258,16559.241297555607
forecast_0430,2025-01-18 22:00:00,19724.681543388146,18937.199499907656,16760.73987324499
forecast_0431,2025-01-18 23:00:00,19332.240198115647,18969.83351633362,16201.379694116027
forecast_0432,2025-01-19 00:00:00,18979.253023119316,18914.93902054558,15754.531737199439
forecast_0433,2025-01-19 01:00:00,18130.857173782577,18158.397338949733,14517.977841717686
forecast_0434,2025-01-19 02:00:00,18699.07277390645,18443.90657850351,14745.980579921148
forecast_0435,2025-01-19 03:00:00,19088.403793662368,18890.998348626053,16170.768933650064
forecast_0436,2025-01-19 04:00:00,19887.686560324117,19189.076874982777,16107.987683840636
forecast_0437,2025-01-19 05:00:00,19887.533508481298,19379.57864348654,16691.156341941296
forecast_0438,2025-01-19 06:00:00,19885.335692327735,19188.347918300842,16881.549387594823
forecast_0439,2025-01-19 07:00:00,19882.6513006712,19215.481513290193,16436.853359075787
forecast_0440,2025-01-19 08:00:00,19701.858570930246,19143.99747275601,16081.461018062702
forecast_0441,2025-01-19 09:00:00,18904.778532380085,18649.93491773764,15279.244413173883
forecast_0442,2025-01-19 10:00:00,16588.126083886174,16202.989913346539,13415.936381424566
forecast_0443,2025-01-19 11:00:00,13715.754249379039,13655.828546454037,11209.431879161388
forecast_0444,2025-01-19 12:00:00,10549.683981168282,10636.804777842737,8388.988193260897
forecast_0445,2025-01-19 13:00:00,8622.077172944695,8512.955376654752,7083.7046120324285
forecast_0446,2025-01-19 14:00:00,7298.132272679656,7357.011911179692,5782.239333498729
forecast_0447,2025-01-19 15:00:00,6405.674934527588,6392.236055863422,4915.921345103448
forecast_0448,2025-01-19 16:00:00,6059.624872410234,6070.459352231886,4594.798514100674
forecast_0449,2025-01-19 17:00:00,6669.899443881454,6329.233896770034,5026.456664892845
forecast_0450,2025-01-19 18:00:00,7900.113142396203,8504.138117435952,6338.519913638814
forecast_0451,2025-01-19 19:00:00,8270.087694273261,9814.9545026622,7402.278079719005
forecast_0452,2025-01-19 20:00:00,9477.205960324058,10249.728756988794,8482.454410599099
forecast_0453,2025-01-19 21:00:00,11305.819080090334,12013.159961301915,9437.164351409356
forecast_0454,2025-01-19 22:00:00,13423.230911399503,14888.194584395118,10124.829759117833
forecast_0455,2025-01-19 23:00:00,13326.302758078087,13598.761255652224,10302.357095474796
forecast_0456,2025-01-20 00:00:00,12713.457847389569,12838.925362672631,9989.54548495976
forecast_0457,2025-01-20 01:00:00,9543.2048840085,9180.73831115526,6407.122437288888
forecast_0458,2025-01-20 02:00:00,7684.52982866846,7707.792655390845,5399.556793391939
forecast_0459,2025-01-20 03:00:00,5885.499872231591,5724.004549954147,4361.511926840966
forecast_0460,2025-01-20 04:00:00,4933.664014647216,4492.542455883072,3683.250363863262
forecast_0461,2025-01-20 05:00:00,4426.284081522814,4178.76789395405,3666.0261251288925
forecast_0462,2025-01-20 06:00:00,3843.2120081914277,3865.484248778072,3501.250233242384
forecast_0463,2025-01-20 07:00:00,3551.926935117188,3490.032416600026,3284.490764269375
forecast_0464,2025-01-20 08:00:00,3403.3007015155727,3412.2635336238754,2874.358651563729
forecast_0465,2025-01-20 09:00:00,3358.2261302634047,3193.16268193952,2642.9909984804594
forecast_0466,2025-01-20 10:00:00,3459.4218265267646,3616.2836040309758,2936.9451915481786
forecast_0467,2025-01-20 11:00:00,3889.0359657630224,3567.0186419358747,2518.9061850449066
forecast_0468,2025-01-20 12:00:00,3711.0830229607773,3346.437041862012,2610.4485443777507
forecast_0469,2025-01-20 13:00:00,3882.204795179323,4743.129703779884,2141.444727632218
forecast_0470,2025-01-20 14:00:00,3552.8200307591633,4943.661963269465,2364.4065973635506
forecast_0471,2025-01-20 15:00:00,4059.015058126555,5579.843162711509,2381.247277818839
forecast_0472,2025-01-20 16:00:00,4126.560254612458,3367.788884559233,2049.4548898701914
forecast_0473,2025-01-20 17:00:00,4412.403116562873,4172.668589273113,3440.669438032191
forecast_0474,2025-01-20 18:00:00,5221.11752015013,5077.187665461044,3527.0518654175808
forecast_0475,2025-01-20 19:00:00,5464.519195767103,4609.546764869253,3606.410340267233
forecast_0476,2025-01-20 20:00:00,5773.052296443418,4144.704557880211,4051.422154878599
forecast_0477,2025-01-20 21:00:00,5464.55367014589,3739.870972713593,4200.369553311011
forecast_0478,2025-01-20 22:00:00,4027.968163651852,3630.9938569675264,4042.3803773471213
forecast_0479,2025-01-20 23:00:00,3876.0974090160094,3597.6667699329455,3355.4682205635086
forecast_0480,2025-01-21 00:00:00,3918.1380812384964,3457.300336090271,3415.9320916888037
forecast_0481,2025-01-21 01:00:00,3802.856866476739,3819.409716448428,3512.7381601435623
forecast_0482,2025-01-21 02:00:00,3749.3301957528383,3605.6687362156304,3565.372099399028
forecast_0483,2025-01-21 03:00:00,4033.4075870110564,3769.0595528890503,3645.217752219787
forecast_0484,2025-01-21 04:00:00,3969.316909761022,3679.5235268678907,3697.2299681086106
forecast_0485,2025-01-21 05:00:00,3934.0216874078183,3856.704404046956,4070.3715616096115
forecast_0486,2025-01-21 06:00:00,4043.047641480558,3860.2459964128093,4194.2258463752605
forecast_0487,2025-01-21 07:00:00,4692.777503517194,3827.799962222698,3761.299828368779
forecast_0488,2025-01-21 08:00:00,4305.093823810039,4151.017088090985,3397.5065333040284
forecast_0489,2025-01-21 09:00:00,3719.0880957622794,3710.123960419592,3277.6856825353816
forecast_0490,2025-01-21 10:00:00,3642.611720979752,3744.990987824068,3328.2996162599566
forecast_0491,2025-01-21 11:00:00,3834.3328964116517,3997.4490253213294,3263.2017249837536
forecast_0492,2025-01-21 12:00:00,3940.105867688716,4238.010205674025,3195.1826944885593
forecast_0493,2025-01-21 13:00:00,3992.4453988178943,4145.193392037622,3531.814949882057
forecast_0494,2025-01-21 14:00:00,3632.373684879314,3711.1202253768156,3757.6684502373087
forecast_0495,2025-01-21 15:00:00,3824.230316975606,3920.4968583153855,3671.007716914043
forecast_0496,2025-01-21 16:00:00,3848.8880455210074,3776.4837398866016,3814.8496707928066
forecast_0497,2025-01-21 17:00:00,4495.645676658369,4430.579965412396,3818.39160509592
forecast_0498,2025-01-21 18:00:00,6815.243082912273,6486.873900740748,4643.991439840811
forecast_0499,2025-01-21 19:00:00,9809.609640122242,9529.42797220152,6106.434002908194
forecast_0500,2025-01-21 20:00:00,11180.165984650655,11673.1742802037,7906.1178233796845
forecast_0501,2025-01-21 21:00:00,11189.789756377468,12176.435644317939,8692.15833809371
forecast_0502,2025-01-21 22:00:00,12769.383176438094,13046.675474848193,9763.80286081819
forecast_0503,2025-01-21 23:00:00,11642.62583431594,13648.266402779149,9959.406894130185
forecast_0504,2025-01-22 00:00:00,12939.683172945135,14509.22955586891,10267.350802371713
forecast_0505,2025-01-22 01:00:00,8746.933661241526,10761.081306545717,9036.20841844482
forecast_0506,2025-01-22 02:00:00,9953.081276415249,12121.39123325554,9279.530671799434
forecast_0507,2025-01-22 03:00:00,12245.377831667294,12773.910915880344,9605.29554897916
forecast_0508,2025-01-22 04:00:00,12473.800878814776,14188.25926035752,10756.961801684125
forecast_0509,2025-01-22 05:00:00,15073.080851287228,15543.088518471497,10798.074747532391
forecast_0510,2025-01-22 06:00:00,16311.399079455532,16151.193246339459,10311.00676424423
forecast_0511,2025-01-22 07:00:00,16650.158048040408,17990.763617993016,10926.813682415923
forecast_0512,2025-01-22 08:00:00,17835.30461075449,18071.471485084698,13588.033110731943
forecast_0513,2025-01-22 09:00:00,16098.907903300507,16902.2121445041,12019.306807111334
forecast_0514,2025-01-22 10:00:00,13670.343961144663,14428.895008134628,11458.39178013843
forecast_0515,2025-01-22 11:00:00,12616.117067008376,12885.461544700882,8616.371824581875
forecast_0516,2025-01-22 12:00:00,10942.860178571398,11011.354424416086,7430.999646966635
forecast_0517,2025-01-22 13:00:00,9491.916741407553,8512.688128591139,5840.280972938327
forecast_0518,2025-01-22 14:00:00,7339.005150334747,7870.327220642704,4920.678568147723
forecast_0519,2025-01-22 15:00:00,7024.063314380247,7224.163952492094,4532.228494218152
forecast_0520,2025-01-22 16:00:00,7227.626216565388,6481.258004030682,4262.700634973621
forecast_0521,2025-01-22 17:00:00,7850.233457306996,7322.45421230025,5419.1580405390005
forecast_0522,2025-01-22 18:00:00,8955.456433474166,8214.59030744378,5558.279411943438
forecast_0523,2025-01-22 19:00:00,8484.337307628395,7954.866266551683,5972.475770585773
forecast_0524,2025-01-22 20:00:00,8376.069481361617,8656.500767657975,6201.003578069402
forecast_0525,2025-01-22 21:00:00,8640.256527850956,8688.266178788466,6742.829305990466
forecast_0526,2025-01-22 22:00:00,8880.262588262494,8906.021745647116,6089.914400379273
forecast_0527,2025-01-22 23:00:00,8713.292674877996,8874.873630388061,6436.615225315415
forecast_0528,2025-01-23 00:00:00,8753.88670404802,8864.253538600546,6421.815995281276
forecast_0529,2025-01-23 01:00:00,15007.943512198783,14961.30570852882,8638.195028541075
forecast_0530,2025-01-23 02:00:00,14747.380955450091,14878.7020819714,8661.169896815654
forecast_0531,2025-01-23 03:00:00,13751.424758620684,14553.286962798662,8107.306728211293
forecast_0532,2025-01-23 04:00:00,13574.481100535426,14143.421308160176,7824.028605234486
forecast_0533,2025-01-23 05:00:00,13153.424163460813,13552.008078564751,7937.257188596473
forecast_0534,2025-01-23 06:00:00,12197.726563163353,12587.257350709724,7547.739170572374
forecast_0535,2025-01-23 07:00:00,10323.88228585342,10672.044337994717,7005.044281514489
forecast_0536,2025-01-23 08:00:00,10099.165864540908,11059.26450380162,7285.387363874019
forecast_0537,2025-01-23 09:00:00,9010.71767177377,9295.86635975663,5990.172521901843
forecast_0538,2025-01-23 10:00:00,7152.507156942306,7424.406651269879,4566.925408983537
forecast_0539,2025-01-23 11:00:00,5092.328953467978,5026.083469577398,3867.843614584161
forecast_0540,2025-01-23 12:00:00,3965.198616905983,3817.7299852260057,3736.8517585795475
forecast_0541,2025-01-23 13:00:00,3875.9185038426876,3956.6438211267546,3527.5150879103167
forecast_0542,2025-01-23 14:00:00,3494.884418479421,3417.092739177458,3509.496995088548
forecast_0543,2025-01-23 15:00:00,3483.0657696420376,3652.358460599992,3242.0246992812918
forecast_0544,2025-01-23 16:00:00,3544.1500556795586,3517.3951457033154,3220.9599318166493
forecast_0545,2025-01-23 17:00:00,3475.2314870938258,3546.6533520998405,3012.166012435817
forecast_0546,2025-01-23 18:00:00,3749.802601915253,3857.5899005624465,3370.0431277726766
forecast_0547,2025-01-23 19:00:00,3864.7093010114972,3705.28284372894,3501.1796490651654
forecast_0548,2025-01-23 20:00:00,3935.768516561985,3746.9791793304753,3546.84482603134
forecast_0549,2025-01-23 21:00:00,4264.518837424738,4037.5653229931268,3582.4484324845243
forecast_0550,2025-01-23 22:00:00,4290.98386015941,4287.88452146038,3659.6048891247056
forecast_0551,2025-01-23 23:00:00,4251.348897025504,4114.4428321120895,3779.8170747274303
forecast_0552,2025-01-24 00:00:00,3943.0978739600887,3726.4902033486956,3595.3492256038057
forecast_0553,2025-01-24 01:00:00,3890.8321528772503,3471.1743740549396,3626.922159019426
forecast_0554,2025-01-24 02:00:00,3651.6590929904146,3321.9914881066184,3725.411608093311
forecast_0555,2025-01-24 03:00:00,3456.5035565819708,3055.970866346001,2824.921759186978
forecast_0556,2025-01-24 04:00:00,3465.6596745885918,3237.3041479196413,3606.4367573870595
forecast_0557,2025-01-24 05:00:00,3734.168510347055,3444.5432909975602,2550.49353762681
forecast_0558,2025-01-24 06:00:00,4034.405915667854,3635.7467805689316,2665.6950535439523
forecast_0559,2025-01-24 07:00:00,4262.503993718964,3458.8290061359926,2646.8947554865963
forecast_0560,2025-01-24 08:00:00,3887.009525930065,3420.603827145247,1997.474534184697
forecast_0561,2025-01-24 09:00:00,3491.7297645236476,3412.396861572712,1136.5037702339228
forecast_0562,2025-01-24 10:00:00,3822.82804652797,3694.228370540745,1117.3208008968031
forecast_0563,2025-01-24 11:00:00,5071.547815785938,3566.4130334862357,1068.6864557586025
forecast_0564,2025-01-24 12:00:00,3468.3070171943777,3815.909327817141,1120.2873444140434
forecast_0565,2025-01-24 13:00:00,4133.855814313497,3466.4625857916467,1267.804001563277
forecast_0566,2025-01-24 14:00:00,3535.0926380591536,3867.2586615542036,2685.479988430504
forecast_0567,2025-01-24 15:00:00,3486.688245594824,4941.550859536522,2903.835659663129
forecast_0568,2025-01-24 16:00:00,3524.611484027441,4156.60592579605,2949.5399267716098
forecast_0569,2025-01-24 17:00:00,3555.337192716863,4260.936157979932,2941.4945730653076
forecast_0570,2025-01-24 18:00:00,4111.685241702481,5105.510637569395,3422.4065068622544
forecast_0571,2025-01-24 19:00:00,3437.5472952143477,3474.476907625843,3404.286235367287
forecast_0572,2025-01-24 20:00:00,3350.239726960546,3427.543986464536,3303.304304912996
forecast_0573,2025-01-24 21:00:00,3699.8572796077856,3823.128719929819,3171.8654364794484
forecast_0574,2025-01-24 22:00:00,3978.091720620344,4687.406440624857,3755.772887130851
forecast_0575,2025-01-24 23:00:00,3952.866025358444,4781.055283966584,3966.0032215080873
forecast_0576,2025-01-25 00:00:00,4489.21609861608,5355.076060550676,3817.511571333874
forecast_0577,2025-01-25 01:00:00,3937.2792891676695,4221.043294213197,3369.1311476741234
forecast_0578,2025-01-25 02:00:00,4538.938617570897,5232.636733114018,4048.3343824877975
forecast_0579,2025-01-25 03:00:00,4723.47796702936,6401.839793812864,4209.689706570316
forecast_0580,2025-01-25 04:00:00,5543.732366679807,7101.931200817663,3895.3650048604063
forecast_0581,2025-01-25 05:00:00,5344.138299704965,4104.54047523473,3834.7412194673498
forecast_0582,2025-01-25 06:00:00,5778.650149135071,4331.734881972254,3909.882685155279
forecast_0583,2025-01-25 07:00:00,5724.937995390227,4178.459577083657,3997.835260613725
forecast_0584,2025-01-25 08:00:00,5766.298426754972,3572.068903517176,3843.5841314227023
forecast_0585,2025-01-25 09:00:00,5875.835915198757,3381.2559135824363,3728.300121610737
forecast_0586,2025-01-25 10:00:00,4303.312414743638,5027.128977047438,3656.354190085038
forecast_0587,2025-01-25 11:00:00,4370.386497518744,4294.312385635957,3710.1267377863655
forecast_0588,2025-01-25 12:00:00,4189.2831118114855,4681.91680585002,4086.584842688982
forecast_0589,2025-01-25 13:00:00,3620.686541657861,3910.012370800575,3392.295147877473
forecast_0590,2025-01-25 14:00:00,3508.69999790304,3735.9867469473525,3288.5738286343617
forecast_0591,2025-01-25 15:00:00,3787.7071587323285,3621.9885261926147,2989.931520300279
forecast_0592,2025-01-25 16:00:00,3852.963640899722,3680.624095047649,3084.9659153115167
forecast_0593,2025-01-25 17:00:00,4052.4359773424444,4538.17731233082,3587.9549845113675
forecast_0594,2025-01-25 18:00:00,3932.0286402892207,4575.995521303284,3643.715320307175
forecast_0595,2025-01-25 19:00:00,4105.271546596697,4402.940680471261,3848.1033505656133
forecast_0596,2025-01-25 20:00:00,4159.13600078894,4863.059412944583,4503.730343542518
forecast_0597,2025-01-25 21:00:00,4066.430947986178,4493.461935873329,4811.937422551601
forecast_0598,2025-01-25 22:00:00,3965.8619826561376,4798.674457583273,5222.955165887689
forecast_0599,2025-01-25 23:00:00,4503.678449753253,5003.999988032638,5396.882133978882
forecast_0600,2025-01-26 00:00:00,4541.451681265443,5421.550535618272,5305.234512619451
forecast_0601,2025-01-26 01:00:00,6720.472627307597,5926.949190262786,5323.395678457353
forecast_0602,2025-01-26 02:00:00,4766.840393469086,5080.951994813951,5302.660899718259
forecast_0603,2025-01-26 03:00:00,3905.240339442455,4230.884690280033,4890.263384969308
forecast_0604,2025-01-26 04:00:00,4850.53761811045,5810.4441479988445,3794.502108082365
forecast_0605,2025-01-26 05:00:00,4116.054120715305,4575.974758205776,3481.940951483905
forecast_0606,2025-01-26 06:00:00,3773.8239714536476,3982.1053232083073,3352.7798670354164
forecast_0607,2025-01-26 07:00:00,3683.226513451228,3867.3595710386217,2948.5769768591126
forecast_0608,2025-01-26 08:00:00,3431.255223352083,3602.1168103681225,2831.470858029898
forecast_0609,2025-01-26 09:00:00,3337.511680863244,3651.8647522917786,2698.654585427278
forecast_0610,2025-01-26 10:00:00,3512.01036782736,3810.493607068158,2750.0357436694994
forecast_0611,2025-01-26 11:00:00,3434.023444045948,3302.781569868585,3073.630197507932
forecast_0612,2025-01-26 12:00:00,3657.525386299148,3563.8901938609574,3056.533583251886
forecast_0613,2025-01-26 13:00:00,2380.9532030568257,3305.3506347339503,2529.520554016419
forecast_0614,2025-01-26 14:00:00,2341.3019310069085,2395.3411993126747,886.3672199711284
forecast_0615,2025-01-26 15:00:00,3403.628568796045,3349.688059142902,3065.7567369532235
forecast_0616,2025-01-26 16:00:00,2.3456773079471014,3.836051824347115,3.597704910840763
forecast_0617,2025-01-26 17:00:00,2600.19266231586,1990.5083134020579,996.7758124881972
forecast_0618,2025-01-26 18:00:00,4088.195721220012,3687.479719981612,2012.925475824013
forecast_0619,2025-01-26 19:00:00,3966.390033789849,3796.0374352197673,4010.872881730049
forecast_0620,2025-01-26 20:00:00,4656.859871607242,4038.931271902628,4010.872881730049
forecast_0621,2025-01-26 21:00:00,4928.220137499213,5863.706692358393,3110.117133482474
forecast_0622,2025-01-26 22:00:00,7027.977795096642,6559.251593665539,4249.617730066257
forecast_0623,2025-01-26 23:00:00,3336.808505195676,3069.037485190702,3902.5890790338153
forecast_0624,2025-01-27 00:00:00,3275.543239125724,3175.7832896675013,3383.034041711774
forecast_0625,2025-01-27 01:00:00,3676.283689713419,3612.1570333741515,3140.1751866995737
forecast_0626,2025-01-27 02:00:00,3272.2713763181378,3292.1075409214945,2944.8755794221074
forecast_0627,2025-01-27 03:00:00,3494.386257172701,3673.9564167705125,3354.295116642525
forecast_0628,2025-01-27 04:00:00,3543.0663755403816,3579.7341088944036,3655.7241160957033
forecast_0629,2025-01-27 05:00:00,3825.107918212291,3841.7281483319052,3554.268427909555
forecast_0630,2025-01-27 06:00:00,3899.6882624449677,3914.0148868473157,3350.0251758008744
forecast_0631,2025-01-27 07:00:00,4106.572070318934,3884.775117676718,3488.3947277542998
forecast_0632,2025-01-27 08:00:00,3928.591492644175,4262.095204052082,3388.280311607651
forecast_0633,2025-01-27 09:00:00,4154.207835544777,4641.150306333445,3392.274628310323
forecast_0634,2025-01-27 10:00:00,4288.094891461452,4684.922388652945,3616.5069918295876
forecast_0635,2025-01-27 11:00:00,4863.239559391398,4981.431245255799,4252.308039288821
forecast_0636,2025-01-27 12:00:00,8399.841390756528,8370.460165331106,6875.48904300656
forecast_0637,2025-01-27 13:00:00,11764.570806172936,12382.342553681354,9570.118167985329
forecast_0638,2025-01-27 14:00:00,14316.684267457089,15197.829066704153,12726.853260533988
forecast_0639,2025-01-27 15:00:00,16053.959576109304,18165.935501020387,15585.151027044873
forecast_0640,2025-01-27 16:00:00,17340.633299772042,18729.336131301145,17876.45404913214
forecast_0641,2025-01-27 17:00:00,18500.993703541106,19468.777348365365,18069.029655705843
forecast_0642,2025-01-27 18:00:00,18582.41677396162,18879.470574968884,17944.989557180677
forecast_0643,2025-01-27 19:00:00,18718.56200471753,18605.62276069029,17885.499057424862
forecast_0644,2025-01-27 20:00:00,18880.088574102036,18025.924787847358,17504.33371195685
forecast_0645,2025-01-27 21:00:00,17997.482692107224,17342.393038353122,17594.875643002688
forecast_0646,2025-01-27 22:00:00,16711.168925628306,16951.916919153937,17926.467849612374
forecast_0647,2025-01-27 23:00:00,16953.070405073915,16918.101566752175,17745.88564282581
forecast_0648,2025-01-28 00:00:00,17106.37950403578,16793.264374690934,17442.738740820994
forecast_0649,2025-01-28 01:00:00,18017.994867993322,17927.734490400788,18623.94989637047
forecast_0650,2025-01-28 02:00:00,17941.547347406486,17959.751601556236,18614.083273207154
forecast_0651,2025-01-28 03:00:00,17604.081536010224,18087.302236583106,18192.339919501053
forecast_0652,2025-01-28 04:00:00,17264.678811142974,18215.301631412593,18149.219002288628
forecast_0653,2025-01-28 05:00:00,17495.150821178635,18096.402565904227,18642.55884524471
forecast_0654,2025-01-28 06:00:00,17738.854286419933,18108.68130768245,18635.5725441451
forecast_0655,2025-01-28 07:00:00,17958.233917560476,18019.144556811603,18794.394300910582
forecast_0656,2025-01-28 08:00:00,18335.165646458667,17988.254260589332,18486.695293958455
forecast_0657,2025-01-28 09:00:00,18410.292073282893,17934.146075626857,18392.997674722883
forecast_0658,2025-01-28 10:00:00,18504.124944480016,18016.545865204167,18375.658342438608
forecast_0659,2025-01-28 11:00:00,18090.77941926138,17669.44552190404,18565.078341560198
forecast_0660,2025-01-28 12:00:00,17633.274625695678,16037.331985022278,18234.151631146906
forecast_0661,2025-01-28 13:00:00,17099.430107306307,16113.260456761167,18226.29313352658
forecast_0662,2025-01-28 14:00:00,17094.241279519563,16170.564800947364,18112.625184361743
forecast_0663,2025-01-28 15:00:00,16930.183735837,16281.467570202021,18031.048958316605
forecast_0664,2025-01-28 16:00:00,17209.530371920755,16384.68939763887,17983.413608888884
forecast_0665,2025-01-28 17:00:00,17312.261199430868,16675.073658969985,18166.601408680184
forecast_0666,2025-01-28 18:00:00,17389.869614701478,17058.16008042052,18179.983016652364
forecast_0667,2025-01-28 19:00:00,17509.274472421126,17293.725094775727,18480.012810743134
forecast_0668,2025-01-28 20:00:00,17577.85993964864,17722.60492344289,18379.080427698136
forecast_0669,2025-01-28 21:00:00,16651.01863689476,18271.197843312937,18593.212803940212
forecast_0670,2025-01-28 22:00:00,16767.451794005487,18670.5326549661,18645.54762999278
forecast_0671,2025-01-28 23:00:00,16567.11285654138,18944.944120069642,18718.1907292244
forecast_0672,2025-01-29 00:00:00,16518.6951045116,19744.322501518145,18843.684244853284
forecast_0673,2025-01-29 01:00:00,16044.840586410597,18749.998850609823,16705.613088261875
forecast_0674,2025-01-29 02:00:00,16282.70657977612,19197.492680138614,16695.023009844666
forecast_0675,2025-01-29 03:00:00,16631.662822904054,19910.53700629783,16848.16898701956
forecast_0676,2025-01-29 04:00:00,16892.881058456718,19873.953495512847,16695.377050674033
forecast_0677,2025-01-29 05:00:00,17433.41170173127,19896.94119900837,16680.86083644001
forecast_0678,2025-01-29 06:00:00,18364.09828274099,19894.868878565863,16638.862926681828
forecast_0679,2025-01-29 07:00:00,18365.244817025603,19891.66899949902,16915.49098958567
forecast_0680,2025-01-29 08:00:00,17634.187069548465,19892.423227548472,16920.412670061585
forecast_0681,2025-01-29 09:00:00,17546.71142062858,19889.527224089692,17293.754095058895
forecast_0682,2025-01-29 10:00:00,17236.59565677332,19421.346684672553,16920.014919343357
forecast_0683,2025-01-29 11:00:00,17206.692831093605,19013.91450418153,16640.093606336424
forecast_0684,2025-01-29 12:00:00,16713.134602726335,18816.2642939596,16151.053271617146
forecast_0685,2025-01-29 13:00:00,16739.866311192338,18972.77587226581,16115.967930976813
forecast_0686,2025-01-29 14:00:00,16513.22164116531,18713.113742994152,16014.450896792905
forecast_0687,2025-01-29 15:00:00,15874.487844323476,18623.537006692488,15827.062237161057
forecast_0688,2025-01-29 16:00:00,15223.992215904675,18118.085203721792,15319.9235723242
forecast_0689,2025-01-29 17:00:00,14870.493824945957,17580.344857182943,14919.297703722672
forecast_0690,2025-01-29 18:00:00,14825.33933489264,17586.250885674162,14822.15077734763
forecast_0691,2025-01-29 19:00:00,14990.513612399443,17728.89945891675,14735.095978330659
forecast_0692,2025-01-29 20:00:00,15294.391350679069,17934.8322486364,15120.49925977234
forecast_0693,2025-01-29 21:00:00,15488.29672436792,18031.222500946253,15201.017358806474
forecast_0694,2025-01-29 22:00:00,15679.933680825396,18149.241616232128,15131.745329495438
forecast_0695,2025-01-29 23:00:00,16028.665154331124,17822.940335535633,14994.610018222496
forecast_0696,2025-01-30 00:00:00,17115.185697446384,17661.69857863277,14849.052179901897
forecast_0697,2025-01-30 01:00:00,16891.922507178624,17703.767934613545,15599.918423779256
forecast_0698,2025-01-30 02:00:00,16699.652757644988,17758.327751779358,15483.577089024386
forecast_0699,2025-01-30 03:00:00,16850.919203292804,17861.651105348286,15570.936377927219
forecast_0700,2025-01-30 04:00:00,16818.426438083578,17773.167700269558,15410.967807317715
forecast_0701,2025-01-30 05:00:00,17224.05970068275,17930.44838383283,15502.146020694801
forecast_0702,2025-01-30 06:00:00,17251.74817218935,17896.39172544041,15536.150272880472
forecast_0703,2025-01-30 07:00:00,17022.959972718727,17775.030185268613,15377.999106378415
forecast_0704,2025-01-30 08:00:00,17170.93717096954,17716.795262991385,15222.002769782928
forecast_0705,2025-01-30 09:00:00,17442.58767643808,17517.919392031727,14711.286989124963
forecast_0706,2025-01-30 10:00:00,16459.790980341157,16560.8925283979,14184.53212136626
forecast_0707,2025-01-30 11:00:00,15532.065118635956,16570.684926064943,13223.950768056247
forecast_0708,2025-01-30 12:00:00,14971.102781069976,16558.938314785843,12258.889374268801
forecast_0709,2025-01-30 13:00:00,14724.26369911653,15893.603453447337,11167.96157401226
forecast_0710,2025-01-30 14:00:00,14861.836088519229,14908.747275515108,11483.609815975
forecast_0711,2025-01-30 15:00:00,15089.422994632763,15383.129184922498,11755.744910973359
forecast_0712,2025-01-30 16:00:00,15064.286510524866,15845.578481878156,12356.066227291005
forecast_0713,2025-01-30 17:00:00,15038.595943527878,17359.696494725515,13540.717577142692
forecast_0714,2025-01-30 18:00:00,15537.666685498505,17851.29292323201,14186.749375532501
forecast_0715,2025-01-30 19:00:00,15828.15529190657,18150.35517206389,15835.48538795891
forecast_0716,2025-01-30 20:00:00,16177.067540241282,18204.96931708824,16409.231620026312
forecast_0717,2025-01-30 21:00:00,17175.645778938877,18316.556031152002,16695.830668750143
forecast_0718,2025-01-30 22:00:00,18011.084393260462,18746.528281786585,16310.38143726203
forecast_0719,2025-01-30 23:00:00,17891.5850583137,18301.53473133866,15233.079911706986
forecast_0720,2025-01-31 00:00:00,17834.219674729058,18052.42295442268,14478.140615840815
forecast_0721,2025-01-31 01:00:00,16233.33465189648,17347.98549726824,14336.46157610574
forecast_0722,2025-01-31 02:00:00,15643.256588063647,17237.523092477542,14149.557420647574
forecast_0723,2025-01-31 03:00:00,15424.272754405743,17037.069158227718,14016.426841149716
forecast_0724,2025-01-31 04:00:00,14835.180034155534,15596.35929059661,13160.953584091621
forecast_0725,2025-01-31 05:00:00,14608.53278900747,16121.025367941116,12795.553866407961
forecast_0726,2025-01-31 06:00:00,14051.746863168371,15194.135307982293,12038.71696412118
forecast_0727,2025-01-31 07:00:00,13457.765875287303,14714.942135513913,12270.08857028282
forecast_0728,2025-01-31 08:00:00,14350.849039689607,14915.873663180473,12444.129265765836
forecast_0729,2025-01-31 09:00:00,14536.65709636436,15675.446381716127,12232.834799338
forecast_0730,2025-01-31 10:00:00,14656.925667642712,15435.75067894832,12723.605520011371
forecast_0731,2025-01-31 11:00:00,12342.55586019761,13519.197166715452,9723.405643250551
forecast_0732,2025-01-31 12:00:00,10115.860284729086,11100.338643644736,7452.833685013972
forecast_0733,2025-01-31 13:00:00,8098.15066840298,9022.513448295633,5881.609162552272
forecast_0734,2025-01-31 14:00:00,6914.786083553938,6552.5291703384855,4579.980864516226
forecast_0735,2025-01-31 15:00:00,5431.791395557951,5755.627102094988,3860.6321784091433
forecast_0736,2025-01-31 16:00:00,4588.441630602583,4785.628900515407,3738.832318376791
forecast_0737,2025-01-31 17:00:00,4139.144712630935,4396.634884121797,3611.8650772988
forecast_0738,2025-01-31 18:00:00,4741.202166491708,5076.0050744730715,3718.1188267253838
forecast_0739,2025-01-31 19:00:00,5888.796833525079,6176.217905909133,3791.9146857633064
forecast_0740,2025-01-31 20:00:00,7337.283379849332,7639.876046765278,5001.962227710924
forecast_0741,2025-01-31 21:00:00,6617.086100253804,6939.433855135227,4417.770146492968
forecast_0742,2025-01-31 22:00:00,5526.774827071046,5925.9511187305725,4259.1378833272265
forecast_0743,2025-01-31 23:00:00,5029.755358127939,5205.661089691947,3817.658634013828
forecast_0744,2025-02-01 00:00:00,4728.962547915986,4843.645610703175,3752.676792936699
forecast_0745,2025-02-01 01:00:00,5645.629521349133,5714.8186843000785,3842.520884392083
forecast_0746,2025-02-01 02:00:00,5209.036897937365,5270.23414369451,3745.3935413244267
forecast_0747,2025-02-01 03:00:00,4165.882218328172,3974.0084028103797,3608.350964017282
forecast_0748,2025-02-01 04:00:00,3754.225516385374,3717.413925398262,3472.5685013767134
forecast_0749,2025-02-01 05:00:00,3636.7094293648406,3553.756490713586,3377.4633154333665
forecast_0750,2025-02-01 06:00:00,3579.5371881110996,3523.44102446572,3089.763478922073
forecast_0751,2025-02-01 07:00:00,3687.8182190260986,4225.619067049618,3133.442617606254
forecast_0752,2025-02-01 08:00:00,3637.521230796537,3302.8373659125787,2291.4259989366765
forecast_0753,2025-02-01 09:00:00,3759.09024539075,3763.6426371626617,2256.3379981652442
forecast_0754,2025-02-01 10:00:00,3773.0079707811633,3995.519454649702,2272.5651211184286
forecast_0755,2025-02-01 11:00:00,3706.9242914045853,3970.7878880195435,1136.7257877081129
forecast_0756,2025-02-01 12:00:00,5849.740320811132,4325.0880030709095,823.8203491664163
forecast_0757,2025-02-01 13:00:00,3942.0871340063163,3848.2634904799497,7.945151147489596
forecast_0758,2025-02-01 14:00:00,1242.98107304486,2752.5790922753545,24.08991774851497
forecast_0759,2025-02-01 15:00:00,2989.340407173378,3799.5360782400344,881.2226041021091
forecast_0760,2025-02-01 16:00:00,3935.079631096982,4495.8215878397,2239.2859319345835
forecast_0761,2025-02-01 17:00:00,4348.275493507724,4354.182512537943,2294.754966626786
forecast_0762,2025-02-01 18:00:00,4583.904246737594,4384.138260444557,2196.3453511640987
forecast_0763,2025-02-01 19:00:00,4710.999122660426,3622.6892311509882,3312.2670543687445
forecast_0764,2025-02-01 20:00:00,4742.499203191911,4078.970501249026,3333.0873008461513
forecast_0765,2025-02-01 21:00:00,4762.626518249698,3962.360041110237,3499.1561356945863
forecast_0766,2025-02-01 22:00:00,4483.197181819215,3828.38137807311,3390.71427964437
forecast_0767,2025-02-01 23:00:00,4465.2535812377355,3897.516217044953,3522.9634692415107
forecast_0768,2025-02-02 00:00:00,5402.896086571746,3928.516092614577,4123.702716561782
forecast_0769,2025-02-02 01:00:00,4244.271622987636,3994.968530867665,3192.219054706434
forecast_0770,2025-02-02 02:00:00,4229.0042508018,3959.3035267030477,3321.949263206607
forecast_0771,2025-02-02 03:00:00,4033.147961806638,3611.4394660997586,3131.6914582428103
forecast_0772,2025-02-02 04:00:00,3987.7152942159964,3784.8839800929413,3054.8316443825265
forecast_0773,2025-02-02 05:00:00,3865.0363556886314,3738.5317861183275,2905.899550906543
forecast_0774,2025-02-02 06:00:00,4079.708569551369,4131.915638229629,1634.4785437497635
forecast_0775,2025-02-02 07:00:00,3879.348229293732,3495.0475055432116,2256.299095831024
forecast_0776,2025-02-02 08:00:00,3901.7475894512054,3880.0726008214347,3048.4556428504925
forecast_0777,2025-02-02 09:00:00,4092.175985545688,3345.7006223954745,1636.1109939206567
forecast_0778,2025-02-02 10:00:00,3224.4928871864304,2332.4541601560322,1516.587833865247
forecast_0779,2025-02-02 11:00:00,3739.5846899746607,3155.090184254647,1214.7166591952873
forecast_0780,2025-02-02 12:00:00,2297.660929932169,2609.2636414622452,1219.825938803049
forecast_0781,2025-02-02 13:00:00,1087.2672757699263,1219.5236263332952,1242.7222988854523
forecast_0782,2025-02-02 14:00:00,2570.1891730753605,2441.543697304293,1899.3736362510442
forecast_0783,2025-02-02 15:00:00,4562.213170378487,4286.245666176048,3688.1114836953016
forecast_0784,2025-02-02 16:00:00,3289.750010618694,3429.35506856259,3394.77390954471
forecast_0785,2025-02-02 17:00:00,3386.2837659572515,3736.1471956367923,3236.924048738825
forecast_0786,2025-02-02 18:00:00,4158.965828398241,4333.237477588881,3780.8919516000074
forecast_0787,2025-02-02 19:00:00,5846.818029505134,5887.166765647655,4143.676260648414
forecast_0788,2025-02-02 20:00:00,8005.665993094229,9528.167975198232,5060.996819019244
forecast_0789,2025-02-02 21:00:00,9025.640540537559,11704.896929558803,6318.924163062253
forecast_0790,2025-02-02 22:00:00,13758.35148355173,12219.823499502036,7892.019375305613
forecast_0791,2025-02-02 23:00:00,14488.982746641219,13561.943456024594,9607.591063477348
forecast_0792,2025-02-03 00:00:00,14187.161583297826,14392.518286506023,10930.532934581772
forecast_0793,2025-02-03 01:00:00,16653.28510089308,18132.70313824667,15611.120455783328
forecast_0794,2025-02-03 02:00:00,16703.40901353888,18471.713323873224,15325.460312660567
forecast_0795,2025-02-03 03:00:00,16844.52920394366,18511.61155927791,15170.716485080104
forecast_0796,2025-02-03 04:00:00,16807.961463547756,18159.57560223275,15051.237489964875
forecast_0797,2025-02-03 05:00:00,17409.27321826234,18051.763520212073,14671.455963725017
forecast_0798,2025-02-03 06:00:00,17084.38032341984,18051.560148798802,14892.175398279533
forecast_0799,2025-02-03 07:00:00,17210.79790828214,18351.912911458465,15638.979202787925
forecast_0800,2025-02-03 08:00:00,17562.340857556013,18133.25946970883,15499.029819126825
forecast_0801,2025-02-03 09:00:00,17186.15112796911,17580.409213766638,15005.4844633798
forecast_0802,2025-02-03 10:00:00,15062.594158182932,17065.802942001013,14064.83899914806
forecast_0803,2025-02-03 11:00:00,14904.30332939674,16515.053606948804,13564.848644428448
forecast_0804,2025-02-03 12:00:00,14596.621052050266,16367.900788268706,12633.355927924464
forecast_0805,2025-02-03 13:00:00,14569.524662395912,15841.504127607619,12063.584820167542
forecast_0806,2025-02-03 14:00:00,14272.326424208668,15547.254944692784,11707.418822342133
forecast_0807,2025-02-03 15:00:00,14503.825321472666,15653.282298843447,11044.71900235193
forecast_0808,2025-02-03 16:00:00,14346.57392712735,16403.76754246639,11201.196923373036
forecast_0809,2025-02-03 17:00:00,14629.040959428141,14569.401817992906,11966.894464432842
forecast_0810,2025-02-03 18:00:00,14614.689923410846,14884.11041028937,12634.583029200516
forecast_0811,2025-02-03 19:00:00,14813.798969801,15474.357690979457,13569.069496468936
forecast_0812,2025-02-03 20:00:00,14887.126081823122,15819.752749330923,14596.484081034834
forecast_0813,2025-02-03 21:00:00,14987.850808604953,16124.028371325487,15355.498508873272
forecast_0814,2025-02-03 22:00:00,15319.611828269852,16666.48428901485,15341.833626112011
forecast_0815,2025-02-03 23:00:00,15413.77710361444,16846.644822138947,15479.912719813676
forecast_0816,2025-02-04 00:00:00,15283.1313549752,17031.94200721531,15380.88264683927
forecast_0817,2025-02-04 01:00:00,14598.85174033425,16238.98073109034,15142.628840532157
forecast_0818,2025-02-04 02:00:00,14610.475772172511,16424.557833974028,15023.115677873973
forecast_0819,2025-02-04 03:00:00,14598.323744424666,16130.315408444769,15463.998135176551
forecast_0820,2025-02-04 04:00:00,15401.494668922996,16147.681149680606,14575.149377856082
forecast_0821,2025-02-04 05:00:00,15164.186213771347,16609.563144144227,13813.51926511367
forecast_0822,2025-02-04 06:00:00,16495.89996674864,17059.17117759732,14076.710199558842
forecast_0823,2025-02-04 07:00:00,16508.9897940973,17039.948670884583,14061.552411808738
forecast_0824,2025-02-04 08:00:00,16251.013793103446,16801.3999290313,14088.169754981755
forecast_0825,2025-02-04 09:00:00,15999.826715218496,16745.05633348579,14041.645483198929
forecast_0826,2025-02-04 10:00:00,16083.31069802902,16649.601005803594,13697.949249455576
forecast_0827,2025-02-04 11:00:00,15658.407686730081,16896.469767975992,13994.83987400093
forecast_0828,2025-02-04 12:00:00,15700.819145366077,16577.696071042057,13438.089229982459
forecast_0829,2025-02-04 13:00:00,15179.05749503102,15969.850828859702,11897.70932238177
forecast_0830,2025-02-04 14:00:00,14869.139533002417,15247.802848473639,11389.294904267246
forecast_0831,2025-02-04 15:00:00,14981.144711219647,14609.931344123464,10963.474682086315
forecast_0832,2025-02-04 16:00:00,14907.218830036325,15106.332254824381,11073.566642904305
forecast_0833,2025-02-04 17:00:00,14990.46549927739,16333.087506734255,11775.518930116405
forecast_0834,2025-02-04 18:00:00,15384.545142475545,16991.155188598244,12125.933941627354
forecast_0835,2025-02-04 19:00:00,15669.274225264444,17110.654059045253,12697.580350680284
forecast_0836,2025-02-04 20:00:00,15658.880317792518,17266.3503255744,14179.578173913582
forecast_0837,2025-02-04 21:00:00,14858.912278438946,16710.81476925414,14416.099130269982
forecast_0838,2025-02-04 22:00:00,14690.55888778001,16528.546278710568,15324.046223989497
forecast_0839,2025-02-04 23:00:00,14892.317264406593,16511.389759015878,15398.96464658147
forecast_0840,2025-02-05 00:00:00,15236.98919766193,16544.87131655783,15134.9652930439
forecast_0841,2025-02-05 01:00:00,15600.67325025469,17431.271138065276,16382.479121996108
forecast_0842,2025-02-05 02:00:00,16081.234022425855,17529.05780580449,16697.209156600045
forecast_0843,2025-02-05 03:00:00,16029.719619804628,17744.1058957892,16655.448775310135
forecast_0844,2025-02-05 04:00:00,16035.487781426149,17557.047851453353,16151.88027824749
forecast_0845,2025-02-05 05:00:00,16158.835726708503,17480.05417618103,15637.473884811963
forecast_0846,2025-02-05 06:00:00,16347.240244671808,17490.839500709353,15250.173895056763
forecast_0847,2025-02-05 07:00:00,15744.5264609567,17405.83598029305,15418.195195463626
forecast_0848,2025-02-05 08:00:00,15550.670610704337,17290.811527073998,14364.47043554072
forecast_0849,2025-02-05 09:00:00,15894.282346251257,17104.77639464668,13742.759003992705
forecast_0850,2025-02-05 10:00:00,16364.17186871529,16737.170611934762,12781.259018315
forecast_0851,2025-02-05 11:00:00,16007.97912402888,16659.25536451169,13415.930082395731
forecast_0852,2025-02-05 12:00:00,15792.145232443248,16604.43799945123,13650.68648314839
forecast_0853,2025-02-05 13:00:00,15952.51709720957,17007.92150620733,14457.13082695354
forecast_0854,2025-02-05 14:00:00,16255.517913678086,17106.46268492586,13940.63625664384
forecast_0855,2025-02-05 15:00:00,16231.284609114555,17131.55921245946,13839.133660973108
forecast_0856,2025-02-05 16:00:00,16116.13188581891,16949.864403272677,13702.946350052302
forecast_0857,2025-02-05 17:00:00,16031.938405765253,17061.343407617573,13828.20714384158
forecast_0858,2025-02-05 18:00:00,15636.244532081491,16599.644208778533,13718.431708078333
forecast_0859,2025-02-05 19:00:00,14877.894508220468,16529.488762150966,13571.399076622793
forecast_0860,2025-02-05 20:00:00,14878.415810124416,16520.577013889397,13946.450223670896
forecast_0861,2025-02-05 21:00:00,14984.38878649678,16545.833614625804,14664.603045062317
forecast_0862,2025-02-05 22:00:00,14845.435417783016,16629.287993293678,15581.526960232666
forecast_0863,2025-02-05 23:00:00,15326.778450726635,16786.01374858818,15890.870357040298
forecast_0864,2025-02-06 00:00:00,14779.6534518428,17220.831931822086,16077.921468672343
forecast_0865,2025-02-06 01:00:00,16223.441478760122,17017.958533608664,16297.268026626374
forecast_0866,2025-02-06 02:00:00,16409.01037167447,17074.711603886764,16177.608841830435
forecast_0867,2025-02-06 03:00:00,16672.799664306902,17283.067635568234,16258.820130438187
forecast_0868,2025-02-06 04:00:00,17039.952063790814,17397.577531355848,16562.823603182296
forecast_0869,2025-02-06 05:00:00,16921.934321481196,17504.378326994865,16564.477889531372
forecast_0870,2025-02-06 06:00:00,17381.672008281723,17554.669614993854,16748.101878276608
forecast_0871,2025-02-06 07:00:00,16358.544635212955,17521.511310239744,15937.08599107725
forecast_0872,2025-02-06 08:00:00,15922.684114514468,16833.733600230607,15085.841482164013
forecast_0873,2025-02-06 09:00:00,15174.325258784116,16325.945153714656,14438.733401917407
forecast_0874,2025-02-06 10:00:00,14467.212795090425,15378.76675908807,13540.537138393378
forecast_0875,2025-02-06 11:00:00,14252.351973141365,14912.06258772558,12385.808111313318
forecast_0876,2025-02-06 12:00:00,14260.319025982806,15034.483472235654,11402.389233636397
forecast_0877,2025-02-06 13:00:00,14208.298622945073,14633.051105602184,11510.622383136244
forecast_0878,2025-02-06 14:00:00,13780.574343330452,14126.66199714598,12563.374415987966
forecast_0879,2025-02-06 15:00:00,13353.351293761145,13309.610778296164,12484.246522835636
forecast_0880,2025-02-06 16:00:00,13490.225899040383,13597.001600911794,13317.698578856136
forecast_0881,2025-02-06 17:00:00,13636.539520036984,15756.251136460825,13302.06537133481
forecast_0882,2025-02-06 18:00:00,14113.700879540023,15117.365395471077,14033.477388220634
forecast_0883,2025-02-06 19:00:00,14371.50925804628,13960.442259336647,14143.486288552094
forecast_0884,2025-02-06 20:00:00,14353.338040889128,14230.233910795278,13665.1648790908
forecast_0885,2025-02-06 21:00:00,14146.966685902187,13983.186244353352,12905.01905715455
forecast_0886,2025-02-06 22:00:00,14006.212456627361,13891.544453475448,12356.823963747449
forecast_0887,2025-02-06 23:00:00,13143.17548913021,14837.838787695267,11493.36794818485
forecast_0888,2025-02-07 00:00:00,13059.748122271523,13608.68321941921,11494.32677831908
forecast_0889,2025-02-07 01:00:00,7969.668232925879,8759.786745982263,6662.829790229086
forecast_0890,2025-02-07 02:00:00,7748.815257175452,7868.676471172223,6277.573798335318
forecast_0891,2025-02-07 03:00:00,8455.489310161456,8198.743851234089,6308.0264715628045
forecast_0892,2025-02-07 04:00:00,7993.608592531794,9656.995314775331,6762.98171435254
forecast_0893,2025-02-07 05:00:00,8468.170049289776,9567.818620328708,7388.994411270095
forecast_0894,2025-02-07 06:00:00,7908.031771921411,8923.499246046858,6631.001184966066
forecast_0895,2025-02-07 07:00:00,6155.849971760993,7115.428979902791,5246.517648555194
forecast_0896,2025-02-07 08:00:00,6218.317934521829,6544.187161593345,5233.590777871581
forecast_0897,2025-02-07 09:00:00,7329.009612780094,7625.259723909989,6612.418910447802
forecast_0898,2025-02-07 10:00:00,10248.920572191315,10238.447660814618,8923.938374275704
forecast_0899,2025-02-07 11:00:00,12313.956073644516,12552.33511177173,9887.567105777876
forecast_0900,2025-02-07 12:00:00,13625.880896955767,14445.243328718596,11554.507882265401
forecast_0901,2025-02-07 13:00:00,14599.970050833392,15107.19412209211,12243.158633706347
forecast_0902,2025-02-07 14:00:00,14870.113984712727,15570.915185548156,13023.934509628181
forecast_0903,2025-02-07 15:00:00,15292.511145820929,15761.577433381408,12988.553382772623
forecast_0904,2025-02-07 16:00:00,15546.339575372262,16255.856466487881,12945.223390447092
forecast_0905,2025-02-07 17:00:00,15147.21680579784,16402.172901509886,11569.651267425397
forecast_0906,2025-02-07 18:00:00,15051.57465041714,15627.519401757192,11351.248385768327
forecast_0907,2025-02-07 19:00:00,14991.926784234769,15876.379153873948,11860.452003159822
forecast_0908,2025-02-07 20:00:00,15265.61098890902,16174.900225839518,14125.288706849358
forecast_0909,2025-02-07 21:00:00,16114.481236113012,16932.83125923051,14444.974222273386
forecast_0910,2025-02-07 22:00:00,16551.76887748423,17551.892753513206,15010.022699006771
forecast_0911,2025-02-07 23:00:00,17411.317859616916,18251.986662689073,15898.620007083324
forecast_0912,2025-02-08 00:00:00,17609.913444572674,19617.337485077074,16193.59924609408
forecast_0913,2025-02-08 01:00:00,18667.19754457292,19903.53248341566,16591.21762858633
forecast_0914,2025-02-08 02:00:00,19102.779321470764,19897.021991089012,17038.097459954
forecast_0915,2025-02-08 03:00:00,19926.44208038047,19975.854637836324,17616.294641198772
forecast_0916,2025-02-08 04:00:00,20311.574641404593,20192.47382803006,18157.49528660525
forecast_0917,2025-02-08 05:00:00,20289.257051542187,19921.868635963383,18174.27981732746
forecast_0918,2025-02-08 06:00:00,20048.517948029912,20034.470984414198,17319.180732542027
forecast_0919,2025-02-08 07:00:00,19969.52901468304,20336.90491722096,16542.213718987143
forecast_0920,2025-02-08 08:00:00,18084.183093369807,18452.343484632085,16469.248456823243
forecast_0921,2025-02-08 09:00:00,17483.44409969358,17769.347877004704,14809.34157343249
forecast_0922,2025-02-08 10:00:00,15593.273195210362,15623.854293721835,12921.843673156342
forecast_0923,2025-02-08 11:00:00,13283.495262020519,13781.15582948482,10294.108476097248
forecast_0924,2025-02-08 12:00:00,10048.721079379293,10383.58698222366,7928.914464354015
forecast_0925,2025-02-08 13:00:00,6691.755356890655,6870.268367689259,5081.74152960051
forecast_0926,2025-02-08 14:00:00,5105.300841165995,5103.9472241577,3774.071697711067
forecast_0927,2025-02-08 15:00:00,4250.0278384036765,4346.216379652271,3588.306932969315
forecast_0928,2025-02-08 16:00:00,5085.4183493709825,5222.600578897183,3838.904015581563
forecast_0929,2025-02-08 17:00:00,8062.819153647485,7865.515119179861,5150.669816427317
forecast_0930,2025-02-08 18:00:00,10216.669959005014,9904.332680987352,6974.0873561855815
forecast_0931,2025-02-08 19:00:00,12187.490080735502,12052.95686404454,8237.997748740981
forecast_0932,2025-02-08 20:00:00,13833.603123991817,13694.227859185721,10273.900055522832
forecast_0933,2025-02-08 21:00:00,16719.46830004047,16349.37059464513,12783.20797994854
forecast_0934,2025-02-08 22:00:00,19747.707670543867,18379.233417667132,14841.048184706062
forecast_0935,2025-02-08 23:00:00,19951.95972133852,18570.32558036935,16234.123548689131
forecast_0936,2025-02-09 00:00:00,19914.204228711762,19106.228315657834,16593.111978467245
forecast_0937,2025-02-09 01:00:00,19048.827679834263,18135.446066836692,13608.859160800348
forecast_0938,2025-02-09 02:00:00,19246.774547864068,18242.750895324185,14070.4331318725
forecast_0939,2025-02-09 03:00:00,19879.97397029345,19037.07314840942,16571.274348792198
forecast_0940,2025-02-09 04:00:00,20198.457522241668,19833.48461189687,16767.985934788416
forecast_0941,2025-02-09 05:00:00,20031.263167547102,19267.093134395334,17030.024075818375
forecast_0942,2025-02-09 06:00:00,20041.619376244864,19378.9261887113,16835.15992702585
forecast_0943,2025-02-09 07:00:00,19992.20759801795,19501.15713952134,16463.792834364795
forecast_0944,2025-02-09 08:00:00,19915.722757657117,19795.576512817,16011.01739496801
forecast_0945,2025-02-09 09:00:00,18727.040506176967,18471.994283908596,14956.447020603851
forecast_0946,2025-02-09 10:00:00,17243.608325829828,16916.534651125374,13044.619891458566
forecast_0947,2025-02-09 11:00:00,14502.281396133618,15477.463468824908,11569.38422966313
forecast_0948,2025-02-09 12:00:00,12539.951174235282,13022.001984480761,10381.268971665468
forecast_0949,2025-02-09 13:00:00,10898.334005436547,11398.252911480839,9626.619378593
forecast_0950,2025-02-09 14:00:00,10036.703825970613,10150.868546645475,9008.012625888889
forecast_0951,2025-02-09 15:00:00,10560.678032874395,10670.03240710717,9104.137896310047
forecast_0952,2025-02-09 16:00:00,11837.737920297111,12138.26862945848,10523.75350805157
forecast_0953,2025-02-09 17:00:00,13695.514835926053,14671.93712851036,12114.810710553438
forecast_0954,2025-02-09 18:00:00,14756.342497742207,16192.457531235657,13666.285776179862
forecast_0955,2025-02-09 19:00:00,15657.777855959755,17028.845014008188,14397.515136322676
forecast_0956,2025-02-09 20:00:00,17270.052322194544,17782.841708957978,14578.148071292379
forecast_0957,2025-02-09 21:00:00,17302.793681700503,17719.388723008327,15334.60403382252
forecast_0958,2025-02-09 22:00:00,17794.783642372422,17802.166936744896,14959.533897404592
forecast_0959,2025-02-09 23:00:00,17766.36120959082,18074.991247939142,15064.116793059431
forecast_0960,2025-02-10 00:00:00,18028.56945842619,18222.348462578866,15345.821786156881
forecast_0961,2025-02-10 01:00:00,18103.64019917441,18567.810777793657,15019.643665411395
forecast_0962,2025-02-10 02:00:00,17951.412932853687,18460.64704475699,15257.620387758097
forecast_0963,2025-02-10 03:00:00,18046.35206568441,18631.737282351798,15956.275720655698
forecast_0964,2025-02-10 04:00:00,18562.00798365591,19399.566741135222,16699.17076842483
forecast_0965,2025-02-10 05:00:00,18939.47897085565,19971.282331902243,17948.09299651095
forecast_0966,2025-02-10 06:00:00,19177.24830808469,19877.06746738159,18143.105659191813
forecast_0967,2025-02-10 07:00:00,18816.61174361377,19728.063090324864,17187.705867452998
forecast_0968,2025-02-10 08:00:00,18232.27915111506,19420.101306319648,17451.6338703314
forecast_0969,2025-02-10 09:00:00,17654.621200076002,18092.819641592145,16079.876570359791
forecast_0970,2025-02-10 10:00:00,16625.413303868674,17032.052716464255,14912.721991660843
forecast_0971,2025-02-10 11:00:00,15294.680480288836,15571.178582694822,12725.648255952106
forecast_0972,2025-02-10 12:00:00,14188.717656015795,14633.770302388548,11125.132494881384
forecast_0973,2025-02-10 13:00:00,13663.880073731063,14314.349994014945,10566.93052807037
forecast_0974,2025-02-10 14:00:00,13068.453997159439,13323.472352541821,10108.09237149416
forecast_0975,2025-02-10 15:00:00,12990.920276549185,13256.492889344878,9807.081544562094
forecast_0976,2025-02-10 16:00:00,12761.462662798314,14069.325166786697,10265.303358866084
forecast_0977,2025-02-10 17:00:00,12405.828642821409,14097.008450089756,10224.845007365064
forecast_0978,2025-02-10 18:00:00,12241.903589901196,13660.771043050061,10303.07342490088
forecast_0979,2025-02-10 19:00:00,11711.747541194398,14423.060888650461,9719.827518013584
forecast_0980,2025-02-10 20:00:00,10229.878376818817,11304.379835807025,8748.127189845798
forecast_0981,2025-02-10 21:00:00,9353.191073288988,10880.331439928646,8124.50381414241
forecast_0982,2025-02-10 22:00:00,8735.42554691593,10737.861905812066,7765.855901454386
forecast_0983,2025-02-10 23:00:00,9480.209562776385,10975.064966491274,8349.799431570233
forecast_0984,2025-02-11 00:00:00,10393.197211290091,12722.267413083053,8531.993269830356
forecast_0985,2025-02-11 01:00:00,10484.189120599496,10980.954342883078,8636.13611813755
forecast_0986,2025-02-11 02:00:00,10963.085720503168,11533.527085043295,8959.685350890766
forecast_0987,2025-02-11 03:00:00,11138.430611433283,12792.495633493561,9464.405499747483
forecast_0988,2025-02-11 04:00:00,11856.196603434739,12701.097508819154,9313.58807194995
forecast_0989,2025-02-11 05:00:00,10741.550720270649,11166.890427788096,8598.715533026118
forecast_0990,2025-02-11 06:00:00,9809.898707515988,10161.79014738025,8109.08090897521
forecast_0991,2025-02-11 07:00:00,8838.004642571792,8829.406048328576,7344.815352709252
forecast_0992,2025-02-11 08:00:00,8306.076491501639,8248.833593043193,6367.694463514008
forecast_0993,2025-02-11 09:00:00,7453.839126591773,7417.517471890648,5711.289520317678
forecast_0994,2025-02-11 10:00:00,6998.972658142082,6786.187539269977,4935.758523514474
forecast_0995,2025-02-11 11:00:00,4925.182470548024,4765.199658207849,3786.253169247473
forecast_0996,2025-02-11 12:00:00,3838.684304511581,4590.021195472244,4152.872183657606
forecast_0997,2025-02-11 13:00:00,3836.454865457082,3890.182009902697,3729.857683831187
forecast_0998,2025-02-11 14:00:00,3787.5437845674383,4137.780081480708,3576.6793715142426
forecast_0999,2025-02-11 15:00:00,3436.2397906858037,3624.9563142410448,3338.0154081268684
forecast_1000,2025-02-11 16:00:00,3762.4904387523643,3707.1842787404703,3254.9556701600686
forecast_1001,2025-02-11 17:00:00,3610.682689502988,3746.0032163807273,3415.610340649563
forecast_1002,2025-02-11 18:00:00,5186.558674335503,5286.041325683898,3943.558372766353
forecast_1003,2025-02-11 19:00:00,8414.72172078099,8514.784076745109,5412.967342980651
forecast_1004,2025-02-11 20:00:00,11553.639267978551,11990.782750202685,7459.161767917881
forecast_1005,2025-02-11 21:00:00,12521.870363511229,13673.580210523338,8992.78712555564
forecast_1006,2025-02-11 22:00:00,14388.290865921963,15959.87903595008,11318.082558218895
forecast_1007,2025-02-11 23:00:00,17788.332722089446,17469.637930696117,13290.632070226808
forecast_1008,2025-02-12 00:00:00,17685.326161457586,18050.428085933654,14763.554530841659
forecast_1009,2025-02-12 01:00:00,17843.216086127428,18302.378934991757,12379.598034290153
forecast_1010,2025-02-12 02:00:00,18199.772203580953,18505.514312222145,13368.398084591223
forecast_1011,2025-02-12 03:00:00,17477.449183672208,18563.084878964342,14381.851868612346
forecast_1012,2025-02-12 04:00:00,16092.695216167574,17893.95234676938,14766.490101338391
forecast_1013,2025-02-12 05:00:00,14979.456526613183,16447.820104940016,13386.515103945781
forecast_1014,2025-02-12 06:00:00,12885.99974776542,14756.683970167125,11407.879685726888
forecast_1015,2025-02-12 07:00:00,10475.801737346888,12388.333850767442,8513.887381507304
forecast_1016,2025-02-12 08:00:00,8730.112054931631,10151.537699673814,6070.08699477782
forecast_1017,2025-02-12 09:00:00,8368.46672073044,9208.476466411297,5590.1998069189085
forecast_1018,2025-02-12 10:00:00,9032.439192882868,10092.270943973372,7278.2113191570625
forecast_1019,2025-02-12 11:00:00,11065.809924373754,12338.742215942924,8201.3044533823
forecast_1020,2025-02-12 12:00:00,13591.229356711267,15381.060303119255,11159.03090618328
forecast_1021,2025-02-12 13:00:00,15018.118483191702,16259.223879047126,12176.523308251779
forecast_1022,2025-02-12 14:00:00,16398.084879429534,17211.5600954361,14250.998653015324
forecast_1023,2025-02-12 15:00:00,18215.18185967947,18462.76095185258,16661.684020663153
forecast_1024,2025-02-12 16:00:00,18711.7680737223,19203.68479970499,18567.951002886817
forecast_1025,2025-02-12 17:00:00,18327.65691625555,19254.501896719004,19231.303175555506
forecast_1026,2025-02-12 18:00:00,18282.81884984501,19111.34468971366,16755.726535359197
forecast_1027,2025-02-12 19:00:00,17904.06759299738,18272.21402166844,15807.842471168446
forecast_1028,2025-02-12 20:00:00,17693.189709887956,18037.480454670513,15737.05796759854
forecast_1029,2025-02-12 21:00:00,17380.566389426654,17777.42339722029,15977.422507435676
forecast_1030,2025-02-12 22:00:00,17083.763335628653,17462.150039534474,15351.587291149299
forecast_1031,2025-02-12 23:00:00,16588.137897322868,17359.180510721908,15211.788787812959
forecast_1032,2025-02-13 00:00:00,15908.819415131142,17202.35563801318,15037.71225726176
forecast_1033,2025-02-13 01:00:00,14553.681341482898,15592.090190317253,13020.423005053986
forecast_1034,2025-02-13 02:00:00,14372.253775649115,15363.761761369213,12642.254171533192
forecast_1035,2025-02-13 03:00:00,14362.686878793793,15431.599284825408,12151.844668521418
forecast_1036,2025-02-13 04:00:00,14106.91294152963,16252.716963302122,11423.959328122848
forecast_1037,2025-02-13 05:00:00,14630.336331117565,16690.1879861167,11867.366017707982
forecast_1038,2025-02-13 06:00:00,15376.592606871514,16938.0965003087,12608.005125743595
forecast_1039,2025-02-13 07:00:00,16094.72020760034,17336.478369316934,14103.720681234543
forecast_1040,2025-02-13 08:00:00,16877.014706577014,17203.706493537644,15805.7782333911
forecast_1041,2025-02-13 09:00:00,16937.256708176687,17595.084100764892,14772.039260804067
forecast_1042,2025-02-13 10:00:00,16363.259824095909,17667.639680916684,13274.5515446596
forecast_1043,2025-02-13 11:00:00,15419.64116496772,16853.366144881653,12239.130507905722
forecast_1044,2025-02-13 12:00:00,15261.463040615268,15623.63121778103,11409.311445511206
forecast_1045,2025-02-13 13:00:00,14778.167900897337,16829.29324913325,11383.786246771799
forecast_1046,2025-02-13 14:00:00,14941.771036573424,16726.741736129326,11707.163945286675
forecast_1047,2025-02-13 15:00:00,15135.040774022695,16981.93023541346,12200.059299990022
forecast_1048,2025-02-13 16:00:00,15070.397043175977,16340.088152512106,12957.359067730966
forecast_1049,2025-02-13 17:00:00,16220.066605114716,18112.58503640367,14707.87069949188
forecast_1050,2025-02-13 18:00:00,17346.782503483813,18217.97516491292,16761.4010308845
forecast_1051,2025-02-13 19:00:00,18098.260106843903,18886.264059836998,18286.666007522843
forecast_1052,2025-02-13 20:00:00,18658.521463494657,19377.550955065068,19342.015441231048
forecast_1053,2025-02-13 21:00:00,18858.449237433586,19596.54722856366,19326.816815603823
forecast_1054,2025-02-13 22:00:00,19404.737311446865,19754.360828425342,19339.489210248594
forecast_1055,2025-02-13 23:00:00,19685.53126620668,19733.699310289714,19308.983762387255
forecast_1056,2025-02-14 00:00:00,19693.82399159743,19525.94602755133,19295.284606915186
forecast_1057,2025-02-14 01:00:00,19495.074362968746,19900.62525328023,19326.967333547138
forecast_1058,2025-02-14 02:00:00,19461.154502441997,19871.107304667603,19328.819080719353
forecast_1059,2025-02-14 03:00:00,19073.11747247684,19677.75048034686,19380.22594742692
forecast_1060,2025-02-14 04:00:00,19130.857155206297,19713.025498514977,19305.53613539997
forecast_1061,2025-02-14 05:00:00,19322.230031545358,19837.212849741096,18971.84689186226
forecast_1062,2025-02-14 06:00:00,19909.040501997628,19885.70791609702,19195.566901251837
forecast_1063,2025-02-14 07:00:00,19895.047322856506,19921.789615866768,19198.331181297555
forecast_1064,2025-02-14 08:00:00,19881.972022199232,19890.210409996464,18145.857306435082
forecast_1065,2025-02-14 09:00:00,18340.429194768552,18709.968227495578,15763.744746701612
forecast_1066,2025-02-14 10:00:00,15181.039039584768,16081.72705965359,13361.436948653869
forecast_1067,2025-02-14 11:00:00,12010.346837003017,13075.88267579526,10488.773384810154
forecast_1068,2025-02-14 12:00:00,9941.347436969902,11035.541797590595,9009.595676612518
forecast_1069,2025-02-14 13:00:00,9476.914271749161,9971.245949317132,8515.140445767067
forecast_1070,2025-02-14 14:00:00,9175.045981765586,9278.975253169358,8163.989944566132
forecast_1071,2025-02-14 15:00:00,9048.964946614482,9107.384756892752,8231.530156069417
forecast_1072,2025-02-14 16:00:00,9219.665160263503,9377.675828619676,8569.723643034675
forecast_1073,2025-02-14 17:00:00,9590.043063933204,10287.849400379919,9249.355784358475
forecast_1074,2025-02-14 18:00:00,11225.599711808292,12040.62436527139,10350.158092193396
forecast_1075,2025-02-14 19:00:00,13730.138183426492,14133.976698072473,11649.643160648586
forecast_1076,2025-02-14 20:00:00,14459.300733014357,15965.797974460269,12647.553732542267
forecast_1077,2025-02-14 21:00:00,16200.242566111538,17534.88913092606,12920.751690813067
forecast_1078,2025-02-14 22:00:00,16705.258210171134,16889.089665938067,13045.885997972875
forecast_1079,2025-02-14 23:00:00,17329.28223086385,17322.151550279235,12992.796867493129
forecast_1080,2025-02-15 00:00:00,17850.74514204759,17259.95798144799,12962.666840592034
forecast_1081,2025-02-15 01:00:00,18325.305261105226,16991.141758366466,12428.066321504033
forecast_1082,2025-02-15 02:00:00,18168.08651040837,17180.914758594216,12568.79744306533
forecast_1083,2025-02-15 03:00:00,18212.78171606888,16975.705430188616,12230.096505394597
forecast_1084,2025-02-15 04:00:00,18614.672691944023,16835.562298411223,11757.367600100108
forecast_1085,2025-02-15 05:00:00,18809.90373232953,17179.41530219793,11646.268925568736
forecast_1086,2025-02-15 06:00:00,18561.067317093246,16829.677652030954,11658.840172293329
forecast_1087,2025-02-15 07:00:00,17349.345937806058,16581.775501296634,11606.354123826628
forecast_1088,2025-02-15 08:00:00,16223.837263218094,16026.377072452708,10831.542152870148
forecast_1089,2025-02-15 09:00:00,15859.275455314779,16128.855316957377,10738.666180134634
forecast_1090,2025-02-15 10:00:00,12703.130260427735,13421.264509210461,9288.66157240663
forecast_1091,2025-02-15 11:00:00,11997.29680731454,11866.757179272574,8945.404656267317
forecast_1092,2025-02-15 12:00:00,10655.232732556433,10930.327027620802,8970.511663656001
forecast_1093,2025-02-15 13:00:00,11025.151297714921,10868.682014707303,9970.123701957915
forecast_1094,2025-02-15 14:00:00,11208.922837854865,12003.400846773384,10828.356632728422
forecast_1095,2025-02-15 15:00:00,12006.383902551172,13045.498886132707,11471.873785662436
forecast_1096,2025-02-15 16:00:00,13025.554059073871,13634.527266859639,11992.558861433918
forecast_1097,2025-02-15 17:00:00,14136.033308986162,14696.836179817457,12782.194367532886
forecast_1098,2025-02-15 18:00:00,15496.232539327719,16049.216068073649,14393.502781308622
forecast_1099,2025-02-15 19:00:00,16973.62977605622,17754.863149176297,15663.489376291389
forecast_1100,2025-02-15 20:00:00,18796.946231802678,19799.86342596869,16513.026526778584
forecast_1101,2025-02-15 21:00:00,19994.820134380374,19947.808773525634,17056.02392201851
forecast_1102,2025-02-15 22:00:00,19894.690176496737,19891.64351589612,17082.56388258022
forecast_1103,2025-02-15 23:00:00,19801.6988304053,19882.525257495814,17733.780770375135
forecast_1104,2025-02-16 00:00:00,19707.229675765724,19880.484078211903,17572.843319737454
forecast_1105,2025-02-16 01:00:00,19924.498064992316,19960.541452532012,17247.113326886927
forecast_1106,2025-02-16 02:00:00,19891.624115827457,19929.141028280006,16598.007507326925
forecast_1107,2025-02-16 03:00:00,19273.387957388906,19575.526379682553,15538.05551424172
forecast_1108,2025-02-16 04:00:00,18571.9533271777,18631.123586698894,14825.211888433327
forecast_1109,2025-02-16 05:00:00,17842.189943236823,18192.769160214826,13716.50794588761
forecast_1110,2025-02-16 06:00:00,17906.958140670926,17814.232532277547,11409.373172457785
forecast_1111,2025-02-16 07:00:00,17774.22978100421,17845.90365333529,12099.333408737592
forecast_1112,2025-02-16 08:00:00,17032.546896401986,17416.728226431234,11838.17753058635
forecast_1113,2025-02-16 09:00:00,15676.002874363809,16113.487803564314,11206.21925759821
forecast_1114,2025-02-16 10:00:00,14028.654401566608,14469.155737306255,10164.396115930549
forecast_1115,2025-02-16 11:00:00,12060.595710579608,12210.770901968306,9189.810269584506
forecast_1116,2025-02-16 12:00:00,11141.911867957462,11262.696062351813,8583.973067510333
forecast_1117,2025-02-16 13:00:00,12023.88800749795,11666.33237539938,9200.326203193958
forecast_1118,2025-02-16 14:00:00,13960.851452686033,13486.170939600703,11326.025081701384
forecast_1119,2025-02-16 15:00:00,14601.065122261718,14673.29910418917,12753.938804530473
forecast_1120,2025-02-16 16:00:00,15882.96066783675,16013.771534106469,13958.306952586287
forecast_1121,2025-02-16 17:00:00,16563.54729543792,16747.32465390996,15427.179158649093
forecast_1122,2025-02-16 18:00:00,17220.597057242514,17386.59814092723,15660.300435703772
forecast_1123,2025-02-16 19:00:00,17357.871984800815,17782.56843149377,15535.211822309027
forecast_1124,2025-02-16 20:00:00,17512.242564631848,17897.981136467617,15711.820520888856
forecast_1125,2025-02-16 21:00:00,17688.7723111911,18234.288277237636,15443.556305864851
forecast_1126,2025-02-16 22:00:00,17570.28375849908,18022.99225309129,15295.895508258758
forecast_1127,2025-02-16 23:00:00,17438.059352551452,17681.10002613034,15078.205191462763
forecast_1128,2025-02-17 00:00:00,16844.588303403223,17451.57750604606,14751.952900110415
forecast_1129,2025-02-17 01:00:00,14209.667723309996,16231.270347312526,11844.267680176894
forecast_1130,2025-02-17 02:00:00,14189.83469735992,16083.162033620934,12068.289905949126
forecast_1131,2025-02-17 03:00:00,13903.498043279342,15753.910557954434,12106.621030335555
forecast_1132,2025-02-17 04:00:00,13685.56126403456,14653.31576132456,11178.683962089268
forecast_1133,2025-02-17 05:00:00,13125.205019968744,13573.178921866025,10621.54829257481
forecast_1134,2025-02-17 06:00:00,13204.85721317355,12525.218909988316,9832.898082032705
forecast_1135,2025-02-17 07:00:00,13046.51852390241,13805.289440558823,10126.555683597968
forecast_1136,2025-02-17 08:00:00,13634.800838600817,14514.128544599049,10376.018339953442
forecast_1137,2025-02-17 09:00:00,13947.431278514037,14341.995212703383,10673.22720380335
forecast_1138,2025-02-17 10:00:00,13935.571651838727,14388.134450113255,10548.014492549324
forecast_1139,2025-02-17 11:00:00,13606.386346939276,13393.775370445426,9788.27673269318
forecast_1140,2025-02-17 12:00:00,13324.59680966529,12290.620069591394,9798.844759175206
forecast_1141,2025-02-17 13:00:00,13099.168265489587,12716.268029720504,9550.741992248863
forecast_1142,2025-02-17 14:00:00,12930.605044951302,12430.392281865601,9499.983808106294
forecast_1143,2025-02-17 15:00:00,11829.024268904082,11561.054833512822,9021.484415535035
forecast_1144,2025-02-17 16:00:00,11051.462618732048,11126.438459919595,7964.793993326898
forecast_1145,2025-02-17 17:00:00,9946.744128202321,8941.118057567977,7761.3335144176335
forecast_1146,2025-02-17 18:00:00,9094.719663692604,8619.352418985536,7492.016008311827
forecast_1147,2025-02-17 19:00:00,8825.90863713504,8350.10738423015,6790.523356123469
forecast_1148,2025-02-17 20:00:00,8688.616437089722,8781.079531291674,6857.842878257438
forecast_1149,2025-02-17 21:00:00,8676.111177318831,9000.530689583216,6177.279398547658
forecast_1150,2025-02-17 22:00:00,8389.516792832394,9330.748530204124,5485.7169361976175
forecast_1151,2025-02-17 23:00:00,7915.562779497231,8848.161854652035,6266.069817547437
forecast_1152,2025-02-18 00:00:00,7719.208238777918,8657.000360175083,6053.71591242026
forecast_1153,2025-02-18 01:00:00,10542.010611774429,11718.929446980186,7924.101691039591
forecast_1154,2025-02-18 02:00:00,10935.42471452261,11481.90833439443,8440.046723698868
forecast_1155,2025-02-18 03:00:00,10697.100623422064,12274.40036506714,9412.706800577007
forecast_1156,2025-02-18 04:00:00,10937.002004430396,12866.025003898703,9333.743845567718
forecast_1157,2025-02-18 05:00:00,11891.378035640042,12968.435842941717,9889.022958698719
forecast_1158,2025-02-18 06:00:00,13468.099570727807,14316.03995652448,10492.986009937615
forecast_1159,2025-02-18 07:00:00,13618.020932293372,14780.633707766998,10731.292331919947
forecast_1160,2025-02-18 08:00:00,13312.319043542057,13763.421623911749,10725.438288476085
forecast_1161,2025-02-18 09:00:00,12614.089277595014,12801.65410791149,10203.617144387386
forecast_1162,2025-02-18 10:00:00,11970.512709867995,12264.327808860931,9515.676839895848
forecast_1163,2025-02-18 11:00:00,11794.886627694119,11958.279461463146,9367.397387526642
forecast_1164,2025-02-18 12:00:00,11896.206008998699,11270.160892789834,9041.741111530084
forecast_1165,2025-02-18 13:00:00,12128.043846996106,11482.075438456448,9083.43863795039
forecast_1166,2025-02-18 14:00:00,12458.401484283553,11752.462370436935,9124.337246435138
forecast_1167,2025-02-18 15:00:00,12756.466605098352,11790.664698708839,9212.777874513911
forecast_1168,2025-02-18 16:00:00,12844.070449488487,11934.981830316334,9157.372780978267
forecast_1169,2025-02-18 17:00:00,12616.015169094584,12643.37529999208,9159.36363671338
forecast_1170,2025-02-18 18:00:00,12894.816001893085,12510.88950693953,9405.212139621237
forecast_1171,2025-02-18 19:00:00,11937.509376799158,11864.72333909115,9419.573588237892
forecast_1172,2025-02-18 20:00:00,11904.21778609673,11195.269357355866,9531.815075197319
forecast_1173,2025-02-18 21:00:00,10140.725527083083,10930.045629726032,8663.963356390477
forecast_1174,2025-02-18 22:00:00,10394.105151196305,12347.873188842686,8383.823185412295
forecast_1175,2025-02-18 23:00:00,10125.551804166726,13366.981046193807,8180.654136593986
forecast_1176,2025-02-19 00:00:00,11079.833259809688,13884.82839375232,8507.94491875799
forecast_1177,2025-02-19 01:00:00,12305.227042062348,13548.730508916398,10005.486488444954
forecast_1178,2025-02-19 02:00:00,12868.87082931994,13658.840053522463,10308.959300683155
forecast_1179,2025-02-19 03:00:00,14362.52851668587,14803.770615100446,11112.561238741599
forecast_1180,2025-02-19 04:00:00,14722.900489348905,15703.593946372506,10354.61270481782
forecast_1181,2025-02-19 05:00:00,15324.194432470442,16017.010089610889,10537.066659954779
forecast_1182,2025-02-19 06:00:00,15609.645095387234,16521.060748558113,10904.857398964492
forecast_1183,2025-02-19 07:00:00,15644.54841664862,16230.61531469284,10907.00312983662
forecast_1184,2025-02-19 08:00:00,15156.58658824509,15711.227098571027,10840.551992883438
forecast_1185,2025-02-19 09:00:00,13090.764756730501,13385.172663519923,10057.005069332228
forecast_1186,2025-02-19 10:00:00,10490.445416451179,10751.464013540895,8309.639454782993
forecast_1187,2025-02-19 11:00:00,7841.326115906892,8014.704291150831,6404.070731473181
forecast_1188,2025-02-19 12:00:00,5897.337116974461,6161.755138638995,4924.590936647579
forecast_1189,2025-02-19 13:00:00,5312.175675857579,5332.385315680868,4557.743158842289
forecast_1190,2025-02-19 14:00:00,5180.231774597413,5291.862618324837,4348.455168175524
forecast_1191,2025-02-19 15:00:00,5477.737626513962,5459.37565558603,4436.3910348436
forecast_1192,2025-02-19 16:00:00,5632.581070777276,5438.829436526322,4554.584698925527
forecast_1193,2025-02-19 17:00:00,5545.41629201767,5419.951396844132,4804.349697638719
forecast_1194,2025-02-19 18:00:00,5573.321331087378,5485.777018727479,4790.234481132234
forecast_1195,2025-02-19 19:00:00,5797.731839186886,5967.861017254491,5132.258561670907
forecast_1196,2025-02-19 20:00:00,6916.684520701772,8245.724357341942,5472.662003770956
forecast_1197,2025-02-19 21:00:00,7999.860350780237,9109.346016406576,6189.847459267528
forecast_1198,2025-02-19 22:00:00,9043.075024124286,10145.211466152883,6511.520709787516
forecast_1199,2025-02-19 23:00:00,9674.532684161006,10749.093711023943,6898.049926086475
forecast_1200,2025-02-20 00:00:00,10348.804816099622,11075.09209714764,7243.2126441449245
forecast_1201,2025-02-20 01:00:00,8168.940318296504,8559.739281085369,6367.11316450219
forecast_1202,2025-02-20 02:00:00,8276.113688627256,8639.278953328196,6489.326277229085
forecast_1203,2025-02-20 03:00:00,8763.710477215785,8912.354367820493,6859.161624976783
forecast_1204,2025-02-20 04:00:00,9287.062190349125,9253.444050830332,7184.156754450891
forecast_1205,2025-02-20 05:00:00,9761.456639272801,9850.208189084591,7430.537944101039
forecast_1206,2025-02-20 06:00:00,10518.750612117354,11014.213790635367,8154.077517123988
forecast_1207,2025-02-20 07:00:00,11695.049692561442,12178.358077861189,8854.09606679698
forecast_1208,2025-02-20 08:00:00,12351.142899191753,12511.34447433225,9664.996289104854
forecast_1209,2025-02-20 09:00:00,11523.801819842745,11662.652371475087,9286.022409028265
forecast_1210,2025-02-20 10:00:00,10841.2230308101,11363.62919054149,8576.160053508178
forecast_1211,2025-02-20 11:00:00,10075.55723194552,10859.998983741865,7952.287212118468
forecast_1212,2025-02-20 12:00:00,9234.886415708408,9300.97782110925,7370.836289934901
forecast_1213,2025-02-20 13:00:00,8683.871422451999,9001.874951548769,7085.590421888413
forecast_1214,2025-02-20 14:00:00,8794.083271409201,9244.112725797784,6970.342226862735
forecast_1215,2025-02-20 15:00:00,8841.363287618808,8336.888045454778,7029.791506289914
forecast_1216,2025-02-20 16:00:00,9073.78619515625,8017.773526581589,6940.464001653225
forecast_1217,2025-02-20 17:00:00,9287.21649924977,9303.577679128839,6987.9466059945635
forecast_1218,2025-02-20 18:00:00,9066.92108057055,10200.031649607166,8031.771703154532
forecast_1219,2025-02-20 19:00:00,10380.291150525527,10367.693936167225,8890.127125662686
forecast_1220,2025-02-20 20:00:00,9762.351601619526,10911.048879430205,8650.82147902045
forecast_1221,2025-02-20 21:00:00,9218.974745173064,11161.500451717653,7753.007119069729
forecast_1222,2025-02-20 22:00:00,9023.666740552953,10152.330415707307,7436.015526170804
forecast_1223,2025-02-20 23:00:00,9874.661364199597,10730.121669893859,7568.83067060901
forecast_1224,2025-02-21 00:00:00,11422.987374497634,12134.897851826549,8579.054007844688
forecast_1225,2025-02-21 01:00:00,11612.183704702544,12109.914862459951,8653.519534372846
forecast_1226,2025-02-21 02:00:00,11645.016447977096,12175.923793164871,8583.37442129284
forecast_1227,2025-02-21 03:00:00,11596.034891042493,12395.323427246785,8810.774206454855
forecast_1228,2025-02-21 04:00:00,11076.687038214111,11855.07999118223,8176.844026370513
forecast_1229,2025-02-21 05:00:00,10637.310411646487,11436.215093504916,8428.864624903688
forecast_1230,2025-02-21 06:00:00,10999.115211660574,12036.03126714637,8994.021958263498
forecast_1231,2025-02-21 07:00:00,11405.898342744418,12067.39655750353,9584.171277465257
forecast_1232,2025-02-21 08:00:00,11506.074680897918,12447.589637998422,9465.426116392731
forecast_1233,2025-02-21 09:00:00,9815.659709720643,9952.311771024595,8263.342925806042
forecast_1234,2025-02-21 10:00:00,7338.265520345013,7609.6056959172065,6524.3408502738075
forecast_1235,2025-02-21 11:00:00,4925.293377028604,5149.35239400476,4813.574441925411
forecast_1236,2025-02-21 12:00:00,4165.5769555147735,4315.782090070514,4459.5460829851545
forecast_1237,2025-02-21 13:00:00,4609.439901957174,4502.078424983836,4224.525105671003
forecast_1238,2025-02-21 14:00:00,5526.473382216549,5340.61713028079,5205.110522429409
forecast_1239,2025-02-21 15:00:00,5867.183804316161,5649.417949333091,5387.619829188088
forecast_1240,2025-02-21 16:00:00,6168.224790464696,5780.939683548622,5531.708723801689
forecast_1241,2025-02-21 17:00:00,6817.737162248782,6581.714970812476,6230.62951001618
forecast_1242,2025-02-21 18:00:00,8235.46031793085,7766.978484959282,7219.373008118316
forecast_1243,2025-02-21 19:00:00,10069.411150012867,9208.895600346734,8258.052652413331
forecast_1244,2025-02-21 20:00:00,11274.568700107773,11529.033944447985,9191.65540043247
forecast_1245,2025-02-21 21:00:00,11187.229704173307,12397.57157336386,9377.3046978116
forecast_1246,2025-02-21 22:00:00,11503.16059758681,12233.652585050188,9883.99155073889
forecast_1247,2025-02-21 23:00:00,11045.519687824475,11789.990666531037,9929.68295324292
forecast_1248,2025-02-22 00:00:00,11365.061302071608,11773.902726371436,9944.72005026083
forecast_1249,2025-02-22 01:00:00,13931.337666719388,13822.864722328413,12811.985481055297
forecast_1250,2025-02-22 02:00:00,14114.711191245226,14395.815357404508,13240.802136210705
forecast_1251,2025-02-22 03:00:00,14349.390455170713,15083.034420220582,13555.803920594559
forecast_1252,2025-02-22 04:00:00,14551.99149171129,14590.150491110096,12988.528067519328
forecast_1253,2025-02-22 05:00:00,13811.807516335542,13960.630826633607,11982.047567793552
forecast_1254,2025-02-22 06:00:00,13057.0991518973,14393.528694538894,10910.420017201457
forecast_1255,2025-02-22 07:00:00,12787.719051374379,13531.38589777811,10604.73696765107
forecast_1256,2025-02-22 08:00:00,11613.57683471037,12599.86548048316,9425.965839259246
forecast_1257,2025-02-22 09:00:00,9534.663807361258,10128.04926656954,7083.588808205458
forecast_1258,2025-02-22 10:00:00,6315.513724325023,6804.326679484432,4983.702333321171
forecast_1259,2025-02-22 11:00:00,4167.442910602543,4590.605367037262,3793.5235053438455
forecast_1260,2025-02-22 12:00:00,4271.703021731255,4080.970215966202,3795.0492087967946
forecast_1261,2025-02-22 13:00:00,4857.74883103326,4716.440591331864,3820.176870705293
forecast_1262,2025-02-22 14:00:00,6000.935241303917,5644.816005989034,4731.57521502135
forecast_1263,2025-02-22 15:00:00,6368.436147307483,6069.978364840728,5218.002595880825
forecast_1264,2025-02-22 16:00:00,6832.117490703494,6555.738930703082,5719.343706769539
forecast_1265,2025-02-22 17:00:00,8211.27100539116,7911.927898740798,6528.34551684987
forecast_1266,2025-02-22 18:00:00,9480.837447289141,10514.662828008233,8166.650447055525
forecast_1267,2025-02-22 19:00:00,11005.853273508425,12040.891532309945,9960.127194679853
forecast_1268,2025-02-22 20:00:00,12942.444098503734,13969.228217470072,11635.486218928938
forecast_1269,2025-02-22 21:00:00,14862.404114791674,16241.232502304014,13017.319414744681
forecast_1270,2025-02-22 22:00:00,15651.461347423907,17314.754926398477,14320.724482232796
forecast_1271,2025-02-22 23:00:00,16457.472821022442,17831.850028222023,15348.84273842772
forecast_1272,2025-02-23 00:00:00,16659.858203937623,17811.662041005337,15791.204124263291
forecast_1273,2025-02-23 01:00:00,17485.03329018812,18522.82634476,15355.819167072901
forecast_1274,2025-02-23 02:00:00,17140.555082385632,18879.801455082325,16024.390220602303
forecast_1275,2025-02-23 03:00:00,17635.30724708383,19041.977312415107,16709.413466979524
forecast_1276,2025-02-23 04:00:00,17757.26155334219,18525.6423294428,17781.745938602726
forecast_1277,2025-02-23 05:00:00,17766.433667788446,18299.475724661464,17323.053512671613
forecast_1278,2025-02-23 06:00:00,17515.310113537118,18151.304893910317,16996.794399176004
forecast_1279,2025-02-23 07:00:00,17418.168140044825,18270.732627556445,17290.119035441785
forecast_1280,2025-02-23 08:00:00,17781.939128010086,18633.429107144137,17297.789279432895
forecast_1281,2025-02-23 09:00:00,17484.5427714492,18543.431437375133,16565.337574849997
forecast_1282,2025-02-23 10:00:00,16895.746651876896,17656.635691658725,15010.962093334125
forecast_1283,2025-02-23 11:00:00,16003.726287445385,16507.83107922595,13789.832665403123
forecast_1284,2025-02-23 12:00:00,14970.995954527427,15451.737748937261,12699.706201987265
forecast_1285,2025-02-23 13:00:00,14562.928434278492,15152.228348439803,12314.25145802069
forecast_1286,2025-02-23 14:00:00,14080.91419534456,14778.388804278751,12367.157500099447
forecast_1287,2025-02-23 15:00:00,14282.272170030723,14537.728878456313,12354.949004144162
forecast_1288,2025-02-23 16:00:00,13516.179970952775,14391.80311791052,12085.866936594122
forecast_1289,2025-02-23 17:00:00,12833.656346592968,13060.456749256591,11444.140338853469
forecast_1290,2025-02-23 18:00:00,11629.807518745665,12133.957161490747,10005.457640382136
forecast_1291,2025-02-23 19:00:00,11219.576615340437,11947.56324756904,9146.554069580065
forecast_1292,2025-02-23 20:00:00,10531.225944757014,11485.335346575117,9200.430055141165
forecast_1293,2025-02-23 21:00:00,11333.422443265012,12815.944809350247,9566.528485008499
forecast_1294,2025-02-23 22:00:00,13090.369452734687,14471.671415622784,10825.376714182776
forecast_1295,2025-02-23 23:00:00,14726.489942288401,15564.46453153205,12020.7264717499
forecast_1296,2025-02-24 00:00:00,15522.403337831067,15970.45955871491,12209.350578527095
forecast_1297,2025-02-24 01:00:00,17482.883551614883,17768.750266326926,13578.578986553743
forecast_1298,2025-02-24 02:00:00,16940.487144671308,17810.0102392801,14141.078134116675
forecast_1299,2025-02-24 03:00:00,17929.67483802652,18313.691916839245,14697.057536810442
forecast_1300,2025-02-24 04:00:00,17985.705857616176,18395.669808401188,14491.400823651078
forecast_1301,2025-02-24 05:00:00,17720.88730791158,18336.404445280397,13779.42658876284
forecast_1302,2025-02-24 06:00:00,17607.845076674184,17772.99023874941,13268.088764599943
forecast_1303,2025-02-24 07:00:00,17278.758706251567,17196.40082695252,13102.88641138299
forecast_1304,2025-02-24 08:00:00,16851.076249671765,16694.081531103155,12260.972245666599
forecast_1305,2025-02-24 09:00:00,15788.139917733653,14881.721111480025,11132.969395420801
forecast_1306,2025-02-24 10:00:00,13865.593950551161,13282.106242696136,9622.952731066467
forecast_1307,2025-02-24 11:00:00,10426.054419971762,10775.088933419418,7052.829982159684
forecast_1308,2025-02-24 12:00:00,9028.754521091092,9277.740837370373,6337.768021187507
forecast_1309,2025-02-24 13:00:00,8188.041056748596,7586.277198290543,5711.488681470123
forecast_1310,2025-02-24 14:00:00,8168.076932095622,7822.693223190055,6032.785879754456
forecast_1311,2025-02-24 15:00:00,9601.00546183868,9883.345912710565,6198.533975328252
forecast_1312,2025-02-24 16:00:00,10277.93495048186,10626.995713336979,8472.779902039028
forecast_1313,2025-02-24 17:00:00,11289.395966276867,11873.706880144358,10271.052993561403
forecast_1314,2025-02-24 18:00:00,13046.514631465938,14346.43793070657,12208.946465520623
forecast_1315,2025-02-24 19:00:00,15272.853048600075,16739.960076059124,15148.864968898437
forecast_1316,2025-02-24 20:00:00,18345.002650984123,19425.821068452766,17542.160234987674
forecast_1317,2025-02-24 21:00:00,19820.076833532003,19957.42800023837,18746.68587606803
forecast_1318,2025-02-24 22:00:00,20005.335100867662,20321.321401875237,19350.43672303281
forecast_1319,2025-02-24 23:00:00,20173.825246962286,20263.14449291927,19351.963318380782
forecast_1320,2025-02-25 00:00:00,20322.54851691472,20325.61903273599,19360.346988143472
forecast_1321,2025-02-25 01:00:00,20049.334659162716,20251.3241489367,19339.854364294923
forecast_1322,2025-02-25 02:00:00,20116.107752749896,20289.857648751124,19358.342569231714
forecast_1323,2025-02-25 03:00:00,20340.085193305058,20267.606187152294,19396.529816953578
forecast_1324,2025-02-25 04:00:00,20322.744201869573,20325.45780682834,19758.560155787716
forecast_1325,2025-02-25 05:00:00,20352.609971785256,20328.572617224003,19755.553660675487
forecast_1326,2025-02-25 06:00:00,20350.04303807841,20319.997041784947,19749.2851766484
forecast_1327,2025-02-25 07:00:00,20285.579638470204,20367.144670108606,19753.692232341265
forecast_1328,2025-02-25 08:00:00,20322.4521551483,20367.873882207663,19755.689787005398
forecast_1329,2025-02-25 09:00:00,20294.909612874428,20368.49641602085,19752.922024648604
forecast_1330,2025-02-25 10:00:00,20319.04652084818,20325.58734996139,19359.413081587667
forecast_1331,2025-02-25 11:00:00,19924.000887017177,19972.53660905538,17683.753770931315
forecast_1332,2025-02-25 12:00:00,17848.969578105458,18151.00405760512,15269.571383372111
forecast_1333,2025-02-25 13:00:00,15988.33926453705,17566.784572848694,14208.260288659652
forecast_1334,2025-02-25 14:00:00,15908.926598645781,16734.539757740324,13964.353153257938
forecast_1335,2025-02-25 15:00:00,16984.405858375903,16988.251888954717,15146.866294622623
forecast_1336,2025-02-25 16:00:00,17394.126341950727,17694.427959483335,16129.346159503799
forecast_1337,2025-02-25 17:00:00,18575.611965812826,18584.02430999251,16969.0890473703
forecast_1338,2025-02-25 18:00:00,19360.6217746798,18937.1245298478,17878.248146135487
forecast_1339,2025-02-25 19:00:00,19874.87596678198,19106.675075690182,19234.83730750326
forecast_1340,2025-02-25 20:00:00,19812.34080328661,19367.760529542,19328.434545078504
forecast_1341,2025-02-25 21:00:00,19853.99090917602,19559.290112328847,19341.20989333114
forecast_1342,2025-02-25 22:00:00,19658.54990849878,19330.1821313271,19327.01141935169
forecast_1343,2025-02-25 23:00:00,19378.499534358503,19463.727347856653,19346.694461101713
forecast_1344,2025-02-26 00:00:00,19283.63331717852,19314.649148380744,19001.93759428536
forecast_1345,2025-02-26 01:00:00,19902.94161211753,19693.58809873973,18015.980613602
forecast_1346,2025-02-26 02:00:00,19096.40767450312,19142.383030919773,17741.96348930127
forecast_1347,2025-02-26 03:00:00,18620.36764674163,18994.50060122414,17641.00068862385
forecast_1348,2025-02-26 04:00:00,18795.706852584255,19271.32474196803,17755.010686702844
forecast_1349,2025-02-26 05:00:00,18942.651621354787,19226.938735885622,17799.200542767998
forecast_1350,2025-02-26 06:00:00,18265.500094582596,19404.54284168768,17721.751188242088
forecast_1351,2025-02-26 07:00:00,17367.737475015958,18722.45188083124,17342.49179785322
forecast_1352,2025-02-26 08:00:00,16689.01774421233,18253.72657202319,16317.992605863743
forecast_1353,2025-02-26 09:00:00,16361.055187534224,17342.75970309212,15088.073373138115
forecast_1354,2025-02-26 10:00:00,15293.895729838287,16482.647304311147,13321.266995938864
forecast_1355,2025-02-26 11:00:00,14305.62249996385,15074.375227952189,11752.096212885897
forecast_1356,2025-02-26 12:00:00,13699.638872530906,14864.84300325847,10686.604395537326
forecast_1357,2025-02-26 13:00:00,13714.509062366977,14256.902040882811,10589.657493060486
forecast_1358,2025-02-26 14:00:00,14287.068731371688,14382.411115379497,11007.508151021482
forecast_1359,2025-02-26 15:00:00,14887.787829296672,15009.580283921961,10911.528727224892
forecast_1360,2025-02-26 16:00:00,14948.618885043534,15450.225553024478,11452.631638322007
forecast_1361,2025-02-26 17:00:00,14211.112342461278,15126.667837814226,11515.937607397183
forecast_1362,2025-02-26 18:00:00,14113.389303622596,15354.66062923564,12845.683906777067
forecast_1363,2025-02-26 19:00:00,15153.635157947423,16041.525699822481,14401.524234417393
forecast_1364,2025-02-26 20:00:00,16518.11072130404,17726.634263640946,16348.310960923414
forecast_1365,2025-02-26 21:00:00,17553.594804011245,18893.310434341874,17384.529369326272
forecast_1366,2025-02-26 22:00:00,18297.423304433876,19145.532040605114,17495.43799220379
forecast_1367,2025-02-26 23:00:00,18474.615011643276,19313.668063849662,17688.021008077903
forecast_1368,2025-02-27 00:00:00,18407.620085185343,19309.85841208986,17807.31217494134
forecast_1369,2025-02-27 01:00:00,19891.134225874415,20039.440728122834,19356.59207291801
forecast_1370,2025-02-27 02:00:00,19918.70618359222,20251.768604661866,19413.59677206509
forecast_1371,2025-02-27 03:00:00,19892.16291649608,20332.558370111583,19697.64039597287
forecast_1372,2025-02-27 04:00:00,19909.948654783806,20300.457048805336,19437.8439739105
forecast_1373,2025-02-27 05:00:00,19853.984185705554,20018.69236159937,19348.478735962544
forecast_1374,2025-02-27 06:00:00,19894.77388996022,19827.69027654732,19332.02218453896
forecast_1375,2025-02-27 07:00:00,18675.797082264777,19311.236857727705,18423.745163076692
forecast_1376,2025-02-27 08:00:00,18820.901982642703,18938.051789666395,17323.81020380428
forecast_1377,2025-02-27 09:00:00,17967.465726342736,17685.70594475397,16160.943038460919
forecast_1378,2025-02-27 10:00:00,17224.321030165433,16719.731674155046,15049.820818039716
forecast_1379,2025-02-27 11:00:00,14878.741702886555,15807.99730153396,13894.070421056123
forecast_1380,2025-02-27 12:00:00,14553.367383849843,15181.829799628567,13768.053266707886
forecast_1381,2025-02-27 13:00:00,13726.156182249753,14089.280047961938,12874.975972400041
forecast_1382,2025-02-27 14:00:00,12283.645281151697,12663.571784455064,10652.094169624954
forecast_1383,2025-02-27 15:00:00,11108.720767417208,10967.798460863401,7936.407458685738
forecast_1384,2025-02-27 16:00:00,8369.464962505508,9611.195746151876,6457.825309292015
forecast_1385,2025-02-27 17:00:00,8429.009687684747,9309.717837261618,6661.8558595133345
forecast_1386,2025-02-27 18:00:00,9599.936698523203,10264.45397944304,7616.859743186922
forecast_1387,2025-02-27 19:00:00,10614.82434503421,11656.18355030421,9273.522806729472
forecast_1388,2025-02-27 20:00:00,11075.254209702027,13522.939316864708,10791.501641111692
forecast_1389,2025-02-27 21:00:00,11770.209301696854,14440.77298252947,12067.496429668616
forecast_1390,2025-02-27 22:00:00,13104.839698751788,15242.651914976157,12099.936374057388
forecast_1391,2025-02-27 23:00:00,14057.361648519656,15954.369138744165,11985.39821455983
forecast_1392,2025-02-28 00:00:00,13925.410111642266,16092.439362055458,12440.125079242105
forecast_1393,2025-02-28 01:00:00,16628.152341273497,16649.593525621764,13304.455202446223
forecast_1394,2025-02-28 02:00:00,15717.785067714665,16026.67088925075,13595.858325943449
forecast_1395,2025-02-28 03:00:00,17676.492309289544,17847.61038610596,15139.135599636418
forecast_1396,2025-02-28 04:00:00,18269.2920690956,18524.32552245502,16174.961050979846
forecast_1397,2025-02-28 05:00:00,18741.273065056143,19262.731943103754,16618.179846239535
forecast_1398,2025-02-28 06:00:00,18710.926840091433,19309.51495274933,17275.26422738398
forecast_1399,2025-02-28 07:00:00,19691.146835170202,19604.96926071076,17608.25235901177
forecast_1400,2025-02-28 08:00:00,19905.819803197453,19891.40267489573,18220.25329644834
forecast_1401,2025-02-28 09:00:00,18993.583824079702,19914.376715983435,17727.69088003142
forecast_1402,2025-02-28 10:00:00,17613.088655665404,18658.42108228609,17425.930012961948
forecast_1403,2025-02-28 11:00:00,15694.884828999995,16893.05099491317,16160.378641475685
forecast_1404,2025-02-28 12:00:00,14407.438881627777,15572.71378139521,14663.78576964995
forecast_1405,2025-02-28 13:00:00,13024.428697618043,14404.29149489871,13468.82147234758
forecast_1406,2025-02-28 14:00:00,13647.014529566148,15163.387470945723,13056.388010495912
forecast_1407,2025-02-28 15:00:00,12825.702756651164,13646.334620446374,12280.280589942036
forecast_1408,2025-02-28 16:00:00,13843.151455323627,14942.015199054247,12963.869106665594
forecast_1409,2025-02-28 17:00:00,14148.863354623394,16094.931656164135,13797.16240668657
forecast_1410,2025-02-28 18:00:00,15270.028589651334,18062.819666602703,14704.465191262387
forecast_1411,2025-02-28 19:00:00,17672.173246142855,18115.535427692048,14003.331417311252
forecast_1412,2025-02-28 20:00:00,17659.976245508755,17815.905821582302,13015.44257314158
forecast_1413,2025-02-28 21:00:00,17039.080728059453,16271.254545746935,10761.07000887473
forecast_1414,2025-02-28 22:00:00,12859.92159875716,13886.756380782066,8312.67375987577
forecast_1415,2025-02-28 23:00:00,9790.859858630101,10783.920681039821,6798.853479844771
forecast_1416,2025-03-01 00:00:00,9599.51290549403,10648.553638615444,8504.726680522204
forecast_1417,2025-03-01 01:00:00,10511.102539882722,10138.151797650176,6138.594824076957
forecast_1418,2025-03-01 02:00:00,8450.619434993434,8535.349383266559,5430.306006778757
forecast_1419,2025-03-01 03:00:00,5923.02840786114,5629.485824762063,4144.917218882616
forecast_1420,2025-03-01 04:00:00,4564.178284783242,4319.769325446349,3844.391364285838
forecast_1421,2025-03-01 05:00:00,3784.8473970723862,3779.009186479886,3377.9000424545034
forecast_1422,2025-03-01 06:00:00,3815.902550451668,3715.589635163577,3472.8612971484836
forecast_1423,2025-03-01 07:00:00,3867.247276592864,3790.1814470667055,3457.309138320726
forecast_1424,2025-03-01 08:00:00,3967.4150248836822,3965.2601295981294,3422.294353600958
forecast_1425,2025-03-01 09:00:00,3699.24244557283,3892.281805478671,3236.4967282675616
forecast_1426,2025-03-01 10:00:00,3675.139452325498,3743.925651219864,3182.900269598408
forecast_1427,2025-03-01 11:00:00,3656.7003461474674,3690.930947641608,3080.9821284800855
forecast_1428,2025-03-01 12:00:00,4031.9326093845953,3908.6555506546742,3308.994746180965
forecast_1429,2025-03-01 13:00:00,3804.6037763234303,3894.724981401851,3969.4009352575868
forecast_1430,2025-03-01 14:00:00,5300.531205993179,5259.854021764878,4601.642889426474
forecast_1431,2025-03-01 15:00:00,5415.674243095561,5460.337712388704,3999.5233030614527
forecast_1432,2025-03-01 16:00:00,4653.570855460162,4306.714356804945,3733.9317427130363
forecast_1433,2025-03-01 17:00:00,5243.805627186153,4880.446030153124,3965.90858396473
forecast_1434,2025-03-01 18:00:00,3902.980562860373,3604.0867185037723,3727.6887363489127
forecast_1435,2025-03-01 19:00:00,5430.895125676839,5164.970660669834,3858.759781560228
forecast_1436,2025-03-01 20:00:00,3919.747397109661,3973.6132481138443,3499.0342110556544
forecast_1437,2025-03-01 21:00:00,3368.3150937136807,3383.9302812662495,3691.0018035710514
forecast_1438,2025-03-01 22:00:00,3446.5730282384247,3374.9245570327594,3448.907303710807
forecast_1439,2025-03-01 23:00:00,3417.2525461624527,3654.7862040041086,3189.347608616246
forecast_1440,2025-03-02 00:00:00,3464.296676738105,3731.9943925240937,3360.4136703823083
forecast_1441,2025-03-02 01:00:00,4467.190984282935,3863.994196136396,4211.531690950932
forecast_1442,2025-03-02 02:00:00,4101.79469463654,3841.0987808884,3710.981833475761
forecast_1443,2025-03-02 03:00:00,4209.138091430448,4095.197503197665,3654.484945685553
forecast_1444,2025-03-02 04:00:00,3917.2547207339035,3814.4236246375917,3609.484086891929
forecast_1445,2025-03-02 05:00:00,4060.668081412361,3945.933341963033,3246.019372222074
forecast_1446,2025-03-02 06:00:00,3519.6271020138956,3225.538132947868,2942.399886685619
forecast_1447,2025-03-02 07:00:00,3528.148849886544,3497.686704101505,3470.964644598051
forecast_1448,2025-03-02 08:00:00,3426.0937085466644,3465.802817757852,3299.222148693989
forecast_1449,2025-03-02 09:00:00,3371.4500024285126,3441.2015849154777,2546.5519781258567
forecast_1450,2025-03-02 10:00:00,3872.986623525641,3646.746189204211,3412.8389907994624
forecast_1451,2025-03-02 11:00:00,3869.8949388504316,3908.077441693108,3603.78232443377
forecast_1452,2025-03-02 12:00:00,4253.550722967087,5073.821322482208,3589.758437897515
forecast_1453,2025-03-02 13:00:00,4838.830920451445,4736.24603986648,4036.4406274909848
forecast_1454,2025-03-02 14:00:00,4034.32429432797,4545.127423639464,3825.425704793181
forecast_1455,2025-03-02 15:00:00,4192.7348104455805,4924.3605737848575,4098.465896346332
forecast_1456,2025-03-02 16:00:00,5233.591167027105,6109.676189793396,4824.025114299844
forecast_1457,2025-03-02 17:00:00,7396.874323451312,8925.364495072541,5349.179220133801
forecast_1458,2025-03-02 18:00:00,11351.103935425783,15142.906179279747,7032.187018982414
forecast_1459,2025-03-02 19:00:00,14776.94026535991,15386.963328387088,7952.388607308161
forecast_1460,2025-03-02 20:00:00,13484.643016091659,15828.072787024304,8728.221881242589
forecast_1461,2025-03-02 21:00:00,11609.696742753735,14747.722582468328,10191.247639622852
forecast_1462,2025-03-02 22:00:00,14452.959510404817,15731.493060409712,11133.352241634502
forecast_1463,2025-03-02 23:00:00,13669.759219914296,16267.000237744844,11430.181811243545
forecast_1464,2025-03-03 00:00:00,12415.879172820418,15879.938665400625,10476.589690088644
forecast_1465,2025-03-03 01:00:00,16313.121525738645,18287.290878521595,12641.393603272196
forecast_1466,2025-03-03 02:00:00,16599.73375789778,17380.83169303735,12468.327032439915
forecast_1467,2025-03-03 03:00:00,16117.201140796797,17061.684379415092,11677.038291853374
forecast_1468,2025-03-03 04:00:00,16379.432404819048,16720.960738096685,12211.930902553835
forecast_1469,2025-03-03 05:00:00,15055.83113011974,17061.542347087758,11750.957109347659
forecast_1470,2025-03-03 06:00:00,13883.710233017644,17383.335619089426,12336.960615893382
forecast_1471,2025-03-03 07:00:00,14480.759905785326,17438.385814180656,12639.47769744661
forecast_1472,2025-03-03 08:00:00,14322.811544474158,17914.80070826734,12768.782977071865
forecast_1473,2025-03-03 09:00:00,14029.405027850193,17735.466444809113,12691.633178342383
forecast_1474,2025-03-03 10:00:00,13887.04601979294,17736.021485899768,12465.83049818673
forecast_1475,2025-03-03 11:00:00,13850.507743996433,17376.674836248334,12522.833649039803
forecast_1476,2025-03-03 12:00:00,13479.002142309757,17098.288659868434,12353.657980470269
forecast_1477,2025-03-03 13:00:00,13208.009364759962,16914.04561306711,12710.414714098624
forecast_1478,2025-03-03 14:00:00,13480.465974207355,16958.777023364935,12732.938070059321
forecast_1479,2025-03-03 15:00:00,14059.325875544175,17082.07080183575,13030.762887589113
forecast_1480,2025-03-03 16:00:00,14712.72455918846,17185.885708475216,12609.587771128407
forecast_1481,2025-03-03 17:00:00,14891.501271782883,17245.54881524138,13039.196326997915
forecast_1482,2025-03-03 18:00:00,16872.940522210192,17668.17464379466,13033.374811789146
forecast_1483,2025-03-03 19:00:00,15609.214417176428,17733.569514854382,13127.354696183194
forecast_1484,2025-03-03 20:00:00,14656.945111737652,17285.277443399744,13495.930394406056
forecast_1485,2025-03-03 21:00:00,15879.562883104421,17713.47972799499,12838.45383185339
forecast_1486,2025-03-03 22:00:00,16842.57084097992,17544.1255515751,13521.382515594101
forecast_1487,2025-03-03 23:00:00,17201.21492285469,18034.57755893948,13806.401193011949
forecast_1488,2025-03-04 00:00:00,17107.606247144755,17905.7340290959,13957.639526435174
forecast_1489,2025-03-04 01:00:00,15803.089632095494,17794.288560918118,13701.575703187757
forecast_1490,2025-03-04 02:00:00,15933.567463719935,17747.09064811192,13494.49376286584
forecast_1491,2025-03-04 03:00:00,14751.974856146673,17543.79330129192,13447.317686960472
forecast_1492,2025-03-04 04:00:00,14673.934491632886,17842.139526879026,13167.69474995669
forecast_1493,2025-03-04 05:00:00,14596.08193800168,17507.812301716105,12967.482737820728
forecast_1494,2025-03-04 06:00:00,13671.492362926547,17646.637277098365,12491.813561586216
forecast_1495,2025-03-04 07:00:00,13868.184229297703,17733.97984014638,12333.245697230113
forecast_1496,2025-03-04 08:00:00,13853.031359391669,17688.531804113412,12205.721124085061
forecast_1497,2025-03-04 09:00:00,14140.041490598227,17663.759074092315,12210.951608719513
forecast_1498,2025-03-04 10:00:00,14201.939448760233,17855.25914616622,11937.272657589841
forecast_1499,2025-03-04 11:00:00,14335.557707119007,18009.364310093468,12109.871233708716
forecast_1500,2025-03-04 12:00:00,14324.135108491435,17889.910013599165,12186.593499934725
forecast_1501,2025-03-04 13:00:00,14371.338931395318,17381.812414172087,12333.68484259524
forecast_1502,2025-03-04 14:00:00,14274.63615198754,17161.212002688862,12382.747382808286
forecast_1503,2025-03-04 15:00:00,14154.492114463617,16977.584616949563,12302.423702300404
forecast_1504,2025-03-04 16:00:00,13864.541696075687,17064.938681245152,12607.563993646843
forecast_1505,2025-03-04 17:00:00,13969.405071416793,17176.324504124663,13334.797153739435
forecast_1506,2025-03-04 18:00:00,13571.291066459878,17076.433443745584,13518.70700338927
forecast_1507,2025-03-04 19:00:00,14512.033157230468,16905.668222940003,13553.165694323385
forecast_1508,2025-03-04 20:00:00,13670.217070958424,16725.47729955793,13549.947000420341
forecast_1509,2025-03-04 21:00:00,13656.177340709177,16922.353670854485,13557.581538880066
forecast_1510,2025-03-04 22:00:00,13447.47239331133,16537.25376754802,13529.742185662057
forecast_1511,2025-03-04 23:00:00,13414.631281556909,15925.823011946593,12819.695461552767
forecast_1512,2025-03-05 00:00:00,12681.157070829591,15695.498892815553,12539.13000620589
forecast_1513,2025-03-05 01:00:00,9004.801124840806,7508.271800554844,5299.100239059839
forecast_1514,2025-03-05 02:00:00,6876.3070573456,6275.42556759235,4878.407225059281
forecast_1515,2025-03-05 03:00:00,5247.41190471878,5917.873314021293,4490.781716997041
forecast_1516,2025-03-05 04:00:00,6153.841626336532,6290.528000257502,3962.6070447661937
forecast_1517,2025-03-05 05:00:00,5755.28534255851,6690.391097574115,3936.6312205503327
forecast_1518,2025-03-05 06:00:00,5346.23598611564,6861.178589488353,3930.3305380907436
forecast_1519,2025-03-05 07:00:00,5254.593059059199,6446.406331365605,3926.151103923571
forecast_1520,2025-03-05 08:00:00,4376.828257879818,5708.216534282063,3661.384551963024
forecast_1521,2025-03-05 09:00:00,4085.1411798705813,4354.463747356949,3583.7600978309206
forecast_1522,2025-03-05 10:00:00,3976.0053202440477,4733.447495681085,3619.056400983735
forecast_1523,2025-03-05 11:00:00,3837.3496921735596,4334.807696951642,3439.4411624511827
forecast_1524,2025-03-05 12:00:00,4032.211190732771,4100.310828883198,3853.7503204329837
forecast_1525,2025-03-05 13:00:00,3829.8929894183443,4299.377349970172,4065.049173998459
forecast_1526,2025-03-05 14:00:00,3823.00370087994,4236.396652915734,3255.9319672572215
forecast_1527,2025-03-05 15:00:00,3952.02061103654,4287.870162595079,3690.3759577404912
forecast_1528,2025-03-05 16:00:00,3631.2781294897563,4141.00675365471,3988.1308514754396
forecast_1529,2025-03-05 17:00:00,3826.1019815929667,4008.577345076166,3028.4055017701044
forecast_1530,2025-03-05 18:00:00,3302.05625565377,3757.8566526710256,2856.642180197242
forecast_1531,2025-03-05 19:00:00,3103.6036245524515,3481.465371981277,3305.7363551693443
forecast_1532,2025-03-05 20:00:00,3439.526588889211,3732.16173027392,3193.4850727053813
forecast_1533,2025-03-05 21:00:00,3458.594445059687,3579.717447486835,3357.774565867983
forecast_1534,2025-03-05 22:00:00,3449.4750401826727,3609.7639502065012,3291.9532501405365
forecast_1535,2025-03-05 23:00:00,3302.624935795992,3405.095017952714,3110.631791564318
forecast_1536,2025-03-06 00:00:00,3105.6227687957726,3418.4061026475197,3238.7390031633868
forecast_1537,2025-03-06 01:00:00,3492.5666477187715,3786.290742881772,3471.2761307397836
forecast_1538,2025-03-06 02:00:00,3300.0777965168522,3447.8332932784397,3214.7940453629767
forecast_1539,2025-03-06 03:00:00,3451.903883924159,3263.6531304613577,3142.770346845798
forecast_1540,2025-03-06 04:00:00,3543.361480236687,3675.6774136080203,3148.716335505532
forecast_1541,2025-03-06 05:00:00,3782.9698507907306,3761.88120045459,2950.2289813304865
forecast_1542,2025-03-06 06:00:00,3637.530626560161,3827.309334559891,2845.825866082231
forecast_1543,2025-03-06 07:00:00,3739.03208060381,3704.841129662103,2965.59787453943
forecast_1544,2025-03-06 08:00:00,3427.5214394507157,3590.6146720720167,1151.351320854213
forecast_1545,2025-03-06 09:00:00,3468.733559684304,3659.5600039382593,1137.41294291372
forecast_1546,2025-03-06 10:00:00,3377.4763443049956,3888.3027711482214,1119.6310315819696
forecast_1547,2025-03-06 11:00:00,2740.3017874946913,3725.1868401780353,1301.3538911587277
forecast_1548,2025-03-06 12:00:00,3017.7260075239988,4557.064606335616,1707.1512643929232
forecast_1549,2025-03-06 13:00:00,4228.335995317844,4610.674290616385,2479.9437892528836
forecast_1550,2025-03-06 14:00:00,4096.030137018718,4036.1574033996485,3191.343937670635
forecast_1551,2025-03-06 15:00:00,3211.4768660730547,3563.7729474586417,1992.9240228874196
forecast_1552,2025-03-06 16:00:00,3454.918102582237,3792.622451104377,2915.7053316454285
forecast_1553,2025-03-06 17:00:00,3687.504357548925,4584.41795783008,2919.5129929776435
forecast_1554,2025-03-06 18:00:00,3989.117534397455,3540.7404030396947,2932.9153516181973
forecast_1555,2025-03-06 19:00:00,4004.19008891655,4274.704351712853,3124.2944250974174
forecast_1556,2025-03-06 20:00:00,5163.308480784708,4572.830755709482,3987.491602186021
forecast_1557,2025-03-06 21:00:00,3229.1199923576423,3071.4289482380123,5261.313816302898
forecast_1558,2025-03-06 22:00:00,2964.982092750634,3157.948880984362,2780.3930120774394
forecast_1559,2025-03-06 23:00:00,3685.3189963840023,3708.1850512909173,3492.2211755436456
forecast_1560,2025-03-07 00:00:00,3463.430101009347,3624.1790229950525,3237.2598962089705
forecast_1561,2025-03-07 01:00:00,4044.1787054470265,4128.6858779899085,4611.747431546024
forecast_1562,2025-03-07 02:00:00,3489.3978136238943,3543.69857959208,5365.382673814673
forecast_1563,2025-03-07 03:00:00,2596.049478004484,3134.3697600163596,3568.486072011104
forecast_1564,2025-03-07 04:00:00,2785.1057852504714,3123.901019691945,3696.36395783846
forecast_1565,2025-03-07 05:00:00,3218.4031870389435,3428.7418877109035,2357.859831939045
forecast_1566,2025-03-07 06:00:00,3235.6184119433033,3349.147042097671,1724.9240776120819
forecast_1567,2025-03-07 07:00:00,2695.910861477608,3356.753632656939,5.486745576569935
forecast_1568,2025-03-07 08:00:00,3605.2580041864853,3499.089504226685,656.2799766944291
forecast_1569,2025-03-07 09:00:00,3759.006156425833,4144.364433956525,653.5319020830667
forecast_1570,2025-03-07 10:00:00,3698.998538877681,3279.2997925385516,1659.741984033832
forecast_1571,2025-03-07 11:00:00,3935.6882494258025,3649.120284757643,1718.1970371812085
forecast_1572,2025-03-07 12:00:00,3873.542718545864,3899.2792210514535,2462.7168582983263
forecast_1573,2025-03-07 13:00:00,0.0,0.0,5.062522033561808
forecast_1574,2025-03-07 14:00:00,2297.969239373604,1712.1464419090255,1439.6663230695015
forecast_1575,2025-03-07 15:00:00,5314.255651931392,4912.765758441461,4292.507262967935
forecast_1576,2025-03-07 16:00:00,4646.736889053513,4591.266603063689,6418.5305401491405
forecast_1577,2025-03-07 17:00:00,4465.2945376046455,3828.9643951844423,4631.00706259994
forecast_1578,2025-03-07 18:00:00,5029.05471287295,6396.684680813099,4858.849189915109
forecast_1579,2025-03-07 19:00:00,5296.526846225212,5619.685467497032,5573.736193413292
forecast_1580,2025-03-07 20:00:00,3909.053360625854,4538.193324930348,5495.091493815399
forecast_1581,2025-03-07 21:00:00,3663.0871948428044,3590.742809276352,4056.037564975176
forecast_1582,2025-03-07 22:00:00,3784.4006287260145,3804.895407373369,3471.09374908169
forecast_1583,2025-03-07 23:00:00,3845.7293991048955,3727.625714180727,3401.117340479095
forecast_1584,2025-03-08 00:00:00,3930.9968336709235,3901.6373693954406,3381.433638352697
forecast_1585,2025-03-08 01:00:00,4102.6566261507405,4311.957709856794,3637.536129241402
forecast_1586,2025-03-08 02:00:00,4284.093027090585,4679.699226827925,3576.0943882165516
forecast_1587,2025-03-08 03:00:00,3993.925853296278,4738.525175024179,3810.6354160316987
forecast_1588,2025-03-08 04:00:00,4059.3602481574376,4872.647083383906,3800.0713871631115
forecast_1589,2025-03-08 05:00:00,4226.852867714427,5376.270774244715,3856.470228820306
forecast_1590,2025-03-08 06:00:00,4617.699862178245,4956.828636090722,4008.4934747351235
forecast_1591,2025-03-08 07:00:00,6039.9812755366775,5489.4829563889525,3895.9564202277206
forecast_1592,2025-03-08 08:00:00,5919.48795989888,5713.499967441455,3938.8185554263905
forecast_1593,2025-03-08 09:00:00,5919.084965399527,5672.977161506347,4073.5829253073557
forecast_1594,2025-03-08 10:00:00,5451.777610441486,5959.758943490315,4633.611400774025
forecast_1595,2025-03-08 11:00:00,5766.434891569623,6123.88015064567,5024.895140115987
forecast_1596,2025-03-08 12:00:00,5555.377847702185,5731.56282287146,4718.656915949722
forecast_1597,2025-03-08 13:00:00,6410.285860665675,6471.759294647495,5339.706048999519
forecast_1598,2025-03-08 14:00:00,6430.493917699516,6044.157077788078,5840.230771893591
forecast_1599,2025-03-08 15:00:00,7231.721468657043,6964.530657275245,6300.820777226823
forecast_1600,2025-03-08 16:00:00,7200.59593125378,7198.84696708353,6331.636904255681
forecast_1601,2025-03-08 17:00:00,7742.666156244713,7937.5420180314795,6644.765862526803
forecast_1602,2025-03-08 18:00:00,9246.08300050156,9819.35319868669,7170.435974616188
forecast_1603,2025-03-08 19:00:00,9744.945983101927,10872.822295643633,7919.536182203447
forecast_1604,2025-03-08 20:00:00,10277.088075176684,12051.865989216438,8405.708898522445
forecast_1605,2025-03-08 21:00:00,10983.835166705077,12603.889913634714,8469.769636902052
forecast_1606,2025-03-08 22:00:00,12135.833379683958,14138.596422494673,10479.959684194266
forecast_1607,2025-03-08 23:00:00,11380.177528507773,13616.874492455021,8497.518859144586
forecast_1608,2025-03-09 00:00:00,11128.69751249723,12787.101822470511,9042.928722319177
forecast_1609,2025-03-09 01:00:00,8798.728868308195,8642.039864011787,6195.353609588579
forecast_1610,2025-03-09 02:00:00,8342.074375182217,8098.247571895754,5835.683403049536
forecast_1611,2025-03-09 03:00:00,7314.933661010634,6881.343717290229,4917.289434041799
forecast_1612,2025-03-09 04:00:00,5373.803005364942,5040.798436711624,4171.73885516482
forecast_1613,2025-03-09 05:00:00,4431.579346603598,4206.545016275998,3880.992096744815
forecast_1614,2025-03-09 06:00:00,4172.727814036808,3915.206542144437,3873.602478073501
forecast_1615,2025-03-09 07:00:00,3858.150794117411,3764.825171136553,3957.487717752471
forecast_1616,2025-03-09 08:00:00,3794.009599627196,3874.19834516002,3289.979178469764
forecast_1617,2025-03-09 09:00:00,3830.7526681211343,3576.914089452867,3076.102419688223
forecast_1618,2025-03-09 10:00:00,3035.0257427818074,3300.4956354833716,118.6158030926586
forecast_1619,2025-03-09 11:00:00,3037.2859540790446,3425.621262774048,1147.72217075686
forecast_1620,2025-03-09 12:00:00,2112.5049690213646,2084.057521342284,3.1751082228884075
forecast_1621,2025-03-09 13:00:00,2600.609002845869,3439.982782496497,15.776170833901542
forecast_1622,2025-03-09 14:00:00,2378.0961442125017,3301.592039185721,46.43578052507955
forecast_1623,2025-03-09 15:00:00,3119.6594040347336,3479.6220219653487,48.297881823705396
forecast_1624,2025-03-09 16:00:00,2797.085821248853,2551.577828197385,1839.342670313414
forecast_1625,2025-03-09 17:00:00,2993.219272692212,2848.877026685646,1789.2003829336131
forecast_1626,2025-03-09 18:00:00,5081.555715004181,4411.165960495147,3874.1836622110122
forecast_1627,2025-03-09 19:00:00,6303.805953552621,6758.31887325006,5465.2629388891155
forecast_1628,2025-03-09 20:00:00,4695.889007827218,6146.439531352055,4193.046565348452
forecast_1629,2025-03-09 21:00:00,4287.303468367525,6253.987670714724,5915.927082341496
forecast_1630,2025-03-09 22:00:00,4523.037957646436,5756.586554134273,5912.218383199578
forecast_1631,2025-03-09 23:00:00,3429.732766415754,3450.3395894510627,3395.091631136625
forecast_1632,2025-03-10 00:00:00,3486.265596114519,3536.764090009445,3328.12205137639
forecast_1633,2025-03-10 01:00:00,5439.227919280543,5330.04205974761,3754.4577321283764
forecast_1634,2025-03-10 02:00:00,6394.41763335286,6484.299982155226,3791.9307387604485
forecast_1635,2025-03-10 03:00:00,7483.554032650255,7586.840729804078,4506.077554910258
forecast_1636,2025-03-10 04:00:00,7707.6651171806,7792.252149409989,4738.36194750832
forecast_1637,2025-03-10 05:00:00,7083.954310279384,7913.739500509537,4519.585582980624
forecast_1638,2025-03-10 06:00:00,7302.648751948354,7447.261775091948,4502.456335073223
forecast_1639,2025-03-10 07:00:00,7270.075229129855,7476.906020582851,4592.675067943283
forecast_1640,2025-03-10 08:00:00,6621.413154944702,6744.489734733479,4217.982402548504
forecast_1641,2025-03-10 09:00:00,4886.6239694688875,4978.448075488509,3706.771615101985
forecast_1642,2025-03-10 10:00:00,3939.6976292231025,3977.110917704922,3499.7165316271576
forecast_1643,2025-03-10 11:00:00,3608.1241187052738,3525.18945217895,3517.64319390351
forecast_1644,2025-03-10 12:00:00,3640.312505381193,3491.298788252653,3495.1809412843154
forecast_1645,2025-03-10 13:00:00,3937.3137245585604,4102.296722771292,3631.5716203059646
forecast_1646,2025-03-10 14:00:00,4046.4959471771085,4210.504250958266,3900.8801495236185
forecast_1647,2025-03-10 15:00:00,4901.182279168636,4691.234245453099,4490.2788887819925
forecast_1648,2025-03-10 16:00:00,5045.18954198548,4957.566778183332,4263.9552143331575
forecast_1649,2025-03-10 17:00:00,5134.770925723479,5154.805710842844,4256.977629377937
forecast_1650,2025-03-10 18:00:00,5685.920800141776,5935.422409924816,4598.370851103964
forecast_1651,2025-03-10 19:00:00,6548.63621880885,6817.9646611253975,5106.860097508223
forecast_1652,2025-03-10 20:00:00,7789.844891214533,8201.979886254694,6459.301941405333
forecast_1653,2025-03-10 21:00:00,9130.76544354957,9808.024846283794,7953.489977500844
forecast_1654,2025-03-10 22:00:00,11285.480984950374,11991.981089391604,10380.995609613783
forecast_1655,2025-03-10 23:00:00,12922.947019257545,14417.626526676544,13107.64640630543
forecast_1656,2025-03-11 00:00:00,17050.81326226603,17286.319565143018,14985.581560774957
forecast_1657,2025-03-11 01:00:00,18341.919063870442,18308.497415999293,16326.16038843388
forecast_1658,2025-03-11 02:00:00,18311.215869098916,18372.225843377735,16270.986524413735
forecast_1659,2025-03-11 03:00:00,18481.188491897894,18475.224428324094,16824.368547150807
forecast_1660,2025-03-11 04:00:00,18455.217728155065,18612.360173426776,16923.266594131863
forecast_1661,2025-03-11 05:00:00,18053.356795864303,18605.15642882967,15411.294884759047
forecast_1662,2025-03-11 06:00:00,16873.107558620184,16883.11570582346,13627.676343477795
forecast_1663,2025-03-11 07:00:00,15017.32851022915,14034.327918697649,10505.735033303243
forecast_1664,2025-03-11 08:00:00,8942.282857761527,9176.559908941492,6288.467988563267
forecast_1665,2025-03-11 09:00:00,5590.550268412253,4761.358237332827,3988.2636024137896
forecast_1666,2025-03-11 10:00:00,4119.509414853432,4022.5072238117086,3298.1689483918094
forecast_1667,2025-03-11 11:00:00,3854.545937570384,3833.14999876668,3256.601799666937
forecast_1668,2025-03-11 12:00:00,3963.9449402376154,3580.0960982175534,3134.782842731745
forecast_1669,2025-03-11 13:00:00,3392.7301678054982,3407.6522438602065,2695.8927261483946
forecast_1670,2025-03-11 14:00:00,3289.841054562466,3356.631917415059,2833.8498397295175
forecast_1671,2025-03-11 15:00:00,3750.616896063443,3260.8700202470413,3051.07168854135
forecast_1672,2025-03-11 16:00:00,3693.9451334423534,3767.8850403925335,3361.4550857028944
forecast_1673,2025-03-11 17:00:00,3482.88119712569,3590.056726894042,3387.879113221617
forecast_1674,2025-03-11 18:00:00,4094.5674242017253,4379.098917153493,3650.6394940695372
forecast_1675,2025-03-11 19:00:00,6400.577294240527,6025.302708067948,3886.1203590417276
forecast_1676,2025-03-11 20:00:00,9016.156737720075,8917.540271595171,5649.784104820487
forecast_1677,2025-03-11 21:00:00,11424.657243143027,11869.701332231745,6888.855854191101
forecast_1678,2025-03-11 22:00:00,14620.091948210786,14864.739495118685,8844.636654377455
forecast_1679,2025-03-11 23:00:00,16662.87999961996,15873.795619260116,12042.20493841386
forecast_1680,2025-03-12 00:00:00,16567.502548920234,17090.18014945088,14140.563747477892
forecast_1681,2025-03-12 01:00:00,15974.715676157393,16458.293232009844,10653.690276489546
forecast_1682,2025-03-12 02:00:00,15003.99827472752,15959.835259760437,11148.611533905261
forecast_1683,2025-03-12 03:00:00,15985.864890705232,16036.402004189798,12053.371753409721
forecast_1684,2025-03-12 04:00:00,17517.4998703802,16637.667954073422,13687.30897497145
forecast_1685,2025-03-12 05:00:00,18021.62021251566,18320.293809481027,15218.873645462621
forecast_1686,2025-03-12 06:00:00,18323.087157600454,19017.698054368073,16253.932242697854
forecast_1687,2025-03-12 07:00:00,18665.99383509257,19371.897874742623,16701.563878668676
forecast_1688,2025-03-12 08:00:00,19589.07104245488,19585.715125714272,17099.651567570192
forecast_1689,2025-03-12 09:00:00,19110.110651494357,18772.532730579827,17063.167704522235
forecast_1690,2025-03-12 10:00:00,17805.960855106223,18360.79052984234,17155.68500362866
forecast_1691,2025-03-12 11:00:00,16758.128388430774,17109.664308966912,15991.228824577714
forecast_1692,2025-03-12 12:00:00,16366.959934067996,17656.921416376797,15119.394995859704
forecast_1693,2025-03-12 13:00:00,16595.454588203374,17582.109722346962,14888.301314721359
forecast_1694,2025-03-12 14:00:00,16771.813885559466,17308.43945567484,15455.79766863892
forecast_1695,2025-03-12 15:00:00,17442.0223250427,18236.57612619299,16594.386409461582
forecast_1696,2025-03-12 16:00:00,18183.578846194396,19362.325487047325,17483.105965268776
forecast_1697,2025-03-12 17:00:00,19039.26297217161,20036.401424622793,17929.75324783632
forecast_1698,2025-03-12 18:00:00,18648.719493774013,19887.173967405415,17715.63882328714
forecast_1699,2025-03-12 19:00:00,17882.513374114253,18348.18942358314,16183.988685509054
forecast_1700,2025-03-12 20:00:00,16450.991292892944,16946.54546022559,13883.35044360833
forecast_1701,2025-03-12 21:00:00,14765.117966870554,16301.864953369293,12591.871586228077
forecast_1702,2025-03-12 22:00:00,14072.342443982805,15535.703608102436,11496.116251805784
forecast_1703,2025-03-12 23:00:00,12737.327375542805,15138.995796626803,11026.681521567014
forecast_1704,2025-03-13 00:00:00,12292.048567206657,15101.256731067133,11045.009469881781
forecast_1705,2025-03-13 01:00:00,13746.35543165751,15373.571738932287,12264.894992049154
forecast_1706,2025-03-13 02:00:00,13325.106455979465,15682.442956717527,11992.800569694153
forecast_1707,2025-03-13 03:00:00,13215.956186093217,16232.150913345195,12658.462217310645
forecast_1708,2025-03-13 04:00:00,13758.528794976437,16361.429217546749,13051.503106215448
forecast_1709,2025-03-13 05:00:00,13725.51688529189,16294.65633612476,11775.962020804105
forecast_1710,2025-03-13 06:00:00,12937.38550357722,14126.167622749059,10607.323167404915
forecast_1711,2025-03-13 07:00:00,10966.044058716709,12452.04402214514,8148.915095656643
forecast_1712,2025-03-13 08:00:00,10385.281769644602,12263.441860547855,6918.859358288819
forecast_1713,2025-03-13 09:00:00,10272.899167608668,10631.193316250226,6469.036998417958
forecast_1714,2025-03-13 10:00:00,7778.812780993702,8092.6364114723565,5037.650678066929
forecast_1715,2025-03-13 11:00:00,5585.452736869686,5933.604812965963,3989.7932144767256
forecast_1716,2025-03-13 12:00:00,6042.820966950157,6044.684799864307,4333.3790023766915
forecast_1717,2025-03-13 13:00:00,4409.860827425422,4452.156349977349,3633.7589437793376
forecast_1718,2025-03-13 14:00:00,4053.959970919349,3732.2938569264825,3468.08721189852
forecast_1719,2025-03-13 15:00:00,3625.4581930632708,3427.3292850596795,3010.5821585408835
forecast_1720,2025-03-13 16:00:00,3492.5086805816795,3245.9115601022013,2920.024249799741
forecast_1721,2025-03-13 17:00:00,3540.4360306055773,3801.3851102642743,2854.3257567835485
forecast_1722,2025-03-13 18:00:00,4577.547162398619,4631.081774987164,4380.752232458257
forecast_1723,2025-03-13 19:00:00,3893.3070111974944,4105.11128691687,3995.623134788247
forecast_1724,2025-03-13 20:00:00,3530.962682817594,3545.9657440834844,3741.142152581503
forecast_1725,2025-03-13 21:00:00,4088.17732414143,4075.1338521947964,3472.8569838837666
forecast_1726,2025-03-13 22:00:00,4413.939135453203,4149.126098467609,3574.952160841253
forecast_1727,2025-03-13 23:00:00,4141.998680843708,3947.7328713605802,3748.5275734143743
forecast_1728,2025-03-14 00:00:00,3987.9236425234,3945.5371770335096,3649.2740375801177
forecast_1729,2025-03-14 01:00:00,3521.9636238732514,3383.101917161158,3422.5353130731205
forecast_1730,2025-03-14 02:00:00,3614.112685721099,3404.477821420535,3167.0026476796183
forecast_1731,2025-03-14 03:00:00,3533.6423127309463,3487.365211110889,3021.665933517048
forecast_1732,2025-03-14 04:00:00,3320.9724897955107,3470.9930989119703,2979.0958399206515
forecast_1733,2025-03-14 05:00:00,3255.205588932243,3465.295067287065,3415.496722296678
forecast_1734,2025-03-14 06:00:00,3377.09348029166,3509.3041419410165,3244.5161573699324
forecast_1735,2025-03-14 07:00:00,3164.0104597167524,3234.192393789804,3290.783377766644
forecast_1736,2025-03-14 08:00:00,3859.866593145881,3359.692606322005,3520.270329155707
forecast_1737,2025-03-14 09:00:00,4212.002025625919,3836.2135945765394,3500.202060377997
forecast_1738,2025-03-14 10:00:00,3465.4943334469185,3285.759145814789,3620.033735192938
forecast_1739,2025-03-14 11:00:00,3660.941517810979,3422.2949015480476,3710.2752673394807
forecast_1740,2025-03-14 12:00:00,3439.085297504263,3526.75496774388,3333.4337768430273
forecast_1741,2025-03-14 13:00:00,3574.443297211037,3419.9892330075577,3317.6508653964356
forecast_1742,2025-03-14 14:00:00,3683.403905279469,3575.120458200915,3305.181167585463
forecast_1743,2025-03-14 15:00:00,3644.962845076232,3546.136050587571,3368.230453909458
forecast_1744,2025-03-14 16:00:00,3603.1051001413025,3549.8300066546453,3440.1506237440553
forecast_1745,2025-03-14 17:00:00,3297.1916330668314,3350.1083475852324,3392.330330954185
forecast_1746,2025-03-14 18:00:00,3018.972395254373,3443.706545774704,3085.133999090266
forecast_1747,2025-03-14 19:00:00,3271.6596191481826,3222.905497441677,2621.3702618107577
forecast_1748,2025-03-14 20:00:00,3459.6508424938074,3457.6742621522717,2720.892799219197
forecast_1749,2025-03-14 21:00:00,3593.6927213170056,3491.7058488766716,2800.1926429428695
forecast_1750,2025-03-14 22:00:00,3489.528367860604,3355.4133226852227,2740.8886224970274
forecast_1751,2025-03-14 23:00:00,3680.890036549697,3407.6307527394692,3200.433661669684
forecast_1752,2025-03-15 00:00:00,3739.959928235566,3593.044649469702,3328.9250528417383
forecast_1753,2025-03-15 01:00:00,4885.9411917407815,4356.976701755269,3328.763618258469
forecast_1754,2025-03-15 02:00:00,4763.693791274327,4390.513551655709,3366.3840453148064
forecast_1755,2025-03-15 03:00:00,4686.1652514060315,4956.388135027782,3454.5912318617293
forecast_1756,2025-03-15 04:00:00,4995.536535682825,4243.023839570904,3638.2414160078565
forecast_1757,2025-03-15 05:00:00,4854.836760014682,4577.0972968639435,3640.166070452666
forecast_1758,2025-03-15 06:00:00,4898.835782145842,5287.667017952631,3823.9839484458344
forecast_1759,2025-03-15 07:00:00,4521.764225534148,5503.889881351229,4145.376665655716
forecast_1760,2025-03-15 08:00:00,5202.542230779237,5755.566775227601,4902.402015791042
forecast_1761,2025-03-15 09:00:00,6314.25446693593,7281.13630606148,6026.948570071219
forecast_1762,2025-03-15 10:00:00,6933.918628315585,8328.636979776578,6503.372079918877
forecast_1763,2025-03-15 11:00:00,6909.262685922597,8592.878693977287,6634.595472074061
forecast_1764,2025-03-15 12:00:00,5875.11616881836,8227.68234439597,5263.192302797034
forecast_1765,2025-03-15 13:00:00,5498.38921714646,7522.103287771084,4669.723892166599
forecast_1766,2025-03-15 14:00:00,4407.821586929894,5307.3241515358495,4109.614720864284
forecast_1767,2025-03-15 15:00:00,3741.822783132838,4184.905576107796,3740.5300270470907
forecast_1768,2025-03-15 16:00:00,3245.9956126695442,3874.2738461464173,3164.6869442443394
forecast_1769,2025-03-15 17:00:00,3413.4596673284486,3767.0036401034813,3205.7639298207664
forecast_1770,2025-03-15 18:00:00,3433.8204955223587,3842.508749601603,3096.913753003091
forecast_1771,2025-03-15 19:00:00,3531.5025849280264,3735.8366389116,3377.4224450280776
forecast_1772,2025-03-15 20:00:00,3753.2137578417282,4022.153942639821,3559.6871075140584
forecast_1773,2025-03-15 21:00:00,4153.601420995475,4350.058058491671,3447.10374543838
forecast_1774,2025-03-15 22:00:00,4256.597527770007,4292.73689087733,3526.8085375781075
forecast_1775,2025-03-15 23:00:00,3885.9173611413034,4041.4057608652015,3270.893553386115
forecast_1776,2025-03-16 00:00:00,3703.1711015882706,4044.991439136609,3268.1657514303056
forecast_1777,2025-03-16 01:00:00,3577.784824594992,3642.2992726103325,2938.821571286215
forecast_1778,2025-03-16 02:00:00,3616.8091147679575,3545.3321873227205,2956.9689705965448
forecast_1779,2025-03-16 03:00:00,3782.2340236715054,3663.7278536959884,3215.0835753713377
forecast_1780,2025-03-16 04:00:00,3863.924479793569,3728.4122448904427,3863.71488283108
forecast_1781,2025-03-16 05:00:00,3719.458181243776,3474.4086829414523,4003.0747453860986
forecast_1782,2025-03-16 06:00:00,3518.654341214356,3207.13166009743,2293.482634726305
forecast_1783,2025-03-16 07:00:00,3346.3396156030954,3601.956542879819,2900.1823898047037
forecast_1784,2025-03-16 08:00:00,4671.410892590179,3739.14692544843,3447.537331221597
forecast_1785,2025-03-16 09:00:00,3807.126167721615,3724.572266774588,3528.5529487400463
forecast_1786,2025-03-16 10:00:00,3944.5106905093194,3471.6506844975734,2437.6015209806706
forecast_1787,2025-03-16 11:00:00,4325.329244547381,3736.4150261788322,4133.586510090382
forecast_1788,2025-03-16 12:00:00,4987.841544950268,4545.7748368495195,3891.8688869378475
forecast_1789,2025-03-16 13:00:00,3119.000976102567,3145.344009446825,3148.2155298042894
forecast_1790,2025-03-16 14:00:00,3395.0551608118326,3543.476813491061,3333.713212795276
forecast_1791,2025-03-16 15:00:00,5547.67568141123,5671.544388505717,4878.023370843975
forecast_1792,2025-03-16 16:00:00,7793.888184980592,7187.4926838291385,5378.209862829477
forecast_1793,2025-03-16 17:00:00,9208.986767570987,9353.356559430033,6919.275377315873
forecast_1794,2025-03-16 18:00:00,10494.394607061986,10822.717343647677,7737.645757564772
forecast_1795,2025-03-16 19:00:00,12294.519479092307,12119.13245363146,8738.874169163393
forecast_1796,2025-03-16 20:00:00,13024.392674213197,13299.315063409511,10556.589801405009
forecast_1797,2025-03-16 21:00:00,13119.653824442294,14909.63576674259,11661.931624425808
forecast_1798,2025-03-16 22:00:00,12179.458141275021,13478.625839648876,10069.892112039088
forecast_1799,2025-03-16 23:00:00,10881.24277959938,11658.081267124799,8339.420623496719
forecast_1800,2025-03-17 00:00:00,8956.815522775416,10056.607796049304,7516.327979169737
forecast_1801,2025-03-17 01:00:00,12005.837515686266,13536.331398241515,9906.657048754654
forecast_1802,2025-03-17 02:00:00,11533.880714978779,13062.026396421636,9630.428616086423
forecast_1803,2025-03-17 03:00:00,12208.069778711639,12599.036005862488,10067.659092875965
forecast_1804,2025-03-17 04:00:00,11709.913400406433,11954.311140059768,9259.499684170183
forecast_1805,2025-03-17 05:00:00,9157.074680269132,9157.846418635825,5912.094639149808
forecast_1806,2025-03-17 06:00:00,6799.177990157262,7395.189913518418,5172.328486953658
forecast_1807,2025-03-17 07:00:00,6163.441698286737,5212.889211717674,4130.130208420743
forecast_1808,2025-03-17 08:00:00,4401.996662038537,4565.966344938614,3683.12228133937
forecast_1809,2025-03-17 09:00:00,4080.334656022181,3944.761024748333,3587.9376097320555
forecast_1810,2025-03-17 10:00:00,4110.122609510631,3856.690902647911,3738.5972080949964
forecast_1811,2025-03-17 11:00:00,3860.877275562623,3796.177375115128,3641.825551854912
forecast_1812,2025-03-17 12:00:00,4445.156490902648,4690.036041625395,3801.119750392374
forecast_1813,2025-03-17 13:00:00,6524.640862572239,6284.867378729481,5339.982546230606
forecast_1814,2025-03-17 14:00:00,8434.001789672928,8496.704584811767,7922.945427586883
forecast_1815,2025-03-17 15:00:00,9084.327944359486,8935.654776526366,8785.08933083884
forecast_1816,2025-03-17 16:00:00,9504.669137255076,9149.404951814022,8880.415416877282
forecast_1817,2025-03-17 17:00:00,8188.554288497076,8000.929266239568,7846.106388727362
forecast_1818,2025-03-17 18:00:00,7635.977543633423,7437.043894716274,6866.288666334586
forecast_1819,2025-03-17 19:00:00,7862.162432854617,7169.329790065688,6785.898145275455
forecast_1820,2025-03-17 20:00:00,10027.777988133634,10266.599793224213,7751.108060006921
forecast_1821,2025-03-17 21:00:00,11714.151164672241,12402.602639913055,9076.545977483393
forecast_1822,2025-03-17 22:00:00,13896.149470004439,12661.823121459798,9396.56494125675
forecast_1823,2025-03-17 23:00:00,9874.374087513888,10501.534726541046,8341.47986946391
forecast_1824,2025-03-18 00:00:00,9129.145087600818,9793.873419476296,8240.953351394164
forecast_1825,2025-03-18 01:00:00,7024.413721123831,8401.07232212313,5049.4002752913175
forecast_1826,2025-03-18 02:00:00,6247.863049812196,6801.566678123172,4693.3798881548555
forecast_1827,2025-03-18 03:00:00,4687.533121406549,5127.293899564634,3762.2825334109525
forecast_1828,2025-03-18 04:00:00,4307.753751841187,4392.417737712795,3959.4178006026677
forecast_1829,2025-03-18 05:00:00,4635.254815359987,4906.5918023139,3894.8090048258814
forecast_1830,2025-03-18 06:00:00,4033.2029627569664,3980.6989603518623,3531.065620825659
forecast_1831,2025-03-18 07:00:00,3761.115837488274,3568.776236343579,3546.419840912925
forecast_1832,2025-03-18 08:00:00,3497.2444007803424,3457.444885964753,3296.9397680543575
forecast_1833,2025-03-18 09:00:00,3709.0640300198297,3487.977683239275,3305.1440796586517
forecast_1834,2025-03-18 10:00:00,3705.549743656139,3485.9750011184296,3280.9500149392065
forecast_1835,2025-03-18 11:00:00,3633.488912685746,3363.904284623148,3095.6596265325584
forecast_1836,2025-03-18 12:00:00,3876.559501305611,3646.004821437571,3088.3799206401522
forecast_1837,2025-03-18 13:00:00,3889.116612169475,3729.83107971046,3174.271198925474
forecast_1838,2025-03-18 14:00:00,4050.8324679487387,4030.6154666868683,3642.0877913370346
forecast_1839,2025-03-18 15:00:00,6138.699656005965,5600.802396606236,4099.088124706472
forecast_1840,2025-03-18 16:00:00,10778.686279356345,9467.625029529141,6307.7633121628
forecast_1841,2025-03-18 17:00:00,10314.397084449352,11667.610963708077,8589.125884836374
forecast_1842,2025-03-18 18:00:00,12057.164030587299,13077.196516374806,10331.160945044461
forecast_1843,2025-03-18 19:00:00,12917.304674191593,15496.433434568748,10527.239938352393
forecast_1844,2025-03-18 20:00:00,12480.689923519885,14658.11202612763,9904.355457372245
forecast_1845,2025-03-18 21:00:00,11408.104753803163,12176.117784376424,8266.111477032175
forecast_1846,2025-03-18 22:00:00,7613.007916100835,8594.93951490736,5524.823741619979
forecast_1847,2025-03-18 23:00:00,6136.9875591031705,6380.801273549255,4185.495400837897
forecast_1848,2025-03-19 00:00:00,4442.486002644048,5127.5126051592815,3862.173354483479
forecast_1849,2025-03-19 01:00:00,3902.9563670446882,3883.9483964490933,3343.1898911646754
forecast_1850,2025-03-19 02:00:00,4380.137396551088,4029.788350299066,3552.402825756877
forecast_1851,2025-03-19 03:00:00,4410.857299920936,4081.5632506722836,3479.2664820360305
forecast_1852,2025-03-19 04:00:00,4050.1156898648046,4089.2755166907577,3507.5598276329983
forecast_1853,2025-03-19 05:00:00,3834.07396706539,3848.8550320524196,3388.728307596482
forecast_1854,2025-03-19 06:00:00,4020.832567400882,3912.2527500614765,3526.487974349378
forecast_1855,2025-03-19 07:00:00,4047.6566338571433,4075.7478977123446,3477.6524179360413
forecast_1856,2025-03-19 08:00:00,3903.9684875453463,3837.3583573372775,3634.056731212465
forecast_1857,2025-03-19 09:00:00,4220.547465149981,4072.094404952681,3852.0026391267156
forecast_1858,2025-03-19 10:00:00,5286.767525609268,5774.5082950115575,5099.737329648207
forecast_1859,2025-03-19 11:00:00,5110.317903061875,4951.383981827782,4564.418457176502
forecast_1860,2025-03-19 12:00:00,5998.364425654537,5851.985453299222,5188.983041480633
forecast_1861,2025-03-19 13:00:00,6530.964400955989,6326.257092365074,5788.707575351923
forecast_1862,2025-03-19 14:00:00,6910.758070614638,6876.9425296345025,6606.239990361622
forecast_1863,2025-03-19 15:00:00,7442.200997913483,7161.505001588024,6926.156632419254
forecast_1864,2025-03-19 16:00:00,7819.47629783404,7604.993341078613,7355.410864848155
forecast_1865,2025-03-19 17:00:00,8084.852972421787,7963.090018580685,7361.392445439315
forecast_1866,2025-03-19 18:00:00,8659.543324017724,8746.116973129798,8047.671254550377
forecast_1867,2025-03-19 19:00:00,10986.506447536258,10315.424462735216,8923.925015924171
forecast_1868,2025-03-19 20:00:00,13051.034165620373,13621.095165977407,11323.348478740088
forecast_1869,2025-03-19 21:00:00,15024.873560656422,16007.338786683084,12525.704878199354
forecast_1870,2025-03-19 22:00:00,16371.065466248585,17148.45429946087,13553.853988421535
forecast_1871,2025-03-19 23:00:00,16785.54715848996,17502.16410700631,14470.068596702407
forecast_1872,2025-03-20 00:00:00,17216.77398306197,17429.019745029607,15394.361782382288
forecast_1873,2025-03-20 01:00:00,18498.55082773543,19914.453900725122,16494.277817229853
forecast_1874,2025-03-20 02:00:00,18581.102937749318,19848.25221960599,16467.436140819318
forecast_1875,2025-03-20 03:00:00,18636.46895905023,19920.352645069306,16927.901205394955
forecast_1876,2025-03-20 04:00:00,18655.658711171527,19887.582627370328,17020.605506620162
forecast_1877,2025-03-20 05:00:00,19054.595639104165,19958.806216288554,17350.18187582412
forecast_1878,2025-03-20 06:00:00,19156.793248565915,20082.942957041272,18312.64863246384
forecast_1879,2025-03-20 07:00:00,19189.51077018428,19998.20006775736,18470.82766195361
forecast_1880,2025-03-20 08:00:00,18879.208380983924,19892.586193627907,17856.0092597985
forecast_1881,2025-03-20 09:00:00,18019.359904237142,19917.799585770703,17249.406036040546
forecast_1882,2025-03-20 10:00:00,17471.638037367662,19033.035021112566,17016.27133253731
forecast_1883,2025-03-20 11:00:00,16603.85405140103,18351.07610125028,16757.656817382507
forecast_1884,2025-03-20 12:00:00,16652.38758862909,18015.92078427548,16851.534700957644
forecast_1885,2025-03-20 13:00:00,16684.895785182587,17767.140554514317,16776.94977510003
forecast_1886,2025-03-20 14:00:00,16340.184005456193,17608.22767334116,16766.23046100655
forecast_1887,2025-03-20 15:00:00,16755.996327297402,17739.269196835925,16991.440258791765
forecast_1888,2025-03-20 16:00:00,17578.525754479364,18742.513198445693,17314.57146835184
forecast_1889,2025-03-20 17:00:00,17843.08174312903,19811.863003189377,17766.57904609427
forecast_1890,2025-03-20 18:00:00,18105.323731363205,19915.61630097626,18426.90735710387
forecast_1891,2025-03-20 19:00:00,18084.109546038882,19875.06898244107,19327.879887640192
forecast_1892,2025-03-20 20:00:00,18810.479840750726,19916.828912530968,19333.43317459706
forecast_1893,2025-03-20 21:00:00,18911.93675832812,20007.384178346678,19330.039500579012
forecast_1894,2025-03-20 22:00:00,19425.708876496046,19902.183944514974,19411.48381902142
forecast_1895,2025-03-20 23:00:00,19887.178225270716,19901.4599269319,19329.0545230834
forecast_1896,2025-03-21 00:00:00,19876.87305983087,19895.60951096316,19554.503650783223
forecast_1897,2025-03-21 01:00:00,19363.640781044578,20099.639691425316,19339.975370076227
forecast_1898,2025-03-21 02:00:00,19431.891067558692,19949.858256170588,19366.285652194187
forecast_1899,2025-03-21 03:00:00,19574.69204057145,19923.999940440066,19465.39573360863
forecast_1900,2025-03-21 04:00:00,19718.312419810485,20085.82464911511,19328.832043836686
forecast_1901,2025-03-21 05:00:00,19897.95863689142,20056.384707798767,19363.525708574853
forecast_1902,2025-03-21 06:00:00,19883.783228995806,20152.031857365648,19448.453765868675
forecast_1903,2025-03-21 07:00:00,19972.723163722476,20107.890855426194,19495.141001388314
forecast_1904,2025-03-21 08:00:00,19936.80435771449,20185.185812009193,19377.940912653554
forecast_1905,2025-03-21 09:00:00,19890.46239561949,20027.355916879642,19335.535196661724
forecast_1906,2025-03-21 10:00:00,19191.777118163536,19905.67490668331,19328.240529705494
forecast_1907,2025-03-21 11:00:00,18547.557529701902,19903.35968284333,18335.299422350676
forecast_1908,2025-03-21 12:00:00,18192.740476975847,19881.242437268418,17809.336662656806
forecast_1909,2025-03-21 13:00:00,17597.519158914583,19216.489855944386,17541.591264109535
forecast_1910,2025-03-21 14:00:00,17688.90767209241,18577.244974515128,17414.692270200278
forecast_1911,2025-03-21 15:00:00,17479.52444762571,18658.7292460228,17144.531275446705
forecast_1912,2025-03-21 16:00:00,17412.83016908907,18445.551504726445,17014.750609020713
forecast_1913,2025-03-21 17:00:00,17534.107994285343,18703.018856441486,17319.077616025435
forecast_1914,2025-03-21 18:00:00,17564.525143754363,18923.996096797022,17764.731866680588
forecast_1915,2025-03-21 19:00:00,17773.694799214063,18946.368347537562,17956.105403935024
forecast_1916,2025-03-21 20:00:00,18085.317437624934,19505.510184134568,18330.74619462035
forecast_1917,2025-03-21 21:00:00,18161.910442922956,19890.288560507594,19228.699370259706
forecast_1918,2025-03-21 22:00:00,18579.898302187037,20324.2886792069,19333.6098128426
forecast_1919,2025-03-21 23:00:00,18795.868477619428,20330.508541658466,19380.705990517723
forecast_1920,2025-03-22 00:00:00,19053.460270766787,20177.11638710017,19496.662662404688
forecast_1921,2025-03-22 01:00:00,19601.803556647494,19945.27732160901,19389.014276264603
forecast_1922,2025-03-22 02:00:00,19410.668370542124,19788.274695353382,19335.609019743286
forecast_1923,2025-03-22 03:00:00,18927.795863990712,19562.079295255433,19331.839686450272
forecast_1924,2025-03-22 04:00:00,19147.501439963955,19881.853243003043,19334.945508631357
forecast_1925,2025-03-22 05:00:00,19475.65859836309,19834.547591549643,19336.30338872296
forecast_1926,2025-03-22 06:00:00,19889.67890000991,19884.521259184807,19342.08254485122
forecast_1927,2025-03-22 07:00:00,19890.03185808421,19891.573663422296,19335.165475030048
forecast_1928,2025-03-22 08:00:00,19883.554033703964,19903.77805080309,19369.40218627719
forecast_1929,2025-03-22 09:00:00,18948.247160771727,19877.236526968514,19333.66506962984
forecast_1930,2025-03-22 10:00:00,18083.28936869624,18800.766151456835,18326.531181870047
forecast_1931,2025-03-22 11:00:00,18031.940630389603,18647.02965821299,17681.394812710456
forecast_1932,2025-03-22 12:00:00,17137.64295022147,18529.932617790993,17250.946511253234
forecast_1933,2025-03-22 13:00:00,17520.004719618064,18769.973980975057,17159.119312579125
forecast_1934,2025-03-22 14:00:00,17336.19863210736,18612.137112923683,17002.605631627557
forecast_1935,2025-03-22 15:00:00,17208.808434311322,18359.196305509915,16928.57064360753
forecast_1936,2025-03-22 16:00:00,17031.729235759183,18173.04979980303,16514.71791118554
forecast_1937,2025-03-22 17:00:00,17050.188015469386,18066.478637656935,16585.776342777044
forecast_1938,2025-03-22 18:00:00,17350.581238439794,18451.408119164033,16928.78433981505
forecast_1939,2025-03-22 19:00:00,17754.345769074065,19059.304000707743,17640.98694338063
forecast_1940,2025-03-22 20:00:00,17830.581606259224,19903.883095656227,18308.375502697003
forecast_1941,2025-03-22 21:00:00,17947.39987543521,19883.91331748651,19221.03900969705
forecast_1942,2025-03-22 22:00:00,18617.056036904574,19898.17429638965,19329.55846397933
forecast_1943,2025-03-22 23:00:00,19925.98710157254,19905.22199128,19388.0993970279
forecast_1944,2025-03-23 00:00:00,19982.127379142537,19916.399492629007,19591.065409466668
forecast_1945,2025-03-23 01:00:00,16276.250476175697,18137.70815911977,16314.028736829181
forecast_1946,2025-03-23 02:00:00,16247.004630731748,17496.972942963617,15878.047154487114
forecast_1947,2025-03-23 03:00:00,16047.23348237536,16913.52256052587,15048.449438853531
forecast_1948,2025-03-23 04:00:00,16668.097651553315,18219.208973310924,15134.519838168968
forecast_1949,2025-03-23 05:00:00,16317.900132417266,16704.58213390211,13906.541071000709
forecast_1950,2025-03-23 06:00:00,14728.024229733528,15067.900824835693,11480.13919458995
forecast_1951,2025-03-23 07:00:00,11869.058231629431,11431.79719171282,8308.370589601549
forecast_1952,2025-03-23 08:00:00,7467.992319061973,9890.943126622826,4501.285109138535
forecast_1953,2025-03-23 09:00:00,4685.644717111278,3958.4836515177817,3853.0047664640692
forecast_1954,2025-03-23 10:00:00,3907.7413352277968,3692.1164691306117,3418.5588334468393
forecast_1955,2025-03-23 11:00:00,3184.783454025689,3069.9821099430715,2773.163384602232
forecast_1956,2025-03-23 12:00:00,3271.5120287632117,2907.665605891363,1445.3877746375392
forecast_1957,2025-03-23 13:00:00,3594.846401948053,3251.2474642325774,2389.2384236693965
forecast_1958,2025-03-23 14:00:00,3206.6429464099547,3538.7945606534445,2856.575857300667
forecast_1959,2025-03-23 15:00:00,3630.668822301981,3511.271575879161,3518.9578932144796
forecast_1960,2025-03-23 16:00:00,3756.142282935193,3831.2591424350953,3743.397201203581
forecast_1961,2025-03-23 17:00:00,3872.902049247941,4081.499327095046,3626.43997088682
forecast_1962,2025-03-23 18:00:00,4267.313299684718,4147.66715143181,3623.7952948817397
forecast_1963,2025-03-23 19:00:00,5237.931196905976,5269.601462023368,3832.7550332825117
forecast_1964,2025-03-23 20:00:00,6083.862479159444,7877.9544416760855,4453.770102718849
forecast_1965,2025-03-23 21:00:00,9762.389402706167,11179.042476876428,5880.181986124614
forecast_1966,2025-03-23 22:00:00,11269.85115183499,13643.924504087587,7716.190600397642
forecast_1967,2025-03-23 23:00:00,12385.453791998492,15214.208963281659,9258.058942897153
forecast_1968,2025-03-24 00:00:00,12815.054115502895,14965.233942685742,10325.118830003457
forecast_1969,2025-03-24 01:00:00,13070.518045423143,15430.341542841032,10108.372159201246
forecast_1970,2025-03-24 02:00:00,10588.254805412598,13582.066176347664,9430.695948206976
forecast_1971,2025-03-24 03:00:00,12483.314951481203,12526.9282727367,9344.022429778126
forecast_1972,2025-03-24 04:00:00,12249.516308366527,13545.99812012346,10055.788201952893
forecast_1973,2025-03-24 05:00:00,12673.416340173228,13773.530452100655,11134.675977506075
forecast_1974,2025-03-24 06:00:00,12151.02974866531,14604.519777917654,12100.74630080215
forecast_1975,2025-03-24 07:00:00,12767.940656775174,15258.82904440132,12394.417153563858
forecast_1976,2025-03-24 08:00:00,12084.990654507252,15185.34213200232,12359.6352114548
forecast_1977,2025-03-24 09:00:00,13470.955328212725,14808.429041521247,13136.68228241768
forecast_1978,2025-03-24 10:00:00,14562.854410196687,16023.506919830159,14650.253831127884
forecast_1979,2025-03-24 11:00:00,15100.949262320386,16699.3213624705,14612.848792281982
forecast_1980,2025-03-24 12:00:00,16258.947480753099,17449.12054123574,15052.923479413266
forecast_1981,2025-03-24 13:00:00,16372.335587798543,17509.590167398306,14757.159865430913
forecast_1982,2025-03-24 14:00:00,16335.330100783014,17286.65631198913,13892.411367190349
forecast_1983,2025-03-24 15:00:00,16182.141150966492,16796.990709873706,13249.696893186228
forecast_1984,2025-03-24 16:00:00,15421.613507494269,16327.831482784826,12721.657406934857
forecast_1985,2025-03-24 17:00:00,15438.345060090463,15753.563801063221,12219.604838858142
forecast_1986,2025-03-24 18:00:00,15025.014601462373,15139.759744718009,11951.042478224577
forecast_1987,2025-03-24 19:00:00,16201.34958882081,15804.253159633934,12305.499793805839
forecast_1988,2025-03-24 20:00:00,16009.013580512581,16783.181474490215,13347.120160280827
forecast_1989,2025-03-24 21:00:00,15606.499155757065,17645.150416101245,14718.752155859325
forecast_1990,2025-03-24 22:00:00,17107.08934451847,18633.949113794635,17289.58086148623
forecast_1991,2025-03-24 23:00:00,17979.486931636355,19210.664975525717,17936.21282824866
forecast_1992,2025-03-25 00:00:00,18613.471975600605,19892.87381546647,18398.31808232827
forecast_1993,2025-03-25 01:00:00,18631.669908875952,18948.894312455293,17563.73164157854
forecast_1994,2025-03-25 02:00:00,18240.10586517486,18684.547755168333,16572.144275302053
forecast_1995,2025-03-25 03:00:00,16727.74849522234,16810.149055272486,13975.387334020676
forecast_1996,2025-03-25 04:00:00,13909.187321047024,13777.95177662779,10506.333434480226
forecast_1997,2025-03-25 05:00:00,10812.392908324053,10763.37387584524,7691.790983014877
forecast_1998,2025-03-25 06:00:00,9598.723632741401,10338.04381148949,6502.789309078305
forecast_1999,2025-03-25 07:00:00,9427.642810805204,10161.526140872047,6631.190252251713
forecast_2000,2025-03-25 08:00:00,8913.69649018001,10644.060939524796,6840.943447359358
forecast_2001,2025-03-25 09:00:00,9648.525486788107,11285.80215242026,7341.92809784674
forecast_2002,2025-03-25 10:00:00,10945.561350091482,11309.93073156982,7530.648081937912
forecast_2003,2025-03-25 11:00:00,10081.924456812301,11248.790379547285,8353.88276282205
forecast_2004,2025-03-25 12:00:00,10755.345115509974,11758.941217498144,9803.709541251033
forecast_2005,2025-03-25 13:00:00,12485.059227364836,13276.042159280407,12050.40488580995
forecast_2006,2025-03-25 14:00:00,13020.198082957002,15456.528684036526,14651.60454216832
forecast_2007,2025-03-25 15:00:00,14382.797902633398,16357.23908325527,16814.034697038045
forecast_2008,2025-03-25 16:00:00,17551.338392089205,16898.893231351933,17705.622869158364
forecast_2009,2025-03-25 17:00:00,17781.772489922998,17455.7035862796,18129.53811235221
forecast_2010,2025-03-25 18:00:00,17524.713418760377,17758.48902500316,17883.64477679542
forecast_2011,2025-03-25 19:00:00,17930.067473157356,18199.472986606866,17839.878170032953
forecast_2012,2025-03-25 20:00:00,17921.503003702186,18337.305666873002,18038.368925444924
forecast_2013,2025-03-25 21:00:00,18243.785394883147,18854.86328162929,18396.43869943854
forecast_2014,2025-03-25 22:00:00,19402.65830957918,19508.859692712154,19328.222865049185
forecast_2015,2025-03-25 23:00:00,19246.914779574356,19393.550568801475,19324.24978113524
forecast_2016,2025-03-26 00:00:00,19740.121793744267,19448.33273927024,19391.280539327065
forecast_2017,2025-03-26 01:00:00,18999.80204166332,18757.06528758288,17458.73750035783
forecast_2018,2025-03-26 02:00:00,18098.718373165913,18693.823700010576,17123.191284309407
forecast_2019,2025-03-26 03:00:00,17526.158739983126,17229.91596114236,14649.697379186813
forecast_2020,2025-03-26 04:00:00,15102.954331005025,15397.068724632018,12677.30792490301
forecast_2021,2025-03-26 05:00:00,12326.717315230762,14494.73370215276,9458.75029262351
forecast_2022,2025-03-26 06:00:00,10248.359201000701,10548.924724993472,7474.5963485298835
forecast_2023,2025-03-26 07:00:00,5987.5519733574565,5945.006514471771,4022.46076223787
forecast_2024,2025-03-26 08:00:00,3907.9984466502397,3698.2579610848966,3625.251893512414
forecast_2025,2025-03-26 09:00:00,3742.648804531947,3567.4045744085247,3980.0090015971305
forecast_2026,2025-03-26 10:00:00,3253.294538961914,3653.6638900744906,3188.647672285901
forecast_2027,2025-03-26 11:00:00,3503.266120320731,3339.9085365159303,2873.684381593714
forecast_2028,2025-03-26 12:00:00,3307.042547556812,3658.321368956792,3041.396128102759
forecast_2029,2025-03-26 13:00:00,3733.5104978545687,3833.6730573083664,3307.4715053013906
forecast_2030,2025-03-26 14:00:00,3621.2345778540134,3844.949553668311,3976.124736496259
forecast_2031,2025-03-26 15:00:00,3924.3688540644957,3916.625444906431,3685.707096286638
forecast_2032,2025-03-26 16:00:00,3733.7612117740655,3803.525404668425,3797.4814526469954
forecast_2033,2025-03-26 17:00:00,3813.326718511277,4211.93839039498,3962.8123279553065
forecast_2034,2025-03-26 18:00:00,5010.96248341302,5915.924172774493,4641.577991420428
forecast_2035,2025-03-26 19:00:00,7814.572715929607,9925.12070800218,5971.477919702534
forecast_2036,2025-03-26 20:00:00,9230.293603825372,10819.771949694985,5912.766611450219
forecast_2037,2025-03-26 21:00:00,10278.233368902253,13365.230157288055,7002.2006023736885
forecast_2038,2025-03-26 22:00:00,13783.450368390198,16014.940716304212,9152.616238974912
forecast_2039,2025-03-26 23:00:00,16149.78871146493,17221.536643687698,13145.635275437726
forecast_2040,2025-03-27 00:00:00,16570.851807609,17130.722193763337,16172.373215337399
forecast_2041,2025-03-27 01:00:00,17532.6806274582,17774.701289809425,17921.80676529677
forecast_2042,2025-03-27 02:00:00,17827.907900352275,17754.52481083972,18489.883910003413
forecast_2043,2025-03-27 03:00:00,17958.0116672143,17544.552349689366,18326.802622310912
forecast_2044,2025-03-27 04:00:00,17280.487015663246,16298.316293469556,17109.682750927655
forecast_2045,2025-03-27 05:00:00,16330.830704406955,15361.67566011788,16538.067942977843
forecast_2046,2025-03-27 06:00:00,14887.601286915453,16023.384051272547,13656.782848971077
forecast_2047,2025-03-27 07:00:00,14917.080635084443,15931.532572920461,13458.513772954926
forecast_2048,2025-03-27 08:00:00,15833.363867802525,16744.274404414205,14619.514905784703
forecast_2049,2025-03-27 09:00:00,14664.038680594947,15511.451664772583,13104.80504714471
forecast_2050,2025-03-27 10:00:00,13774.986120792686,14411.263540984499,10883.419972079622
forecast_2051,2025-03-27 11:00:00,11293.231850357555,12139.490192717269,9952.311410781667
forecast_2052,2025-03-27 12:00:00,9706.776336821225,10833.522603462503,8770.261354446382
forecast_2053,2025-03-27 13:00:00,8439.883710278405,9569.847688005219,7917.683275397252
forecast_2054,2025-03-27 14:00:00,7777.592377907076,9016.801615706949,6903.186284312312
forecast_2055,2025-03-27 15:00:00,7858.593604577878,8458.317144984214,6176.538564177424
forecast_2056,2025-03-27 16:00:00,7028.595132043981,8226.710968216456,5279.395335279799
forecast_2057,2025-03-27 17:00:00,6605.577873090426,6541.627646461368,4660.421939866984
forecast_2058,2025-03-27 18:00:00,6114.781587817288,6615.727203185467,4657.037607319278
forecast_2059,2025-03-27 19:00:00,6401.600258246766,7276.510377700031,4751.608491541656
forecast_2060,2025-03-27 20:00:00,7779.816974813881,8090.708482164236,5300.453096639484
forecast_2061,2025-03-27 21:00:00,8636.391726013073,9102.984663399811,7474.532835885891
forecast_2062,2025-03-27 22:00:00,9547.106005097898,9254.05212878652,7973.1366236332415
forecast_2063,2025-03-27 23:00:00,9515.785906210898,10575.956395433113,7661.292242828001
forecast_2064,2025-03-28 00:00:00,9337.467117446633,10866.057813812793,7677.971344625669
forecast_2065,2025-03-28 01:00:00,3713.609290336634,4009.8750888872064,3471.259941868644
forecast_2066,2025-03-28 02:00:00,3709.721701069698,4001.1717255259573,3757.222953110325
forecast_2067,2025-03-28 03:00:00,3868.8489327250704,3809.968229741681,3812.2326565311337
forecast_2068,2025-03-28 04:00:00,3872.6002582922074,3590.374686780144,3399.127341366003
forecast_2069,2025-03-28 05:00:00,3516.6405186690786,3488.149315791558,3526.768701227821
forecast_2070,2025-03-28 06:00:00,3902.4317382003146,3580.3169463753998,3489.686368452616
forecast_2071,2025-03-28 07:00:00,3619.7421501018607,3731.071152056167,3408.4687658673997
forecast_2072,2025-03-28 08:00:00,3760.133073602677,3693.9388832295485,3117.429812374549
forecast_2073,2025-03-28 09:00:00,3510.0782372997355,4040.911007766504,3667.509125388644
forecast_2074,2025-03-28 10:00:00,3994.079552184937,4508.705579705087,3205.610407099179
forecast_2075,2025-03-28 11:00:00,4065.2791530756786,4425.433547749881,3488.1281676808353
forecast_2076,2025-03-28 12:00:00,3909.247478761628,4393.828932796586,3557.1305979699714
forecast_2077,2025-03-28 13:00:00,4001.4782191292607,4273.212202661564,3885.9292136964214
forecast_2078,2025-03-28 14:00:00,3966.4566267223495,3849.976027660591,3794.124424740132
forecast_2079,2025-03-28 15:00:00,4036.11942306882,3828.3570816047063,3513.4487049012164
forecast_2080,2025-03-28 16:00:00,3816.996528886454,3825.0622986812837,3556.107773992314
forecast_2081,2025-03-28 17:00:00,3582.97823275798,3777.2716526363843,3208.0371066379857
forecast_2082,2025-03-28 18:00:00,3542.6764238882365,3395.140952167926,3398.044913549494
forecast_2083,2025-03-28 19:00:00,4617.398388902844,4898.175066150229,3723.3850350157204
forecast_2084,2025-03-28 20:00:00,6047.849586519707,6526.937356549467,4056.4532232390948
forecast_2085,2025-03-28 21:00:00,5702.65266639579,6250.634690557105,4583.460366109388
forecast_2086,2025-03-28 22:00:00,5262.1601891649825,5978.214994244973,4289.1803434298745
forecast_2087,2025-03-28 23:00:00,5338.745178966963,5879.608669868611,4301.983094550887
forecast_2088,2025-03-29 00:00:00,5831.52049719292,6245.843327158321,4149.643285661538
forecast_2089,2025-03-29 01:00:00,3455.888921081327,3717.770884767547,3458.2654782540817
forecast_2090,2025-03-29 02:00:00,3271.3653719115578,3680.186353234746,3530.035690218164
forecast_2091,2025-03-29 03:00:00,3586.844283913926,3482.729554460858,3040.342102404179
forecast_2092,2025-03-29 04:00:00,4104.576129799272,4117.2734802378245,3511.2435678380616
forecast_2093,2025-03-29 05:00:00,5958.534715388799,6054.631036954814,4389.950493737941
forecast_2094,2025-03-29 06:00:00,7244.30592592057,7442.823359326256,5641.495546254978
forecast_2095,2025-03-29 07:00:00,7712.997631615441,7730.123969505931,5275.233871869813
forecast_2096,2025-03-29 08:00:00,8134.677433243835,7756.228255727579,5384.3086094328555
forecast_2097,2025-03-29 09:00:00,7312.589407964161,7490.942606828781,6033.417853270706
forecast_2098,2025-03-29 10:00:00,8172.141768645868,8689.906237561107,7339.509906248655
forecast_2099,2025-03-29 11:00:00,9920.10629662929,10688.075719683335,8712.864900886958
forecast_2100,2025-03-29 12:00:00,12112.702022041174,12263.900627729718,9965.936436653772
forecast_2101,2025-03-29 13:00:00,12965.904509646623,13602.683295734945,11114.4145754339
forecast_2102,2025-03-29 14:00:00,13790.289091179975,15053.620826882458,11763.142678082268
forecast_2103,2025-03-29 15:00:00,14643.919232988426,15516.60116034685,12332.234359035047
forecast_2104,2025-03-29 16:00:00,14953.68415491488,15824.961202029112,12435.801436578306
forecast_2105,2025-03-29 17:00:00,14943.183362106842,15598.996222191827,12308.877942072248
forecast_2106,2025-03-29 18:00:00,14453.741717679764,14450.193649991666,11225.459305922197
forecast_2107,2025-03-29 19:00:00,13999.25802350748,13205.8687214779,10520.90834654374
forecast_2108,2025-03-29 20:00:00,13740.475811433713,13441.938257370273,10555.182515287086
forecast_2109,2025-03-29 21:00:00,13693.589556670864,13759.31494113796,11169.41594192951
forecast_2110,2025-03-29 22:00:00,13614.813724236978,13575.047446558,11633.29751474763
forecast_2111,2025-03-29 23:00:00,12584.632314669494,12282.304518928004,11710.01955006894
forecast_2112,2025-03-30 00:00:00,13327.506838505478,12270.504489264711,11430.572570201486
forecast_2113,2025-03-30 01:00:00,12186.9135370637,11720.198364884965,10891.17613526112
forecast_2114,2025-03-30 02:00:00,11561.202201646043,11062.819243478025,10557.29555373953
forecast_2115,2025-03-30 03:00:00,11666.943707921131,10440.88093376738,9636.168601485131
forecast_2116,2025-03-30 04:00:00,11350.157188430223,13680.667980202326,9135.278859380029
forecast_2117,2025-03-30 05:00:00,11099.153956356866,12637.450567881264,8528.469693485946
forecast_2118,2025-03-30 06:00:00,10487.872456418234,11836.47251897545,8164.494981552401
forecast_2119,2025-03-30 07:00:00,9750.138721176372,9811.222258545711,7625.706732446972
forecast_2120,2025-03-30 08:00:00,8667.468694842048,8070.217268836963,6819.48188938397
forecast_2121,2025-03-30 09:00:00,7711.054994986043,7449.70723826361,6551.414045472012
forecast_2122,2025-03-30 10:00:00,8235.834820638203,8095.367510075914,7059.588501896168
forecast_2123,2025-03-30 11:00:00,9284.565384790618,8776.346288953298,7705.0111947317055
forecast_2124,2025-03-30 12:00:00,10960.621641720774,10252.193916384307,8660.922898954123
forecast_2125,2025-03-30 13:00:00,11512.968647030093,11321.500967092152,8974.031851990729
forecast_2126,2025-03-30 14:00:00,11351.337814695715,10934.47769024858,8729.142873074143
forecast_2127,2025-03-30 15:00:00,9794.916941565674,9714.803191789872,7748.636886104918
forecast_2128,2025-03-30 16:00:00,8124.756719038602,7902.418933274233,6000.156443830623
forecast_2129,2025-03-30 17:00:00,7588.469710351344,7670.991218810512,5597.4311932319
forecast_2130,2025-03-30 18:00:00,7232.014950853266,7452.200273597762,5488.104474290239
forecast_2131,2025-03-30 19:00:00,7576.648790258109,7911.086153246497,5966.136780330766
forecast_2132,2025-03-30 20:00:00,7910.035784001209,8294.866919358106,6643.8959721027995
forecast_2133,2025-03-30 21:00:00,8809.9177783559,9517.726456410035,7154.951911460167
forecast_2134,2025-03-30 22:00:00,8780.10254609888,9320.002940654955,7350.44770527704
forecast_2135,2025-03-30 23:00:00,9892.75150098882,10852.62227005108,8332.195033550599
forecast_2136,2025-03-31 00:00:00,10072.172255752144,11166.169367094188,8621.101782999564
forecast_2137,2025-03-31 01:00:00,14155.795573790043,16859.080203098983,14785.010143106632
forecast_2138,2025-03-31 02:00:00,14193.331892100843,16935.415569989975,14817.639219026327
forecast_2139,2025-03-31 03:00:00,15231.924340419911,17086.846411147373,14741.437083791272
forecast_2140,2025-03-31 04:00:00,15800.415979901367,17324.90298032603,15096.777701929643
forecast_2141,2025-03-31 05:00:00,16099.98337112949,17583.703803474607,14344.695918852181
forecast_2142,2025-03-31 06:00:00,15643.531256915305,17283.975132104737,13384.380270089465
forecast_2143,2025-03-31 07:00:00,13636.282696492475,14446.678063212506,11363.063129272005
forecast_2144,2025-03-31 08:00:00,10158.522323294836,11201.923722903624,7971.530085475705
forecast_2145,2025-03-31 09:00:00,6222.856350959622,6403.521306181449,4190.28860459983
forecast_2146,2025-03-31 10:00:00,4341.881684156844,4324.509390832516,3798.5825901242697
forecast_2147,2025-03-31 11:00:00,3835.475106142048,3883.528497852995,3512.368920794202
forecast_2148,2025-03-31 12:00:00,3859.4768190992263,3732.7132056774212,3394.4217893577566
forecast_2149,2025-03-31 13:00:00,3628.5111713128626,3595.3016971424795,3474.950966111675
forecast_2150,2025-03-31 14:00:00,3764.4247860903147,3628.1173601940964,3423.1042538069437
forecast_2151,2025-03-31 15:00:00,3837.322042185574,3872.1623236257115,3509.2660311653326
forecast_2152,2025-03-31 16:00:00,3998.7645216455626,3928.550579659968,3779.414209504721
forecast_2153,2025-03-31 17:00:00,4392.134027185315,4341.953534434462,4695.106376656208
forecast_2154,2025-03-31 18:00:00,5105.148073984705,5033.2754518337215,5230.4592145224715
forecast_2155,2025-03-31 19:00:00,6895.370187426392,6976.60767547808,6099.341934131978
forecast_2156,2025-03-31 20:00:00,9264.052295149782,9338.293942078677,7657.462767338511
forecast_2157,2025-03-31 21:00:00,10908.19527282142,11162.248351122298,9023.591866461034
forecast_2158,2025-03-31 22:00:00,12320.80956976364,12719.262474945132,10504.284698815409
forecast_2159,2025-03-31 23:00:00,13800.353168452582,14073.445325366576,11414.336141848302
forecast_2160,2025-04-01 00:00:00,14639.678275731421,14771.958801840565,12110.326044956919
forecast_2161,2025-04-01 01:00:00,8921.14118625269,8844.935238983358,6788.7099218300655
forecast_2162,2025-04-01 02:00:00,8369.389464295118,8291.993303820995,6763.782817518598
forecast_2163,2025-04-01 03:00:00,8280.440337891561,8208.929170994536,6706.583431708011
forecast_2164,2025-04-01 04:00:00,8151.136780060234,8034.065327497634,6396.056620755865
forecast_2165,2025-04-01 05:00:00,7569.905638133398,7451.352920764818,5945.604404127814
forecast_2166,2025-04-01 06:00:00,6768.200929407616,6234.251311983715,4871.579802749659
forecast_2167,2025-04-01 07:00:00,5002.031833952183,4653.279898211481,4392.803743897998
forecast_2168,2025-04-01 08:00:00,4107.852496050604,4012.367677140933,3527.334788210239
forecast_2169,2025-04-01 09:00:00,3609.003789080357,3513.1592963071903,2783.2072935993565
forecast_2170,2025-04-01 10:00:00,3671.834411079063,3801.4997378546345,2811.175544278959
forecast_2171,2025-04-01 11:00:00,4080.479051696284,3929.5074511258113,2282.443979723079
forecast_2172,2025-04-01 12:00:00,1678.6178800381072,1313.0273588457474,204.4952164369238
forecast_2173,2025-04-01 13:00:00,214.81242283040913,1157.4619062877316,219.04961300022214
forecast_2174,2025-04-01 14:00:00,3370.480950174757,3531.638555790509,2861.2680988332413
forecast_2175,2025-04-01 15:00:00,3594.892107286848,3857.79122502014,3101.8813085784195
forecast_2176,2025-04-01 16:00:00,3829.965557968915,3731.6852969667484,3143.3384446168284
forecast_2177,2025-04-01 17:00:00,3735.984569730413,3754.444419111821,3267.509774861245
forecast_2178,2025-04-01 18:00:00,3718.345670535381,3672.5004499066645,3253.9632937851775
forecast_2179,2025-04-01 19:00:00,3107.7647424225447,3034.21584360286,3229.0194281228237
forecast_2180,2025-04-01 20:00:00,3529.6767007189555,3535.1643213823754,2723.0350472621435
forecast_2181,2025-04-01 21:00:00,3409.5596952516526,3313.656636602645,2308.518441504085
forecast_2182,2025-04-01 22:00:00,3387.074425190852,3392.42086795353,2768.2880613690554
forecast_2183,2025-04-01 23:00:00,3377.1219120506285,3531.3867667362124,3278.6789722633393
forecast_2184,2025-04-02 00:00:00,3627.946694500541,4674.83268281188,3401.0230929563695
forecast_2185,2025-04-02 01:00:00,3731.8835788688766,5384.112861212875,4522.475630207407
forecast_2186,2025-04-02 02:00:00,3523.180727034934,4120.011123014198,4586.423561677238
forecast_2187,2025-04-02 03:00:00,3689.2190738698027,3805.0758350586248,3564.2968151570435
forecast_2188,2025-04-02 04:00:00,2985.5770611044713,3597.692829543865,2080.8715298551
forecast_2189,2025-04-02 05:00:00,3685.5236553002087,3459.8186149004164,1071.683072435866
forecast_2190,2025-04-02 06:00:00,3890.452885796071,3360.0753938555054,76.45754489958996
forecast_2191,2025-04-02 07:00:00,3019.108858269833,2998.8030043942763,38.95180752047801
forecast_2192,2025-04-02 08:00:00,2700.013232194367,3124.4279742639683,26.11830620485532
forecast_2193,2025-04-02 09:00:00,2541.030978730167,3024.677982073712,46.71588861294507
forecast_2194,2025-04-02 10:00:00,2479.2423921248014,3142.4118792627464,135.31097009743624
forecast_2195,2025-04-02 11:00:00,4161.875138917557,3683.553219126099,2171.7201964686665
forecast_2196,2025-04-02 12:00:00,2497.143583505798,2387.6923541038764,318.2360920323537
forecast_2197,2025-04-02 13:00:00,3307.6757717675932,2683.729071262084,1722.737064219397
forecast_2198,2025-04-02 14:00:00,2996.385071818194,2839.2205994983,2461.662842455458
forecast_2199,2025-04-02 15:00:00,3005.4656591599355,3421.7011608136922,2697.6295118517155
forecast_2200,2025-04-02 16:00:00,3234.6664405664037,3365.8257294252335,2768.750504098284
forecast_2201,2025-04-02 17:00:00,4983.511249234435,3690.4461403435644,2941.9455491529025
forecast_2202,2025-04-02 18:00:00,2945.1423415968297,3235.406472633693,1965.6820461683888
forecast_2203,2025-04-02 19:00:00,3896.528368314589,5582.779574999343,2457.8048637504426
forecast_2204,2025-04-02 20:00:00,4429.920968761843,4077.0824746836506,1461.3776250146038
forecast_2205,2025-04-02 21:00:00,3795.790474249247,3554.4900412891216,3364.0070119794773
forecast_2206,2025-04-02 22:00:00,4178.2364378007105,3571.148957909835,3571.6445472210967
forecast_2207,2025-04-02 23:00:00,3997.8291857647314,3781.4700127108104,3326.161722817163
forecast_2208,2025-04-03 00:00:00,3644.257980711837,3489.097900609008,3088.070390652131
forecast_2209,2025-04-03 01:00:00,3208.2451123658634,3330.89727063671,3442.208593027969
forecast_2210,2025-04-03 02:00:00,3059.073826403906,3302.1555675088,3380.508553837902
forecast_2211,2025-04-03 03:00:00,3264.6855554099106,3273.3102698481575,3432.9474443947965
forecast_2212,2025-04-03 04:00:00,3433.4232129361267,3429.618073958799,3475.563293178914
forecast_2213,2025-04-03 05:00:00,3541.857223472228,3588.691202266057,3235.634921118456
forecast_2214,2025-04-03 06:00:00,3613.1029388679262,3777.9844351317474,3229.744210636268
forecast_2215,2025-04-03 07:00:00,3483.5059210482655,3531.9695297580315,3227.9308245202315
forecast_2216,2025-04-03 08:00:00,3410.2496065167657,3416.2804870240966,3226.2841239678132
forecast_2217,2025-04-03 09:00:00,3528.949575017435,3566.3000384236016,3528.3121805899427
forecast_2218,2025-04-03 10:00:00,4674.946454342778,3438.2835639842256,4200.284041071654
forecast_2219,2025-04-03 11:00:00,3825.7284968215968,3621.6946229211544,3941.1728267228
forecast_2220,2025-04-03 12:00:00,3212.4829330973184,3017.189769729938,1870.2105925345627
forecast_2221,2025-04-03 13:00:00,2780.7352631392714,2744.3107081382236,1828.2017412284056
forecast_2222,2025-04-03 14:00:00,254.47253408778877,2402.024929862918,1212.1346227341726
forecast_2223,2025-04-03 15:00:00,5469.4652413843605,3597.970500710991,1390.9066298821047
forecast_2224,2025-04-03 16:00:00,4758.0641619835305,3805.017859793947,206.30092008275548
forecast_2225,2025-04-03 17:00:00,2987.2730972484055,3568.73309479348,87.17092355573769
forecast_2226,2025-04-03 18:00:00,3425.3653269488077,4519.995139671033,1324.641557403969
forecast_2227,2025-04-03 19:00:00,3504.362991380402,3916.859628440687,1555.2591442144023
forecast_2228,2025-04-03 20:00:00,3096.917132984314,3111.227130691034,4349.127123124876
forecast_2229,2025-04-03 21:00:00,3336.844454284436,3032.5597744855963,5315.244249567726
forecast_2230,2025-04-03 22:00:00,3147.9337630462833,2939.806596060808,6999.379385631229
forecast_2231,2025-04-03 23:00:00,3450.2245318217233,3468.1358659942566,3195.4625007397976
forecast_2232,2025-04-04 00:00:00,3814.1047382532256,3682.002617730687,3535.785832587223
forecast_2233,2025-04-04 01:00:00,6135.681740909733,6354.859354660137,3887.960009520123
forecast_2234,2025-04-04 02:00:00,6882.578460213131,6747.720384974653,4465.904421338612
forecast_2235,2025-04-04 03:00:00,9162.484374415602,8981.546811997558,5461.140589383985
forecast_2236,2025-04-04 04:00:00,9182.05484931504,9727.28673758727,6456.509433412644
forecast_2237,2025-04-04 05:00:00,10326.807232353762,11257.571113330638,7131.789848048288
forecast_2238,2025-04-04 06:00:00,10980.328850379077,10993.926020664134,7034.473392525407
forecast_2239,2025-04-04 07:00:00,10000.837116434948,9931.039202201926,6279.147249866988
forecast_2240,2025-04-04 08:00:00,8011.038123438093,7395.147504304999,4954.300098116841
forecast_2241,2025-04-04 09:00:00,4886.222346188204,4659.9440804348405,3781.088344945484
forecast_2242,2025-04-04 10:00:00,3739.8418421234246,3702.188270715816,3336.8772722557487
forecast_2243,2025-04-04 11:00:00,5150.333676448818,3440.1246887396283,3213.037123549568
forecast_2244,2025-04-04 12:00:00,4537.344320225335,4101.360256337738,2473.315898837558
forecast_2245,2025-04-04 13:00:00,3650.0669799118095,3436.7351271846533,2827.449353329858
forecast_2246,2025-04-04 14:00:00,3583.7457458553827,3333.037426009488,2882.2066605166265
forecast_2247,2025-04-04 15:00:00,3413.88511842349,3462.7334726545623,2907.2833990211
forecast_2248,2025-04-04 16:00:00,3507.5310506809637,3366.670578830987,3265.839759983585
forecast_2249,2025-04-04 17:00:00,3693.0451446529823,3476.1250897496066,3149.5829822639453
forecast_2250,2025-04-04 18:00:00,3673.320638351496,3576.898552827638,3209.4818404662497
forecast_2251,2025-04-04 19:00:00,3821.161427966355,3880.844865010385,3278.027905489442
forecast_2252,2025-04-04 20:00:00,3995.212645704903,4062.7516952521264,3438.411281299887
forecast_2253,2025-04-04 21:00:00,4406.014865221844,4635.994593373079,3648.05404606792
forecast_2254,2025-04-04 22:00:00,4144.944250858758,4313.119696048124,3756.762087502742
forecast_2255,2025-04-04 23:00:00,3880.869666745212,4345.890195103541,3655.978025599412
forecast_2256,2025-04-05 00:00:00,4315.665069499618,4647.407953626102,3697.877968882606
forecast_2257,2025-04-05 01:00:00,10504.470076688613,11273.148568587527,6822.615369897202
forecast_2258,2025-04-05 02:00:00,10592.301222956306,11373.748754869179,6534.34969640059
forecast_2259,2025-04-05 03:00:00,11429.902084239398,12120.420491470983,7099.191608673963
forecast_2260,2025-04-05 04:00:00,10831.99721786093,11690.284023576587,7684.221219736224
forecast_2261,2025-04-05 05:00:00,10940.340981759487,11696.673425182707,6280.503800116474
forecast_2262,2025-04-05 06:00:00,9957.943609583668,11550.705531975798,7822.4838542635525
forecast_2263,2025-04-05 07:00:00,9374.963310547884,10602.798862877546,7124.026861409484
forecast_2264,2025-04-05 08:00:00,9153.438295702214,10396.148163712593,6482.196693273846
forecast_2265,2025-04-05 09:00:00,7387.578058747059,7992.8482402213,4864.4292923053345
forecast_2266,2025-04-05 10:00:00,5415.894211819922,5437.06702507069,4669.7276931355755
forecast_2267,2025-04-05 11:00:00,6607.318176722162,8071.356311135631,5632.2747032680145
forecast_2268,2025-04-05 12:00:00,9527.787508074522,11387.61160420624,9043.465453570478
forecast_2269,2025-04-05 13:00:00,12106.010031938831,13040.4734285845,10847.497545277623
forecast_2270,2025-04-05 14:00:00,12873.108934379276,14413.821641706772,11141.339083904186
forecast_2271,2025-04-05 15:00:00,13141.15772769871,15532.06397264399,12264.366297173758
forecast_2272,2025-04-05 16:00:00,16714.954703325755,16887.977699770105,12939.59816301156
forecast_2273,2025-04-05 17:00:00,15732.065968034054,16969.364299753663,14454.782429953464
forecast_2274,2025-04-05 18:00:00,15713.686939189683,16194.83094639522,14533.30879948411
forecast_2275,2025-04-05 19:00:00,15641.839113966716,16104.789049391451,14034.206670179294
forecast_2276,2025-04-05 20:00:00,15001.508708451945,16209.610514363967,13689.439346416175
forecast_2277,2025-04-05 21:00:00,15304.373123841322,17112.416029643304,13724.664500446874
forecast_2278,2025-04-05 22:00:00,15454.684438840692,17143.726324479074,13500.6662259739
forecast_2279,2025-04-05 23:00:00,16140.770734008687,17806.201361005285,13785.769654984208
forecast_2280,2025-04-06 00:00:00,16257.654929864244,18354.77003512549,14459.907992459628
forecast_2281,2025-04-06 01:00:00,15620.44606277962,17071.94451000949,15319.049041189553
forecast_2282,2025-04-06 02:00:00,15942.727011471643,17930.10452507767,15354.3570957958
forecast_2283,2025-04-06 03:00:00,16197.016100904148,18198.986234844706,15688.162701808764
forecast_2284,2025-04-06 04:00:00,16134.103290822515,17905.41429835679,15688.255679074733
forecast_2285,2025-04-06 05:00:00,16247.45032001155,17372.44156602835,14783.519768559945
forecast_2286,2025-04-06 06:00:00,15418.088305627482,17811.07450647667,14265.09242970434
forecast_2287,2025-04-06 07:00:00,15027.393533085316,16558.04906334689,13918.266871104694
forecast_2288,2025-04-06 08:00:00,14656.241507029652,17096.884965894442,13111.99172140869
forecast_2289,2025-04-06 09:00:00,13322.224450176042,15497.382776126724,12049.290635878058
forecast_2290,2025-04-06 10:00:00,12852.351863056503,13423.555436556415,10991.350413537351
forecast_2291,2025-04-06 11:00:00,12959.542930741363,13092.795284221553,10351.782994248131
forecast_2292,2025-04-06 12:00:00,12546.334498256112,12955.05528094278,10233.397856089263
forecast_2293,2025-04-06 13:00:00,13402.533111515693,12903.336182723573,10412.970157979327
forecast_2294,2025-04-06 14:00:00,13474.644661190983,13173.20625090729,9864.806790094932
forecast_2295,2025-04-06 15:00:00,13334.855722701293,13105.331093399842,9968.363112921845
forecast_2296,2025-04-06 16:00:00,13433.413173707142,13097.321743984156,10455.387500250767
forecast_2297,2025-04-06 17:00:00,13298.514211768332,13416.212281208114,10703.70717768597
forecast_2298,2025-04-06 18:00:00,13511.191549265033,14529.567742999052,11713.860335565732
forecast_2299,2025-04-06 19:00:00,14662.043784097505,15042.547422608539,12117.631884806075
forecast_2300,2025-04-06 20:00:00,14719.58782082626,15484.988169147333,12588.71904189161
forecast_2301,2025-04-06 21:00:00,14865.022864287725,16106.067622665816,13191.227380492097
forecast_2302,2025-04-06 22:00:00,14491.93540419162,16421.95253508818,13340.011348255164
forecast_2303,2025-04-06 23:00:00,14212.284493629546,16842.75587054769,13629.140126619106
forecast_2304,2025-04-07 00:00:00,14206.965520487815,16143.981720827514,13758.571365988191
forecast_2305,2025-04-07 01:00:00,15714.556073744086,18004.89092064275,15496.426657471653
forecast_2306,2025-04-07 02:00:00,15377.878877800325,17569.97644234853,14852.730556207887
forecast_2307,2025-04-07 03:00:00,15098.523755310005,17535.0539593216,14293.116601196583
forecast_2308,2025-04-07 04:00:00,14549.46603718919,17639.3118444968,13486.852743982328
forecast_2309,2025-04-07 05:00:00,14636.64847801787,16497.70723979552,13253.171228114043
forecast_2310,2025-04-07 06:00:00,15002.472995811206,16019.158466308378,12594.955313377675
forecast_2311,2025-04-07 07:00:00,14971.7663448893,15784.335322890534,11973.35035989929
forecast_2312,2025-04-07 08:00:00,14675.756079411027,15013.239608447484,11098.111625951005
forecast_2313,2025-04-07 09:00:00,13183.342356726227,13907.471418388037,9835.910779108024
forecast_2314,2025-04-07 10:00:00,12018.793519478195,12865.732624947812,8859.605754496497
forecast_2315,2025-04-07 11:00:00,10701.675000178107,11594.416285650319,7950.0311899590715
forecast_2316,2025-04-07 12:00:00,10403.054541832982,11246.466290269333,7470.977887270363
forecast_2317,2025-04-07 13:00:00,10764.635543720498,10680.251857640977,7531.456739374988
forecast_2318,2025-04-07 14:00:00,11048.083085608865,11279.89254997091,8350.740519929957
forecast_2319,2025-04-07 15:00:00,12433.959844437659,12895.594871048672,10460.16557694555
forecast_2320,2025-04-07 16:00:00,13400.483105188068,13850.052703607775,12421.673367950278
forecast_2321,2025-04-07 17:00:00,15245.673905964746,16330.295508134792,13851.806671500663
forecast_2322,2025-04-07 18:00:00,15782.651662614055,17034.07852354401,15507.437570981652
forecast_2323,2025-04-07 19:00:00,17056.37884342262,17829.010521899512,17043.608387880606
forecast_2324,2025-04-07 20:00:00,17124.04659413912,18664.755530577608,17427.522362149895
forecast_2325,2025-04-07 21:00:00,17760.13918052342,19587.26606426287,18979.228417030165
forecast_2326,2025-04-07 22:00:00,18278.145714404473,19714.837056916018,19339.73670533129
forecast_2327,2025-04-07 23:00:00,18842.245907819506,19805.0714746729,19326.06996529356
forecast_2328,2025-04-08 00:00:00,19878.311573702857,19948.85237555474,19334.80875679435
forecast_2329,2025-04-08 01:00:00,19938.047133496,19884.857372747494,19352.610258214805
forecast_2330,2025-04-08 02:00:00,19886.88369129451,19816.709508920652,19364.1952882819
forecast_2331,2025-04-08 03:00:00,19895.457932997997,19834.612176402632,19477.875624818946
forecast_2332,2025-04-08 04:00:00,19692.171189242436,19852.85507077234,19333.689775875097
forecast_2333,2025-04-08 05:00:00,19820.969195069203,19519.961119492502,19335.11451774957
forecast_2334,2025-04-08 06:00:00,19212.920734178395,19405.114085600562,18893.537050365307
forecast_2335,2025-04-08 07:00:00,18711.354383498357,19147.133615787672,17735.937167259246
forecast_2336,2025-04-08 08:00:00,17888.986904516052,18521.14702500334,15514.91679824747
forecast_2337,2025-04-08 09:00:00,16628.05223843902,17627.6634566434,13273.468794508786
forecast_2338,2025-04-08 10:00:00,15486.636409386037,16101.99070729789,11328.638035784954
forecast_2339,2025-04-08 11:00:00,14430.723460208346,14639.02004941767,10033.220203388528
forecast_2340,2025-04-08 12:00:00,13453.61489107973,13691.406261978096,8913.719571691085
forecast_2341,2025-04-08 13:00:00,12456.273257656314,12434.90233885489,8438.305499376658
forecast_2342,2025-04-08 14:00:00,11128.532778555094,10903.255359510837,8244.592247153703
forecast_2343,2025-04-08 15:00:00,8946.674416707376,9311.143135071523,6641.121085353801
forecast_2344,2025-04-08 16:00:00,6811.15914983257,6921.283237278946,4937.610223705724
forecast_2345,2025-04-08 17:00:00,4207.369878263113,4105.835565909535,3703.928283207909
forecast_2346,2025-04-08 18:00:00,4101.275646360673,3940.86748427148,3576.335837546374
forecast_2347,2025-04-08 19:00:00,3567.4352205159357,3477.9240296134953,3070.028063744445
forecast_2348,2025-04-08 20:00:00,3678.38369026962,3683.869184931865,2934.4140477898395
forecast_2349,2025-04-08 21:00:00,3240.527875105607,3600.841409206543,2876.096697587237
forecast_2350,2025-04-08 22:00:00,3201.6214109604903,3153.1567290332464,2664.7274341077964
forecast_2351,2025-04-08 23:00:00,3160.2782998392186,3034.9677066447935,2834.0283750154867
forecast_2352,2025-04-09 00:00:00,3507.248669854622,3244.6552449621126,2680.773036250701
forecast_2353,2025-04-09 01:00:00,3585.8183263155274,3798.36508920176,5701.76851465562
forecast_2354,2025-04-09 02:00:00,3639.3694914214097,3490.2003583407477,5218.364550280725
forecast_2355,2025-04-09 03:00:00,3544.144914577134,3560.145676690468,4551.203233455819
forecast_2356,2025-04-09 04:00:00,2991.814960311107,3454.851699507342,2756.2870374460704
forecast_2357,2025-04-09 05:00:00,3697.39880484694,3868.75439686295,3643.4988780349963
forecast_2358,2025-04-09 06:00:00,3395.069917074997,3339.7899393721277,4366.396630651443
forecast_2359,2025-04-09 07:00:00,3411.3678482136506,3452.229420593735,4686.398564706835
forecast_2360,2025-04-09 08:00:00,3518.0684360016103,3479.0581951884105,2818.541035544326
forecast_2361,2025-04-09 09:00:00,3685.2779279474216,3809.033632547572,3331.028583575159
forecast_2362,2025-04-09 10:00:00,3700.482092186884,3635.6976200038216,3712.1738652237273
forecast_2363,2025-04-09 11:00:00,3468.4035938690017,3497.354411053491,3451.46536125836
forecast_2364,2025-04-09 12:00:00,3805.5252381602813,3798.3739848586292,3436.1077841586184
forecast_2365,2025-04-09 13:00:00,3850.377470619539,4000.035574509405,3336.1819442781584
forecast_2366,2025-04-09 14:00:00,4226.583347159633,4586.986323802119,3751.371146761383
forecast_2367,2025-04-09 15:00:00,6238.343791845381,5909.5945212381475,4296.408005531299
forecast_2368,2025-04-09 16:00:00,6427.431325541916,8806.682860771636,4332.903466276376
forecast_2369,2025-04-09 17:00:00,6977.058433666721,7597.2528800251375,4890.348523382391
forecast_2370,2025-04-09 18:00:00,10312.144329281515,9813.35556942291,4955.745826353385
forecast_2371,2025-04-09 19:00:00,7429.4546585427515,8876.285930347887,5264.430901127117
forecast_2372,2025-04-09 20:00:00,7246.514028835731,8110.5231720727925,5583.120029265823
forecast_2373,2025-04-09 21:00:00,5804.40179282952,5942.385388363963,4684.483895123248
forecast_2374,2025-04-09 22:00:00,6709.751649952963,7653.811893018075,5086.98033811148
forecast_2375,2025-04-09 23:00:00,7099.56506200319,7624.248811759492,5550.829955840813
forecast_2376,2025-04-10 00:00:00,7418.244159410481,8464.11096858876,5969.2132584233605
forecast_2377,2025-04-10 01:00:00,6272.448178835234,7729.194013798685,5248.69927608409
forecast_2378,2025-04-10 02:00:00,7814.655489204915,8450.425630980044,5228.56746499449
forecast_2379,2025-04-10 03:00:00,8695.432068488055,9950.853641136828,6000.932234402289
forecast_2380,2025-04-10 04:00:00,8978.042357539967,10096.90884696924,5851.963889441797
forecast_2381,2025-04-10 05:00:00,8223.983829455548,9058.280705918907,5540.687558729001
forecast_2382,2025-04-10 06:00:00,7181.325381890254,8024.369364197259,5271.976663047871
forecast_2383,2025-04-10 07:00:00,7504.390977616451,6963.226455264049,4203.557647765795
forecast_2384,2025-04-10 08:00:00,5855.0391730194615,5838.490837740723,4002.473107859414
forecast_2385,2025-04-10 09:00:00,5161.116480784162,5177.434189299953,3751.9796691194656
forecast_2386,2025-04-10 10:00:00,4898.884306604838,4696.686927785592,3771.174034392581
forecast_2387,2025-04-10 11:00:00,4308.506967483704,4805.062473772191,3622.3453656420375
forecast_2388,2025-04-10 12:00:00,3847.972416578525,3843.9666840306863,3372.8843800693026
forecast_2389,2025-04-10 13:00:00,3586.3644679333706,3535.9929574360735,3298.7279823636027
forecast_2390,2025-04-10 14:00:00,3702.9549993498,3491.0203850877324,3160.2721830672626
forecast_2391,2025-04-10 15:00:00,3826.781403300437,3849.2795960757558,3559.2237909968385
forecast_2392,2025-04-10 16:00:00,4115.835377918654,3918.446208781646,3989.101491798605
forecast_2393,2025-04-10 17:00:00,4605.959793311266,4293.22561298998,3607.3198896649797
forecast_2394,2025-04-10 18:00:00,3861.1979797678664,3538.57161914799,3091.665387846187
forecast_2395,2025-04-10 19:00:00,3722.666401410063,3853.875367619246,3382.659252982944
forecast_2396,2025-04-10 20:00:00,3743.7035189035864,3654.8916272851434,3214.0128714321213
forecast_2397,2025-04-10 21:00:00,3706.452347725299,3516.17530693516,3222.112545225946
forecast_2398,2025-04-10 22:00:00,3910.8599587229533,3719.704945799244,3324.8063647329905
forecast_2399,2025-04-10 23:00:00,3911.894466376834,3888.9430795763155,3391.1179690873923
forecast_2400,2025-04-11 00:00:00,3895.052272365411,3888.9003839307543,3399.5605115859703
forecast_2401,2025-04-11 01:00:00,3621.77617370367,3044.3724848230613,3191.6685495036913
forecast_2402,2025-04-11 02:00:00,3178.3262745533066,2997.402619005821,3348.3847190045462
forecast_2403,2025-04-11 03:00:00,3352.734172346996,3193.308596448662,3171.1609504968646
forecast_2404,2025-04-11 04:00:00,3402.659749563673,3130.32517457527,3323.105252212593
forecast_2405,2025-04-11 05:00:00,3280.304900637305,3334.298110171449,3250.280515099836
forecast_2406,2025-04-11 06:00:00,3512.917048371011,3468.7638366515234,3092.2435274142904
forecast_2407,2025-04-11 07:00:00,3558.760763457527,3351.382531247707,2869.944828928799
forecast_2408,2025-04-11 08:00:00,3690.075038281597,3764.015041108493,2525.6119794669153
forecast_2409,2025-04-11 09:00:00,3285.6156001838667,3467.1757844168965,1051.6189447114875
forecast_2410,2025-04-11 10:00:00,3335.4093164486735,3541.6650506373803,9.341386206186604
forecast_2411,2025-04-11 11:00:00,2338.3078345421022,2408.5902081208724,21.938374627651047
forecast_2412,2025-04-11 12:00:00,58.30805080602235,1183.1754052848285,90.7677654700381
forecast_2413,2025-04-11 13:00:00,147.99148744947544,185.99518654501722,162.860713794021
forecast_2414,2025-04-11 14:00:00,2209.54656358822,2381.1100939034304,1886.0623398566568
forecast_2415,2025-04-11 15:00:00,3398.4040809500716,3727.42491956697,3326.710966016484
forecast_2416,2025-04-11 16:00:00,4391.789129895428,4328.846723442202,3207.4584010622466
forecast_2417,2025-04-11 17:00:00,4184.467186398059,4666.00962340432,3148.72577699016
forecast_2418,2025-04-11 18:00:00,3853.385004349315,4764.900959133451,2848.960684301751
forecast_2419,2025-04-11 19:00:00,3935.4920758302205,3770.9085214667452,3329.02214094401
forecast_2420,2025-04-11 20:00:00,4616.914978726634,4244.527839620916,3781.5496063126934
forecast_2421,2025-04-11 21:00:00,4294.933405682843,4284.623729703333,3692.972158670158
forecast_2422,2025-04-11 22:00:00,4205.1224415037705,4512.08983806003,3790.9408889292754
forecast_2423,2025-04-11 23:00:00,4367.21005756177,4786.026970376785,3932.496366112408
forecast_2424,2025-04-12 00:00:00,4379.4627309704765,4923.353653868179,3899.0904481304624
forecast_2425,2025-04-12 01:00:00,3852.3534977535446,3860.058267899694,3589.858150416672
forecast_2426,2025-04-12 02:00:00,3883.5402220631486,3773.8126740044495,3702.4511620919093
forecast_2427,2025-04-12 03:00:00,4149.532041220293,4030.4153279029533,3619.4799040372795
forecast_2428,2025-04-12 04:00:00,4113.361043731498,3922.5165897605507,3786.264756153135
forecast_2429,2025-04-12 05:00:00,5074.13695742447,5436.26187148089,3781.699742131365
forecast_2430,2025-04-12 06:00:00,5537.248283157478,5905.239583283712,4247.756648264841
forecast_2431,2025-04-12 07:00:00,5856.669869708066,6107.027870720237,4624.748866190885
forecast_2432,2025-04-12 08:00:00,5880.944831708256,6253.092022125627,5351.3501549959765
forecast_2433,2025-04-12 09:00:00,8157.946890160253,9784.705318871785,6639.476937901204
forecast_2434,2025-04-12 10:00:00,9931.681325048728,12000.83921422334,8350.949696913556
forecast_2435,2025-04-12 11:00:00,9324.286244661584,11354.772529955837,8387.19442390852
forecast_2436,2025-04-12 12:00:00,12047.856151385977,13861.010009361527,9728.488994385805
forecast_2437,2025-04-12 13:00:00,12394.009552701596,14755.896073026868,10895.68788126506
forecast_2438,2025-04-12 14:00:00,12529.151459011835,15145.574944348768,10918.762662470774
forecast_2439,2025-04-12 15:00:00,12705.306375894388,14428.887896869212,10138.575126869797
forecast_2440,2025-04-12 16:00:00,13644.353607292041,13774.75690131057,9588.210094833028
forecast_2441,2025-04-12 17:00:00,11873.440147904172,12526.268164316563,9813.839278956479
forecast_2442,2025-04-12 18:00:00,12718.062680986925,13980.631153547256,10512.624565581655
forecast_2443,2025-04-12 19:00:00,14609.129926444528,15831.561331951312,13048.48199701252
forecast_2444,2025-04-12 20:00:00,15555.160050577782,16140.112439859371,14430.964439061245
forecast_2445,2025-04-12 21:00:00,16118.270532231765,16798.022241152994,15427.825634459236
forecast_2446,2025-04-12 22:00:00,16892.880652672542,17811.142675658117,16493.51639512389
forecast_2447,2025-04-12 23:00:00,17331.620870866765,17906.818498295044,16126.207632450956
forecast_2448,2025-04-13 00:00:00,17458.192130814157,18057.740949560117,17161.903983105854
forecast_2449,2025-04-13 01:00:00,15181.457450198786,16608.77297967491,15487.772039891075
forecast_2450,2025-04-13 02:00:00,15216.407972347179,17279.429358057965,15156.988048246854
forecast_2451,2025-04-13 03:00:00,16121.864492453928,17629.410558984615,15388.452363634577
forecast_2452,2025-04-13 04:00:00,16941.376214221535,19164.70253718406,16783.764761084258
forecast_2453,2025-04-13 05:00:00,17550.718794823355,19315.661291317625,17623.631038463478
forecast_2454,2025-04-13 06:00:00,18315.415026407347,19896.588434571335,18502.181434582824
forecast_2455,2025-04-13 07:00:00,18885.902485213042,19927.72207333241,19353.802377891378
forecast_2456,2025-04-13 08:00:00,19901.337667197025,20044.396569796267,19324.19704017576
forecast_2457,2025-04-13 09:00:00,19906.384249225666,20083.846359594445,19355.546517114282
forecast_2458,2025-04-13 10:00:00,18296.050591381678,19685.296319141904,19337.66700577042
forecast_2459,2025-04-13 11:00:00,17905.55097631908,19365.133067786872,19323.068921349306
forecast_2460,2025-04-13 12:00:00,17659.938854194148,19023.15863202299,18554.611237044166
forecast_2461,2025-04-13 13:00:00,17711.955585861077,19022.008586523487,18508.70040766299
forecast_2462,2025-04-13 14:00:00,17673.675877522102,19096.471943740708,18494.53100282574
forecast_2463,2025-04-13 15:00:00,17629.442106515977,19019.3172506916,18386.421019157468
forecast_2464,2025-04-13 16:00:00,17746.344862466736,19259.800694074143,18465.21351849724
forecast_2465,2025-04-13 17:00:00,17930.256727548745,19432.20725681133,18882.077464264043
forecast_2466,2025-04-13 18:00:00,18186.34866785889,18656.3486316183,18535.989279710593
forecast_2467,2025-04-13 19:00:00,17619.46097217888,18191.6797561382,18307.897566365078
forecast_2468,2025-04-13 20:00:00,16236.785040156321,17029.583156382952,18257.814524817804
forecast_2469,2025-04-13 21:00:00,15421.176231946256,16085.337418751797,17848.75158705775
forecast_2470,2025-04-13 22:00:00,14779.03574580137,15437.713561457069,17098.837401349294
forecast_2471,2025-04-13 23:00:00,14792.949619898045,16313.467032317987,16935.3032639611
forecast_2472,2025-04-14 00:00:00,15006.4595432089,15783.166535399949,16479.815955788785
forecast_2473,2025-04-14 01:00:00,12542.219927609554,14277.03238117603,12810.335452043097
forecast_2474,2025-04-14 02:00:00,12948.60720579648,15192.203433472469,10456.16318517103
forecast_2475,2025-04-14 03:00:00,10671.681176311335,12525.468508232132,7462.178367455252
forecast_2476,2025-04-14 04:00:00,8259.932471846478,10145.350145499015,7568.720147834655
forecast_2477,2025-04-14 05:00:00,6043.4615449897865,7883.517164496642,6086.818966032798
forecast_2478,2025-04-14 06:00:00,4972.082689195649,6124.979469490183,4895.259838049392
forecast_2479,2025-04-14 07:00:00,4340.527788851739,5086.044117919633,3941.9285765249233
forecast_2480,2025-04-14 08:00:00,3996.053836843062,3856.3387880482105,3647.1395912766425
forecast_2481,2025-04-14 09:00:00,4126.232941554423,3818.623755742281,3509.780828214492
forecast_2482,2025-04-14 10:00:00,3971.3151434280726,3689.515397766635,3354.55652833036
forecast_2483,2025-04-14 11:00:00,3704.1049711691144,3415.213146936172,3192.052991987286
forecast_2484,2025-04-14 12:00:00,3356.314130197464,3621.2481158870983,3332.874385341404
forecast_2485,2025-04-14 13:00:00,3590.3943530589354,4175.17414824165,3379.7176555390956
forecast_2486,2025-04-14 14:00:00,3313.991854021122,3257.073576609157,3186.8914468868043
forecast_2487,2025-04-14 15:00:00,3974.2926986469756,3792.8422100232565,3433.007997757209
forecast_2488,2025-04-14 16:00:00,4482.468449326814,4090.634137060166,3353.231441804683
forecast_2489,2025-04-14 17:00:00,3386.6376883369217,2807.621390726839,3184.2155457159815
forecast_2490,2025-04-14 18:00:00,3137.2801853606043,3251.7387751522247,3163.0893635000325
forecast_2491,2025-04-14 19:00:00,3827.6329111245545,3754.809689151416,3517.6373796695484
forecast_2492,2025-04-14 20:00:00,4490.57711395067,4529.0592002869225,3436.0331274940136
forecast_2493,2025-04-14 21:00:00,4725.693743013371,5085.346389901683,3693.090006225497
forecast_2494,2025-04-14 22:00:00,4459.465852493461,5421.089072208936,3729.9021627189204
forecast_2495,2025-04-14 23:00:00,5491.045436335794,5673.10219419815,3822.6736828976814
forecast_2496,2025-04-15 00:00:00,5603.6454429990135,5767.024459935667,3808.1135509925994
forecast_2497,2025-04-15 01:00:00,7871.605179376985,8671.572533612867,4964.084203965794
forecast_2498,2025-04-15 02:00:00,7986.907196429087,8254.508885362367,5664.742622827305
forecast_2499,2025-04-15 03:00:00,7542.41397668007,7828.034219283837,5317.025671481644
forecast_2500,2025-04-15 04:00:00,7566.180799603522,7678.668380007576,5354.780273216315
forecast_2501,2025-04-15 05:00:00,7488.266298828812,7946.066288465034,5288.166393101344
forecast_2502,2025-04-15 06:00:00,7474.762634747867,7458.1230489001055,5584.883775375455
forecast_2503,2025-04-15 07:00:00,7474.188719708013,7764.909067632973,5756.211901923924
forecast_2504,2025-04-15 08:00:00,8127.137591398999,8321.348613902743,6293.946360011959
forecast_2505,2025-04-15 09:00:00,8176.27791106776,9585.898225866153,6071.74746365738
forecast_2506,2025-04-15 10:00:00,9086.399475459768,9872.809731152149,6899.4279401939475
forecast_2507,2025-04-15 11:00:00,9502.725804428223,9549.791225546023,7122.747800301652
forecast_2508,2025-04-15 12:00:00,9663.640497091266,9087.336645568987,7234.299916802845
forecast_2509,2025-04-15 13:00:00,9048.426076766285,8457.849459135547,7352.620634802482
forecast_2510,2025-04-15 14:00:00,9219.64958488959,8781.548985390109,8321.47110583378
forecast_2511,2025-04-15 15:00:00,9845.615951858532,9303.74885487402,9360.951056265056
forecast_2512,2025-04-15 16:00:00,10660.22186125685,10373.712054746858,9743.15127629365
forecast_2513,2025-04-15 17:00:00,11597.016534422188,11584.035638990521,10233.274284379953
forecast_2514,2025-04-15 18:00:00,12822.467472006001,13013.04983141466,11032.733801076221
forecast_2515,2025-04-15 19:00:00,13982.65451629201,14216.362746394438,11819.6481731303
forecast_2516,2025-04-15 20:00:00,15020.776825411356,16187.23209924923,12708.770350679111
forecast_2517,2025-04-15 21:00:00,15349.650754447648,17391.467769686882,14737.807697191145
forecast_2518,2025-04-15 22:00:00,16505.665179615156,18036.89432964942,16990.635598587265
forecast_2519,2025-04-15 23:00:00,16412.453568252044,18158.452364717963,17056.414020558517
forecast_2520,2025-04-16 00:00:00,16226.551446912583,17631.485201441676,15222.137944703636
forecast_2521,2025-04-16 01:00:00,17257.291024784383,17695.22257277055,15731.481010483258
forecast_2522,2025-04-16 02:00:00,16734.77470719191,17254.852621075795,15087.696733636094
forecast_2523,2025-04-16 03:00:00,16458.550523154005,17059.917041384306,14181.930863499385
forecast_2524,2025-04-16 04:00:00,16221.58407355643,17031.165011912726,14397.933640495294
forecast_2525,2025-04-16 05:00:00,16083.869340900605,16820.16338058093,14595.383302552875
forecast_2526,2025-04-16 06:00:00,16220.706592310245,17153.856178210754,14552.117987281223
forecast_2527,2025-04-16 07:00:00,15467.748895069119,15708.052821392646,13605.593985917683
forecast_2528,2025-04-16 08:00:00,15031.628353436878,14751.463856322496,12635.811080054145
forecast_2529,2025-04-16 09:00:00,11641.315878135158,14227.946232248134,12062.321052433985
forecast_2530,2025-04-16 10:00:00,12466.358624313765,12308.887815286473,10319.997307047774
forecast_2531,2025-04-16 11:00:00,11074.553824925086,11079.460956500556,9771.415218212735
forecast_2532,2025-04-16 12:00:00,10731.721723619075,10506.662503564297,10216.127111163829
forecast_2533,2025-04-16 13:00:00,11563.360791432551,11594.252508688834,11486.437521002266
forecast_2534,2025-04-16 14:00:00,11935.404756849028,12111.00247198028,12729.600467157492
forecast_2535,2025-04-16 15:00:00,12002.288017038567,13026.6413301502,13791.826924469466
forecast_2536,2025-04-16 16:00:00,12951.115369073728,14433.178414830623,14917.57242897955
forecast_2537,2025-04-16 17:00:00,14027.076465191756,16230.01165944062,14832.817997717699
forecast_2538,2025-04-16 18:00:00,15696.190252251092,16956.931004211234,15339.5324161435
forecast_2539,2025-04-16 19:00:00,16721.534454875717,17718.897144041537,16906.86946377735
forecast_2540,2025-04-16 20:00:00,17130.756880579964,18328.678778033176,17418.06870801745
forecast_2541,2025-04-16 21:00:00,17051.41620334421,18600.43497128414,18070.737095561704
forecast_2542,2025-04-16 22:00:00,17341.042500941072,18708.88226108783,17924.68058093171
forecast_2543,2025-04-16 23:00:00,17925.811815833255,18947.31192705296,18034.159521796566
forecast_2544,2025-04-17 00:00:00,18390.5258748241,19039.795623619575,18098.372435136313
forecast_2545,2025-04-17 01:00:00,18790.55331652944,19076.52432415024,18303.655325984233
forecast_2546,2025-04-17 02:00:00,18893.59646118414,19257.115112217234,17835.301327171248
forecast_2547,2025-04-17 03:00:00,18400.43691721333,18856.316241168588,17778.504709187626
forecast_2548,2025-04-17 04:00:00,16712.69463612462,17795.180572404282,16836.53820639151
forecast_2549,2025-04-17 05:00:00,16052.60830580455,16560.912133939917,15900.31768880156
forecast_2550,2025-04-17 06:00:00,16575.005180291857,16556.617873075123,16853.24240105227
forecast_2551,2025-04-17 07:00:00,16289.590707972277,18693.461614868607,16767.69128435513
forecast_2552,2025-04-17 08:00:00,14627.598818613573,16960.863890845012,15943.679724331949
forecast_2553,2025-04-17 09:00:00,15739.16244767146,17067.824456518352,12999.666319718634
forecast_2554,2025-04-17 10:00:00,14763.81754432726,16188.233280542647,10296.02809091709
forecast_2555,2025-04-17 11:00:00,13811.797058564212,13870.313814103392,10316.464295099793
forecast_2556,2025-04-17 12:00:00,12135.571435602918,12073.32115046142,9400.419802207947
forecast_2557,2025-04-17 13:00:00,11757.966045734025,11570.758017754864,8278.617377917013
forecast_2558,2025-04-17 14:00:00,10536.462297281982,11205.886875195134,7944.37491996409
forecast_2559,2025-04-17 15:00:00,10380.241836379186,11447.058014267323,8847.825433479522
forecast_2560,2025-04-17 16:00:00,10762.504607923243,11653.08659875763,10368.908621108634
forecast_2561,2025-04-17 17:00:00,11010.167228407046,12365.799197667971,11522.27531914897
forecast_2562,2025-04-17 18:00:00,11486.358583910996,13549.409701918552,12190.477715531182
forecast_2563,2025-04-17 19:00:00,12284.228567915554,14420.971308477103,12646.306627504826
forecast_2564,2025-04-17 20:00:00,11708.963140592088,15122.857446666776,11870.785860629763
forecast_2565,2025-04-17 21:00:00,15231.529258142391,15252.935619668133,12156.328701224053
forecast_2566,2025-04-17 22:00:00,12048.875976507254,15531.030592571331,11569.79479169195
forecast_2567,2025-04-17 23:00:00,14964.782562023871,17547.149834740478,13832.837297388223
forecast_2568,2025-04-18 00:00:00,15627.60241152374,18003.483280494107,15091.428807580602
forecast_2569,2025-04-18 01:00:00,17518.748905331286,19589.547077879757,17912.111625878326
forecast_2570,2025-04-18 02:00:00,17739.43118977132,19576.952864346204,17856.025689608774
forecast_2571,2025-04-18 03:00:00,18249.982255675513,19757.45908177322,19152.859356954068
forecast_2572,2025-04-18 04:00:00,18410.711512011967,19907.845281859976,19097.270415632953
forecast_2573,2025-04-18 05:00:00,18146.172651267014,19283.049843264478,17807.428388514694
forecast_2574,2025-04-18 06:00:00,17645.755739914435,18688.782472215727,15352.318941209687
forecast_2575,2025-04-18 07:00:00,16580.154102040076,17336.16725778265,13886.46584991563
forecast_2576,2025-04-18 08:00:00,15531.333079623995,16594.660513915343,13444.710401854565
forecast_2577,2025-04-18 09:00:00,14447.481093157448,15530.809927120303,12834.518954385565
forecast_2578,2025-04-18 10:00:00,14198.341028602508,15043.28380879993,12841.153838005388
forecast_2579,2025-04-18 11:00:00,12579.27071240111,13343.169051883135,11627.909005244897
forecast_2580,2025-04-18 12:00:00,10920.996026364204,11644.740787809109,10471.54898505025
forecast_2581,2025-04-18 13:00:00,10107.777332371665,10594.819412009288,8736.479854292595
forecast_2582,2025-04-18 14:00:00,9067.356284051757,9382.48278117367,8108.528480419661
forecast_2583,2025-04-18 15:00:00,8512.440241471351,8565.55741466848,7495.859683663556
forecast_2584,2025-04-18 16:00:00,7553.750273272856,7711.454463695889,6632.886713557574
forecast_2585,2025-04-18 17:00:00,7254.23359466727,7309.827576120912,6580.541035710644
forecast_2586,2025-04-18 18:00:00,7239.876130354936,7680.174168024331,6292.219135676927
forecast_2587,2025-04-18 19:00:00,8205.892849031161,8699.204243428441,8383.747482048047
forecast_2588,2025-04-18 20:00:00,9915.687857116942,10922.860311945982,8819.404993925207
forecast_2589,2025-04-18 21:00:00,10996.105922273151,12350.621731313831,9986.584752487213
forecast_2590,2025-04-18 22:00:00,11843.762126164973,13446.273219461438,10556.003910416935
forecast_2591,2025-04-18 23:00:00,11266.631464827848,13835.997956149122,9731.76806348048
forecast_2592,2025-04-19 00:00:00,11549.210491634823,12670.408413761548,9268.08162000761
forecast_2593,2025-04-19 01:00:00,10757.026362834109,14109.337578218569,10767.2376148905
forecast_2594,2025-04-19 02:00:00,11636.684432354976,14414.690145555978,11518.897966429176
forecast_2595,2025-04-19 03:00:00,13158.202716102322,15403.246929978473,12211.37044686928
forecast_2596,2025-04-19 04:00:00,14013.617947281915,15614.907889231017,12618.096761293145
forecast_2597,2025-04-19 05:00:00,14597.770228333633,15778.985935812721,12215.683837123115
forecast_2598,2025-04-19 06:00:00,13414.422954937572,15930.631897789588,11702.024086850814
forecast_2599,2025-04-19 07:00:00,13338.61280483526,15962.520600636644,10998.057636357818
forecast_2600,2025-04-19 08:00:00,12933.657998882945,15461.293750808485,10860.69644925045
forecast_2601,2025-04-19 09:00:00,14824.454254283983,16656.856015150886,11421.167688332962
forecast_2602,2025-04-19 10:00:00,13333.48292716249,15878.294119800186,11150.125248404054
forecast_2603,2025-04-19 11:00:00,13760.023297722264,15395.815795875324,12020.37125456416
forecast_2604,2025-04-19 12:00:00,14887.285008144287,16061.457670720682,13111.698328971566
forecast_2605,2025-04-19 13:00:00,14572.170584494015,16978.66199722807,14596.300545866423
forecast_2606,2025-04-19 14:00:00,16370.46245743733,17385.148923472134,16121.255624539708
forecast_2607,2025-04-19 15:00:00,16776.50408757118,17825.102250780543,16400.788649013004
forecast_2608,2025-04-19 16:00:00,17509.811442589846,18362.98489076517,17136.84908313248
forecast_2609,2025-04-19 17:00:00,17734.3476138857,18495.05189074461,17446.024864520477
forecast_2610,2025-04-19 18:00:00,17222.07901290468,17969.530029984617,17407.392949963032
forecast_2611,2025-04-19 19:00:00,16319.023509437344,17187.064307268098,16228.973363689835
forecast_2612,2025-04-19 20:00:00,16048.272672825706,15669.985495427809,15678.091995936065
forecast_2613,2025-04-19 21:00:00,15121.091357947189,14460.994581372428,14432.535033447937
forecast_2614,2025-04-19 22:00:00,13911.65110967279,13623.561150943082,12804.358671137126
forecast_2615,2025-04-19 23:00:00,11814.631532288437,13690.661598369541,9763.101012944098
forecast_2616,2025-04-20 00:00:00,10723.30597618009,11244.781081870713,8609.626698457827
forecast_2617,2025-04-20 01:00:00,9078.152369767955,9700.454068386305,6243.491689001406
forecast_2618,2025-04-20 02:00:00,7513.137588228935,8028.756722135063,5515.826100064148
forecast_2619,2025-04-20 03:00:00,5145.2924184813,5733.833681182534,4241.822200252528
forecast_2620,2025-04-20 04:00:00,4212.054182070432,4149.1670836942185,3301.1472367672764
forecast_2621,2025-04-20 05:00:00,3399.0699735617686,3373.4265444385405,3157.155176251624
forecast_2622,2025-04-20 06:00:00,3763.349484258304,3614.415729693924,3620.32825684914
forecast_2623,2025-04-20 07:00:00,3751.187748578029,3835.8108139049896,1730.9860716235585
forecast_2624,2025-04-20 08:00:00,3411.524448287301,3619.4325870432426,80.42143718759277
forecast_2625,2025-04-20 09:00:00,3482.484234151973,3668.3988573570077,78.07241025615328
forecast_2626,2025-04-20 10:00:00,3995.4227065604596,3797.2725267161964,1129.834242550597
forecast_2627,2025-04-20 11:00:00,4244.976160757044,4003.3318839800227,1102.6041698202127
forecast_2628,2025-04-20 12:00:00,4062.406908930302,2691.8966668891726,143.2343793054085
forecast_2629,2025-04-20 13:00:00,2742.2894655684736,2493.934667404125,194.23297590931574
forecast_2630,2025-04-20 14:00:00,293.2339661479127,2672.7597099335835,274.9647256131499
forecast_2631,2025-04-20 15:00:00,3537.5030740282546,2694.6243395909937,293.3162592883828
forecast_2632,2025-04-20 16:00:00,4747.772240499715,3325.6019868012563,261.6125934451785
forecast_2633,2025-04-20 17:00:00,3518.418600186639,3439.7924811804337,214.84120032723615
forecast_2634,2025-04-20 18:00:00,3258.835346817018,3219.6339143308023,905.3915557789625
forecast_2635,2025-04-20 19:00:00,2739.4527009907906,2768.569910508205,1660.689431300918
forecast_2636,2025-04-20 20:00:00,3270.0136132133703,3143.363811942584,1932.5064271182457
forecast_2637,2025-04-20 21:00:00,3823.5429941068633,3766.605164815052,3882.3627227778907
forecast_2638,2025-04-20 22:00:00,4018.713808623577,3554.5876781712245,4752.761286896898
forecast_2639,2025-04-20 23:00:00,3903.514408500982,3689.777625430111,5514.789209091622
forecast_2640,2025-04-21 00:00:00,4637.336786582841,3884.651567042094,5491.215508102016
forecast_2641,2025-04-21 01:00:00,2962.5521336635293,3155.9914057633896,124.369779616018
forecast_2642,2025-04-21 02:00:00,3143.2229814404322,3217.6729358012353,7998.109112388182
forecast_2643,2025-04-21 03:00:00,3104.1564918102035,2799.9894003101676,4381.630497335005
forecast_2644,2025-04-21 04:00:00,3004.6890471855045,2941.0502067634243,4009.9325120854946
forecast_2645,2025-04-21 05:00:00,3248.546759492542,3148.5746626396444,1806.8086548222047
forecast_2646,2025-04-21 06:00:00,3037.541964641309,3339.6380016416065,2098.7954065551166
forecast_2647,2025-04-21 07:00:00,3307.2313806733096,3583.6383542341223,2742.69216306805
forecast_2648,2025-04-21 08:00:00,3333.9866999901437,3626.4857564398344,3182.4371698230193
forecast_2649,2025-04-21 09:00:00,3437.106086453549,3457.102139645573,3310.680170828519
forecast_2650,2025-04-21 10:00:00,3501.89355429142,3578.1681594417346,3398.0391951542383
forecast_2651,2025-04-21 11:00:00,3746.975477131798,3750.297041643952,3621.4659755198063
forecast_2652,2025-04-21 12:00:00,3435.996697188874,3656.0064634845926,3595.5060256828865
forecast_2653,2025-04-21 13:00:00,3416.916197659225,3974.4953838479964,3648.7972378365002
forecast_2654,2025-04-21 14:00:00,3519.919196310626,3939.3156098805744,3677.314859793632
forecast_2655,2025-04-21 15:00:00,3549.699603859484,3856.8096583196516,3566.5626706518806
forecast_2656,2025-04-21 16:00:00,3868.5233509227205,3777.2656436787033,3552.4222407466805
forecast_2657,2025-04-21 17:00:00,3726.999532547974,3805.229548448084,3519.1973173208553
forecast_2658,2025-04-21 18:00:00,3855.5906138718815,3801.78469591171,3512.830010148712
forecast_2659,2025-04-21 19:00:00,3890.751819652411,4023.893059918986,3794.901361202147
forecast_2660,2025-04-21 20:00:00,5663.5900099799155,6471.0976839725,4243.635436140363
forecast_2661,2025-04-21 21:00:00,6167.370370792892,7552.535029631207,4824.138468281259
forecast_2662,2025-04-21 22:00:00,7140.054466023187,8466.545548490238,5024.144866443991
forecast_2663,2025-04-21 23:00:00,8294.935683451356,9725.947293703026,5816.5073948302315
forecast_2664,2025-04-22 00:00:00,9268.907811892403,10764.401462656819,6574.999539926909
forecast_2665,2025-04-22 01:00:00,9093.665050627895,10113.260710485914,6917.264543373412
forecast_2666,2025-04-22 02:00:00,9297.232547844202,10238.385936936878,6086.285874785423
forecast_2667,2025-04-22 03:00:00,8205.27732435696,9056.248599532228,5318.66368968183
forecast_2668,2025-04-22 04:00:00,7715.623598173672,8654.211670298853,4884.123284181275
forecast_2669,2025-04-22 05:00:00,6901.082093053763,7322.522576193191,4326.218239665459
forecast_2670,2025-04-22 06:00:00,6055.659184166129,7209.917597033109,4020.00239831541
forecast_2671,2025-04-22 07:00:00,4821.23134358127,5121.241755618629,3427.9607758964457
forecast_2672,2025-04-22 08:00:00,5277.030847043218,5905.304844613068,4234.1442137901
forecast_2673,2025-04-22 09:00:00,5544.843334237041,5993.687812460945,5017.647469808111
forecast_2674,2025-04-22 10:00:00,7312.471907021513,9581.349069188498,7114.787292233729
forecast_2675,2025-04-22 11:00:00,8898.738282196573,11046.226105977885,8047.5816527203215
forecast_2676,2025-04-22 12:00:00,10968.134839389793,13680.746749876971,8280.238743595472
forecast_2677,2025-04-22 13:00:00,11643.543135553597,12522.669363872727,7926.002866292155
forecast_2678,2025-04-22 14:00:00,10527.055987715492,11584.4117940665,8025.649225107335
forecast_2679,2025-04-22 15:00:00,6484.91271264944,7149.1018191160165,5151.133350828912
forecast_2680,2025-04-22 16:00:00,4974.716662471298,5329.220890194431,3796.0083569501708
forecast_2681,2025-04-22 17:00:00,3658.8643873962524,3504.4602428795556,3398.0000653669827
forecast_2682,2025-04-22 18:00:00,3555.274633768453,3611.9789355790735,3556.3326996329747
forecast_2683,2025-04-22 19:00:00,3922.5515232789,4016.246664150683,3744.4203572776073
forecast_2684,2025-04-22 20:00:00,4114.0625354509875,4264.811621832092,3624.7292674084647
forecast_2685,2025-04-22 21:00:00,4077.775089767527,3976.881364209281,3604.380255822538
forecast_2686,2025-04-22 22:00:00,3925.828066924322,4152.849881704455,3637.8134687781835
forecast_2687,2025-04-22 23:00:00,5021.661622228926,5515.771679947062,3772.0252363145896
forecast_2688,2025-04-23 00:00:00,5731.034818136291,6330.892592786522,4144.910019959831
forecast_2689,2025-04-23 01:00:00,6290.401543976398,7338.210738400547,5331.346072940685
forecast_2690,2025-04-23 02:00:00,5797.833998589532,6936.699377622568,4821.213912152541
forecast_2691,2025-04-23 03:00:00,5050.821391293905,5473.276577746633,3869.5940345026834
forecast_2692,2025-04-23 04:00:00,5271.920104114064,5768.168551516352,4013.801436727876
forecast_2693,2025-04-23 05:00:00,4790.821915002082,4797.8938099332545,4020.7370828549974
forecast_2694,2025-04-23 06:00:00,3888.6047466056984,4104.57745572357,3415.2883524176523
forecast_2695,2025-04-23 07:00:00,3861.512323308953,3756.266874009762,3907.741031613512
forecast_2696,2025-04-23 08:00:00,3808.8078169878336,3767.8572848667663,3539.363277737825
forecast_2697,2025-04-23 09:00:00,3693.612150015254,3665.637644382536,3432.1542487021375
forecast_2698,2025-04-23 10:00:00,3871.6775770889726,3397.553770848423,3429.866338424016
forecast_2699,2025-04-23 11:00:00,3769.870891981918,3780.888922154543,3516.1899785842047
forecast_2700,2025-04-23 12:00:00,3918.6885515538115,3825.2541706524344,3422.537037676976
forecast_2701,2025-04-23 13:00:00,2568.5154581363145,2761.7508771379466,1732.7121394247413
forecast_2702,2025-04-23 14:00:00,4734.373121452284,5211.9009076462835,797.646244861633
forecast_2703,2025-04-23 15:00:00,4539.3454955081215,4898.408029785273,2498.9831844360874
forecast_2704,2025-04-23 16:00:00,3836.639893654394,4879.086271043342,2712.4495644350727
forecast_2705,2025-04-23 17:00:00,3310.8235447701304,3538.5432750325926,2806.0905348298984
forecast_2706,2025-04-23 18:00:00,3717.3670154856823,3417.0713103799035,2802.8319969667596
forecast_2707,2025-04-23 19:00:00,3610.1241587343084,3669.7057702877087,2993.9207488759494
forecast_2708,2025-04-23 20:00:00,4607.631056061477,4786.0302646465225,3771.9814207652876
forecast_2709,2025-04-23 21:00:00,6631.8654583185435,6834.848743927461,4751.960222936995
forecast_2710,2025-04-23 22:00:00,9015.935574628862,9263.474221921184,7032.526950409888
forecast_2711,2025-04-23 23:00:00,11043.161555683084,11882.668030308618,9038.778459885343
forecast_2712,2025-04-24 00:00:00,11733.486928689983,12443.675673910118,10060.17055670401
forecast_2713,2025-04-24 01:00:00,15593.303676966078,15201.582432276518,11829.362931105588
forecast_2714,2025-04-24 02:00:00,14279.000388094923,16122.75754290205,11143.816346808666
forecast_2715,2025-04-24 03:00:00,14732.397480598329,16997.919675817866,11751.666122367456
forecast_2716,2025-04-24 04:00:00,15824.119795665763,17443.416331118133,13529.431994690673
forecast_2717,2025-04-24 05:00:00,16593.904566319325,18127.48940331063,13940.211691665947
forecast_2718,2025-04-24 06:00:00,16972.606700949458,18107.70916015283,14178.494721244904
forecast_2719,2025-04-24 07:00:00,16510.375340727758,17719.8889137022,12810.321479056138
forecast_2720,2025-04-24 08:00:00,14443.19877001739,15114.734048237147,10936.449516651519
forecast_2721,2025-04-24 09:00:00,12126.007261324958,12604.76656426437,9413.396017410043
forecast_2722,2025-04-24 10:00:00,10757.09768452551,11052.296264576305,8277.125402975236
forecast_2723,2025-04-24 11:00:00,11170.02786845263,11346.410154161393,8384.3880335469
forecast_2724,2025-04-24 12:00:00,11490.710829416077,11260.284931465421,9105.091969710442
forecast_2725,2025-04-24 13:00:00,12434.488880954452,12617.350420589393,10291.535487697833
forecast_2726,2025-04-24 14:00:00,13189.231997893448,14139.03302387154,11151.760512686182
forecast_2727,2025-04-24 15:00:00,14542.131802206382,15583.408338597881,12401.796418994401
forecast_2728,2025-04-24 16:00:00,15164.837095033416,16743.7784169094,13093.130333339366
forecast_2729,2025-04-24 17:00:00,15800.523016880361,16481.080680548268,13491.961515027546
forecast_2730,2025-04-24 18:00:00,15875.868988446899,16823.603453298667,14513.353198353803
forecast_2731,2025-04-24 19:00:00,16405.850048691475,17040.13432198297,15609.687949248304
forecast_2732,2025-04-24 20:00:00,16765.31358092746,17967.859353772517,16848.335892650804
forecast_2733,2025-04-24 21:00:00,16592.765119090345,17766.10381952278,16634.591068849535
forecast_2734,2025-04-24 22:00:00,16029.842931452624,17474.31592749415,16120.531371415407
forecast_2735,2025-04-24 23:00:00,15554.70598722974,16968.82593572101,15135.756572707094
forecast_2736,2025-04-25 00:00:00,15493.632393659538,16950.840435771526,14760.27127897776
forecast_2737,2025-04-25 01:00:00,14262.631579943163,15752.413401609638,12520.363533023423
forecast_2738,2025-04-25 02:00:00,13219.816252003711,15835.38360375917,11962.609525033778
forecast_2739,2025-04-25 03:00:00,12494.43767495724,15116.056812802544,11032.334186904705
forecast_2740,2025-04-25 04:00:00,12802.775516150716,14258.187782535764,10855.239723456452
forecast_2741,2025-04-25 05:00:00,12234.508875128677,14541.573070381932,10461.981979616983
forecast_2742,2025-04-25 06:00:00,12419.029088687123,14946.685644498475,10245.608133227686
forecast_2743,2025-04-25 07:00:00,13442.824736245118,13920.110404978019,10381.256502300559
forecast_2744,2025-04-25 08:00:00,12783.423807505516,14940.675075070343,9951.561126626497
forecast_2745,2025-04-25 09:00:00,13335.595377066977,13674.457780996636,9790.843394026748
forecast_2746,2025-04-25 10:00:00,13356.143623995242,13644.290546500162,9144.584468166488
forecast_2747,2025-04-25 11:00:00,12762.610930554649,13075.861621354234,8959.20346495592
forecast_2748,2025-04-25 12:00:00,11690.255365596922,12309.374281892693,8239.880731158139
forecast_2749,2025-04-25 13:00:00,11558.68598915681,11577.051190148824,8272.879653357457
forecast_2750,2025-04-25 14:00:00,11579.955890994781,11481.360789983386,8252.156898111933
forecast_2751,2025-04-25 15:00:00,11976.10150485501,11994.661012595341,8641.94898853262
forecast_2752,2025-04-25 16:00:00,12193.06258976607,12270.624337184458,9161.50912478276
forecast_2753,2025-04-25 17:00:00,12610.114047340965,12571.204755878654,9378.411993679452
forecast_2754,2025-04-25 18:00:00,12896.00894600264,12588.525402092955,9186.53425080365
forecast_2755,2025-04-25 19:00:00,13394.12072493065,13011.998320574692,9611.199005984758
forecast_2756,2025-04-25 20:00:00,13506.41417777145,14066.169056022947,10556.845285815796
forecast_2757,2025-04-25 21:00:00,14142.527039568957,15855.751202240912,11752.71080930528
forecast_2758,2025-04-25 22:00:00,13594.279683414486,14112.03228618488,11228.121286933136
forecast_2759,2025-04-25 23:00:00,13097.556035157779,13646.497013009784,10257.432543063096
forecast_2760,2025-04-26 00:00:00,12694.852623030109,13390.903952875264,9570.592168871219
forecast_2761,2025-04-26 01:00:00,9914.981155086982,11161.183620579717,8815.17519320729
forecast_2762,2025-04-26 02:00:00,11117.69529347903,11894.687940977492,9933.386412197633
forecast_2763,2025-04-26 03:00:00,12625.884640026534,13758.73589469576,11191.388318143543
forecast_2764,2025-04-26 04:00:00,13265.136052060469,14508.1886050799,12092.43613235834
forecast_2765,2025-04-26 05:00:00,12373.845362328782,14128.822768374763,11973.794684501716
forecast_2766,2025-04-26 06:00:00,13912.376479128845,15055.932859345226,12186.297444563948
forecast_2767,2025-04-26 07:00:00,14335.152830072933,15733.07955839944,13189.628389975263
forecast_2768,2025-04-26 08:00:00,15235.868504925638,16295.824382097926,13152.102953268773
forecast_2769,2025-04-26 09:00:00,15134.179636299648,16201.719885084285,12627.850667044451
forecast_2770,2025-04-26 10:00:00,14972.338301763259,15819.54388960774,11623.314680033767
forecast_2771,2025-04-26 11:00:00,13756.730559301031,14300.86419965675,11099.123456567148
forecast_2772,2025-04-26 12:00:00,13736.432055137328,14050.709001896785,11064.579424747857
forecast_2773,2025-04-26 13:00:00,13886.207817641181,14238.923676675447,11159.765547656601
forecast_2774,2025-04-26 14:00:00,14581.442474807523,14650.782000595424,11626.039517982248
forecast_2775,2025-04-26 15:00:00,15121.589295380267,15116.298342952645,12265.855215543288
forecast_2776,2025-04-26 16:00:00,15734.27351357959,16293.362123657316,13513.204199410282
forecast_2777,2025-04-26 17:00:00,16133.32496782129,17103.900330437908,15403.947795400372
forecast_2778,2025-04-26 18:00:00,17140.751447389037,17872.059795539924,16647.176408729574
forecast_2779,2025-04-26 19:00:00,17715.69026541204,18775.023614108788,17742.818670407265
forecast_2780,2025-04-26 20:00:00,18510.140695120215,19244.456230120046,19136.653643437334
forecast_2781,2025-04-26 21:00:00,19484.79220035198,19892.088930678856,19329.947535010844
forecast_2782,2025-04-26 22:00:00,19896.032841030057,19926.798735753368,19646.125485940916
forecast_2783,2025-04-26 23:00:00,19911.951588946322,20001.955386546906,19689.562094666893
forecast_2784,2025-04-27 00:00:00,19891.99044598532,20049.29497756902,19669.967578589723
forecast_2785,2025-04-27 01:00:00,19890.71483603287,20004.098454757663,19326.27265449491
forecast_2786,2025-04-27 02:00:00,19717.949558585842,19918.876745421996,19336.68987101281
forecast_2787,2025-04-27 03:00:00,19398.2304914671,19911.732801294278,19327.258557639594
forecast_2788,2025-04-27 04:00:00,19050.294386630372,19600.152758674532,19324.83251221833
forecast_2789,2025-04-27 05:00:00,19717.11018172179,19544.53019862424,19376.999398871187
forecast_2790,2025-04-27 06:00:00,19109.135590897804,19306.197944519747,19332.4996472502
forecast_2791,2025-04-27 07:00:00,19021.67884137843,19376.146763863413,19320.28132364947
forecast_2792,2025-04-27 08:00:00,18492.3465715926,19507.78793942985,19040.83258139078
forecast_2793,2025-04-27 09:00:00,17446.324451880468,18587.524843370466,16958.416373669028
forecast_2794,2025-04-27 10:00:00,16985.848124820906,17943.30651860242,15331.807083898775
forecast_2795,2025-04-27 11:00:00,16859.832139187536,17739.053714207177,15301.62690228598
forecast_2796,2025-04-27 12:00:00,17275.300770002337,17854.02272282933,16014.636917277156
forecast_2797,2025-04-27 13:00:00,17551.539804593183,18175.51483409237,15971.393311377436
forecast_2798,2025-04-27 14:00:00,17885.6597856597,18317.231661949572,15781.467295211398
forecast_2799,2025-04-27 15:00:00,17268.388037446406,18320.907514863593,15985.672916378082
forecast_2800,2025-04-27 16:00:00,17101.462163145352,17986.490306675332,16213.281880805076
forecast_2801,2025-04-27 17:00:00,17070.908640346264,17627.77654184704,15703.029789099379
forecast_2802,2025-04-27 18:00:00,16892.123110481854,17735.245946555104,15833.500664857742
forecast_2803,2025-04-27 19:00:00,17269.30441197268,18219.505335423353,16318.61460352722
forecast_2804,2025-04-27 20:00:00,17067.792515529887,18313.208978022456,17091.071057069454
forecast_2805,2025-04-27 21:00:00,17611.203636726896,18686.09741042123,17385.558295568357
forecast_2806,2025-04-27 22:00:00,17882.00998486123,18827.236814886674,17892.029997489317
forecast_2807,2025-04-27 23:00:00,18167.522508995633,18783.335248461983,17451.26508189252
forecast_2808,2025-04-28 00:00:00,18212.951382334282,18660.233695467145,17382.383540197934
forecast_2809,2025-04-28 01:00:00,14960.768157706398,17173.211316719382,15479.324454491785
forecast_2810,2025-04-28 02:00:00,15111.87990531038,17371.93918991295,15285.077501567985
forecast_2811,2025-04-28 03:00:00,14795.465418630984,17191.78349579062,14361.098079572721
forecast_2812,2025-04-28 04:00:00,13315.950195640582,15784.3350894302,12386.868373112678
forecast_2813,2025-04-28 05:00:00,11463.96176525498,13205.77380438958,10116.143451528962
forecast_2814,2025-04-28 06:00:00,9892.351596929797,12713.331895013845,7438.299028550527
forecast_2815,2025-04-28 07:00:00,8595.791297194442,9532.340982386319,5944.62183045787
forecast_2816,2025-04-28 08:00:00,7511.335946978837,8543.20471245427,4560.011224471594
forecast_2817,2025-04-28 09:00:00,6688.141310484884,7649.395893024306,4561.974106293772
forecast_2818,2025-04-28 10:00:00,7019.566535906307,6879.762687928169,4521.841021522397
forecast_2819,2025-04-28 11:00:00,9525.832766889704,8558.467405700516,6322.521287795232
forecast_2820,2025-04-28 12:00:00,10588.739503314351,10295.138817439756,7969.291366396933
forecast_2821,2025-04-28 13:00:00,11607.198669872303,11592.542135274898,9394.44023308135
forecast_2822,2025-04-28 14:00:00,12878.402283214933,13075.04247291147,9610.823198513599
forecast_2823,2025-04-28 15:00:00,11463.05077800681,11670.914416878195,8839.065844645425
forecast_2824,2025-04-28 16:00:00,9358.086983723022,9553.694566227527,7065.132240751046
forecast_2825,2025-04-28 17:00:00,6626.025533734593,6860.266157901153,5121.49864057395
forecast_2826,2025-04-28 18:00:00,5331.793625558238,5279.612529412001,3843.0787200720983
forecast_2827,2025-04-28 19:00:00,4501.073202500834,4657.789045677439,3618.394354578493
forecast_2828,2025-04-28 20:00:00,7927.550159605689,7005.98417808535,4712.445773128507
forecast_2829,2025-04-28 21:00:00,6207.624296717234,6423.469178082132,4231.9433487756705
forecast_2830,2025-04-28 22:00:00,7885.933520651712,6716.818388435059,4262.151013412083
forecast_2831,2025-04-28 23:00:00,5015.6435647756125,6456.290108593484,5944.494343681459
forecast_2832,2025-04-29 00:00:00,5107.335105470299,4977.045226605415,4535.280819225042
forecast_2833,2025-04-29 01:00:00,3614.7578626569125,3601.8795739009643,3247.5647297860696
forecast_2834,2025-04-29 02:00:00,3599.7311460587443,3423.5194637146515,3195.893499218696
forecast_2835,2025-04-29 03:00:00,3587.097002288125,3483.371634860742,3082.523246520558
forecast_2836,2025-04-29 04:00:00,3825.5152937203325,3711.6298914078857,3027.027172634513
forecast_2837,2025-04-29 05:00:00,3922.0898137459726,3765.2577206261767,3838.848364231991
forecast_2838,2025-04-29 06:00:00,4128.462291800939,3937.24971292299,4041.8542953382257
forecast_2839,2025-04-29 07:00:00,4067.5874092811455,3800.5033252547923,3997.8314058273177
forecast_2840,2025-04-29 08:00:00,6779.715080847362,6439.722094114575,4708.423330433595
forecast_2841,2025-04-29 09:00:00,7344.071969223797,7471.526286981551,5224.381006848497
forecast_2842,2025-04-29 10:00:00,7591.974389056148,7464.414844334649,4754.075265011498
forecast_2843,2025-04-29 11:00:00,7352.548264021828,6988.538563097211,4683.881031756959
forecast_2844,2025-04-29 12:00:00,7451.291605582517,6536.628193656847,4535.583920926174
forecast_2845,2025-04-29 13:00:00,6639.94881565343,6087.844291821171,4210.575310117377
forecast_2846,2025-04-29 14:00:00,6412.619402258847,5720.8939235357475,4439.1251801530225
forecast_2847,2025-04-29 15:00:00,6917.52098022223,6666.617848285591,4759.281896194251
forecast_2848,2025-04-29 16:00:00,6520.7260586674465,6598.547974101389,5002.049646431876
forecast_2849,2025-04-29 17:00:00,6503.992267166726,6260.866043516262,5027.10311273859
forecast_2850,2025-04-29 18:00:00,6781.910325384759,6709.237750281711,5474.755839085647
forecast_2851,2025-04-29 19:00:00,8235.484727865269,8515.01074025186,7348.4781693060595
forecast_2852,2025-04-29 20:00:00,11899.68014677344,12898.962423852272,10306.585613106756
forecast_2853,2025-04-29 21:00:00,15223.983344776752,15951.757673315808,13239.744475727899
forecast_2854,2025-04-29 22:00:00,17060.391568941806,18326.29197591734,15409.209568654791
forecast_2855,2025-04-29 23:00:00,18319.670436690063,19381.641310927265,17575.0218973233
forecast_2856,2025-04-30 00:00:00,18467.702969561655,19508.710511392586,18332.676079369536
forecast_2857,2025-04-30 01:00:00,20258.78186104826,20318.629306592036,19335.66969069354
forecast_2858,2025-04-30 02:00:00,20206.284250959114,20315.97956754833,19332.0696507129
forecast_2859,2025-04-30 03:00:00,20108.017630996314,20315.353194744897,19358.736000261455
forecast_2860,2025-04-30 04:00:00,20091.956733098963,20311.868487158084,19343.05107672088
forecast_2861,2025-04-30 05:00:00,19895.16579218651,20000.435891499,19345.7298153034
forecast_2862,2025-04-30 06:00:00,19891.997855548572,19825.00015855082,19162.161059666083
forecast_2863,2025-04-30 07:00:00,17973.415706877146,18655.283567131486,17682.33961048289
forecast_2864,2025-04-30 08:00:00,17415.89844198282,17935.70690355954,16860.12471686957
forecast_2865,2025-04-30 09:00:00,16467.954862116894,17111.010693998218,16509.98668587942
forecast_2866,2025-04-30 10:00:00,13489.782622007555,16695.217425329138,15571.16913237776
forecast_2867,2025-04-30 11:00:00,13015.359743534667,14712.496509925248,13425.868389733774
forecast_2868,2025-04-30 12:00:00,12874.309896538138,14148.098574995513,12095.080453887347
forecast_2869,2025-04-30 13:00:00,12029.61546437158,13086.380010283581,10645.105576501053
forecast_2870,2025-04-30 14:00:00,11315.544046088226,12132.413330531585,10173.836156965199
forecast_2871,2025-04-30 15:00:00,9563.18606847423,10822.75426116699,9398.070664142308
forecast_2872,2025-04-30 16:00:00,8943.793845375807,9973.783553772839,9490.149978681953
forecast_2873,2025-04-30 17:00:00,7728.031784864546,8223.436588384226,6109.1129714762155
forecast_2874,2025-04-30 18:00:00,6683.875613620634,7024.73476972983,5517.850097360832
forecast_2875,2025-04-30 19:00:00,5321.041976909954,6347.930378164515,4379.253679957381
forecast_2876,2025-04-30 20:00:00,6752.039776603062,7991.8535906847255,5094.167691800094
forecast_2877,2025-04-30 21:00:00,9102.1024422523,10966.785612204218,6994.394918318351
forecast_2878,2025-04-30 22:00:00,10412.996259052938,12760.683038064737,8304.685064270907
forecast_2879,2025-04-30 23:00:00,11108.123151699332,13776.346241761752,8953.413505568298
forecast_2880,2025-05-01 00:00:00,11188.159784666506,13927.90386528061,9129.627893317553
forecast_2881,2025-05-01 01:00:00,15417.964403459124,18405.691638214234,11892.575950311651
forecast_2882,2025-05-01 02:00:00,15231.76572659545,18051.28394282085,12110.144637394966
forecast_2883,2025-05-01 03:00:00,15066.249322112595,15843.69283951777,13065.348574235837
forecast_2884,2025-05-01 04:00:00,15297.371843330135,16287.86455383082,14021.922775775041
forecast_2885,2025-05-01 05:00:00,15568.766604914617,16972.302982851525,14471.416171169314
forecast_2886,2025-05-01 06:00:00,17801.25825524431,17457.940645645405,14402.866389864888
forecast_2887,2025-05-01 07:00:00,17927.31152619537,17901.802362949427,15498.86118537459
forecast_2888,2025-05-01 08:00:00,17356.339286042617,17758.392977398926,16094.725829026602
forecast_2889,2025-05-01 09:00:00,17095.324402267714,16095.678735285434,14861.915518845344
forecast_2890,2025-05-01 10:00:00,17170.629201309894,16327.901653546982,14550.171157648449
forecast_2891,2025-05-01 11:00:00,17485.38268028949,16880.37112514483,14437.072786273413
forecast_2892,2025-05-01 12:00:00,17165.49373492076,17459.39080554934,15576.483814368381
forecast_2893,2025-05-01 13:00:00,17575.398921862696,17855.966337902042,15916.065220364328
forecast_2894,2025-05-01 14:00:00,17599.051906873356,18051.436795120382,17576.339648572663
forecast_2895,2025-05-01 15:00:00,17884.17532828314,18034.751370319063,17753.84569558183
forecast_2896,2025-05-01 16:00:00,17291.465652008967,17678.915845264582,17616.401487607374
forecast_2897,2025-05-01 17:00:00,16441.876572443412,17145.964116426516,16241.88155720334
forecast_2898,2025-05-01 18:00:00,13448.072165900714,17023.672979825416,14249.568495622158
forecast_2899,2025-05-01 19:00:00,14568.522362067855,15767.330968539567,13332.828691073133
forecast_2900,2025-05-01 20:00:00,12655.285856852088,15359.547198348055,11881.07674925231
forecast_2901,2025-05-01 21:00:00,13036.80299184714,16984.718179451396,11825.707181208476
forecast_2902,2025-05-01 22:00:00,13105.208967002041,14617.32492469441,12030.503851317724
forecast_2903,2025-05-01 23:00:00,14667.995701873442,16304.472315740426,13393.878801670166
forecast_2904,2025-05-02 00:00:00,16291.521277264805,17565.239194784237,15700.419600685233
forecast_2905,2025-05-02 01:00:00,17602.164220245504,18093.51793176019,15465.89663172671
forecast_2906,2025-05-02 02:00:00,17392.16164158257,17798.185445377298,15501.245492374022
forecast_2907,2025-05-02 03:00:00,16274.729417859728,16818.973381268133,14471.881522736834
forecast_2908,2025-05-02 04:00:00,15948.797290588174,16365.389704482,14264.017461162066
forecast_2909,2025-05-02 05:00:00,16078.666611740735,16840.704236507278,14304.16211461694
forecast_2910,2025-05-02 06:00:00,16240.934504260695,17361.786390559268,14433.272868189606
forecast_2911,2025-05-02 07:00:00,16017.126846793628,17169.097047653515,12725.677381907451
forecast_2912,2025-05-02 08:00:00,15696.614075808528,16160.725188811202,12531.412008310408
forecast_2913,2025-05-02 09:00:00,13682.214629759617,14219.853167904543,11206.293904288854
forecast_2914,2025-05-02 10:00:00,11481.478790217081,12494.36055929468,9461.748603240998
forecast_2915,2025-05-02 11:00:00,9418.304515133448,11125.153153862959,6680.165208568434
forecast_2916,2025-05-02 12:00:00,8659.948128718806,10993.453780194774,5863.8284845345015
forecast_2917,2025-05-02 13:00:00,8234.603727738879,11119.168347713694,5468.274767951291
forecast_2918,2025-05-02 14:00:00,8304.182642865637,10561.702369182016,4773.530167591076
forecast_2919,2025-05-02 15:00:00,7953.842699651217,9604.093620996604,4482.3155750583865
forecast_2920,2025-05-02 16:00:00,8740.60587902406,8858.998114109843,6539.434564389856
forecast_2921,2025-05-02 17:00:00,9555.858734639203,9627.906436459127,5047.909556540974
forecast_2922,2025-05-02 18:00:00,10054.749841746236,9110.9821705091,6366.9132521507945
forecast_2923,2025-05-02 19:00:00,9135.555470345258,9709.215981291094,7431.80396982663
forecast_2924,2025-05-02 20:00:00,9688.708222410429,10068.969593698412,8250.696233008795
forecast_2925,2025-05-02 21:00:00,10400.552169131104,11368.885563423155,8587.034179016524
forecast_2926,2025-05-02 22:00:00,9657.977301765279,10707.146809592874,8337.961738583754
forecast_2927,2025-05-02 23:00:00,10104.465516014026,10652.257507163866,8619.483162151255
forecast_2928,2025-05-03 00:00:00,9882.651723169663,10425.756468823778,9014.789434538565
forecast_2929,2025-05-03 01:00:00,10489.16023581309,10954.94640224412,7342.0397500183335
forecast_2930,2025-05-03 02:00:00,9631.325820530974,10818.613600578883,6897.0704477692425
forecast_2931,2025-05-03 03:00:00,8802.418954944185,9724.673419239973,6439.703951036967
forecast_2932,2025-05-03 04:00:00,7989.323289839162,8156.180959495434,5631.075329379846
forecast_2933,2025-05-03 05:00:00,7117.481649248172,7522.826579732155,5259.1417527988315
forecast_2934,2025-05-03 06:00:00,5519.2506950139805,5559.71884357195,5054.87033739492
forecast_2935,2025-05-03 07:00:00,3910.8858680858903,3923.595302189469,3798.952117806718
forecast_2936,2025-05-03 08:00:00,3871.284695316574,4035.029550608133,3725.3557719968157
forecast_2937,2025-05-03 09:00:00,6113.289182631153,6189.08862627629,4625.6040354936185
forecast_2938,2025-05-03 10:00:00,8379.61148528742,8741.241463835157,6312.296253030406
forecast_2939,2025-05-03 11:00:00,12915.937646208633,13994.486950432482,9197.458058347567
forecast_2940,2025-05-03 12:00:00,12797.197414982342,14232.372343825204,11735.008948657665
forecast_2941,2025-05-03 13:00:00,12587.927666972106,14052.500073788784,11486.375646058781
forecast_2942,2025-05-03 14:00:00,12262.023630874417,13422.249730047482,11271.213073712443
forecast_2943,2025-05-03 15:00:00,13307.889575054936,13646.185789776626,11130.6013757656
forecast_2944,2025-05-03 16:00:00,14013.00782480793,13739.100342478787,11558.41706513344
forecast_2945,2025-05-03 17:00:00,14664.544028165219,13404.342885793742,11748.758551146877
forecast_2946,2025-05-03 18:00:00,13274.847864464055,13309.422619513869,11166.025278874708
forecast_2947,2025-05-03 19:00:00,13773.806348528075,14113.021374305416,11384.73014110272
forecast_2948,2025-05-03 20:00:00,14757.197261731846,15099.295843965658,11764.908330051045
forecast_2949,2025-05-03 21:00:00,15438.227932854881,17023.82769128173,14095.867756647727
forecast_2950,2025-05-03 22:00:00,14630.544051836683,16681.634460237798,11771.89066263929
forecast_2951,2025-05-03 23:00:00,14893.826406782571,17424.06201147996,12440.759664758918
forecast_2952,2025-05-04 00:00:00,14686.160650187714,17087.515600265437,13351.52651917158
forecast_2953,2025-05-04 01:00:00,15405.067178075808,18632.879457470994,15438.397414590972
forecast_2954,2025-05-04 02:00:00,15155.049474182855,18148.65074783969,14777.875164758163
forecast_2955,2025-05-04 03:00:00,15421.832457935621,15863.862846353639,14375.700135687448
forecast_2956,2025-05-04 04:00:00,15285.81951876365,15825.153808321804,14231.313969804316
forecast_2957,2025-05-04 05:00:00,15279.662676185917,17167.21958130298,14279.059276731068
forecast_2958,2025-05-04 06:00:00,15352.296098700259,16367.703883882465,14175.161418811784
forecast_2959,2025-05-04 07:00:00,14611.580579505862,15828.530208860384,13687.975304949576
forecast_2960,2025-05-04 08:00:00,13776.789109508889,14228.89093693251,12516.60727068677
forecast_2961,2025-05-04 09:00:00,13341.294577117009,13706.210452398785,10789.095403411611
forecast_2962,2025-05-04 10:00:00,13298.841411833804,13677.096648706003,10802.80980647688
forecast_2963,2025-05-04 11:00:00,14151.682894672833,14907.122374880726,10160.275899993105
forecast_2964,2025-05-04 12:00:00,14981.432260700863,15856.657165924873,11105.013115140337
forecast_2965,2025-05-04 13:00:00,15558.527153141602,16357.002929589962,14086.704010110532
forecast_2966,2025-05-04 14:00:00,15704.14772052144,16535.876912202464,15101.241744902767
forecast_2967,2025-05-04 15:00:00,15876.028194701104,16597.67980820235,14967.501419200318
forecast_2968,2025-05-04 16:00:00,16400.299111917884,16885.480079690096,15218.18477394304
forecast_2969,2025-05-04 17:00:00,16462.06491350506,17114.70359426404,15644.873003055853
forecast_2970,2025-05-04 18:00:00,16416.375861738605,17143.099322098005,15260.571649329602
forecast_2971,2025-05-04 19:00:00,15397.287978470808,16220.833163564175,13624.965840263223
forecast_2972,2025-05-04 20:00:00,13688.158845498929,15754.587940508676,11909.022636742022
forecast_2973,2025-05-04 21:00:00,11255.578906380051,12761.755639737543,10505.540179579142
forecast_2974,2025-05-04 22:00:00,9358.855607898347,9856.824639016377,7476.552324187494
forecast_2975,2025-05-04 23:00:00,9212.594724581422,8324.84317078852,6042.239614026122
forecast_2976,2025-05-05 00:00:00,5954.89791625444,6101.762353557036,5066.816488592396
forecast_2977,2025-05-05 01:00:00,6821.939513805343,7184.369909731379,4764.943984700716
forecast_2978,2025-05-05 02:00:00,6340.196167266419,6753.193212048266,4628.924194751277
forecast_2979,2025-05-05 03:00:00,6392.339314359126,6367.678639803115,4235.469957050995
forecast_2980,2025-05-05 04:00:00,6825.091638820303,5356.63648969816,3853.2164390319
forecast_2981,2025-05-05 05:00:00,4285.886132688754,4250.743540221961,3340.6187324636403
forecast_2982,2025-05-05 06:00:00,3451.0294313487248,3446.212583954976,2846.179578031779
forecast_2983,2025-05-05 07:00:00,3289.5327465976393,3384.0003822242293,2913.067275570892
forecast_2984,2025-05-05 08:00:00,3498.3370849275857,3364.8460644701977,3586.346235919782
forecast_2985,2025-05-05 09:00:00,3765.333172619712,4393.313054733968,3127.843243977059
forecast_2986,2025-05-05 10:00:00,4101.859212744328,4064.3414391005595,5318.481746406606
forecast_2987,2025-05-05 11:00:00,3950.5457921121188,3950.28824215553,124.0882450211118
forecast_2988,2025-05-05 12:00:00,5235.124530362372,5097.482981258913,1154.7235548772417
forecast_2989,2025-05-05 13:00:00,2927.38009649905,3799.03014786073,1421.5532720857223
forecast_2990,2025-05-05 14:00:00,6940.529034223127,5402.400156349523,1941.690824804521
forecast_2991,2025-05-05 15:00:00,4882.069147047346,5667.70167553572,3325.0253104087838
forecast_2992,2025-05-05 16:00:00,3587.796525023493,3835.8519484762974,3429.1825402630366
forecast_2993,2025-05-05 17:00:00,3312.038441776103,3157.730224186968,2227.2509065674717
forecast_2994,2025-05-05 18:00:00,3795.007232582841,3791.090447421109,3341.69880823295
forecast_2995,2025-05-05 19:00:00,4648.835564571982,5879.486599903564,3510.8992864578427
forecast_2996,2025-05-05 20:00:00,5533.675371321452,7367.460678189018,3997.0507030540884
forecast_2997,2025-05-05 21:00:00,3905.20839748617,4152.515578318134,3775.981850389915
forecast_2998,2025-05-05 22:00:00,5021.904228889015,5605.198784608816,3673.584349145125
forecast_2999,2025-05-05 23:00:00,4104.539799507803,4507.883230728879,3731.7066117638524
forecast_3000,2025-05-06 00:00:00,4076.5500701347432,4215.053348044178,3267.660984332983
forecast_3001,2025-05-06 01:00:00,3662.035824420021,3485.5892788974347,3446.4593771988807
forecast_3002,2025-05-06 02:00:00,3735.5914019938414,3492.920810455097,1946.6831895260248
forecast_3003,2025-05-06 03:00:00,3612.7363197132113,3666.39319401459,3273.8313937097864
forecast_3004,2025-05-06 04:00:00,3696.2076614899456,3762.408092163483,1071.8561428596354
forecast_3005,2025-05-06 05:00:00,3613.2070920767196,3393.583697396513,2551.822071780616
forecast_3006,2025-05-06 06:00:00,2998.513164823712,2944.8226831766633,929.8384495105187
forecast_3007,2025-05-06 07:00:00,3402.6667615264178,3283.301131881277,1301.376014386809
forecast_3008,2025-05-06 08:00:00,3511.412762277163,3277.7036803466967,4068.3652758876688
forecast_3009,2025-05-06 09:00:00,3346.243025718143,3304.398189889014,4563.281877351145
forecast_3010,2025-05-06 10:00:00,3854.836870634207,3657.9892155407993,4892.975927949379
forecast_3011,2025-05-06 11:00:00,2746.991961940722,3125.6205582615803,2147.364214962637
forecast_3012,2025-05-06 12:00:00,2366.1122177827415,2602.4303643964095,1081.5997783636928
forecast_3013,2025-05-06 13:00:00,2614.103486450993,2657.6392512547977,2355.772276618052
forecast_3014,2025-05-06 14:00:00,3830.4198840554354,3640.3106494969825,1332.3722078630276
forecast_3015,2025-05-06 15:00:00,5261.451368059015,3334.7428941935486,295.45191235330793
forecast_3016,2025-05-06 16:00:00,296.9593755289972,2253.6322457361475,1102.051043131913
forecast_3017,2025-05-06 17:00:00,2898.700087437295,3435.7713634031243,2612.158955637613
forecast_3018,2025-05-06 18:00:00,4486.367981477964,4799.3423410779615,2193.9335912050647
forecast_3019,2025-05-06 19:00:00,3433.0009324950815,3044.417800568553,2790.9676334966434
forecast_3020,2025-05-06 20:00:00,3031.9168968958343,2772.5708073362825,5665.794029731775
forecast_3021,2025-05-06 21:00:00,3253.5771611583473,3220.8480494167816,3200.878196057082
forecast_3022,2025-05-06 22:00:00,3737.05702132658,3678.694151547473,3235.8787849342143
forecast_3023,2025-05-06 23:00:00,3890.7590932196003,3806.661272133153,3320.51016679868
forecast_3024,2025-05-07 00:00:00,3604.571657544346,3526.0911874918534,3288.3806556373893
forecast_3025,2025-05-07 01:00:00,3565.186208411492,3584.0747829872084,3323.42574295661
forecast_3026,2025-05-07 02:00:00,3425.7668173685115,3310.9389334480893,3253.1950140253903
forecast_3027,2025-05-07 03:00:00,3097.3076683686254,3288.9041652051797,3100.1321732988927
forecast_3028,2025-05-07 04:00:00,3584.317447039401,3563.6840298637803,3164.388689937185
forecast_3029,2025-05-07 05:00:00,4013.0089156745794,3795.4131594468295,3573.926693832464
forecast_3030,2025-05-07 06:00:00,3854.0257347199235,3992.240190007882,3378.001358878738
forecast_3031,2025-05-07 07:00:00,3999.8657553158387,3975.0720367027043,3262.8846879357093
forecast_3032,2025-05-07 08:00:00,3433.7921926888666,3427.7950229081816,3069.076626471527
forecast_3033,2025-05-07 09:00:00,3559.143365976022,3526.423613691194,3206.9494033577016
forecast_3034,2025-05-07 10:00:00,4076.664252929383,4287.31482930201,3506.6175336019874
forecast_3035,2025-05-07 11:00:00,3596.1496886031796,3340.131771357345,3067.443900288786
forecast_3036,2025-05-07 12:00:00,3517.5480741165607,5415.220017966313,3215.2005470113068
forecast_3037,2025-05-07 13:00:00,3428.735357905004,3245.728116776039,3197.1260152476016
forecast_3038,2025-05-07 14:00:00,3555.4582821249064,3669.8256494905604,3347.3970434237094
forecast_3039,2025-05-07 15:00:00,3524.634880941224,3436.624065632823,3836.069272680415
forecast_3040,2025-05-07 16:00:00,3727.1075002863286,4002.0601205393646,3688.1857311616773
forecast_3041,2025-05-07 17:00:00,3389.580390556942,3994.775903881466,3890.2272013972492
forecast_3042,2025-05-07 18:00:00,3779.4468927049556,3754.877013326419,3279.9268520087066
forecast_3043,2025-05-07 19:00:00,3469.6820799179886,3629.1850507061495,3076.2662814954197
forecast_3044,2025-05-07 20:00:00,3447.486458226311,3258.1448840293856,3080.1444791902463
forecast_3045,2025-05-07 21:00:00,3587.542476722867,3718.127559354849,3246.839654683673
forecast_3046,2025-05-07 22:00:00,4386.775478764387,4445.062469275292,3562.6090719935214
forecast_3047,2025-05-07 23:00:00,4785.437614629408,4539.09773873578,3765.9273986693584
forecast_3048,2025-05-08 00:00:00,5007.200726044135,4903.995525277082,4132.994009890085
forecast_3049,2025-05-08 01:00:00,5556.776251808579,5580.08517572968,3826.4413070379906
forecast_3050,2025-05-08 02:00:00,6424.788391277607,6465.094591784925,4483.554327210883
forecast_3051,2025-05-08 03:00:00,8293.977854391898,8366.167225802386,5807.755057688902
forecast_3052,2025-05-08 04:00:00,10597.085511913996,10624.40395811107,6957.885731948712
forecast_3053,2025-05-08 05:00:00,10667.040107103472,10659.500459262617,7153.828812854878
forecast_3054,2025-05-08 06:00:00,8752.139819800052,8561.749053791935,5934.232348559224
forecast_3055,2025-05-08 07:00:00,6507.653687165658,6005.118579467392,4430.470938518874
forecast_3056,2025-05-08 08:00:00,4313.850578918774,4107.541184151836,3547.3823123522784
forecast_3057,2025-05-08 09:00:00,3572.910942749734,3718.8065989249926,2992.541867838048
forecast_3058,2025-05-08 10:00:00,3371.904682589933,3586.600098539452,3318.5767186924118
forecast_3059,2025-05-08 11:00:00,3367.167821347081,2851.2409625143764,1484.1748220111965
forecast_3060,2025-05-08 12:00:00,6145.48709601894,3140.598359318427,3078.307334014723
forecast_3061,2025-05-08 13:00:00,3409.368587914819,3532.6633547553724,3095.3907257508035
forecast_3062,2025-05-08 14:00:00,4350.286973404878,3657.257810500418,3949.8036268958285
forecast_3063,2025-05-08 15:00:00,3555.3945147610966,3513.1320186434723,3710.306162505944
forecast_3064,2025-05-08 16:00:00,3511.9134770294168,3642.404086381563,3704.5805566072245
forecast_3065,2025-05-08 17:00:00,3737.3284504380513,3517.9322007516175,3301.742743859368
forecast_3066,2025-05-08 18:00:00,3967.0461419127723,3866.462584369864,3504.318155491464
forecast_3067,2025-05-08 19:00:00,3828.1808037930855,3871.569855310675,3779.605887577316
forecast_3068,2025-05-08 20:00:00,3875.1644437805794,3786.015360305601,3867.3896467761947
forecast_3069,2025-05-08 21:00:00,4003.0751285564183,4059.3203932394404,3578.800675000707
forecast_3070,2025-05-08 22:00:00,3814.9779145075654,3789.8591128891535,3428.5637433585216
forecast_3071,2025-05-08 23:00:00,3956.685874290824,4042.39132442448,3621.0852415101936
forecast_3072,2025-05-09 00:00:00,4700.231125612856,5189.289604063327,3824.2210508553994
forecast_3073,2025-05-09 01:00:00,6476.603649278545,7014.684497285136,4779.2168194734295
forecast_3074,2025-05-09 02:00:00,6576.993870824536,7415.664295161548,4318.805048073165
forecast_3075,2025-05-09 03:00:00,5424.325005128915,6098.603153265299,4041.2717281669097
forecast_3076,2025-05-09 04:00:00,5164.1791855321435,4993.969409735876,3784.7683221106436
forecast_3077,2025-05-09 05:00:00,3997.2332516768247,3866.9404857070576,3768.328599651996
forecast_3078,2025-05-09 06:00:00,4121.922233945081,4390.2173858026945,3372.649019755986
forecast_3079,2025-05-09 07:00:00,3887.03139660275,3992.7707019965032,3506.9276230473715
forecast_3080,2025-05-09 08:00:00,3843.311341858168,3706.230102241175,3325.3893206515418
forecast_3081,2025-05-09 09:00:00,4333.91351001689,4093.192934750783,3495.199177270099
forecast_3082,2025-05-09 10:00:00,3876.4184188625227,4330.836648112493,3437.0354481895806
forecast_3083,2025-05-09 11:00:00,5620.560192614689,6664.494046028984,4608.913033718562
forecast_3084,2025-05-09 12:00:00,7589.414138005162,8880.219805236822,6157.340631803132
forecast_3085,2025-05-09 13:00:00,8831.432363744561,10559.35868745352,8190.005211184264
forecast_3086,2025-05-09 14:00:00,11871.726342687507,13759.234407634804,10321.072099753543
forecast_3087,2025-05-09 15:00:00,12095.925143981494,13879.155920212243,11259.720341335322
forecast_3088,2025-05-09 16:00:00,12776.358068522195,16060.633088912851,12049.311407529156
forecast_3089,2025-05-09 17:00:00,12374.922273171647,14047.878519035843,10837.438293034322
forecast_3090,2025-05-09 18:00:00,11718.557848296474,12330.839534321614,9341.106477337256
forecast_3091,2025-05-09 19:00:00,8182.22829912805,9731.77302210629,6502.408017982861
forecast_3092,2025-05-09 20:00:00,5531.062334570643,6225.217201145363,4432.777211026535
forecast_3093,2025-05-09 21:00:00,3987.5125609983834,4210.496579662267,3478.038577778352
forecast_3094,2025-05-09 22:00:00,3560.53984921855,3650.4790254685,3473.9252768499227
forecast_3095,2025-05-09 23:00:00,3962.5618280530557,4154.713556342321,3723.0681844795017
forecast_3096,2025-05-10 00:00:00,6984.775965861201,7565.068550628356,5558.555186069858
forecast_3097,2025-05-10 01:00:00,12003.288213903807,13998.251242912895,10992.219749461607
forecast_3098,2025-05-10 02:00:00,15252.43121186434,15584.815221662875,13226.675675088298
forecast_3099,2025-05-10 03:00:00,16127.821361929398,16462.04021244307,15581.551512538597
forecast_3100,2025-05-10 04:00:00,16036.864707667224,16986.864617737698,15653.402194412121
forecast_3101,2025-05-10 05:00:00,16807.74312048992,17709.415923490513,17286.444699532618
forecast_3102,2025-05-10 06:00:00,17595.107409802906,18570.984065685483,17952.47573155821
forecast_3103,2025-05-10 07:00:00,18447.450428541644,19372.23435554846,18248.326985479358
forecast_3104,2025-05-10 08:00:00,19166.873995363472,19355.30396884294,18375.17481422288
forecast_3105,2025-05-10 09:00:00,18983.332235459744,19098.836540858618,18413.311665317546
forecast_3106,2025-05-10 10:00:00,18761.535997820807,19139.970721284328,18426.159981337925
forecast_3107,2025-05-10 11:00:00,19821.793844509004,19151.870358699805,18968.545364979782
forecast_3108,2025-05-10 12:00:00,19802.772715819963,19199.35950646059,19180.089941931357
forecast_3109,2025-05-10 13:00:00,19916.711022305306,19145.002329353967,18347.04231173611
forecast_3110,2025-05-10 14:00:00,18652.54188480414,18881.38393735467,18148.696677972148
forecast_3111,2025-05-10 15:00:00,18112.487331025062,18699.797023574432,17815.348358092095
forecast_3112,2025-05-10 16:00:00,17269.557485447975,17854.20079547667,17030.497163335272
forecast_3113,2025-05-10 17:00:00,16512.851610856993,17231.79896985936,15558.506433010012
forecast_3114,2025-05-10 18:00:00,15158.627424637203,16708.002814870393,14078.690840216359
forecast_3115,2025-05-10 19:00:00,13915.124119548178,16941.194848573683,12124.352876765373
forecast_3116,2025-05-10 20:00:00,13570.119169487607,16168.248854508523,11030.173005277535
forecast_3117,2025-05-10 21:00:00,12847.746948092417,15920.360793761456,9943.325096050994
forecast_3118,2025-05-10 22:00:00,12698.256524541554,14576.37366465014,8704.062245136247
forecast_3119,2025-05-10 23:00:00,11386.806051433512,12184.67577753256,8856.261631924433
forecast_3120,2025-05-11 00:00:00,10826.160896406518,11318.586355850854,8464.850163308072
forecast_3121,2025-05-11 01:00:00,9873.804957506718,10312.783484845286,7485.876965841792
forecast_3122,2025-05-11 02:00:00,9588.981179138433,10425.006999771023,7400.139181378678
forecast_3123,2025-05-11 03:00:00,10197.052859384512,11033.000563568696,7728.749704439801
forecast_3124,2025-05-11 04:00:00,10644.171630302817,11098.08459878218,7743.327188245912
forecast_3125,2025-05-11 05:00:00,11527.818601321194,10368.401236386097,7602.248625668915
forecast_3126,2025-05-11 06:00:00,8237.502303483892,8680.439954490463,6138.963500344411
forecast_3127,2025-05-11 07:00:00,6360.044781552281,6294.41586616706,4063.487476290733
forecast_3128,2025-05-11 08:00:00,4385.470374038603,4478.8947150666045,3787.95588276363
forecast_3129,2025-05-11 09:00:00,3971.063692211147,3853.8188022705053,3347.1870965938
forecast_3130,2025-05-11 10:00:00,3375.2994750338403,3644.299818309208,2535.058475662428
forecast_3131,2025-05-11 11:00:00,4259.886491620435,4005.3459549142717,3617.189808209959
forecast_3132,2025-05-11 12:00:00,3043.42581525804,3010.7612011884603,2944.8318380807996
forecast_3133,2025-05-11 13:00:00,4185.1925919023115,3947.9678722184744,3603.9022384889618
forecast_3134,2025-05-11 14:00:00,3830.6486093447925,4466.878272008334,3801.7382051449945
forecast_3135,2025-05-11 15:00:00,5297.005028992124,4448.579036542179,3783.130573586275
forecast_3136,2025-05-11 16:00:00,4620.869014947179,4349.121757887414,3965.8483895523486
forecast_3137,2025-05-11 17:00:00,4235.441592989032,4301.7798327017235,3605.555974855006
forecast_3138,2025-05-11 18:00:00,5390.54819417137,5654.240129573893,4007.0504666134616
forecast_3139,2025-05-11 19:00:00,7532.246734104154,7892.840535843468,5400.657671383506
forecast_3140,2025-05-11 20:00:00,9547.622495806036,10822.114172839823,7331.47656676385
forecast_3141,2025-05-11 21:00:00,10919.73168993406,12345.975740024862,8132.794405148994
forecast_3142,2025-05-11 22:00:00,12566.822662087325,13481.558984442312,8948.06332541109
forecast_3143,2025-05-11 23:00:00,13981.197977797221,14865.442016837016,11036.923814170905
forecast_3144,2025-05-12 00:00:00,15176.23217722535,15105.04291055555,13257.700199056775
forecast_3145,2025-05-12 01:00:00,14913.764705698517,15996.50411348698,13808.571401704028
forecast_3146,2025-05-12 02:00:00,15839.770650594159,16486.230641217557,14337.448929283777
forecast_3147,2025-05-12 03:00:00,16057.799767187427,17050.142575892995,15038.080960519712
forecast_3148,2025-05-12 04:00:00,15871.453426119822,17297.31510821569,15475.303989322452
forecast_3149,2025-05-12 05:00:00,15584.253160243077,17369.71100516249,15255.38157089875
forecast_3150,2025-05-12 06:00:00,16011.581942789664,17370.894844755487,14060.767946468311
forecast_3151,2025-05-12 07:00:00,16744.72182064654,17375.000407086,12508.217376911838
forecast_3152,2025-05-12 08:00:00,15442.937041057503,16487.04311049149,11082.53655451877
forecast_3153,2025-05-12 09:00:00,14126.484521617544,14515.649342638457,9904.695773225827
forecast_3154,2025-05-12 10:00:00,12344.618923102138,12777.937127924903,9179.899907531062
forecast_3155,2025-05-12 11:00:00,11883.21933372627,12004.05235854355,8275.779543889494
forecast_3156,2025-05-12 12:00:00,11352.492005750068,11573.975292435913,7881.04272910979
forecast_3157,2025-05-12 13:00:00,10565.307294860277,10615.004739196547,7593.360964232149
forecast_3158,2025-05-12 14:00:00,10208.087886789068,9902.735393336126,7348.902768062569
forecast_3159,2025-05-12 15:00:00,9796.229772755258,9755.090542919554,7559.832694918042
forecast_3160,2025-05-12 16:00:00,10394.234209590633,10298.085304810482,8642.914876361494
forecast_3161,2025-05-12 17:00:00,10305.35064405747,10319.590852428497,8461.749254025193
forecast_3162,2025-05-12 18:00:00,10052.210532574718,10231.658346184233,8952.824820730926
forecast_3163,2025-05-12 19:00:00,11013.634146915661,11318.557247735233,9970.621289915834
forecast_3164,2025-05-12 20:00:00,13027.103334459622,13564.073972148472,11963.076189287318
forecast_3165,2025-05-12 21:00:00,14931.36238616464,15751.878988164148,14339.043099362018
forecast_3166,2025-05-12 22:00:00,16269.857996789016,17376.390389633816,15813.46062894216
forecast_3167,2025-05-12 23:00:00,17021.245973013687,18174.51576954775,17905.45583231708
forecast_3168,2025-05-13 00:00:00,17380.66321745533,17800.676370698147,17555.081748418495
forecast_3169,2025-05-13 01:00:00,19908.758221789656,19848.134541825857,19096.69448486377
forecast_3170,2025-05-13 02:00:00,19966.088863991397,19884.49277919897,19353.707296978573
forecast_3171,2025-05-13 03:00:00,19922.98781657155,19918.906529340507,19334.108674558764
forecast_3172,2025-05-13 04:00:00,19908.704946112277,19896.63262578174,19008.666178725958
forecast_3173,2025-05-13 05:00:00,19766.41160652002,19310.02529195444,18397.870621155722
forecast_3174,2025-05-13 06:00:00,18866.23344475458,18733.56223737041,17786.987037935316
forecast_3175,2025-05-13 07:00:00,18532.305535583393,18139.228121973174,17336.755087788766
forecast_3176,2025-05-13 08:00:00,17247.505769173655,17461.163171988035,16807.346347923718
forecast_3177,2025-05-13 09:00:00,16712.121165209715,17580.2178599805,17022.319148887902
forecast_3178,2025-05-13 10:00:00,15204.13435694304,17164.64592638107,16567.25939108389
forecast_3179,2025-05-13 11:00:00,14332.623936942251,16533.871387803476,16076.319950543728
forecast_3180,2025-05-13 12:00:00,14796.580333574799,16067.568460040535,15028.656786142845
forecast_3181,2025-05-13 13:00:00,13948.064688424489,15941.78192738121,14950.251674038996
forecast_3182,2025-05-13 14:00:00,13735.626790291024,15398.531218738928,14769.825999101651
forecast_3183,2025-05-13 15:00:00,13470.105571668548,15193.099347174668,14653.621767229593
forecast_3184,2025-05-13 16:00:00,13572.625704466316,14995.080014777277,14717.159906750225
forecast_3185,2025-05-13 17:00:00,14391.559776575863,15348.181936217477,15227.360790741379
forecast_3186,2025-05-13 18:00:00,15010.048482820413,15594.311422093762,15451.387931811723
forecast_3187,2025-05-13 19:00:00,16317.914478001521,17465.227907896235,17201.117356598916
forecast_3188,2025-05-13 20:00:00,18609.950926163965,18602.91664975204,18642.049614325133
forecast_3189,2025-05-13 21:00:00,19882.073422620382,19879.44117552212,19334.437070486125
forecast_3190,2025-05-13 22:00:00,20111.657618437886,19888.947259451692,19335.979114528887
forecast_3191,2025-05-13 23:00:00,19894.17760061133,19879.948955676347,19331.883983377294
forecast_3192,2025-05-14 00:00:00,19888.617269040762,19897.911607671296,19336.911709229615
forecast_3193,2025-05-14 01:00:00,19883.04646627737,18930.696881665746,19329.68208334849
forecast_3194,2025-05-14 02:00:00,20116.95141641114,19142.924959379812,19336.81047111364
forecast_3195,2025-05-14 03:00:00,20320.252686317,19643.452169378215,19325.174164279364
forecast_3196,2025-05-14 04:00:00,20323.958749418885,19792.045742603368,19337.37836837939
forecast_3197,2025-05-14 05:00:00,20325.047055185943,19878.810899320095,19330.184828764504
forecast_3198,2025-05-14 06:00:00,20175.166909347114,19908.616600109144,19063.30483315904
forecast_3199,2025-05-14 07:00:00,19735.226941236575,18776.045349234024,16603.971635309703
forecast_3200,2025-05-14 08:00:00,17361.677001331296,16830.17640138251,14531.91958154455
forecast_3201,2025-05-14 09:00:00,14426.678244667006,14310.870671885968,10028.4832517882
forecast_3202,2025-05-14 10:00:00,12367.991692078498,11790.61868448319,7363.151840002058
forecast_3203,2025-05-14 11:00:00,8393.499460207238,8504.410187304684,4981.956572241038
forecast_3204,2025-05-14 12:00:00,6444.734306377001,6033.00352700338,3909.9188458818126
forecast_3205,2025-05-14 13:00:00,5012.925673533774,4475.203905023696,3788.4511115956207
forecast_3206,2025-05-14 14:00:00,4297.911766063704,4292.7708382392775,3891.2564859961954
forecast_3207,2025-05-14 15:00:00,4209.863471262625,4361.911214966126,3851.861605649466
forecast_3208,2025-05-14 16:00:00,4253.42494818596,4402.60691916649,4076.0802861641905
forecast_3209,2025-05-14 17:00:00,4887.145932451811,5182.706571483509,4200.918294741102
forecast_3210,2025-05-14 18:00:00,5630.3254102840065,6116.570352231277,4335.373797701692
forecast_3211,2025-05-14 19:00:00,7839.411066554561,8371.542901910912,5264.750351124776
forecast_3212,2025-05-14 20:00:00,8043.581412223825,9448.36537169189,6321.992187141952
forecast_3213,2025-05-14 21:00:00,9462.692896735964,10523.584142959864,7468.839847485078
forecast_3214,2025-05-14 22:00:00,10513.239761253342,11440.022295683408,7859.746483443917
forecast_3215,2025-05-14 23:00:00,11987.56694705915,12848.742385011623,8456.58540980448
forecast_3216,2025-05-15 00:00:00,12724.8673268994,13943.22588225314,10554.845562878541
forecast_3217,2025-05-15 01:00:00,14259.852309087639,15073.086909092253,11227.586440375399
forecast_3218,2025-05-15 02:00:00,14101.298679519905,15243.671256438129,11414.224432449899
forecast_3219,2025-05-15 03:00:00,13988.741217635697,15693.163626818716,11717.118568285105
forecast_3220,2025-05-15 04:00:00,14652.553298851628,15844.523357197648,11714.385682910104
forecast_3221,2025-05-15 05:00:00,14969.399408002128,15982.643689184717,12766.344648871525
forecast_3222,2025-05-15 06:00:00,15721.775061170985,18034.99572967783,13904.650619839145
forecast_3223,2025-05-15 07:00:00,15682.733034339095,17639.509307265882,15662.643721422959
forecast_3224,2025-05-15 08:00:00,17015.51831737887,18380.964705390346,16892.61689335945
forecast_3225,2025-05-15 09:00:00,17495.136657509396,18565.98178663183,16995.719039661893
forecast_3226,2025-05-15 10:00:00,17260.63144603586,18263.789666396126,16527.235208801314
forecast_3227,2025-05-15 11:00:00,16728.557775033703,17733.330409792336,16196.40762511176
forecast_3228,2025-05-15 12:00:00,17443.928683532948,17655.10302824592,16206.216774327158
forecast_3229,2025-05-15 13:00:00,17525.385986292407,18209.629306199604,16774.048699226434
forecast_3230,2025-05-15 14:00:00,18225.350919121815,18492.22729627391,17935.512430874696
forecast_3231,2025-05-15 15:00:00,18719.18560588198,18886.458150086804,18412.2890229691
forecast_3232,2025-05-15 16:00:00,17740.972312441794,18406.58318922659,17807.443088348322
forecast_3233,2025-05-15 17:00:00,18005.61294400025,18587.104741619685,17746.092649439648
forecast_3234,2025-05-15 18:00:00,17764.41953678221,18496.995521335164,17858.599848950904
forecast_3235,2025-05-15 19:00:00,17845.901934674883,18586.292294554598,18023.562316973595
forecast_3236,2025-05-15 20:00:00,18128.229797182732,18588.290165316852,18159.8881317295
forecast_3237,2025-05-15 21:00:00,18211.904025040567,18681.315376908613,18632.574508471564
forecast_3238,2025-05-15 22:00:00,18023.604207760076,18647.763738260604,18748.07077858161
forecast_3239,2025-05-15 23:00:00,18131.070632379466,18810.83579203201,18786.687541407908
forecast_3240,2025-05-16 00:00:00,17573.756305615032,18638.563273338445,18652.7302825647
forecast_3241,2025-05-16 01:00:00,17867.31807545826,18566.944534559425,17422.08924129204
forecast_3242,2025-05-16 02:00:00,17672.20215947723,18387.919017548124,17576.410184772536
forecast_3243,2025-05-16 03:00:00,17675.716922225536,18404.487754150432,16982.927297774804
forecast_3244,2025-05-16 04:00:00,17706.761109482784,18139.33491692723,16417.63423805111
forecast_3245,2025-05-16 05:00:00,16874.729475064632,17432.87278291476,16017.893458289893
forecast_3246,2025-05-16 06:00:00,16331.26497526162,16615.929761848536,16235.013243932199
forecast_3247,2025-05-16 07:00:00,16007.903124518598,16340.553171503005,15963.220536362951
forecast_3248,2025-05-16 08:00:00,15418.328890374465,15920.488448633954,14326.225703406777
forecast_3249,2025-05-16 09:00:00,15021.10786278836,15047.635266038857,13539.287538375182
forecast_3250,2025-05-16 10:00:00,12959.576998399783,13595.871890191887,12386.63146898255
forecast_3251,2025-05-16 11:00:00,10607.484086727603,12676.198138370748,11049.012488640587
forecast_3252,2025-05-16 12:00:00,10863.25557548786,11257.90815301272,9917.040956681943
forecast_3253,2025-05-16 13:00:00,10461.936143121686,10287.048393626388,8639.096513824214
forecast_3254,2025-05-16 14:00:00,8809.271372118112,9125.477312165505,7084.321161558201
forecast_3255,2025-05-16 15:00:00,7592.26118309947,8379.261500890443,5908.087002550366
forecast_3256,2025-05-16 16:00:00,7210.589035882535,7953.262015649271,4960.209981174965
forecast_3257,2025-05-16 17:00:00,6939.479560420388,7547.717264199679,6562.348322632879
forecast_3258,2025-05-16 18:00:00,6322.683179447719,6810.622460972499,5177.397926512937
forecast_3259,2025-05-16 19:00:00,4790.940149735564,5191.680079279183,3812.9008013266107
forecast_3260,2025-05-16 20:00:00,6366.167997700011,6021.752975598438,4757.669768348222
forecast_3261,2025-05-16 21:00:00,4622.986920431463,5158.15516766901,4779.412350913803
forecast_3262,2025-05-16 22:00:00,6233.247201251191,6591.856280431216,5120.617308262494
forecast_3263,2025-05-16 23:00:00,5052.538909912798,4795.535445492738,4024.632494335924
forecast_3264,2025-05-17 00:00:00,5744.911681068154,5521.194229055888,4031.305737356446
forecast_3265,2025-05-17 01:00:00,5974.603644414621,6421.716923607124,4227.531289410702
forecast_3266,2025-05-17 02:00:00,6006.4367081388045,6424.553127836418,4604.997843762773
forecast_3267,2025-05-17 03:00:00,5640.662141859256,5797.727983995223,4313.8270627291195
forecast_3268,2025-05-17 04:00:00,4608.514805090051,4715.873226876287,3733.2178759909852
forecast_3269,2025-05-17 05:00:00,3646.5967163145733,3568.8659900857892,3620.102944253423
forecast_3270,2025-05-17 06:00:00,3970.688429054762,4059.696787973083,3328.9638730297975
forecast_3271,2025-05-17 07:00:00,3945.9961369422517,3774.625750024888,3617.7092069676655
forecast_3272,2025-05-17 08:00:00,3787.0620922148573,3747.052170863887,3848.6372925733112
forecast_3273,2025-05-17 09:00:00,3883.9301491875785,3792.3196662319842,3656.7464433919727
forecast_3274,2025-05-17 10:00:00,4090.5103598718038,4447.266965309467,3845.833561200669
forecast_3275,2025-05-17 11:00:00,3873.1460134432646,4553.813979530613,4043.7038335821794
forecast_3276,2025-05-17 12:00:00,5198.8391137485705,4644.176160636728,4098.416061739866
forecast_3277,2025-05-17 13:00:00,6735.03779894431,7010.065138574039,6551.118508724265
forecast_3278,2025-05-17 14:00:00,8488.22870842848,8596.588515168263,8907.608584335328
forecast_3279,2025-05-17 15:00:00,10680.351174676352,10326.096792540277,10292.073764875753
forecast_3280,2025-05-17 16:00:00,13735.543346332042,12527.14294278331,12291.975328408398
forecast_3281,2025-05-17 17:00:00,15235.277847562884,15004.256470948478,14023.962569441956
forecast_3282,2025-05-17 18:00:00,16872.74928989156,17504.351556864734,16314.736610788383
forecast_3283,2025-05-17 19:00:00,18318.82068098828,18458.1036224555,17765.293079241146
forecast_3284,2025-05-17 20:00:00,18863.113068188042,18750.642739438495,19050.297254703994
forecast_3285,2025-05-17 21:00:00,19206.93556016855,19102.00074721386,19332.481187594673
forecast_3286,2025-05-17 22:00:00,19887.789969393118,19205.57623939168,19329.684669862843
forecast_3287,2025-05-17 23:00:00,19895.511743071038,19163.356814094506,19340.166245945733
forecast_3288,2025-05-18 00:00:00,19950.679566851024,19095.10537067346,19132.2929456571
forecast_3289,2025-05-18 01:00:00,18427.705226238995,18187.14205749606,15812.396839059113
forecast_3290,2025-05-18 02:00:00,17827.422695288544,17974.58749128597,15194.13246218633
forecast_3291,2025-05-18 03:00:00,15675.174973521065,15990.26576297468,13556.961662747013
forecast_3292,2025-05-18 04:00:00,13835.526229554434,14333.832993137416,11066.72452846113
forecast_3293,2025-05-18 05:00:00,10387.194937500084,11292.997999458317,8057.9956401128175
forecast_3294,2025-05-18 06:00:00,7518.702001090289,8236.260953501614,4703.143936918766
forecast_3295,2025-05-18 07:00:00,4522.760935700967,4533.051066511819,4101.135047053953
forecast_3296,2025-05-18 08:00:00,4354.678279036186,4444.971170136624,3629.15755325033
forecast_3297,2025-05-18 09:00:00,3954.926505095664,5164.64776915721,3063.7648069442043
forecast_3298,2025-05-18 10:00:00,3688.0800730575284,5255.821453088512,3045.3777123861573
forecast_3299,2025-05-18 11:00:00,3793.350864979137,5092.231319693494,3136.8477911083587
forecast_3300,2025-05-18 12:00:00,3411.0681870173926,3439.8867261452056,3073.3228376329203
forecast_3301,2025-05-18 13:00:00,3830.2146323889924,3880.7152811769297,3403.9266016156753
forecast_3302,2025-05-18 14:00:00,4600.645532807946,4145.976438586664,3810.992382907513
forecast_3303,2025-05-18 15:00:00,5368.153738331054,4919.538726968312,3833.8105928045193
forecast_3304,2025-05-18 16:00:00,6936.481114900989,5816.204773840032,4068.541746695331
forecast_3305,2025-05-18 17:00:00,9249.338476707131,8952.671010630356,5211.414275173735
forecast_3306,2025-05-18 18:00:00,10762.63436415424,10511.920095327518,6832.108137845481
forecast_3307,2025-05-18 19:00:00,10940.58085981059,12324.132490314569,8235.861082087205
forecast_3308,2025-05-18 20:00:00,11976.565705531915,13060.370383111172,9780.84449682979
forecast_3309,2025-05-18 21:00:00,12831.543760816283,13439.367124265538,11428.77388043259
forecast_3310,2025-05-18 22:00:00,13309.796316348838,13554.900627496952,12262.175283207285
forecast_3311,2025-05-18 23:00:00,13315.969328019764,14259.475705202443,11926.806276094236
forecast_3312,2025-05-19 00:00:00,12885.483188339205,13663.688577255194,11693.99522920808
forecast_3313,2025-05-19 01:00:00,10407.735204053306,11104.97316638986,10052.792815949448
forecast_3314,2025-05-19 02:00:00,9737.393573618661,10460.653686202068,8964.506288214632
forecast_3315,2025-05-19 03:00:00,9173.77344601603,9391.802016638445,6994.811068698838
forecast_3316,2025-05-19 04:00:00,9575.945321663768,10270.828824126324,6740.94864258072
forecast_3317,2025-05-19 05:00:00,10057.457181745409,10894.643230628259,6960.240536023127
forecast_3318,2025-05-19 06:00:00,11044.829851716971,11737.866316331494,7266.518858495732
forecast_3319,2025-05-19 07:00:00,10625.05187200099,12152.638155200875,7494.2365943204295
forecast_3320,2025-05-19 08:00:00,13292.16474304348,13251.662849570841,8630.274955411955
forecast_3321,2025-05-19 09:00:00,12807.32626189008,14040.397995788013,11071.58765008742
forecast_3322,2025-05-19 10:00:00,14024.723897699581,15259.154903917562,12646.790183427618
forecast_3323,2025-05-19 11:00:00,14369.256795713922,14747.218281644664,13259.872915064478
forecast_3324,2025-05-19 12:00:00,14285.283589025834,15628.678309770774,14567.708973485236
forecast_3325,2025-05-19 13:00:00,14417.00157486059,15512.880453217691,15813.18786558515
forecast_3326,2025-05-19 14:00:00,14687.68995614602,15604.543355297958,16451.639841860884
forecast_3327,2025-05-19 15:00:00,15395.71343006568,15271.806629225624,16451.840489267317
forecast_3328,2025-05-19 16:00:00,15944.009818550794,16425.712394241724,16432.588449928604
forecast_3329,2025-05-19 17:00:00,17411.39626906112,17161.548131063766,16721.15844028155
forecast_3330,2025-05-19 18:00:00,17917.193193403804,17988.315871700222,17204.450647783644
forecast_3331,2025-05-19 19:00:00,18126.02850172304,18276.497162219275,18186.770951961993
forecast_3332,2025-05-19 20:00:00,18588.932757751958,18489.28455664879,18371.69501120407
forecast_3333,2025-05-19 21:00:00,18454.37719265143,18537.391851567936,18536.53148058025
forecast_3334,2025-05-19 22:00:00,18183.38915981934,18337.86921532812,17950.474726934335
forecast_3335,2025-05-19 23:00:00,17731.673770364774,18183.59440002311,17697.73624160368
forecast_3336,2025-05-20 00:00:00,17791.188653586723,18208.724091980806,18227.37091574935
forecast_3337,2025-05-20 01:00:00,16888.679619283746,17955.1902872003,16433.434237266625
forecast_3338,2025-05-20 02:00:00,16994.836200555437,17927.586335888347,17193.965383619314
forecast_3339,2025-05-20 03:00:00,17036.17627593114,17982.616215879916,17464.135529926432
forecast_3340,2025-05-20 04:00:00,18155.897328950654,18279.121369861627,17724.928473858534
forecast_3341,2025-05-20 05:00:00,18504.858966818454,18636.53838434788,17826.53486957429
forecast_3342,2025-05-20 06:00:00,18717.719886475483,18950.3659751548,17866.76894952005
forecast_3343,2025-05-20 07:00:00,17800.033342853752,18463.29722084998,17310.299152347587
forecast_3344,2025-05-20 08:00:00,17441.869061945592,18194.575008723838,16556.08951522068
forecast_3345,2025-05-20 09:00:00,16065.748801425974,16838.82352868053,15444.759796731116
forecast_3346,2025-05-20 10:00:00,14743.356763291704,15474.579118922651,13646.969378051808
forecast_3347,2025-05-20 11:00:00,13118.211077063392,13873.095740461926,11985.786177157994
forecast_3348,2025-05-20 12:00:00,12103.200501093945,12021.208154500155,11010.430574873979
forecast_3349,2025-05-20 13:00:00,11647.008555018781,12232.724623912754,11350.411802244653
forecast_3350,2025-05-20 14:00:00,11728.533434584144,12063.64193644138,12659.782799888404
forecast_3351,2025-05-20 15:00:00,12614.579285644997,12446.265749554204,13111.737019553751
forecast_3352,2025-05-20 16:00:00,12891.779350088784,13272.4052661841,14321.021599371756
forecast_3353,2025-05-20 17:00:00,14108.071043789969,14209.171948922984,14871.305019186797
forecast_3354,2025-05-20 18:00:00,14345.438764174312,16215.693556847762,16008.780078448332
forecast_3355,2025-05-20 19:00:00,15227.949878406253,16715.825630225725,17354.37742620175
forecast_3356,2025-05-20 20:00:00,15746.943464118032,16788.906768388155,17731.167889026507
forecast_3357,2025-05-20 21:00:00,16564.284962941594,17510.93142826667,18061.905320086484
forecast_3358,2025-05-20 22:00:00,16779.199891623368,17441.00580304323,18254.025341543555
forecast_3359,2025-05-20 23:00:00,17523.444852156383,17540.351218292224,18430.470526898964
forecast_3360,2025-05-21 00:00:00,17669.6680541087,17532.61804207788,18513.329047390576
forecast_3361,2025-05-21 01:00:00,17177.321408426367,17352.681653052376,16787.491986564633
forecast_3362,2025-05-21 02:00:00,16603.17586267492,16824.128688264176,15452.918853509507
forecast_3363,2025-05-21 03:00:00,16006.750483746377,16432.031931552407,14700.770926007448
forecast_3364,2025-05-21 04:00:00,15167.67362299178,15408.729679522943,12877.113335941634
forecast_3365,2025-05-21 05:00:00,14147.810669398898,14306.12006619588,11050.218751363485
forecast_3366,2025-05-21 06:00:00,11097.15214600787,12196.90618591309,8484.64413656932
forecast_3367,2025-05-21 07:00:00,7367.565705083441,7700.511012736512,6155.651951659259
forecast_3368,2025-05-21 08:00:00,5255.983446923777,5155.846295499378,3897.3575402219517
forecast_3369,2025-05-21 09:00:00,4602.520551699347,4711.725431213476,4044.4425201631925
forecast_3370,2025-05-21 10:00:00,3766.7933236766703,3771.581490559153,3193.9065962844606
forecast_3371,2025-05-21 11:00:00,3850.2640712552884,4010.641822529696,3565.467573149285
forecast_3372,2025-05-21 12:00:00,3556.1366126323865,3772.774172826049,3474.291178196065
forecast_3373,2025-05-21 13:00:00,4982.545164475171,3421.5724572043396,3107.592283953335
forecast_3374,2025-05-21 14:00:00,3750.11986395962,3672.6049576595656,3406.8017516563277
forecast_3375,2025-05-21 15:00:00,3429.021824527858,3238.336372109297,2333.8136437809985
forecast_3376,2025-05-21 16:00:00,3565.7835965087893,3868.312100900704,1185.7843486563766
forecast_3377,2025-05-21 17:00:00,3868.902837109401,4106.985254566185,1864.0264166639895
forecast_3378,2025-05-21 18:00:00,3650.2692343500094,4260.077040090981,2888.3550023901958
forecast_3379,2025-05-21 19:00:00,3203.01167739708,3272.4320957606424,3460.8578755128747
forecast_3380,2025-05-21 20:00:00,3653.3520879452262,3821.8329834786296,3581.6316238193244
forecast_3381,2025-05-21 21:00:00,3550.8573477180294,3440.1949595202013,3558.324274651949
forecast_3382,2025-05-21 22:00:00,3599.2032084292305,3582.1985126781274,3702.832830949039
forecast_3383,2025-05-21 23:00:00,3597.485426343025,3671.701063975949,3490.7824471352787
forecast_3384,2025-05-22 00:00:00,3717.41185575504,3604.791983003911,3227.0769913233034
forecast_3385,2025-05-22 01:00:00,3479.5526433555183,3397.3866554313345,3341.3832315594336
forecast_3386,2025-05-22 02:00:00,3617.2113190550517,3604.688097086799,3291.83220223057
forecast_3387,2025-05-22 03:00:00,3565.3091706389973,3697.2610808797845,3266.567932092009
forecast_3388,2025-05-22 04:00:00,3250.489204025973,3118.826386223489,3227.861788026616
forecast_3389,2025-05-22 05:00:00,3530.2333094024443,3470.8980546728876,3269.6700178298393
forecast_3390,2025-05-22 06:00:00,3903.3324100980994,3692.852051470719,3389.636051646236
forecast_3391,2025-05-22 07:00:00,3909.032217591377,5079.244965816256,3421.5128881280207
forecast_3392,2025-05-22 08:00:00,4310.356915011016,4748.491208859601,2992.8081385743685
forecast_3393,2025-05-22 09:00:00,3733.2459710609496,3474.452624668375,2739.713912340327
forecast_3394,2025-05-22 10:00:00,3627.0080890960085,3788.669376506475,2736.118164028749
forecast_3395,2025-05-22 11:00:00,3692.5358835420066,3877.106506617371,3053.2645876776132
forecast_3396,2025-05-22 12:00:00,3654.017338365348,3826.956604112619,3113.59510240216
forecast_3397,2025-05-22 13:00:00,3500.2872186720065,3717.0366777397353,2900.4617228883753
forecast_3398,2025-05-22 14:00:00,3573.2358918676046,3432.3581784639314,3127.688724572235
forecast_3399,2025-05-22 15:00:00,3396.334857857453,3381.16594184569,2784.5367130335367
forecast_3400,2025-05-22 16:00:00,3566.6603914536595,3340.472403862424,2991.667935877704
forecast_3401,2025-05-22 17:00:00,2876.4782287055873,2921.9661554453414,2910.1386855350947
forecast_3402,2025-05-22 18:00:00,3469.164629654904,3515.7385553608688,2239.437264041207
forecast_3403,2025-05-22 19:00:00,3689.8328934227943,4213.2985246441285,1524.1014058169117
forecast_3404,2025-05-22 20:00:00,2916.5526518789748,2850.177626154363,3377.6610313400347
forecast_3405,2025-05-22 21:00:00,3655.5226038413175,3410.969513915073,2688.65182311754
forecast_3406,2025-05-22 22:00:00,3807.700842610507,3738.280124849042,3493.3066259403467
forecast_3407,2025-05-22 23:00:00,3772.6047564714545,3578.3389147077423,3698.639838082295
forecast_3408,2025-05-23 00:00:00,3735.2121650700437,3583.578865650799,3710.956349543716
forecast_3409,2025-05-23 01:00:00,3912.057471591103,3745.5961796717506,3295.812600717122
forecast_3410,2025-05-23 02:00:00,3958.3454556247543,3780.0758177893777,3301.8261660104627
forecast_3411,2025-05-23 03:00:00,3962.9169978534273,3901.503255124125,3373.0548663341388
forecast_3412,2025-05-23 04:00:00,4000.0321911374326,4018.2168160954375,3382.4900717893106
forecast_3413,2025-05-23 05:00:00,4225.146222489074,4122.020339192499,3492.301479683962
forecast_3414,2025-05-23 06:00:00,4170.491428993799,3881.6509743378056,3949.1769375482577
forecast_3415,2025-05-23 07:00:00,3937.2287448618745,3731.0489255262,3680.750439327147
forecast_3416,2025-05-23 08:00:00,3922.8318101842133,3753.3321770704288,3543.7230956525223
forecast_3417,2025-05-23 09:00:00,3904.187127736946,3923.1497029859324,3309.496225484603
forecast_3418,2025-05-23 10:00:00,3660.138782734919,3884.770767275374,3202.4422308232784
forecast_3419,2025-05-23 11:00:00,3518.783180440129,3417.4737571119394,2945.711277628415
forecast_3420,2025-05-23 12:00:00,3288.285942444351,3320.096673022112,2884.990968515764
forecast_3421,2025-05-23 13:00:00,3141.344510167779,3226.3295642128987,2640.583158030979
forecast_3422,2025-05-23 14:00:00,2966.935641639066,3068.149409604337,2877.8733756506535
forecast_3423,2025-05-23 15:00:00,3188.6740447871366,3045.444052243444,2811.348266118149
forecast_3424,2025-05-23 16:00:00,3228.5747488356956,3148.377213381678,2423.146643732888
forecast_3425,2025-05-23 17:00:00,3136.4914774744348,3317.1993454783315,2702.1171133210705
forecast_3426,2025-05-23 18:00:00,3574.64477766762,3664.199071249583,2910.168040625606
forecast_3427,2025-05-23 19:00:00,3591.069108457265,3825.9320924901267,2973.472376226357
forecast_3428,2025-05-23 20:00:00,3827.4137720793374,4053.891988831653,3246.2375480604537
forecast_3429,2025-05-23 21:00:00,4271.19896253213,4427.135074582928,3548.4691388713663
forecast_3430,2025-05-23 22:00:00,4748.078096799992,5391.390163884385,3664.853836920464
forecast_3431,2025-05-23 23:00:00,4644.9723864166945,4995.824076485742,3586.4722191055744
forecast_3432,2025-05-24 00:00:00,4668.084048446427,4620.746306119382,3721.412973380696
forecast_3433,2025-05-24 01:00:00,4757.32360186734,5454.151878264036,3678.180524816681
forecast_3434,2025-05-24 02:00:00,4525.279395866682,5187.615232869461,3700.936387568836
forecast_3435,2025-05-24 03:00:00,4212.0621039947055,4767.203040846143,3599.4323975380307
forecast_3436,2025-05-24 04:00:00,4342.147707484524,4866.804453348519,3662.49585652882
forecast_3437,2025-05-24 05:00:00,4616.936755191774,5024.230427368575,3657.827020384816
forecast_3438,2025-05-24 06:00:00,4714.948809245186,5297.0799067349,3660.2475703795303
forecast_3439,2025-05-24 07:00:00,4620.894788733581,5346.819854932575,3533.9197284635807
forecast_3440,2025-05-24 08:00:00,4310.653997200282,5053.126356652009,3332.217990671097
forecast_3441,2025-05-24 09:00:00,4309.523832985333,5159.06238380979,3391.2465218055563
forecast_3442,2025-05-24 10:00:00,4189.219087358281,5221.025709249004,3466.156798013205
forecast_3443,2025-05-24 11:00:00,3996.777579128835,4677.518045028071,3533.710848109024
forecast_3444,2025-05-24 12:00:00,3650.260443143028,4439.342478274057,3486.8563049862555
forecast_3445,2025-05-24 13:00:00,3892.0144305450103,4300.176671026024,3717.395760987317
forecast_3446,2025-05-24 14:00:00,3797.063083675378,4676.57450119316,3591.029846074768
forecast_3447,2025-05-24 15:00:00,4425.426276487519,5357.828867688676,3808.380955619187
forecast_3448,2025-05-24 16:00:00,4887.074710920427,6328.986023462924,3949.895321873678
forecast_3449,2025-05-24 17:00:00,5008.809656842752,6301.548225506029,4440.450207287486
forecast_3450,2025-05-24 18:00:00,5492.421732128826,6787.531123607104,4790.128964762178
forecast_3451,2025-05-24 19:00:00,6059.47534928786,6942.250975454937,4714.172458565723
forecast_3452,2025-05-24 20:00:00,5837.051546571154,6837.818833652311,4404.528648678843
forecast_3453,2025-05-24 21:00:00,5760.248051177508,6583.089084932034,4289.012808240841
forecast_3454,2025-05-24 22:00:00,5598.376512809847,6500.256281080557,4039.466507649536
forecast_3455,2025-05-24 23:00:00,5382.987755490795,6252.350296465301,4043.1507068738147
forecast_3456,2025-05-25 00:00:00,5370.293798483982,6049.952116016125,3908.806720612423
forecast_3457,2025-05-25 01:00:00,4022.182969712438,4317.6803527309385,3382.8498286678396
forecast_3458,2025-05-25 02:00:00,3896.8059740175577,4456.828879656818,3526.091932291795
forecast_3459,2025-05-25 03:00:00,3981.023092377081,4202.53447876035,3448.423764238156
forecast_3460,2025-05-25 04:00:00,4085.580022302789,3974.9342988959183,3529.71904519766
forecast_3461,2025-05-25 05:00:00,4282.675574689302,3905.5416313111687,3689.5620890262653
forecast_3462,2025-05-25 06:00:00,4564.47692925341,4423.170024168127,3770.89770457109
forecast_3463,2025-05-25 07:00:00,4711.443045888349,4649.708375098399,3758.022335965181
forecast_3464,2025-05-25 08:00:00,4085.793984571451,4055.6036080882363,3355.9185877625573
forecast_3465,2025-05-25 09:00:00,3523.1392486973405,3548.28985591618,3447.523899990749
forecast_3466,2025-05-25 10:00:00,3406.881519733377,3250.1306309810016,3632.8543589578744
forecast_3467,2025-05-25 11:00:00,4811.662781963544,4513.262523824955,2764.0375719088856
forecast_3468,2025-05-25 12:00:00,3443.0907901478486,3222.479610204062,1709.2902080188167
forecast_3469,2025-05-25 13:00:00,3435.425233324827,3331.741598334877,2870.380534877452
forecast_3470,2025-05-25 14:00:00,4097.927070152008,3853.7776397317607,3518.7490674533046
forecast_3471,2025-05-25 15:00:00,3820.712755861664,3751.7255731719206,3494.915446816173
forecast_3472,2025-05-25 16:00:00,3608.438932494107,3467.4684214914673,3503.1486545488756
forecast_3473,2025-05-25 17:00:00,3395.485823521373,3349.4001217436694,3668.0783838985403
forecast_3474,2025-05-25 18:00:00,3598.570726509918,3599.0171431137205,3442.3747299261145
forecast_3475,2025-05-25 19:00:00,4267.3419944469115,4749.2653027211745,3709.4061123438964
forecast_3476,2025-05-25 20:00:00,5100.472653465971,5549.25476621718,3814.4496085059277
forecast_3477,2025-05-25 21:00:00,6624.915123738353,6384.338995828016,4851.506770027835
forecast_3478,2025-05-25 22:00:00,8737.241298492729,8521.668849817028,5839.019866119354
forecast_3479,2025-05-25 23:00:00,10087.719345333457,10043.170739350124,7020.698046024839
forecast_3480,2025-05-26 00:00:00,10165.750672231883,10184.228905298716,6795.113086210882
forecast_3481,2025-05-26 01:00:00,8281.539366077077,7604.943627532502,6808.884572956729
forecast_3482,2025-05-26 02:00:00,7585.872300417522,7018.4852976482425,6263.4948922413705
forecast_3483,2025-05-26 03:00:00,6344.488563948866,5752.562871902719,4732.52069759473
forecast_3484,2025-05-26 04:00:00,4956.177051314084,4313.576957110084,3845.448876232539
forecast_3485,2025-05-26 05:00:00,4166.86286397251,4140.729702397754,3500.1853827113123
forecast_3486,2025-05-26 06:00:00,3626.42063207537,3708.320743522427,3225.260550400854
forecast_3487,2025-05-26 07:00:00,3481.206841416283,3492.389390679274,3043.2285748535387
forecast_3488,2025-05-26 08:00:00,3598.264373898116,3707.499106342274,3129.4001214791974
forecast_3489,2025-05-26 09:00:00,3597.446976035596,3465.1748179941724,2610.524690132986
forecast_3490,2025-05-26 10:00:00,4030.8021098397944,3900.2253118998487,2426.7555909044313
forecast_3491,2025-05-26 11:00:00,2876.523412516356,3891.509912683969,2465.328137414015
forecast_3492,2025-05-26 12:00:00,2918.7166325275903,2943.071577555251,2812.767392152893
forecast_3493,2025-05-26 13:00:00,3119.3557580192983,3129.1118865775247,2937.84686417273
forecast_3494,2025-05-26 14:00:00,2802.7911129808067,2535.6534680879654,2282.6266614050633
forecast_3495,2025-05-26 15:00:00,5365.987016135592,4183.809516885299,1926.3222388102117
forecast_3496,2025-05-26 16:00:00,4757.929930928933,3795.096744472942,799.2194175875914
forecast_3497,2025-05-26 17:00:00,4660.781088900248,5286.146647245755,4815.146227508932
forecast_3498,2025-05-26 18:00:00,4106.898334107713,4470.424687708733,4208.638282619289
forecast_3499,2025-05-26 19:00:00,4509.51567131209,5645.1942674319935,3856.8089970040423
forecast_3500,2025-05-26 20:00:00,3500.373118334929,3832.5899548835214,4349.696678526567
forecast_3501,2025-05-26 21:00:00,3378.3649092092232,3416.189586179646,3318.280697682092
forecast_3502,2025-05-26 22:00:00,3656.3033218481883,3700.531516497999,3154.39828890163
forecast_3503,2025-05-26 23:00:00,4019.674797009693,4035.571487492117,3465.7978381281214
forecast_3504,2025-05-27 00:00:00,4145.269845115671,4092.9011569064296,3616.6808867741884
forecast_3505,2025-05-27 01:00:00,6678.8181686808375,6534.525386196946,3782.1494920286837
forecast_3506,2025-05-27 02:00:00,7620.907072018355,7704.652416647746,4114.332008535718
forecast_3507,2025-05-27 03:00:00,7664.816707242591,7798.949435090827,3999.900311325311
forecast_3508,2025-05-27 04:00:00,6533.653692686295,6773.42013746861,3832.6286545505077
forecast_3509,2025-05-27 05:00:00,5150.203824548508,5093.508949784408,3729.0309268764154
forecast_3510,2025-05-27 06:00:00,4215.690726101919,4123.414875318911,3554.4535061047177
forecast_3511,2025-05-27 07:00:00,3553.6912918536746,3601.3064814183376,3170.8976866433964
forecast_3512,2025-05-27 08:00:00,3446.937327619562,3531.3040327846556,2586.6544557146885
forecast_3513,2025-05-27 09:00:00,3274.7555808621887,3445.776935633155,3787.592175007319
forecast_3514,2025-05-27 10:00:00,4760.076276917492,4091.8017013455037,3434.4670229275093
forecast_3515,2025-05-27 11:00:00,3960.945332860217,3760.8410646180437,2602.9835340502823
forecast_3516,2025-05-27 12:00:00,5016.00408858283,3713.684508751923,935.130483406227
forecast_3517,2025-05-27 13:00:00,6064.811712238299,6389.119724960071,2695.5226548830437
forecast_3518,2025-05-27 14:00:00,3893.8314632956344,3967.3884582022592,2061.1763398013786
forecast_3519,2025-05-27 15:00:00,5476.826330697318,6107.853736551778,3152.681561035359
forecast_3520,2025-05-27 16:00:00,3389.248942690828,3717.479269415728,52.01212897915605
forecast_3521,2025-05-27 17:00:00,4517.365734822,7080.7296417165435,1852.9042510061531
forecast_3522,2025-05-27 18:00:00,3347.7968291392117,6936.177496704415,1850.3445338106533
forecast_3523,2025-05-27 19:00:00,4464.078097986157,6070.1403419359585,2707.40594630436
forecast_3524,2025-05-27 20:00:00,3671.6138285697893,3712.7001476200885,3638.4291896787713
forecast_3525,2025-05-27 21:00:00,3955.563002607685,3725.3871307851005,3957.8755028180176
forecast_3526,2025-05-27 22:00:00,3750.620875911943,3486.2619607905576,4073.2848244771717
forecast_3527,2025-05-27 23:00:00,3708.5449443860475,3534.8112880155054,3356.5358282124716
forecast_3528,2025-05-28 00:00:00,3542.561431376404,3514.2211051116274,3354.2404208922603
forecast_3529,2025-05-28 01:00:00,3765.7695499611805,3471.0233055360377,3428.7081583279232
forecast_3530,2025-05-28 02:00:00,3983.997147020062,3932.701653812325,3570.350113008019
forecast_3531,2025-05-28 03:00:00,4012.894941022417,3925.3830754422665,3723.775308055556
forecast_3532,2025-05-28 04:00:00,3929.6486898741987,3842.08938065331,3800.4782321329426
forecast_3533,2025-05-28 05:00:00,3864.4938931745996,3713.979843457249,3753.0211377150326
forecast_3534,2025-05-28 06:00:00,3511.602798315578,3664.1098294232575,3185.2577874287804
forecast_3535,2025-05-28 07:00:00,3215.391323455452,3456.0601491114026,3082.7364403183265
forecast_3536,2025-05-28 08:00:00,3662.0211015944774,3971.661791209472,1933.858884046298
forecast_3537,2025-05-28 09:00:00,3393.709236438536,4502.469649193184,1233.850764775619
forecast_3538,2025-05-28 10:00:00,3733.783799318077,3982.681379345677,11.27250009656345
forecast_3539,2025-05-28 11:00:00,4172.9247348532135,3892.157842154624,1428.3147442239615
forecast_3540,2025-05-28 12:00:00,3679.6223686554667,3642.091274495061,1977.6442436128639
forecast_3541,2025-05-28 13:00:00,45.37361297659348,47.90182878599963,37.86926996920879
forecast_3542,2025-05-28 14:00:00,1781.3795123910743,2533.117637064598,44.660707547567
forecast_3543,2025-05-28 15:00:00,55.229900858605156,68.15842809795463,50.85052398536804
forecast_3544,2025-05-28 16:00:00,3385.854612207454,3710.3905843490606,1397.7411431509527
forecast_3545,2025-05-28 17:00:00,5186.419756055661,6109.07149918928,3158.8714475541365
forecast_3546,2025-05-28 18:00:00,5256.777819817057,5961.027984322001,5433.497450837991
forecast_3547,2025-05-28 19:00:00,3920.907423919309,5267.89290699027,3971.5262511438946
forecast_3548,2025-05-28 20:00:00,4041.199437302868,3912.21621627057,3799.8937561944085
forecast_3549,2025-05-28 21:00:00,3962.4749706278994,5117.457477674614,4782.085681811434
forecast_3550,2025-05-28 22:00:00,3546.055977162793,3491.5359939660825,3975.329630810204
forecast_3551,2025-05-28 23:00:00,3552.5224258292933,3510.451613700971,4016.675366564284
forecast_3552,2025-05-29 00:00:00,3488.722121512204,3500.337600793269,3421.1926685522253
forecast_3553,2025-05-29 01:00:00,3955.6074142717243,3611.170379986524,3262.82307951363
forecast_3554,2025-05-29 02:00:00,3623.400918906015,3840.3829659937005,3728.891487318964
forecast_3555,2025-05-29 03:00:00,3502.360054533708,3552.6883225953084,2872.411412138804
forecast_3556,2025-05-29 04:00:00,3422.7138922720983,3299.7169181630397,2843.7771329932034
forecast_3557,2025-05-29 05:00:00,3781.5376727988996,3658.3757197314108,2708.4478636667454
forecast_3558,2025-05-29 06:00:00,3340.884833207522,4205.386142653775,1833.72245954511
forecast_3559,2025-05-29 07:00:00,3168.038226165937,4127.557067992472,1084.4421664475365
forecast_3560,2025-05-29 08:00:00,3557.2988161421813,3672.550537805109,55.28093729670819
forecast_3561,2025-05-29 09:00:00,3600.746669219336,3103.9806677299857,62.65202331973511
forecast_3562,2025-05-29 10:00:00,3656.770317370289,3122.2115923757137,135.38523023569516
forecast_3563,2025-05-29 11:00:00,4087.6824190470966,3081.7290408367126,1290.9864062761812
forecast_3564,2025-05-29 12:00:00,2955.1732445671055,2658.844427108702,1103.5894428727936
forecast_3565,2025-05-29 13:00:00,2837.310300906813,2466.9068433166804,364.6088088701323
forecast_3566,2025-05-29 14:00:00,1541.5179602148287,2346.5781634882796,1567.8473925184371
forecast_3567,2025-05-29 15:00:00,4015.3162047872884,3754.5121002668216,2666.598085250537
forecast_3568,2025-05-29 16:00:00,3360.7597681962734,2808.838122628231,3319.1290760271977
forecast_3569,2025-05-29 17:00:00,3275.1072060145693,3041.187352500665,4422.156357057981
forecast_3570,2025-05-29 18:00:00,3472.883009629013,3222.6059795690985,2900.2855743800405
forecast_3571,2025-05-29 19:00:00,3988.807297738656,3311.953494086104,3541.7139005644044
forecast_3572,2025-05-29 20:00:00,3614.2953665323867,3359.5487723408983,3873.221267576341
forecast_3573,2025-05-29 21:00:00,3553.857491004049,3453.292451296616,3508.5001249591614
forecast_3574,2025-05-29 22:00:00,3225.1205261152345,3320.1620858758406,3115.253216867995
forecast_3575,2025-05-29 23:00:00,3068.785020764364,3492.4260932811253,3199.7987231351085
forecast_3576,2025-05-30 00:00:00,3197.8897355079107,3323.5841747066734,3131.4489868000205
forecast_3577,2025-05-30 01:00:00,3188.8100995995674,3391.5594351322243,2926.5880123788866
forecast_3578,2025-05-30 02:00:00,3297.4707599470858,3383.2212169135046,3230.8965101480444
forecast_3579,2025-05-30 03:00:00,3496.7435064318784,3601.325987160963,3502.163969136873
forecast_3580,2025-05-30 04:00:00,3571.349207566018,3631.2951289877888,3438.2690913014294
forecast_3581,2025-05-30 05:00:00,3391.921651688756,3605.598359799104,3083.6447592964346
forecast_3582,2025-05-30 06:00:00,3447.566241130904,3607.3627290056406,2956.88575579761
forecast_3583,2025-05-30 07:00:00,3365.02423690912,3522.315890185054,2811.350639132433
forecast_3584,2025-05-30 08:00:00,3555.122071872679,3701.610288770263,2973.1635694209563
forecast_3585,2025-05-30 09:00:00,3384.7699928840784,3512.657721456381,3032.6123167257397
forecast_3586,2025-05-30 10:00:00,3472.1336347557003,3327.918188714582,3966.074430210312
forecast_3587,2025-05-30 11:00:00,3482.5886728810833,4056.2525183066723,3399.7855710534177
forecast_3588,2025-05-30 12:00:00,3462.0446872663674,3668.8817150188097,3465.451302181718
forecast_3589,2025-05-30 13:00:00,3450.36619698092,3688.1386039878357,3158.5842833124307
forecast_3590,2025-05-30 14:00:00,3433.0820318176898,3596.066505467201,3519.4552450641913
forecast_3591,2025-05-30 15:00:00,3549.6160381856926,3567.3466421219773,3413.0870555188817
forecast_3592,2025-05-30 16:00:00,4061.1491915924694,4055.3151058745107,3089.258335282467
forecast_3593,2025-05-30 17:00:00,4939.6259988956745,5177.043853441301,9150.545414229326
forecast_3594,2025-05-30 18:00:00,3916.093367608699,4504.29026554352,2827.3739335865594
forecast_3595,2025-05-30 19:00:00,3405.993604202788,3413.9556418969214,2863.643731650426
forecast_3596,2025-05-30 20:00:00,3474.7433965718587,3518.1522581798936,2978.449668084373
forecast_3597,2025-05-30 21:00:00,3790.1292040460658,3562.1926195855995,2873.7942402401845
forecast_3598,2025-05-30 22:00:00,3757.937011662029,3635.895036654222,3327.461222977819
forecast_3599,2025-05-30 23:00:00,3500.711066914787,3529.906238515848,3292.404836510271
forecast_3600,2025-05-31 00:00:00,3498.5276053549783,3464.7215582237163,3406.1168778607876
forecast_3601,2025-05-31 01:00:00,3842.7404887765156,3909.8902665981677,3149.504264249429
forecast_3602,2025-05-31 02:00:00,3849.687728550648,3704.0628643380714,3124.1796024553096
forecast_3603,2025-05-31 03:00:00,3674.3728391312866,3652.4502403029533,1964.6579635663538
forecast_3604,2025-05-31 04:00:00,3598.4674206007758,3906.4133679952065,2790.1666139169206
forecast_3605,2025-05-31 05:00:00,3458.4680224776735,3931.4569534693483,2949.032945902816
forecast_3606,2025-05-31 06:00:00,3777.67976143163,3953.634884128844,3007.6192708193216
forecast_3607,2025-05-31 07:00:00,3528.064910636459,3947.1962859908176,3174.050653426088
forecast_3608,2025-05-31 08:00:00,3572.4169426008502,3879.5069220224264,3288.9307487856595
forecast_3609,2025-05-31 09:00:00,3393.971454050906,4136.244335414171,2757.2954238985785
forecast_3610,2025-05-31 10:00:00,3521.814463235203,4669.746104869714,3405.65374106032
forecast_3611,2025-05-31 11:00:00,4053.6162329298736,4561.206703464434,3324.525285088406
forecast_3612,2025-05-31 12:00:00,3826.2075325751543,4464.275662236017,3280.3148947376094
forecast_3613,2025-05-31 13:00:00,4201.834155781999,4301.593953024782,3414.0065825484626
forecast_3614,2025-05-31 14:00:00,3617.785554414835,3728.0327241152145,3022.9571738881723
forecast_3615,2025-05-31 15:00:00,4111.945958624861,3677.748419932707,3755.736802098426
forecast_3616,2025-05-31 16:00:00,3680.482913804292,3946.631775869379,3326.8218488737098
forecast_3617,2025-05-31 17:00:00,3789.1162041131292,3559.195043560224,3239.426025139078
forecast_3618,2025-05-31 18:00:00,3686.3175564502703,3671.401454096063,3005.7690605585913
forecast_3619,2025-05-31 19:00:00,3643.1622467954903,3658.4296540702244,3103.4410424945595
forecast_3620,2025-05-31 20:00:00,3496.0925900493794,3807.7920877752867,3269.1213920110185
forecast_3621,2025-05-31 21:00:00,3538.806884750971,3671.844880725194,3344.3342874268687
forecast_3622,2025-05-31 22:00:00,3414.786837284974,3529.381993684605,3210.4569612495516
forecast_3623,2025-05-31 23:00:00,3519.9928768872605,3466.9172466938085,3301.3991555401926
forecast_3624,2025-06-01 00:00:00,3214.5487159330237,3257.8060837046155,3501.437268050805
forecast_3625,2025-06-01 01:00:00,3701.946638267742,4110.0032721092275,3336.585135292337
forecast_3626,2025-06-01 02:00:00,3696.799948524413,3469.656597352469,3370.0705513523976
forecast_3627,2025-06-01 03:00:00,3690.916146959865,3552.76176850097,3281.2494030519724
forecast_3628,2025-06-01 04:00:00,3598.446671047554,3691.471840632233,3382.302357019906
forecast_3629,2025-06-01 05:00:00,3358.155054730436,3652.173010748978,3136.5374770704507
forecast_3630,2025-06-01 06:00:00,3459.952357028257,3248.861435002067,3356.3297134459467
forecast_3631,2025-06-01 07:00:00,3901.6373094301025,3545.953825709436,3214.3426064817827
forecast_3632,2025-06-01 08:00:00,3523.5742317573618,3560.2993145567134,3149.1953487815886
forecast_3633,2025-06-01 09:00:00,3530.887244265717,3909.6506143343586,2001.4378807051796
forecast_3634,2025-06-01 10:00:00,4409.116858622906,4511.111837478771,2023.3303586176846
forecast_3635,2025-06-01 11:00:00,3139.1847534267986,4548.073479906144,1625.901019332151
forecast_3636,2025-06-01 12:00:00,6463.625251036506,7186.035159757498,1946.5538255390757
forecast_3637,2025-06-01 13:00:00,4680.961898220964,4356.826647048265,1027.3057030664952
forecast_3638,2025-06-01 14:00:00,4551.27344566298,4085.2082794408957,1833.8217578659755
forecast_3639,2025-06-01 15:00:00,3373.677520307458,2386.669388465215,1146.004158104747
forecast_3640,2025-06-01 16:00:00,31.203930584065244,33.72080116562304,32.3498726970516
forecast_3641,2025-06-01 17:00:00,1558.7077688887339,181.0603092554164,68.4774979663811
forecast_3642,2025-06-01 18:00:00,3249.048075707035,3506.432499071244,3741.3584377097623
forecast_3643,2025-06-01 19:00:00,3669.005805113084,3633.0783078563713,3891.710771820091
forecast_3644,2025-06-01 20:00:00,3433.4199375910043,3350.595642997614,3600.50698143529
forecast_3645,2025-06-01 21:00:00,3492.415142613118,3453.1510109313763,3335.572056717017
forecast_3646,2025-06-01 22:00:00,3404.3063932523914,3566.5729161348504,3333.896106381226
forecast_3647,2025-06-01 23:00:00,3882.8741945656734,3818.0913100758885,3529.274545875927
forecast_3648,2025-06-02 00:00:00,3715.5896183114787,3819.300498830189,3654.78724174544
forecast_3649,2025-06-02 01:00:00,3493.568411615234,3509.357073805341,3355.1209325970754
forecast_3650,2025-06-02 02:00:00,3419.453757810458,3499.212222653246,3253.689143126555
forecast_3651,2025-06-02 03:00:00,3663.403906865786,3521.164441480146,3125.987673525611
forecast_3652,2025-06-02 04:00:00,3401.7072109871942,3280.4711716137126,2791.2143965827076
forecast_3653,2025-06-02 05:00:00,4715.017166766425,3583.4476397322405,3341.3074376498585
forecast_3654,2025-06-02 06:00:00,4147.5453927076,3395.08043947984,3298.419025868268
forecast_3655,2025-06-02 07:00:00,3928.7236954275763,3662.9805342615145,3381.917643376537
forecast_3656,2025-06-02 08:00:00,4121.886763015025,3644.922893335181,4466.253393003438
forecast_3657,2025-06-02 09:00:00,4103.033016402016,4047.064594914077,2417.686072043526
forecast_3658,2025-06-02 10:00:00,3871.429715831747,3707.722248623176,3403.5775577889126
forecast_3659,2025-06-02 11:00:00,4107.4553918911415,4303.8463249922615,6615.847105820232
forecast_3660,2025-06-02 12:00:00,4152.5118291041335,3761.554446638817,4752.318688205861
forecast_3661,2025-06-02 13:00:00,4647.905586244738,3216.855169461757,3470.1390508678396
forecast_3662,2025-06-02 14:00:00,3824.8206017090456,3260.946226897823,2870.3719585808562
forecast_3663,2025-06-02 15:00:00,3343.9844076818404,3409.2228157283553,2642.811867549604
forecast_3664,2025-06-02 16:00:00,3657.6621667936784,3414.102220001494,3103.3659987284655
forecast_3665,2025-06-02 17:00:00,3856.8386568567485,3880.3285849940153,3448.5756777039664
forecast_3666,2025-06-02 18:00:00,4371.2942958015165,4764.015860851894,3780.911648898965
forecast_3667,2025-06-02 19:00:00,4040.67583238612,4147.452861675406,3698.852507045829
forecast_3668,2025-06-02 20:00:00,4209.1984740871985,4085.1746604116174,3654.335792986472
forecast_3669,2025-06-02 21:00:00,3805.724426328762,3779.9637508467536,3293.8273359332798
forecast_3670,2025-06-02 22:00:00,3683.7384723857317,3691.4473243416173,3062.4642612291186
forecast_3671,2025-06-02 23:00:00,3660.234414511043,3641.9007141264965,2982.527846889653
forecast_3672,2025-06-03 00:00:00,3690.2611750781293,3712.618897900836,3165.034143525133
forecast_3673,2025-06-03 01:00:00,3810.061004730135,3678.4880727715886,3193.2216142867246
forecast_3674,2025-06-03 02:00:00,3605.3867875467686,3601.3059063994756,3049.73589172692
forecast_3675,2025-06-03 03:00:00,3844.752400514136,3837.2601226644347,3354.784213763991
forecast_3676,2025-06-03 04:00:00,4183.021577432649,4146.721785260953,3730.517643779175
forecast_3677,2025-06-03 05:00:00,4437.816630533374,4328.471746621994,3709.841022282677
forecast_3678,2025-06-03 06:00:00,4670.1779894997335,4419.674279904955,3767.94559803172
forecast_3679,2025-06-03 07:00:00,4169.076639041961,4194.495251066391,3306.5478019450748
forecast_3680,2025-06-03 08:00:00,3365.0916052797274,3350.228846408217,2753.0443816063507
forecast_3681,2025-06-03 09:00:00,3379.6681142977927,3344.8397993416415,2848.7288791368755
forecast_3682,2025-06-03 10:00:00,3677.4355713112914,3610.0533239118654,3342.027635149917
forecast_3683,2025-06-03 11:00:00,3731.557494070499,3774.429777532408,3463.6822448302096
forecast_3684,2025-06-03 12:00:00,4625.350964292867,4347.05646224116,3851.463768160102
forecast_3685,2025-06-03 13:00:00,7003.074763915539,6611.682707414781,5140.259867846546
forecast_3686,2025-06-03 14:00:00,9144.192181815928,8917.015670657314,7439.416391245896
forecast_3687,2025-06-03 15:00:00,9789.055550408946,9961.173935462752,8338.847248551443
forecast_3688,2025-06-03 16:00:00,10632.78420197906,10519.063968609587,8425.641154436695
forecast_3689,2025-06-03 17:00:00,11055.816134103248,10935.170373478193,8670.436435440371
forecast_3690,2025-06-03 18:00:00,11443.326576553472,11014.625742974524,8953.483782337766
forecast_3691,2025-06-03 19:00:00,12115.084754797857,11674.339661666636,9880.672710967398
forecast_3692,2025-06-03 20:00:00,13258.300864077268,12749.69949678212,11603.00607252384
forecast_3693,2025-06-03 21:00:00,14352.121734048655,15336.17162227162,12939.79745808503
forecast_3694,2025-06-03 22:00:00,15452.9642106623,15947.44228246454,13692.726926597306
forecast_3695,2025-06-03 23:00:00,15173.924961269497,16359.559983173163,13424.522463273091
forecast_3696,2025-06-04 00:00:00,15276.992620699915,15824.344084944938,13491.120882795582
forecast_3697,2025-06-04 01:00:00,13926.707951319218,15517.749651397691,13295.669720470449
forecast_3698,2025-06-04 02:00:00,13403.111411012509,15405.65342187136,14264.507239586217
forecast_3699,2025-06-04 03:00:00,15165.585059705973,16501.73631543415,14926.996012190839
forecast_3700,2025-06-04 04:00:00,16183.266149284931,17424.91255213475,16263.627218989915
forecast_3701,2025-06-04 05:00:00,17437.764932822476,18062.437444499283,17328.812309534227
forecast_3702,2025-06-04 06:00:00,17501.881819143964,18471.490154154606,17464.969937908507
forecast_3703,2025-06-04 07:00:00,17628.226231525696,18286.40317734056,17437.317147966765
forecast_3704,2025-06-04 08:00:00,17457.261159324484,17780.691555560905,16422.53707346379
forecast_3705,2025-06-04 09:00:00,17428.237498840248,17198.646208470465,16079.024068767827
forecast_3706,2025-06-04 10:00:00,17354.624239559584,17774.09211731929,16358.320090561532
forecast_3707,2025-06-04 11:00:00,16805.373553810135,17303.049690893335,16777.9922374309
forecast_3708,2025-06-04 12:00:00,16564.126511586397,17096.19752334918,16374.778645029013
forecast_3709,2025-06-04 13:00:00,16252.470300048531,16788.427008860675,15402.577865245275
forecast_3710,2025-06-04 14:00:00,15908.95744663674,16217.558112337601,13776.986945683799
forecast_3711,2025-06-04 15:00:00,15512.945237531421,16048.099204254771,12357.936285861797
forecast_3712,2025-06-04 16:00:00,15186.463472312824,15441.954434252833,11352.279498920263
forecast_3713,2025-06-04 17:00:00,14723.74482373122,14728.808483067267,10602.298416810392
forecast_3714,2025-06-04 18:00:00,13357.482022622835,12995.580396944662,9635.111692721712
forecast_3715,2025-06-04 19:00:00,12085.321699962862,12552.516637204772,9208.324721733496
forecast_3716,2025-06-04 20:00:00,11331.401482069798,12686.911614773946,9226.299450253513
forecast_3717,2025-06-04 21:00:00,11140.572844781474,11837.812459675297,9671.22852918417
forecast_3718,2025-06-04 22:00:00,10827.817477144232,12688.15855340806,10842.339187707326
forecast_3719,2025-06-04 23:00:00,11750.831631741172,12991.52414210341,11113.832994712338
forecast_3720,2025-06-05 00:00:00,12249.056638350758,12720.45173291521,11830.07363438982
forecast_3721,2025-06-05 01:00:00,10885.600219965976,11570.565193832124,9594.974728580184
forecast_3722,2025-06-05 02:00:00,11941.971894235463,13176.4500882167,11329.821438157047
forecast_3723,2025-06-05 03:00:00,13247.04695778449,14306.45044550574,13022.637095037086
forecast_3724,2025-06-05 04:00:00,14265.667733520426,14506.904262423388,13270.038186277892
forecast_3725,2025-06-05 05:00:00,14155.230290671894,14431.496950997824,12522.106448550534
forecast_3726,2025-06-05 06:00:00,13728.305605837846,14208.18564007487,11372.771950610517
forecast_3727,2025-06-05 07:00:00,12570.889223467979,13556.384156983895,11080.01015672285
forecast_3728,2025-06-05 08:00:00,11889.831423719768,12336.035881166843,10193.416729125673
forecast_3729,2025-06-05 09:00:00,9955.904737844989,10481.356268376776,8063.108866600425
forecast_3730,2025-06-05 10:00:00,7978.201358130815,8636.190982212294,6294.979151546921
forecast_3731,2025-06-05 11:00:00,6966.173586313663,6169.633416899126,5156.447425497852
forecast_3732,2025-06-05 12:00:00,5963.825704090165,5839.257708818447,4721.848536386653
forecast_3733,2025-06-05 13:00:00,5567.147094646786,5518.412340285697,4659.1722131282
forecast_3734,2025-06-05 14:00:00,5443.822942707216,5261.5530706280715,4463.291330445813
forecast_3735,2025-06-05 15:00:00,5351.675340946619,5225.294697982653,4786.33022048054
forecast_3736,2025-06-05 16:00:00,6010.7607919910015,5364.354682877429,6082.866472860331
forecast_3737,2025-06-05 17:00:00,7708.637961281426,7042.938705000897,7627.634611531878
forecast_3738,2025-06-05 18:00:00,11087.484628913318,10253.828141224161,10298.050061639336
forecast_3739,2025-06-05 19:00:00,12337.792219068118,12469.067484070549,12427.47193076944
forecast_3740,2025-06-05 20:00:00,13241.412877933397,13863.45868283854,13837.78800550789
forecast_3741,2025-06-05 21:00:00,14555.69221454213,14854.27654031661,16147.62099848567
forecast_3742,2025-06-05 22:00:00,16259.122517077376,16680.957440191534,16253.095373064678
forecast_3743,2025-06-05 23:00:00,17874.97226838914,18365.678514698895,18432.67887511351
forecast_3744,2025-06-06 00:00:00,18590.03062728031,18667.677438849416,18176.35887162146
forecast_3745,2025-06-06 01:00:00,19897.636197615633,18757.38036126745,18526.33219712266
forecast_3746,2025-06-06 02:00:00,19970.228072210437,18920.16555815177,18538.997251919765
forecast_3747,2025-06-06 03:00:00,19874.676596066358,19093.811480938533,18640.77445041456
forecast_3748,2025-06-06 04:00:00,19720.20640598577,19094.98205170999,18573.99536585528
forecast_3749,2025-06-06 05:00:00,18960.26782373382,19061.48392900489,18613.19324650253
forecast_3750,2025-06-06 06:00:00,19002.31694586668,18659.210789488265,18730.21188797591
forecast_3751,2025-06-06 07:00:00,18744.1154094556,18624.990455951032,18421.92972197578
forecast_3752,2025-06-06 08:00:00,17321.089838423595,17947.774453869628,17639.213243697268
forecast_3753,2025-06-06 09:00:00,15395.872629937083,16513.09163987828,16497.826302692192
forecast_3754,2025-06-06 10:00:00,14360.554694183684,15797.00986006667,15590.843094952254
forecast_3755,2025-06-06 11:00:00,14138.12727508745,14991.055838302318,15202.069439960249
forecast_3756,2025-06-06 12:00:00,13773.17174694412,15202.091680754416,15059.581870917731
forecast_3757,2025-06-06 13:00:00,13587.661232307237,15085.691921190846,14758.669177204194
forecast_3758,2025-06-06 14:00:00,14422.180008917763,15126.001370647678,15082.658774531554
forecast_3759,2025-06-06 15:00:00,15204.518719622722,15437.907423629229,15651.268715757506
forecast_3760,2025-06-06 16:00:00,14139.552564744301,15901.65435862626,15950.625192528321
forecast_3761,2025-06-06 17:00:00,13895.440159247444,14998.416066359672,15193.267090328452
forecast_3762,2025-06-06 18:00:00,13438.44601849837,14358.005683369884,14822.957177783353
forecast_3763,2025-06-06 19:00:00,14506.345287546761,15900.027951558235,16113.479029961816
forecast_3764,2025-06-06 20:00:00,15831.424386081299,17268.47243179991,17290.54475706586
forecast_3765,2025-06-06 21:00:00,16787.83340842896,17919.387616287968,18057.35527471739
forecast_3766,2025-06-06 22:00:00,17412.27555871786,18079.588146024547,19073.097484180635
forecast_3767,2025-06-06 23:00:00,17988.349060624387,18266.091527340748,19341.178277078263
forecast_3768,2025-06-07 00:00:00,18312.013331703314,18449.745539868458,19327.64264441486
forecast_3769,2025-06-07 01:00:00,19319.746626560736,18615.181930974944,19359.859451474495
forecast_3770,2025-06-07 02:00:00,18816.102003655044,18654.263586993748,19332.626041915843
forecast_3771,2025-06-07 03:00:00,18809.974008602923,18525.551183381293,19337.400617210023
forecast_3772,2025-06-07 04:00:00,19497.430996869913,18698.868116104084,19079.071465639434
forecast_3773,2025-06-07 05:00:00,19889.515746045578,18766.573436872517,18844.882631310753
forecast_3774,2025-06-07 06:00:00,19831.40014186344,18809.845439351706,18354.450780602223
forecast_3775,2025-06-07 07:00:00,18335.813804683658,16906.14064053293,16774.476660837543
forecast_3776,2025-06-07 08:00:00,15243.630780274398,14991.363038958656,14096.902059499722
forecast_3777,2025-06-07 09:00:00,11838.062715077735,12230.618591573311,11598.861814212873
forecast_3778,2025-06-07 10:00:00,9314.463121014622,9604.672262122633,9169.402281047256
forecast_3779,2025-06-07 11:00:00,7973.253160822953,8210.228648294347,7758.377419714105
forecast_3780,2025-06-07 12:00:00,6630.162405766995,6659.627438402912,6640.954915778945
forecast_3781,2025-06-07 13:00:00,5936.444558656165,5790.7053337773405,5787.427601262261
forecast_3782,2025-06-07 14:00:00,5556.126248444959,5360.714661041317,5194.6459000798095
forecast_3783,2025-06-07 15:00:00,5939.284147735696,5417.159452532554,5745.570963066552
forecast_3784,2025-06-07 16:00:00,5983.315041687766,5452.175802627124,5413.670215016955
forecast_3785,2025-06-07 17:00:00,5394.9386049605755,5266.269071022949,5564.507622545821
forecast_3786,2025-06-07 18:00:00,5246.721621669087,5392.968620742,5179.855311777733
forecast_3787,2025-06-07 19:00:00,5479.06168401582,5896.038835069228,6384.565695581246
forecast_3788,2025-06-07 20:00:00,7254.308461992913,8101.1062181547895,8741.187174958994
forecast_3789,2025-06-07 21:00:00,8432.869406895457,9725.5469190728,10912.328525355657
forecast_3790,2025-06-07 22:00:00,10546.241430283344,11556.833000862409,13297.825297630374
forecast_3791,2025-06-07 23:00:00,11858.095255077762,12483.791001938047,13178.727003025508
forecast_3792,2025-06-08 00:00:00,13305.822220188942,13337.223365122463,12658.198643332576
forecast_3793,2025-06-08 01:00:00,13123.618137628226,13539.41809693426,8949.910381333177
forecast_3794,2025-06-08 02:00:00,12983.116811587832,13196.891298621505,8767.314361208792
forecast_3795,2025-06-08 03:00:00,13069.806488176633,13456.669080628631,8785.456958840019
forecast_3796,2025-06-08 04:00:00,12562.561848407968,13591.87654139728,8771.405846537498
forecast_3797,2025-06-08 05:00:00,12400.660414597805,12926.751315826441,8046.515247009566
forecast_3798,2025-06-08 06:00:00,9511.062412254927,9842.176735060273,5789.771958396927
forecast_3799,2025-06-08 07:00:00,5606.0422760520005,5544.4016225744235,3805.095707210315
forecast_3800,2025-06-08 08:00:00,4364.832367855377,4798.403408153027,3702.5562918042997
forecast_3801,2025-06-08 09:00:00,3701.942146213489,3658.0897946508762,3243.4614216394634
forecast_3802,2025-06-08 10:00:00,3499.970967746908,3827.5688994830407,2739.774634930521
forecast_3803,2025-06-08 11:00:00,71.24770254784777,68.13761275243733,62.135832428496265
forecast_3804,2025-06-08 12:00:00,1782.2498056675663,2472.8344119202325,51.40724420186926
forecast_3805,2025-06-08 13:00:00,46.57372835922677,2464.4023350752464,50.744915484202224
forecast_3806,2025-06-08 14:00:00,57.708935226173836,2591.5068563696673,54.70954100595166
forecast_3807,2025-06-08 15:00:00,1802.9446250078227,2506.1964695114743,61.59704929426582
forecast_3808,2025-06-08 16:00:00,1848.4515016699233,2543.8625456571012,55.71792127636047
forecast_3809,2025-06-08 17:00:00,2650.907834522084,2588.624204694193,101.23167622542206
forecast_3810,2025-06-08 18:00:00,3372.4386212575437,3387.3065785427816,2419.240069286095
forecast_3811,2025-06-08 19:00:00,3601.6575094305267,3346.635388882584,2830.6006584543234
forecast_3812,2025-06-08 20:00:00,3466.4985191434444,3442.3877056811925,3039.80122398535
forecast_3813,2025-06-08 21:00:00,3704.965094258773,3677.920160976156,3175.9453314031875
forecast_3814,2025-06-08 22:00:00,3878.1264094705057,3952.162513531138,3730.008153629782
forecast_3815,2025-06-08 23:00:00,5512.179415102043,5646.957349258263,4000.5384436845175
forecast_3816,2025-06-09 00:00:00,7061.88667161056,7266.0327585858495,4706.180562288921
forecast_3817,2025-06-09 01:00:00,9199.351866766649,9389.041587735297,7204.958479682085
forecast_3818,2025-06-09 02:00:00,9585.443466166716,9433.858763595219,6819.5139112752095
forecast_3819,2025-06-09 03:00:00,10639.574644226937,10609.307769324017,6601.825693541401
forecast_3820,2025-06-09 04:00:00,9334.870246844306,9357.201891580185,5630.239198879321
forecast_3821,2025-06-09 05:00:00,7529.157258607572,7875.044498315165,4190.545820899987
forecast_3822,2025-06-09 06:00:00,5955.400751093149,5249.790749139202,3866.964422177215
forecast_3823,2025-06-09 07:00:00,3994.086139145603,3953.093944366366,3340.5407205299207
forecast_3824,2025-06-09 08:00:00,3387.462058625917,3423.147279500899,2965.70031945021
forecast_3825,2025-06-09 09:00:00,3435.868845562024,3371.604127971893,3417.708790144564
forecast_3826,2025-06-09 10:00:00,4660.221150529994,4609.467098334285,3987.266826570858
forecast_3827,2025-06-09 11:00:00,5704.371446386579,4238.780303186993,8035.213565081243
forecast_3828,2025-06-09 12:00:00,3386.783172795874,3704.680346371789,2793.6704674588564
forecast_3829,2025-06-09 13:00:00,3699.6189787445787,3762.8523707144564,2841.6563434758614
forecast_3830,2025-06-09 14:00:00,3801.0171320933446,3647.0262386077056,3205.238403121989
forecast_3831,2025-06-09 15:00:00,3582.6830766219955,3677.517992253031,3119.3065494734697
forecast_3832,2025-06-09 16:00:00,3934.674391777823,3698.036684338113,3452.791099454978
forecast_3833,2025-06-09 17:00:00,3577.9734590628245,3489.441667607212,3595.6695256200837
forecast_3834,2025-06-09 18:00:00,3839.666846576244,3579.2877012243325,3240.5643474412846
forecast_3835,2025-06-09 19:00:00,3769.6684986426353,3704.707980330978,3087.3034363698894
forecast_3836,2025-06-09 20:00:00,3793.6778431474495,3840.9919643406038,3597.36529345068
forecast_3837,2025-06-09 21:00:00,6226.6684867458835,6020.104588846048,4510.909363368164
forecast_3838,2025-06-09 22:00:00,6879.670709320056,7860.321451206653,5300.803087565534
forecast_3839,2025-06-09 23:00:00,8334.816531012444,8708.400410117632,6194.723666525621
forecast_3840,2025-06-10 00:00:00,8464.939284012062,8613.70110059892,6176.10879422184
forecast_3841,2025-06-10 01:00:00,14430.963996552655,15629.830250068766,11098.024323895232
forecast_3842,2025-06-10 02:00:00,14658.26890242901,15116.783859826392,12022.040699336878
forecast_3843,2025-06-10 03:00:00,15860.27319649344,16267.883019779847,13863.027891486356
forecast_3844,2025-06-10 04:00:00,16771.6162463898,16951.434591144054,14687.761504696626
forecast_3845,2025-06-10 05:00:00,16893.677163899076,16907.948422895613,14764.902794165282
forecast_3846,2025-06-10 06:00:00,16152.171573746053,16376.263085855575,13385.689045109411
forecast_3847,2025-06-10 07:00:00,15530.201938351984,15397.965832896798,11821.869067813335
forecast_3848,2025-06-10 08:00:00,13613.489358189365,13810.680000428896,9635.404713624857
forecast_3849,2025-06-10 09:00:00,10711.938798852287,10936.757248507316,7528.26076851519
forecast_3850,2025-06-10 10:00:00,8407.747769610005,8672.397919195406,6455.583586873395
forecast_3851,2025-06-10 11:00:00,6163.256044181991,6106.976663662992,5114.642473051982
forecast_3852,2025-06-10 12:00:00,6256.761858948124,6694.348002310615,5635.292485792502
forecast_3853,2025-06-10 13:00:00,7075.882565552786,7566.88026905416,6489.666340006879
forecast_3854,2025-06-10 14:00:00,8912.678300963105,8904.044864304804,6747.174751756656
forecast_3855,2025-06-10 15:00:00,9125.015621894861,9488.474653016272,6935.651521288487
forecast_3856,2025-06-10 16:00:00,9730.35843644899,10310.993621544763,7282.354960555599
forecast_3857,2025-06-10 17:00:00,10704.710800874198,10636.037043558776,7654.318312744183
forecast_3858,2025-06-10 18:00:00,11515.974568338233,14900.089731996648,8364.581125986011
forecast_3859,2025-06-10 19:00:00,11653.41207169266,15441.795661022736,8385.817301326078
forecast_3860,2025-06-10 20:00:00,11899.29792180336,13914.577655949397,10413.216955147807
forecast_3861,2025-06-10 21:00:00,13028.970668530565,15132.982258924374,12642.874553419026
forecast_3862,2025-06-10 22:00:00,14745.822910075962,15715.449426366858,14600.987386208704
forecast_3863,2025-06-10 23:00:00,14924.322143390133,16432.632226422087,15021.742123177584
forecast_3864,2025-06-11 00:00:00,15302.708338630582,16514.62164763205,15025.903753902396
forecast_3865,2025-06-11 01:00:00,14742.877950731528,17434.05419783964,10881.76350806312
forecast_3866,2025-06-11 02:00:00,15165.807084893351,14428.961868690101,10709.722433386642
forecast_3867,2025-06-11 03:00:00,14786.245518601127,14662.899015471454,11341.015396894374
forecast_3868,2025-06-11 04:00:00,14508.918833142921,14769.117905269524,11336.644568841994
forecast_3869,2025-06-11 05:00:00,14811.229915817015,15162.352535257914,11508.512383782863
forecast_3870,2025-06-11 06:00:00,13755.484289261041,14230.187957995022,10854.705654857038
forecast_3871,2025-06-11 07:00:00,12546.046954509844,13070.732493461253,9665.940228191557
forecast_3872,2025-06-11 08:00:00,10466.064188932618,10781.556428276128,7679.5147431007435
forecast_3873,2025-06-11 09:00:00,8041.044054218854,8275.936044414382,6483.657974583837
forecast_3874,2025-06-11 10:00:00,6920.985371930588,6894.107015818633,5078.035721825944
forecast_3875,2025-06-11 11:00:00,6373.931905441885,6164.585869462587,4913.859009410839
forecast_3876,2025-06-11 12:00:00,6338.519733442432,6018.31714815034,4709.2502221091945
forecast_3877,2025-06-11 13:00:00,6407.392870380076,6013.101157225874,4760.854880767752
forecast_3878,2025-06-11 14:00:00,5981.156504132761,5766.424346336721,4616.216189901988
forecast_3879,2025-06-11 15:00:00,5954.229388262039,5496.080931357448,4417.885261925044
forecast_3880,2025-06-11 16:00:00,5414.7319058224875,5474.501969094168,4329.902547416215
forecast_3881,2025-06-11 17:00:00,4960.738728039002,5053.626450879971,3819.9579463932614
forecast_3882,2025-06-11 18:00:00,5093.820331705742,5297.094545866924,3768.466045290535
forecast_3883,2025-06-11 19:00:00,4945.330349785465,4950.8295460458985,4213.562165630438
forecast_3884,2025-06-11 20:00:00,5062.22811972033,4844.75937814078,4030.614246165735
forecast_3885,2025-06-11 21:00:00,4662.627306893531,4836.974770109914,3848.6727550612336
forecast_3886,2025-06-11 22:00:00,4346.654813732447,4266.228398779592,3662.3056980638908
forecast_3887,2025-06-11 23:00:00,4634.5272646242665,4599.50970797326,3757.203301478263
forecast_3888,2025-06-12 00:00:00,5006.940491036722,5004.937123872334,3788.702116262021
forecast_3889,2025-06-12 01:00:00,3634.1325016669766,3781.8018575920387,3595.4440689293724
forecast_3890,2025-06-12 02:00:00,3829.3090879996553,3865.1950823537595,3481.268149401958
forecast_3891,2025-06-12 03:00:00,3928.7955211787607,3804.2750931141704,3333.728060147301
forecast_3892,2025-06-12 04:00:00,3626.380837026108,3577.4518014478776,3209.8690821175855
forecast_3893,2025-06-12 05:00:00,3657.8193491492802,3729.8800775130308,3196.1675687357065
forecast_3894,2025-06-12 06:00:00,3638.740231265649,4050.3596499496894,3390.3799034687545
forecast_3895,2025-06-12 07:00:00,2993.051787708206,4221.683537266753,1892.8598376635455
forecast_3896,2025-06-12 08:00:00,2709.613847469923,3973.142200010239,1637.605879309548
forecast_3897,2025-06-12 09:00:00,3937.2537601204795,3482.6875746615888,46.83367435657386
forecast_3898,2025-06-12 10:00:00,3258.9028963869687,2697.353423833843,31.33775565665142
forecast_3899,2025-06-12 11:00:00,37.13488176699847,40.502938210590486,26.404205197252267
forecast_3900,2025-06-12 12:00:00,18.8646603063846,20.830409034183333,23.171762522047775
forecast_3901,2025-06-12 13:00:00,21.236112492362306,24.6335007936936,29.439416137204773
forecast_3902,2025-06-12 14:00:00,24.54904624712411,34.02645441629219,29.597474524253027
forecast_3903,2025-06-12 15:00:00,27.57737882790341,33.82059037973227,25.04570270508348
forecast_3904,2025-06-12 16:00:00,2889.9899934844634,2675.757563619426,18.851183991133258
forecast_3905,2025-06-12 17:00:00,4672.257230302505,5395.149241567924,3841.357225805666
forecast_3906,2025-06-12 18:00:00,6370.082832934365,6772.561792024901,5436.892014173278
forecast_3907,2025-06-12 19:00:00,6439.525345331848,7120.407475202252,4438.793370387424
forecast_3908,2025-06-12 20:00:00,5421.314558201181,5379.650503729399,6259.029473315391
forecast_3909,2025-06-12 21:00:00,3347.5800345099146,2949.011986461131,6206.137606374308
forecast_3910,2025-06-12 22:00:00,3141.8507585683446,2945.598150679132,5107.579919875837
forecast_3911,2025-06-12 23:00:00,3472.753203559041,3290.345108754936,2414.2358082939304
forecast_3912,2025-06-13 00:00:00,3423.410851374419,3331.997751398665,2913.4921023886823
forecast_3913,2025-06-13 01:00:00,4403.842170097978,5176.957493207662,3715.2807665518917
forecast_3914,2025-06-13 02:00:00,5911.6697923923075,6178.312574981117,3923.3136324382576
forecast_3915,2025-06-13 03:00:00,6444.663159269907,6444.494392067285,4270.132879688558
forecast_3916,2025-06-13 04:00:00,5034.757101799031,4903.572377203546,3747.151579345685
forecast_3917,2025-06-13 05:00:00,3906.320583424317,4212.278382595713,3394.201802089189
forecast_3918,2025-06-13 06:00:00,3315.1124664361173,3525.710497866539,3097.6530998609105
forecast_3919,2025-06-13 07:00:00,3257.208464411995,3436.9147182364495,3597.623241464972
forecast_3920,2025-06-13 08:00:00,3936.348005466831,3822.199357252723,138.45697438043265
forecast_3921,2025-06-13 09:00:00,3726.6050742284924,3398.572979270465,1098.1292254360972
forecast_3922,2025-06-13 10:00:00,3599.5856298862195,3575.386110235374,2840.994013612284
forecast_3923,2025-06-13 11:00:00,3767.966842657804,3758.130517946687,3294.882777109905
forecast_3924,2025-06-13 12:00:00,3428.7416749742056,3430.6362107849172,3160.940427191602
forecast_3925,2025-06-13 13:00:00,4222.520252808409,3938.20989689983,2981.937075545181
forecast_3926,2025-06-13 14:00:00,4132.869543085913,3409.5324165565107,2832.9296634657317
forecast_3927,2025-06-13 15:00:00,3575.5005126917995,3865.4400085103193,3658.3303596840556
forecast_3928,2025-06-13 16:00:00,3433.242576094203,3304.045991835259,2882.095292016687
forecast_3929,2025-06-13 17:00:00,3374.7178686763405,3537.1769486877806,3035.37243056196
forecast_3930,2025-06-13 18:00:00,3776.1161024493213,3823.9787478551284,3327.8654674380873
forecast_3931,2025-06-13 19:00:00,4102.91458555898,4098.586042507809,3417.539601481352
forecast_3932,2025-06-13 20:00:00,3782.0319946158997,3861.4460195036654,3288.2007746783834
forecast_3933,2025-06-13 21:00:00,4137.766062470217,4265.678849065523,3648.544607744085
forecast_3934,2025-06-13 22:00:00,6064.951574232067,6377.393572705159,3782.9392314222687
forecast_3935,2025-06-13 23:00:00,6147.943760667141,6316.756752780453,3845.337069211978
forecast_3936,2025-06-14 00:00:00,5952.370226930264,5972.478738578406,3822.5002918661094
forecast_3937,2025-06-14 01:00:00,8775.08891151325,9836.083450439453,7600.063388285703
forecast_3938,2025-06-14 02:00:00,8219.414676503005,9400.795326008885,6224.927630720757
forecast_3939,2025-06-14 03:00:00,8029.5705853971485,8677.001712705753,6443.8662309256
forecast_3940,2025-06-14 04:00:00,5677.647676111419,6240.6551635453825,4558.593166099291
forecast_3941,2025-06-14 05:00:00,4895.872604573807,5012.414297293714,3583.6688089539043
forecast_3942,2025-06-14 06:00:00,3662.2704376171846,3799.7795622100334,3141.0164206495874
forecast_3943,2025-06-14 07:00:00,3821.358951139065,3765.6699649756147,3540.435351544045
forecast_3944,2025-06-14 08:00:00,3563.4687704885464,3732.1229054608534,2505.9910508576813
forecast_3945,2025-06-14 09:00:00,3369.516991795886,3413.7682900335444,2379.1632201714215
forecast_3946,2025-06-14 10:00:00,3059.8875318011337,3603.9301542243657,2320.1942788735387
forecast_3947,2025-06-14 11:00:00,3306.7159727423104,3108.511723677281,2107.9591251584675
forecast_3948,2025-06-14 12:00:00,3607.5644278643717,3708.1777231498895,1138.372729590448
forecast_3949,2025-06-14 13:00:00,3289.173458703954,4098.253242355753,1417.0003455018282
forecast_3950,2025-06-14 14:00:00,2495.746463720096,3178.8196641865625,2922.010373575499
forecast_3951,2025-06-14 15:00:00,1389.6376645637104,2368.2734575781565,2578.144960492678
forecast_3952,2025-06-14 16:00:00,2846.77946305748,3879.421165064116,810.1560034683929
forecast_3953,2025-06-14 17:00:00,3527.666738003702,4310.991822825351,12225.172123688735
forecast_3954,2025-06-14 18:00:00,4452.479199021658,5695.976792511894,11189.68874512394
forecast_3955,2025-06-14 19:00:00,3569.978920848476,3348.5989226709985,3088.061822790401
forecast_3956,2025-06-14 20:00:00,3334.6440486804136,3462.974077670925,3278.667482177359
forecast_3957,2025-06-14 21:00:00,3375.9739168929746,3375.3442310272335,3194.2965337078062
forecast_3958,2025-06-14 22:00:00,3366.040872867262,3400.2798186270766,3442.178540757771
forecast_3959,2025-06-14 23:00:00,3372.174285100933,2957.6803398276456,3703.755355002751
forecast_3960,2025-06-15 00:00:00,3329.5634898427747,3258.9238282993606,3630.350839475777
forecast_3961,2025-06-15 01:00:00,5107.921897593317,5396.565331185221,3769.05769861459
forecast_3962,2025-06-15 02:00:00,4931.815703230354,5251.4855480109045,3758.2159784694677
forecast_3963,2025-06-15 03:00:00,5172.64582894003,4931.5981625387385,3739.393214590252
forecast_3964,2025-06-15 04:00:00,5501.48842103777,5253.958586522759,3844.2477018183176
forecast_3965,2025-06-15 05:00:00,6169.937957177804,5720.836659756134,3836.977841731845
forecast_3966,2025-06-15 06:00:00,5719.199189265047,5303.024495483774,3776.117986484926
forecast_3967,2025-06-15 07:00:00,4030.8479766373857,3950.3689484148645,3381.058325809632
forecast_3968,2025-06-15 08:00:00,3598.4722927698404,3443.0000615181166,2814.319693408434
forecast_3969,2025-06-15 09:00:00,3555.7705575778778,3576.8203230325576,3499.6718258791493
forecast_3970,2025-06-15 10:00:00,4422.071265207772,4115.385715356317,3808.267016803572
forecast_3971,2025-06-15 11:00:00,5778.343009933406,6706.130413598023,3435.517971220112
forecast_3972,2025-06-15 12:00:00,3932.649831538714,3610.640749204633,3284.8995238332777
forecast_3973,2025-06-15 13:00:00,3324.0062864138586,3474.088406113426,3158.5639778187515
forecast_3974,2025-06-15 14:00:00,3113.290094848756,3347.7547696565985,3130.193195510104
forecast_3975,2025-06-15 15:00:00,3778.404720929459,3671.417932653379,3396.002857309637
forecast_3976,2025-06-15 16:00:00,3688.24076677201,3657.765071451598,3391.640835060268
forecast_3977,2025-06-15 17:00:00,3942.228823542863,4081.4942405655333,3852.8098836272025
forecast_3978,2025-06-15 18:00:00,4148.238316291178,4273.888866461193,4358.826079937731
forecast_3979,2025-06-15 19:00:00,4708.983321862746,4689.100073297571,4366.79294148917
forecast_3980,2025-06-15 20:00:00,5918.339106510927,8126.702905502766,4481.9186683976195
forecast_3981,2025-06-15 21:00:00,6739.986112264012,9106.060759190133,5631.72800459675
forecast_3982,2025-06-15 22:00:00,8767.197431182076,11733.230439172938,6982.5278590158805
forecast_3983,2025-06-15 23:00:00,10283.421746399232,12404.878375788841,8226.143429587519
forecast_3984,2025-06-16 00:00:00,11757.036793161094,13581.354912119546,8638.450424708704
forecast_3985,2025-06-16 01:00:00,9993.769843062992,11301.034085251456,8486.753593284677
forecast_3986,2025-06-16 02:00:00,9852.39496707691,11092.296228919133,8387.664503067217
forecast_3987,2025-06-16 03:00:00,10448.82101931473,12316.939340915835,8244.210759602283
forecast_3988,2025-06-16 04:00:00,9623.712856424427,10716.14480954,7767.2092080595385
forecast_3989,2025-06-16 05:00:00,9221.679864749836,9768.977895618827,7027.7645279358085
forecast_3990,2025-06-16 06:00:00,8433.470436416857,9615.563765596775,6620.789846964473
forecast_3991,2025-06-16 07:00:00,8205.452967315046,9135.08093503969,6887.466613684138
forecast_3992,2025-06-16 08:00:00,8669.407594464108,9741.762637784683,7030.727082574931
forecast_3993,2025-06-16 09:00:00,8736.32284440392,9963.139034356856,6804.675644281503
forecast_3994,2025-06-16 10:00:00,8221.71120685472,9648.651463340646,6886.570626530931
forecast_3995,2025-06-16 11:00:00,8294.546667765257,9183.675018324675,6840.476262071892
forecast_3996,2025-06-16 12:00:00,8265.49043072745,8883.018155269272,7152.155860476986
forecast_3997,2025-06-16 13:00:00,8803.748148109153,9683.43974153929,8061.803790806327
forecast_3998,2025-06-16 14:00:00,11313.242171831622,11070.125914117525,9506.955695454855
forecast_3999,2025-06-16 15:00:00,11584.307945661709,12132.762897209315,10359.896269877052
forecast_4000,2025-06-16 16:00:00,13658.898791833954,13389.062760242523,12459.580659536727
forecast_4001,2025-06-16 17:00:00,13745.423881141034,13359.27368506502,13810.034841792743
forecast_4002,2025-06-16 18:00:00,15569.663647635949,15566.329467338337,14581.078105255736
forecast_4003,2025-06-16 19:00:00,15459.101668508498,15613.305924951554,13982.655469795123
forecast_4004,2025-06-16 20:00:00,16176.448101816484,15384.78704854172,12898.483658084193
forecast_4005,2025-06-16 21:00:00,14292.574475497515,14756.75096474698,12984.537606884802
forecast_4006,2025-06-16 22:00:00,15017.183730280003,16580.845086356236,14535.121555607044
forecast_4007,2025-06-16 23:00:00,16801.645035568265,17916.60550127384,16149.055022225159
forecast_4008,2025-06-17 00:00:00,17554.83759570151,18484.363131788836,17845.531768363482
forecast_4009,2025-06-17 01:00:00,17299.360238016605,18465.121280401992,17177.171523940222
forecast_4010,2025-06-17 02:00:00,17610.792220367544,18642.54670869314,17289.976002068874
forecast_4011,2025-06-17 03:00:00,17896.50628116714,18391.176705241785,17361.624973875867
forecast_4012,2025-06-17 04:00:00,16791.69147710983,18246.352963359877,17461.530546298894
forecast_4013,2025-06-17 05:00:00,16273.472209525411,17738.6412458326,16750.48660916957
forecast_4014,2025-06-17 06:00:00,15443.35970876928,17352.88001214573,15949.394513776788
forecast_4015,2025-06-17 07:00:00,14675.447719790367,16213.191721107645,15376.744445365774
forecast_4016,2025-06-17 08:00:00,13832.396997886763,15167.5427027893,14281.025087895248
forecast_4017,2025-06-17 09:00:00,12534.429531110904,13976.332143156365,13171.235668151545
forecast_4018,2025-06-17 10:00:00,12288.149523066537,13259.725736805463,10806.825868649556
forecast_4019,2025-06-17 11:00:00,11258.857037438393,11193.111763960498,10752.694372547052
forecast_4020,2025-06-17 12:00:00,10610.469167676423,11081.445107071579,10011.370438429121
forecast_4021,2025-06-17 13:00:00,9528.455140535494,10568.361364879733,10086.340306733207
forecast_4022,2025-06-17 14:00:00,9352.667626587026,10459.99010464172,9500.586611630288
forecast_4023,2025-06-17 15:00:00,9785.481953134908,10635.213808322093,8548.410473461723
forecast_4024,2025-06-17 16:00:00,10685.804551107763,10579.781865337553,8000.075593022737
forecast_4025,2025-06-17 17:00:00,9081.370026758834,9510.060282462207,7945.958180149599
forecast_4026,2025-06-17 18:00:00,7955.758852543534,8753.38933147171,6905.141632832495
forecast_4027,2025-06-17 19:00:00,7678.527629910777,9042.44481683739,6393.887993351097
forecast_4028,2025-06-17 20:00:00,7443.676657232121,8716.485130121238,6030.038891638455
forecast_4029,2025-06-17 21:00:00,8158.996199350532,8952.92541652121,6330.684163876848
forecast_4030,2025-06-17 22:00:00,8043.836242086446,9272.453406188983,6448.347920052543
forecast_4031,2025-06-17 23:00:00,7943.913149898805,8439.090576112289,6172.5722684333205
forecast_4032,2025-06-18 00:00:00,7213.321958141443,8010.734167759914,6257.544767359785
forecast_4033,2025-06-18 01:00:00,9094.067462979856,9848.429806311424,7274.294118726927
forecast_4034,2025-06-18 02:00:00,10278.994645826402,10827.89998437581,8580.075603705662
forecast_4035,2025-06-18 03:00:00,12794.771863781063,13326.465255450723,10891.303013411902
forecast_4036,2025-06-18 04:00:00,14767.473133436102,14968.668731583204,11450.247857661501
forecast_4037,2025-06-18 05:00:00,15009.3297457613,15064.563870642984,11693.27381807056
forecast_4038,2025-06-18 06:00:00,14610.62670182239,14062.681126142825,11180.35545810219
forecast_4039,2025-06-18 07:00:00,12849.388893562109,13453.446314823337,10197.817809346177
forecast_4040,2025-06-18 08:00:00,11657.95892987094,12185.15396853896,9016.556616390539
forecast_4041,2025-06-18 09:00:00,9952.195749878047,10540.9878412176,7407.460925202109
forecast_4042,2025-06-18 10:00:00,8156.625421304832,8095.124541125404,5659.984388696447
forecast_4043,2025-06-18 11:00:00,5400.363030543146,5567.902527601984,3967.2597337596544
forecast_4044,2025-06-18 12:00:00,4443.129563530891,4327.011994597704,3624.578746919654
forecast_4045,2025-06-18 13:00:00,4307.425374379742,3991.3330335626088,3415.95766415107
forecast_4046,2025-06-18 14:00:00,4057.175487008992,3984.0166355968477,3711.6872364233477
forecast_4047,2025-06-18 15:00:00,4256.48098586176,4201.823327339246,3731.2370295495803
forecast_4048,2025-06-18 16:00:00,4476.591929013855,4414.126373233036,3909.038478600256
forecast_4049,2025-06-18 17:00:00,4429.934373756274,4358.335889965665,3870.0593779583337
forecast_4050,2025-06-18 18:00:00,4315.556161038353,4266.389812592042,3916.0654507212407
forecast_4051,2025-06-18 19:00:00,4934.182465290094,5295.639560248937,4095.5025320573745
forecast_4052,2025-06-18 20:00:00,7000.281624881837,7468.409942750584,6156.174336104765
forecast_4053,2025-06-18 21:00:00,10454.3883792443,10812.908323523929,8266.54812977313
forecast_4054,2025-06-18 22:00:00,13005.514543933941,13431.390074424797,10633.409510252784
forecast_4055,2025-06-18 23:00:00,14238.115405588858,14945.471783883298,11981.819976939665
forecast_4056,2025-06-19 00:00:00,14591.156609497086,15530.034700494853,12223.398263767329
forecast_4057,2025-06-19 01:00:00,15479.355637774213,15340.864998118574,13619.624529723393
forecast_4058,2025-06-19 02:00:00,15494.91791055097,15584.504982612538,13956.172071549443
forecast_4059,2025-06-19 03:00:00,15030.038418031701,15442.745777828324,13608.618641266317
forecast_4060,2025-06-19 04:00:00,15179.971614308668,15814.33177768932,12867.223574930864
forecast_4061,2025-06-19 05:00:00,14709.725884237858,14991.128786972014,12275.991866587672
forecast_4062,2025-06-19 06:00:00,13042.589138244499,13577.84675347102,10638.02421357589
forecast_4063,2025-06-19 07:00:00,10628.20845610633,10773.017123480258,7873.015804512292
forecast_4064,2025-06-19 08:00:00,7183.815696917154,6974.510813223392,4688.193996968999
forecast_4065,2025-06-19 09:00:00,4176.812063639895,4114.573104090483,3775.255526398228
forecast_4066,2025-06-19 10:00:00,3408.380773535615,3462.639557649557,2885.076424747206
forecast_4067,2025-06-19 11:00:00,3467.7468448580303,3304.50486066162,2522.9209349591683
forecast_4068,2025-06-19 12:00:00,2628.7465681940644,2822.648285205388,3287.1380412097405
forecast_4069,2025-06-19 13:00:00,5781.768087821128,4913.27947510387,2179.1960650786923
forecast_4070,2025-06-19 14:00:00,5170.888247481329,3797.5036740883884,2506.157332116682
forecast_4071,2025-06-19 15:00:00,4644.494003366048,4280.211307266212,2651.7396320515063
forecast_4072,2025-06-19 16:00:00,3423.1722737890755,3239.440644570745,2845.503655582169
forecast_4073,2025-06-19 17:00:00,3255.481928735734,3566.168096248852,3456.255080816027
forecast_4074,2025-06-19 18:00:00,3540.6400983923745,3748.971664556668,3402.168040160987
forecast_4075,2025-06-19 19:00:00,3742.846324357612,3732.5439891514475,3380.337613600845
forecast_4076,2025-06-19 20:00:00,3887.0808073778276,3950.802115288742,3760.800801249851
forecast_4077,2025-06-19 21:00:00,5075.899769904767,5739.862579272947,3861.8558433972735
forecast_4078,2025-06-19 22:00:00,7490.123117702343,8473.633723856048,4808.018014332605
forecast_4079,2025-06-19 23:00:00,9855.478239482074,10521.75428261758,6463.826084436719
forecast_4080,2025-06-20 00:00:00,9878.608308549034,10877.957410309666,7353.1536394478835
forecast_4081,2025-06-20 01:00:00,7641.705902224741,9665.091707550806,6902.389253816052
forecast_4082,2025-06-20 02:00:00,8452.71403407965,9945.116757166867,7641.46211273185
forecast_4083,2025-06-20 03:00:00,9259.827749037602,11550.871571530759,8900.327780900718
forecast_4084,2025-06-20 04:00:00,10259.222506433838,12581.125731425895,10013.627326405776
forecast_4085,2025-06-20 05:00:00,10030.532886125791,12919.702342165945,9803.05503938463
forecast_4086,2025-06-20 06:00:00,10051.148607878506,12859.287420921084,9347.908406289103
forecast_4087,2025-06-20 07:00:00,9771.93598495567,12089.44241015868,9045.943606245663
forecast_4088,2025-06-20 08:00:00,9695.674672982603,11728.120096998917,7876.392781283548
forecast_4089,2025-06-20 09:00:00,9456.079059238325,11136.827111794406,7944.178069013263
forecast_4090,2025-06-20 10:00:00,9516.367680101563,12527.413894901068,9251.281436094428
forecast_4091,2025-06-20 11:00:00,12143.900860935999,15851.326432106023,11507.71376403623
forecast_4092,2025-06-20 12:00:00,12552.285190165167,16376.4120867778,13622.482888450377
forecast_4093,2025-06-20 13:00:00,14966.68537022292,16681.85831724833,14262.339656490007
forecast_4094,2025-06-20 14:00:00,14741.978932603257,17305.999319044106,14922.377103345603
forecast_4095,2025-06-20 15:00:00,16458.305430842585,17676.74314292758,15574.678776514844
forecast_4096,2025-06-20 16:00:00,16165.67943266816,17525.974198395154,16837.77559443649
forecast_4097,2025-06-20 17:00:00,16674.418338770243,16956.805331921285,16846.991829447532
forecast_4098,2025-06-20 18:00:00,17245.001825451527,16970.63150324386,16934.97564277627
forecast_4099,2025-06-20 19:00:00,16988.346340820277,16572.893827791057,17393.45557832308
forecast_4100,2025-06-20 20:00:00,16861.19939022624,16629.82764536917,17063.069520847443
forecast_4101,2025-06-20 21:00:00,16837.383932060147,16906.025878022516,17273.21502659901
forecast_4102,2025-06-20 22:00:00,16663.80158553827,17048.67007382192,18399.479122339497
forecast_4103,2025-06-20 23:00:00,16642.764851622116,17496.145240750036,18462.162716791092
forecast_4104,2025-06-21 00:00:00,16702.598749936988,17511.07384745632,18307.328471675395
forecast_4105,2025-06-21 01:00:00,16709.604796863932,17887.07738254902,18531.76810372792
forecast_4106,2025-06-21 02:00:00,16984.78036854469,17876.53818031016,18249.00249651807
forecast_4107,2025-06-21 03:00:00,16311.752821778293,17847.099097633465,17766.700544317722
forecast_4108,2025-06-21 04:00:00,15406.676211877819,17681.743735653905,16830.204875604777
forecast_4109,2025-06-21 05:00:00,15086.974796234563,17840.961402561126,16904.533695721348
forecast_4110,2025-06-21 06:00:00,16095.162914297916,17719.70785144162,15893.759173072021
forecast_4111,2025-06-21 07:00:00,16188.794801484419,17889.08786346967,15788.202245185876
forecast_4112,2025-06-21 08:00:00,15548.243980877796,17709.373294427045,15507.583350358482
forecast_4113,2025-06-21 09:00:00,13995.949169840243,15972.641068816425,14013.963012846973
forecast_4114,2025-06-21 10:00:00,12918.389085882063,14172.142744006527,11833.325599553447
forecast_4115,2025-06-21 11:00:00,11022.742169512558,12526.73387525712,10410.368091450644
forecast_4116,2025-06-21 12:00:00,12622.679641957104,13252.204576545444,10442.445099368506
forecast_4117,2025-06-21 13:00:00,13355.876248633409,15987.32802919614,10892.192898197121
forecast_4118,2025-06-21 14:00:00,13520.34762549756,15183.098454387886,10998.071033322018
forecast_4119,2025-06-21 15:00:00,14284.97886327105,14358.53700401252,10942.37068611458
forecast_4120,2025-06-21 16:00:00,14024.670194553388,14682.93358829984,11411.600144266196
forecast_4121,2025-06-21 17:00:00,13892.368934030173,14813.95823591695,11072.985556495416
forecast_4122,2025-06-21 18:00:00,16085.619887656623,14848.908767551573,10913.641823302693
forecast_4123,2025-06-21 19:00:00,13913.812846976045,16569.42028348747,11013.790519373451
forecast_4124,2025-06-21 20:00:00,15203.163570673678,15623.307435653574,11850.835866692178
forecast_4125,2025-06-21 21:00:00,13912.786874156272,16186.124319759581,12226.118551240059
forecast_4126,2025-06-21 22:00:00,14821.468538893021,16484.104115895607,11712.2860305659
forecast_4127,2025-06-21 23:00:00,14936.556058361768,15657.225622111528,13428.795865158887
forecast_4128,2025-06-22 00:00:00,15333.118815190259,15990.306445713995,13786.938109360632
forecast_4129,2025-06-22 01:00:00,14233.731288802139,15293.205746705555,11729.674946585124
forecast_4130,2025-06-22 02:00:00,13616.389662688738,14917.586058112915,11583.374532942322
forecast_4131,2025-06-22 03:00:00,13771.408396767572,14156.985793361024,11427.313118154882
forecast_4132,2025-06-22 04:00:00,12929.550315929828,13231.65723492592,10460.346809810997
forecast_4133,2025-06-22 05:00:00,12108.665513846867,12943.913849822678,9786.9565866662
forecast_4134,2025-06-22 06:00:00,11138.876502613139,11827.646488031325,8481.718289185796
forecast_4135,2025-06-22 07:00:00,10729.688302289567,11187.51734775374,8109.2428988413485
forecast_4136,2025-06-22 08:00:00,8826.755051430671,9473.84485653254,6985.852469456255
forecast_4137,2025-06-22 09:00:00,7475.805153503434,7905.971607693832,5771.252060050979
forecast_4138,2025-06-22 10:00:00,5833.844523921301,6208.257968536643,4082.611831836111
forecast_4139,2025-06-22 11:00:00,4932.237958106281,5025.715658345634,3870.4257378549596
forecast_4140,2025-06-22 12:00:00,6149.287973348174,5700.626897995545,3777.612287215322
forecast_4141,2025-06-22 13:00:00,5155.323916113246,5110.596636953738,3716.633106298171
forecast_4142,2025-06-22 14:00:00,4775.344595829229,4760.572506971975,3638.9378140265535
forecast_4143,2025-06-22 15:00:00,3991.49469940694,3823.7590177907455,3385.819886321887
forecast_4144,2025-06-22 16:00:00,4040.768189641173,4021.040921025896,3442.447008827664
forecast_4145,2025-06-22 17:00:00,4275.230370921598,4342.931660335585,3628.7227779222508
forecast_4146,2025-06-22 18:00:00,4643.611458958974,4321.072888566553,3787.5911867148106
forecast_4147,2025-06-22 19:00:00,5332.165591826322,5852.652368945504,3868.447053395753
forecast_4148,2025-06-22 20:00:00,5837.16154967925,6473.212637652055,4753.0393943873005
forecast_4149,2025-06-22 21:00:00,7935.6674095142225,8633.34738634856,5957.294867289549
forecast_4150,2025-06-22 22:00:00,9516.587807083357,9658.392896202004,6167.021992040745
forecast_4151,2025-06-22 23:00:00,9929.907090461995,10002.179301654793,6245.215790400104
forecast_4152,2025-06-23 00:00:00,9849.11067932295,9922.246062532517,6305.992615617584
forecast_4153,2025-06-23 01:00:00,6127.977610990615,6058.209506442566,4576.899128929059
forecast_4154,2025-06-23 02:00:00,5225.417123127469,5214.657890926818,4165.990236681526
forecast_4155,2025-06-23 03:00:00,4314.0251087915485,4053.4992427947727,3763.540434011624
forecast_4156,2025-06-23 04:00:00,3954.799936395966,3778.674984899012,3620.5714607985556
forecast_4157,2025-06-23 05:00:00,3822.4761499853016,3855.6300588027643,3167.6286048099823
forecast_4158,2025-06-23 06:00:00,3396.391907999456,3526.527877367303,3132.5820285602235
forecast_4159,2025-06-23 07:00:00,3258.4148377602987,3469.2220675929234,3170.4139736577627
forecast_4160,2025-06-23 08:00:00,3445.3851524883207,3723.0334217174595,2532.002324165476
forecast_4161,2025-06-23 09:00:00,2796.5750307380094,2987.662357864514,125.17637284918712
forecast_4162,2025-06-23 10:00:00,3762.507928274931,2937.743726799493,76.21074429756013
forecast_4163,2025-06-23 11:00:00,227.66238545761053,2084.474484041965,139.63699850834433
forecast_4164,2025-06-23 12:00:00,1402.2845901684827,1998.2657472359897,179.37814175672048
forecast_4165,2025-06-23 13:00:00,4757.934750116933,2517.1557693507793,205.69952611667847
forecast_4166,2025-06-23 14:00:00,2265.425679930074,2210.3898596506374,196.77415881850376
forecast_4167,2025-06-23 15:00:00,2819.5343159259232,4357.768046040498,174.4228840299317
forecast_4168,2025-06-23 16:00:00,1360.769449823104,1917.2603793585765,142.46928412460744
forecast_4169,2025-06-23 17:00:00,1132.565680072986,213.0062728059782,104.60120676509577
forecast_4170,2025-06-23 18:00:00,1871.9947538384731,2579.8731362576405,68.49483628403705
forecast_4171,2025-06-23 19:00:00,1135.4420314091758,1427.5765599273698,40.68359871167767
forecast_4172,2025-06-23 20:00:00,2120.8035371197275,2684.0406360769457,31.733126001394677
forecast_4173,2025-06-23 21:00:00,2282.005319778661,2491.8187507884295,1595.5744973650478
forecast_4174,2025-06-23 22:00:00,2864.4201677010215,2940.6047086733374,1987.0925480630249
forecast_4175,2025-06-23 23:00:00,2126.3098762512614,2110.2462290022,2133.5858921413014
forecast_4176,2025-06-24 00:00:00,2569.36465947411,2824.9246929507594,3978.838811997705
forecast_4177,2025-06-24 01:00:00,3533.7162157175903,3828.312246189291,3526.648639127025
forecast_4178,2025-06-24 02:00:00,3723.4399291049713,3521.5580726275166,1473.5664289437636
forecast_4179,2025-06-24 03:00:00,3298.930265517368,3466.896369806415,1466.300196652285
forecast_4180,2025-06-24 04:00:00,3282.3023756912585,3751.1191355551045,161.114844425043
forecast_4181,2025-06-24 05:00:00,3312.3607200467495,3718.0203671998456,192.7060727065474
forecast_4182,2025-06-24 06:00:00,3571.0295604949197,3817.228001562567,1485.4189457381349
forecast_4183,2025-06-24 07:00:00,3536.256574817816,3420.6039484849734,2194.36161297808
forecast_4184,2025-06-24 08:00:00,3411.8147998983063,3153.953330708103,4130.673093533059
forecast_4185,2025-06-24 09:00:00,3303.5021480176847,3068.9007919403584,3070.5490285897254
forecast_4186,2025-06-24 10:00:00,3355.9945711384694,3365.305390448766,2837.501364111385
forecast_4187,2025-06-24 11:00:00,3365.8447194988526,3340.8912609321114,2959.2814286609287
forecast_4188,2025-06-24 12:00:00,3191.3047301339057,3300.7638710064534,3089.4283950413137
forecast_4189,2025-06-24 13:00:00,3315.3150586940747,3277.4179071111703,3026.2682869515825
forecast_4190,2025-06-24 14:00:00,3444.7233641384573,3378.8720179422767,3129.89863047316
forecast_4191,2025-06-24 15:00:00,3520.8637638696405,3428.8581625637275,2975.7170168564385
forecast_4192,2025-06-24 16:00:00,3830.3842455505937,3723.3880783633817,3251.3718209881827
forecast_4193,2025-06-24 17:00:00,3600.222070701464,3672.874114408005,3350.018894174092
forecast_4194,2025-06-24 18:00:00,3920.8834232221184,4126.702377372418,3809.456615658884
forecast_4195,2025-06-24 19:00:00,4533.7947111865915,4846.363270168758,3358.837103183289
forecast_4196,2025-06-24 20:00:00,5145.830296508278,5709.938815587031,3851.2436980881394
forecast_4197,2025-06-24 21:00:00,6387.245685791821,7339.425958709846,4394.54655925669
forecast_4198,2025-06-24 22:00:00,6876.969018765285,7809.026109221765,4556.993572632929
forecast_4199,2025-06-24 23:00:00,7346.64001394468,7951.2756337335795,4934.490434389302
forecast_4200,2025-06-25 00:00:00,7374.393124628952,7919.445109304003,4981.626195606923
forecast_4201,2025-06-25 01:00:00,5163.449912581294,5331.41004606131,3915.466836320332
forecast_4202,2025-06-25 02:00:00,4750.814700269055,4978.613120605891,3740.323896225192
forecast_4203,2025-06-25 03:00:00,4523.417368361029,4783.10054044072,3507.2541204061777
forecast_4204,2025-06-25 04:00:00,3932.9992985581694,4282.402998553854,3502.9509907973047
forecast_4205,2025-06-25 05:00:00,3948.9680369001,4188.825576435234,3359.4827659246434
forecast_4206,2025-06-25 06:00:00,3883.019663564903,3890.3525395853385,3614.309449359302
forecast_4207,2025-06-25 07:00:00,3712.503907943413,3969.457327330309,3831.6692207868373
forecast_4208,2025-06-25 08:00:00,3709.092730543138,3764.1959345198184,3403.1752417413113
forecast_4209,2025-06-25 09:00:00,3541.5421597808386,3663.2142652834086,3151.170818411266
forecast_4210,2025-06-25 10:00:00,3430.9271537191175,3539.8232786246144,3173.1094583464187
forecast_4211,2025-06-25 11:00:00,3515.1091117353744,3488.6825007704633,3194.0097217773296
forecast_4212,2025-06-25 12:00:00,3633.887746578333,3505.3672768634224,3075.5055409878287
forecast_4213,2025-06-25 13:00:00,3063.168234198053,3255.0884797263207,2886.5337031088634
forecast_4214,2025-06-25 14:00:00,2920.1068178034952,2956.817129238845,2226.0505502307174
forecast_4215,2025-06-25 15:00:00,3143.4603520164155,3031.704442967358,2240.3630543163545
forecast_4216,2025-06-25 16:00:00,3341.637456051888,3388.0839754121876,2400.6217806525137
forecast_4217,2025-06-25 17:00:00,3555.6430791759403,3666.537495616014,3430.7327746567053
forecast_4218,2025-06-25 18:00:00,4053.4588971092508,3841.6907775532595,3667.453645244742
forecast_4219,2025-06-25 19:00:00,4203.094782921155,4120.522375781688,3446.8810303339606
forecast_4220,2025-06-25 20:00:00,3963.228439661488,4111.097340773877,3497.069264924325
forecast_4221,2025-06-25 21:00:00,5293.469881060988,5495.3956071677985,3467.1571305285242
forecast_4222,2025-06-25 22:00:00,6276.02507927212,6682.06495555182,4110.410340739762
forecast_4223,2025-06-25 23:00:00,7105.849453163022,7677.765960433026,4907.350054179526
forecast_4224,2025-06-26 00:00:00,7167.283422916155,7853.653613590252,5282.3822210475955
forecast_4225,2025-06-26 01:00:00,12835.791909344984,13248.450264994282,11165.121467928735
forecast_4226,2025-06-26 02:00:00,12991.441890493672,13556.969550769983,10326.097998552596
forecast_4227,2025-06-26 03:00:00,13265.601087886225,14565.658193530511,10125.040234985061
forecast_4228,2025-06-26 04:00:00,15247.854805937428,16228.736728670014,10417.100761688886
forecast_4229,2025-06-26 05:00:00,15605.670235484851,16060.145949294943,11535.722571828004
forecast_4230,2025-06-26 06:00:00,15022.670177839917,15469.93990187739,12027.464915028488
forecast_4231,2025-06-26 07:00:00,14746.594011579342,14897.98751952886,12115.951294279808
forecast_4232,2025-06-26 08:00:00,13537.71594959898,14299.139284798068,10858.65383166326
forecast_4233,2025-06-26 09:00:00,12101.311979063823,12284.584936004163,9377.17299182092
forecast_4234,2025-06-26 10:00:00,10458.054594881143,11473.208139298338,8079.707265965845
forecast_4235,2025-06-26 11:00:00,8395.989964002909,9581.624190638076,6489.156769950885
forecast_4236,2025-06-26 12:00:00,7222.602724558497,8614.050074137323,5557.212784428885
forecast_4237,2025-06-26 13:00:00,6351.381387183607,6568.392307589532,4194.504999265023
forecast_4238,2025-06-26 14:00:00,5183.652700234396,4905.412214778528,3786.854104194709
forecast_4239,2025-06-26 15:00:00,5832.1276843511205,5308.135647131015,3820.2557355467975
forecast_4240,2025-06-26 16:00:00,6042.522061048917,5844.508452051233,4226.372167590538
forecast_4241,2025-06-26 17:00:00,6066.698270147404,6225.633437737679,4738.134386126505
forecast_4242,2025-06-26 18:00:00,6079.297715854013,6363.819159001753,4486.58724091182
forecast_4243,2025-06-26 19:00:00,6404.63121889378,6475.579906867418,4719.791912261028
forecast_4244,2025-06-26 20:00:00,7442.969849370056,7783.455467480033,5357.2201738213425
forecast_4245,2025-06-26 21:00:00,8891.094121031729,9114.509989452927,6337.098909981268
forecast_4246,2025-06-26 22:00:00,9435.422124579056,10300.991608136848,6748.103227437534
forecast_4247,2025-06-26 23:00:00,8333.993905986921,8895.398517800055,6015.023030994403
forecast_4248,2025-06-27 00:00:00,7691.005888275747,7834.4974061185185,5769.534828730343
forecast_4249,2025-06-27 01:00:00,4576.6047153255195,4697.034956475423,3803.2915519175785
forecast_4250,2025-06-27 02:00:00,4631.273138230665,4616.341437127246,3974.93401390881
forecast_4251,2025-06-27 03:00:00,5100.6828715798965,5424.696064512208,4420.332968912163
forecast_4252,2025-06-27 04:00:00,6166.9486338304905,6019.016778978997,4409.153189126064
forecast_4253,2025-06-27 05:00:00,5218.605443140894,5179.659951117323,4089.9695921931766
forecast_4254,2025-06-27 06:00:00,4131.850588220015,3977.606271622588,3747.2359547457213
forecast_4255,2025-06-27 07:00:00,3563.514980343216,3420.6583325227925,3230.522429648166
forecast_4256,2025-06-27 08:00:00,3523.740419434082,3496.3937619331996,2964.6560494522787
forecast_4257,2025-06-27 09:00:00,3911.7020497415874,3738.1823293892276,3606.1232051552606
forecast_4258,2025-06-27 10:00:00,3865.8647449197188,3486.0818210222196,3247.6894504649563
forecast_4259,2025-06-27 11:00:00,4806.487028759267,4798.14370868035,3879.010292092242
forecast_4260,2025-06-27 12:00:00,4246.836673834281,4693.384610525275,4052.366348562678
forecast_4261,2025-06-27 13:00:00,4093.850557497428,4392.442137701199,4300.049371052014
forecast_4262,2025-06-27 14:00:00,3670.1048962671125,3623.4690257596285,2847.2594587390545
forecast_4263,2025-06-27 15:00:00,3351.5750538674547,3354.485213927641,2740.537665407469
forecast_4264,2025-06-27 16:00:00,3663.1604693986565,3324.0885195316496,3851.220918782574
forecast_4265,2025-06-27 17:00:00,3583.102777557443,3816.551052322752,3651.264132732785
forecast_4266,2025-06-27 18:00:00,3605.4639613788927,3821.846697680897,3999.1722729386975
forecast_4267,2025-06-27 19:00:00,3268.432957635519,3232.579066701127,3629.99846916156
forecast_4268,2025-06-27 20:00:00,3588.681497759551,3782.7073598329353,3065.6552302697664
forecast_4269,2025-06-27 21:00:00,4244.872652978276,4337.050551840152,3345.5772166776223
forecast_4270,2025-06-27 22:00:00,5113.803598217679,5221.576816465602,3821.450688891669
forecast_4271,2025-06-27 23:00:00,6348.984857682112,6343.7855268935755,4214.043371944085
forecast_4272,2025-06-28 00:00:00,6911.139835496344,6952.58297747145,4481.149144239441
forecast_4273,2025-06-28 01:00:00,9729.620512328851,9591.597609725408,6805.69356253924
forecast_4274,2025-06-28 02:00:00,9797.831780293658,10001.837001055204,6890.438562352139
forecast_4275,2025-06-28 03:00:00,10185.643854533835,10819.059352381873,6988.752722461945
forecast_4276,2025-06-28 04:00:00,10434.496336340566,10731.23316457348,7237.605412907657
forecast_4277,2025-06-28 05:00:00,10338.69298055908,11005.509293616888,7286.1555455880125
forecast_4278,2025-06-28 06:00:00,11206.604317106545,11252.54819334701,7883.016666368348
forecast_4279,2025-06-28 07:00:00,9058.623094949533,9540.271394891386,6840.597382351954
forecast_4280,2025-06-28 08:00:00,7902.557554310238,8215.31834754342,5659.430052403649
forecast_4281,2025-06-28 09:00:00,5599.623267957406,5321.712921186543,4240.563373849718
forecast_4282,2025-06-28 10:00:00,4348.200256006891,4109.714087516486,3851.096398654469
forecast_4283,2025-06-28 11:00:00,3856.590654066819,3834.393314692002,3767.387418359337
forecast_4284,2025-06-28 12:00:00,3679.7309388896538,3640.080407886964,3148.343401723447
forecast_4285,2025-06-28 13:00:00,3375.0866686486543,3334.3472779700232,2727.459335632306
forecast_4286,2025-06-28 14:00:00,3485.6129235897583,3498.6275629083825,2857.9592690118156
forecast_4287,2025-06-28 15:00:00,3636.770719328196,3645.896512699162,3051.887908636253
forecast_4288,2025-06-28 16:00:00,3685.2137849545084,3844.513176312107,3222.3207900855873
forecast_4289,2025-06-28 17:00:00,3947.4944080895416,3987.638076422162,3607.3937724088682
forecast_4290,2025-06-28 18:00:00,4159.734394908183,4746.540361439673,3939.6774919018158
forecast_4291,2025-06-28 19:00:00,5838.949248297919,6375.495675279823,4612.405624790713
forecast_4292,2025-06-28 20:00:00,5930.520141354092,7384.841703295888,4862.606883550529
forecast_4293,2025-06-28 21:00:00,8470.984322517003,9127.837887099213,5631.710681724011
forecast_4294,2025-06-28 22:00:00,10047.784753748849,10671.229832218272,7039.756467477584
forecast_4295,2025-06-28 23:00:00,11105.733454038347,11942.04246060196,8378.921694049417
forecast_4296,2025-06-29 00:00:00,11269.953011609858,12235.890091366096,8839.764421403104
forecast_4297,2025-06-29 01:00:00,11348.703313504659,12347.653333340286,9396.038949376623
forecast_4298,2025-06-29 02:00:00,11322.178136107415,12576.398928204948,9047.130063650866
forecast_4299,2025-06-29 03:00:00,11762.707857323088,12173.270815058484,9247.225296149083
forecast_4300,2025-06-29 04:00:00,11751.918239470886,12619.404637750187,10094.136474910309
forecast_4301,2025-06-29 05:00:00,12540.381205792371,12998.005511626317,11032.811833718199
forecast_4302,2025-06-29 06:00:00,12307.497166549216,13095.767386731859,10761.139144120605
forecast_4303,2025-06-29 07:00:00,11979.986971763139,11997.33854906819,9442.519185598194
forecast_4304,2025-06-29 08:00:00,12375.407905581547,12222.304235358006,8697.891459599898
forecast_4305,2025-06-29 09:00:00,10650.83407183192,10864.683827418416,8137.335549034298
forecast_4306,2025-06-29 10:00:00,8336.363394286827,8615.837341384573,5495.281645942393
forecast_4307,2025-06-29 11:00:00,5401.388492251502,5331.9004788285365,4155.235362177643
forecast_4308,2025-06-29 12:00:00,3925.346287131151,3949.7045048817013,3643.5471362705416
forecast_4309,2025-06-29 13:00:00,3374.4026613552223,3629.6530871620735,3704.3727729933
forecast_4310,2025-06-29 14:00:00,3811.9677674453364,3678.1368350293706,3549.119434371213
forecast_4311,2025-06-29 15:00:00,3699.7269412273627,3754.4880848882117,3467.9470736779954
forecast_4312,2025-06-29 16:00:00,3761.407471980339,3893.952478535625,3529.1663620980203
forecast_4313,2025-06-29 17:00:00,3886.558295726167,3824.062104745595,3578.1155643274883
forecast_4314,2025-06-29 18:00:00,4288.051690134451,4123.995144573781,3682.111855185239
forecast_4315,2025-06-29 19:00:00,5495.531627103073,5768.772225796365,4269.374964696024
forecast_4316,2025-06-29 20:00:00,8256.392702109148,8418.506627535995,6317.236314201058
forecast_4317,2025-06-29 21:00:00,10995.825854362902,11348.428074900656,8765.66300183532
forecast_4318,2025-06-29 22:00:00,12866.223712417801,13756.989880296944,11566.31599963446
forecast_4319,2025-06-29 23:00:00,14692.899013275546,15008.321038784175,12085.031081234745
forecast_4320,2025-06-30 00:00:00,14817.057541737811,15164.002136262316,12640.394184505229
forecast_4321,2025-06-30 01:00:00,14034.853310274542,14774.020620475532,11664.396319202799
forecast_4322,2025-06-30 02:00:00,14178.816294052078,15078.68091812164,11881.257836677269
forecast_4323,2025-06-30 03:00:00,15801.72465943859,15650.244654892069,10817.291808731032
forecast_4324,2025-06-30 04:00:00,16123.95824563419,16508.66282271671,11644.165871170144
forecast_4325,2025-06-30 05:00:00,16897.702372274118,16758.834631224297,12859.44703907478
forecast_4326,2025-06-30 06:00:00,15802.832320515716,16529.283554948644,12683.588661032458
forecast_4327,2025-06-30 07:00:00,14285.903462129798,14427.386668123703,11881.659787743518
forecast_4328,2025-06-30 08:00:00,12727.740669371526,13008.961640041756,9936.083211948664
forecast_4329,2025-06-30 09:00:00,10592.502828001741,10730.23300723349,8112.790001830375
forecast_4330,2025-06-30 10:00:00,7987.757013559409,8004.277603464315,6310.594734047245
forecast_4331,2025-06-30 11:00:00,5082.43607942558,5237.583344609405,4246.081532597503
forecast_4332,2025-06-30 12:00:00,4062.4204583789947,4090.136654118715,3743.588988374953
forecast_4333,2025-06-30 13:00:00,4241.060011240304,4469.070358626007,4566.6889474674745
forecast_4334,2025-06-30 14:00:00,5176.4439177771565,5100.303179849783,6381.957651788567
forecast_4335,2025-06-30 15:00:00,6665.943184060152,5887.251585020243,7124.218469443093
forecast_4336,2025-06-30 16:00:00,6815.159495028071,7455.261763768545,7905.8823856881945
forecast_4337,2025-06-30 17:00:00,6973.070622282974,6673.104138784858,7092.070142608164
forecast_4338,2025-06-30 18:00:00,7677.928225849577,8281.42434309461,7271.644193628175
forecast_4339,2025-06-30 19:00:00,9135.37415805241,10299.80689798782,8096.721365752208
forecast_4340,2025-06-30 20:00:00,10946.847009200435,12110.279011095214,9256.847205548243
forecast_4341,2025-06-30 21:00:00,12495.698876902843,13436.975450765745,9668.206815501333
forecast_4342,2025-06-30 22:00:00,14017.42261731125,14457.314233390538,10313.299617484206
forecast_4343,2025-06-30 23:00:00,14244.489776055267,14704.421114694296,10699.00467301242
forecast_4344,2025-07-01 00:00:00,14855.448754155708,14916.290580086521,11552.946201775532
forecast_4345,2025-07-01 01:00:00,15109.278478739643,16023.117087080635,13135.149791567494
forecast_4346,2025-07-01 02:00:00,15343.950918639599,15981.370653137243,12997.556985563035
forecast_4347,2025-07-01 03:00:00,15278.064251082164,16030.474327681093,12578.230372533984
forecast_4348,2025-07-01 04:00:00,15042.881791268152,15555.066431315392,11310.852119931578
forecast_4349,2025-07-01 05:00:00,14979.090588945786,15358.585260358594,12321.708101715554
forecast_4350,2025-07-01 06:00:00,14810.802168257364,15041.309106623854,12776.618991923227
forecast_4351,2025-07-01 07:00:00,13202.803904859005,14148.839447052704,11565.100277487632
forecast_4352,2025-07-01 08:00:00,11514.473819245926,12350.218886363642,9354.19731989116
forecast_4353,2025-07-01 09:00:00,10592.165956257331,10979.342729669297,8192.590786411343
forecast_4354,2025-07-01 10:00:00,9629.003179044183,10306.960931466456,7676.937972450695
forecast_4355,2025-07-01 11:00:00,8461.635547574084,8346.347879929328,7022.744134413349
forecast_4356,2025-07-01 12:00:00,7890.960149821235,8301.665688917801,7419.071420549616
forecast_4357,2025-07-01 13:00:00,7588.753514426584,7535.327011218995,6618.3747927572085
forecast_4358,2025-07-01 14:00:00,7151.932835250303,7392.7424449993805,6345.874418763575
forecast_4359,2025-07-01 15:00:00,7346.173868013687,7657.645975824033,6492.967964938368
forecast_4360,2025-07-01 16:00:00,7720.933623890046,8064.694684597691,6673.146542126363
forecast_4361,2025-07-01 17:00:00,8378.552215357027,8605.087182748768,7124.648596751384
forecast_4362,2025-07-01 18:00:00,8611.492897665112,9025.33695624647,7002.670448399406
forecast_4363,2025-07-01 19:00:00,11463.981376653526,13022.338858411325,7929.176345239398
forecast_4364,2025-07-01 20:00:00,13136.889395070533,14472.830699942877,8926.950933589242
forecast_4365,2025-07-01 21:00:00,15613.916634401985,15937.87842908648,11910.18470541777
forecast_4366,2025-07-01 22:00:00,16582.300957697404,16890.97133740317,12254.526430032378
forecast_4367,2025-07-01 23:00:00,16232.408223896004,17222.404317648256,12927.815032360619
forecast_4368,2025-07-02 00:00:00,16275.097320843632,17484.210052569684,13361.98580931666
forecast_4369,2025-07-02 01:00:00,16151.038466174821,17214.335820895023,17251.724928660147
forecast_4370,2025-07-02 02:00:00,16081.866169539455,17279.17173876614,17358.65013127398
forecast_4371,2025-07-02 03:00:00,16101.6393770655,17378.963590383217,17739.66762639845
forecast_4372,2025-07-02 04:00:00,16426.060638924373,17742.21944425941,17661.66423243721
forecast_4373,2025-07-02 05:00:00,17042.88173713288,17932.693819027314,15726.547139223429
forecast_4374,2025-07-02 06:00:00,16717.922427560934,17484.247878713966,15548.708126394577
forecast_4375,2025-07-02 07:00:00,15385.431972695944,16329.093569906141,15140.4870508816
forecast_4376,2025-07-02 08:00:00,14921.33523371554,15934.930517759909,14580.017858048646
forecast_4377,2025-07-02 09:00:00,13904.15908870832,15023.786612234782,13494.668208117895
forecast_4378,2025-07-02 10:00:00,13055.07996704763,13590.17930831094,11801.152803526114
forecast_4379,2025-07-02 11:00:00,11042.515288103938,11890.631858837738,9132.926784902495
forecast_4380,2025-07-02 12:00:00,9771.748927366243,9795.49672974627,8346.900257247133
forecast_4381,2025-07-02 13:00:00,9099.19982550093,9358.11723895898,7971.445343945664
forecast_4382,2025-07-02 14:00:00,9362.853864273964,9246.091497231804,7695.256733131347
forecast_4383,2025-07-02 15:00:00,9081.575975424721,8934.056153249448,6743.788519582636
forecast_4384,2025-07-02 16:00:00,8637.129492985152,8736.56374125791,6286.159500863985
forecast_4385,2025-07-02 17:00:00,7745.086893840419,7804.5315038538265,5952.891794282461
forecast_4386,2025-07-02 18:00:00,7516.04778138634,7736.637458478414,5840.149186593693
forecast_4387,2025-07-02 19:00:00,8983.318436144242,9282.708641315076,6710.469174149215
forecast_4388,2025-07-02 20:00:00,11660.015333437179,11910.791688485637,7484.143864398317
forecast_4389,2025-07-02 21:00:00,13510.365093510167,14061.204731400398,11458.78126376229
forecast_4390,2025-07-02 22:00:00,14502.035649689604,15528.82579127243,12742.704645250715
forecast_4391,2025-07-02 23:00:00,15698.04705742332,16071.172664934846,14002.415382229392
forecast_4392,2025-07-03 00:00:00,16164.769541291793,16808.260394289868,14645.647350627974
forecast_4393,2025-07-03 01:00:00,17361.448356203087,17371.062269058355,15324.496385346503
forecast_4394,2025-07-03 02:00:00,17337.71384809046,17317.132596301395,14937.80968637861
forecast_4395,2025-07-03 03:00:00,15799.988267201885,16192.677128005216,14400.267177327152
forecast_4396,2025-07-03 04:00:00,15424.528118014763,15798.456715051707,14017.396728029165
forecast_4397,2025-07-03 05:00:00,15275.898899842123,15784.996403509576,14085.402425052456
forecast_4398,2025-07-03 06:00:00,15175.191268114168,16120.378824415135,13732.791466419096
forecast_4399,2025-07-03 07:00:00,15124.697312369768,15288.165313740956,13620.680023658404
forecast_4400,2025-07-03 08:00:00,15286.067024757062,15059.021445912736,13829.440779242466
forecast_4401,2025-07-03 09:00:00,13871.228497063876,14047.294819960693,13360.336599852488
forecast_4402,2025-07-03 10:00:00,12376.641192070483,12689.539712033764,11213.118907285334
forecast_4403,2025-07-03 11:00:00,9370.211491821867,9847.763589724871,8330.798227856316
forecast_4404,2025-07-03 12:00:00,5298.501479385465,6012.458755305674,6021.867336456308
forecast_4405,2025-07-03 13:00:00,4880.383133056772,4765.352350501213,5542.069668084195
forecast_4406,2025-07-03 14:00:00,4605.127891768253,4620.05126588001,6284.168015805013
forecast_4407,2025-07-03 15:00:00,5757.84375486651,5753.054622289259,7119.349956615742
forecast_4408,2025-07-03 16:00:00,6245.56744473739,6168.935783316511,6550.836566609659
forecast_4409,2025-07-03 17:00:00,7814.722203307717,6292.462436727523,5531.147050783035
forecast_4410,2025-07-03 18:00:00,9576.388251859917,8585.392975836505,5839.19999617564
forecast_4411,2025-07-03 19:00:00,10334.92631687246,11445.37956318741,7843.661671768121
forecast_4412,2025-07-03 20:00:00,12656.417741897641,12966.513589153363,10047.600783444948
forecast_4413,2025-07-03 21:00:00,14337.73471245349,14620.958634671104,12005.664848356517
forecast_4414,2025-07-03 22:00:00,13994.848809263593,14951.863654911185,12592.037623881504
forecast_4415,2025-07-03 23:00:00,14158.950017274019,14912.439383283348,13528.006969213298
forecast_4416,2025-07-04 00:00:00,14030.764791559066,14841.661742376986,13825.607377351313
forecast_4417,2025-07-04 01:00:00,15701.397730686875,17382.71831907167,14388.96130560668
forecast_4418,2025-07-04 02:00:00,15657.940599545394,17730.839900951934,14794.67094327356
forecast_4419,2025-07-04 03:00:00,15540.444197192517,17868.365665387355,16058.472079593746
forecast_4420,2025-07-04 04:00:00,16700.260254223893,18084.97671609362,18335.90724057063
forecast_4421,2025-07-04 05:00:00,17738.762593458872,18448.531436198162,19155.72542065906
forecast_4422,2025-07-04 06:00:00,17850.7167038478,18563.707465697094,19020.414228183192
forecast_4423,2025-07-04 07:00:00,17433.561018416654,18146.27655570689,18314.147832123803
forecast_4424,2025-07-04 08:00:00,16483.57828243325,18341.557950312144,18006.476687773673
forecast_4425,2025-07-04 09:00:00,15702.75252806592,17385.959945762468,17615.134800665033
forecast_4426,2025-07-04 10:00:00,15076.940959236535,16862.579694820455,16355.963760061075
forecast_4427,2025-07-04 11:00:00,16601.78269435561,17047.137172721552,15578.989163720997
forecast_4428,2025-07-04 12:00:00,15652.77229512632,16971.684803735898,15364.91884270973
forecast_4429,2025-07-04 13:00:00,15496.00519690404,17234.622805770465,14913.01673773764
forecast_4430,2025-07-04 14:00:00,14207.973605942918,17800.28529176529,15214.599192887748
forecast_4431,2025-07-04 15:00:00,15267.033183516414,17981.996505762265,14840.757229179786
forecast_4432,2025-07-04 16:00:00,15160.59207599215,17405.781885114575,14137.142761322795
forecast_4433,2025-07-04 17:00:00,15254.324958762176,16727.64084022611,14552.222242122834
forecast_4434,2025-07-04 18:00:00,15101.209328274093,16782.084935822884,15979.397252937266
forecast_4435,2025-07-04 19:00:00,15533.95974867119,17084.41302330456,17215.326091405666
forecast_4436,2025-07-04 20:00:00,16215.956458268703,17888.236531569743,18048.21089407867
forecast_4437,2025-07-04 21:00:00,16465.50912897588,18268.54922524507,18997.506368525894
forecast_4438,2025-07-04 22:00:00,17333.33598444977,18782.939214887556,19331.507134111638
forecast_4439,2025-07-04 23:00:00,17599.81544288752,19110.668529137994,19129.799934281946
forecast_4440,2025-07-05 00:00:00,18166.04024488945,19183.50333459333,19204.605951267687
forecast_4441,2025-07-05 01:00:00,14582.177940718066,18075.80671463952,16469.622898308826
forecast_4442,2025-07-05 02:00:00,14775.972972635995,17993.07603618485,16769.175823590045
forecast_4443,2025-07-05 03:00:00,14936.553250686304,18081.942056770167,18583.580003630588
forecast_4444,2025-07-05 04:00:00,15051.58504209988,18167.948130382418,18575.83885933236
forecast_4445,2025-07-05 05:00:00,15062.173516335335,18068.06151338073,17203.302258748765
forecast_4446,2025-07-05 06:00:00,15135.456867527404,17857.274420479713,17532.042708294335
forecast_4447,2025-07-05 07:00:00,15003.373510430692,17561.28008351624,16880.73303169378
forecast_4448,2025-07-05 08:00:00,15347.881616503426,16550.913409638426,15510.572396004072
forecast_4449,2025-07-05 09:00:00,14325.162028354629,15729.975693383578,13609.241353506539
forecast_4450,2025-07-05 10:00:00,13222.925424434661,14399.529912658521,12399.892502847984
forecast_4451,2025-07-05 11:00:00,11898.513602698216,12080.870904122497,10348.415617441466
forecast_4452,2025-07-05 12:00:00,10308.266097538613,10872.562109296587,10022.457149011601
forecast_4453,2025-07-05 13:00:00,10914.032054831298,9971.063435958167,10465.772142844153
forecast_4454,2025-07-05 14:00:00,11663.055290971446,11302.791594943827,11364.173156929679
forecast_4455,2025-07-05 15:00:00,11438.567381877096,11492.94026908693,11705.246937727083
forecast_4456,2025-07-05 16:00:00,11366.042299881357,11607.867002734552,11413.447425181039
forecast_4457,2025-07-05 17:00:00,11834.304533049515,11749.776902191928,11236.575218176444
forecast_4458,2025-07-05 18:00:00,12263.332468643897,12166.975462673012,11644.888546705159
forecast_4459,2025-07-05 19:00:00,13153.684933582817,13669.565238506808,13000.33695739128
forecast_4460,2025-07-05 20:00:00,14544.975469347595,15611.493954543923,14810.388393676762
forecast_4461,2025-07-05 21:00:00,15401.6143380255,17373.175134804005,16266.120761466475
forecast_4462,2025-07-05 22:00:00,15673.044221726606,18050.939433112977,17947.56264324472
forecast_4463,2025-07-05 23:00:00,16135.978991219317,18131.97609760333,19107.44997577402
forecast_4464,2025-07-06 00:00:00,16465.840712315592,18146.02252729155,19098.677047297464
forecast_4465,2025-07-06 01:00:00,18562.151639081356,18504.361128744935,19286.404530785036
forecast_4466,2025-07-06 02:00:00,19751.610274458562,18636.73861438034,19297.46754117523
forecast_4467,2025-07-06 03:00:00,19951.24161063847,18875.656664217644,19352.433091607574
forecast_4468,2025-07-06 04:00:00,19795.920300469945,18604.167086667923,19335.077660064057
forecast_4469,2025-07-06 05:00:00,18669.721368282084,18435.191319522364,19357.228665379007
forecast_4470,2025-07-06 06:00:00,16507.495190785547,18586.194044990887,18820.362231923948
forecast_4471,2025-07-06 07:00:00,16280.632093808139,18637.45769458339,17978.454601802365
forecast_4472,2025-07-06 08:00:00,16757.791562365932,17779.4980964727,16081.716093789177
forecast_4473,2025-07-06 09:00:00,15747.902329758857,16594.49562932579,15537.441632659353
forecast_4474,2025-07-06 10:00:00,14541.301911180642,14613.190464349987,13095.872231080592
forecast_4475,2025-07-06 11:00:00,13059.048684239795,13196.706499711676,10575.266134690688
forecast_4476,2025-07-06 12:00:00,10662.09058758208,10883.187833252861,8471.597336058936
forecast_4477,2025-07-06 13:00:00,7805.925444773564,8298.773843263725,5891.588243355032
forecast_4478,2025-07-06 14:00:00,5327.182493936888,5299.060474427321,4174.272562920164
forecast_4479,2025-07-06 15:00:00,3993.7387848245617,3899.166674513715,3492.3073324985967
forecast_4480,2025-07-06 16:00:00,3588.723710259571,3781.21200095211,3440.981201869652
forecast_4481,2025-07-06 17:00:00,3837.1728972306155,3782.373841589222,3546.1220820083195
forecast_4482,2025-07-06 18:00:00,4480.601174083019,4395.6148003918815,3905.6153845598556
forecast_4483,2025-07-06 19:00:00,5542.383416220157,5561.860477400461,4477.592140152702
forecast_4484,2025-07-06 20:00:00,6867.762516495029,7146.185796567428,5424.772774895349
forecast_4485,2025-07-06 21:00:00,8655.52600944146,8689.218154418684,6403.716110484902
forecast_4486,2025-07-06 22:00:00,10059.98778557489,10170.617850018174,6803.422305757597
forecast_4487,2025-07-06 23:00:00,11105.83394415386,11645.524252112551,7226.510123205394
forecast_4488,2025-07-07 00:00:00,11549.936402555108,11705.591102831106,7338.329223415826
forecast_4489,2025-07-07 01:00:00,10033.337489477175,10273.634643715573,6065.384197716194
forecast_4490,2025-07-07 02:00:00,9825.094979047059,10059.39949999533,5948.718709021611
forecast_4491,2025-07-07 03:00:00,9639.382082559006,9830.875663282462,5694.621679139697
forecast_4492,2025-07-07 04:00:00,8009.8597020796815,8249.190077193045,4692.1880574028755
forecast_4493,2025-07-07 05:00:00,5721.374206826035,5494.1291649215755,3843.577509140919
forecast_4494,2025-07-07 06:00:00,3750.3323874884763,3774.435994335548,3449.6501060830947
forecast_4495,2025-07-07 07:00:00,3634.6966505641617,3777.619602821924,3145.46116897783
forecast_4496,2025-07-07 08:00:00,3298.517559931848,3489.653394613809,3255.756699341079
forecast_4497,2025-07-07 09:00:00,3403.7507758294914,4207.184137505819,2085.238387582646
forecast_4498,2025-07-07 10:00:00,3694.6135872335785,3952.7795632830084,66.42512980678997
forecast_4499,2025-07-07 11:00:00,6113.532383353243,3845.159029377794,820.5154589797878
forecast_4500,2025-07-07 12:00:00,107.2128821279624,139.53430136816058,109.45646008875805
forecast_4501,2025-07-07 13:00:00,164.15607011748335,1210.8311517178506,1323.1732928551617
forecast_4502,2025-07-07 14:00:00,204.9371180127942,3137.7435758635856,196.33365079230495
forecast_4503,2025-07-07 15:00:00,1860.395839482636,3053.3285036611746,186.25765782348395
forecast_4504,2025-07-07 16:00:00,3633.2472076357485,3188.2290614505537,212.80581189396574
forecast_4505,2025-07-07 17:00:00,3633.923290038201,3168.270948079464,218.34761149099384
forecast_4506,2025-07-07 18:00:00,2859.558644312,2917.758386117182,1862.83850952359
forecast_4507,2025-07-07 19:00:00,2847.386946549266,2944.0961108551833,2089.9665407627817
forecast_4508,2025-07-07 20:00:00,3482.5341431973984,2869.2270321974042,2013.4555911656105
forecast_4509,2025-07-07 21:00:00,2659.2043355565847,2889.0244776772497,1143.4402692921853
forecast_4510,2025-07-07 22:00:00,2878.792334924078,2994.9852022382265,166.93774487194864
forecast_4511,2025-07-07 23:00:00,3315.692535460274,3518.4524930847956,192.2225646312431
forecast_4512,2025-07-08 00:00:00,3489.0440409353355,3562.633352527687,220.8932743063897
forecast_4513,2025-07-08 01:00:00,3469.4265234963514,3290.279092494962,51.58422588771346
forecast_4514,2025-07-08 02:00:00,3473.578411771059,2570.3419657677923,53.38865326800325
forecast_4515,2025-07-08 03:00:00,3182.606753001119,2883.2964408653047,39.236978948402985
forecast_4516,2025-07-08 04:00:00,2393.085409658702,2630.4642572484186,40.501318415703615
forecast_4517,2025-07-08 05:00:00,2373.2691408854353,2470.2414021108666,29.80408652092991
forecast_4518,2025-07-08 06:00:00,3651.7604065122014,3427.4649322700175,23.29003707524566
forecast_4519,2025-07-08 07:00:00,3671.663984851106,2890.306199684713,30.475607401304217
forecast_4520,2025-07-08 08:00:00,3891.248928341422,3566.4351872332904,863.9342715630257
forecast_4521,2025-07-08 09:00:00,3618.822313607184,3999.086986453221,826.227176059958
forecast_4522,2025-07-08 10:00:00,6943.98028022076,3119.125699694631,1092.464822658138
forecast_4523,2025-07-08 11:00:00,1932.6268137570246,3090.3370348481044,2264.5494220356068
forecast_4524,2025-07-08 12:00:00,327.16767592346974,3271.1396443723033,1450.7743456031571
forecast_4525,2025-07-08 13:00:00,3077.435137737527,4081.0942682704726,2573.401802797989
forecast_4526,2025-07-08 14:00:00,2068.8873042069026,3851.512342757323,3186.4985544176916
forecast_4527,2025-07-08 15:00:00,3237.0811383998207,3700.3566434056015,3232.18078589259
forecast_4528,2025-07-08 16:00:00,5893.928192057321,4949.558605839983,2564.259234321068
forecast_4529,2025-07-08 17:00:00,2896.9207356717698,3435.430272021101,1358.0466775227005
forecast_4530,2025-07-08 18:00:00,2020.061030398431,1557.3008614765251,2296.6939066524064
forecast_4531,2025-07-08 19:00:00,2810.160436716661,2740.7147308724675,1149.9404552439494
forecast_4532,2025-07-08 20:00:00,3340.4691913891725,3205.318893317185,2011.32347444652
forecast_4533,2025-07-08 21:00:00,2924.4160715098124,3077.24400926615,2067.757183660108
forecast_4534,2025-07-08 22:00:00,2808.302336506061,3051.4375800443404,2095.672198253602
forecast_4535,2025-07-08 23:00:00,3193.5330001588454,3328.2709796081967,2850.2063395860782
forecast_4536,2025-07-09 00:00:00,3346.6301233510167,3536.7196096040816,3491.28779010693
forecast_4537,2025-07-09 01:00:00,3293.1982041112,3471.4968782973137,2122.6346826054782
forecast_4538,2025-07-09 02:00:00,3463.472656369507,3637.8485746645174,1866.5213493426756
forecast_4539,2025-07-09 03:00:00,3164.6103174453447,3195.865258609424,1790.8104065732566
forecast_4540,2025-07-09 04:00:00,3112.7324168509394,3365.3058928064593,2953.9033663104024
forecast_4541,2025-07-09 05:00:00,3360.60155217775,3458.442927086823,3047.380160062486
forecast_4542,2025-07-09 06:00:00,3069.089746081408,3390.073534405154,2749.3459641831037
forecast_4543,2025-07-09 07:00:00,3188.8601819273204,3179.165017044543,3188.9801369653546
forecast_4544,2025-07-09 08:00:00,3051.9948700807568,3055.7390397037098,3326.3507656432357
forecast_4545,2025-07-09 09:00:00,3277.8324635594063,3380.58625724644,3788.777831274826
forecast_4546,2025-07-09 10:00:00,3413.8746942766825,3465.256378774649,3893.599163922334
forecast_4547,2025-07-09 11:00:00,3855.3373627537944,4201.054363413632,3628.9843275490825
forecast_4548,2025-07-09 12:00:00,3343.1479341855907,3851.3957219470935,3718.640533136196
forecast_4549,2025-07-09 13:00:00,3264.7640877746203,3650.0403961454654,3615.925429567191
forecast_4550,2025-07-09 14:00:00,3367.5033619868423,3814.242089142533,3521.0093406398296
forecast_4551,2025-07-09 15:00:00,3482.3428000112963,3736.971661708893,3421.280712725057
forecast_4552,2025-07-09 16:00:00,3282.9146067912006,3615.129262611721,3564.0376608581023
forecast_4553,2025-07-09 17:00:00,3722.336487556414,3072.284882415825,5086.582936371857
forecast_4554,2025-07-09 18:00:00,3155.8889787166863,3214.358628439383,2523.11475676665
forecast_4555,2025-07-09 19:00:00,3156.403184030615,3372.7776252813105,3104.456084023718
forecast_4556,2025-07-09 20:00:00,3561.166843817353,3523.204711723796,2956.9142069942236
forecast_4557,2025-07-09 21:00:00,3687.232524350308,3616.570491185312,3371.988724604281
forecast_4558,2025-07-09 22:00:00,3784.9970551641686,3897.163675028788,3355.739951121207
forecast_4559,2025-07-09 23:00:00,3840.402615536989,3929.525554205842,3233.1727571808424
forecast_4560,2025-07-10 00:00:00,3734.284149984808,3835.6243410025895,3135.59722504821
forecast_4561,2025-07-10 01:00:00,3734.181389562099,3849.4469926741413,3126.1967470345576
forecast_4562,2025-07-10 02:00:00,3739.877049104105,3854.103606837714,3206.5049209339145
forecast_4563,2025-07-10 03:00:00,3762.866997284087,3837.174847783387,3042.475435183134
forecast_4564,2025-07-10 04:00:00,3931.2726509606096,4036.3078073456913,2992.587324666714
forecast_4565,2025-07-10 05:00:00,4117.002968819856,4433.886934803513,3161.852482489433
forecast_4566,2025-07-10 06:00:00,4239.159860727033,4815.951636046099,3727.0525712229833
forecast_4567,2025-07-10 07:00:00,4458.045142991269,4986.269874049103,3621.7071071326577
forecast_4568,2025-07-10 08:00:00,4467.312347731067,5473.805850359405,3920.9207306448575
forecast_4569,2025-07-10 09:00:00,5440.045816268605,6191.755494604776,4675.826677271723
forecast_4570,2025-07-10 10:00:00,5538.8558706859585,6786.418141031049,4647.113298230155
forecast_4571,2025-07-10 11:00:00,5633.463346591165,5911.88003934444,3957.912279660768
forecast_4572,2025-07-10 12:00:00,6516.388545950201,5510.2528282710555,3792.808527940593
forecast_4573,2025-07-10 13:00:00,7435.758070952719,5715.412262997569,3895.5917067854525
forecast_4574,2025-07-10 14:00:00,5092.068891445016,5840.925107047911,3789.5056255023173
forecast_4575,2025-07-10 15:00:00,5002.774390648009,4635.107588438894,3956.772365282504
forecast_4576,2025-07-10 16:00:00,4913.478836213938,3919.484640067116,3683.400472336992
forecast_4577,2025-07-10 17:00:00,4416.122854661846,4032.5513003031933,3824.1752490422055
forecast_4578,2025-07-10 18:00:00,4521.007371228654,4457.371350662122,3802.969498102981
forecast_4579,2025-07-10 19:00:00,4309.4630279451285,5314.247275142552,3821.87268001793
forecast_4580,2025-07-10 20:00:00,5000.5119632640735,5569.977471212139,3988.8617003144973
forecast_4581,2025-07-10 21:00:00,5608.7443190317235,6782.166713144386,4438.997417658086
forecast_4582,2025-07-10 22:00:00,6302.946559246321,7701.473853876111,4944.550056209747
forecast_4583,2025-07-10 23:00:00,6715.867276093769,8268.014456499157,5334.548733314493
forecast_4584,2025-07-11 00:00:00,6996.427750577707,8369.354715323872,5481.687151067909
forecast_4585,2025-07-11 01:00:00,6791.486548159632,7780.325588004654,4999.527056274926
forecast_4586,2025-07-11 02:00:00,6509.130572657788,7406.202943276405,4828.0972147499215
forecast_4587,2025-07-11 03:00:00,6306.736624701511,7416.37933789339,4818.000488908106
forecast_4588,2025-07-11 04:00:00,6559.131649149529,7800.806941700623,5354.588761367157
forecast_4589,2025-07-11 05:00:00,6914.4906612031355,8146.121075035651,5631.626894880826
forecast_4590,2025-07-11 06:00:00,6802.410635973602,8333.94318050231,5785.876346223804
forecast_4591,2025-07-11 07:00:00,6785.688741602427,8379.635446106304,5982.1871863201695
forecast_4592,2025-07-11 08:00:00,6856.33500659973,8355.871645488864,6428.3823316728485
forecast_4593,2025-07-11 09:00:00,6120.472950466056,7933.283174462065,6317.363712305675
forecast_4594,2025-07-11 10:00:00,5826.741715265105,6990.086513308182,5186.54945384264
forecast_4595,2025-07-11 11:00:00,5723.283090842985,6954.213177766195,4758.732642401462
forecast_4596,2025-07-11 12:00:00,7258.12586707102,7684.75521389017,4729.0802887354475
forecast_4597,2025-07-11 13:00:00,7455.2167012950495,7279.51712145483,4649.775545895577
forecast_4598,2025-07-11 14:00:00,6552.102709335387,5806.097386816135,4247.6380867766375
forecast_4599,2025-07-11 15:00:00,5382.375225000194,5480.971913576055,3908.090253511059
forecast_4600,2025-07-11 16:00:00,4279.361958510236,4422.027522351944,3679.8523392569628
forecast_4601,2025-07-11 17:00:00,4510.493721638323,4492.934489740502,3880.0857264853435
forecast_4602,2025-07-11 18:00:00,4613.500325966405,5443.389472979247,3910.4411165323545
forecast_4603,2025-07-11 19:00:00,4457.536285799439,5444.000599296906,3952.742445027157
forecast_4604,2025-07-11 20:00:00,5070.102273669184,6060.767272349799,4236.863161884361
forecast_4605,2025-07-11 21:00:00,5511.297817113944,6357.823337870379,4324.063863030795
forecast_4606,2025-07-11 22:00:00,5958.563995930211,6698.910253011429,4119.527569875867
forecast_4607,2025-07-11 23:00:00,5785.297535785606,6432.977163013943,4079.5158114199035
forecast_4608,2025-07-12 00:00:00,5878.314257887622,6499.819981965861,3977.3720675603163
forecast_4609,2025-07-12 01:00:00,5763.019845881491,6122.705165225445,3854.55400392531
forecast_4610,2025-07-12 02:00:00,5295.609789062569,5660.650187291199,3762.113567199578
forecast_4611,2025-07-12 03:00:00,4303.536384748054,4586.956169217087,3643.465109405375
forecast_4612,2025-07-12 04:00:00,4281.04514179539,4495.436338191093,3199.9585457285525
forecast_4613,2025-07-12 05:00:00,3993.101986393368,4243.687610812099,3112.8023143462788
forecast_4614,2025-07-12 06:00:00,3835.438018238371,3941.348281170249,2989.3587367174855
forecast_4615,2025-07-12 07:00:00,3736.2822992358347,3888.281699531214,2962.3259530966693
forecast_4616,2025-07-12 08:00:00,3429.400042067967,3458.6331043046243,3043.021118279168
forecast_4617,2025-07-12 09:00:00,3389.416896970379,3401.5998432635474,2839.5833670583593
forecast_4618,2025-07-12 10:00:00,3168.6931631810603,3341.214396492532,2332.004564172076
forecast_4619,2025-07-12 11:00:00,3313.542905656252,3271.247571948113,2463.345243474601
forecast_4620,2025-07-12 12:00:00,3225.9256471265053,3475.446923671166,2397.0158766738436
forecast_4621,2025-07-12 13:00:00,1961.680098552657,2944.140494867869,1460.9705448686977
forecast_4622,2025-07-12 14:00:00,1942.093280654374,3083.457872108653,270.6855693400945
forecast_4623,2025-07-12 15:00:00,2848.4625769492777,2983.683217559483,234.95146937618287
forecast_4624,2025-07-12 16:00:00,1484.4768463760886,1229.7887358336272,177.08079121526342
forecast_4625,2025-07-12 17:00:00,148.2119237666458,161.64782053650686,127.47247909494158
forecast_4626,2025-07-12 18:00:00,111.51689663227201,108.84173314930109,78.01714775997718
forecast_4627,2025-07-12 19:00:00,2626.9312630233358,1677.032824382039,65.9797290521596
forecast_4628,2025-07-12 20:00:00,5028.295705591021,5008.963006909889,4238.063596850993
forecast_4629,2025-07-12 21:00:00,3080.043302801177,2559.0462492777415,6315.643250069251
forecast_4630,2025-07-12 22:00:00,3522.1534968898286,3201.316736857182,2786.031204277534
forecast_4631,2025-07-12 23:00:00,3547.3142941782935,3401.3509929913366,3100.41508010998
forecast_4632,2025-07-13 00:00:00,3498.704863811851,3410.2149454955124,3294.0758641354137
forecast_4633,2025-07-13 01:00:00,3470.952031998688,3530.074289360292,3383.0777000221483
forecast_4634,2025-07-13 02:00:00,3626.0060612301663,3272.0765464755045,3201.822245972105
forecast_4635,2025-07-13 03:00:00,3394.0535202546116,3336.831411376453,3356.7759362839483
forecast_4636,2025-07-13 04:00:00,3561.9276414934566,3819.4459198930595,3356.2035175680285
forecast_4637,2025-07-13 05:00:00,3887.1307692085115,3823.9388518746377,3212.617854207638
forecast_4638,2025-07-13 06:00:00,3958.6936218823184,3699.6977641719395,3301.898859939175
forecast_4639,2025-07-13 07:00:00,5253.945758688319,5459.515466770294,3287.732492922482
forecast_4640,2025-07-13 08:00:00,3853.9309946604744,3615.8494082093357,2234.3273348286148
forecast_4641,2025-07-13 09:00:00,3715.961767856986,3512.37438830227,1865.9994894920048
forecast_4642,2025-07-13 10:00:00,3860.062883834258,3304.421952714345,2420.916104282907
forecast_4643,2025-07-13 11:00:00,3605.2953015625194,3613.5678544248317,3454.2874225116034
forecast_4644,2025-07-13 12:00:00,3757.1577327065684,3412.588972958391,3898.502105982216
forecast_4645,2025-07-13 13:00:00,4894.59922043391,4167.942826431468,2893.029601760402
forecast_4646,2025-07-13 14:00:00,4011.996571653142,3568.47509631265,3096.6040207543897
forecast_4647,2025-07-13 15:00:00,5066.31894558429,5397.104609912005,3377.939642388612
forecast_4648,2025-07-13 16:00:00,4843.314104044389,4764.468887752196,3566.8783501202442
forecast_4649,2025-07-13 17:00:00,3985.5215418078446,3745.0924889362695,3306.0246717365994
forecast_4650,2025-07-13 18:00:00,3860.0627617991404,3769.0001137050626,3652.1584358355954
forecast_4651,2025-07-13 19:00:00,3525.4900719737375,3968.716400035999,3533.839200831944
forecast_4652,2025-07-13 20:00:00,3889.6533004405874,4766.876377787322,3627.742814358718
forecast_4653,2025-07-13 21:00:00,3792.2436866039966,4244.175180356365,3483.974519340532
forecast_4654,2025-07-13 22:00:00,3664.9870857886394,3698.1139343389796,3459.9560688676083
forecast_4655,2025-07-13 23:00:00,3987.7237869041005,4257.761607494689,3671.2980583760204
forecast_4656,2025-07-14 00:00:00,3918.5733181012383,3859.484632215563,3957.8783144544986
forecast_4657,2025-07-14 01:00:00,4083.79251256975,4602.057172398788,3652.9311609094543
forecast_4658,2025-07-14 02:00:00,4218.618593707236,4096.763466987258,3503.258092460729
forecast_4659,2025-07-14 03:00:00,4645.1486720164685,5039.853326701838,3577.8380501209476
forecast_4660,2025-07-14 04:00:00,4473.62520899745,4987.219888273761,3742.51534567563
forecast_4661,2025-07-14 05:00:00,4585.00090554311,4643.590883626542,3383.850919098312
forecast_4662,2025-07-14 06:00:00,4099.937709719297,4839.675592160213,3798.817672064743
forecast_4663,2025-07-14 07:00:00,4501.642589191999,4941.658271009756,3780.8008340184833
forecast_4664,2025-07-14 08:00:00,4477.385679937536,4905.156356956118,3770.9002179613826
forecast_4665,2025-07-14 09:00:00,4177.530142287733,4318.374418653502,3682.2574898132125
forecast_4666,2025-07-14 10:00:00,4357.214430323569,4501.463096109549,3606.3377739416987
forecast_4667,2025-07-14 11:00:00,3980.640608024655,4091.4285575460876,3734.6348831532637
forecast_4668,2025-07-14 12:00:00,3898.4045536683193,3832.408995528368,3536.5652268727954
forecast_4669,2025-07-14 13:00:00,3814.753901916421,3800.4619249768407,3588.7407686820743
forecast_4670,2025-07-14 14:00:00,4108.713927791238,4011.898455712153,3557.399506777579
forecast_4671,2025-07-14 15:00:00,4867.301569612789,4523.706154571672,3794.342917888579
forecast_4672,2025-07-14 16:00:00,5245.095442353591,5176.175239087877,3868.4660670185463
forecast_4673,2025-07-14 17:00:00,5081.273718786938,5882.402673286207,3871.253312197388
forecast_4674,2025-07-14 18:00:00,5272.044619987373,6398.905810381472,3912.55865022944
forecast_4675,2025-07-14 19:00:00,5438.572895375463,5424.913023843287,3861.4888833500945
forecast_4676,2025-07-14 20:00:00,5923.910457040869,6102.071074024948,4030.4741778488456
forecast_4677,2025-07-14 21:00:00,6230.6391945237165,6518.391652680309,4074.8647147811485
forecast_4678,2025-07-14 22:00:00,7056.933452635,7647.489939550295,5290.357499911886
forecast_4679,2025-07-14 23:00:00,8175.475251216742,9377.361074221872,6426.5706663406745
forecast_4680,2025-07-15 00:00:00,8499.953357087938,10598.191288058284,6742.863506578876
forecast_4681,2025-07-15 01:00:00,12974.775095415785,13101.718726139943,10547.452503888746
forecast_4682,2025-07-15 02:00:00,12547.723991358953,11883.220626410495,11013.691422215043
forecast_4683,2025-07-15 03:00:00,12891.902006731943,12608.850285952922,10596.341667057946
forecast_4684,2025-07-15 04:00:00,13813.280343524404,13702.574898012723,9893.054259282504
forecast_4685,2025-07-15 05:00:00,11594.721546306206,12241.475762841383,8257.728068009814
forecast_4686,2025-07-15 06:00:00,10738.272063701927,11245.86848200889,7623.311542085784
forecast_4687,2025-07-15 07:00:00,9247.941386199846,9687.767511275366,6557.456917882
forecast_4688,2025-07-15 08:00:00,8519.62449379769,8888.751324855748,6519.403128526461
forecast_4689,2025-07-15 09:00:00,7607.731183274062,7685.704233721294,5523.1001944900045
forecast_4690,2025-07-15 10:00:00,6586.818679545695,6822.604932311957,4606.850160828678
forecast_4691,2025-07-15 11:00:00,5005.822999749067,4951.413987233967,3833.0896671347605
forecast_4692,2025-07-15 12:00:00,3982.85871353621,4065.4676113304927,3493.4769897472197
forecast_4693,2025-07-15 13:00:00,4156.0081828977045,4101.442411722836,3627.5614652273157
forecast_4694,2025-07-15 14:00:00,5670.684572720668,5396.168593926878,3901.623890901564
forecast_4695,2025-07-15 15:00:00,7216.238537458062,6806.312532586822,4521.16298869379
forecast_4696,2025-07-15 16:00:00,5964.673798793423,5928.420661963479,4095.344267205641
forecast_4697,2025-07-15 17:00:00,5154.115656759061,5227.12821073372,3755.8302210826746
forecast_4698,2025-07-15 18:00:00,4687.821318184524,4872.273539188388,3706.619859161488
forecast_4699,2025-07-15 19:00:00,4871.2898443065615,5045.202525358301,3791.347169607011
forecast_4700,2025-07-15 20:00:00,6710.231803320494,6902.761501853733,4229.7680744613635
forecast_4701,2025-07-15 21:00:00,7283.116047796148,7747.68321404078,5157.909339871102
forecast_4702,2025-07-15 22:00:00,7936.579111946597,8472.377033820736,5393.640844448133
forecast_4703,2025-07-15 23:00:00,8317.028173960392,9104.265722874761,5482.4404396573755
forecast_4704,2025-07-16 00:00:00,9039.973873676778,10010.262751408405,5669.299922296575
forecast_4705,2025-07-16 01:00:00,14246.514907985867,15320.004954084226,13093.307256188145
forecast_4706,2025-07-16 02:00:00,14620.919761723377,15473.144407602796,13715.627589781127
forecast_4707,2025-07-16 03:00:00,15020.67066721582,16199.740302983762,15121.900551493936
forecast_4708,2025-07-16 04:00:00,15534.952896951181,16195.523808215063,15314.452106730876
forecast_4709,2025-07-16 05:00:00,13700.720491734364,14510.850848119262,12419.002260709532
forecast_4710,2025-07-16 06:00:00,11494.486403587758,14929.19976584048,9808.80260660584
forecast_4711,2025-07-16 07:00:00,10407.512973531502,10854.699053453265,8087.483294358976
forecast_4712,2025-07-16 08:00:00,8419.628511703422,9141.378058803672,6850.478422173131
forecast_4713,2025-07-16 09:00:00,7181.397673520813,8685.122148761982,5260.165220324768
forecast_4714,2025-07-16 10:00:00,8278.79980400042,8307.242057502577,7207.661421279137
forecast_4715,2025-07-16 11:00:00,6668.746689774767,7707.938721307522,5538.162489431911
forecast_4716,2025-07-16 12:00:00,6177.977590786166,6923.742826949941,5257.224451459194
forecast_4717,2025-07-16 13:00:00,5684.825639896866,6272.381409062861,4928.886349091812
forecast_4718,2025-07-16 14:00:00,5562.921530332874,6187.863136265243,4592.285114052369
forecast_4719,2025-07-16 15:00:00,5518.366941293735,5156.491783225507,4136.265260042441
forecast_4720,2025-07-16 16:00:00,5837.506262130196,5809.102518469899,4367.29738818796
forecast_4721,2025-07-16 17:00:00,6093.294431363649,7465.843974537403,4840.906041802068
forecast_4722,2025-07-16 18:00:00,8044.803129965485,9975.720026690477,6475.126140478762
forecast_4723,2025-07-16 19:00:00,8296.658167259946,9495.638056615306,7016.080496582023
forecast_4724,2025-07-16 20:00:00,9786.845193601994,10478.285673900898,8279.380087061536
forecast_4725,2025-07-16 21:00:00,10739.244974062358,12723.371658077562,7848.820926357834
forecast_4726,2025-07-16 22:00:00,11904.182412192878,15036.59608115016,10366.997420583373
forecast_4727,2025-07-16 23:00:00,14852.911256950507,16338.22892564712,12268.338559590404
forecast_4728,2025-07-17 00:00:00,15612.989022187992,16900.688180523684,13649.191627091179
forecast_4729,2025-07-17 01:00:00,17070.585646618405,18143.39005828414,16986.879312207635
forecast_4730,2025-07-17 02:00:00,16862.072904762677,18044.117809982537,16967.68320476097
forecast_4731,2025-07-17 03:00:00,16708.180650540206,17692.557253663505,16969.157759935108
forecast_4732,2025-07-17 04:00:00,16376.18698097397,17322.951101184528,15480.775987714307
forecast_4733,2025-07-17 05:00:00,16494.18063460872,16974.26711269841,13511.8010398921
forecast_4734,2025-07-17 06:00:00,16188.545012284381,17293.966300305918,15802.898530990185
forecast_4735,2025-07-17 07:00:00,16127.324664576565,17241.157700155545,15966.879265211708
forecast_4736,2025-07-17 08:00:00,15521.111077731593,17244.550281252355,14797.442970589378
forecast_4737,2025-07-17 09:00:00,15194.598611029307,17219.6460086285,14151.08535682269
forecast_4738,2025-07-17 10:00:00,13838.978046330136,16565.69851876497,12534.444902587282
forecast_4739,2025-07-17 11:00:00,11795.194998485998,15012.453508851542,11435.218417839393
forecast_4740,2025-07-17 12:00:00,10844.283912917455,16017.610456155293,10607.311314528188
forecast_4741,2025-07-17 13:00:00,10343.845012748703,15564.406718079716,9796.63973637965
forecast_4742,2025-07-17 14:00:00,12049.989683698219,15128.358262044569,10441.998062000073
forecast_4743,2025-07-17 15:00:00,12221.7286850345,14389.973187978054,10710.899382919664
forecast_4744,2025-07-17 16:00:00,11071.701662788604,12599.260369333348,9314.344490671045
forecast_4745,2025-07-17 17:00:00,9354.40219640331,12029.34994228163,8198.442262587576
forecast_4746,2025-07-17 18:00:00,9037.804101148235,11908.60728382558,7478.374495166751
forecast_4747,2025-07-17 19:00:00,9049.896595047752,11280.793436000053,7584.40995562867
forecast_4748,2025-07-17 20:00:00,10412.165644072922,12260.07001193737,7969.378061221497
forecast_4749,2025-07-17 21:00:00,10508.846677667902,13113.101687789622,8439.552521888707
forecast_4750,2025-07-17 22:00:00,11782.847654436873,13373.564821453863,8729.468163556394
forecast_4751,2025-07-17 23:00:00,11936.016883180217,13687.871690796066,9047.933175198652
forecast_4752,2025-07-18 00:00:00,10892.187081708573,14291.80610496877,9103.411929807464
forecast_4753,2025-07-18 01:00:00,13399.054367913655,16716.323705933875,12105.702177097683
forecast_4754,2025-07-18 02:00:00,13303.477515698098,16880.01214119302,11858.978549163907
forecast_4755,2025-07-18 03:00:00,11414.410869400699,14429.2506433211,11550.048683371853
forecast_4756,2025-07-18 04:00:00,10909.208261843181,14533.945604332399,10422.494458804858
forecast_4757,2025-07-18 05:00:00,10267.128611056145,13762.565974046332,8577.5806924305
forecast_4758,2025-07-18 06:00:00,11296.578609426962,12309.478471826873,8558.119994602124
forecast_4759,2025-07-18 07:00:00,10409.802098612818,13748.973855466897,9429.35868510033
forecast_4760,2025-07-18 08:00:00,10309.711368694265,13241.663052240296,9785.998686754874
forecast_4761,2025-07-18 09:00:00,9866.416076477055,12753.539253957084,9935.887972111861
forecast_4762,2025-07-18 10:00:00,8960.278355470215,11877.29426652409,8941.708716270376
forecast_4763,2025-07-18 11:00:00,7038.932357306184,8379.515600212984,6424.122707737676
forecast_4764,2025-07-18 12:00:00,5172.08886323211,5698.177661001485,3939.296628860842
forecast_4765,2025-07-18 13:00:00,3834.3153571988128,3915.728483426131,3424.645441051346
forecast_4766,2025-07-18 14:00:00,3429.1325933298112,3840.8856711573844,3395.297524585584
forecast_4767,2025-07-18 15:00:00,3431.8892117897512,3794.220419859546,3491.61020858494
forecast_4768,2025-07-18 16:00:00,4421.281695989519,5136.370723292597,4101.476063612872
forecast_4769,2025-07-18 17:00:00,5526.914096450505,6754.988430699656,5098.585312619349
forecast_4770,2025-07-18 18:00:00,7012.754351810377,8692.399661344853,7003.3074940529
forecast_4771,2025-07-18 19:00:00,7525.090541283852,9160.884809026144,7383.917622921454
forecast_4772,2025-07-18 20:00:00,7920.346659180127,9658.431812378562,7724.172492134897
forecast_4773,2025-07-18 21:00:00,8673.453783594401,11044.343976604676,8776.059857962819
forecast_4774,2025-07-18 22:00:00,9142.272918577342,11128.32106848902,8785.354041667342
forecast_4775,2025-07-18 23:00:00,10470.990504964591,12361.042106828218,9599.804654694008
forecast_4776,2025-07-19 00:00:00,10283.92771710616,12390.209039526726,9577.84498960838
forecast_4777,2025-07-19 01:00:00,9105.048615444974,11054.86630316365,6954.676886479496
forecast_4778,2025-07-19 02:00:00,8143.042159393821,9967.19617231993,6349.812122242703
forecast_4779,2025-07-19 03:00:00,6660.28192681896,7994.143366633467,5126.273970061063
forecast_4780,2025-07-19 04:00:00,5834.434377041378,6692.142332017903,4900.943930317849
forecast_4781,2025-07-19 05:00:00,5731.7656190597145,6591.576928064973,4908.035662275132
forecast_4782,2025-07-19 06:00:00,6151.964036327507,7011.2886383532705,5158.342672223598
forecast_4783,2025-07-19 07:00:00,6550.720200983692,8517.25438221457,4997.601920719476
forecast_4784,2025-07-19 08:00:00,6987.996127025408,9375.831089164265,5007.2939760595
forecast_4785,2025-07-19 09:00:00,7086.446279767036,9372.952866153011,5217.239049808488
forecast_4786,2025-07-19 10:00:00,7450.922675787721,10234.430193347698,6262.012236490148
forecast_4787,2025-07-19 11:00:00,9054.152877318244,11022.34200781632,7845.665814450359
forecast_4788,2025-07-19 12:00:00,9762.919152258059,12527.895914681216,9197.488204431918
forecast_4789,2025-07-19 13:00:00,10083.336708625504,12524.760749772197,10342.098028589015
forecast_4790,2025-07-19 14:00:00,10083.020463880624,12551.48123887175,10544.178596529351
forecast_4791,2025-07-19 15:00:00,10046.811848289935,12936.905376875395,11010.08117598709
forecast_4792,2025-07-19 16:00:00,9950.445050526188,12682.19864797715,11071.699736307466
forecast_4793,2025-07-19 17:00:00,8948.17401612237,11979.321626949531,10211.635336028587
forecast_4794,2025-07-19 18:00:00,9166.82561016389,11590.939458824054,9515.133353854946
forecast_4795,2025-07-19 19:00:00,10148.797149771113,12184.527022774439,9028.471407340558
forecast_4796,2025-07-19 20:00:00,10143.484140178653,12809.327248217278,9951.122871001977
forecast_4797,2025-07-19 21:00:00,11781.65245147027,14412.447781388668,10880.243295458553
forecast_4798,2025-07-19 22:00:00,12337.471505730884,14601.16433529622,10779.551128460846
forecast_4799,2025-07-19 23:00:00,12803.735456164943,14413.90659456061,10208.478990170135
forecast_4800,2025-07-20 00:00:00,12264.785845165341,14125.970787776963,8827.904235884997
forecast_4801,2025-07-20 01:00:00,12863.0668040057,14718.47019720754,12491.432456603121
forecast_4802,2025-07-20 02:00:00,12939.518473740416,15049.287540475558,13127.265622105682
forecast_4803,2025-07-20 03:00:00,13244.584087259938,15197.872503176806,13730.310415103262
forecast_4804,2025-07-20 04:00:00,13036.509645406475,15051.7561072205,13156.395151791308
forecast_4805,2025-07-20 05:00:00,12695.480051048211,14619.494954507374,11886.97257615624
forecast_4806,2025-07-20 06:00:00,11794.968495705132,13577.957939788448,10522.91137781059
forecast_4807,2025-07-20 07:00:00,10170.326396161341,12526.545478803167,9550.628802138772
forecast_4808,2025-07-20 08:00:00,9246.663801416205,11389.471644496458,8831.174573152239
forecast_4809,2025-07-20 09:00:00,8973.139490786534,10818.811857133485,7826.393446152679
forecast_4810,2025-07-20 10:00:00,8512.520090994698,10455.861803674934,7225.800598119437
forecast_4811,2025-07-20 11:00:00,6987.688415973468,8821.148223134207,6227.510217952319
forecast_4812,2025-07-20 12:00:00,6039.357758596114,6555.286402208441,6187.740127361739
forecast_4813,2025-07-20 13:00:00,5622.42779007317,6185.8913827977785,5290.180077314659
forecast_4814,2025-07-20 14:00:00,5247.57163265099,5589.100161581405,4856.488231551417
forecast_4815,2025-07-20 15:00:00,4943.4954277111265,5082.233117861787,4609.46454549659
forecast_4816,2025-07-20 16:00:00,4624.509515087251,4933.960330822144,4592.781872856111
forecast_4817,2025-07-20 17:00:00,4634.7156003403015,4952.887677557194,4703.296921801264
forecast_4818,2025-07-20 18:00:00,5169.42261772232,5442.389054138545,4481.53079064363
forecast_4819,2025-07-20 19:00:00,7090.427844439339,8146.396593297805,5341.0768052678595
forecast_4820,2025-07-20 20:00:00,9613.741347659488,10448.278079430822,7809.939087917745
forecast_4821,2025-07-20 21:00:00,10643.200854133735,11930.693642885175,9027.709133940714
forecast_4822,2025-07-20 22:00:00,11358.649573129715,13270.751339108643,8996.897437238356
forecast_4823,2025-07-20 23:00:00,11808.55412414868,13428.753070948484,8505.34154075588
forecast_4824,2025-07-21 00:00:00,12332.49864875838,12993.78552582861,8432.770611028312
forecast_4825,2025-07-21 01:00:00,13774.00036582621,13987.356067720584,9941.191780586016
forecast_4826,2025-07-21 02:00:00,13235.597907482967,13602.382646615077,10177.11117579694
forecast_4827,2025-07-21 03:00:00,13149.572003732665,13653.895106722879,9853.74852822547
forecast_4828,2025-07-21 04:00:00,11453.339931689283,12919.86542506803,9583.397884388967
forecast_4829,2025-07-21 05:00:00,11308.308703710414,12243.679449176452,8262.130251880506
forecast_4830,2025-07-21 06:00:00,11329.285445144662,12137.580719968873,8318.180011049928
forecast_4831,2025-07-21 07:00:00,11883.114415827058,12629.445311415035,9042.137407046708
forecast_4832,2025-07-21 08:00:00,11346.925884579732,11912.898929499544,10104.599999389244
forecast_4833,2025-07-21 09:00:00,10661.353503502416,11219.76191548809,9075.028411477322
forecast_4834,2025-07-21 10:00:00,8958.101630813477,8826.901226068585,7825.901183011351
forecast_4835,2025-07-21 11:00:00,6768.3201280343765,6954.267640771425,6619.326917011257
forecast_4836,2025-07-21 12:00:00,5834.027224449874,5799.017736794077,6173.002444786735
forecast_4837,2025-07-21 13:00:00,5329.264057255013,5341.741985351674,5305.796962248687
forecast_4838,2025-07-21 14:00:00,5295.59186876911,5271.502017070046,5183.838389616963
forecast_4839,2025-07-21 15:00:00,5063.274819819878,4994.06355598378,4588.454290929079
forecast_4840,2025-07-21 16:00:00,5236.169722027382,5283.22561408445,4614.391402728596
forecast_4841,2025-07-21 17:00:00,5738.629344351481,5968.000233297954,5144.171124299828
forecast_4842,2025-07-21 18:00:00,7482.723971171145,7838.650060159777,6382.403249601451
forecast_4843,2025-07-21 19:00:00,10529.332633378977,11023.94656902506,8915.137042694325
forecast_4844,2025-07-21 20:00:00,12322.150567728137,13194.600106207065,11277.056818491204
forecast_4845,2025-07-21 21:00:00,14223.398900331102,14933.511112050233,13352.181771386979
forecast_4846,2025-07-21 22:00:00,15975.606267396814,15408.137875630136,14080.215501725239
forecast_4847,2025-07-21 23:00:00,15682.679115339213,15739.086508718892,14659.060580873002
forecast_4848,2025-07-22 00:00:00,16631.583336071824,16052.75700949965,14763.619064744884
forecast_4849,2025-07-22 01:00:00,14887.260585211618,15489.892504718318,13107.161929251362
forecast_4850,2025-07-22 02:00:00,14566.995737289188,15305.306161096672,13053.836766851571
forecast_4851,2025-07-22 03:00:00,14778.080927130755,15336.018116591165,13311.869268909233
forecast_4852,2025-07-22 04:00:00,14856.514381709365,15224.653276299914,13572.920133738035
forecast_4853,2025-07-22 05:00:00,14916.690590681035,15311.465215391561,13506.553761723078
forecast_4854,2025-07-22 06:00:00,15517.111271228314,15656.409899324755,13007.4922568259
forecast_4855,2025-07-22 07:00:00,15283.437630304265,14900.873951799973,11764.933239650301
forecast_4856,2025-07-22 08:00:00,14538.3296901235,15160.837592554775,11221.604011580426
forecast_4857,2025-07-22 09:00:00,12335.38703496203,13040.681623630373,10177.86639109094
forecast_4858,2025-07-22 10:00:00,8874.977725987757,8964.295010257665,7276.223846169728
forecast_4859,2025-07-22 11:00:00,5274.530499291849,5005.799991487014,4224.754168702348
forecast_4860,2025-07-22 12:00:00,3576.4727178906164,3552.8773513046954,3445.5793960034584
forecast_4861,2025-07-22 13:00:00,3310.5869134815516,3313.823139446055,3412.654089265748
forecast_4862,2025-07-22 14:00:00,3790.2649065626924,3405.330761477327,3042.3578155409486
forecast_4863,2025-07-22 15:00:00,3443.363431706883,3420.991798521392,3378.8213411341308
forecast_4864,2025-07-22 16:00:00,3516.2503096338546,3391.813450730568,3478.84639153206
forecast_4865,2025-07-22 17:00:00,3679.321972124485,3472.6078324196847,3412.538764554295
forecast_4866,2025-07-22 18:00:00,4072.493063387575,3775.87545509702,3267.4598859261014
forecast_4867,2025-07-22 19:00:00,3951.041322501421,3486.455673632583,3528.1915216604684
forecast_4868,2025-07-22 20:00:00,3961.505430272017,3801.10090426292,3791.4051767598958
forecast_4869,2025-07-22 21:00:00,4581.150135336903,4763.083747112167,3814.9337591202507
forecast_4870,2025-07-22 22:00:00,5675.989390797988,5757.926967659082,4603.651817887034
forecast_4871,2025-07-22 23:00:00,6537.636556366217,6666.4334032472525,5273.222021428667
forecast_4872,2025-07-23 00:00:00,6884.619169931074,6825.793378507684,5575.411513905076
forecast_4873,2025-07-23 01:00:00,7231.186415156839,7045.805677939247,5824.3699743531615
forecast_4874,2025-07-23 02:00:00,8169.229345422392,8253.420140691293,6098.488420487595
forecast_4875,2025-07-23 03:00:00,9621.56167612896,9852.277191810708,6471.750357329328
forecast_4876,2025-07-23 04:00:00,9772.773173425045,9815.315400699561,6052.962330079541
forecast_4877,2025-07-23 05:00:00,9441.697408127315,9055.09143864319,5459.388281073017
forecast_4878,2025-07-23 06:00:00,7862.503996295144,7748.135390210411,4734.7839990291
forecast_4879,2025-07-23 07:00:00,5741.807676552036,5708.862544766117,4091.2635780590354
forecast_4880,2025-07-23 08:00:00,4123.935198574296,3913.4070024249204,3696.7885842329615
forecast_4881,2025-07-23 09:00:00,3679.065620737977,3796.395104977615,3343.041954350208
forecast_4882,2025-07-23 10:00:00,3753.3886453617497,4151.202580043975,3515.1559927916123
forecast_4883,2025-07-23 11:00:00,3088.067260507375,3710.292005076785,2365.6685903234106
forecast_4884,2025-07-23 12:00:00,1521.1563386013381,1320.1714306457332,53.983613682938156
forecast_4885,2025-07-23 13:00:00,53.70768403951427,51.21013023258438,52.889487572519094
forecast_4886,2025-07-23 14:00:00,78.45909693855562,80.2361591340144,92.42329442454134
forecast_4887,2025-07-23 15:00:00,2949.9365040836697,3394.907441440736,3170.0404380634636
forecast_4888,2025-07-23 16:00:00,5358.008491143784,4243.140596909396,3989.0185697173715
forecast_4889,2025-07-23 17:00:00,6585.167203987903,5774.3148253892905,5626.219204185008
forecast_4890,2025-07-23 18:00:00,7457.860115157918,5471.09878386492,5957.795736181483
forecast_4891,2025-07-23 19:00:00,5120.631325164654,6038.794966810784,4011.6217219034716
forecast_4892,2025-07-23 20:00:00,3575.5351136954537,3199.376066449881,3847.6457617833426
forecast_4893,2025-07-23 21:00:00,3573.356389380316,3613.336250023885,3829.433608739421
forecast_4894,2025-07-23 22:00:00,3892.329889158365,3832.979584209928,3790.177773713231
forecast_4895,2025-07-23 23:00:00,5096.5779153721805,4863.685259868317,3716.95363317858
forecast_4896,2025-07-24 00:00:00,5189.93865667452,5003.54649035729,3745.4277131672375
forecast_4897,2025-07-24 01:00:00,5785.162098488377,5580.53643688987,3849.905777632575
forecast_4898,2025-07-24 02:00:00,7007.773356102398,6561.001859001941,4349.934603424465
forecast_4899,2025-07-24 03:00:00,8858.649699009316,8554.978908414285,5127.464804601964
forecast_4900,2025-07-24 04:00:00,9816.136893953544,10188.566689759233,5461.990086881527
forecast_4901,2025-07-24 05:00:00,9287.916948591777,9850.22800016928,5377.408381649288
forecast_4902,2025-07-24 06:00:00,7906.387104355487,7667.30697337525,4718.350169498983
forecast_4903,2025-07-24 07:00:00,5666.47414608445,5353.739999461172,3723.0299546897645
forecast_4904,2025-07-24 08:00:00,4000.3926589436765,3903.1499549622345,3351.357770225852
forecast_4905,2025-07-24 09:00:00,3461.429821681167,3103.068763076514,3211.048753449651
forecast_4906,2025-07-24 10:00:00,3636.539036001032,3839.1438965578845,1059.4150267184007
forecast_4907,2025-07-24 11:00:00,4115.295531113992,5175.418901338226,1660.0788272605923
forecast_4908,2025-07-24 12:00:00,3235.951875548771,3011.5868712657802,1479.7333367361925
forecast_4909,2025-07-24 13:00:00,1187.3106049101477,1380.374694827922,1199.2183299159924
forecast_4910,2025-07-24 14:00:00,4306.5169506360735,4824.401109874105,2619.9460793605026
forecast_4911,2025-07-24 15:00:00,2359.842450546821,2624.766785060247,952.7000077456661
forecast_4912,2025-07-24 16:00:00,3984.7394219085695,3790.772316524372,3581.118727403668
forecast_4913,2025-07-24 17:00:00,2911.394785079212,3984.525317116424,3549.1397825705553
forecast_4914,2025-07-24 18:00:00,3679.468188946687,4387.240022864303,4151.250549221386
forecast_4915,2025-07-24 19:00:00,4183.017023047092,3715.648259649147,3787.0431504074368
forecast_4916,2025-07-24 20:00:00,4784.477141048482,5517.538812875882,4267.61803852528
forecast_4917,2025-07-24 21:00:00,3375.913619356153,2983.855953492722,3402.431398177961
forecast_4918,2025-07-24 22:00:00,3252.2494657275593,3071.9025299765003,3702.428258827681
forecast_4919,2025-07-24 23:00:00,3434.359659987985,3325.1204545728115,3576.839136566321
forecast_4920,2025-07-25 00:00:00,3639.4607607439198,3395.553262088843,3252.811523694991
forecast_4921,2025-07-25 01:00:00,3548.944128155236,3470.564285127136,3188.8854716022474
forecast_4922,2025-07-25 02:00:00,3656.5471378654497,3603.67432871474,3242.254583207185
forecast_4923,2025-07-25 03:00:00,3559.0396260831776,3473.9988185798547,3070.907854752583
forecast_4924,2025-07-25 04:00:00,3743.8071414051333,3598.448906235636,3156.204924055346
forecast_4925,2025-07-25 05:00:00,3629.1380514942753,3550.102534505329,3194.0880970408916
forecast_4926,2025-07-25 06:00:00,3653.51919197418,3551.475888740805,3258.719086208742
forecast_4927,2025-07-25 07:00:00,3633.3604080134187,3546.5220240336857,3118.5737141722975
forecast_4928,2025-07-25 08:00:00,3375.3479776695162,3238.6469210020887,3257.540257777234
forecast_4929,2025-07-25 09:00:00,3979.57526683253,4236.084544832266,2307.566022981061
forecast_4930,2025-07-25 10:00:00,3964.0052003045353,3573.53132358365,733.3116852580589
forecast_4931,2025-07-25 11:00:00,4271.976578539161,4745.4163812658635,2764.7414885636445
forecast_4932,2025-07-25 12:00:00,3104.9994664791284,3024.3924330607724,1214.261915477869
forecast_4933,2025-07-25 13:00:00,1229.442881229131,1192.2326103985172,1164.796779689997
forecast_4934,2025-07-25 14:00:00,2881.2222148956585,3648.0282417179255,3534.4534290056736
forecast_4935,2025-07-25 15:00:00,6049.591519870758,4804.25558754974,2775.1381371842576
forecast_4936,2025-07-25 16:00:00,3934.044733900834,3626.975574398082,3092.55303472822
forecast_4937,2025-07-25 17:00:00,3744.575227432715,3710.411889095301,2820.5989053997014
forecast_4938,2025-07-25 18:00:00,4097.853329324987,3608.3974935497636,2999.0582285617056
forecast_4939,2025-07-25 19:00:00,4631.331593129044,5287.071726277053,3444.979933037345
forecast_4940,2025-07-25 20:00:00,4834.203497890886,5091.231117518721,3924.741598800477
forecast_4941,2025-07-25 21:00:00,3534.3364337772723,3438.6483023406236,3403.6325904774285
forecast_4942,2025-07-25 22:00:00,3417.8208667468343,3572.422999045743,3203.8729461838275
forecast_4943,2025-07-25 23:00:00,3968.334503066925,3944.449616478383,3488.4662636319017
forecast_4944,2025-07-26 00:00:00,4080.9392407072605,4110.259388601805,3428.868274600357
forecast_4945,2025-07-26 01:00:00,7464.3772626510345,7338.575103252456,4742.552187479304
forecast_4946,2025-07-26 02:00:00,7581.024167377097,7651.9030184703615,4874.728761148413
forecast_4947,2025-07-26 03:00:00,6980.141117398432,7154.315208583039,4193.985521349096
forecast_4948,2025-07-26 04:00:00,6637.139857971841,6763.124818068585,3787.9941449571797
forecast_4949,2025-07-26 05:00:00,5069.973358096101,4544.088274604252,3541.5768730832115
forecast_4950,2025-07-26 06:00:00,3657.9812003091556,3696.5259983444816,3260.88164485943
forecast_4951,2025-07-26 07:00:00,3745.809602785829,3442.652614800276,3151.5837912770385
forecast_4952,2025-07-26 08:00:00,3311.2382648891667,3403.5520461521096,4680.080102908125
forecast_4953,2025-07-26 09:00:00,3860.6876887359276,3424.1422303007416,2802.857046302751
forecast_4954,2025-07-26 10:00:00,3923.1586498823967,3603.793925281395,3796.6906288167097
forecast_4955,2025-07-26 11:00:00,3929.9301175987184,3880.9429476374908,3436.2844129080427
forecast_4956,2025-07-26 12:00:00,3327.2724549853897,3163.2973540099506,3024.302886794694
forecast_4957,2025-07-26 13:00:00,1303.7008372164187,1250.6915812815596,2012.482984455907
forecast_4958,2025-07-26 14:00:00,3060.589758966127,3160.120833294361,2134.739348026584
forecast_4959,2025-07-26 15:00:00,3882.904481497822,3351.29005958495,3149.2374760394828
forecast_4960,2025-07-26 16:00:00,6650.326888629973,5869.562293714886,4058.277455383264
forecast_4961,2025-07-26 17:00:00,7339.334041092626,7088.219855636186,5063.8501927190255
forecast_4962,2025-07-26 18:00:00,4726.315439675161,5376.7026413654185,3527.200092020647
forecast_4963,2025-07-26 19:00:00,4409.375963008952,5102.612213401954,3776.388868751883
forecast_4964,2025-07-26 20:00:00,4500.339962557862,5122.96000344536,3328.516459553646
forecast_4965,2025-07-26 21:00:00,3399.657400644591,3673.848520646121,3720.065958501493
forecast_4966,2025-07-26 22:00:00,3556.3234479697544,3623.7923475112098,3185.270226878094
forecast_4967,2025-07-26 23:00:00,4396.750944140672,4352.6140361198095,3501.532079891016
forecast_4968,2025-07-27 00:00:00,5475.111739258571,5771.567793306254,3795.5160644098646
forecast_4969,2025-07-27 01:00:00,7893.257011512088,8494.483240037242,5387.243554559347
forecast_4970,2025-07-27 02:00:00,7744.541790786126,8146.126936121329,5228.243313929089
forecast_4971,2025-07-27 03:00:00,7075.198092501121,6984.392227396982,4824.001107848374
forecast_4972,2025-07-27 04:00:00,7384.702035901317,7135.518982131786,4416.312305964297
forecast_4973,2025-07-27 05:00:00,6890.206204678849,6951.14121035531,4332.407320128708
forecast_4974,2025-07-27 06:00:00,6375.553669349033,6384.775255797778,4073.190870025955
forecast_4975,2025-07-27 07:00:00,4753.528404367223,4835.648404465145,3776.519780388209
forecast_4976,2025-07-27 08:00:00,3885.652256198869,3835.059837554839,3436.3217115543976
forecast_4977,2025-07-27 09:00:00,3827.959888270072,3823.540964047284,2987.876927983686
forecast_4978,2025-07-27 10:00:00,3693.5795334375516,3602.0551175733945,3524.6666851128457
forecast_4979,2025-07-27 11:00:00,4024.827844316395,3699.2428152091134,3580.5882105192863
forecast_4980,2025-07-27 12:00:00,4228.782522739352,3279.9050137676563,2867.0758169564006
forecast_4981,2025-07-27 13:00:00,3646.005021189283,3154.8212070361583,3296.370435063062
forecast_4982,2025-07-27 14:00:00,3649.24417719344,3219.1932641142503,3163.965628883164
forecast_4983,2025-07-27 15:00:00,3464.6242238930085,3536.6080861412443,3243.4438513495525
forecast_4984,2025-07-27 16:00:00,3670.6873957468165,3427.968849621153,3393.8236728691695
forecast_4985,2025-07-27 17:00:00,3555.5853827342958,3398.6501776376044,3251.621791183249
forecast_4986,2025-07-27 18:00:00,3607.5179457934087,3669.1256553640937,3259.4836546657016
forecast_4987,2025-07-27 19:00:00,3703.636078636506,3770.987609776916,3487.1548501496695
forecast_4988,2025-07-27 20:00:00,4723.838400197966,5103.357058503886,3761.2547166732083
forecast_4989,2025-07-27 21:00:00,6764.177689514428,7242.518054835448,4508.253457750871
forecast_4990,2025-07-27 22:00:00,9210.028051610581,8304.196533744693,5136.7389162085765
forecast_4991,2025-07-27 23:00:00,9934.772391358156,9362.731398422411,5545.002588505952
forecast_4992,2025-07-28 00:00:00,10202.936480251994,9980.145203478247,6429.73915746364
forecast_4993,2025-07-28 01:00:00,11894.090279551194,11707.676545691253,6915.036756118765
forecast_4994,2025-07-28 02:00:00,12328.181490611862,12135.352142596237,7126.592972316688
forecast_4995,2025-07-28 03:00:00,13346.592840093499,13328.50051538644,7584.6655084045815
forecast_4996,2025-07-28 04:00:00,13024.19415353971,12522.00395003124,7786.704113110872
forecast_4997,2025-07-28 05:00:00,11816.925692293606,11595.183402372406,7158.423169011914
forecast_4998,2025-07-28 06:00:00,8760.78256304559,8317.926282252363,5522.915685989195
forecast_4999,2025-07-28 07:00:00,6033.457880955922,5908.499422110455,4521.340777878768
forecast_5000,2025-07-28 08:00:00,4061.9821960061154,3960.461779678585,3841.165982771736
forecast_5001,2025-07-28 09:00:00,3575.7894829689585,3669.655031144408,3276.9322331775747
forecast_5002,2025-07-28 10:00:00,3987.7479652565594,4329.530582005628,3455.3306463277386
forecast_5003,2025-07-28 11:00:00,4254.24262194175,4318.814231453239,3492.5277142424184
forecast_5004,2025-07-28 12:00:00,2651.921557503985,2640.612915798841,2872.6079401664388
forecast_5005,2025-07-28 13:00:00,6789.927135187074,5831.271512962064,2425.78012723235
forecast_5006,2025-07-28 14:00:00,6592.859904857038,5149.467096030767,2395.773629663498
forecast_5007,2025-07-28 15:00:00,2426.771958161075,2480.2485698349005,2740.769671310766
forecast_5008,2025-07-28 16:00:00,2308.7614583115296,2392.1441174966412,2324.238111235455
forecast_5009,2025-07-28 17:00:00,3866.282630681471,4162.669410775847,3349.8615528553646
forecast_5010,2025-07-28 18:00:00,3846.500422088209,3736.3206834337684,3417.912913677565
forecast_5011,2025-07-28 19:00:00,3662.1939746474163,4073.733754793309,4097.022821125294
forecast_5012,2025-07-28 20:00:00,3802.871260820752,3510.6871257249645,3114.351618843959
forecast_5013,2025-07-28 21:00:00,4465.173304064923,4011.702565409303,3128.33801037515
forecast_5014,2025-07-28 22:00:00,3891.2971091605486,4036.7911367956544,3383.310702561487
forecast_5015,2025-07-28 23:00:00,4046.658245801583,3899.9855830396086,3403.1993309564937
forecast_5016,2025-07-29 00:00:00,5209.626085138772,4441.589049327998,3795.770886246851
forecast_5017,2025-07-29 01:00:00,3591.914789959767,3593.6314257005583,3354.7492126610573
forecast_5018,2025-07-29 02:00:00,3487.7245616629184,3479.251037167056,3231.185407904329
forecast_5019,2025-07-29 03:00:00,3397.7790880126095,3087.524490802046,3041.1676993116685
forecast_5020,2025-07-29 04:00:00,3586.1300907493037,3751.2359453599192,2938.644484502421
forecast_5021,2025-07-29 05:00:00,3648.782268172304,3693.183762004014,3176.461295221513
forecast_5022,2025-07-29 06:00:00,3843.6288711199136,3947.4114692101916,3769.8936922235494
forecast_5023,2025-07-29 07:00:00,4018.518257390346,4522.882875249732,1795.620652617552
forecast_5024,2025-07-29 08:00:00,3642.5266781752157,4233.201682130678,1028.5066417496157
forecast_5025,2025-07-29 09:00:00,3958.656204709828,4058.0883796893927,24.349074256595774
forecast_5026,2025-07-29 10:00:00,3470.115045351161,1649.213381154789,15.626835115238126
forecast_5027,2025-07-29 11:00:00,35.71358137725203,2418.5655288802577,31.688248651736682
forecast_5028,2025-07-29 12:00:00,43.99048056974466,39.79736624829082,42.87282290849559
forecast_5029,2025-07-29 13:00:00,65.46493653228364,69.68109972578239,55.596847534990914
forecast_5030,2025-07-29 14:00:00,5148.906653292332,5416.971506288267,2729.2238180935497
forecast_5031,2025-07-29 15:00:00,98.59171720604101,108.99914490519437,1390.845898495132
forecast_5032,2025-07-29 16:00:00,1824.881493650046,2543.4397254944665,60.47647638984225
forecast_5033,2025-07-29 17:00:00,1242.4709421976036,1306.153172309571,43.94971953214758
forecast_5034,2025-07-29 18:00:00,95.79788017650041,1285.6607445302839,2324.491152352303
forecast_5035,2025-07-29 19:00:00,4026.9512946428567,4358.516336517821,3976.5473303825556
forecast_5036,2025-07-29 20:00:00,6820.91434483791,7067.3877700299445,6392.925845427908
forecast_5037,2025-07-29 21:00:00,5022.932965588273,4513.151233001265,6083.675406496743
forecast_5038,2025-07-29 22:00:00,3765.51638010275,4021.3213397887907,3953.784854837319
forecast_5039,2025-07-29 23:00:00,3371.798743817346,3363.8716982047804,3458.85968686501
forecast_5040,2025-07-30 00:00:00,3440.120635302275,3650.766259322863,3516.0061341319356
forecast_5041,2025-07-30 01:00:00,3702.072549392598,4582.673046688071,3422.455967780726
forecast_5042,2025-07-30 02:00:00,3527.088125838828,3896.895217147164,3391.3219187632913
forecast_5043,2025-07-30 03:00:00,3411.665773095356,3421.6659587226072,3547.5576820859346
forecast_5044,2025-07-30 04:00:00,3428.847525914631,3108.2294515847384,3352.312708363681
forecast_5045,2025-07-30 05:00:00,3491.029159377202,3617.653573343433,2697.317180540117
forecast_5046,2025-07-30 06:00:00,4360.693521721693,4831.0576804203165,2547.7450445700015
forecast_5047,2025-07-30 07:00:00,3868.9696011905553,4073.108479197627,3384.9132675626483
forecast_5048,2025-07-30 08:00:00,3835.258230783583,3327.2793736156314,39.23828486679254
forecast_5049,2025-07-30 09:00:00,3524.5678224821513,3017.257693237238,6.2359365783018355
forecast_5050,2025-07-30 10:00:00,2621.165998899189,2876.577207122064,15.321755979390764
forecast_5051,2025-07-30 11:00:00,61.853727046862986,58.99947700935486,30.816819299913252
forecast_5052,2025-07-30 12:00:00,91.83076538428644,88.39210555807014,51.357881475673
forecast_5053,2025-07-30 13:00:00,145.34244802963713,148.49624218015333,115.2409396799685
forecast_5054,2025-07-30 14:00:00,146.79497494706894,154.26944135067967,142.4529884318444
forecast_5055,2025-07-30 15:00:00,162.4400533773301,184.83490199793357,139.09572956432655
forecast_5056,2025-07-30 16:00:00,162.80074449942015,188.89370944678623,73.23785258984088
forecast_5057,2025-07-30 17:00:00,2966.760382194034,2804.941584926829,96.45999891303379
forecast_5058,2025-07-30 18:00:00,2714.715660227763,2463.8581893523356,132.13853732115263
forecast_5059,2025-07-30 19:00:00,2940.7031107304865,2914.529472382011,160.6499748132979
forecast_5060,2025-07-30 20:00:00,2937.762017382622,2956.9182518727293,2168.9725095502454
forecast_5061,2025-07-30 21:00:00,2874.5011706536593,3194.232677614784,4218.438164889677
forecast_5062,2025-07-30 22:00:00,3449.6779294735807,3403.98267923119,4306.256972054693
forecast_5063,2025-07-30 23:00:00,3357.4753191337427,3439.518526053396,2575.543992658048
forecast_5064,2025-07-31 00:00:00,3252.8388818307044,3469.218105940354,2588.5487270265844
forecast_5065,2025-07-31 01:00:00,3783.6744479244903,3756.1366828917785,3274.208680445982
forecast_5066,2025-07-31 02:00:00,3993.7671472783227,3857.1293468566932,3498.0775679948288
forecast_5067,2025-07-31 03:00:00,4010.665339445774,4118.412207643051,3461.8509583645055
forecast_5068,2025-07-31 04:00:00,4249.546399683768,4259.845558696154,3542.506760040354
forecast_5069,2025-07-31 05:00:00,4399.400074754135,4817.701595981824,3560.3242010067142
forecast_5070,2025-07-31 06:00:00,3826.507624138691,3715.860401807724,3119.3924007749997
forecast_5071,2025-07-31 07:00:00,3609.8265280381934,3558.220184419699,2998.638354624373
forecast_5072,2025-07-31 08:00:00,3323.2703957756194,3299.857688262178,7922.989756958731
forecast_5073,2025-07-31 09:00:00,3572.3762309021167,3775.4680053854727,7902.799807171864
forecast_5074,2025-07-31 10:00:00,3302.4952406623793,3527.6361576048753,1740.3451694479977
forecast_5075,2025-07-31 11:00:00,4342.155953500547,4119.671967873985,1790.6227540683908
forecast_5076,2025-07-31 12:00:00,5318.563107048565,4356.607129128467,2137.2945047795683
forecast_5077,2025-07-31 13:00:00,5878.022281426514,4273.814595855446,2169.177460984435
forecast_5078,2025-07-31 14:00:00,4585.387376638968,4064.705941624075,2004.2515837447474
forecast_5079,2025-07-31 15:00:00,5705.434515041687,5076.965176880689,3640.401072578176
forecast_5080,2025-07-31 16:00:00,5661.854387110202,5907.9230132792045,3435.54310905847
forecast_5081,2025-07-31 17:00:00,5044.136879315275,4874.4380638019775,3730.9349909989282
forecast_5082,2025-07-31 18:00:00,4061.994443246418,3802.0631363100847,150.60788240024337
forecast_5083,2025-07-31 19:00:00,3244.1781321286267,3440.2232602415993,2524.662502355655
forecast_5084,2025-07-31 20:00:00,3747.102982897809,4061.898942812737,2591.4260314944772
forecast_5085,2025-07-31 21:00:00,3508.5766826448166,3443.427104102711,4362.974416119387
forecast_5086,2025-07-31 22:00:00,4162.603224281402,4031.1977041754235,4392.537401808863
forecast_5087,2025-07-31 23:00:00,3540.2590865920884,3541.653884190657,4386.082842528582
forecast_5088,2025-08-01 00:00:00,4367.5441869072365,4381.902206454394,4453.842609507486
forecast_5089,2025-08-01 01:00:00,3926.0934638540066,3806.100105123914,3675.7797940737096
forecast_5090,2025-08-01 02:00:00,3572.274133358231,3148.343919322042,3568.57094135337
forecast_5091,2025-08-01 03:00:00,3621.678433730653,3630.4303741639314,3845.1418008789324
forecast_5092,2025-08-01 04:00:00,3996.7737536186987,4450.436443201689,4586.301068356827
forecast_5093,2025-08-01 05:00:00,3098.7834962390616,3800.241362823412,3938.150069325821
forecast_5094,2025-08-01 06:00:00,3483.852863577753,3493.2124953561006,38.72069998610695
forecast_5095,2025-08-01 07:00:00,3552.185147137128,3298.9658060364804,28.594500788860827
forecast_5096,2025-08-01 08:00:00,2722.0648181003985,2667.9234425828113,23.87751655906288
forecast_5097,2025-08-01 09:00:00,3305.767890128392,2837.4725928162393,13.037119155987513
forecast_5098,2025-08-01 10:00:00,3301.6538775405925,2802.5755790484036,1.0959402420497724
forecast_5099,2025-08-01 11:00:00,3733.6058679875237,3024.451289048838,13.218932589583615
forecast_5100,2025-08-01 12:00:00,40.33046272553609,1287.924969480141,795.3719435782391
forecast_5101,2025-08-01 13:00:00,57.89167635847643,1109.1013148410052,51.89651133842756
forecast_5102,2025-08-01 14:00:00,70.08883637114607,4128.822082003013,64.88879996523488
forecast_5103,2025-08-01 15:00:00,53.03981666224521,70.64957107739272,47.47013264855357
forecast_5104,2025-08-01 16:00:00,1818.8193737687768,1789.3337546976022,41.706118247463145
forecast_5105,2025-08-01 17:00:00,1866.520745565027,2884.8340288220215,26.27436500893427
forecast_5106,2025-08-01 18:00:00,1327.355295524684,1584.4975193586945,25.348109269256494
forecast_5107,2025-08-01 19:00:00,3622.7547348909006,3869.9849882406206,2227.67491739144
forecast_5108,2025-08-01 20:00:00,3450.0612291498733,3591.655895645739,73.01083776383904
forecast_5109,2025-08-01 21:00:00,3459.517698224619,3524.408335013529,1203.7959315343905
forecast_5110,2025-08-01 22:00:00,3782.313301016642,4791.245675654197,2588.597315605471
forecast_5111,2025-08-01 23:00:00,5174.893969284953,5623.72034889695,4412.208295370382
forecast_5112,2025-08-02 00:00:00,4853.8467857844935,4547.64146010772,3658.0133577593847
forecast_5113,2025-08-02 01:00:00,4125.279303342534,4015.4609487487105,3668.3419750520934
forecast_5114,2025-08-02 02:00:00,5042.104205331638,4892.795204626487,3735.2861359451936
forecast_5115,2025-08-02 03:00:00,6720.221388154957,6478.383219804759,3859.9439507757425
forecast_5116,2025-08-02 04:00:00,7047.144424315827,7375.379866389447,4562.0935128208885
forecast_5117,2025-08-02 05:00:00,7798.109002109338,7895.436034390096,5182.962803135261
forecast_5118,2025-08-02 06:00:00,8466.93615267047,8526.977897062892,5551.025508326456
forecast_5119,2025-08-02 07:00:00,7839.533607546969,7860.441138967038,5219.711157097238
forecast_5120,2025-08-02 08:00:00,6366.469058958597,6267.051918075842,4111.699902263788
forecast_5121,2025-08-02 09:00:00,5265.594172469919,5011.15402525167,3612.2359989884762
forecast_5122,2025-08-02 10:00:00,4452.341269198508,4354.340189479361,3666.5878653826585
forecast_5123,2025-08-02 11:00:00,3259.480185357578,3365.8881396561733,3155.480497518734
forecast_5124,2025-08-02 12:00:00,3574.7723131498947,3279.1182665324095,3090.9368263963015
forecast_5125,2025-08-02 13:00:00,4449.327138906929,3778.523241629872,2884.922734600642
forecast_5126,2025-08-02 14:00:00,4103.22551785438,3613.7393364791633,3593.4751013878968
forecast_5127,2025-08-02 15:00:00,3901.2439710141625,3958.811331443297,3420.584305411107
forecast_5128,2025-08-02 16:00:00,3457.2816780361245,3480.013661787128,2880.6671027223315
forecast_5129,2025-08-02 17:00:00,4259.977916419729,3782.983610832864,3062.993123821478
forecast_5130,2025-08-02 18:00:00,4156.41111011181,4222.111080950893,3704.4388082078635
forecast_5131,2025-08-02 19:00:00,3742.315416738183,3588.682268034389,3900.3950423154524
forecast_5132,2025-08-02 20:00:00,3578.0432020739763,3558.2525522973724,3462.1428379397635
forecast_5133,2025-08-02 21:00:00,3824.7250558946293,3854.287542202842,3608.308072853736
forecast_5134,2025-08-02 22:00:00,3889.939544962027,3810.2917030811545,3480.8114352456987
forecast_5135,2025-08-02 23:00:00,4296.642423166133,4245.9462997314595,3480.4322579474106
forecast_5136,2025-08-03 00:00:00,4047.1518555961443,3995.6752839282904,3403.7674918690213
forecast_5137,2025-08-03 01:00:00,5599.078474570208,4906.791459438409,3770.21446546649
forecast_5138,2025-08-03 02:00:00,5447.948809964232,4953.056951772175,3751.128446552383
forecast_5139,2025-08-03 03:00:00,4934.65710546296,4556.653379706534,3698.8064383756264
forecast_5140,2025-08-03 04:00:00,4187.132231141008,3966.9737322431683,3610.9747407495242
forecast_5141,2025-08-03 05:00:00,3825.2287645163524,3724.4357999258714,3165.413419601444
forecast_5142,2025-08-03 06:00:00,3729.0360967555002,3719.8614827909178,3079.959783773839
forecast_5143,2025-08-03 07:00:00,3281.811286265311,3949.321317137365,3127.2377105197174
forecast_5144,2025-08-03 08:00:00,3687.8751147172234,3840.0364682174736,4072.304961111883
forecast_5145,2025-08-03 09:00:00,3506.504904508087,4062.4415621652743,742.300380158269
forecast_5146,2025-08-03 10:00:00,3975.624383998768,3470.4404911960423,731.778466868835
forecast_5147,2025-08-03 11:00:00,3507.851640703094,3365.06799270749,1207.2288934737453
forecast_5148,2025-08-03 12:00:00,4452.614566234627,4441.293272200122,4649.790025967567
forecast_5149,2025-08-03 13:00:00,5646.439627092172,6323.383557759199,4739.64231462291
forecast_5150,2025-08-03 14:00:00,6045.325355633369,3593.1360477310886,4861.987004624014
forecast_5151,2025-08-03 15:00:00,3415.5715892749117,3403.02991174682,3211.9292786723286
forecast_5152,2025-08-03 16:00:00,3139.3842008363645,3301.3046510334707,3043.017684905237
forecast_5153,2025-08-03 17:00:00,3603.7618401075306,3798.898850012977,3220.4644548933957
forecast_5154,2025-08-03 18:00:00,4211.6986091691715,4298.071883835047,3656.963125394996
forecast_5155,2025-08-03 19:00:00,4007.123634210535,4247.975634559242,3902.1594725596974
forecast_5156,2025-08-03 20:00:00,4139.604117854168,4164.513237535883,3854.8975223313705
forecast_5157,2025-08-03 21:00:00,4457.348050404242,4810.648258150413,3788.223987206881
forecast_5158,2025-08-03 22:00:00,5056.878458580096,6821.479424229782,4444.523410909619
forecast_5159,2025-08-03 23:00:00,6090.318138824512,7099.819784408949,5249.265906975327
forecast_5160,2025-08-04 00:00:00,6689.745949684801,8518.138551010496,5760.833824931097
forecast_5161,2025-08-04 01:00:00,8715.914953253417,9337.246871992851,6962.607827612088
forecast_5162,2025-08-04 02:00:00,9809.235216055853,10708.464653678911,7967.403692508215
forecast_5163,2025-08-04 03:00:00,10904.041011880685,11888.660004342977,9608.273155515464
forecast_5164,2025-08-04 04:00:00,11483.101987464812,12536.267532225178,9486.6659387983
forecast_5165,2025-08-04 05:00:00,11735.347505520236,14197.590077326557,8076.175837749799
forecast_5166,2025-08-04 06:00:00,10368.541271017235,11843.872056043036,8689.208636151021
forecast_5167,2025-08-04 07:00:00,9574.838683250511,11070.812814760682,7880.877112273535
forecast_5168,2025-08-04 08:00:00,8990.869898861834,10522.777636754745,6963.247759209494
forecast_5169,2025-08-04 09:00:00,9116.439548147904,10719.50898781339,6747.5369479352485
forecast_5170,2025-08-04 10:00:00,9482.103047375158,10507.884875936645,6474.684343522657
forecast_5171,2025-08-04 11:00:00,9608.735707082833,10531.417012392403,6673.84359645566
forecast_5172,2025-08-04 12:00:00,9462.358548272568,10169.318646442636,7360.964956684654
forecast_5173,2025-08-04 13:00:00,7691.624593284101,7958.662922019185,5939.594295601642
forecast_5174,2025-08-04 14:00:00,6126.23116283784,5861.771582040192,4390.709054669881
forecast_5175,2025-08-04 15:00:00,5114.16786201701,5074.277352150048,4217.529421289108
forecast_5176,2025-08-04 16:00:00,5117.261526885527,4646.389120696808,4333.832500298766
forecast_5177,2025-08-04 17:00:00,4634.550130779562,4647.754279815822,4954.806829463415
forecast_5178,2025-08-04 18:00:00,5625.292508171187,5123.612948227598,5919.150457745846
forecast_5179,2025-08-04 19:00:00,6744.336865297198,5976.608445294613,7076.893221282089
forecast_5180,2025-08-04 20:00:00,6121.408406096088,6419.960124920085,6515.259446826186
forecast_5181,2025-08-04 21:00:00,7646.720685195228,8040.065960023907,7876.096809236747
forecast_5182,2025-08-04 22:00:00,7706.894311957343,8413.225955024587,7743.047032654631
forecast_5183,2025-08-04 23:00:00,6837.482532974274,8282.46420003859,7636.467040437788
forecast_5184,2025-08-05 00:00:00,7875.631950027955,9316.216378239205,8104.680272524792
forecast_5185,2025-08-05 01:00:00,4815.511442904278,4173.415995741255,3825.4704040876436
forecast_5186,2025-08-05 02:00:00,4331.0484980486945,4336.726132947414,3641.731553538695
forecast_5187,2025-08-05 03:00:00,3809.36909283782,3873.1992820062455,3617.8678739732654
forecast_5188,2025-08-05 04:00:00,3881.6484323115874,4004.988023293912,3475.457609025113
forecast_5189,2025-08-05 05:00:00,3765.0274546918868,3685.6071389799267,3327.5039754438412
forecast_5190,2025-08-05 06:00:00,3674.416311897744,3680.8576778000033,3158.191439973562
forecast_5191,2025-08-05 07:00:00,3711.4785357642136,3870.8548151221444,3230.616670164253
forecast_5192,2025-08-05 08:00:00,3641.0437373356153,3805.975410616336,3039.67490054302
forecast_5193,2025-08-05 09:00:00,3552.563202758866,3672.4712605713485,3006.3301891343513
forecast_5194,2025-08-05 10:00:00,3703.043933910399,3492.8525469494803,3224.6086638870993
forecast_5195,2025-08-05 11:00:00,3861.2427389040095,3859.3578011149484,3410.1085143363666
forecast_5196,2025-08-05 12:00:00,3623.2164244359096,3425.051276010053,3261.926281494948
forecast_5197,2025-08-05 13:00:00,3847.4572093717406,3897.297688062553,3651.9366082562456
forecast_5198,2025-08-05 14:00:00,4068.0633756093353,3905.243466934998,3866.65756118396
forecast_5199,2025-08-05 15:00:00,5841.781447781772,5576.879624926059,4400.201644442132
forecast_5200,2025-08-05 16:00:00,7289.801407273933,8349.922161636341,5188.070302372865
forecast_5201,2025-08-05 17:00:00,6938.763319163876,6313.335955922102,4863.1757181260855
forecast_5202,2025-08-05 18:00:00,6920.645687768522,7234.331411369626,4602.464268672474
forecast_5203,2025-08-05 19:00:00,6483.978377365989,6669.812561753185,4648.942686591685
forecast_5204,2025-08-05 20:00:00,6477.076793075529,7078.774093582746,5138.806315020196
forecast_5205,2025-08-05 21:00:00,6477.6680272497515,7397.793195479867,5326.059668875015
forecast_5206,2025-08-05 22:00:00,6744.906574941221,7665.977896505277,5816.200266700355
forecast_5207,2025-08-05 23:00:00,7196.010644840948,8577.565935387103,6170.367360578016
forecast_5208,2025-08-06 00:00:00,7950.192439580692,9048.894475595353,6441.643279860769
forecast_5209,2025-08-06 01:00:00,12661.165857935006,14742.63768167262,13207.025966571679
forecast_5210,2025-08-06 02:00:00,12943.833526678714,15101.88838913227,13511.325673253981
forecast_5211,2025-08-06 03:00:00,13725.436910648854,15969.769653085865,13775.683408565279
forecast_5212,2025-08-06 04:00:00,14035.962318966416,16424.696203708085,13900.897924793357
forecast_5213,2025-08-06 05:00:00,14769.81036168954,17170.023640823452,14471.236415890811
forecast_5214,2025-08-06 06:00:00,15085.864503947345,17571.276370078285,15743.64824039915
forecast_5215,2025-08-06 07:00:00,14586.778495898903,17158.03742597976,14858.065251403994
forecast_5216,2025-08-06 08:00:00,14874.592847572778,17102.944174844382,15213.598118839083
forecast_5217,2025-08-06 09:00:00,14874.374126831495,16791.35912094416,15100.963028206019
forecast_5218,2025-08-06 10:00:00,14904.681339008423,16510.132421315793,14694.424914145056
forecast_5219,2025-08-06 11:00:00,14840.642056261124,16441.92049519915,15549.512728762957
forecast_5220,2025-08-06 12:00:00,14764.661685906689,17060.63826433181,15863.960733357173
forecast_5221,2025-08-06 13:00:00,14441.624876915874,17156.02053762407,15584.808168115298
forecast_5222,2025-08-06 14:00:00,13694.972752399923,16558.230610946255,15457.969460125087
forecast_5223,2025-08-06 15:00:00,13972.832538386892,15648.645697351263,14836.537529349964
forecast_5224,2025-08-06 16:00:00,14092.174092128034,16239.484787059891,14853.810018491376
forecast_5225,2025-08-06 17:00:00,13946.395836989675,15445.026404823604,13945.277897878917
forecast_5226,2025-08-06 18:00:00,14328.57412403546,16215.383255972698,14522.963818632945
forecast_5227,2025-08-06 19:00:00,14815.329602315736,16420.800474524745,15814.81401719469
forecast_5228,2025-08-06 20:00:00,15047.166415263637,17541.196147080653,16662.613023406222
forecast_5229,2025-08-06 21:00:00,16174.195725364469,18025.976817174407,17767.611284163602
forecast_5230,2025-08-06 22:00:00,16139.897081188255,18132.799663674952,17963.86029552649
forecast_5231,2025-08-06 23:00:00,15866.05348710579,18164.983605757014,17909.409837233423
forecast_5232,2025-08-07 00:00:00,15577.884690590054,17986.994601002993,17590.167658839804
forecast_5233,2025-08-07 01:00:00,13932.625143025041,17461.854562021625,15040.059442022217
forecast_5234,2025-08-07 02:00:00,14051.186683614591,17292.097794918238,15071.875396800158
forecast_5235,2025-08-07 03:00:00,14425.802836566207,16730.267154413636,15050.720116579603
forecast_5236,2025-08-07 04:00:00,14273.80879426182,17292.035929257112,15030.334023288748
forecast_5237,2025-08-07 05:00:00,13970.00295542941,16429.032657689488,14701.352500587003
forecast_5238,2025-08-07 06:00:00,13892.816436586558,15427.987342648474,13453.247134856272
forecast_5239,2025-08-07 07:00:00,12642.507742283195,14073.658867404123,11827.892382621927
forecast_5240,2025-08-07 08:00:00,11220.003288635713,12153.439446845783,9478.916167427738
forecast_5241,2025-08-07 09:00:00,8990.124620343482,9340.458491108664,6737.461558814934
forecast_5242,2025-08-07 10:00:00,6219.12648609726,6435.929096939074,4230.662355269266
forecast_5243,2025-08-07 11:00:00,4781.575934433132,4693.959391309593,3375.973623708922
forecast_5244,2025-08-07 12:00:00,3838.4008662032375,3778.2904951535747,3313.9948940409217
forecast_5245,2025-08-07 13:00:00,3723.727948797407,3456.9457284809255,2986.2630316337404
forecast_5246,2025-08-07 14:00:00,3755.4390937632793,3504.0270596478226,3138.0526056238623
forecast_5247,2025-08-07 15:00:00,3611.4269295087606,3664.4457882348847,3460.542163973728
forecast_5248,2025-08-07 16:00:00,3922.069022269121,3813.251126361023,3741.7726132869147
forecast_5249,2025-08-07 17:00:00,3601.8313443328784,3701.496158779342,3778.6965872036867
forecast_5250,2025-08-07 18:00:00,3331.4988061209783,3572.000686305818,3527.3390309311553
forecast_5251,2025-08-07 19:00:00,3136.5932835447356,2885.2213342908403,2440.916628888545
forecast_5252,2025-08-07 20:00:00,3139.71398306003,3166.456795678908,2697.3272665747472
forecast_5253,2025-08-07 21:00:00,3481.360282045443,3516.085467873182,3259.6559253256637
forecast_5254,2025-08-07 22:00:00,4004.4374305250763,4008.3229350749602,3606.4169140896342
forecast_5255,2025-08-07 23:00:00,5382.053118755923,5632.918423047961,3974.636655225957
forecast_5256,2025-08-08 00:00:00,5964.125992898095,6312.549529289814,4503.081936061028
forecast_5257,2025-08-08 01:00:00,5526.575585407738,5726.14585899708,3997.914022912164
forecast_5258,2025-08-08 02:00:00,5693.752209887188,6091.43808952618,3791.6157897297044
forecast_5259,2025-08-08 03:00:00,5467.772712979492,5318.783883544694,3741.278278344499
forecast_5260,2025-08-08 04:00:00,4648.8685843221465,4390.9757554943335,3682.71474016162
forecast_5261,2025-08-08 05:00:00,4003.375843981467,4228.772061428639,3677.1528045493887
forecast_5262,2025-08-08 06:00:00,3601.7816666279527,3635.5047819281917,3297.4358886928517
forecast_5263,2025-08-08 07:00:00,3480.0912203446833,2967.373419954499,2952.725492901215
forecast_5264,2025-08-08 08:00:00,3234.373666324894,3356.8536095383974,1887.2966128503233
forecast_5265,2025-08-08 09:00:00,2748.6468903148807,2905.795934738267,26.958862713526056
forecast_5266,2025-08-08 10:00:00,3637.7508684450704,3505.195264203032,7.976081305542064
forecast_5267,2025-08-08 11:00:00,1199.8152779295524,1690.643914993251,12.820437077211311
forecast_5268,2025-08-08 12:00:00,48.717417418522864,45.10041627182068,42.89085419639864
forecast_5269,2025-08-08 13:00:00,59.75004190203859,63.22388022691546,58.07135807651476
forecast_5270,2025-08-08 14:00:00,45.55759283802965,57.79086559348299,66.31426684579974
forecast_5271,2025-08-08 15:00:00,22.638940038466675,5136.068451581834,4225.780078801669
forecast_5272,2025-08-08 16:00:00,5530.769351325119,7250.3076538652,4583.761935279746
forecast_5273,2025-08-08 17:00:00,5846.325730611486,6836.522928739747,4169.797251863634
forecast_5274,2025-08-08 18:00:00,1797.3224820386445,4297.820686497911,2697.905082459134
forecast_5275,2025-08-08 19:00:00,3423.891099581165,4571.360712150849,3040.3723646135836
forecast_5276,2025-08-08 20:00:00,4360.649378327328,4727.120453922605,3896.865867448841
forecast_5277,2025-08-08 21:00:00,5523.562916243035,5370.943252954498,5733.991757068015
forecast_5278,2025-08-08 22:00:00,4447.2993350728975,4046.1743740441843,3675.0487026584333
forecast_5279,2025-08-08 23:00:00,3821.6342248103847,3490.9665357578037,3656.826301656458
forecast_5280,2025-08-09 00:00:00,3785.176841962224,3777.935871060408,3430.6826486453438
forecast_5281,2025-08-09 01:00:00,3459.1561596673387,3338.9196979840053,3514.771344985883
forecast_5282,2025-08-09 02:00:00,3502.952914835391,3618.193012564397,3392.020904035387
forecast_5283,2025-08-09 03:00:00,3710.7392101256964,3438.402614266583,3236.0456356437235
forecast_5284,2025-08-09 04:00:00,3998.914111874744,3956.903208971429,3458.8424587205805
forecast_5285,2025-08-09 05:00:00,4300.76230077826,4797.644731624056,3419.4469845507865
forecast_5286,2025-08-09 06:00:00,4410.755053865369,4344.26157065814,3564.362879788607
forecast_5287,2025-08-09 07:00:00,4156.532823487003,4019.187615430245,3271.3988087117955
forecast_5288,2025-08-09 08:00:00,4197.42357159117,4130.585757455408,3284.508793647421
forecast_5289,2025-08-09 09:00:00,3851.383482009476,3755.5776608716574,3336.2394851914187
forecast_5290,2025-08-09 10:00:00,3932.140317821212,3927.905501377166,3342.108733714413
forecast_5291,2025-08-09 11:00:00,3879.7059989024,3842.4834822859457,3357.1643557511024
forecast_5292,2025-08-09 12:00:00,3538.7013663747757,3591.749014549122,3266.306594456292
forecast_5293,2025-08-09 13:00:00,3532.5108924237143,3627.9786892867933,3267.603542791903
forecast_5294,2025-08-09 14:00:00,4248.655707813732,4395.4770814864205,3464.5459755505717
forecast_5295,2025-08-09 15:00:00,4315.870667697961,4559.0646550064985,3698.2637065584886
forecast_5296,2025-08-09 16:00:00,4691.890387253883,4358.277988972792,4123.34676210368
forecast_5297,2025-08-09 17:00:00,3816.9342671063673,3714.2048565681625,3712.950356539736
forecast_5298,2025-08-09 18:00:00,3133.380277440046,3246.5400631551724,2459.3135396272496
forecast_5299,2025-08-09 19:00:00,3735.4092350610053,3836.219274487645,3338.8987560786413
forecast_5300,2025-08-09 20:00:00,4529.692270376428,4246.255876506893,3753.3127099654143
forecast_5301,2025-08-09 21:00:00,4624.686873604468,4179.401604725085,3730.66340608727
forecast_5302,2025-08-09 22:00:00,4069.7216985952386,3891.7029597198884,3626.6200699627852
forecast_5303,2025-08-09 23:00:00,3897.8434648247176,3835.4784562941622,3423.0831132888725
forecast_5304,2025-08-10 00:00:00,3735.2659752397935,3719.9123150014007,3116.1476301734465
forecast_5305,2025-08-10 01:00:00,3648.0553527633806,4257.596137772362,3167.817349574274
forecast_5306,2025-08-10 02:00:00,3659.821155089756,4077.4220330854173,3229.2343223137727
forecast_5307,2025-08-10 03:00:00,3537.032441515717,3929.051586100182,3060.2603284000156
forecast_5308,2025-08-10 04:00:00,3744.4442204049847,3003.2391564337663,2369.6403141571277
forecast_5309,2025-08-10 05:00:00,2819.146153917945,2925.7530466520884,2858.330150338399
forecast_5310,2025-08-10 06:00:00,3290.2087075740687,3787.029769338345,2710.4233904072316
forecast_5311,2025-08-10 07:00:00,3183.0477915932706,3623.79741116709,2601.9668611057773
forecast_5312,2025-08-10 08:00:00,2896.948198764306,3179.9640941436187,859.8539786206924
forecast_5313,2025-08-10 09:00:00,3103.6450105791973,2816.521233266424,1136.3467054090534
forecast_5314,2025-08-10 10:00:00,3234.525882131288,3589.0136242064204,2645.83187046277
forecast_5315,2025-08-10 11:00:00,3214.2515082167797,3587.6142190084515,2682.3201583577948
forecast_5316,2025-08-10 12:00:00,3174.3294171131233,3733.6412962155578,2992.676463154158
forecast_5317,2025-08-10 13:00:00,3051.346570060136,3744.0602493107635,2982.0022693594046
forecast_5318,2025-08-10 14:00:00,3244.762641424601,3721.422827708768,3185.0544704811005
forecast_5319,2025-08-10 15:00:00,2766.5867288025456,3511.982959461634,2943.629867402058
forecast_5320,2025-08-10 16:00:00,2618.8947360035063,3341.4266792451745,2894.588213710724
forecast_5321,2025-08-10 17:00:00,1744.6934628871338,2979.7557899687367,1231.194071306778
forecast_5322,2025-08-10 18:00:00,2404.9877809635786,2497.8601052400522,43.34577375013951
forecast_5323,2025-08-10 19:00:00,2295.5118888222123,2394.9780166674277,18.3516896316454
forecast_5324,2025-08-10 20:00:00,2846.48472862728,3394.6322833612116,3.285826053638733
forecast_5325,2025-08-10 21:00:00,3065.032382435045,3436.951032571161,6.911233688717969
forecast_5326,2025-08-10 22:00:00,3560.9176643781752,3872.7722463931036,1101.9632421605063
forecast_5327,2025-08-10 23:00:00,3597.264518031679,4086.6816336975335,45.72568615651324
forecast_5328,2025-08-11 00:00:00,3239.497626481577,3619.0052494536526,62.11820555237919
forecast_5329,2025-08-11 01:00:00,3313.74877486487,3102.897527180841,7.640256245649585
forecast_5330,2025-08-11 02:00:00,4555.750653465687,3820.1574734295355,9.94181463171988
forecast_5331,2025-08-11 03:00:00,3779.7271548147683,3587.404754520667,1531.8256950029436
forecast_5332,2025-08-11 04:00:00,3884.2836643829464,3759.8116506040956,2376.207656731838
forecast_5333,2025-08-11 05:00:00,3953.9726985842112,3808.0823459925978,1971.6480792441812
forecast_5334,2025-08-11 06:00:00,2784.224092080549,3528.0475369288083,10.281478031923886
forecast_5335,2025-08-11 07:00:00,2537.990935533836,3290.7145412795235,8.394308441651111
forecast_5336,2025-08-11 08:00:00,2838.1005615946724,2711.0809272896004,5.234014777643262
forecast_5337,2025-08-11 09:00:00,3574.6966530395216,3434.783993276676,5.367575797476779
forecast_5338,2025-08-11 10:00:00,3074.3944267402135,3175.2304321086,0.02175598148817028
forecast_5339,2025-08-11 11:00:00,2912.529464436452,3358.425747143468,0.06546047052401474
forecast_5340,2025-08-11 12:00:00,3408.7175480804917,3041.6208549416046,0.0
forecast_5341,2025-08-11 13:00:00,1151.2576457339912,1668.5738161562597,0.38405532585941665
forecast_5342,2025-08-11 14:00:00,3179.17303159033,2699.2028905148495,10.144799566307341
forecast_5343,2025-08-11 15:00:00,1949.6559606639598,2741.814274630665,2082.8191545364125
forecast_5344,2025-08-11 16:00:00,20.98081703399835,13.590563954699265,13.019277669839134
forecast_5345,2025-08-11 17:00:00,2725.290543708356,3953.1804841215976,2083.4807896468715
forecast_5346,2025-08-11 18:00:00,3760.694898210069,4512.585648997849,3456.450002341301
forecast_5347,2025-08-11 19:00:00,4095.907113908556,4684.857605946629,2399.790634170694
forecast_5348,2025-08-11 20:00:00,3822.655231717731,4912.509653757893,1119.664530979238
forecast_5349,2025-08-11 21:00:00,4090.6039134770767,4449.760730842528,3462.4935308989343
forecast_5350,2025-08-11 22:00:00,3709.5339230586146,3900.09795383735,3598.596587998049
forecast_5351,2025-08-11 23:00:00,3817.296768124212,4118.0795870131315,2676.1071926823965
forecast_5352,2025-08-12 00:00:00,4035.4035696627234,4119.106051470671,2988.3254899219232
forecast_5353,2025-08-12 01:00:00,3711.0434542403673,3861.445168441152,3427.586752795397
forecast_5354,2025-08-12 02:00:00,3409.6943262491795,3390.0000311597773,3248.4212386056256
forecast_5355,2025-08-12 03:00:00,3531.9317151202267,3453.281143655823,3301.7369567531446
forecast_5356,2025-08-12 04:00:00,3418.3973834725316,3390.1850627918157,2926.3881982767884
forecast_5357,2025-08-12 05:00:00,3264.6924361996953,3241.221385885618,2916.977961981639
forecast_5358,2025-08-12 06:00:00,2990.0132519114845,2949.374477357798,2977.2893358110014
forecast_5359,2025-08-12 07:00:00,2963.620735206554,3311.24777995837,1716.25940887137
forecast_5360,2025-08-12 08:00:00,3183.715262421229,3681.232230741112,251.69237547178912
forecast_5361,2025-08-12 09:00:00,3156.605546084255,3364.67439229063,1109.8566320266175
forecast_5362,2025-08-12 10:00:00,2720.5827257704573,2897.8644140465285,1193.1545648585645
forecast_5363,2025-08-12 11:00:00,3351.2841065739076,2906.9875824127057,1295.3026656420936
forecast_5364,2025-08-12 12:00:00,4109.719708392486,3502.5777696705345,1286.1411579744952
forecast_5365,2025-08-12 13:00:00,6024.347627180035,3628.319084809418,3961.8464627891826
forecast_5366,2025-08-12 14:00:00,5389.578551462964,4960.69733688579,2795.014764831356
forecast_5367,2025-08-12 15:00:00,5632.184451530774,4141.946539607396,2443.041269302668
forecast_5368,2025-08-12 16:00:00,6627.793205662271,5252.669209903536,3336.7594126317344
forecast_5369,2025-08-12 17:00:00,6620.822530631072,5228.989463435145,2856.0598413687385
forecast_5370,2025-08-12 18:00:00,3191.255955795548,3641.806149427624,3028.2063490711175
forecast_5371,2025-08-12 19:00:00,3497.369245672537,3352.088739872901,3456.1671644331864
forecast_5372,2025-08-12 20:00:00,3361.076325327543,3384.683579324979,3553.304805301196
forecast_5373,2025-08-12 21:00:00,3456.904457143961,3365.1699443253933,3982.562379105107
forecast_5374,2025-08-12 22:00:00,3545.8758342534834,3523.4502272612385,3323.8177090357185
forecast_5375,2025-08-12 23:00:00,3860.1046517466516,3612.3313920392457,3291.4812742772747
forecast_5376,2025-08-13 00:00:00,3952.286511056295,3850.731997743642,3340.571230811863
forecast_5377,2025-08-13 01:00:00,4567.843548023578,4588.267082707525,3715.8121202167777
forecast_5378,2025-08-13 02:00:00,4324.182778391439,4677.078650440087,3648.6770455346455
forecast_5379,2025-08-13 03:00:00,4958.8385268586135,4929.565646614222,3519.231743376664
forecast_5380,2025-08-13 04:00:00,4429.759892378541,4343.351447065875,3605.526389998478
forecast_5381,2025-08-13 05:00:00,4353.992056498431,4490.165679932121,3380.0749230881324
forecast_5382,2025-08-13 06:00:00,6218.9735314641175,6427.576165540223,3936.734810922606
forecast_5383,2025-08-13 07:00:00,7227.7032452439735,7613.741901775517,4916.149131316747
forecast_5384,2025-08-13 08:00:00,7106.724600811562,7665.70638955846,4974.609785149299
forecast_5385,2025-08-13 09:00:00,7416.630066256794,8013.702468776781,5839.405253844287
forecast_5386,2025-08-13 10:00:00,7463.069999004293,9240.128384350808,6671.91211659458
forecast_5387,2025-08-13 11:00:00,7712.573445176238,9289.351344120041,6954.1065513799
forecast_5388,2025-08-13 12:00:00,7042.371008223087,8346.38431359978,6179.063719407433
forecast_5389,2025-08-13 13:00:00,6815.659149204442,9710.913834597457,6064.044964031229
forecast_5390,2025-08-13 14:00:00,7153.711659817953,9131.9061335892,5954.801182065589
forecast_5391,2025-08-13 15:00:00,7520.742901507036,9071.24774978293,6560.575275874965
forecast_5392,2025-08-13 16:00:00,7702.977192255488,10081.788551329459,6929.4156176328315
forecast_5393,2025-08-13 17:00:00,8128.81209937987,11630.433829245174,7803.9050880132745
forecast_5394,2025-08-13 18:00:00,8888.315436611292,13064.407925489877,8848.583182700899
forecast_5395,2025-08-13 19:00:00,11460.558840805328,14472.485680596992,11128.16558089954
forecast_5396,2025-08-13 20:00:00,13667.505028801375,16655.893694047616,14922.091075404036
forecast_5397,2025-08-13 21:00:00,15437.786840750889,17126.242340014865,17361.997181506285
forecast_5398,2025-08-13 22:00:00,15034.313263643917,17977.049827658957,17897.047548415256
forecast_5399,2025-08-13 23:00:00,15476.455677078027,18099.848163466882,18137.001939695732
forecast_5400,2025-08-14 00:00:00,15394.022287867947,18246.649162910446,18193.60977602388
forecast_5401,2025-08-14 01:00:00,16714.59493692578,18457.957389687672,18128.672177193494
forecast_5402,2025-08-14 02:00:00,15744.444293380298,18051.56367206462,18229.23584421768
forecast_5403,2025-08-14 03:00:00,15791.08561254102,18020.0769505832,17742.270494597386
forecast_5404,2025-08-14 04:00:00,15179.923157309842,18117.3445689872,17095.599140723592
forecast_5405,2025-08-14 05:00:00,15294.508392226056,18152.94221809636,16608.413434698494
forecast_5406,2025-08-14 06:00:00,14683.573475217303,17101.221121552197,15463.939535233463
forecast_5407,2025-08-14 07:00:00,14057.286714403985,16463.902338571803,14752.434035425993
forecast_5408,2025-08-14 08:00:00,14448.60936220818,17043.09286356608,14539.590145716598
forecast_5409,2025-08-14 09:00:00,14946.887725307344,16746.050384010585,15124.989764609196
forecast_5410,2025-08-14 10:00:00,13388.206313789859,16667.165949041348,14104.320429473277
forecast_5411,2025-08-14 11:00:00,12935.34977044226,15108.80918375772,12822.41006537217
forecast_5412,2025-08-14 12:00:00,12765.775763284411,14402.535142408417,13018.70583232789
forecast_5413,2025-08-14 13:00:00,12224.961828340203,14269.402248802964,12349.835662919022
forecast_5414,2025-08-14 14:00:00,12154.387940649647,13795.987116422442,11983.071003993151
forecast_5415,2025-08-14 15:00:00,11888.65609603634,14041.88843567742,11010.083723503165
forecast_5416,2025-08-14 16:00:00,12295.66761727476,14618.615359973435,12082.7330153047
forecast_5417,2025-08-14 17:00:00,12115.108478393431,13832.646706777967,12264.868623094397
forecast_5418,2025-08-14 18:00:00,12425.262137987096,15210.210477541947,11857.774506561711
forecast_5419,2025-08-14 19:00:00,12740.167708252815,14239.323871408518,11368.861298372414
forecast_5420,2025-08-14 20:00:00,13284.329511217551,14641.81492651237,11828.497194739826
forecast_5421,2025-08-14 21:00:00,13948.838386904372,15351.962470039236,12524.557284843908
forecast_5422,2025-08-14 22:00:00,14986.291377142257,16329.183664994202,13778.572150706113
forecast_5423,2025-08-14 23:00:00,15342.657214052168,16577.75396087275,12082.959329086325
forecast_5424,2025-08-15 00:00:00,15006.086506882228,16306.666671095636,11798.454888528895
forecast_5425,2025-08-15 01:00:00,13418.40245727331,14048.442427113938,10170.41741949859
forecast_5426,2025-08-15 02:00:00,12854.327164095435,13322.641475753257,9221.681312239181
forecast_5427,2025-08-15 03:00:00,11615.69818238931,12342.212196469543,8283.4712441752
forecast_5428,2025-08-15 04:00:00,10321.662119065948,11055.977298438165,7253.890807340047
forecast_5429,2025-08-15 05:00:00,9650.587297795551,10519.01317402692,6080.757022760111
forecast_5430,2025-08-15 06:00:00,9811.793820697896,10196.244885666787,5068.917423262576
forecast_5431,2025-08-15 07:00:00,8411.68002878065,8531.711717340797,4323.158711879134
forecast_5432,2025-08-15 08:00:00,5540.042852860066,5248.874191660576,3791.724911061933
forecast_5433,2025-08-15 09:00:00,3871.8068158501105,3879.0361162497134,3378.3299782579065
forecast_5434,2025-08-15 10:00:00,3707.459980728105,3743.652654825603,3146.072430547414
forecast_5435,2025-08-15 11:00:00,3795.7405191191374,3887.1365496771878,3515.1099853195874
forecast_5436,2025-08-15 12:00:00,3899.127820912692,4297.422843479562,3160.212554457869
forecast_5437,2025-08-15 13:00:00,3473.790646965298,3082.295594554596,3071.234826164078
forecast_5438,2025-08-15 14:00:00,3210.0475449212786,3541.4705799917374,2893.0549281331464
forecast_5439,2025-08-15 15:00:00,3403.9464791548703,3846.659189743122,3129.9076967726523
forecast_5440,2025-08-15 16:00:00,3162.012294288271,3470.2555181936063,2640.6663329822727
forecast_5441,2025-08-15 17:00:00,3015.909488861059,2993.6375926030214,2814.923885982854
forecast_5442,2025-08-15 18:00:00,2949.4092917524113,3041.385044245086,2263.1652468101324
forecast_5443,2025-08-15 19:00:00,3465.9715236161214,3537.8698400969965,2835.0139138285695
forecast_5444,2025-08-15 20:00:00,3878.8549625552814,3819.8197547730642,3487.8994742032687
forecast_5445,2025-08-15 21:00:00,4049.0344243128525,4033.1190064621646,3589.791533424815
forecast_5446,2025-08-15 22:00:00,5517.162791328026,6035.028277811545,4002.326328958515
forecast_5447,2025-08-15 23:00:00,7309.518759804461,7474.499636235793,4898.382590416492
forecast_5448,2025-08-16 00:00:00,8102.927759991891,8112.7029905690115,5396.187743115914
forecast_5449,2025-08-16 01:00:00,10792.525241850883,10993.024101748992,7537.248463949759
forecast_5450,2025-08-16 02:00:00,10755.258348188896,11493.865408327803,7751.339434138691
forecast_5451,2025-08-16 03:00:00,10718.13177058683,11824.886296685449,7717.681650231688
forecast_5452,2025-08-16 04:00:00,12013.935127751141,12523.389295696834,7591.068301402311
forecast_5453,2025-08-16 05:00:00,12034.97735064277,12600.175304881557,7879.993078634176
forecast_5454,2025-08-16 06:00:00,10437.786546255475,11230.9884277572,8145.1760582599145
forecast_5455,2025-08-16 07:00:00,9350.238620412458,10131.735822707782,7568.97448710122
forecast_5456,2025-08-16 08:00:00,7796.733209170227,8121.811588380543,6361.767857827905
forecast_5457,2025-08-16 09:00:00,7554.701611027962,7481.8762683413015,5334.5011302863
forecast_5458,2025-08-16 10:00:00,6371.401708446389,6366.634286752011,4287.350632847341
forecast_5459,2025-08-16 11:00:00,5074.307373669025,4787.788373992851,3848.2057490662064
forecast_5460,2025-08-16 12:00:00,4215.086883815085,4087.2405706523514,3861.78368172368
forecast_5461,2025-08-16 13:00:00,3900.6016881932333,3895.860012441149,4355.789121199103
forecast_5462,2025-08-16 14:00:00,6115.719913095291,5637.505212113224,5395.464914175279
forecast_5463,2025-08-16 15:00:00,7609.790699026756,7587.133519355163,6159.322384172273
forecast_5464,2025-08-16 16:00:00,8398.19206305721,8400.710029887101,6458.9680238800465
forecast_5465,2025-08-16 17:00:00,9870.909581953363,9132.592925614092,6669.785416535616
forecast_5466,2025-08-16 18:00:00,10376.388780701458,11493.689153491197,7840.289208606194
forecast_5467,2025-08-16 19:00:00,12395.240175566783,14133.812910333985,9102.349560934923
forecast_5468,2025-08-16 20:00:00,13824.91285413421,15814.839951478783,10833.106547456442
forecast_5469,2025-08-16 21:00:00,16162.86876788742,17032.391308814476,13021.229131633767
forecast_5470,2025-08-16 22:00:00,15731.2180719951,17472.855814807357,15156.701702403707
forecast_5471,2025-08-16 23:00:00,16787.294625360268,17922.227743703486,16207.08253258058
forecast_5472,2025-08-17 00:00:00,18572.282926972835,17615.939323845792,15984.19032918853
forecast_5473,2025-08-17 01:00:00,17589.30418681891,18233.266408216838,17663.954270330265
forecast_5474,2025-08-17 02:00:00,17493.23768649563,18148.918672175158,17561.076677617504
forecast_5475,2025-08-17 03:00:00,17212.505798353955,18046.365125228367,17485.24651538349
forecast_5476,2025-08-17 04:00:00,17442.01505481698,18286.482126416344,17533.567726811412
forecast_5477,2025-08-17 05:00:00,17771.4987159316,18250.062064589853,16797.708996850142
forecast_5478,2025-08-17 06:00:00,16836.4039368781,17841.083753771447,15848.44034296998
forecast_5479,2025-08-17 07:00:00,16057.630043301706,16523.076245619613,14952.120121075377
forecast_5480,2025-08-17 08:00:00,14785.023785064412,15611.034361329608,14190.4058574659
forecast_5481,2025-08-17 09:00:00,13639.119076202835,14785.80069053433,12658.208287813353
forecast_5482,2025-08-17 10:00:00,12182.754127275277,14164.106151209848,10292.212842370707
forecast_5483,2025-08-17 11:00:00,10764.509360062752,12387.981415539038,7289.325866224268
forecast_5484,2025-08-17 12:00:00,8101.126550052368,8303.963144785896,5892.262579000063
forecast_5485,2025-08-17 13:00:00,6193.470738451196,6291.120370493055,4849.686750990705
forecast_5486,2025-08-17 14:00:00,5502.993551085968,5541.952117374716,4304.714148079455
forecast_5487,2025-08-17 15:00:00,5068.792977142987,5058.891141973527,3962.852806295179
forecast_5488,2025-08-17 16:00:00,5378.0264962507035,5342.468950402706,4000.2683623142934
forecast_5489,2025-08-17 17:00:00,5449.840145001788,5286.626563061463,3855.6648610802386
forecast_5490,2025-08-17 18:00:00,6203.9141170287785,5868.5585098917645,4001.345119783192
forecast_5491,2025-08-17 19:00:00,6195.513338520229,6226.503421486182,4032.2321254521307
forecast_5492,2025-08-17 20:00:00,6933.346451734344,6843.551985393806,4554.867637205588
forecast_5493,2025-08-17 21:00:00,6992.827351644796,7351.585656563403,4497.858452083546
forecast_5494,2025-08-17 22:00:00,8192.22634429615,8724.449767511156,4586.544768626724
forecast_5495,2025-08-17 23:00:00,9696.057091051503,9489.923251953578,4952.175317055031
forecast_5496,2025-08-18 00:00:00,10173.06954274698,9823.206766795693,5359.336384313721
forecast_5497,2025-08-18 01:00:00,11179.052655354959,11089.213778443747,6074.430614579828
forecast_5498,2025-08-18 02:00:00,11013.285143278936,11194.143891495343,6174.959707948414
forecast_5499,2025-08-18 03:00:00,11036.431806552766,11128.695927494902,6241.593756381522
forecast_5500,2025-08-18 04:00:00,11119.141669404786,11717.399684341151,6527.499797146983
forecast_5501,2025-08-18 05:00:00,11086.50127263423,11382.436606287887,6659.018503292462
forecast_5502,2025-08-18 06:00:00,10808.150693376554,10965.001156736786,6657.996368877831
forecast_5503,2025-08-18 07:00:00,11136.724942871388,11445.015023530814,7110.8702101995605
forecast_5504,2025-08-18 08:00:00,11114.45970959887,11325.174757964955,7031.00310563021
forecast_5505,2025-08-18 09:00:00,10514.765298959159,10916.09668204276,7223.9240152126085
forecast_5506,2025-08-18 10:00:00,9532.422197443662,9679.53630684752,6575.899717066054
forecast_5507,2025-08-18 11:00:00,8404.356891805119,8852.569604535052,6987.713476736071
forecast_5508,2025-08-18 12:00:00,7108.254335820092,7302.781621283598,5237.541093021113
forecast_5509,2025-08-18 13:00:00,5750.804170436157,5620.173300550554,4882.840140184114
forecast_5510,2025-08-18 14:00:00,5568.284252893746,5497.882407190062,4524.694833823105
forecast_5511,2025-08-18 15:00:00,5210.265840490217,4994.018871836589,4471.506626347798
forecast_5512,2025-08-18 16:00:00,5593.864868203744,5924.967248846448,4247.67421999115
forecast_5513,2025-08-18 17:00:00,8317.756946982712,8538.690597476261,4397.326042703825
forecast_5514,2025-08-18 18:00:00,9238.05250269466,10610.12654130952,4843.394648614269
forecast_5515,2025-08-18 19:00:00,9622.716584883858,12481.356957913296,5956.708626609013
forecast_5516,2025-08-18 20:00:00,12989.585940535437,14670.296252454793,7567.767345367126
forecast_5517,2025-08-18 21:00:00,14366.442325180682,15935.64972328549,10681.199086454038
forecast_5518,2025-08-18 22:00:00,15575.421097456563,16953.978821440727,13309.349494598655
forecast_5519,2025-08-18 23:00:00,15719.277075821477,17239.87428667412,15451.892130952187
forecast_5520,2025-08-19 00:00:00,15707.06834872837,17822.98848968391,15776.942706540438
forecast_5521,2025-08-19 01:00:00,16671.77245561981,18270.324969193756,16622.059164849245
forecast_5522,2025-08-19 02:00:00,16846.093125899635,18595.837365847885,16830.991003610423
forecast_5523,2025-08-19 03:00:00,16577.37039159839,18473.699576519048,16280.113254262606
forecast_5524,2025-08-19 04:00:00,16603.234972010912,18468.11007214563,16382.19188130773
forecast_5525,2025-08-19 05:00:00,16739.67029095653,18169.40875322937,16170.065778688226
forecast_5526,2025-08-19 06:00:00,16716.80172473784,18052.279688872095,16212.712988952992
forecast_5527,2025-08-19 07:00:00,16578.111146425228,17699.614207004957,16259.363525909605
forecast_5528,2025-08-19 08:00:00,15871.97830497121,17027.999480397102,16348.947663629173
forecast_5529,2025-08-19 09:00:00,15344.534517963968,16720.48278618449,16054.097760367853
forecast_5530,2025-08-19 10:00:00,14750.17530324068,15097.594212282826,14449.35619492724
forecast_5531,2025-08-19 11:00:00,11586.917210138326,13293.980030559895,12567.167364669453
forecast_5532,2025-08-19 12:00:00,10889.979824770804,11836.357023316523,10893.126637591686
forecast_5533,2025-08-19 13:00:00,10207.81730302534,10672.791462226473,9731.405890736865
forecast_5534,2025-08-19 14:00:00,9748.366234558664,10143.113150243553,9159.021917763463
forecast_5535,2025-08-19 15:00:00,9347.963621785637,9674.408590087189,9696.800270689042
forecast_5536,2025-08-19 16:00:00,9170.88564364991,9159.307556444759,9537.813406204801
forecast_5537,2025-08-19 17:00:00,9034.49140408801,9654.268109174138,9953.440048631224
forecast_5538,2025-08-19 18:00:00,10111.66827709157,9872.185294956073,10044.414577160109
forecast_5539,2025-08-19 19:00:00,11181.950391970166,12056.180767074171,11061.134290778353
forecast_5540,2025-08-19 20:00:00,13068.465946058532,13740.64010330871,12560.60837044004
forecast_5541,2025-08-19 21:00:00,13917.725415251776,15954.857677886746,14313.726048764807
forecast_5542,2025-08-19 22:00:00,14991.902902326958,17176.062361251308,15556.060653770464
forecast_5543,2025-08-19 23:00:00,15238.91635674123,18023.842163597285,16999.110098871948
forecast_5544,2025-08-20 00:00:00,15761.050685993969,18092.97898452379,17820.565484806022
forecast_5545,2025-08-20 01:00:00,15495.397571199557,18009.145604245427,17640.899735946045
forecast_5546,2025-08-20 02:00:00,15861.678018423523,18130.13955541267,17893.035390783272
forecast_5547,2025-08-20 03:00:00,16338.77380026169,18311.458853982665,18147.97497649725
forecast_5548,2025-08-20 04:00:00,16546.71803452229,18427.253911080734,18125.507629710595
forecast_5549,2025-08-20 05:00:00,16433.99581159985,18249.205124293265,17977.950598684587
forecast_5550,2025-08-20 06:00:00,15619.972411256394,17127.041073083376,16473.698799257854
forecast_5551,2025-08-20 07:00:00,14429.248690481078,15347.882812454185,15318.726312686484
forecast_5552,2025-08-20 08:00:00,13008.942249310168,13526.988759045642,13480.34128248877
forecast_5553,2025-08-20 09:00:00,10493.352706141404,11733.977019990498,10749.903859359245
forecast_5554,2025-08-20 10:00:00,9131.317097793559,9411.316972719786,7339.417090840009
forecast_5555,2025-08-20 11:00:00,7436.907246596084,8672.15270138355,5780.172100578391
forecast_5556,2025-08-20 12:00:00,7592.046514174626,8304.924418976567,4344.289168191751
forecast_5557,2025-08-20 13:00:00,5306.481900246502,6703.600710766258,3739.6507585386344
forecast_5558,2025-08-20 14:00:00,4442.005714770134,4529.634908831119,3683.35199079307
forecast_5559,2025-08-20 15:00:00,5099.033441726532,6292.691517462004,3919.814744752066
forecast_5560,2025-08-20 16:00:00,6863.604547113067,6884.416441638459,3753.5481712800624
forecast_5561,2025-08-20 17:00:00,4284.004577243997,4478.640627779354,3695.8894591624107
forecast_5562,2025-08-20 18:00:00,5033.037031410814,5096.579544191498,3880.39039552023
forecast_5563,2025-08-20 19:00:00,5585.916801345581,5609.331270097278,4234.171150987026
forecast_5564,2025-08-20 20:00:00,5964.179592041919,6361.547568629879,4868.1401007361965
forecast_5565,2025-08-20 21:00:00,6994.74016758204,7528.233540891112,5491.3461082873455
forecast_5566,2025-08-20 22:00:00,9423.120631784219,9690.032128186012,7043.998995208791
forecast_5567,2025-08-20 23:00:00,11847.572416555406,12356.265089988505,9644.674194022316
forecast_5568,2025-08-21 00:00:00,12978.30089764981,13201.476458108447,11350.161000372324
forecast_5569,2025-08-21 01:00:00,14597.2310288832,14884.52009703997,10327.918348391171
forecast_5570,2025-08-21 02:00:00,14915.04185954503,15098.384489638402,12253.279696573627
forecast_5571,2025-08-21 03:00:00,15370.109120190313,15070.60571037475,13185.280384549911
forecast_5572,2025-08-21 04:00:00,13932.280005552953,14010.039888114017,11802.26139377637
forecast_5573,2025-08-21 05:00:00,13059.225702106321,12772.036873768895,9889.655002034855
forecast_5574,2025-08-21 06:00:00,11461.079093743692,11965.900755697276,7466.9519378600435
forecast_5575,2025-08-21 07:00:00,9276.46999076722,9270.220599880086,5212.966633208847
forecast_5576,2025-08-21 08:00:00,6453.650586057067,6340.824448500653,4310.150332747036
forecast_5577,2025-08-21 09:00:00,4647.941716440075,4575.998572056281,3590.8504545467263
forecast_5578,2025-08-21 10:00:00,3779.8346520125356,3877.4475966767004,3260.6498017670647
forecast_5579,2025-08-21 11:00:00,4282.538114777408,3820.80855378981,3306.290834528364
forecast_5580,2025-08-21 12:00:00,5126.373603480325,4422.707661803335,3028.883780944446
forecast_5581,2025-08-21 13:00:00,4256.910382684108,3245.8294823476563,3008.334162102768
forecast_5582,2025-08-21 14:00:00,6430.827851781822,4188.753779823859,934.0768474563192
forecast_5583,2025-08-21 15:00:00,6131.61170079633,4193.12337246286,2141.5158840150825
forecast_5584,2025-08-21 16:00:00,3371.7007252725725,3307.2611776783224,2821.1415433362927
forecast_5585,2025-08-21 17:00:00,2478.598283858374,2681.344012081254,132.72582879041266
forecast_5586,2025-08-21 18:00:00,3514.450185652028,4186.084998624788,1216.1686372814243
forecast_5587,2025-08-21 19:00:00,5537.325550408653,5795.19319976161,3498.1398883817237
forecast_5588,2025-08-21 20:00:00,4011.526674422167,3871.096558721547,3380.753517346549
forecast_5589,2025-08-21 21:00:00,3817.659015216424,3334.3556036322466,3751.7877592271593
forecast_5590,2025-08-21 22:00:00,3749.5143091629748,3570.31820354434,3397.2905034293885
forecast_5591,2025-08-21 23:00:00,3792.006761225157,3633.9681649796416,3236.8433416811476
forecast_5592,2025-08-22 00:00:00,3957.509771328972,3815.531734291639,3126.1366146485757
forecast_5593,2025-08-22 01:00:00,4340.388594525178,3934.5955311952744,3725.0497555238576
forecast_5594,2025-08-22 02:00:00,3958.7905230074607,3855.0509185069063,3520.563946200724
forecast_5595,2025-08-22 03:00:00,4871.620179608099,4639.267905847062,3722.59461355926
forecast_5596,2025-08-22 04:00:00,5487.575384541008,5446.767529052099,3894.2202927664507
forecast_5597,2025-08-22 05:00:00,7370.079457156565,7411.349796249555,4943.125328923663
forecast_5598,2025-08-22 06:00:00,9446.637457632762,9483.376809001064,6400.114888377441
forecast_5599,2025-08-22 07:00:00,9425.897895044338,9719.632702248213,6559.890900008288
forecast_5600,2025-08-22 08:00:00,7985.238561923753,7802.993915279866,5566.855495128195
forecast_5601,2025-08-22 09:00:00,5859.408692379613,5724.774603421733,4134.732493298911
forecast_5602,2025-08-22 10:00:00,3945.262018111181,3883.0407211430006,3724.7139198067143
forecast_5603,2025-08-22 11:00:00,3759.237959892477,3643.731503436715,3303.4318923942033
forecast_5604,2025-08-22 12:00:00,3549.3305925956865,3450.558114329608,3322.649568046621
forecast_5605,2025-08-22 13:00:00,3376.3551558926274,3450.9272884097873,3342.518896889112
forecast_5606,2025-08-22 14:00:00,3373.520289882225,3382.2196254235555,3403.8577602787877
forecast_5607,2025-08-22 15:00:00,3776.0591854942536,3576.453493997778,3333.6169172864297
forecast_5608,2025-08-22 16:00:00,3937.380596137096,3856.217658051926,3464.3995830839704
forecast_5609,2025-08-22 17:00:00,4226.782004647797,3994.3095240641724,3803.995124314199
forecast_5610,2025-08-22 18:00:00,5222.222781381706,4994.16840309691,4330.216287480773
forecast_5611,2025-08-22 19:00:00,8076.994422037193,8343.291473373338,5955.99022482583
forecast_5612,2025-08-22 20:00:00,12481.023715816535,11939.199978363593,8552.177402181576
forecast_5613,2025-08-22 21:00:00,15190.941216150115,15116.22449771558,10827.701316354796
forecast_5614,2025-08-22 22:00:00,16211.061929425801,16076.288904298748,12023.07104527761
forecast_5615,2025-08-22 23:00:00,17030.458693513563,16862.961549291515,13898.31714182747
forecast_5616,2025-08-23 00:00:00,17575.95386632484,17406.661320718948,15228.565329325082
forecast_5617,2025-08-23 01:00:00,16790.732116013463,16771.055198883885,13849.678175813046
forecast_5618,2025-08-23 02:00:00,16687.77432520418,16362.534305792507,13423.765735834748
forecast_5619,2025-08-23 03:00:00,16594.696947775312,15807.888373305957,12451.647551553282
forecast_5620,2025-08-23 04:00:00,15449.5897116494,15028.013986053284,11457.441603831247
forecast_5621,2025-08-23 05:00:00,13911.80458470972,13681.454264559508,9940.941971171818
forecast_5622,2025-08-23 06:00:00,13007.923602955456,12897.195311004016,8030.341253125617
forecast_5623,2025-08-23 07:00:00,9760.150056706732,9082.822230196383,6545.51535669255
forecast_5624,2025-08-23 08:00:00,5737.63657745103,5620.858654187742,4330.114436130465
forecast_5625,2025-08-23 09:00:00,3738.9940483819796,3666.5330723495017,3130.6656702591677
forecast_5626,2025-08-23 10:00:00,3528.727303089568,3656.937251289686,3091.912868777109
forecast_5627,2025-08-23 11:00:00,3920.4261664600895,3998.674825485994,2157.748761459028
forecast_5628,2025-08-23 12:00:00,3121.767180036828,2539.9889874026585,954.4486774619998
forecast_5629,2025-08-23 13:00:00,2975.723647010292,1537.1827117836754,873.7710690327635
forecast_5630,2025-08-23 14:00:00,3001.628531563513,3581.530425928489,787.2921719552263
forecast_5631,2025-08-23 15:00:00,1923.7559804829766,2629.610619838342,130.95298561358405
forecast_5632,2025-08-23 16:00:00,1967.2873603469113,241.51394881542606,149.45290840480286
forecast_5633,2025-08-23 17:00:00,3061.11682703041,3420.3375078071726,203.65832870388837
forecast_5634,2025-08-23 18:00:00,3557.9374637235915,3998.874296371544,2513.5552506859904
forecast_5635,2025-08-23 19:00:00,3948.483959784005,4520.607130736142,3940.4788249578496
forecast_5636,2025-08-23 20:00:00,3282.939330039713,3422.085522866182,3633.3593041833215
forecast_5637,2025-08-23 21:00:00,3625.412228641346,3535.506902311364,3393.0409863128257
forecast_5638,2025-08-23 22:00:00,3685.3233860843,3428.2761185157474,3285.2079944822094
forecast_5639,2025-08-23 23:00:00,3708.4279651169295,3640.8767019603297,3407.5572136707497
forecast_5640,2025-08-24 00:00:00,3819.623624988098,3601.2166178932866,3345.7322216705375
forecast_5641,2025-08-24 01:00:00,3686.8114538341,3815.7648552486644,3565.609431419633
forecast_5642,2025-08-24 02:00:00,3741.945254871518,3764.1101852351776,3459.896156670629
forecast_5643,2025-08-24 03:00:00,3789.563427557855,3804.6954744191817,3435.921016033763
forecast_5644,2025-08-24 04:00:00,3824.0777274186507,3835.926401109381,3190.490481931842
forecast_5645,2025-08-24 05:00:00,3433.767735780431,3620.373745384289,2742.6048985065104
forecast_5646,2025-08-24 06:00:00,2712.001099230026,3223.3660669326355,3121.3358776274667
forecast_5647,2025-08-24 07:00:00,3414.317820887494,4221.931141019119,799.6678706132806
forecast_5648,2025-08-24 08:00:00,3272.5934251067956,3729.595916870102,52.93039766858143
forecast_5649,2025-08-24 09:00:00,3811.1836510946036,3921.8127254212677,46.9809642189749
forecast_5650,2025-08-24 10:00:00,3774.32749323667,3777.6821628302546,47.8886461234077
forecast_5651,2025-08-24 11:00:00,3981.5518815927944,3713.586516866551,3203.0560655175086
forecast_5652,2025-08-24 12:00:00,3866.033242937056,3293.431911991535,3116.514317701325
forecast_5653,2025-08-24 13:00:00,4157.567915490555,3457.506889905791,2766.3152034560703
forecast_5654,2025-08-24 14:00:00,3509.0989178539835,3377.0428528879593,2984.452651979246
forecast_5655,2025-08-24 15:00:00,2990.915114115621,3078.727105000053,2812.569369560008
forecast_5656,2025-08-24 16:00:00,3824.7129337777938,3748.1674493545393,3209.1519369199987
forecast_5657,2025-08-24 17:00:00,3808.5514115470373,3697.6372049232596,3695.362388859117
forecast_5658,2025-08-24 18:00:00,3953.720614631084,4233.993345543193,3488.2867005084195
forecast_5659,2025-08-24 19:00:00,3859.3455590770327,3781.8216818512115,3595.0524918991096
forecast_5660,2025-08-24 20:00:00,4016.7468317033067,3669.944541975754,3458.710532389453
forecast_5661,2025-08-24 21:00:00,3758.090703558667,3921.8255963490174,3451.623338060858
forecast_5662,2025-08-24 22:00:00,3821.537353841754,3583.526728349431,3256.8246586607597
forecast_5663,2025-08-24 23:00:00,3839.8866787112956,3814.6023150799897,3080.414785906948
forecast_5664,2025-08-25 00:00:00,3657.1270115929437,3696.5718194719893,3078.0137778485446
forecast_5665,2025-08-25 01:00:00,3905.8672497137372,3843.520297510796,3514.786448728367
forecast_5666,2025-08-25 02:00:00,3736.1487810608905,3681.574431517858,3747.6497940805157
forecast_5667,2025-08-25 03:00:00,3733.457471263581,3604.887508446668,3622.0832513417467
forecast_5668,2025-08-25 04:00:00,3745.2335656238197,3693.8210021471473,3401.5882457580738
forecast_5669,2025-08-25 05:00:00,4118.700558924239,4044.3012149860037,3359.439217611859
forecast_5670,2025-08-25 06:00:00,3895.0043321177027,4014.229781935169,3554.159805629422
forecast_5671,2025-08-25 07:00:00,3819.472584676095,3790.534368171739,3632.250317853092
forecast_5672,2025-08-25 08:00:00,4025.317048989556,4085.903006524919,3428.957223541349
forecast_5673,2025-08-25 09:00:00,3653.279465748574,3640.673333457979,3345.2516166127016
forecast_5674,2025-08-25 10:00:00,3830.540514227339,3433.0180119738575,3079.170585410715
forecast_5675,2025-08-25 11:00:00,3639.7309076751835,3228.682935876309,3703.5467661074695
forecast_5676,2025-08-25 12:00:00,3582.9239269141385,3318.2049140463923,3124.1988096590294
forecast_5677,2025-08-25 13:00:00,3297.0016492473687,3088.0176674169998,2845.5920296687723
forecast_5678,2025-08-25 14:00:00,3324.5502911155445,3314.8695423208255,3078.0254963158272
forecast_5679,2025-08-25 15:00:00,3127.866347190073,3342.695594675101,3163.1933865548012
forecast_5680,2025-08-25 16:00:00,3543.78509506922,3479.9918636509296,3376.2560205631335
forecast_5681,2025-08-25 17:00:00,3683.265252316969,3753.7055781516756,3642.4518707229995
forecast_5682,2025-08-25 18:00:00,4823.394911136202,5179.656911764576,4044.132428836455
forecast_5683,2025-08-25 19:00:00,7370.994554693079,8394.116497890895,5700.309477070346
forecast_5684,2025-08-25 20:00:00,10692.868126369309,10785.929876592521,8029.387120629894
forecast_5685,2025-08-25 21:00:00,10825.63419614032,11615.72824755906,8980.09248845218
forecast_5686,2025-08-25 22:00:00,10282.084349087107,11517.70432523922,9298.982402678086
forecast_5687,2025-08-25 23:00:00,11214.108180901863,12368.09282765913,11049.397796953983
forecast_5688,2025-08-26 00:00:00,11864.491885215763,13468.383741684363,11697.489444257773
forecast_5689,2025-08-26 01:00:00,14111.754389107131,16752.110327882994,14617.15527376079
forecast_5690,2025-08-26 02:00:00,14225.825627574708,17477.691205456802,15056.450386989136
forecast_5691,2025-08-26 03:00:00,14888.579609582765,17729.561354949416,15313.07055889041
forecast_5692,2025-08-26 04:00:00,14678.083177656601,17581.57531544037,15730.073810561411
forecast_5693,2025-08-26 05:00:00,14324.134381468919,17535.744221465295,16293.09378687627
forecast_5694,2025-08-26 06:00:00,14368.626953069306,17539.77316364179,16132.016310374423
forecast_5695,2025-08-26 07:00:00,14294.647996945381,17404.6594587338,15568.143619088893
forecast_5696,2025-08-26 08:00:00,13777.59574325807,16888.87001422653,15289.492170230964
forecast_5697,2025-08-26 09:00:00,13140.057570607525,16246.014806818102,14641.227031375309
forecast_5698,2025-08-26 10:00:00,14007.442262517603,16515.162716966446,14399.821790387645
forecast_5699,2025-08-26 11:00:00,13801.590045328254,16029.943273367824,14171.168890121719
forecast_5700,2025-08-26 12:00:00,13042.665955939949,15478.493150750384,14647.782266491946
forecast_5701,2025-08-26 13:00:00,14063.216557353433,16337.959743030924,15127.248997371762
forecast_5702,2025-08-26 14:00:00,14423.743020288402,16545.410195992936,14747.519661679757
forecast_5703,2025-08-26 15:00:00,13898.675751018094,15597.815127150474,14462.981667300079
forecast_5704,2025-08-26 16:00:00,13288.891523304566,14854.299568426079,11865.958116675087
forecast_5705,2025-08-26 17:00:00,12818.49343222835,14221.621154725795,10998.351398264165
forecast_5706,2025-08-26 18:00:00,11860.588065216742,13281.028168503388,9962.968561367057
forecast_5707,2025-08-26 19:00:00,12209.156035102887,13328.564594477464,9806.638362695685
forecast_5708,2025-08-26 20:00:00,13244.649465863418,14199.111923490947,8977.28817034317
forecast_5709,2025-08-26 21:00:00,14496.090525165064,14677.590573998237,9595.869614887146
forecast_5710,2025-08-26 22:00:00,14069.804149740325,14417.03098830466,10757.521715164174
forecast_5711,2025-08-26 23:00:00,14027.494714307271,14710.32875583349,10857.03926052476
forecast_5712,2025-08-27 00:00:00,13780.070747975811,13910.985858190841,10126.195135225315
forecast_5713,2025-08-27 01:00:00,12196.254074348273,12935.596339512242,7848.31009357033
forecast_5714,2025-08-27 02:00:00,11374.303125145556,11732.883516746037,7288.155553129579
forecast_5715,2025-08-27 03:00:00,8159.207385223973,8357.75194800929,4993.947574523136
forecast_5716,2025-08-27 04:00:00,5199.156173030896,4731.660353655046,3760.2954720344974
forecast_5717,2025-08-27 05:00:00,3769.8530932962235,3621.1161525865878,3260.8963832289896
forecast_5718,2025-08-27 06:00:00,3334.04541490724,3470.0312254969226,3014.7790326540053
forecast_5719,2025-08-27 07:00:00,3579.9118377572627,3078.922989173848,2523.754916994029
forecast_5720,2025-08-27 08:00:00,3542.8938622948644,3143.3390269491088,3095.34569443304
forecast_5721,2025-08-27 09:00:00,1973.6189648340214,2395.369179485469,32.42100601613426
forecast_5722,2025-08-27 10:00:00,3829.2666893607106,3193.900827077064,27.543217284529323
forecast_5723,2025-08-27 11:00:00,3127.384932911789,2216.9060151846206,45.863368511337185
forecast_5724,2025-08-27 12:00:00,83.54053615151086,92.83966238332103,102.85782105147452
forecast_5725,2025-08-27 13:00:00,3026.056188999413,3166.3472084395817,1753.3528016514917
forecast_5726,2025-08-27 14:00:00,2295.4921399097266,2951.1348635355953,2330.4373119319002
forecast_5727,2025-08-27 15:00:00,1419.665732403555,2501.530844997226,2420.6401093274444
forecast_5728,2025-08-27 16:00:00,3633.316929379266,3947.6904218522527,2749.608093670555
forecast_5729,2025-08-27 17:00:00,3304.4030301780854,4466.825801434426,2749.8047520435434
forecast_5730,2025-08-27 18:00:00,4585.436130568904,4130.840727162421,1931.3371713043628
forecast_5731,2025-08-27 19:00:00,3870.0430903920633,4095.5407604692127,283.0543414843505
forecast_5732,2025-08-27 20:00:00,3143.8833942822007,3788.3085995909705,300.8612819563123
forecast_5733,2025-08-27 21:00:00,3245.049110711098,3224.3742310992507,280.29039750408776
forecast_5734,2025-08-27 22:00:00,3343.7170090501404,3413.6832749437162,240.00682549786245
forecast_5735,2025-08-27 23:00:00,3325.3262888127056,3337.337228581696,1909.9478074745873
forecast_5736,2025-08-28 00:00:00,3302.814634949809,3368.0679096128256,1861.791626001005
forecast_5737,2025-08-28 01:00:00,3531.0971285554474,3570.613103740797,2399.291327615147
forecast_5738,2025-08-28 02:00:00,3527.3994039151166,3432.8183208683836,2748.9460306585434
forecast_5739,2025-08-28 03:00:00,3875.7114645706024,3562.9925303831133,3144.4908473974847
forecast_5740,2025-08-28 04:00:00,3992.0059812425075,3816.7660388049185,3632.122870405758
forecast_5741,2025-08-28 05:00:00,4317.471036066726,4128.379158039713,3449.2007351661878
forecast_5742,2025-08-28 06:00:00,4527.454854360632,4243.388118437796,3209.0621016170926
forecast_5743,2025-08-28 07:00:00,3945.2081597853085,3769.731418718432,2870.9377601047454
forecast_5744,2025-08-28 08:00:00,3905.488190394526,3881.6312572248635,3026.4462263476394
forecast_5745,2025-08-28 09:00:00,3773.472889263469,3658.3736574116288,3009.0788686541387
forecast_5746,2025-08-28 10:00:00,3277.2091280217624,3439.7474554744795,3262.1272074445023
forecast_5747,2025-08-28 11:00:00,3098.0434087899994,3106.9861498156183,2843.8433965533823
forecast_5748,2025-08-28 12:00:00,3461.160791853938,3416.8544625998475,3138.550711518003
forecast_5749,2025-08-28 13:00:00,3309.3043378141465,3685.8519479786833,3239.0101069098173
forecast_5750,2025-08-28 14:00:00,3653.275842437678,3566.731710366746,3186.342422555023
forecast_5751,2025-08-28 15:00:00,3756.2940102461394,3701.8170840065654,3362.237902045011
forecast_5752,2025-08-28 16:00:00,3812.241961505102,3822.703851965748,3701.5494149583155
forecast_5753,2025-08-28 17:00:00,3875.177726355582,4030.2298509416437,3707.7930524806457
forecast_5754,2025-08-28 18:00:00,4175.00452936156,4400.429951972908,3759.3012065292405
forecast_5755,2025-08-28 19:00:00,5658.850803387871,5873.663788952389,4185.703520362108
forecast_5756,2025-08-28 20:00:00,7638.274659793879,8052.244001121485,5723.676898942065
forecast_5757,2025-08-28 21:00:00,9496.778218144476,10410.180854167918,7190.7097524103165
forecast_5758,2025-08-28 22:00:00,10982.027579787602,12382.860819370451,9021.108081827768
forecast_5759,2025-08-28 23:00:00,12606.121731009634,14291.335485060745,10823.284621685982
forecast_5760,2025-08-29 00:00:00,13440.117574578553,15634.818755451777,12752.82052740357
forecast_5761,2025-08-29 01:00:00,17316.025068350737,18660.394511432114,17011.324602463897
forecast_5762,2025-08-29 02:00:00,16373.944384856879,18409.295888258777,17216.09565260392
forecast_5763,2025-08-29 03:00:00,16187.758824172766,18411.70978147264,17652.51799139464
forecast_5764,2025-08-29 04:00:00,16353.935192804554,18482.86529343304,17774.872027177313
forecast_5765,2025-08-29 05:00:00,16735.44436276891,18535.536353611504,18020.0600575494
forecast_5766,2025-08-29 06:00:00,16904.067718201444,18603.9549242676,17847.141062414867
forecast_5767,2025-08-29 07:00:00,17007.408379344743,18703.678717225317,17987.221824651
forecast_5768,2025-08-29 08:00:00,16518.139659970173,18516.828891665537,18059.324802042825
forecast_5769,2025-08-29 09:00:00,15871.194776233357,17986.776091113723,17743.957926661573
forecast_5770,2025-08-29 10:00:00,15631.593902269979,17201.24444260033,17075.460104960068
forecast_5771,2025-08-29 11:00:00,14707.031444587781,16065.637633453709,15948.055927579571
forecast_5772,2025-08-29 12:00:00,14062.022320426315,15212.473479033371,14708.736160613193
forecast_5773,2025-08-29 13:00:00,13242.291778925692,14448.33801592996,13189.166720759556
forecast_5774,2025-08-29 14:00:00,12059.627722222143,13208.608384026395,12440.180956843938
forecast_5775,2025-08-29 15:00:00,11501.128822859057,12786.386867533189,11402.32998130167
forecast_5776,2025-08-29 16:00:00,11014.863466622231,11730.000964596482,11251.89621165881
forecast_5777,2025-08-29 17:00:00,10284.797124491657,10418.368665433069,10579.043197721825
forecast_5778,2025-08-29 18:00:00,10136.041070738229,10488.323588786396,10735.919558217678
forecast_5779,2025-08-29 19:00:00,11404.385344645973,11833.391218013037,11412.621291099991
forecast_5780,2025-08-29 20:00:00,13483.835768986171,14823.31711688021,12043.603370768451
forecast_5781,2025-08-29 21:00:00,15292.854992467319,16253.557763959445,13687.810018938939
forecast_5782,2025-08-29 22:00:00,16862.616039174718,17482.935926713824,16153.631963644135
forecast_5783,2025-08-29 23:00:00,17255.93098905067,17775.131157682114,17139.17727265419
forecast_5784,2025-08-30 00:00:00,17281.194571825185,17779.62299964719,17084.67150834891
forecast_5785,2025-08-30 01:00:00,15153.639680793496,16013.484023430456,14377.91131105452
forecast_5786,2025-08-30 02:00:00,16133.362267485772,16561.997325062992,13783.214258883496
forecast_5787,2025-08-30 03:00:00,15612.119969892423,16180.298165940003,13824.854301166213
forecast_5788,2025-08-30 04:00:00,14667.735670199874,15229.795671385624,11923.200873099935
forecast_5789,2025-08-30 05:00:00,13584.963660033052,13934.197458328821,9772.292548073787
forecast_5790,2025-08-30 06:00:00,11811.20256215746,12199.110048571247,7395.597773124836
forecast_5791,2025-08-30 07:00:00,10646.352604482294,10753.701009549664,6588.2250328141445
forecast_5792,2025-08-30 08:00:00,8233.377329060238,8295.136708866923,5019.9533945825
forecast_5793,2025-08-30 09:00:00,5840.584488537159,5852.092762150569,3959.1311387995293
forecast_5794,2025-08-30 10:00:00,3892.983324055437,3774.8261369386814,3567.763776149105
forecast_5795,2025-08-30 11:00:00,3842.645301095236,3638.869935465788,3291.5883100980254
forecast_5796,2025-08-30 12:00:00,3616.722665571307,3428.1103785879905,3245.184124770749
forecast_5797,2025-08-30 13:00:00,3255.1247282643103,3234.079134947742,3267.568646772039
forecast_5798,2025-08-30 14:00:00,3623.716594883183,2982.4144615784667,3231.517192033985
forecast_5799,2025-08-30 15:00:00,3820.213904771079,3433.125028046012,3306.771798091211
forecast_5800,2025-08-30 16:00:00,3643.332004180525,3552.689311684153,3309.3740635134996
forecast_5801,2025-08-30 17:00:00,3729.5966805827975,3631.53889374029,3611.5230032474888
forecast_5802,2025-08-30 18:00:00,3605.3690956513956,3536.469387041075,3643.808987218336
forecast_5803,2025-08-30 19:00:00,3878.1599482473507,3734.7319889081036,3404.3484331846616
forecast_5804,2025-08-30 20:00:00,4201.259990404762,4036.384848184148,3695.8214289663874
forecast_5805,2025-08-30 21:00:00,5270.9069032863745,4982.723903024255,3756.5017293126466
forecast_5806,2025-08-30 22:00:00,5515.387700156168,5422.136144287823,3762.675952991789
forecast_5807,2025-08-30 23:00:00,5405.894284589547,5077.370133753924,3738.6509116459843
forecast_5808,2025-08-31 00:00:00,4981.954768248341,4710.839270096322,3721.8452364886402
forecast_5809,2025-08-31 01:00:00,5618.262952378359,5811.5725394587225,3815.8412492174557
forecast_5810,2025-08-31 02:00:00,5574.273676223982,6227.137561873969,3856.840178884807
forecast_5811,2025-08-31 03:00:00,5558.40963829569,5886.094715332228,3952.277980546877
forecast_5812,2025-08-31 04:00:00,5082.953168230819,5179.644809041114,3768.343061093352
forecast_5813,2025-08-31 05:00:00,4398.616002625572,4490.291330705357,3347.1254493193887
forecast_5814,2025-08-31 06:00:00,3780.849880617349,3877.8697414496296,3283.9249301872774
forecast_5815,2025-08-31 07:00:00,3831.568986255957,3800.386921264709,3320.235567416572
forecast_5816,2025-08-31 08:00:00,3456.683828593312,3474.6941365391926,3066.556331090032
forecast_5817,2025-08-31 09:00:00,3478.2360958567992,3412.142360493851,2539.214959904214
forecast_5818,2025-08-31 10:00:00,3231.7922478773935,2988.5779157492657,2350.1741699667086
forecast_5819,2025-08-31 11:00:00,3563.95952882742,3470.210049095919,3882.219768757174
forecast_5820,2025-08-31 12:00:00,3529.9551373031527,3259.950934144372,3601.6739534935837
forecast_5821,2025-08-31 13:00:00,2907.0255392477675,3185.993819698079,3064.7661313178623
forecast_5822,2025-08-31 14:00:00,3306.996112172061,3561.25196779773,3473.324274262807
forecast_5823,2025-08-31 15:00:00,3660.286559511203,4177.219834270005,3382.625685639256
forecast_5824,2025-08-31 16:00:00,4116.315470374674,5276.893239715334,3705.395617539458
forecast_5825,2025-08-31 17:00:00,4646.894664993056,5632.0021920848585,3903.8769121932824
forecast_5826,2025-08-31 18:00:00,6076.321602126522,6970.855251562619,4501.48127795343
forecast_5827,2025-08-31 19:00:00,7455.065192336987,8498.004487316564,5223.743289474918
forecast_5828,2025-08-31 20:00:00,8425.16354792526,10725.276805974236,6811.875795513932
forecast_5829,2025-08-31 21:00:00,9533.556430443392,11735.559725079733,7696.6111617030965
forecast_5830,2025-08-31 22:00:00,10304.516278942803,12070.457757452457,8257.27188625482
forecast_5831,2025-08-31 23:00:00,9792.96386834422,11790.02785403919,8170.760521214925
forecast_5832,2025-09-01 00:00:00,9801.99972228482,11537.00663237559,7965.080861431591
forecast_5833,2025-09-01 01:00:00,13767.02370717318,15109.53932761279,9719.364083241735
forecast_5834,2025-09-01 02:00:00,13465.333605960985,14703.717109406929,11073.420591603015
forecast_5835,2025-09-01 03:00:00,12919.407031491146,15043.370675051869,10655.954326226192
forecast_5836,2025-09-01 04:00:00,14258.07278838945,15636.03326428109,11938.084753739446
forecast_5837,2025-09-01 05:00:00,13417.017980395347,15650.076373775273,12526.438052450601
forecast_5838,2025-09-01 06:00:00,12407.5335526856,14931.974813927602,12038.958688659133
forecast_5839,2025-09-01 07:00:00,11180.874749947197,13868.26627978574,10563.18622093226
forecast_5840,2025-09-01 08:00:00,9748.791567577666,12668.93080525578,9733.321440450765
forecast_5841,2025-09-01 09:00:00,8565.837103331018,11064.21190815476,8779.054034349663
forecast_5842,2025-09-01 10:00:00,8349.379843758961,10157.924005277317,8185.894007272111
forecast_5843,2025-09-01 11:00:00,7373.473362599593,8446.890929731384,7055.588676379413
forecast_5844,2025-09-01 12:00:00,6842.58020424568,8040.914470496154,6380.16447151149
forecast_5845,2025-09-01 13:00:00,6916.605040535861,8433.17745556557,5743.345636561034
forecast_5846,2025-09-01 14:00:00,7336.073047808526,8465.524118944812,5878.1442805735605
forecast_5847,2025-09-01 15:00:00,8872.356119699572,9248.387580491128,6886.843231011747
forecast_5848,2025-09-01 16:00:00,8376.887480004494,10154.147019448812,7279.607678504585
forecast_5849,2025-09-01 17:00:00,8684.796709566093,10909.256653137976,7322.125942705796
forecast_5850,2025-09-01 18:00:00,9260.437812368786,10868.942978796933,7862.616000832534
forecast_5851,2025-09-01 19:00:00,9992.47301452235,12058.358567124667,8097.343994767068
forecast_5852,2025-09-01 20:00:00,9888.188962582535,11000.382879029365,8213.325813473102
forecast_5853,2025-09-01 21:00:00,10578.668761671992,11278.293499388094,8208.427593957831
forecast_5854,2025-09-01 22:00:00,11912.362699739606,13114.368907692515,9831.615606566058
forecast_5855,2025-09-01 23:00:00,13736.685789926387,15332.02421966299,11427.077760070355
forecast_5856,2025-09-02 00:00:00,14244.394003898571,16413.049387390925,12090.792281872498
forecast_5857,2025-09-02 01:00:00,10610.014185969927,12748.934157847798,9294.4545159009
forecast_5858,2025-09-02 02:00:00,10605.148187536463,12311.144982126638,9237.571870350477
forecast_5859,2025-09-02 03:00:00,10114.622518198703,11588.020338655,8422.938101199676
forecast_5860,2025-09-02 04:00:00,10167.717515951777,11858.253896674905,7679.154803572239
forecast_5861,2025-09-02 05:00:00,10147.678008587243,11959.306821896502,6939.495519982128
forecast_5862,2025-09-02 06:00:00,9749.734449646838,10392.02396433619,7178.750556298909
forecast_5863,2025-09-02 07:00:00,9111.523097637717,9970.267995045991,6589.3453206047025
forecast_5864,2025-09-02 08:00:00,8134.833612857415,8565.042902097424,5890.187915972178
forecast_5865,2025-09-02 09:00:00,6518.8579929356,6752.233979776913,4139.185905406522
forecast_5866,2025-09-02 10:00:00,4431.915938192742,4597.991837040216,3713.5384568170753
forecast_5867,2025-09-02 11:00:00,3728.379016859066,3752.2245510839653,3323.2781476684977
forecast_5868,2025-09-02 12:00:00,3586.791314476936,3651.4282257839877,3342.166209988498
forecast_5869,2025-09-02 13:00:00,3459.896286855574,3270.049983508778,3032.7230649638473
forecast_5870,2025-09-02 14:00:00,2946.070224669148,2677.3964002156554,2245.0397579035907
forecast_5871,2025-09-02 15:00:00,2523.5574561843755,2587.610353543166,2225.718960586658
forecast_5872,2025-09-02 16:00:00,3292.805528181553,3813.2149478824617,3339.5593617041914
forecast_5873,2025-09-02 17:00:00,4001.268279636402,4680.879129891906,883.0371565523953
forecast_5874,2025-09-02 18:00:00,3682.0807982252763,3888.542636340447,1088.3746131030282
forecast_5875,2025-09-02 19:00:00,3706.075363206847,3935.582514566708,1319.324713910298
forecast_5876,2025-09-02 20:00:00,4672.572819443055,4799.933807877206,3506.5969355372636
forecast_5877,2025-09-02 21:00:00,4508.409919193345,4839.071300548773,3433.8873853324317
forecast_5878,2025-09-02 22:00:00,5161.043574904595,4994.939828000457,3594.0916377734234
forecast_5879,2025-09-02 23:00:00,4299.047974940982,4263.609530981267,3677.0482084424293
forecast_5880,2025-09-03 00:00:00,3811.821105497282,3742.2221476521754,3141.059588401481
forecast_5881,2025-09-03 01:00:00,4593.649406822105,4429.343257497707,3772.421364693032
forecast_5882,2025-09-03 02:00:00,3680.2942880419296,4005.7613452662713,3820.036812584633
forecast_5883,2025-09-03 03:00:00,3053.653670354704,3359.90768920705,3769.404827854613
forecast_5884,2025-09-03 04:00:00,3988.3362646799096,5507.390458014885,4363.758573132381
forecast_5885,2025-09-03 05:00:00,3630.440901002931,3900.322260928545,3605.2685113343873
forecast_5886,2025-09-03 06:00:00,3634.3384164690524,5283.8819506964255,3.611834218278496
forecast_5887,2025-09-03 07:00:00,2823.3038946787187,3435.235220153362,1048.6097013488984
forecast_5888,2025-09-03 08:00:00,2716.273941592857,3306.878995019599,5.123586295035522
forecast_5889,2025-09-03 09:00:00,3523.105962489796,3517.794674471999,7.282892936188006
forecast_5890,2025-09-03 10:00:00,1971.9278001471926,1706.8663323139122,15.43136382399777
forecast_5891,2025-09-03 11:00:00,104.07960956991896,1094.2152404175445,73.09937492847187
forecast_5892,2025-09-03 12:00:00,1166.2676775967402,172.70132156043434,139.26651981293577
forecast_5893,2025-09-03 13:00:00,4329.561586381787,2276.3932918932974,226.85951343422445
forecast_5894,2025-09-03 14:00:00,3663.68906081968,2227.713804580602,1195.634487323661
forecast_5895,2025-09-03 15:00:00,3768.664007461294,2337.5822338422236,1902.198994253163
forecast_5896,2025-09-03 16:00:00,3748.4273935712595,2451.4727648120966,211.91483290740518
forecast_5897,2025-09-03 17:00:00,3215.7244615522745,2173.89344127317,137.18235192953514
forecast_5898,2025-09-03 18:00:00,2955.02591749932,1941.2219937807251,84.53691459636865
forecast_5899,2025-09-03 19:00:00,3012.181603418634,1250.5264009650487,75.99800031393963
forecast_5900,2025-09-03 20:00:00,2848.7678568157285,1368.7182563347085,2282.4745311898882
forecast_5901,2025-09-03 21:00:00,3255.9693974255256,2546.9867297154683,123.59745724973271
forecast_5902,2025-09-03 22:00:00,3013.9084976643862,3824.419782464016,2368.2742392501295
forecast_5903,2025-09-03 23:00:00,3617.919475757927,3880.146630904541,4379.05923914139
forecast_5904,2025-09-04 00:00:00,4467.102483946316,3490.6982037806883,3892.18287939499
forecast_5905,2025-09-04 01:00:00,2867.577753711132,3020.8071441260818,1486.7752413659773
forecast_5906,2025-09-04 02:00:00,3191.740294530696,3155.071562713172,282.275344196608
forecast_5907,2025-09-04 03:00:00,3105.5729642949536,2892.473186367888,230.1819681265602
forecast_5908,2025-09-04 04:00:00,2970.9923856984233,3116.263252298727,177.42833019680126
forecast_5909,2025-09-04 05:00:00,2919.4484626001486,3060.810059545979,189.26931378060945
forecast_5910,2025-09-04 06:00:00,2906.3628790860753,2814.806172908156,256.23079889777375
forecast_5911,2025-09-04 07:00:00,2867.304404535565,2707.401763977807,2847.2584397668165
forecast_5912,2025-09-04 08:00:00,3471.5923794707564,3580.190928705378,2586.050382201948
forecast_5913,2025-09-04 09:00:00,3381.558371638089,3591.4914848950957,2887.7153953539605
forecast_5914,2025-09-04 10:00:00,3305.0674055247573,3585.6621233452242,2972.263374290472
forecast_5915,2025-09-04 11:00:00,3196.1287639947764,3373.866831961098,3466.709021518009
forecast_5916,2025-09-04 12:00:00,2840.281132993159,3466.8082942724423,3537.6426639867395
forecast_5917,2025-09-04 13:00:00,3361.726726705076,3538.6161329023043,2928.7038256187548
forecast_5918,2025-09-04 14:00:00,3247.139792052293,3650.376261118527,3181.9483347747755
forecast_5919,2025-09-04 15:00:00,3124.1067709404833,3619.4660835281643,3218.408018727909
forecast_5920,2025-09-04 16:00:00,2782.20457301628,3554.3028717051225,3170.8085888214187
forecast_5921,2025-09-04 17:00:00,3100.781841459769,3397.3304297863488,3187.754041674559
forecast_5922,2025-09-04 18:00:00,3358.1925291567923,3433.403497539471,3327.094165671421
forecast_5923,2025-09-04 19:00:00,3050.480013322057,3530.4593258493064,3236.0576653923076
forecast_5924,2025-09-04 20:00:00,3173.2008924915945,3418.6434330363722,3446.979694295957
forecast_5925,2025-09-04 21:00:00,2934.7276910566256,3391.1520515072602,3264.895205289773
forecast_5926,2025-09-04 22:00:00,3207.1204618739416,3281.0486711166145,3496.0729632189014
forecast_5927,2025-09-04 23:00:00,3173.9723561239357,3339.366538988185,3398.8527191598814
forecast_5928,2025-09-05 00:00:00,3411.3358540565655,3393.110525481601,3210.27215292714
forecast_5929,2025-09-05 01:00:00,3754.4891438425793,3312.7613481522844,3192.812587179184
forecast_5930,2025-09-05 02:00:00,3493.3274367893637,3529.5571824262374,3417.595619553655
forecast_5931,2025-09-05 03:00:00,3733.5861165862357,3558.4029201823205,3219.115369650001
forecast_5932,2025-09-05 04:00:00,3262.502912876604,3536.7172557629297,3172.266392271057
forecast_5933,2025-09-05 05:00:00,3493.859011105035,3602.5839024197003,3281.953978471198
forecast_5934,2025-09-05 06:00:00,3590.0287841847266,3745.9870967385255,2885.7752347967153
forecast_5935,2025-09-05 07:00:00,3347.413716220681,3887.858627341932,2821.300953229116
forecast_5936,2025-09-05 08:00:00,3241.929151165902,3784.3458469826533,2686.0638658379016
forecast_5937,2025-09-05 09:00:00,3522.900636996143,3652.1595183435793,2683.025917193193
forecast_5938,2025-09-05 10:00:00,3176.3547810824084,3470.786213942293,2666.5024838537297
forecast_5939,2025-09-05 11:00:00,3690.6042695111378,3261.8810102553234,137.15764645569854
forecast_5940,2025-09-05 12:00:00,72.19140228581212,81.09164303249804,63.81850656425015
forecast_5941,2025-09-05 13:00:00,20.011317549698138,23.434056390129687,14.138304579636394
forecast_5942,2025-09-05 14:00:00,38.23129560489679,40.15596929860407,29.783814863973785
forecast_5943,2025-09-05 15:00:00,67.56140015786193,1373.848870050088,1141.630037565405
forecast_5944,2025-09-05 16:00:00,117.76240910588187,114.54709893130497,62.83394107206239
forecast_5945,2025-09-05 17:00:00,1459.26401109194,2451.7354353421556,166.56703553305599
forecast_5946,2025-09-05 18:00:00,3499.1885077904144,4052.3961014093934,1407.4525009185506
forecast_5947,2025-09-05 19:00:00,2796.4205213810646,3031.4038623343727,5638.47613539951
forecast_5948,2025-09-05 20:00:00,3136.1165077575756,3032.0694283891744,6271.7894052598285
forecast_5949,2025-09-05 21:00:00,3233.5082634045084,3437.693110652161,3124.1482562347837
forecast_5950,2025-09-05 22:00:00,4009.068260179608,4117.4639758830035,3219.449963899569
forecast_5951,2025-09-05 23:00:00,4317.582622133577,4597.05267320769,3356.8113146688843
forecast_5952,2025-09-06 00:00:00,4720.121268723794,4692.588541606669,3457.9710960234906
forecast_5953,2025-09-06 01:00:00,8302.927517014514,9462.294618326394,6580.964167944046
forecast_5954,2025-09-06 02:00:00,9590.790346522688,10719.814260066401,7163.711862802638
forecast_5955,2025-09-06 03:00:00,11903.094197679,13046.946963312277,9347.702549389456
forecast_5956,2025-09-06 04:00:00,12571.244842491673,14676.401532421254,10486.970143652135
forecast_5957,2025-09-06 05:00:00,13968.692997204598,15300.531034395179,11330.316934259266
forecast_5958,2025-09-06 06:00:00,15113.646154614873,15970.171990250816,12432.232718367048
forecast_5959,2025-09-06 07:00:00,14666.986593943502,15513.322418124495,12743.850034543975
forecast_5960,2025-09-06 08:00:00,13634.99795910892,15019.686682689662,13181.737970531802
forecast_5961,2025-09-06 09:00:00,13263.913059012857,16150.646377775356,12712.371122269215
forecast_5962,2025-09-06 10:00:00,11770.149157169915,13972.547952420357,11596.496097073303
forecast_5963,2025-09-06 11:00:00,11648.03405023804,13785.3173189791,10670.871404119887
forecast_5964,2025-09-06 12:00:00,12042.234070144892,13856.01483480654,11375.26676342627
forecast_5965,2025-09-06 13:00:00,11809.313939378999,13084.44192878087,11049.616204509894
forecast_5966,2025-09-06 14:00:00,11103.283877075597,12784.087859880668,11734.615017867663
forecast_5967,2025-09-06 15:00:00,11733.8479047666,13790.783579784333,11728.650393370584
forecast_5968,2025-09-06 16:00:00,12046.729716912789,14529.628787209198,12257.220748254318
forecast_5969,2025-09-06 17:00:00,11964.189816950622,13746.00247783019,12647.178624593273
forecast_5970,2025-09-06 18:00:00,12335.94336858591,13557.191135941228,13015.523813095195
forecast_5971,2025-09-06 19:00:00,12084.20428120883,13405.794906600591,13463.395936682458
forecast_5972,2025-09-06 20:00:00,12975.053509248448,14509.16174243227,14634.977700192867
forecast_5973,2025-09-06 21:00:00,13426.17130414085,15414.16613384148,15251.5024484366
forecast_5974,2025-09-06 22:00:00,13950.85692447596,16469.090959231133,16227.768568903626
forecast_5975,2025-09-06 23:00:00,13903.771122343727,17852.62337439239,17253.90547842949
forecast_5976,2025-09-07 00:00:00,15721.657422461121,18353.049535199956,17540.654320222722
forecast_5977,2025-09-07 01:00:00,15700.834323206616,18734.329811094256,18185.844043967045
forecast_5978,2025-09-07 02:00:00,14870.547279086877,18731.434725042243,17802.671350220116
forecast_5979,2025-09-07 03:00:00,14604.77866193017,17953.038732192395,17310.160731818647
forecast_5980,2025-09-07 04:00:00,14119.945077998977,16925.90502079851,15676.95868390249
forecast_5981,2025-09-07 05:00:00,13505.557050542995,15485.727768493289,14132.497270444492
forecast_5982,2025-09-07 06:00:00,12858.376091421504,14071.754898380263,13101.48194740066
forecast_5983,2025-09-07 07:00:00,12094.01532807567,12994.46322818179,11627.021763497574
forecast_5984,2025-09-07 08:00:00,11026.703313267577,11685.792948633623,10700.0671260764
forecast_5985,2025-09-07 09:00:00,8658.589912252632,9539.63583079924,9549.510825847026
forecast_5986,2025-09-07 10:00:00,7454.370601033717,8014.552193465665,7802.067314895814
forecast_5987,2025-09-07 11:00:00,6257.846250179371,6845.947801585741,6095.091862945786
forecast_5988,2025-09-07 12:00:00,5935.3469492744325,5915.240410802819,4859.892292352589
forecast_5989,2025-09-07 13:00:00,4190.9098232480155,4116.022439408326,3934.5711509546804
forecast_5990,2025-09-07 14:00:00,3889.5615852257865,3899.943453159876,3807.0374757066797
forecast_5991,2025-09-07 15:00:00,4095.4377306426272,4330.395861672535,4010.7981402412397
forecast_5992,2025-09-07 16:00:00,4342.409846368989,4370.00344631045,4053.6130880348765
forecast_5993,2025-09-07 17:00:00,6409.834865788567,6501.796199317229,4190.019511759335
forecast_5994,2025-09-07 18:00:00,7828.218606138709,7903.633301934951,5232.835911700064
forecast_5995,2025-09-07 19:00:00,9637.864646829541,9534.066299520275,6460.533685597097
forecast_5996,2025-09-07 20:00:00,11213.141085777423,10757.052638135237,7408.809313493706
forecast_5997,2025-09-07 21:00:00,11682.070727561439,10967.7625933759,7954.433994183124
forecast_5998,2025-09-07 22:00:00,11428.727740002958,11170.13406200308,8021.795730573748
forecast_5999,2025-09-07 23:00:00,10600.209486668327,11047.636923764521,8249.069441516998
forecast_6000,2025-09-08 00:00:00,10973.40942179332,11330.768149169739,7992.139482546891
forecast_6001,2025-09-08 01:00:00,10540.370691995859,10088.38182084767,7290.719457355914
forecast_6002,2025-09-08 02:00:00,9186.915895051725,9194.626744715886,6185.612583502462
forecast_6003,2025-09-08 03:00:00,8437.445923100158,7649.195139903934,5207.621913681378
forecast_6004,2025-09-08 04:00:00,6446.499852792451,5765.063482289438,3906.067665757127
forecast_6005,2025-09-08 05:00:00,7114.5434141025935,4759.471136999806,3743.3673444684237
forecast_6006,2025-09-08 06:00:00,3937.5902395474664,3828.751025834216,3619.3334861538633
forecast_6007,2025-09-08 07:00:00,3728.078487030411,3713.7245077770335,3269.339848703751
forecast_6008,2025-09-08 08:00:00,3249.385951417065,3016.162049371781,2376.4942040771357
forecast_6009,2025-09-08 09:00:00,4289.537351850256,4354.576370731985,1435.4664892475525
forecast_6010,2025-09-08 10:00:00,4108.715142503376,4079.224748744806,1014.3924503785987
forecast_6011,2025-09-08 11:00:00,3730.453772658134,3960.3699715185317,10.750824980118027
forecast_6012,2025-09-08 12:00:00,3050.8913675704966,3021.143282882938,2192.423511541259
forecast_6013,2025-09-08 13:00:00,4363.150759212781,4370.294980693186,4548.206015995473
forecast_6014,2025-09-08 14:00:00,3888.8863214376634,4307.44440069512,4883.104010301254
forecast_6015,2025-09-08 15:00:00,2965.740762260325,3300.863887708231,3560.546702972112
forecast_6016,2025-09-08 16:00:00,3307.663969284686,3347.8308483803676,3519.755768323632
forecast_6017,2025-09-08 17:00:00,3835.570305061014,3713.084881892671,3280.3036491329394
forecast_6018,2025-09-08 18:00:00,3908.0091112249397,3907.7605404102997,3542.644232064142
forecast_6019,2025-09-08 19:00:00,4091.9490415403934,3966.777165641267,3578.343654050186
forecast_6020,2025-09-08 20:00:00,3989.2980707017914,3880.0021920457248,3443.1977109480667
forecast_6021,2025-09-08 21:00:00,3746.8924254799817,3676.2790790918475,3447.9226458697685
forecast_6022,2025-09-08 22:00:00,3497.2885007962946,3483.872881891058,3252.050671906259
forecast_6023,2025-09-08 23:00:00,3353.0272772136323,3338.411096390027,3379.047314400125
forecast_6024,2025-09-09 00:00:00,3585.6342177417278,3971.809772234551,3430.7774109523616
forecast_6025,2025-09-09 01:00:00,3712.401494444818,3596.9900781493125,2973.2101427541124
forecast_6026,2025-09-09 02:00:00,3475.4541657353793,3522.915039822606,2918.0761231290035
forecast_6027,2025-09-09 03:00:00,3270.176516174401,3527.9096558536025,2973.25212210583
forecast_6028,2025-09-09 04:00:00,3183.474342448366,3245.130021293291,3060.5247196902483
forecast_6029,2025-09-09 05:00:00,3607.940974630984,3667.819235490858,3337.62597763247
forecast_6030,2025-09-09 06:00:00,3857.934525391895,3430.5115875765728,3144.952364068299
forecast_6031,2025-09-09 07:00:00,3378.2224666207203,3406.51790696118,2760.756691289714
forecast_6032,2025-09-09 08:00:00,3946.2320189817206,3717.275794468876,3443.6340161344942
forecast_6033,2025-09-09 09:00:00,3308.6814129654827,3740.5590744304964,3379.4853412620055
forecast_6034,2025-09-09 10:00:00,3633.7994670588973,3765.3541816554994,3777.8016080184916
forecast_6035,2025-09-09 11:00:00,3806.96497828996,3894.9177829887767,3383.217502458268
forecast_6036,2025-09-09 12:00:00,3318.018828864102,3012.5007380873426,2871.045138911543
forecast_6037,2025-09-09 13:00:00,2782.0423537976317,2475.2008805818714,315.64735871179306
forecast_6038,2025-09-09 14:00:00,2171.1970817532906,2367.04089680855,221.7622022381399
forecast_6039,2025-09-09 15:00:00,3665.4218825097137,3018.518629678837,91.73484560534084
forecast_6040,2025-09-09 16:00:00,2951.0668129457817,3590.781359887576,1209.4806476076435
forecast_6041,2025-09-09 17:00:00,3402.8102596878716,3242.274201529008,1236.1875829486066
forecast_6042,2025-09-09 18:00:00,3572.793144085411,3810.030939847235,1691.7217398219605
forecast_6043,2025-09-09 19:00:00,3643.8196000331923,3067.1304983044583,2136.1113943963705
forecast_6044,2025-09-09 20:00:00,2705.577669905367,3095.7659275482542,259.618298511247
forecast_6045,2025-09-09 21:00:00,2998.3512240836017,3121.525210402991,2239.7590604103148
forecast_6046,2025-09-09 22:00:00,3226.39221239744,3196.4118699628652,1408.1393268840593
forecast_6047,2025-09-09 23:00:00,3009.224553956367,3255.6029914194205,1361.3562588049017
forecast_6048,2025-09-10 00:00:00,2982.7324036443956,3108.4280774928616,1353.001347104654
forecast_6049,2025-09-10 01:00:00,3297.9435966412393,3520.0595731659123,5793.752131275337
forecast_6050,2025-09-10 02:00:00,3397.036683696019,3601.2162840605406,2180.9128806876283
forecast_6051,2025-09-10 03:00:00,3538.57817036194,3492.755619302571,2452.8062680456183
forecast_6052,2025-09-10 04:00:00,3474.7183133937374,3401.1151923704065,2406.4823829437278
forecast_6053,2025-09-10 05:00:00,3422.37675085582,3387.100990282282,2667.8680223876136
forecast_6054,2025-09-10 06:00:00,3604.097867012878,3794.234397787377,2716.2024723205514
forecast_6055,2025-09-10 07:00:00,3783.5980215935324,3484.3841818065416,2645.331065591228
forecast_6056,2025-09-10 08:00:00,3224.7238314752476,3300.868466531573,2500.8902260726286
forecast_6057,2025-09-10 09:00:00,3074.992288846974,3372.0466392155226,2672.2749160100298
forecast_6058,2025-09-10 10:00:00,3612.3094814757187,3517.0808317590395,2876.2082931751434
forecast_6059,2025-09-10 11:00:00,3754.8808326316744,3542.4228788227238,3504.5487272886094
forecast_6060,2025-09-10 12:00:00,3860.848063962284,3646.41010764745,3218.02693090875
forecast_6061,2025-09-10 13:00:00,3790.8188610585626,3514.021884939919,3273.0171509962356
forecast_6062,2025-09-10 14:00:00,3613.482217314748,3558.9305740818663,2942.540732653523
forecast_6063,2025-09-10 15:00:00,3792.2680166596197,3276.3202387373076,3080.64643894758
forecast_6064,2025-09-10 16:00:00,6566.535187363701,6610.327403325255,4009.854577789147
forecast_6065,2025-09-10 17:00:00,6373.281947828733,3492.591594072495,10025.111772636783
forecast_6066,2025-09-10 18:00:00,2966.9061765547385,3200.4614897435804,10103.188364145091
forecast_6067,2025-09-10 19:00:00,3161.3764026856293,3296.4088243366177,2818.34335119403
forecast_6068,2025-09-10 20:00:00,3337.292201395893,3386.502215285163,2568.3603763780197
forecast_6069,2025-09-10 21:00:00,3350.677230890925,3318.1989093236957,2563.534596108131
forecast_6070,2025-09-10 22:00:00,3486.5474430100558,3345.8712144958085,2470.328258979292
forecast_6071,2025-09-10 23:00:00,3439.558652548401,3485.6413032244504,2863.679653044822
forecast_6072,2025-09-11 00:00:00,3184.44619185261,3404.687537124352,3083.406158941699
forecast_6073,2025-09-11 01:00:00,3422.437982811022,3388.913340053477,2279.5812852741287
forecast_6074,2025-09-11 02:00:00,3154.961599780239,3227.8738748902356,2274.726740199262
forecast_6075,2025-09-11 03:00:00,3423.147781904642,3319.5925441037766,2224.627136663835
forecast_6076,2025-09-11 04:00:00,3553.2299235282085,3578.572664781475,2828.7526387504927
forecast_6077,2025-09-11 05:00:00,3626.209003913813,3770.173125135873,2777.9361046741988
forecast_6078,2025-09-11 06:00:00,3809.3035927689807,3982.5021001444766,3335.4997168345776
forecast_6079,2025-09-11 07:00:00,3862.2496655838845,4226.294185763986,3638.690881517342
forecast_6080,2025-09-11 08:00:00,3869.751552635478,4350.789379987537,3641.8167580671775
forecast_6081,2025-09-11 09:00:00,3684.5589654305786,3925.804119542773,3401.347888684339
forecast_6082,2025-09-11 10:00:00,3500.1078392611153,3763.47590262482,3404.6182838264285
forecast_6083,2025-09-11 11:00:00,3577.2945783735563,3749.275536980222,3328.8110104448074
forecast_6084,2025-09-11 12:00:00,3928.920534819185,3923.890627168529,3613.7275412388117
forecast_6085,2025-09-11 13:00:00,4413.020223698854,4531.179486228959,3605.7000550082307
forecast_6086,2025-09-11 14:00:00,4382.625432161101,4326.034006393984,3713.2297937066423
forecast_6087,2025-09-11 15:00:00,3898.412689705189,3913.338734465982,3264.4793373353755
forecast_6088,2025-09-11 16:00:00,3625.408272125539,3685.255490011798,3234.0328419758425
forecast_6089,2025-09-11 17:00:00,3826.0363076877966,3739.0391966061434,3482.7808701259632
forecast_6090,2025-09-11 18:00:00,3693.913030276585,3836.759698737393,3458.249431442436
forecast_6091,2025-09-11 19:00:00,3943.387667345963,4507.967766563967,3523.770955835843
forecast_6092,2025-09-11 20:00:00,4703.764579511914,5337.033807942355,3729.726269012986
forecast_6093,2025-09-11 21:00:00,5149.581540598204,6040.611716725267,3738.7277925109747
forecast_6094,2025-09-11 22:00:00,5498.321234497695,6404.6109836314845,3908.898961079949
forecast_6095,2025-09-11 23:00:00,5402.295634088261,6213.9486730630515,3952.3488757796863
forecast_6096,2025-09-12 00:00:00,5549.72315531442,6497.313989512539,3967.9699865281964
forecast_6097,2025-09-12 01:00:00,5094.678027061149,5909.8036159161065,3562.208580050856
forecast_6098,2025-09-12 02:00:00,4490.456323474211,5250.999495400179,3499.7141154035294
forecast_6099,2025-09-12 03:00:00,4061.3482346684814,4730.781884734163,3540.6980078866663
forecast_6100,2025-09-12 04:00:00,3736.866674966374,4270.676458887186,3069.1925360171304
forecast_6101,2025-09-12 05:00:00,3665.53474595978,4293.905313073284,3021.747886687342
forecast_6102,2025-09-12 06:00:00,3858.842456662512,3924.1413029211085,2908.572597017136
forecast_6103,2025-09-12 07:00:00,3893.1022934114617,4014.014160008519,2954.2571755989443
forecast_6104,2025-09-12 08:00:00,3840.630016400693,4001.5987622793546,3384.1545747911896
forecast_6105,2025-09-12 09:00:00,3442.309391581686,4064.0824738203664,3428.1861519001163
forecast_6106,2025-09-12 10:00:00,3601.678366025306,4207.996945066277,3344.6200772858388
forecast_6107,2025-09-12 11:00:00,3639.9902297704293,4131.944632222041,3606.5699620508435
forecast_6108,2025-09-12 12:00:00,3925.2104912764826,4292.1309690576845,3797.487490977799
forecast_6109,2025-09-12 13:00:00,3740.0206283796706,3752.6910130970023,3614.4759538520225
forecast_6110,2025-09-12 14:00:00,3548.6209089486288,3471.4760129408937,3364.8187946797634
forecast_6111,2025-09-12 15:00:00,3389.9182842351033,3155.871052761183,2836.6631293467926
forecast_6112,2025-09-12 16:00:00,3117.592187358138,3271.1253283754563,2982.9896764658192
forecast_6113,2025-09-12 17:00:00,3395.9373242920983,3364.9777135736795,3104.8763504051817
forecast_6114,2025-09-12 18:00:00,3426.5926761853966,3212.038092776269,3193.821938223606
forecast_6115,2025-09-12 19:00:00,3343.079850319724,3377.6021360718414,3534.978129109727
forecast_6116,2025-09-12 20:00:00,3437.2327564546235,3788.941841710576,3929.191668802642
forecast_6117,2025-09-12 21:00:00,3984.513006104589,4366.143987285593,3798.1159013851825
forecast_6118,2025-09-12 22:00:00,4877.74950107883,5380.012146365537,3573.7209148959873
forecast_6119,2025-09-12 23:00:00,5329.18535748774,5918.264715554886,3874.2678471361587
forecast_6120,2025-09-13 00:00:00,5774.380911684963,6388.111483531148,4463.4764064339515
forecast_6121,2025-09-13 01:00:00,4040.343684196988,4616.176139487382,3510.847304816893
forecast_6122,2025-09-13 02:00:00,4130.809021299122,4444.769824924564,3517.591084206467
forecast_6123,2025-09-13 03:00:00,4504.106861919067,4319.721978494516,3913.029475191063
forecast_6124,2025-09-13 04:00:00,5167.399536093552,6502.95574913254,5388.598157701122
forecast_6125,2025-09-13 05:00:00,7164.516150199127,7781.167616535712,6975.535253661818
forecast_6126,2025-09-13 06:00:00,9205.171913902555,9905.047711158992,9025.619829209081
forecast_6127,2025-09-13 07:00:00,11624.866470690898,13728.189513338964,11767.461921150318
forecast_6128,2025-09-13 08:00:00,11073.315862780453,13174.472252416857,12424.807779003897
forecast_6129,2025-09-13 09:00:00,12374.978019824917,14290.20138458,15001.27421006446
forecast_6130,2025-09-13 10:00:00,11995.014572163704,14049.347961958476,13767.605201061018
forecast_6131,2025-09-13 11:00:00,10846.139398232726,12629.491828057895,11727.61296542209
forecast_6132,2025-09-13 12:00:00,7567.864400877794,7710.779501500548,6960.323826807095
forecast_6133,2025-09-13 13:00:00,4944.399689348843,5385.033190656596,4618.324379731579
forecast_6134,2025-09-13 14:00:00,3790.351132582381,3600.075588138677,3820.001236159384
forecast_6135,2025-09-13 15:00:00,3654.648713597552,3931.935480646243,3511.702981162349
forecast_6136,2025-09-13 16:00:00,3570.5652074506015,3830.3560928894376,3513.519642574362
forecast_6137,2025-09-13 17:00:00,3813.5101911153297,3618.9602019203003,3297.754337974034
forecast_6138,2025-09-13 18:00:00,3830.5428377790204,4126.193101945845,3046.8001525356476
forecast_6139,2025-09-13 19:00:00,3329.693518990819,3459.026731255099,2859.700139363106
forecast_6140,2025-09-13 20:00:00,3344.090823004664,3285.3328518566923,4325.918151785449
forecast_6141,2025-09-13 21:00:00,2914.1545760759777,3125.431362316961,5550.118856683882
forecast_6142,2025-09-13 22:00:00,3131.924853605405,2858.8721543374872,3244.921740895684
forecast_6143,2025-09-13 23:00:00,2349.190015595634,2766.0547637357135,1662.8173878500202
forecast_6144,2025-09-14 00:00:00,2994.635894624105,2698.0517213258895,975.0823884717089
forecast_6145,2025-09-14 01:00:00,3285.917583956994,3132.6011300442065,2745.6216296040216
forecast_6146,2025-09-14 02:00:00,3085.322328022074,3140.4375675412007,2448.8564923932727
forecast_6147,2025-09-14 03:00:00,3112.783584993146,3140.2633460418574,2309.7722601717037
forecast_6148,2025-09-14 04:00:00,3176.805704483099,3257.433820176712,2408.051438852728
forecast_6149,2025-09-14 05:00:00,3279.4768420178543,3310.162878888383,2622.43634603977
forecast_6150,2025-09-14 06:00:00,3430.6247705554997,3400.2433976841708,2760.5452382602302
forecast_6151,2025-09-14 07:00:00,3702.780826573267,3422.7875598028177,3112.081150308802
forecast_6152,2025-09-14 08:00:00,3795.083020925109,3608.592541311876,3249.977476241881
forecast_6153,2025-09-14 09:00:00,3555.2130671224763,3412.8826159750683,3118.3251553407194
forecast_6154,2025-09-14 10:00:00,3650.582162197435,3823.3714186591183,3418.5388101957255
forecast_6155,2025-09-14 11:00:00,3797.585293366964,3853.4456988428587,3087.1276884112185
forecast_6156,2025-09-14 12:00:00,3892.711489793867,3542.1368746949684,3251.6515456767493
forecast_6157,2025-09-14 13:00:00,3640.4733435035746,3613.6475947368385,3111.891248285815
forecast_6158,2025-09-14 14:00:00,3627.50235319799,3617.8052332388515,3207.772793660929
forecast_6159,2025-09-14 15:00:00,3632.693765705348,3554.1063527998776,3243.342303992463
forecast_6160,2025-09-14 16:00:00,3483.3523403332524,3427.770268900224,3270.0276169635326
forecast_6161,2025-09-14 17:00:00,4146.699307857689,4100.243629581538,3643.129466713298
forecast_6162,2025-09-14 18:00:00,5742.007151553853,5795.532458734204,4176.810549904657
forecast_6163,2025-09-14 19:00:00,8580.145392781084,8705.463449647,5603.710609738803
forecast_6164,2025-09-14 20:00:00,11278.023088013304,11211.713602684484,7416.753408982306
forecast_6165,2025-09-14 21:00:00,13524.978832697321,13988.433750474416,9436.796712320504
forecast_6166,2025-09-14 22:00:00,15557.473327322876,15788.564409156448,11862.664930546227
forecast_6167,2025-09-14 23:00:00,16505.385570644637,17119.422661266774,14198.654022415856
forecast_6168,2025-09-15 00:00:00,16942.27068266488,17640.494408905844,15107.7321229787
forecast_6169,2025-09-15 01:00:00,17034.778245074747,16677.692180538106,11570.351552397811
forecast_6170,2025-09-15 02:00:00,15692.835030356395,15769.379314896136,11603.593200052885
forecast_6171,2025-09-15 03:00:00,13880.2984089857,13524.974650314858,10351.203674893148
forecast_6172,2025-09-15 04:00:00,11984.010044308237,12161.198818077684,9087.70160534238
forecast_6173,2025-09-15 05:00:00,10186.09927866871,10081.98559410977,7627.509163557828
forecast_6174,2025-09-15 06:00:00,8636.068022311538,7094.232825433888,6294.755688500916
forecast_6175,2025-09-15 07:00:00,5762.479120862208,4471.598702619001,4763.72369471565
forecast_6176,2025-09-15 08:00:00,3802.5916265025317,4320.6423084189,3842.0233934730945
forecast_6177,2025-09-15 09:00:00,3541.04363558298,3517.6556610925627,2913.2219991261068
forecast_6178,2025-09-15 10:00:00,3597.4569565747265,3668.6663755228196,1405.909350653819
forecast_6179,2025-09-15 11:00:00,3654.58279610671,3514.895980962673,1694.8433136071899
forecast_6180,2025-09-15 12:00:00,3563.234069513201,4241.3988052942095,3219.3116654879354
forecast_6181,2025-09-15 13:00:00,3999.1127730895128,4009.1520158253065,3894.4699325861657
forecast_6182,2025-09-15 14:00:00,3675.4184770652914,3473.320450308995,4731.073015581131
forecast_6183,2025-09-15 15:00:00,6201.131126618246,5882.911800377128,4321.840697145719
forecast_6184,2025-09-15 16:00:00,4234.44155398019,3939.820426842909,3336.612652415465
forecast_6185,2025-09-15 17:00:00,3547.8048557501993,3579.79007596887,3161.752746261018
forecast_6186,2025-09-15 18:00:00,4625.595773317482,4339.796960686503,3573.0642912833896
forecast_6187,2025-09-15 19:00:00,5824.027797764123,5859.126644846136,3866.1280787229657
forecast_6188,2025-09-15 20:00:00,6246.312274443949,6223.036022265721,3848.261513771065
forecast_6189,2025-09-15 21:00:00,5815.167256911551,6096.191127117948,3867.42984140566
forecast_6190,2025-09-15 22:00:00,5028.878160608511,5254.512281975546,3897.1729760448798
forecast_6191,2025-09-15 23:00:00,5483.574976525712,4814.451966329014,3808.5302279895773
forecast_6192,2025-09-16 00:00:00,5429.269926864536,4915.383510259232,3820.7456665793006
forecast_6193,2025-09-16 01:00:00,11413.186314684592,11338.44084219538,6917.008901999415
forecast_6194,2025-09-16 02:00:00,11701.664215500574,11793.684222428488,7047.862214596362
forecast_6195,2025-09-16 03:00:00,12373.821224893356,12558.66265304684,7875.318564026593
forecast_6196,2025-09-16 04:00:00,13013.609988964967,12540.45635315566,8176.851897452277
forecast_6197,2025-09-16 05:00:00,13805.504267276401,13742.83787183981,9310.416260957525
forecast_6198,2025-09-16 06:00:00,15143.317630157368,15126.459011375426,9515.684956465446
forecast_6199,2025-09-16 07:00:00,14325.040352068383,14868.219286101248,8582.75499635662
forecast_6200,2025-09-16 08:00:00,12956.936168766646,12884.927720124697,8187.507295618275
forecast_6201,2025-09-16 09:00:00,9897.228378678807,10072.419509209312,6595.663684722255
forecast_6202,2025-09-16 10:00:00,7905.981951673742,8225.632657603104,5078.334200702924
forecast_6203,2025-09-16 11:00:00,5753.502800245095,5972.841343721216,4590.480090011495
forecast_6204,2025-09-16 12:00:00,5707.124462726546,5307.1441685027385,5117.926371773179
forecast_6205,2025-09-16 13:00:00,5905.930585126779,5821.967538574457,5356.775837653714
forecast_6206,2025-09-16 14:00:00,7400.405871268039,7903.590595756096,5918.28110754309
forecast_6207,2025-09-16 15:00:00,8709.62812221784,8403.51026236157,6516.219097895616
forecast_6208,2025-09-16 16:00:00,8308.15409425077,8482.145457411103,6825.8815228077165
forecast_6209,2025-09-16 17:00:00,8011.6581694878405,9290.340269033723,6562.728320152955
forecast_6210,2025-09-16 18:00:00,8522.385046489211,10099.440130959496,7271.164372445654
forecast_6211,2025-09-16 19:00:00,10617.013153268266,11940.924462852267,8622.710234250817
forecast_6212,2025-09-16 20:00:00,12996.888018969794,13720.352089132366,10980.48887921715
forecast_6213,2025-09-16 21:00:00,13333.631451237969,16181.440922470876,10938.039113268245
forecast_6214,2025-09-16 22:00:00,12689.619908308503,14264.092940723676,10784.114360393274
forecast_6215,2025-09-16 23:00:00,11724.003960854956,13861.84472608707,10621.31981243918
forecast_6216,2025-09-17 00:00:00,13525.249814801262,13806.53662513801,10728.796684213501
forecast_6217,2025-09-17 01:00:00,15969.967827047609,18092.240083998087,17079.533726673126
forecast_6218,2025-09-17 02:00:00,15964.13442148621,18148.714330589035,17276.80098435234
forecast_6219,2025-09-17 03:00:00,16295.589299140143,18112.324768967264,17603.24082303013
forecast_6220,2025-09-17 04:00:00,16142.126448957823,17762.12788848146,17793.165617516013
forecast_6221,2025-09-17 05:00:00,14805.614565612486,16408.964207332792,17449.53681483951
forecast_6222,2025-09-17 06:00:00,13578.665091965482,14573.391203010067,16425.096969861548
forecast_6223,2025-09-17 07:00:00,12306.451780014882,12736.469168122903,10509.458182319866
forecast_6224,2025-09-17 08:00:00,9286.326877636922,10796.659962471478,8476.268833883487
forecast_6225,2025-09-17 09:00:00,7292.857022623166,8452.983687418759,6141.805621048562
forecast_6226,2025-09-17 10:00:00,5095.260119067693,5116.082898124039,4962.551436397174
forecast_6227,2025-09-17 11:00:00,3912.7614089369918,3974.1523317926353,3888.967198044475
forecast_6228,2025-09-17 12:00:00,3498.5525147874496,3690.3964406613873,3559.9986483872876
forecast_6229,2025-09-17 13:00:00,3785.759287133544,3938.839449006205,3372.6250828622938
forecast_6230,2025-09-17 14:00:00,3591.449397778247,3531.674005496942,3800.0884716866226
forecast_6231,2025-09-17 15:00:00,3842.0855690065387,3943.029424630232,3901.766569759634
forecast_6232,2025-09-17 16:00:00,3695.0604223781975,3906.1666764944234,3864.6989399144504
forecast_6233,2025-09-17 17:00:00,3552.3030866226395,3571.2951329363036,3954.2010470445825
forecast_6234,2025-09-17 18:00:00,3815.339104575958,3900.365343855425,3357.5928807711844
forecast_6235,2025-09-17 19:00:00,3461.687491218833,3550.810427506551,3216.494856611997
forecast_6236,2025-09-17 20:00:00,3379.8148807392677,3349.7631888799733,3132.4650583471334
forecast_6237,2025-09-17 21:00:00,3486.6044346923563,3407.39041203076,3203.36301966601
forecast_6238,2025-09-17 22:00:00,3270.104188173311,3445.198116524832,3349.076580303524
forecast_6239,2025-09-17 23:00:00,3265.8707981548046,3421.4818367574485,3392.3758692810347
forecast_6240,2025-09-18 00:00:00,3733.372343976619,3425.749072400113,3202.3279902171494
forecast_6241,2025-09-18 01:00:00,2914.7369430136305,3189.1177207687924,2866.61438045378
forecast_6242,2025-09-18 02:00:00,2867.6153766270277,3148.087980890409,3116.067093403792
forecast_6243,2025-09-18 03:00:00,3067.01166694872,3120.2260698940204,2821.9250177005147
forecast_6244,2025-09-18 04:00:00,2752.0768424744747,3030.6011724428477,2681.6638432506484
forecast_6245,2025-09-18 05:00:00,3160.6828693156317,3354.5703625053716,2816.6559986283105
forecast_6246,2025-09-18 06:00:00,3441.9073877551323,3890.819820956539,3148.7114128043977
forecast_6247,2025-09-18 07:00:00,3806.0979612344,4601.498094186574,3707.227854489633
forecast_6248,2025-09-18 08:00:00,4121.3127624528315,4614.834609893978,3659.2762259804213
forecast_6249,2025-09-18 09:00:00,3824.07031433362,4244.641640760591,3495.109430738144
forecast_6250,2025-09-18 10:00:00,3488.8031524235425,3870.079189759679,3356.0071480927595
forecast_6251,2025-09-18 11:00:00,3391.2580314027095,3774.4344358699354,3193.2785560924726
forecast_6252,2025-09-18 12:00:00,3045.153235101166,3621.7341450241047,3035.3466253623574
forecast_6253,2025-09-18 13:00:00,3037.5562455270865,3445.1732543720364,2881.891429056876
forecast_6254,2025-09-18 14:00:00,3217.2959177186085,3196.2663917030136,2733.0674508786487
forecast_6255,2025-09-18 15:00:00,3421.117944724164,3313.253634511717,3215.8527339026564
forecast_6256,2025-09-18 16:00:00,3205.458539091889,3258.2830720113193,3059.3866830234374
forecast_6257,2025-09-18 17:00:00,3404.57334862242,3305.7342625667725,2919.706323494824
forecast_6258,2025-09-18 18:00:00,3329.2616736270566,3349.277222084036,3108.6991467064495
forecast_6259,2025-09-18 19:00:00,3162.890111616283,3423.952820968764,2893.2453041590206
forecast_6260,2025-09-18 20:00:00,3295.2985531789996,3488.337630852052,3109.2723122567213
forecast_6261,2025-09-18 21:00:00,3403.2857628565885,3573.462674933843,3009.502976594956
forecast_6262,2025-09-18 22:00:00,3374.6097985676274,3520.360128607681,2993.1104433842406
forecast_6263,2025-09-18 23:00:00,3298.1023783879805,3533.55992729408,2849.678504542996
forecast_6264,2025-09-19 00:00:00,3296.135244822409,3516.9629067748147,2891.8291967388095
forecast_6265,2025-09-19 01:00:00,3228.452391278538,3497.136297289774,2876.3792386530185
forecast_6266,2025-09-19 02:00:00,3081.8769178449966,3354.405155444097,2884.964076328147
forecast_6267,2025-09-19 03:00:00,2932.265529546948,3368.3223116687095,2989.154949920168
forecast_6268,2025-09-19 04:00:00,2900.328690876195,3364.385631051633,2871.2319510679363
forecast_6269,2025-09-19 05:00:00,3142.659731662171,3394.365542797512,2857.4254663970582
forecast_6270,2025-09-19 06:00:00,3126.3575392135554,3157.9627271720024,2694.244163082918
forecast_6271,2025-09-19 07:00:00,3201.3839609546735,3217.1059208099828,1968.0041948379505
forecast_6272,2025-09-19 08:00:00,3381.8474990376835,3356.2812036478294,1870.9416173342104
forecast_6273,2025-09-19 09:00:00,3797.439551409411,3289.5540463551997,2321.627815386207
forecast_6274,2025-09-19 10:00:00,3826.1581458859023,3405.0435093784454,308.9892448178811
forecast_6275,2025-09-19 11:00:00,3449.0294861303614,2939.4725165382933,216.3619332860108
forecast_6276,2025-09-19 12:00:00,3287.725320629736,2099.272231140282,156.00855383758284
forecast_6277,2025-09-19 13:00:00,1406.990578427597,196.36913191827807,104.50642757207578
forecast_6278,2025-09-19 14:00:00,134.59231177649082,116.9955112167216,68.96866582434072
forecast_6279,2025-09-19 15:00:00,77.84378497660236,61.19146760175719,29.868916944857048
forecast_6280,2025-09-19 16:00:00,1791.3897014251922,2760.3605189649156,1115.461164915893
forecast_6281,2025-09-19 17:00:00,194.49401814147012,180.82580315392772,72.51068168092075
forecast_6282,2025-09-19 18:00:00,2735.3880448719106,2873.952048245081,2687.6979830432697
forecast_6283,2025-09-19 19:00:00,3234.3592608428266,2996.2932860918545,2874.412584850765
forecast_6284,2025-09-19 20:00:00,3346.85421527849,3321.0799576897307,3062.709873790202
forecast_6285,2025-09-19 21:00:00,3530.918490715398,3478.0814694656333,3223.803270987371
forecast_6286,2025-09-19 22:00:00,3835.525761231832,3991.5647448622226,3720.2374096233157
forecast_6287,2025-09-19 23:00:00,3960.6625446416683,4505.1806295543165,3440.1634366603516
forecast_6288,2025-09-20 00:00:00,4363.601173457798,4985.96010804277,3603.160743838792
forecast_6289,2025-09-20 01:00:00,6150.738719294603,7059.6150162489985,3942.8128314453993
forecast_6290,2025-09-20 02:00:00,6026.509739761215,7129.399392013335,4063.8379365651635
forecast_6291,2025-09-20 03:00:00,5883.3471358682145,6758.123474729506,4258.592890671903
forecast_6292,2025-09-20 04:00:00,5405.886781910654,5987.904929689998,3756.7411094126096
forecast_6293,2025-09-20 05:00:00,5678.180713680257,6589.980294883325,3934.825211241536
forecast_6294,2025-09-20 06:00:00,5586.919360401403,6391.306193348216,3872.66391571314
forecast_6295,2025-09-20 07:00:00,5410.363769590526,5786.8907322954,3737.0887581928678
forecast_6296,2025-09-20 08:00:00,4030.6494859845207,4632.329982344276,3496.304913062166
forecast_6297,2025-09-20 09:00:00,3449.437044576042,3532.930464312789,3263.8051213447575
forecast_6298,2025-09-20 10:00:00,3330.220686777079,3415.9772178706176,2687.925679550578
forecast_6299,2025-09-20 11:00:00,3329.4122830755414,3591.3459989812204,3000.22523219405
forecast_6300,2025-09-20 12:00:00,3490.934897481198,3676.67829880681,3096.662108536976
forecast_6301,2025-09-20 13:00:00,3632.6108160331246,3875.808266540843,3076.2614235600213
forecast_6302,2025-09-20 14:00:00,3957.311145600107,4285.420278919647,3493.556368070573
forecast_6303,2025-09-20 15:00:00,3672.983568245135,3829.844656359949,3217.6497205918004
forecast_6304,2025-09-20 16:00:00,3470.1921598253402,3541.053170722589,2959.0420840543743
forecast_6305,2025-09-20 17:00:00,3553.869205821517,3390.2546559882967,3126.6309416281665
forecast_6306,2025-09-20 18:00:00,3230.6311823490914,3183.1227662013985,3180.665271657383
forecast_6307,2025-09-20 19:00:00,3133.4894891173612,3315.9734227218196,3316.825619777306
forecast_6308,2025-09-20 20:00:00,3390.74971242331,3603.7915150751764,3158.446305941093
forecast_6309,2025-09-20 21:00:00,3606.580246336319,3994.629767143192,3309.839496363684
forecast_6310,2025-09-20 22:00:00,3514.4688524127737,3669.3886096214087,3301.485958262417
forecast_6311,2025-09-20 23:00:00,3603.5460313514195,3753.7875429878527,3334.260469596077
forecast_6312,2025-09-21 00:00:00,3757.0750760780793,3664.5408355349437,3242.643858563787
forecast_6313,2025-09-21 01:00:00,4318.868305638975,4866.2871395294615,3694.664312569795
forecast_6314,2025-09-21 02:00:00,4051.585075470471,4313.023979911665,3727.2407328277604
forecast_6315,2025-09-21 03:00:00,3766.6129500333077,3889.9220333016497,3552.9205720231453
forecast_6316,2025-09-21 04:00:00,3586.0452295538926,3736.457596691514,3061.6121259520805
forecast_6317,2025-09-21 05:00:00,3760.441635765694,4034.7711997534466,3397.345912550509
forecast_6318,2025-09-21 06:00:00,3934.355969196437,4321.437364293979,3566.4102909692956
forecast_6319,2025-09-21 07:00:00,3942.4488746139036,4435.191092322971,3639.5153949984024
forecast_6320,2025-09-21 08:00:00,3778.6522301437794,4094.902054953484,3505.8948763130975
forecast_6321,2025-09-21 09:00:00,3113.7370738354357,3923.807305732277,3317.4235575992866
forecast_6322,2025-09-21 10:00:00,3513.5104237182504,3301.8433473754408,2875.4171591810564
forecast_6323,2025-09-21 11:00:00,3507.554745204412,3648.1606300959297,2824.1204918416884
forecast_6324,2025-09-21 12:00:00,3475.3593284581293,3736.850841150181,3375.5264161250275
forecast_6325,2025-09-21 13:00:00,3711.457706629342,3852.22807935441,3322.058733746455
forecast_6326,2025-09-21 14:00:00,3650.886463180858,3715.5184066249462,3265.7445713491074
forecast_6327,2025-09-21 15:00:00,3624.6937440094507,5326.3857867305,4698.21002817458
forecast_6328,2025-09-21 16:00:00,3655.279834352749,4365.917735747665,3716.1950720631344
forecast_6329,2025-09-21 17:00:00,3508.9897966393532,3367.941983548783,3329.6568110846306
forecast_6330,2025-09-21 18:00:00,2853.917493899405,3433.6124937389877,3001.4844693533496
forecast_6331,2025-09-21 19:00:00,3039.23340754451,3431.666796360233,2929.084906014911
forecast_6332,2025-09-21 20:00:00,3692.7473497384563,3977.8075554332363,3545.8821646409497
forecast_6333,2025-09-21 21:00:00,4127.021222587533,4564.043074323711,3619.945853727351
forecast_6334,2025-09-21 22:00:00,4347.0072524383495,4861.943488875532,3715.687838786929
forecast_6335,2025-09-21 23:00:00,4586.795985371712,5399.010230716709,3727.3833464179984
forecast_6336,2025-09-22 00:00:00,4759.616042604333,5409.536904018316,3814.01690041308
forecast_6337,2025-09-22 01:00:00,4920.503252653752,5270.662398904606,3571.8646002161568
forecast_6338,2025-09-22 02:00:00,5077.192622889833,5772.62640709683,3746.3688727978897
forecast_6339,2025-09-22 03:00:00,5160.027533621584,5912.157872984166,3744.4752515081764
forecast_6340,2025-09-22 04:00:00,5401.9831387073045,5971.190295008361,3764.53633493681
forecast_6341,2025-09-22 05:00:00,5438.912861578812,6033.02432943231,3788.8695174700138
forecast_6342,2025-09-22 06:00:00,5503.198291949794,6278.520101379947,3802.745596370178
forecast_6343,2025-09-22 07:00:00,5333.570203749586,6018.773617140331,3878.226168985048
forecast_6344,2025-09-22 08:00:00,4704.022240456743,5622.1310666879235,3766.818652583187
forecast_6345,2025-09-22 09:00:00,4391.073419956009,5406.334898204857,3908.395700401962
forecast_6346,2025-09-22 10:00:00,4400.842691219255,5675.447214900541,4034.776427853027
forecast_6347,2025-09-22 11:00:00,4359.370778825502,5228.6352073713015,3831.5930543017225
forecast_6348,2025-09-22 12:00:00,4162.869468459855,5009.262232789901,3457.0395043225853
forecast_6349,2025-09-22 13:00:00,3810.7833502041162,4021.874384605383,3356.3567876745647
forecast_6350,2025-09-22 14:00:00,3887.593275317751,3800.052389078462,3332.2216835092763
forecast_6351,2025-09-22 15:00:00,3567.611506232327,3625.629737916696,3387.3104632525733
forecast_6352,2025-09-22 16:00:00,3774.3277840449696,3577.411969228497,3432.4728026024163
forecast_6353,2025-09-22 17:00:00,3706.6512685547787,3545.081743006878,3408.174797670902
forecast_6354,2025-09-22 18:00:00,3444.1544130897,3621.1842523273076,2990.827393416395
forecast_6355,2025-09-22 19:00:00,3419.921843525442,3574.1051191352412,2861.360737828758
forecast_6356,2025-09-22 20:00:00,3426.3063612868377,3757.150723673388,3146.55345656007
forecast_6357,2025-09-22 21:00:00,3538.912607071723,3905.883306713621,3218.0813468516017
forecast_6358,2025-09-22 22:00:00,3511.7064832238243,3813.564462424677,3190.4001840696724
forecast_6359,2025-09-22 23:00:00,3393.609617564611,3532.2360844053755,3034.0059531262377
forecast_6360,2025-09-23 00:00:00,3412.9401004670576,3558.954323987308,2805.0950439333333
forecast_6361,2025-09-23 01:00:00,3007.802644219032,3376.9915799278874,2631.332364318286
forecast_6362,2025-09-23 02:00:00,2838.8492869820807,3230.928888590986,2758.196200683678
forecast_6363,2025-09-23 03:00:00,3105.5246906143047,3133.6991492615502,3021.8309740267473
forecast_6364,2025-09-23 04:00:00,2900.4251887466203,2892.7899241032032,2414.902170917063
forecast_6365,2025-09-23 05:00:00,3234.948037600635,3035.481875255327,2508.8638992366814
forecast_6366,2025-09-23 06:00:00,3250.7205372605185,3325.242558579289,2450.6263631650822
forecast_6367,2025-09-23 07:00:00,3375.2471321614953,3423.348897222822,2482.9352812329366
forecast_6368,2025-09-23 08:00:00,3393.331878727979,3486.0426304852977,2840.6170212438105
forecast_6369,2025-09-23 09:00:00,3049.821933986733,3349.5653452159945,2690.7180679052112
forecast_6370,2025-09-23 10:00:00,2929.354920007195,3321.361073027555,2629.162575793154
forecast_6371,2025-09-23 11:00:00,3133.9712751667394,3305.4345334396744,3660.1050767766196
forecast_6372,2025-09-23 12:00:00,3890.873986775807,3451.9528975951107,3655.5583176794985
forecast_6373,2025-09-23 13:00:00,3611.3362281154464,4067.450548555399,3689.983539178124
forecast_6374,2025-09-23 14:00:00,3317.2431679633687,3693.629370213426,3349.6940645545096
forecast_6375,2025-09-23 15:00:00,3366.704295724368,4022.4697334270963,3609.398473494717
forecast_6376,2025-09-23 16:00:00,3369.4784437934377,3913.252034849267,3364.4268378331426
forecast_6377,2025-09-23 17:00:00,3356.5071281179476,4041.7246384311925,3205.1613442927583
forecast_6378,2025-09-23 18:00:00,3410.509544736527,3657.4909393814564,2705.296225622364
forecast_6379,2025-09-23 19:00:00,3117.727955588756,3141.132340137875,2311.8105051889265
forecast_6380,2025-09-23 20:00:00,3341.705044794489,3263.9632518044086,2463.4105491315527
forecast_6381,2025-09-23 21:00:00,3439.9412832977864,3296.3546940660626,2653.6478408694998
forecast_6382,2025-09-23 22:00:00,3499.7760041341585,3473.615830477801,2775.0888438718002
forecast_6383,2025-09-23 23:00:00,3545.43933981731,3305.8309332631775,3035.6289893125763
forecast_6384,2025-09-24 00:00:00,3527.988960772461,3430.480809971179,3088.8941437386025
forecast_6385,2025-09-24 01:00:00,3779.310607156464,3834.3478555891097,3528.78220419197
forecast_6386,2025-09-24 02:00:00,3693.879175163799,3494.459296039447,3837.4866742101976
forecast_6387,2025-09-24 03:00:00,3919.0067353558725,3847.7182464115367,4010.401612588269
forecast_6388,2025-09-24 04:00:00,4951.552881565902,4232.799790249497,3829.755528664732
forecast_6389,2025-09-24 05:00:00,4363.142254087417,5049.675512603559,3956.576109455663
forecast_6390,2025-09-24 06:00:00,5380.937472640594,5540.122545482884,3788.1313822983307
forecast_6391,2025-09-24 07:00:00,5399.061855933303,4547.039371827139,3793.2027728068497
forecast_6392,2025-09-24 08:00:00,5254.6845982570685,4290.688596746184,4178.301829617736
forecast_6393,2025-09-24 09:00:00,5537.687071252555,6096.650185931335,3974.404133365257
forecast_6394,2025-09-24 10:00:00,5411.481063595039,6380.8410901528205,4972.681338873531
forecast_6395,2025-09-24 11:00:00,6621.472053590454,8487.00697409198,6540.019373516614
forecast_6396,2025-09-24 12:00:00,7661.504067888022,9584.682091201725,8366.44252457945
forecast_6397,2025-09-24 13:00:00,9179.402267288351,10743.20483534331,9502.667441203726
forecast_6398,2025-09-24 14:00:00,9990.09316510477,11097.582254954441,9690.347589314662
forecast_6399,2025-09-24 15:00:00,10304.38033459269,11094.231877042888,9243.727650654402
forecast_6400,2025-09-24 16:00:00,9293.17034243089,10995.44595732577,8265.424316921077
forecast_6401,2025-09-24 17:00:00,9176.09125061887,10970.837325010967,7997.852319948471
forecast_6402,2025-09-24 18:00:00,10325.0460976978,11967.052891989633,8718.269147774976
forecast_6403,2025-09-24 19:00:00,12482.096470163178,14639.994428791097,10187.51464323789
forecast_6404,2025-09-24 20:00:00,12381.99432355204,15424.380691371329,12423.679417650885
forecast_6405,2025-09-24 21:00:00,13698.84543569586,16644.202828897156,14359.104654233764
forecast_6406,2025-09-24 22:00:00,14560.87585630223,17475.51629482816,15825.042048199819
forecast_6407,2025-09-24 23:00:00,14747.797911198157,18075.817946379906,16514.44880709693
forecast_6408,2025-09-25 00:00:00,14735.456948704006,18127.734501431834,16714.994480940797
forecast_6409,2025-09-25 01:00:00,16764.88646965965,18692.56054536695,17272.53211411128
forecast_6410,2025-09-25 02:00:00,16541.11491893042,18741.66191044328,17311.05294090199
forecast_6411,2025-09-25 03:00:00,15860.482612183672,18133.826498870512,16779.12000324327
forecast_6412,2025-09-25 04:00:00,14712.327021009813,17279.30011019155,15559.565861009813
forecast_6413,2025-09-25 05:00:00,14479.018475432422,16283.912253689396,14807.98450964828
forecast_6414,2025-09-25 06:00:00,14042.558267419701,15746.564269574514,13901.356151459184
forecast_6415,2025-09-25 07:00:00,14241.438986610192,15590.33211087285,13194.719226926009
forecast_6416,2025-09-25 08:00:00,14343.20872541361,15739.416129944517,12780.511491621386
forecast_6417,2025-09-25 09:00:00,14299.791031399991,15347.166888575057,13189.268780453329
forecast_6418,2025-09-25 10:00:00,13795.401088346385,15693.027869843298,12792.770682723074
forecast_6419,2025-09-25 11:00:00,12954.461149740931,15450.047726319412,13459.15725348968
forecast_6420,2025-09-25 12:00:00,13258.163477858148,15272.707715902518,13803.666084412234
forecast_6421,2025-09-25 13:00:00,13775.108550649033,14231.150747415864,13873.961945280851
forecast_6422,2025-09-25 14:00:00,12291.356079506526,13381.65350399859,13059.288605226282
forecast_6423,2025-09-25 15:00:00,12185.243410666522,13102.489660247245,10444.36437770942
forecast_6424,2025-09-25 16:00:00,13781.803557101233,13393.260696899535,11049.612808101268
forecast_6425,2025-09-25 17:00:00,11850.977294655058,13292.306214246746,11128.888124521636
forecast_6426,2025-09-25 18:00:00,13104.14699736536,13418.93735399018,12555.231880435806
forecast_6427,2025-09-25 19:00:00,13227.596683949238,14058.814828496706,12799.165539235652
forecast_6428,2025-09-25 20:00:00,14486.027326326002,15676.338359073881,13088.16931596806
forecast_6429,2025-09-25 21:00:00,16855.455572251063,17087.192569908784,12696.197825868501
forecast_6430,2025-09-25 22:00:00,18799.316218359847,18203.505322410707,12466.13975562269
forecast_6431,2025-09-25 23:00:00,18606.874129653334,18158.72675844097,10569.141389935063
forecast_6432,2025-09-26 00:00:00,18771.578530388728,18153.68540751305,10558.778088252164
forecast_6433,2025-09-26 01:00:00,13145.501364067562,13115.1563913624,7311.304266385619
forecast_6434,2025-09-26 02:00:00,11328.277207989593,12864.153140001956,7090.905961650017
forecast_6435,2025-09-26 03:00:00,11979.279504986316,11598.818867197564,5999.195541313136
forecast_6436,2025-09-26 04:00:00,9345.884000392427,8499.77754157441,4590.899795546043
forecast_6437,2025-09-26 05:00:00,7030.197290013601,5957.576458157603,3784.225048475149
forecast_6438,2025-09-26 06:00:00,4142.594338436494,3891.1773074483763,3269.8152658969752
forecast_6439,2025-09-26 07:00:00,3552.883016122517,3274.8045838939843,2637.526045017009
forecast_6440,2025-09-26 08:00:00,2828.162656448526,2758.922808694621,1423.834855477689
forecast_6441,2025-09-26 09:00:00,1200.5220584836748,2376.805598607019,32.77511562681753
forecast_6442,2025-09-26 10:00:00,3791.130594160569,3213.6190384404704,24.614635771527105
forecast_6443,2025-09-26 11:00:00,3276.331012952417,2638.2580886909914,30.120207973811713
forecast_6444,2025-09-26 12:00:00,2881.3307668703574,1348.4983085831332,33.16908313996515
forecast_6445,2025-09-26 13:00:00,1982.109285533182,29.07858903666865,22.57521780084866
forecast_6446,2025-09-26 14:00:00,1981.6255298778538,1163.503925540129,25.863161590807874
forecast_6447,2025-09-26 15:00:00,1976.0700453773647,1158.3908818489692,20.912789466405865
forecast_6448,2025-09-26 16:00:00,2878.8615259852118,2140.008949231435,27.346941745128426
forecast_6449,2025-09-26 17:00:00,3097.873320362176,3078.9858720927878,28.295977139318744
forecast_6450,2025-09-26 18:00:00,2601.831728612284,2799.804486254589,46.43757038822469
forecast_6451,2025-09-26 19:00:00,2627.6893107926453,2969.597913897313,52.08221648973687
forecast_6452,2025-09-26 20:00:00,3111.6159980120597,3343.8725816548804,43.22204714108738
forecast_6453,2025-09-26 21:00:00,3252.851100137122,3886.1327276548004,1125.5367030801049
forecast_6454,2025-09-26 22:00:00,3514.2199002162165,4461.6830322934975,2171.494882487564
forecast_6455,2025-09-26 23:00:00,3017.1271862927233,3011.337169166952,1626.4806673422668
forecast_6456,2025-09-27 00:00:00,3552.8734289826198,3608.913596102348,1246.4425154640387
forecast_6457,2025-09-27 01:00:00,3411.748972618404,3640.755669763889,1320.2939244966822
forecast_6458,2025-09-27 02:00:00,3092.315159083258,3286.8751695608603,1139.364425606552
forecast_6459,2025-09-27 03:00:00,2833.1523412794863,3446.473662158624,1169.2017377805155
forecast_6460,2025-09-27 04:00:00,3458.6160377391498,3447.784193605769,1369.6733204149284
forecast_6461,2025-09-27 05:00:00,3235.203951227215,3462.266539877567,898.8197528092103
forecast_6462,2025-09-27 06:00:00,3424.2123374953885,3445.706690630417,945.9814616407292
forecast_6463,2025-09-27 07:00:00,3394.63589095688,3519.897920296508,3159.9478999488956
forecast_6464,2025-09-27 08:00:00,3139.394872123163,2702.45986249381,2418.6294334798004
forecast_6465,2025-09-27 09:00:00,3501.2876190569277,3417.291298548101,2418.584211652094
forecast_6466,2025-09-27 10:00:00,3368.640206347143,3278.7929299275647,1274.3870063822746
forecast_6467,2025-09-27 11:00:00,3464.742443564579,3065.1227827653684,189.7527753789585
forecast_6468,2025-09-27 12:00:00,4307.743575523631,5122.720253345716,2388.4060794108304
forecast_6469,2025-09-27 13:00:00,4139.394430873511,5354.00158193965,2341.257022145522
forecast_6470,2025-09-27 14:00:00,2761.8560025378038,3771.95760914796,4053.0843053804174
forecast_6471,2025-09-27 15:00:00,5585.410666239189,4536.397837895448,4795.135054799838
forecast_6472,2025-09-27 16:00:00,5144.935979105868,4508.306428074092,4790.732169683203
forecast_6473,2025-09-27 17:00:00,5570.364302707402,4823.287010979478,3874.1688802484227
forecast_6474,2025-09-27 18:00:00,5617.6847011973,4179.197712903051,4074.0259088948196
forecast_6475,2025-09-27 19:00:00,3414.479260390966,3110.7615685521087,5045.974872924895
forecast_6476,2025-09-27 20:00:00,3246.361294844585,3087.172649271338,6101.374275090643
forecast_6477,2025-09-27 21:00:00,3419.0577082224236,3114.9812226176778,4939.107067065566
forecast_6478,2025-09-27 22:00:00,3764.5401826405864,3213.421669934454,3379.601724667782
forecast_6479,2025-09-27 23:00:00,3542.5748160818807,3170.28279905936,3576.008310928169
forecast_6480,2025-09-28 00:00:00,3587.7439450683464,2965.789457083748,3624.3469738243684
forecast_6481,2025-09-28 01:00:00,4482.9000269176495,4592.736345914629,3723.8065869250845
forecast_6482,2025-09-28 02:00:00,4530.215896854717,5171.923552338585,3781.110660393972
forecast_6483,2025-09-28 03:00:00,4911.938878285699,5927.370800930369,3790.3593870251734
forecast_6484,2025-09-28 04:00:00,5409.4787342514865,5835.574033936207,3722.249334877727
forecast_6485,2025-09-28 05:00:00,5171.955893413146,5145.28680954157,3656.070912412555
forecast_6486,2025-09-28 06:00:00,4242.0836821006915,4623.350038038605,3746.3254928447996
forecast_6487,2025-09-28 07:00:00,4034.6074687939176,4256.423417499879,3520.680767067304
forecast_6488,2025-09-28 08:00:00,4240.016371748646,4256.617815111002,3504.0804162762392
forecast_6489,2025-09-28 09:00:00,4747.746006829048,4206.325721334457,3687.500996052257
forecast_6490,2025-09-28 10:00:00,4909.751589023271,4715.773125670076,3789.996297915505
forecast_6491,2025-09-28 11:00:00,4205.7351782906835,4545.315243872075,3854.3756452352013
forecast_6492,2025-09-28 12:00:00,4105.451090322683,4450.157077301485,3582.7992497435584
forecast_6493,2025-09-28 13:00:00,4461.2254879979355,4533.2345324147345,3408.3330177287266
forecast_6494,2025-09-28 14:00:00,4215.133671064038,4366.726956138603,3516.896275460312
forecast_6495,2025-09-28 15:00:00,4812.579642084368,5147.438683423679,3787.833866614064
forecast_6496,2025-09-28 16:00:00,4689.5797435211325,5191.826285808164,3803.8058128844227
forecast_6497,2025-09-28 17:00:00,5846.427622322889,5937.017859046891,3804.791966894788
forecast_6498,2025-09-28 18:00:00,4826.952818480565,4923.365930409169,3735.136125018917
forecast_6499,2025-09-28 19:00:00,5099.818394317816,5047.820941959193,3824.0142150067754
forecast_6500,2025-09-28 20:00:00,4925.427800634584,6502.294564939372,3770.2101555224685
forecast_6501,2025-09-28 21:00:00,6292.46672788701,6491.976430217694,4005.7527385902986
forecast_6502,2025-09-28 22:00:00,6606.695731398763,6522.583328724004,4446.725010540307
forecast_6503,2025-09-28 23:00:00,6649.092837790534,6566.234516576511,4649.720742069533
forecast_6504,2025-09-29 00:00:00,6464.881355229135,6249.752945298275,4436.183052553702
forecast_6505,2025-09-29 01:00:00,5002.103454112502,6018.881259126646,3510.2106626378795
forecast_6506,2025-09-29 02:00:00,5488.71320149725,5352.714689852956,3543.3531136447923
forecast_6507,2025-09-29 03:00:00,5670.824215596936,3883.85778912214,3478.2763831285133
forecast_6508,2025-09-29 04:00:00,5356.219366888407,4302.234302220567,3639.1649788355758
forecast_6509,2025-09-29 05:00:00,4318.924743104434,4074.7641367497376,3632.6074976524874
forecast_6510,2025-09-29 06:00:00,3829.888486510414,3819.866967792574,3350.002934475001
forecast_6511,2025-09-29 07:00:00,3652.453097962033,3652.2544156269955,3389.613998343839
forecast_6512,2025-09-29 08:00:00,3577.9160806814093,3443.0964810741734,2934.9896187080462
forecast_6513,2025-09-29 09:00:00,3177.457698836736,3219.555612124588,4070.551032734434
forecast_6514,2025-09-29 10:00:00,3477.2354679007926,3002.9258278769444,65.98124537880202
forecast_6515,2025-09-29 11:00:00,3388.47856982839,2910.101959172692,28.258041151968353
forecast_6516,2025-09-29 12:00:00,3650.7790510534633,3377.9298119450773,24.12788027129541
forecast_6517,2025-09-29 13:00:00,2875.459616759471,2054.1927856677057,37.727026309301884
forecast_6518,2025-09-29 14:00:00,1589.8773757785207,99.19258584205113,93.99893958427943
forecast_6519,2025-09-29 15:00:00,2778.0178626157185,2109.6641202580954,145.63648591007305
forecast_6520,2025-09-29 16:00:00,2878.7516920686835,2193.421538577776,145.72040410226438
forecast_6521,2025-09-29 17:00:00,3208.484249056508,2094.626314858474,96.42622846822906
forecast_6522,2025-09-29 18:00:00,2926.7907551445683,3801.886543028776,1157.171455877284
forecast_6523,2025-09-29 19:00:00,3628.1723653325157,4070.608942794461,1119.3037039177464
forecast_6524,2025-09-29 20:00:00,3320.3044713124536,4223.411035839198,4336.868819750364
forecast_6525,2025-09-29 21:00:00,5428.993418424734,4926.509237536514,3437.462135143518
forecast_6526,2025-09-29 22:00:00,3929.793004148631,4292.02372125248,3678.4664769108495
forecast_6527,2025-09-29 23:00:00,4119.946758089201,4692.336426773408,3737.7777624933574
forecast_6528,2025-09-30 00:00:00,3800.1404612592546,3497.504398534397,3426.3561184799905
forecast_6529,2025-09-30 01:00:00,3615.1394119194856,3500.8137051645786,3471.2511707112203
forecast_6530,2025-09-30 02:00:00,3577.1704837412444,3617.740550937145,3547.650923365804
forecast_6531,2025-09-30 03:00:00,3668.509937135547,3592.196049213498,3225.102828637112
forecast_6532,2025-09-30 04:00:00,3645.6074737607796,3660.9717058003907,3080.505295804832
forecast_6533,2025-09-30 05:00:00,3620.050285972085,3592.5948827566676,3094.8603139405923
forecast_6534,2025-09-30 06:00:00,3404.1552644789367,3448.2541818423156,3493.5408554180785
forecast_6535,2025-09-30 07:00:00,3296.309973686562,3274.647086313344,3342.061506600782
forecast_6536,2025-09-30 08:00:00,4205.868951424768,4191.499184511452,3720.896358478145
forecast_6537,2025-09-30 09:00:00,3733.741986769284,3748.394327956782,4497.706781942034
forecast_6538,2025-09-30 10:00:00,3927.2407512927043,4080.824216498325,1200.2673595507151
forecast_6539,2025-09-30 11:00:00,3648.0291511738055,3826.3530994301705,3504.412096303869
forecast_6540,2025-09-30 12:00:00,3648.67685267956,3397.3290634966243,3421.5591304000263
forecast_6541,2025-09-30 13:00:00,3707.9730197712206,3407.3094436237925,3078.8268246422135
forecast_6542,2025-09-30 14:00:00,3495.338557387843,3192.80152836526,3396.692363198778
forecast_6543,2025-09-30 15:00:00,3699.855855939146,3127.0995454086797,3458.8578496755813
forecast_6544,2025-09-30 16:00:00,3713.656728921592,3436.6368520051205,3497.4806231226084
forecast_6545,2025-09-30 17:00:00,4161.510478532453,3675.241804450672,3368.0949204421436
forecast_6546,2025-09-30 18:00:00,3828.2071427455635,3850.0397764313047,3584.071700653395
forecast_6547,2025-09-30 19:00:00,3916.8509642873037,3834.837917356823,3750.104787957562
forecast_6548,2025-09-30 20:00:00,4290.559228728916,4244.009431539947,3595.833533814505
forecast_6549,2025-09-30 21:00:00,5237.707746200524,4805.696051528732,3763.298770965121
forecast_6550,2025-09-30 22:00:00,5701.431835645539,5114.755704047709,3856.6333455987124
forecast_6551,2025-09-30 23:00:00,6329.472208323635,5355.598299372185,4076.6001297872585
forecast_6552,2025-10-01 00:00:00,6158.436225047085,6117.5690897650165,4378.204477062291
forecast_6553,2025-10-01 01:00:00,9487.344867957221,8725.636265459101,5948.518730912622
forecast_6554,2025-10-01 02:00:00,9396.273235314713,8884.015479975778,5894.094957568597
forecast_6555,2025-10-01 03:00:00,9661.37605022944,9456.638472719123,6237.6358977417585
forecast_6556,2025-10-01 04:00:00,9148.060669550172,9194.690922521235,6363.038650039844
forecast_6557,2025-10-01 05:00:00,8691.26789932757,8527.86187575336,6061.378421781299
forecast_6558,2025-10-01 06:00:00,7576.789726696228,7193.536318931735,5012.242702726596
forecast_6559,2025-10-01 07:00:00,6258.43189926395,5791.864325561459,4018.039584378863
forecast_6560,2025-10-01 08:00:00,4107.399149078037,4051.4704826510883,3604.9279044315876
forecast_6561,2025-10-01 09:00:00,3880.9563727418545,3846.056133624053,3442.8371405576636
forecast_6562,2025-10-01 10:00:00,3526.6034295447234,3496.6188451996277,3054.5948161626966
forecast_6563,2025-10-01 11:00:00,3599.8946177543166,3319.670544094176,2877.8492668738704
forecast_6564,2025-10-01 12:00:00,3378.2333447525084,2785.2825102746965,2992.7052960266597
forecast_6565,2025-10-01 13:00:00,3595.1658957768223,3571.274029757321,3290.9638118878847
forecast_6566,2025-10-01 14:00:00,3599.820288140343,3385.1078897355633,3367.108207097185
forecast_6567,2025-10-01 15:00:00,3542.3771790027254,2865.0249347714007,3144.9571871864614
forecast_6568,2025-10-01 16:00:00,3653.2321992269726,3548.3770238909174,3194.7819072218485
forecast_6569,2025-10-01 17:00:00,3942.3979488237537,3893.4699156649017,3343.76325022948
forecast_6570,2025-10-01 18:00:00,3726.3849034706955,3619.874642067421,3581.247128867775
forecast_6571,2025-10-01 19:00:00,4676.53472054312,5025.01622048748,3817.0198358784282
forecast_6572,2025-10-01 20:00:00,6820.317444463517,6944.454200110448,4528.282645711924
forecast_6573,2025-10-01 21:00:00,7342.891124323348,7199.406160569558,4398.700190678921
forecast_6574,2025-10-01 22:00:00,7238.807449963684,7203.995894657445,4199.621904316934
forecast_6575,2025-10-01 23:00:00,6826.2957919930295,6714.029479812895,4073.3103761644907
forecast_6576,2025-10-02 00:00:00,7422.571528858146,7358.000800285514,4172.889583787342
forecast_6577,2025-10-02 01:00:00,5930.889999143476,6212.792398914202,3929.31519610617
forecast_6578,2025-10-02 02:00:00,5624.988940958849,5683.05991745761,3774.1689513992537
forecast_6579,2025-10-02 03:00:00,4873.096663884906,4708.164890026141,3485.3233796437107
forecast_6580,2025-10-02 04:00:00,4240.556845649286,4103.826954235884,3837.07932414611
forecast_6581,2025-10-02 05:00:00,4335.1174938496515,4070.4929110807943,3434.7411084954438
forecast_6582,2025-10-02 06:00:00,3414.1588110819785,3286.1902862680045,3395.3936377859623
forecast_6583,2025-10-02 07:00:00,3593.2342852644642,3426.4684406907986,3160.770712515662
forecast_6584,2025-10-02 08:00:00,3395.313739809661,3280.8973889387753,3475.3622754196135
forecast_6585,2025-10-02 09:00:00,3371.95466611311,3955.0827180563506,1791.6855325927074
forecast_6586,2025-10-02 10:00:00,1264.383531944145,2145.2066561644506,45.49655676979501
forecast_6587,2025-10-02 11:00:00,3441.256714075708,3279.576344708358,5.916918631143188
forecast_6588,2025-10-02 12:00:00,3537.8043489353513,2967.0178555502334,16.37358875327283
forecast_6589,2025-10-02 13:00:00,4204.754423145146,2648.3170556533496,23.315379530721504
forecast_6590,2025-10-02 14:00:00,30.346804429427934,30.651007872579317,777.6969977593081
forecast_6591,2025-10-02 15:00:00,36.56075337494607,32.77430877702647,39.33032818753532
forecast_6592,2025-10-02 16:00:00,32.96667184877516,30.37135238905683,32.5260522936843
forecast_6593,2025-10-02 17:00:00,33.045311813091786,1202.4516881450613,23.522908003250976
forecast_6594,2025-10-02 18:00:00,4002.481677290356,4487.5872667676385,1116.1545171818714
forecast_6595,2025-10-02 19:00:00,3444.070171392091,3804.1622788152595,1090.2702705981844
forecast_6596,2025-10-02 20:00:00,4194.5752859492,5060.717290623196,1138.2300820452397
forecast_6597,2025-10-02 21:00:00,4126.141458944967,5306.450077397071,2169.131245760177
forecast_6598,2025-10-02 22:00:00,3538.90098529799,4311.565862537287,2308.657972144159
forecast_6599,2025-10-02 23:00:00,3453.486542043873,3596.087811578712,1211.8571618651738
forecast_6600,2025-10-03 00:00:00,3002.443195641124,3132.9224202526952,130.96769140004838
forecast_6601,2025-10-03 01:00:00,3174.8693707097946,3304.818480564508,2651.1418457787436
forecast_6602,2025-10-03 02:00:00,3228.7861429799163,3079.5688350842433,2791.3571679716083
forecast_6603,2025-10-03 03:00:00,3388.469271312733,3491.463690879303,2404.107852711013
forecast_6604,2025-10-03 04:00:00,3277.5263124496464,3442.0024478197615,2470.4184141211163
forecast_6605,2025-10-03 05:00:00,3247.721693432165,3398.5089473146513,2487.218353499883
forecast_6606,2025-10-03 06:00:00,3224.487389900831,3342.3454370159384,2679.509623685256
forecast_6607,2025-10-03 07:00:00,3471.7257673245135,3818.715301245807,2502.1430444240464
forecast_6608,2025-10-03 08:00:00,3840.8485757582953,4029.610621923251,3280.017748942187
forecast_6609,2025-10-03 09:00:00,3991.0262704087454,4565.515564479264,3344.652956625792
forecast_6610,2025-10-03 10:00:00,4151.924776142039,4596.741303813988,3605.3026818546937
forecast_6611,2025-10-03 11:00:00,4305.197230422781,5139.576888656852,3737.095788357326
forecast_6612,2025-10-03 12:00:00,4081.3936560982606,4981.409830966869,4009.7792251094065
forecast_6613,2025-10-03 13:00:00,3856.5122147329716,4584.844496684852,3775.687374633361
forecast_6614,2025-10-03 14:00:00,3424.660433913972,3809.5487731383455,3402.234619547642
forecast_6615,2025-10-03 15:00:00,3694.766926026658,3722.5925974223915,3469.247959670282
forecast_6616,2025-10-03 16:00:00,3740.18136775445,3875.923873830762,3562.7774359824148
forecast_6617,2025-10-03 17:00:00,3871.590787788789,4048.1559893322024,3630.876570063109
forecast_6618,2025-10-03 18:00:00,4055.072254241698,4707.093743518665,3788.087806789373
forecast_6619,2025-10-03 19:00:00,4482.415259589726,5092.278850861005,3767.5566986652566
forecast_6620,2025-10-03 20:00:00,4978.640699678917,5486.61510916333,3942.5246236836615
forecast_6621,2025-10-03 21:00:00,4251.288150371541,4887.524739566552,3704.237430317427
forecast_6622,2025-10-03 22:00:00,4025.859404602763,4296.89873047529,3589.5289768051007
forecast_6623,2025-10-03 23:00:00,3878.598189054551,3895.5322389714806,3513.9569381354136
forecast_6624,2025-10-04 00:00:00,3858.7286703239297,4180.431395350939,3334.485101487025
forecast_6625,2025-10-04 01:00:00,3632.8100043692552,3872.4660165559185,3451.5953997105385
forecast_6626,2025-10-04 02:00:00,3479.5640764287073,3740.089151486995,3207.31772843029
forecast_6627,2025-10-04 03:00:00,3509.7765154769027,3584.795316971576,3265.7197895655804
forecast_6628,2025-10-04 04:00:00,3469.9372412376842,3555.0083281846646,2920.4099863686192
forecast_6629,2025-10-04 05:00:00,3523.394679542209,3630.5302630704887,2771.968635077408
forecast_6630,2025-10-04 06:00:00,3259.0465252330937,3380.46635220495,2791.583619418237
forecast_6631,2025-10-04 07:00:00,3158.7591422071605,3330.286143758448,2683.1756256883305
forecast_6632,2025-10-04 08:00:00,3028.3221686895313,3282.046063612426,2548.183110543988
forecast_6633,2025-10-04 09:00:00,3390.394082211195,3454.6301339874476,2748.0291285205694
forecast_6634,2025-10-04 10:00:00,2680.9383888731577,3154.303144488897,2670.309794325828
forecast_6635,2025-10-04 11:00:00,2595.3636728536894,3410.2179787828345,2563.771135818281
forecast_6636,2025-10-04 12:00:00,3004.4530553032423,3190.863309083318,2630.1725038837376
forecast_6637,2025-10-04 13:00:00,3118.2101561984678,3227.746330007474,2838.8386757133144
forecast_6638,2025-10-04 14:00:00,3591.049422687491,3352.391936129681,3127.996640340397
forecast_6639,2025-10-04 15:00:00,3266.7604983334886,3417.7594875470663,2559.980760020882
forecast_6640,2025-10-04 16:00:00,3474.353394878325,3444.705151387947,2893.962071552439
forecast_6641,2025-10-04 17:00:00,3610.051233062446,3720.6853732861277,3161.5929510751853
forecast_6642,2025-10-04 18:00:00,3320.9200795534957,3741.878667877895,3164.972277285581
forecast_6643,2025-10-04 19:00:00,2676.6845498378443,3291.8947452858456,3413.877393069072
forecast_6644,2025-10-04 20:00:00,2604.366738290924,3295.325117966978,3170.4318407631063
forecast_6645,2025-10-04 21:00:00,2572.395771116556,3250.5211491484906,2914.1457263765856
forecast_6646,2025-10-04 22:00:00,4014.366011746916,4036.8911379503247,2062.8248085456926
forecast_6647,2025-10-04 23:00:00,3898.537941205921,3495.2272308888228,2850.806964516891
forecast_6648,2025-10-05 00:00:00,2730.5066314590704,3105.9638370877215,147.36984830406305
forecast_6649,2025-10-05 01:00:00,3425.077988377847,2874.6906867734738,3403.2970394184963
forecast_6650,2025-10-05 02:00:00,3240.4799691919807,3147.4857844185685,3365.4001657323956
forecast_6651,2025-10-05 03:00:00,3532.6980402741383,3311.5508276347205,3342.34586290101
forecast_6652,2025-10-05 04:00:00,2892.64151877036,2495.117022967286,127.05765941944263
forecast_6653,2025-10-05 05:00:00,3326.324533716607,3210.7906968201464,783.6608507353802
forecast_6654,2025-10-05 06:00:00,3482.2704892235024,3377.394725414582,41.604765378466944
forecast_6655,2025-10-05 07:00:00,4332.619952009177,3108.9872633061736,53.26071565028975
forecast_6656,2025-10-05 08:00:00,3528.8918893827486,3438.693610036621,51.75542683289484
forecast_6657,2025-10-05 09:00:00,3658.066452159115,3568.844547443295,43.13015885574445
forecast_6658,2025-10-05 10:00:00,3220.105325377701,3423.377993399576,27.405952776851198
forecast_6659,2025-10-05 11:00:00,3467.5007808438963,4166.64594944651,15.941811373993106
forecast_6660,2025-10-05 12:00:00,3525.608141953831,3100.931416299051,14.021826629245991
forecast_6661,2025-10-05 13:00:00,3643.0513014987396,2824.0787279795745,10.605308411414926
forecast_6662,2025-10-05 14:00:00,2591.0268753835894,2514.8815885411605,10.457775079538887
forecast_6663,2025-10-05 15:00:00,2305.241478964368,2730.746722548938,1336.077468374782
forecast_6664,2025-10-05 16:00:00,2347.088520123773,2299.48979846133,50.39093884047648
forecast_6665,2025-10-05 17:00:00,2339.7604139575965,2186.682899791708,91.57382751869838
forecast_6666,2025-10-05 18:00:00,3090.072261310166,3525.546378681205,2971.065378959295
forecast_6667,2025-10-05 19:00:00,3408.196895659383,3225.453429979018,3359.2597257646025
forecast_6668,2025-10-05 20:00:00,3460.587838846156,3374.3973219131635,3234.613587549889
forecast_6669,2025-10-05 21:00:00,3641.3353378307074,3730.496108563793,3214.7353747237203
forecast_6670,2025-10-05 22:00:00,3575.3868404412,3538.556803998797,3239.9643479462666
forecast_6671,2025-10-05 23:00:00,3451.674700300835,3556.6062136939854,3014.6132902888216
forecast_6672,2025-10-06 00:00:00,3391.0032541495066,3504.1113240440745,2791.4130129785326
forecast_6673,2025-10-06 01:00:00,3051.9556462895166,3321.143605716103,3074.754883384107
forecast_6674,2025-10-06 02:00:00,3047.3560868046293,3301.704218605343,2583.5592043133565
forecast_6675,2025-10-06 03:00:00,3379.5560042025795,3560.680757990066,2999.4434331996445
forecast_6676,2025-10-06 04:00:00,3921.97933452147,4102.478370954291,3425.652038305087
forecast_6677,2025-10-06 05:00:00,4090.4954184095072,4927.085873093488,3368.925575401498
forecast_6678,2025-10-06 06:00:00,5762.451304604517,7229.249126046193,3992.851564070249
forecast_6679,2025-10-06 07:00:00,6906.7362743291615,8984.08090233612,5933.54043782649
forecast_6680,2025-10-06 08:00:00,8107.372072783865,10432.769344403046,7468.572839418644
forecast_6681,2025-10-06 09:00:00,8484.033400863478,10445.30713983185,8405.931650205148
forecast_6682,2025-10-06 10:00:00,7826.465863564578,9993.093024350424,7736.700328637482
forecast_6683,2025-10-06 11:00:00,7069.252705479107,8922.453292281727,6761.527301401491
forecast_6684,2025-10-06 12:00:00,5796.351912952366,7937.635344599764,5122.21373802105
forecast_6685,2025-10-06 13:00:00,4612.2156171803035,6185.056218850911,4091.7948244165113
forecast_6686,2025-10-06 14:00:00,4135.4137792621705,4907.895866618701,3614.0186903150343
forecast_6687,2025-10-06 15:00:00,3815.789142677448,4531.294265922916,3420.1543932320933
forecast_6688,2025-10-06 16:00:00,4096.938810435601,4705.367481797736,3698.3268963084206
forecast_6689,2025-10-06 17:00:00,4765.163088824489,5786.0276815374355,4111.842422888951
forecast_6690,2025-10-06 18:00:00,5825.840131354298,6476.0588344535245,4524.126571821572
forecast_6691,2025-10-06 19:00:00,6968.766230588455,8236.392058621399,6022.457455868152
forecast_6692,2025-10-06 20:00:00,8418.363472219722,9890.17101805145,7550.084972807703
forecast_6693,2025-10-06 21:00:00,9979.393692632408,12697.570589447565,10009.056613627345
forecast_6694,2025-10-06 22:00:00,11369.19826311613,13996.905644178687,11298.239084999477
forecast_6695,2025-10-06 23:00:00,12542.068391343993,14863.513346740969,12438.812601556234
forecast_6696,2025-10-07 00:00:00,14500.131507500302,15246.899624243631,11569.921532866078
forecast_6697,2025-10-07 01:00:00,10654.320238466595,11993.546249835814,7156.980072372666
forecast_6698,2025-10-07 02:00:00,9487.550384943868,11643.914584392749,7253.603237179836
forecast_6699,2025-10-07 03:00:00,9030.810947380976,10706.975177582519,7375.795698078374
forecast_6700,2025-10-07 04:00:00,9361.635091408483,11067.83004866714,7248.035828890482
forecast_6701,2025-10-07 05:00:00,9714.90259560299,11472.010781679402,8013.928289413849
forecast_6702,2025-10-07 06:00:00,9250.518236753755,11387.806865187278,7606.6746542355995
forecast_6703,2025-10-07 07:00:00,8288.88970075472,9810.54185992275,6653.5625276893525
forecast_6704,2025-10-07 08:00:00,7300.781318072357,8784.086573146496,5482.290958943188
forecast_6705,2025-10-07 09:00:00,6110.218495429731,7301.831532806507,4708.505129370839
forecast_6706,2025-10-07 10:00:00,4955.453680941892,5797.536939711832,3782.3974526779634
forecast_6707,2025-10-07 11:00:00,4145.64444883944,4411.869218871334,3767.2347084595417
forecast_6708,2025-10-07 12:00:00,3488.568137569339,3843.8695282484036,3760.989408914628
forecast_6709,2025-10-07 13:00:00,3447.214461903306,3519.238955959755,3159.723886629044
forecast_6710,2025-10-07 14:00:00,3024.0879259293943,3161.9584893841175,2754.646334888398
forecast_6711,2025-10-07 15:00:00,3108.096478452744,2883.5504650246644,2477.2247058882012
forecast_6712,2025-10-07 16:00:00,3321.4217918419113,2741.302227838766,2895.2291867665294
forecast_6713,2025-10-07 17:00:00,3072.5657062068176,2899.9584677812195,2290.8514850997626
forecast_6714,2025-10-07 18:00:00,3136.990084039062,3154.635344656896,921.0023699515224
forecast_6715,2025-10-07 19:00:00,2769.1292222074117,2887.160754041966,162.21277459169644
forecast_6716,2025-10-07 20:00:00,2682.559226462988,2436.3653397951107,990.8739815152387
forecast_6717,2025-10-07 21:00:00,2815.1738833606364,3138.5047048119254,2109.0926968420818
forecast_6718,2025-10-07 22:00:00,3278.0502760943396,3609.0782413245784,2110.9323683269954
forecast_6719,2025-10-07 23:00:00,3598.4988401298824,3695.6273451807365,1893.5661832517064
forecast_6720,2025-10-08 00:00:00,3309.5866694839483,3758.419569704989,882.2201627638431
forecast_6721,2025-10-08 01:00:00,3694.9431991905294,3592.1415852341615,1646.2130517981818
forecast_6722,2025-10-08 02:00:00,2997.5691690721656,2793.466119937589,87.71645848200728
forecast_6723,2025-10-08 03:00:00,3270.9353831067942,2776.728142467659,1221.9416736858018
forecast_6724,2025-10-08 04:00:00,3023.16265566855,2587.8943679732756,107.40126657129643
forecast_6725,2025-10-08 05:00:00,3516.1279994083548,3598.8876718258625,1413.523607088791
forecast_6726,2025-10-08 06:00:00,3483.5976506383226,3337.7756611925797,1413.424637849213
forecast_6727,2025-10-08 07:00:00,3526.124537946211,3582.6865949020284,1429.6455089368276
forecast_6728,2025-10-08 08:00:00,3415.2849543452257,3518.943196129318,2235.6886463396527
forecast_6729,2025-10-08 09:00:00,3242.3125190559485,3381.336431037356,2199.4481155454623
forecast_6730,2025-10-08 10:00:00,2947.9164442882625,3458.039665125104,2522.480255330665
forecast_6731,2025-10-08 11:00:00,2816.955184443649,3133.788544150831,1851.4631261377444
forecast_6732,2025-10-08 12:00:00,2703.216511774479,2796.070800273339,1770.221427000844
forecast_6733,2025-10-08 13:00:00,2402.5779455199995,2663.9477423176677,1758.4278939860512
forecast_6734,2025-10-08 14:00:00,2344.3170326443756,2682.9494119890296,2415.7008106615253
forecast_6735,2025-10-08 15:00:00,2836.404773174737,3041.48318559502,2853.164849977564
forecast_6736,2025-10-08 16:00:00,2963.471637064942,2981.514834229666,2881.7717151969277
forecast_6737,2025-10-08 17:00:00,3156.5265767006013,3792.5525755653084,3230.0750452988646
forecast_6738,2025-10-08 18:00:00,2679.4864213383644,3518.863013892325,3220.388603205477
forecast_6739,2025-10-08 19:00:00,2956.864385003625,3195.7213406010433,2708.6996360894996
forecast_6740,2025-10-08 20:00:00,3423.675633463223,3605.1896880497557,2859.420840165598
forecast_6741,2025-10-08 21:00:00,3795.67633967882,4057.4551831306444,3279.329486539081
forecast_6742,2025-10-08 22:00:00,3919.233117329311,4682.271853737961,3439.583964552778
forecast_6743,2025-10-08 23:00:00,4511.075492395625,5529.050656551716,3992.992089160118
forecast_6744,2025-10-09 00:00:00,4740.232207069925,6097.857288464363,4388.045601342619
forecast_6745,2025-10-09 01:00:00,5121.744170570297,6561.728030618857,4737.565907403569
forecast_6746,2025-10-09 02:00:00,5034.371164980772,6416.97438949249,4498.548886200765
forecast_6747,2025-10-09 03:00:00,5161.488868544901,6575.487195478888,4513.551938168236
forecast_6748,2025-10-09 04:00:00,4981.13637627024,6487.919815583071,4356.8321582203025
forecast_6749,2025-10-09 05:00:00,5362.400230338862,6645.916719771996,4637.813184228068
forecast_6750,2025-10-09 06:00:00,5262.0610561262565,6733.965092412834,4886.4870962383775
forecast_6751,2025-10-09 07:00:00,4825.729418283002,6344.705905478879,4724.682163302179
forecast_6752,2025-10-09 08:00:00,4434.15382336722,5456.024925569834,4421.836634201242
forecast_6753,2025-10-09 09:00:00,4009.04765321806,4908.2787409490265,4096.38952280726
forecast_6754,2025-10-09 10:00:00,3737.309371314547,4353.112844382788,3623.3360771029743
forecast_6755,2025-10-09 11:00:00,3426.5167809038835,3778.454808706017,3506.036995942609
forecast_6756,2025-10-09 12:00:00,3463.503092890033,3472.416094138739,3098.452680315356
forecast_6757,2025-10-09 13:00:00,3184.896316619481,3270.4857851781953,3097.6571160451554
forecast_6758,2025-10-09 14:00:00,3301.404426041686,3466.0980388761814,3113.891449067274
forecast_6759,2025-10-09 15:00:00,3149.3897620987236,3426.7357359647003,2950.164441148505
forecast_6760,2025-10-09 16:00:00,3442.2221391161006,3935.236109504695,3040.89051514803
forecast_6761,2025-10-09 17:00:00,3425.782529964316,3732.39711354669,2660.51423580232
forecast_6762,2025-10-09 18:00:00,3227.355137580184,3708.7267019595006,2697.2524143735945
forecast_6763,2025-10-09 19:00:00,2987.5974521317266,3249.872203697775,2460.603889059086
forecast_6764,2025-10-09 20:00:00,3213.858068183923,3156.4248403096312,2905.618613147862
forecast_6765,2025-10-09 21:00:00,3182.530249391164,2624.903144784909,2179.903753613773
forecast_6766,2025-10-09 22:00:00,2993.641600652428,2948.4377375544955,641.1249220350476
forecast_6767,2025-10-09 23:00:00,3254.397299899262,2812.7722943912695,2051.9762985905018
forecast_6768,2025-10-10 00:00:00,3237.4569757630366,3446.7047413213045,1964.9768220353608
forecast_6769,2025-10-10 01:00:00,3128.947241187864,3359.2462358246485,1855.5391992351394
forecast_6770,2025-10-10 02:00:00,3081.8498733264914,3357.3630002915183,2346.2596743960007
forecast_6771,2025-10-10 03:00:00,3042.474721072843,3336.28427239028,2314.469625710537
forecast_6772,2025-10-10 04:00:00,3312.89821442319,3394.085199579293,2648.8175616835965
forecast_6773,2025-10-10 05:00:00,3274.0049298779263,3274.8502964889335,2232.2384347984166
forecast_6774,2025-10-10 06:00:00,3235.7196189616207,3216.3122049484923,2216.1161201334658
forecast_6775,2025-10-10 07:00:00,3344.969777775398,3438.173721555975,2386.937129914427
forecast_6776,2025-10-10 08:00:00,3787.929034524673,3620.11305049714,3260.658784556884
forecast_6777,2025-10-10 09:00:00,3714.6219739291264,3454.657835784482,3089.2884197153003
forecast_6778,2025-10-10 10:00:00,3342.0540953094605,3319.9150329407034,2703.939096537373
forecast_6779,2025-10-10 11:00:00,3565.7551842595235,3698.258322887208,2789.0790512268095
forecast_6780,2025-10-10 12:00:00,3619.2141560560203,3784.425432692462,2698.007493770824
forecast_6781,2025-10-10 13:00:00,3451.281406518242,3738.8032781981606,4180.572625210362
forecast_6782,2025-10-10 14:00:00,3482.5026365193066,3601.493087231568,2738.604679189883
forecast_6783,2025-10-10 15:00:00,3231.2061068174344,3729.3516657023893,2790.242912389808
forecast_6784,2025-10-10 16:00:00,3097.7085309637273,3691.751496899532,2289.358008907312
forecast_6785,2025-10-10 17:00:00,3163.138959348366,3175.6715978937805,2109.5473483536484
forecast_6786,2025-10-10 18:00:00,3318.4868975929553,3113.743587440817,2323.7996523148645
forecast_6787,2025-10-10 19:00:00,3259.833521826994,3217.754507196189,2506.305802102147
forecast_6788,2025-10-10 20:00:00,3433.952806345728,3155.8878232046973,2574.726873190829
forecast_6789,2025-10-10 21:00:00,3632.032878512117,3323.4597998185213,3072.267240413201
forecast_6790,2025-10-10 22:00:00,3735.25277188086,3537.442883180334,3384.141705774934
forecast_6791,2025-10-10 23:00:00,3889.77295247965,3729.007446848474,3360.010359900039
forecast_6792,2025-10-11 00:00:00,4196.6584322396775,3891.3411844611824,3703.5090902976053
forecast_6793,2025-10-11 01:00:00,4873.105550815688,4193.677109648,3802.756357777412
forecast_6794,2025-10-11 02:00:00,4448.711932328255,5221.839004219156,3843.9590078719484
forecast_6795,2025-10-11 03:00:00,5220.72921361125,6459.743436367849,4255.555448624467
forecast_6796,2025-10-11 04:00:00,6760.294010010284,7813.384703876436,5343.104201339637
forecast_6797,2025-10-11 05:00:00,7494.536466696383,8490.411787316452,6130.045501767659
forecast_6798,2025-10-11 06:00:00,8163.897250731445,9334.83453016659,5929.644407950619
forecast_6799,2025-10-11 07:00:00,8352.972459175538,9939.278380273849,6320.577113095532
forecast_6800,2025-10-11 08:00:00,8597.977891088482,10177.562514516814,6732.206477381039
forecast_6801,2025-10-11 09:00:00,9370.646182247177,11195.503661326822,7158.267475338836
forecast_6802,2025-10-11 10:00:00,9589.238509906176,10738.96450760149,7769.803967881216
forecast_6803,2025-10-11 11:00:00,9843.988135192072,10938.18754616399,8005.068850358495
forecast_6804,2025-10-11 12:00:00,10311.110428365206,11201.883507023967,8152.871512554029
forecast_6805,2025-10-11 13:00:00,10571.458848861987,10985.79143095939,8635.209023180996
forecast_6806,2025-10-11 14:00:00,10543.686230188856,11233.155199986417,9226.816121532958
forecast_6807,2025-10-11 15:00:00,10801.968189672194,11130.456659695386,9527.656269619602
forecast_6808,2025-10-11 16:00:00,11266.248886420239,11597.340189329096,9631.219882963122
forecast_6809,2025-10-11 17:00:00,11457.966746322714,11884.02171214788,9925.251426621147
forecast_6810,2025-10-11 18:00:00,11949.361090970617,12552.425880387716,10132.238365230307
forecast_6811,2025-10-11 19:00:00,12763.310424223217,13679.139815016493,11637.82504711584
forecast_6812,2025-10-11 20:00:00,15036.298958735242,14154.244834204523,12204.831506537334
forecast_6813,2025-10-11 21:00:00,12842.208251316162,14120.618408510472,12252.731075709715
forecast_6814,2025-10-11 22:00:00,12414.970787912762,13874.66774388266,10838.937833117398
forecast_6815,2025-10-11 23:00:00,11535.16519611814,13117.214828874869,9815.432455497092
forecast_6816,2025-10-12 00:00:00,11207.912022636867,12976.986298689259,11902.316199203848
forecast_6817,2025-10-12 01:00:00,13691.245073638007,11474.902070854023,10188.964235216106
forecast_6818,2025-10-12 02:00:00,12706.696842854726,10045.10645155371,9146.233740613707
forecast_6819,2025-10-12 03:00:00,12691.804414508253,9074.40223362686,9268.033995643684
forecast_6820,2025-10-12 04:00:00,8101.563157839586,10929.094234469181,8485.165430053052
forecast_6821,2025-10-12 05:00:00,4440.346978984771,4881.85727679924,5140.285461521346
forecast_6822,2025-10-12 06:00:00,4189.4897787055925,4596.682980708426,3739.3272870872875
forecast_6823,2025-10-12 07:00:00,3525.971197252609,3834.4121282548303,3558.551264119813
forecast_6824,2025-10-12 08:00:00,3148.270011625377,3580.3583346177925,2929.954379297478
forecast_6825,2025-10-12 09:00:00,3588.677570074176,3857.5986507259017,3063.3375371922107
forecast_6826,2025-10-12 10:00:00,3873.668337218119,3965.6503931873085,3722.0564032213238
forecast_6827,2025-10-12 11:00:00,4244.4083455138925,4696.970115314499,3795.4641599865377
forecast_6828,2025-10-12 12:00:00,4122.347250440111,4893.883285390345,3709.052875320583
forecast_6829,2025-10-12 13:00:00,4172.2338986646955,4810.910317130517,3741.210961112845
forecast_6830,2025-10-12 14:00:00,4489.979932253871,4628.069460539152,3746.576645141536
forecast_6831,2025-10-12 15:00:00,4443.002229664347,5186.498133535283,3764.304399698884
forecast_6832,2025-10-12 16:00:00,4523.5437045097415,5206.866202768978,3678.294315590854
forecast_6833,2025-10-12 17:00:00,4794.318879414425,5553.453776233057,4111.098144873548
forecast_6834,2025-10-12 18:00:00,5060.817216168712,6566.674801028081,4556.590976782613
forecast_6835,2025-10-12 19:00:00,5670.196216481685,7488.607527633024,5102.993395615738
forecast_6836,2025-10-12 20:00:00,6117.867326792261,7570.337914976792,5024.212202777214
forecast_6837,2025-10-12 21:00:00,5540.169554653562,6781.578424804801,4684.392443177255
forecast_6838,2025-10-12 22:00:00,4657.180479905705,5602.26810838311,3814.6456382605397
forecast_6839,2025-10-12 23:00:00,3774.8707067837354,4277.177197994274,3329.675541595024
forecast_6840,2025-10-13 00:00:00,3751.740911538218,4344.608775927929,3334.3090875046128
forecast_6841,2025-10-13 01:00:00,2908.178040098532,3366.3796358710238,2849.065952485055
forecast_6842,2025-10-13 02:00:00,3114.2847611671896,3306.5248939801145,2807.4597651286695
forecast_6843,2025-10-13 03:00:00,3365.3064539693833,3031.139238136622,2700.4250214386016
forecast_6844,2025-10-13 04:00:00,3426.2583202059313,3031.325615476393,2901.805260895219
forecast_6845,2025-10-13 05:00:00,3026.3796266500794,3358.5921068030584,2597.3391093393407
forecast_6846,2025-10-13 06:00:00,3181.4549698194655,3562.033604625464,3064.0391624375284
forecast_6847,2025-10-13 07:00:00,3320.8229136178934,3539.462939480692,3250.415049676466
forecast_6848,2025-10-13 08:00:00,3474.2678765826113,3629.2465138710163,3271.9905065807043
forecast_6849,2025-10-13 09:00:00,3390.021380093129,3535.0841705305306,2906.3800956725763
forecast_6850,2025-10-13 10:00:00,3403.3281804271596,3575.6184800972405,3138.802225057485
forecast_6851,2025-10-13 11:00:00,3496.534881642682,3673.866479450169,3022.9177452036024
forecast_6852,2025-10-13 12:00:00,3569.198938217661,3660.7870684573454,3251.0671068473816
forecast_6853,2025-10-13 13:00:00,3519.857317521176,3389.1869911488675,3065.9570402703907
forecast_6854,2025-10-13 14:00:00,3330.7940575720686,3479.438747858646,2975.389455269275
forecast_6855,2025-10-13 15:00:00,3531.3149822416835,3771.497530043493,3221.4290002063235
forecast_6856,2025-10-13 16:00:00,3931.5311321687236,4457.581781748037,3384.3838663449965
forecast_6857,2025-10-13 17:00:00,4008.380839496715,4833.449007512377,3443.345669095698
forecast_6858,2025-10-13 18:00:00,4335.169978726864,5196.05483738276,3502.8810690439354
forecast_6859,2025-10-13 19:00:00,4121.155380922831,4965.248271409125,3477.6098623256034
forecast_6860,2025-10-13 20:00:00,4445.980781118634,5484.7663062663205,3838.3559616575094
forecast_6861,2025-10-13 21:00:00,4785.827559723171,5732.751823535699,3917.065606790724
forecast_6862,2025-10-13 22:00:00,4998.829782582769,6161.723662672483,3783.7849723819913
forecast_6863,2025-10-13 23:00:00,4810.024448617295,5663.108452384952,3728.4577169173303
forecast_6864,2025-10-14 00:00:00,4414.016349207912,5248.077885460194,3553.1938434353924
forecast_6865,2025-10-14 01:00:00,6668.768790138386,7584.6268013776735,5253.280411053525
forecast_6866,2025-10-14 02:00:00,6175.889905965109,7112.579678993763,4895.500552784803
forecast_6867,2025-10-14 03:00:00,6257.949283848357,7344.865972012586,4899.550103710905
forecast_6868,2025-10-14 04:00:00,5724.183819826597,6510.414084064099,4073.0748971102207
forecast_6869,2025-10-14 05:00:00,5656.184359436759,6868.907795408529,4027.5231373087167
forecast_6870,2025-10-14 06:00:00,5640.932407373128,6860.98746033264,3881.6321868620194
forecast_6871,2025-10-14 07:00:00,5321.937121082309,6419.6509383311495,4088.8397843872503
forecast_6872,2025-10-14 08:00:00,5151.546095520259,6221.340134123045,4205.480450193262
forecast_6873,2025-10-14 09:00:00,4960.954084076201,5863.929840359954,4203.780197318983
forecast_6874,2025-10-14 10:00:00,4792.07839028009,5569.836909775929,3858.689118988434
forecast_6875,2025-10-14 11:00:00,4530.879735251472,5372.0772123518955,3903.3035422322614
forecast_6876,2025-10-14 12:00:00,4175.5502138333795,5187.0553966767075,3767.5692056200814
forecast_6877,2025-10-14 13:00:00,4201.398299111516,5152.0632584967425,3795.352213230479
forecast_6878,2025-10-14 14:00:00,4120.915967610263,5010.43022565472,3754.9554686703855
forecast_6879,2025-10-14 15:00:00,3870.037574074394,4545.898728617934,3752.8919119905886
forecast_6880,2025-10-14 16:00:00,3876.4958169946785,4351.6164632739565,3754.41613888558
forecast_6881,2025-10-14 17:00:00,3875.3159893311995,4309.458222085659,3381.299635315989
forecast_6882,2025-10-14 18:00:00,3933.6965638343404,4532.259718029497,3543.5459924447
forecast_6883,2025-10-14 19:00:00,3871.540141918554,4030.070192336384,3336.700981524048
forecast_6884,2025-10-14 20:00:00,3722.460133405976,4189.843449143212,3323.760424976241
forecast_6885,2025-10-14 21:00:00,3839.1208839391766,4224.253998492512,3321.016146106627
forecast_6886,2025-10-14 22:00:00,3751.946308411074,4021.792241848228,3232.32179200505
forecast_6887,2025-10-14 23:00:00,3816.0650828284215,4046.4114548249827,3296.376540858548
forecast_6888,2025-10-15 00:00:00,3921.8565554054107,4125.99746429859,3305.1068648902706
forecast_6889,2025-10-15 01:00:00,4010.7256401459663,4312.022970164145,3464.6229693263354
forecast_6890,2025-10-15 02:00:00,3917.0062923183164,4180.308535444138,3261.2303030049898
forecast_6891,2025-10-15 03:00:00,3807.962233896805,4137.190078227309,3308.774810657002
forecast_6892,2025-10-15 04:00:00,3598.0220317086687,4002.1488277576873,3145.9441993215983
forecast_6893,2025-10-15 05:00:00,3630.341326716846,3873.325893885515,3051.969425650334
forecast_6894,2025-10-15 06:00:00,3480.805692573628,3857.789093959191,2806.9299129137676
forecast_6895,2025-10-15 07:00:00,3477.534148955281,3768.5790062327446,2687.055778170831
forecast_6896,2025-10-15 08:00:00,3305.6210208611274,3557.196849840469,2681.3511453517353
forecast_6897,2025-10-15 09:00:00,3155.835061969166,3487.2148535009906,2984.283104296128
forecast_6898,2025-10-15 10:00:00,3271.410346878271,3139.6295922076342,2950.5729840084064
forecast_6899,2025-10-15 11:00:00,3253.3677194825955,3442.393281411473,3516.896111623923
forecast_6900,2025-10-15 12:00:00,3570.0664746460534,3624.5646735160967,3596.6289931818383
forecast_6901,2025-10-15 13:00:00,3481.506073939307,3495.7896378649134,3394.8039123360345
forecast_6902,2025-10-15 14:00:00,3197.1719455153693,3465.2084131345127,3400.4767591073924
forecast_6903,2025-10-15 15:00:00,3362.536970903611,3234.9422342666217,3377.8494724284565
forecast_6904,2025-10-15 16:00:00,3149.27443455855,2554.420914667542,3392.84726572348
forecast_6905,2025-10-15 17:00:00,2795.339999307268,2681.625768965471,2106.583217430682
forecast_6906,2025-10-15 18:00:00,3124.611083143528,3101.609067526249,2212.6510796243992
forecast_6907,2025-10-15 19:00:00,3235.409897674395,3125.2445140184477,2998.843246537003
forecast_6908,2025-10-15 20:00:00,3408.0735728054206,3448.062199054281,3480.9416486149003
forecast_6909,2025-10-15 21:00:00,3845.6887806318964,4018.7826630825366,3577.6678093667338
forecast_6910,2025-10-15 22:00:00,3736.1095523874214,4012.5747129019073,3786.9092326065697
forecast_6911,2025-10-15 23:00:00,3832.5435228944866,4244.959756381157,3692.238367121763
forecast_6912,2025-10-16 00:00:00,3860.0067556003874,4176.558452012024,3781.60949782539
forecast_6913,2025-10-16 01:00:00,3541.244937810869,3369.292022778034,3043.1254739958836
forecast_6914,2025-10-16 02:00:00,3549.2209289745365,3443.9254281813583,3217.5571230150813
forecast_6915,2025-10-16 03:00:00,3451.6492287819483,3588.041041779556,2996.663193163943
forecast_6916,2025-10-16 04:00:00,3055.271326459669,3266.491437832222,2998.6552289580804
forecast_6917,2025-10-16 05:00:00,3524.6096699740706,3599.4602431116245,3038.8962914808194
forecast_6918,2025-10-16 06:00:00,3630.605265171752,3851.10017616901,3331.887246138719
forecast_6919,2025-10-16 07:00:00,3569.3502861328984,3846.823582202133,3358.0888359124465
forecast_6920,2025-10-16 08:00:00,3524.2988731583077,3829.4628223289264,3424.7791960168984
forecast_6921,2025-10-16 09:00:00,3342.0249322523387,3667.5039146852428,3375.098343541582
forecast_6922,2025-10-16 10:00:00,3792.4982271475515,3897.643599043072,3445.1043472286815
forecast_6923,2025-10-16 11:00:00,3646.9289827423713,3870.357470437899,3828.4209777840815
forecast_6924,2025-10-16 12:00:00,3764.0718036750054,4090.4814978257814,3592.1638250307756
forecast_6925,2025-10-16 13:00:00,3846.119363090099,4368.955917097023,3729.6174690130165
forecast_6926,2025-10-16 14:00:00,3798.2590054851967,4207.2279108071425,3733.48773615649
forecast_6927,2025-10-16 15:00:00,3651.1074803627657,3995.936252012148,3393.030319193097
forecast_6928,2025-10-16 16:00:00,3363.874442182641,3652.6162227831824,2893.5758344830515
forecast_6929,2025-10-16 17:00:00,3458.8777525905907,3860.074505530012,3027.3038815930645
forecast_6930,2025-10-16 18:00:00,3452.30181713501,4053.8797206593385,2977.104879083044
forecast_6931,2025-10-16 19:00:00,3758.0821777928927,4403.787271362153,3348.1358023429575
forecast_6932,2025-10-16 20:00:00,4144.433261978452,5059.889722980786,3692.590641300533
forecast_6933,2025-10-16 21:00:00,4543.545705609476,5637.279431687784,3701.4340128926974
forecast_6934,2025-10-16 22:00:00,4419.236759502518,5574.236854392546,3776.779687783803
forecast_6935,2025-10-16 23:00:00,4049.6970006880283,5086.384165652006,3503.9230389175355
forecast_6936,2025-10-17 00:00:00,4007.599170352257,4864.083313438126,3406.261143487036
forecast_6937,2025-10-17 01:00:00,4142.021990607908,4881.202028992283,3508.614853407437
forecast_6938,2025-10-17 02:00:00,4080.149293481374,4662.350336896669,3407.945381293375
forecast_6939,2025-10-17 03:00:00,3850.2991206915444,4243.963308798593,3164.685428156625
forecast_6940,2025-10-17 04:00:00,3984.5770098246862,4086.896761517048,3015.0305250535425
forecast_6941,2025-10-17 05:00:00,3745.0474416383863,3963.8301332706124,2831.238723908084
forecast_6942,2025-10-17 06:00:00,3650.9903596905206,3670.391832088349,2697.302353606792
forecast_6943,2025-10-17 07:00:00,3384.481726401913,3384.060912309215,2460.444288822636
forecast_6944,2025-10-17 08:00:00,3219.2278407136637,2928.6723186228246,2350.8942390568595
forecast_6945,2025-10-17 09:00:00,3354.5149533238364,3242.9607515749935,2629.195819141272
forecast_6946,2025-10-17 10:00:00,3546.510055779952,3467.762036427113,2804.0257372491606
forecast_6947,2025-10-17 11:00:00,3769.0941918090084,3299.1347596352653,2484.3077200899384
forecast_6948,2025-10-17 12:00:00,4283.778437988265,3206.687643164509,1191.8178719171826
forecast_6949,2025-10-17 13:00:00,4704.012460022702,3647.9531479160755,5849.979865865026
forecast_6950,2025-10-17 14:00:00,4988.793291992086,3225.3404339262092,4723.971506670442
forecast_6951,2025-10-17 15:00:00,4498.459312313432,3261.9901876376316,4699.733552016943
forecast_6952,2025-10-17 16:00:00,4431.519760665238,4295.532734258808,3088.695081831938
forecast_6953,2025-10-17 17:00:00,3897.157159812826,3615.098483696342,2953.874339592162
forecast_6954,2025-10-17 18:00:00,3993.8253129557497,3322.145261572861,4441.715967478253
forecast_6955,2025-10-17 19:00:00,3482.823700323694,3589.7377705968393,3105.527673743497
forecast_6956,2025-10-17 20:00:00,3893.786144250113,3580.774655865365,3381.341238606241
forecast_6957,2025-10-17 21:00:00,3656.683383990818,3738.5267169623353,3458.1550312512777
forecast_6958,2025-10-17 22:00:00,3964.5240295883686,4640.625411947124,3526.459223388843
forecast_6959,2025-10-17 23:00:00,4574.106407067925,5126.340294772546,3715.640404864152
forecast_6960,2025-10-18 00:00:00,4313.133167817851,4800.024910977296,3707.2513090691477
forecast_6961,2025-10-18 01:00:00,4671.362714011167,3744.307729735989,3881.886959717429
forecast_6962,2025-10-18 02:00:00,4575.420167583209,4561.136908526595,3836.773791138548
forecast_6963,2025-10-18 03:00:00,3940.237277139156,3855.122042274156,3726.6824853423223
forecast_6964,2025-10-18 04:00:00,3822.0299369536488,3766.3784328992447,3805.551700620364
forecast_6965,2025-10-18 05:00:00,3966.4801990264154,3838.3264910406997,3998.5178312280195
forecast_6966,2025-10-18 06:00:00,3910.4741213540383,3800.036348162669,3338.9550614021346
forecast_6967,2025-10-18 07:00:00,3509.597515138857,3845.3972924813784,3221.756519200951
forecast_6968,2025-10-18 08:00:00,3074.0994075463,3495.6810995854075,2584.599116561764
forecast_6969,2025-10-18 09:00:00,3302.2757506157423,3472.736235306489,3139.461939037935
forecast_6970,2025-10-18 10:00:00,3572.325749241379,3584.353724399995,3242.410814744703
forecast_6971,2025-10-18 11:00:00,3607.208853185586,3675.6382121716942,3185.547665206395
forecast_6972,2025-10-18 12:00:00,3465.9063565275574,3527.2300359409937,3199.1764841306126
forecast_6973,2025-10-18 13:00:00,3391.248336483871,3625.217043894775,3013.043988614545
forecast_6974,2025-10-18 14:00:00,3704.847845295936,4031.602699747667,3303.5833193396006
forecast_6975,2025-10-18 15:00:00,3596.141053949838,3944.0422774824456,3199.5851985849326
forecast_6976,2025-10-18 16:00:00,3787.928032922798,3746.2818034332313,3351.1781660270467
forecast_6977,2025-10-18 17:00:00,3438.7358184977866,3398.6013922813113,3243.5478139824468
forecast_6978,2025-10-18 18:00:00,3290.3658970367687,3419.5886750986,3177.998222604246
forecast_6979,2025-10-18 19:00:00,3331.025043904553,3447.200017709626,3351.7973741368564
forecast_6980,2025-10-18 20:00:00,3370.6894867891197,3637.484000740927,3096.93684261139
forecast_6981,2025-10-18 21:00:00,3160.0703637184324,3335.9352229090164,2893.1484517240847
forecast_6982,2025-10-18 22:00:00,3058.4053241792253,3294.879296077756,2870.955452515199
forecast_6983,2025-10-18 23:00:00,3374.83241021679,3534.714053058512,3243.159574129148
forecast_6984,2025-10-19 00:00:00,3328.7874378398333,3408.0099692107196,3179.4810382879036
forecast_6985,2025-10-19 01:00:00,2873.1032402770734,3240.068039615856,2935.278443194554
forecast_6986,2025-10-19 02:00:00,2822.0415948829195,3063.5156645542706,2926.3246405149334
forecast_6987,2025-10-19 03:00:00,3230.5620551894854,2993.793552633775,2321.3392177688816
forecast_6988,2025-10-19 04:00:00,3365.985694159959,3282.4853275713317,1191.2842840954681
forecast_6989,2025-10-19 05:00:00,3428.400043622064,3284.5720840928925,1140.8779438308854
forecast_6990,2025-10-19 06:00:00,3527.989451962072,3491.3338771435233,113.45642551601169
forecast_6991,2025-10-19 07:00:00,3224.132019668914,3508.127339852275,1080.970447704409
forecast_6992,2025-10-19 08:00:00,3729.33430085144,3774.709073589909,1142.3939148943969
forecast_6993,2025-10-19 09:00:00,4123.553517433098,3879.3505512153915,4120.981134470435
forecast_6994,2025-10-19 10:00:00,4555.789024396709,3918.7936420185156,5443.192810311633
forecast_6995,2025-10-19 11:00:00,4830.930231723247,3830.7122247223224,4724.062579446156
forecast_6996,2025-10-19 12:00:00,3847.792367861189,3535.687299920617,4293.093231077593
forecast_6997,2025-10-19 13:00:00,3578.1052861499697,3561.8328284881904,3207.8006011882635
forecast_6998,2025-10-19 14:00:00,3734.2517788386467,3799.8338997955475,3688.048352601688
forecast_6999,2025-10-19 15:00:00,4141.202259058328,3963.2152236504385,4002.016320199436
forecast_7000,2025-10-19 16:00:00,4922.458088765785,5388.486292545941,4930.111989275163
forecast_7001,2025-10-19 17:00:00,5419.37792146984,5662.172543083958,4787.659048683256
forecast_7002,2025-10-19 18:00:00,5223.723885047668,6076.533825901885,4591.578337452992
forecast_7003,2025-10-19 19:00:00,5803.886158890997,5970.786338907769,4410.154145610147
forecast_7004,2025-10-19 20:00:00,5696.86692208956,5849.452609337174,4105.2850607400915
forecast_7005,2025-10-19 21:00:00,5755.302242307639,6240.0853714990335,4278.884819269635
forecast_7006,2025-10-19 22:00:00,5808.311438397763,6189.00307596295,3857.0463397081608
forecast_7007,2025-10-19 23:00:00,5449.523459608074,5345.426991698103,3826.15793498218
forecast_7008,2025-10-20 00:00:00,4142.512783813455,3876.192067242269,3719.5240242328146
forecast_7009,2025-10-20 01:00:00,3797.6263826833265,3682.5875873513137,2945.754367245614
forecast_7010,2025-10-20 02:00:00,3587.4752431616857,3691.4875769504238,3394.0871759421225
forecast_7011,2025-10-20 03:00:00,3410.136560778434,3520.3419488934433,3496.612746267548
forecast_7012,2025-10-20 04:00:00,3534.712522526486,3633.7975127871473,3580.0892258101376
forecast_7013,2025-10-20 05:00:00,3447.7279269819,3596.1818044893726,3330.532947692162
forecast_7014,2025-10-20 06:00:00,3604.8271657115506,3497.441432268279,2832.6819063871685
forecast_7015,2025-10-20 07:00:00,3445.992151745059,3476.8554694750087,2821.587620603772
forecast_7016,2025-10-20 08:00:00,3308.0996803321304,3509.2489717767617,2741.8931682755056
forecast_7017,2025-10-20 09:00:00,3306.6838308672873,3451.8658835544534,2747.0846739541366
forecast_7018,2025-10-20 10:00:00,3526.4153682430124,3461.292250518434,2955.1436806024985
forecast_7019,2025-10-20 11:00:00,3521.341022666519,3480.8768200739974,3060.2505251621255
forecast_7020,2025-10-20 12:00:00,3527.872990563657,3798.3566187011475,3407.713846929386
forecast_7021,2025-10-20 13:00:00,3597.5340537418824,3776.0232603757736,3528.6336871167236
forecast_7022,2025-10-20 14:00:00,3190.732867075362,3841.679086273719,3235.549027331531
forecast_7023,2025-10-20 15:00:00,2786.8762772434798,3751.4639249593715,3027.5917620622113
forecast_7024,2025-10-20 16:00:00,3310.9824362047157,3684.3395365065658,3082.0615655728257
forecast_7025,2025-10-20 17:00:00,3327.4609855182416,3666.0340393531123,3146.918839844487
forecast_7026,2025-10-20 18:00:00,3438.193731403359,3726.395144379852,2844.146302770148
forecast_7027,2025-10-20 19:00:00,2869.8784239249453,3323.0848364297117,187.09533926973887
forecast_7028,2025-10-20 20:00:00,2787.397514806492,3032.904696375559,65.09789960920608
forecast_7029,2025-10-20 21:00:00,2916.1413244030764,3038.4650834063364,36.21187791796077
forecast_7030,2025-10-20 22:00:00,3038.667890141458,3060.3146227114144,7.707655748011704
forecast_7031,2025-10-20 23:00:00,3191.4715038389954,3444.9373494079464,1492.2421251232056
forecast_7032,2025-10-21 00:00:00,3652.405390894609,3490.825616430079,1458.7438618237845
forecast_7033,2025-10-21 01:00:00,4327.351017370857,3796.5466942899247,2346.801550924538
forecast_7034,2025-10-21 02:00:00,3454.012986198829,3820.709137116171,3569.1264717537642
forecast_7035,2025-10-21 03:00:00,3493.570470240337,3638.981506198426,3385.6064485781576
forecast_7036,2025-10-21 04:00:00,3751.3814137505906,3650.730936308959,2509.2192391417643
forecast_7037,2025-10-21 05:00:00,3682.290487438493,3436.281910676432,3713.8894241286844
forecast_7038,2025-10-21 06:00:00,3462.921236803554,3105.0480132399152,2955.9996252067667
forecast_7039,2025-10-21 07:00:00,3461.131551573609,3165.5566305925013,3624.2801619449288
forecast_7040,2025-10-21 08:00:00,3016.4213196642854,3081.9339674732723,2532.6765793426903
forecast_7041,2025-10-21 09:00:00,2601.6033820035996,3595.9004955408204,2509.5140351225828
forecast_7042,2025-10-21 10:00:00,2606.8486090509095,2970.7496714661597,1791.0260647577986
forecast_7043,2025-10-21 11:00:00,3680.4247030544484,3113.7795136460595,29.474476711416628
forecast_7044,2025-10-21 12:00:00,3478.8239443800567,2697.812791280283,12.311359283374996
forecast_7045,2025-10-21 13:00:00,2916.0685384720005,2431.7416170022393,2366.5951583787955
forecast_7046,2025-10-21 14:00:00,2268.735123230166,2380.8833039818,2197.284106046653
forecast_7047,2025-10-21 15:00:00,2812.979017227198,2747.0765647514113,2394.9883762431086
forecast_7048,2025-10-21 16:00:00,3253.19517183185,3430.7404198162753,3313.6613243900206
forecast_7049,2025-10-21 17:00:00,3033.383021440131,3452.4383255782936,2848.185025844592
forecast_7050,2025-10-21 18:00:00,4147.797500289508,3363.7230815284925,2648.6084675443326
forecast_7051,2025-10-21 19:00:00,4716.743932019943,4124.944610655309,3142.4876142701464
forecast_7052,2025-10-21 20:00:00,3812.0657459889862,3522.4242288870705,2847.1811612361594
forecast_7053,2025-10-21 21:00:00,3750.3748565799624,3485.7389617953386,3240.5377599636845
forecast_7054,2025-10-21 22:00:00,3792.279884147169,3517.9227874343724,2998.589683692752
forecast_7055,2025-10-21 23:00:00,3621.041850291014,3345.054504103669,2951.9499683045537
forecast_7056,2025-10-22 00:00:00,3508.492096815199,3599.1220514554966,3210.411413234831
forecast_7057,2025-10-22 01:00:00,3843.3783472463288,3617.1506652138446,2864.192772915409
forecast_7058,2025-10-22 02:00:00,3169.5432889488648,3487.794943608679,3341.562445395473
forecast_7059,2025-10-22 03:00:00,3122.047637913802,3398.1880745227218,3453.2194499334723
forecast_7060,2025-10-22 04:00:00,3145.2305048571598,3175.0779012941252,3093.8908862030385
forecast_7061,2025-10-22 05:00:00,2939.6314020488917,3154.025551406327,3113.1395052506914
forecast_7062,2025-10-22 06:00:00,3072.299147197811,3299.5623811035994,3457.2444269654748
forecast_7063,2025-10-22 07:00:00,3171.3190289170775,3407.909890478577,3342.7966759571163
forecast_7064,2025-10-22 08:00:00,3093.223800108507,3405.5539651167305,2907.6275067254787
forecast_7065,2025-10-22 09:00:00,3205.0435046451285,3404.4898478714777,2923.8921593198156
forecast_7066,2025-10-22 10:00:00,3232.9603754469367,3314.8653954940714,3207.1343161046148
forecast_7067,2025-10-22 11:00:00,3306.8207043402394,3346.7432626709838,2984.8367565501
forecast_7068,2025-10-22 12:00:00,3296.132534726027,3533.1082115051554,3328.5546808748177
forecast_7069,2025-10-22 13:00:00,3332.7135920466894,3782.430841620563,3222.9294723120966
forecast_7070,2025-10-22 14:00:00,3675.6848988836005,3674.6487115430355,3257.607062393333
forecast_7071,2025-10-22 15:00:00,3356.2781376663743,4008.1087115080672,3128.246669824704
forecast_7072,2025-10-22 16:00:00,3272.0339947751213,4134.081466080683,3323.175848641994
forecast_7073,2025-10-22 17:00:00,3510.536988491039,3150.3829984223685,2373.1870672167793
forecast_7074,2025-10-22 18:00:00,3566.883314877154,2987.694140844402,270.3984155508903
forecast_7075,2025-10-22 19:00:00,3515.1581242755824,2700.830145513296,1852.774018164285
forecast_7076,2025-10-22 20:00:00,3292.601577374879,2923.1248740022743,1145.2601938830542
forecast_7077,2025-10-22 21:00:00,3265.855300046643,3763.0001976346507,210.22147984664647
forecast_7078,2025-10-22 22:00:00,3246.2777003919477,3431.0732902916493,3882.3846787131015
forecast_7079,2025-10-22 23:00:00,3705.540858495965,3739.706954238533,3690.683250799878
forecast_7080,2025-10-23 00:00:00,3484.9622146070396,4010.966630573492,3702.7233485109523
forecast_7081,2025-10-23 01:00:00,3093.9149894174247,2951.416307381605,1053.3298906150524
forecast_7082,2025-10-23 02:00:00,2903.0048219140594,2962.010682929713,1048.0651143802331
forecast_7083,2025-10-23 03:00:00,3167.2743221449305,3063.9968294273795,1047.6261465430143
forecast_7084,2025-10-23 04:00:00,3250.2762935859228,3671.7017753747355,1059.703033725427
forecast_7085,2025-10-23 05:00:00,3633.4571064685047,3538.3072771731413,4.5482597301968415
forecast_7086,2025-10-23 06:00:00,3593.1661006049426,3479.5146788772963,1.2926436342264984
forecast_7087,2025-10-23 07:00:00,3525.855437634753,3483.1596497245896,0.5850705197302639
forecast_7088,2025-10-23 08:00:00,3599.0837552629027,3349.2333900464682,0.28469925739133195
forecast_7089,2025-10-23 09:00:00,3217.623036065988,3165.9308886931485,1.7262267286906456
forecast_7090,2025-10-23 10:00:00,3232.5030577645734,3263.8772272334686,3.5068185460987777
forecast_7091,2025-10-23 11:00:00,3969.2515996632605,3350.0070542313742,12.765327188298222
forecast_7092,2025-10-23 12:00:00,1156.0588570255359,2496.28247974761,19.64166490822807
forecast_7093,2025-10-23 13:00:00,1229.2304816401495,2958.092362556755,2375.451211532527
forecast_7094,2025-10-23 14:00:00,1221.082574862428,2536.347408331228,2222.432595229768
forecast_7095,2025-10-23 15:00:00,7328.524585155625,4933.641869852718,3995.884338189509
forecast_7096,2025-10-23 16:00:00,12251.843072978521,8403.313357258925,12920.927163922112
forecast_7097,2025-10-23 17:00:00,7416.532767845258,4961.151261490087,12305.983120004936
forecast_7098,2025-10-23 18:00:00,5157.141955715519,5019.591237522264,4495.043515181588
forecast_7099,2025-10-23 19:00:00,4543.298046498304,4230.410619785034,4561.881699355453
forecast_7100,2025-10-23 20:00:00,3265.095259810535,3603.5367730292,3128.018435547854
forecast_7101,2025-10-23 21:00:00,3470.715422864871,3376.0760786453347,3001.932949665617
forecast_7102,2025-10-23 22:00:00,3933.6851127886575,3363.5485635447976,2724.2248004876897
forecast_7103,2025-10-23 23:00:00,4063.542910757808,3781.5478233567605,2990.44844623008
forecast_7104,2025-10-24 00:00:00,4255.3764552606335,3932.8857814526514,3068.606488337248
forecast_7105,2025-10-24 01:00:00,3967.5201835212583,4229.104979162298,3019.2865921704974
forecast_7106,2025-10-24 02:00:00,3143.83392229215,3268.752340080433,2859.8443206094335
forecast_7107,2025-10-24 03:00:00,3404.606425942465,3369.706664254687,2984.066944366808
forecast_7108,2025-10-24 04:00:00,3463.9195823265745,3432.4358048436025,3280.6843823131076
forecast_7109,2025-10-24 05:00:00,3102.899180722325,3410.1000585780243,3207.3242905186185
forecast_7110,2025-10-24 06:00:00,3368.3023363012812,3473.714401880019,3234.7148234446486
forecast_7111,2025-10-24 07:00:00,3329.7957876023534,3465.9966095862983,2858.7926743253024
forecast_7112,2025-10-24 08:00:00,3434.3570384998893,3624.7619908806955,3003.059045207389
forecast_7113,2025-10-24 09:00:00,3575.6531302848402,3846.4749317489045,3296.058511941186
forecast_7114,2025-10-24 10:00:00,3825.6786325175567,4247.068832027385,3654.477230830748
forecast_7115,2025-10-24 11:00:00,3795.6252270151194,4082.118740508083,3775.3642255027344
forecast_7116,2025-10-24 12:00:00,3691.320032439704,3786.2020984626424,3424.2046503628026
forecast_7117,2025-10-24 13:00:00,3553.35970656538,3572.368629814505,3443.625121248487
forecast_7118,2025-10-24 14:00:00,3368.4103910820686,3577.841876186976,2755.913011372184
forecast_7119,2025-10-24 15:00:00,3160.0132623018985,3268.199293270658,3281.1015478739587
forecast_7120,2025-10-24 16:00:00,3149.535596197153,2955.8358268308043,2433.6854913629795
forecast_7121,2025-10-24 17:00:00,3426.566852816887,3147.4010487933115,2470.030643356602
forecast_7122,2025-10-24 18:00:00,3149.0650349927037,2952.7747304958402,2463.317282345674
forecast_7123,2025-10-24 19:00:00,3339.9491166018006,3319.088362779367,2741.4238299547956
forecast_7124,2025-10-24 20:00:00,3473.528745264545,3428.8344582505392,2871.3358527692935
forecast_7125,2025-10-24 21:00:00,3817.1407467837143,3690.730578263484,3277.6853528569054
forecast_7126,2025-10-24 22:00:00,4182.669613704546,4086.571047733824,3414.571225978695
forecast_7127,2025-10-24 23:00:00,4244.063161230342,4093.182832009354,3480.6466543163156
forecast_7128,2025-10-25 00:00:00,3909.7882657952778,3854.7969921241984,3257.110379656545
forecast_7129,2025-10-25 01:00:00,3787.2668747882544,3766.045845532354,3446.632199802702
forecast_7130,2025-10-25 02:00:00,3768.748562276735,3790.2720100992833,3454.309184886255
forecast_7131,2025-10-25 03:00:00,3853.9624699624114,3760.820345428961,3364.2765113683445
forecast_7132,2025-10-25 04:00:00,3945.3538935872334,3878.426929700149,3593.0488477229724
forecast_7133,2025-10-25 05:00:00,3679.4325996786506,3603.0793205154678,3141.4837623482726
forecast_7134,2025-10-25 06:00:00,3747.3560274299716,3591.4154213604293,3423.294430660894
forecast_7135,2025-10-25 07:00:00,3758.789330322208,3851.818476417924,3448.530442283742
forecast_7136,2025-10-25 08:00:00,3703.0552124413075,3613.9555445663223,3093.3563430571176
forecast_7137,2025-10-25 09:00:00,3504.1204296182755,3648.2490149831924,3418.3539139875925
forecast_7138,2025-10-25 10:00:00,3615.276927413761,3773.202468940258,3224.713673205967
forecast_7139,2025-10-25 11:00:00,3388.1454965583835,3378.058669785458,4108.665810127729
forecast_7140,2025-10-25 12:00:00,3076.549290043869,3215.2780464653138,3281.290201349563
forecast_7141,2025-10-25 13:00:00,3576.2924740306075,3271.5538686540544,3466.267368827347
forecast_7142,2025-10-25 14:00:00,3855.4752611583867,3424.604134554091,3151.644466436752
forecast_7143,2025-10-25 15:00:00,3454.5997488317826,3448.543344675484,2594.263940626968
forecast_7144,2025-10-25 16:00:00,4151.974212046287,3762.027867578475,3095.101763394333
forecast_7145,2025-10-25 17:00:00,4138.4934855729825,3888.674539291976,2876.899445857937
forecast_7146,2025-10-25 18:00:00,3372.3149381602925,3182.054517576996,2850.7542797718274
forecast_7147,2025-10-25 19:00:00,3302.4721543252076,3377.3333163303637,4368.127322124356
forecast_7148,2025-10-25 20:00:00,3348.9127658130697,3331.996033112975,3782.5066716348138
forecast_7149,2025-10-25 21:00:00,4445.747553246124,5045.474870700321,3663.322909284748
forecast_7150,2025-10-25 22:00:00,3833.9938756416714,3607.3108769907853,3412.4447132434584
forecast_7151,2025-10-25 23:00:00,3821.7496048209914,3862.806169107852,3426.7138767818324
forecast_7152,2025-10-26 00:00:00,3728.886740895052,3635.1424831693594,3410.0007476278465
forecast_7153,2025-10-26 01:00:00,3813.59888127905,3639.959848033244,3155.911716252442
forecast_7154,2025-10-26 02:00:00,3645.2513468320444,3390.2921646880254,3263.6237379565387
forecast_7155,2025-10-26 03:00:00,3638.1159284652426,3541.771539112532,3066.6099157300723
forecast_7156,2025-10-26 04:00:00,3844.470008935502,3713.06692474551,3214.82408839296
forecast_7157,2025-10-26 05:00:00,3777.054667554194,3891.677867331637,3327.361792086996
forecast_7158,2025-10-26 06:00:00,3931.1691117405067,3772.9824896202063,3697.2146648831726
forecast_7159,2025-10-26 07:00:00,4451.581057433064,4047.518117783329,3740.8473874304527
forecast_7160,2025-10-26 08:00:00,5710.276563781424,5046.948548632024,3752.636239980685
forecast_7161,2025-10-26 09:00:00,4966.612803262251,4109.0447948416095,3820.5509373271575
forecast_7162,2025-10-26 10:00:00,4518.375874859097,4342.486176593754,3650.9287394672215
forecast_7163,2025-10-26 11:00:00,3870.504852937666,3767.297671373286,3959.141262718357
forecast_7164,2025-10-26 12:00:00,3714.9680155412866,3824.198359254978,3755.481912787044
forecast_7165,2025-10-26 13:00:00,3884.095051231558,3689.9416047051677,3548.619901903005
forecast_7166,2025-10-26 14:00:00,3999.2706932559527,3950.141970354739,3450.3479281423265
forecast_7167,2025-10-26 15:00:00,4152.173818381587,4143.147630160453,3431.6461876603694
forecast_7168,2025-10-26 16:00:00,4411.611982532581,4033.9132318833645,3605.961776167697
forecast_7169,2025-10-26 17:00:00,4881.101436018454,4544.717955723745,3799.3381306012334
forecast_7170,2025-10-26 18:00:00,5749.918431471632,5380.91249109048,4467.320488589129
forecast_7171,2025-10-26 19:00:00,6038.936238586018,6209.455995348926,5231.551918288517
forecast_7172,2025-10-26 20:00:00,8942.973912589205,10282.241174646924,6333.811474240206
forecast_7173,2025-10-26 21:00:00,10872.778112112392,13494.433712111031,8456.044597761416
forecast_7174,2025-10-26 22:00:00,12247.828456194406,15088.208127308226,9405.53259004089
forecast_7175,2025-10-26 23:00:00,13324.30685059548,15045.81566005348,10753.794567122723
forecast_7176,2025-10-27 00:00:00,13107.198641484485,16054.577401225897,10721.613907519079
forecast_7177,2025-10-27 01:00:00,15018.29147695864,15905.626020833313,13617.293232307331
forecast_7178,2025-10-27 02:00:00,16523.088271600656,17120.575924182176,14504.636925596056
forecast_7179,2025-10-27 03:00:00,17421.551918180445,18162.445295200912,15673.32143595954
forecast_7180,2025-10-27 04:00:00,17300.579337744944,18234.827296063937,15507.614511935823
forecast_7181,2025-10-27 05:00:00,16680.2830073601,17672.882009181354,16244.428034123952
forecast_7182,2025-10-27 06:00:00,14929.772891813967,16484.641131005625,12548.000541347785
forecast_7183,2025-10-27 07:00:00,13453.306151517605,16840.694339010533,10964.901227638305
forecast_7184,2025-10-27 08:00:00,13095.043171924017,15411.60338651561,10300.829835690807
forecast_7185,2025-10-27 09:00:00,12865.152090990965,14032.261111986416,9870.901017638736
forecast_7186,2025-10-27 10:00:00,12226.681462204597,13232.070720924381,9358.259627395519
forecast_7187,2025-10-27 11:00:00,11708.842544004508,12368.043816718837,9453.653217517396
forecast_7188,2025-10-27 12:00:00,11613.933417651095,12413.067771212141,9292.29730714297
forecast_7189,2025-10-27 13:00:00,12495.778965470148,13076.551745809787,9900.627483529095
forecast_7190,2025-10-27 14:00:00,13414.893604067433,13992.307632601727,10427.652498638874
forecast_7191,2025-10-27 15:00:00,13853.289107800445,14588.891241605465,11007.653159124073
forecast_7192,2025-10-27 16:00:00,14923.951519892431,15635.282220653255,11130.988477245877
forecast_7193,2025-10-27 17:00:00,14794.893668258674,15210.658236025854,10901.766164335442
forecast_7194,2025-10-27 18:00:00,13934.618554671742,14726.336072158085,9985.82340429711
forecast_7195,2025-10-27 19:00:00,13021.833080218092,14368.698748829716,10220.540037910776
forecast_7196,2025-10-27 20:00:00,12720.9179405278,14041.0255943139,10563.393545338937
forecast_7197,2025-10-27 21:00:00,12601.80740081413,14139.052231908157,10536.078331639483
forecast_7198,2025-10-27 22:00:00,13002.827052258575,14576.043236136738,10306.340615797257
forecast_7199,2025-10-27 23:00:00,13960.86295517156,14621.218399948591,9907.379665417042
forecast_7200,2025-10-28 00:00:00,12557.046021717708,14270.239050264461,9918.694010622334
forecast_7201,2025-10-28 01:00:00,11915.24363901977,14806.550569706673,10340.43999016595
forecast_7202,2025-10-28 02:00:00,13461.694601180423,15215.164360035136,10903.187415962313
forecast_7203,2025-10-28 03:00:00,14860.113520939856,15498.138223842858,11234.9640545237
forecast_7204,2025-10-28 04:00:00,13398.543244909193,14226.55990235821,9227.905569618537
forecast_7205,2025-10-28 05:00:00,12270.324189072466,13171.19060190394,9070.070388460665
forecast_7206,2025-10-28 06:00:00,11340.580759663517,12511.168918967454,8276.47151093536
forecast_7207,2025-10-28 07:00:00,10368.017007276703,12006.02801391808,7671.959505520971
forecast_7208,2025-10-28 08:00:00,8687.091946754388,9293.781592446712,6393.435919730153
forecast_7209,2025-10-28 09:00:00,6741.327325173685,7150.656016794406,5303.102401204631
forecast_7210,2025-10-28 10:00:00,6672.055109858768,6294.8659963955915,5301.318665880097
forecast_7211,2025-10-28 11:00:00,3975.5560248056845,4027.8762351573364,3831.1682242910456
forecast_7212,2025-10-28 12:00:00,3825.7395907325636,3825.6777292549154,3394.4926712089778
forecast_7213,2025-10-28 13:00:00,4253.880972928937,3975.6508623458676,3462.466172240887
forecast_7214,2025-10-28 14:00:00,4030.0667648238855,4125.374505211757,3428.8962365816124
forecast_7215,2025-10-28 15:00:00,4030.689002406441,3982.0583805017773,3515.832878030289
forecast_7216,2025-10-28 16:00:00,3890.8888679376446,3756.241738019502,3688.0512573138735
forecast_7217,2025-10-28 17:00:00,4055.3222245068255,4206.930359736306,3652.317578672504
forecast_7218,2025-10-28 18:00:00,5043.46590808466,5240.90494326655,3814.42358888332
forecast_7219,2025-10-28 19:00:00,6069.331603677388,6250.701773412125,5801.726753758837
forecast_7220,2025-10-28 20:00:00,7164.7173773149125,7553.507073026642,7001.303197917406
forecast_7221,2025-10-28 21:00:00,8172.377172455625,8947.377170616084,7711.6122467432915
forecast_7222,2025-10-28 22:00:00,9625.564303069688,10073.832985731666,7920.99040380727
forecast_7223,2025-10-28 23:00:00,9565.25811639979,9920.475010639419,7798.023681857858
forecast_7224,2025-10-29 00:00:00,9611.343863253882,10070.928694557248,7747.550262022697
forecast_7225,2025-10-29 01:00:00,5690.827980668351,5477.383060428042,3773.9402662150246
forecast_7226,2025-10-29 02:00:00,5485.248984281152,5304.493311917347,3707.304349036399
forecast_7227,2025-10-29 03:00:00,5197.461875259765,4965.7138691039,3495.6258681057507
forecast_7228,2025-10-29 04:00:00,5083.219447741041,4905.986509457164,3659.151529511246
forecast_7229,2025-10-29 05:00:00,4810.9218476747765,4516.501833638502,3435.659861110989
forecast_7230,2025-10-29 06:00:00,4108.274168093154,3995.7760661198204,3300.7807191820516
forecast_7231,2025-10-29 07:00:00,3754.980836891561,3620.324455533467,3183.1213671565097
forecast_7232,2025-10-29 08:00:00,3456.8682409278886,3497.4798988649222,3147.2312591276227
forecast_7233,2025-10-29 09:00:00,2996.590584205885,3294.6141417467934,3197.647089836041
forecast_7234,2025-10-29 10:00:00,2584.863233905594,2996.108715517087,2130.6843150315767
forecast_7235,2025-10-29 11:00:00,1069.1328612156917,2090.167022796221,24.47511051941131
forecast_7236,2025-10-29 12:00:00,3037.76935905678,2061.240019667051,0.05191349102946485
forecast_7237,2025-10-29 13:00:00,3036.433580536638,2137.3673524258234,0.07997128737714208
forecast_7238,2025-10-29 14:00:00,4.108019731228671,2105.9895204155596,2251.4649715378805
forecast_7239,2025-10-29 15:00:00,2998.4665084687167,3618.1155855365064,3479.2177535558776
forecast_7240,2025-10-29 16:00:00,4133.807701487807,4781.27927211764,4126.53315665087
forecast_7241,2025-10-29 17:00:00,3866.3572987118764,3948.4752977533585,5941.339506326418
forecast_7242,2025-10-29 18:00:00,5888.4421573441105,6143.561006196943,3865.4182469992597
forecast_7243,2025-10-29 19:00:00,4408.950163884544,5575.78854044088,3589.0167318596423
forecast_7244,2025-10-29 20:00:00,3742.1959425422015,3447.9250902416784,3614.9631296262855
forecast_7245,2025-10-29 21:00:00,3979.6497759997224,3837.6535563202387,3478.7423355289893
forecast_7246,2025-10-29 22:00:00,3842.7012946463205,3843.3018472692,3571.9500912490985
forecast_7247,2025-10-29 23:00:00,4298.610922640762,4168.371601430056,3535.840087527488
forecast_7248,2025-10-30 00:00:00,4534.893180585607,4431.447919258509,3793.2649999087084
forecast_7249,2025-10-30 01:00:00,7406.026832852237,7324.415596177791,5151.508338439743
forecast_7250,2025-10-30 02:00:00,9109.41659575483,9333.047002361924,6070.642025711614
forecast_7251,2025-10-30 03:00:00,11509.436259532506,10948.482503023766,8053.562808775688
forecast_7252,2025-10-30 04:00:00,12775.761766885558,12509.143250523459,8629.630932646127
forecast_7253,2025-10-30 05:00:00,15825.000310310605,15787.633047097286,9929.095360891077
forecast_7254,2025-10-30 06:00:00,12712.95098773494,12514.636772122098,9290.286362326477
forecast_7255,2025-10-30 07:00:00,11924.507709003623,11398.703236939173,8142.817399862877
forecast_7256,2025-10-30 08:00:00,10324.69902384601,9480.0908298936,6184.571937257585
forecast_7257,2025-10-30 09:00:00,8652.276037215725,7305.042161708068,4607.889191387837
forecast_7258,2025-10-30 10:00:00,5476.644361373282,5088.372836762494,3766.750758918438
forecast_7259,2025-10-30 11:00:00,4208.663344986873,4382.295592494101,3882.5535938335743
forecast_7260,2025-10-30 12:00:00,3830.2265997674276,3687.2937968691363,3394.2484140947336
forecast_7261,2025-10-30 13:00:00,3614.760317399104,3683.8112409667297,3277.262292489868
forecast_7262,2025-10-30 14:00:00,3669.8543512695583,3734.3010464067656,3506.7820075999425
forecast_7263,2025-10-30 15:00:00,5007.021979530307,4651.671381224166,3395.977797923051
forecast_7264,2025-10-30 16:00:00,3719.318212461086,3507.9424443215275,3467.7358210972716
forecast_7265,2025-10-30 17:00:00,3967.4664922503557,3801.6807020612205,3393.3828315776204
forecast_7266,2025-10-30 18:00:00,3600.099187217548,3572.895767213657,3307.60719882914
forecast_7267,2025-10-30 19:00:00,3611.87307567605,3716.073760065952,3348.442349595304
forecast_7268,2025-10-30 20:00:00,3822.533390231105,3541.846177848603,3403.570989515741
forecast_7269,2025-10-30 21:00:00,3634.923780201221,3744.9712838953133,3530.2029140933364
forecast_7270,2025-10-30 22:00:00,3724.1161241270715,3637.612392622507,3394.2058775391874
forecast_7271,2025-10-30 23:00:00,3661.520774794824,3679.2319107221656,3369.304993983345
forecast_7272,2025-10-31 00:00:00,3650.929388031416,3727.18284060531,3392.9531003863963
forecast_7273,2025-10-31 01:00:00,4300.270052955542,3642.9436795545294,3205.0870833871327
forecast_7274,2025-10-31 02:00:00,3358.2325887630564,3042.9025831641343,3300.656758150569
forecast_7275,2025-10-31 03:00:00,3555.8789113975845,3310.7280063794287,3226.047072616454
forecast_7276,2025-10-31 04:00:00,3532.077432253041,3304.5775288275686,2144.962536798715
forecast_7277,2025-10-31 05:00:00,3412.5675491852107,3424.857474569302,829.5852763540289
forecast_7278,2025-10-31 06:00:00,3089.1124746513615,3599.1629290610654,97.03290630368068
forecast_7279,2025-10-31 07:00:00,3722.38479608506,3303.200021692043,83.85023102780028
forecast_7280,2025-10-31 08:00:00,2650.792593053383,2881.497563172563,88.13604573029376
forecast_7281,2025-10-31 09:00:00,3778.005280399304,3456.5220917158276,1045.250762958781
forecast_7282,2025-10-31 10:00:00,3456.6179185313613,2980.681305446916,1782.6031534664596
forecast_7283,2025-10-31 11:00:00,3039.979651381136,3017.245316553933,1734.993959763641
forecast_7284,2025-10-31 12:00:00,4918.055869785888,2916.875380328174,859.7671826031462
forecast_7285,2025-10-31 13:00:00,165.97329705141829,149.1983149332464,93.83218655530526
forecast_7286,2025-10-31 14:00:00,96.08678200713652,93.96621872318005,57.68352465853903
forecast_7287,2025-10-31 15:00:00,76.01605760076896,69.88436141610688,48.35087177916727
forecast_7288,2025-10-31 16:00:00,71.19673075788931,69.76493328937677,56.477872595590625
forecast_7289,2025-10-31 17:00:00,4112.07407054852,5265.04754083812,2191.783822622458
forecast_7290,2025-10-31 18:00:00,3960.7817994509805,4391.91193084683,3674.5155382846633
forecast_7291,2025-10-31 19:00:00,3644.234964806732,3615.941221691785,3178.67006389099
forecast_7292,2025-10-31 20:00:00,5042.548306993621,4820.795426865663,3924.788648915006
forecast_7293,2025-10-31 21:00:00,7974.278508993101,7366.271136037561,4715.893518970183
forecast_7294,2025-10-31 22:00:00,9854.929141336215,9199.101355700834,5746.709840721361
forecast_7295,2025-10-31 23:00:00,9365.104121575745,9347.273805579416,6027.9971673442205
forecast_7296,2025-11-01 00:00:00,9081.101942024683,9596.304776237717,6345.237367235065
forecast_7297,2025-11-01 01:00:00,9421.031458131572,10578.720469163813,6755.92205015829
forecast_7298,2025-11-01 02:00:00,9491.809164319495,9959.862847579916,6261.486431857193
forecast_7299,2025-11-01 03:00:00,9318.24635559593,10201.731890170428,6839.076578907924
forecast_7300,2025-11-01 04:00:00,10013.345688523643,10682.967527735955,9615.139432483682
forecast_7301,2025-11-01 05:00:00,12140.628929141285,13089.890378473188,10829.039931449457
forecast_7302,2025-11-01 06:00:00,13177.72677248295,14480.338609364377,12365.727157860762
forecast_7303,2025-11-01 07:00:00,13548.391334508082,15546.51830947592,12321.3440722561
forecast_7304,2025-11-01 08:00:00,13746.08410927339,15442.624488283835,12477.43482598998
forecast_7305,2025-11-01 09:00:00,14755.166956540821,16915.908593379125,12262.047541028036
forecast_7306,2025-11-01 10:00:00,15158.156622844945,16479.267440016083,12500.198128837766
forecast_7307,2025-11-01 11:00:00,14753.337012314623,15438.829313866167,11374.198356167686
forecast_7308,2025-11-01 12:00:00,13973.077381648889,14150.348919128783,10063.271020248496
forecast_7309,2025-11-01 13:00:00,13682.882243552333,13219.818610278537,9897.275663664443
forecast_7310,2025-11-01 14:00:00,13619.318394023625,13166.336387075691,10185.592855644953
forecast_7311,2025-11-01 15:00:00,13520.060794329183,13348.882484002675,10124.297730832606
forecast_7312,2025-11-01 16:00:00,13482.843344189936,13287.986288697442,9968.849756946836
forecast_7313,2025-11-01 17:00:00,13453.646852134725,13838.956762500193,9918.135584962218
forecast_7314,2025-11-01 18:00:00,13347.69360508538,14862.436543389751,10281.545759358221
forecast_7315,2025-11-01 19:00:00,13772.146765030875,14553.213146423872,11797.370954383297
forecast_7316,2025-11-01 20:00:00,14567.618619019999,15406.768311234373,12724.042417825964
forecast_7317,2025-11-01 21:00:00,15730.319402057603,15594.075390665374,13562.327324462973
forecast_7318,2025-11-01 22:00:00,16244.738777003853,16348.499662408965,14666.491643886045
forecast_7319,2025-11-01 23:00:00,16421.355533469712,16524.203148208195,15309.63477360192
forecast_7320,2025-11-02 00:00:00,16735.02289627295,17177.971927095,16030.576736615127
forecast_7321,2025-11-02 01:00:00,16896.16043054463,17392.087414709073,15767.633199596534
forecast_7322,2025-11-02 02:00:00,16725.863339852334,17215.724848139445,15597.722185466999
forecast_7323,2025-11-02 03:00:00,16627.454656954476,17091.61218100539,14566.116878548748
forecast_7324,2025-11-02 04:00:00,16738.794255651457,17146.073679951896,14620.810517124073
forecast_7325,2025-11-02 05:00:00,16672.889868028768,17258.854185681103,14946.57550309727
forecast_7326,2025-11-02 06:00:00,16981.70866764417,17580.976831504027,15410.418740619778
forecast_7327,2025-11-02 07:00:00,17342.46646098803,18006.70599926158,15970.645558244676
forecast_7328,2025-11-02 08:00:00,17697.02059663172,18267.294550003084,16552.243412563494
forecast_7329,2025-11-02 09:00:00,17726.38272409617,18414.953775312835,16497.57328204398
forecast_7330,2025-11-02 10:00:00,17445.40266576275,18437.894599186307,16606.75327302182
forecast_7331,2025-11-02 11:00:00,16921.042901441346,17703.3935356665,15483.380615903348
forecast_7332,2025-11-02 12:00:00,16238.83616955977,17157.000146876097,14059.979544064787
forecast_7333,2025-11-02 13:00:00,15820.357588204184,16391.334065846047,12624.44774455743
forecast_7334,2025-11-02 14:00:00,15186.31966467924,16023.899594670942,11378.54896440475
forecast_7335,2025-11-02 15:00:00,14791.705165514812,15945.812719544627,10246.14558203574
forecast_7336,2025-11-02 16:00:00,14036.222303330927,14623.640891059958,9657.014533406129
forecast_7337,2025-11-02 17:00:00,13645.726834089444,13731.59757255663,9358.707956173159
forecast_7338,2025-11-02 18:00:00,13121.358155044953,13227.618541828135,9527.044693552185
forecast_7339,2025-11-02 19:00:00,12312.15112762118,12605.790955728033,9816.518103618242
forecast_7340,2025-11-02 20:00:00,10633.353162783966,11496.987194003448,8896.61103953002
forecast_7341,2025-11-02 21:00:00,8727.380469278065,9920.96915060856,7587.299561251236
forecast_7342,2025-11-02 22:00:00,8811.649413152238,10519.203536237415,6844.930939120702
forecast_7343,2025-11-02 23:00:00,8915.341249904317,11477.97029519017,6702.050399822609
forecast_7344,2025-11-03 00:00:00,8041.049226734522,9626.514554967327,6658.020122105173
forecast_7345,2025-11-03 01:00:00,10293.883954768848,11396.835537988027,7628.644210996654
forecast_7346,2025-11-03 02:00:00,9324.760981374671,10108.52680964765,7092.723627048211
forecast_7347,2025-11-03 03:00:00,8894.648513646962,9782.96021822249,6866.7831054035205
forecast_7348,2025-11-03 04:00:00,7574.644617705405,8656.01639913482,6075.852700463989
forecast_7349,2025-11-03 05:00:00,6805.017676643611,7401.1851509488715,4831.030450924325
forecast_7350,2025-11-03 06:00:00,5208.143424337142,5819.031635172601,3892.7377894711385
forecast_7351,2025-11-03 07:00:00,4152.006830833672,4779.450287682582,3761.7204818008418
forecast_7352,2025-11-03 08:00:00,3825.8179179554595,3883.384418486601,3475.7260026687827
forecast_7353,2025-11-03 09:00:00,3662.7605840467822,3987.0141643681022,3322.3541927547635
forecast_7354,2025-11-03 10:00:00,3229.8166219928617,3396.9977686584116,2810.4525686934667
forecast_7355,2025-11-03 11:00:00,2991.0068319870074,3344.4786262142165,3006.7663697109365
forecast_7356,2025-11-03 12:00:00,2348.9410534666913,2821.8934495756043,2408.0259512053867
forecast_7357,2025-11-03 13:00:00,2436.1515077146746,165.956856302835,912.7596346634948
forecast_7358,2025-11-03 14:00:00,57.61787484522233,58.42251260787936,45.91463826783549
forecast_7359,2025-11-03 15:00:00,21.013445363276144,24.197510691132727,13.636503258899383
forecast_7360,2025-11-03 16:00:00,15.488397516295898,11.789736274421733,1084.2212830858216
forecast_7361,2025-11-03 17:00:00,1755.920836586395,4109.441854485542,1291.688707397444
forecast_7362,2025-11-03 18:00:00,4997.80551453021,5419.727242309742,3325.0117980659616
forecast_7363,2025-11-03 19:00:00,3500.28256150004,2970.4151482758807,6012.573291176201
forecast_7364,2025-11-03 20:00:00,3730.0218017828524,3606.6467490747223,3310.740670230433
forecast_7365,2025-11-03 21:00:00,3882.2134980978362,3870.043065659603,3613.5786330564433
forecast_7366,2025-11-03 22:00:00,4593.924611207748,4613.965149897471,3753.7440669718585
forecast_7367,2025-11-03 23:00:00,7017.183674957327,7413.076968467097,4930.440930365299
forecast_7368,2025-11-04 00:00:00,8435.727331863045,9105.920842716276,6036.766970909839
forecast_7369,2025-11-04 01:00:00,7503.673806797972,8750.589848468971,6036.609032586143
forecast_7370,2025-11-04 02:00:00,8048.962140624392,9188.737384943268,6326.761702300344
forecast_7371,2025-11-04 03:00:00,9115.10648752511,10396.567804636205,6678.947368375501
forecast_7372,2025-11-04 04:00:00,9240.034956302206,11470.227405780866,7156.080600352493
forecast_7373,2025-11-04 05:00:00,10424.286808806324,12239.454936129252,7642.662516942155
forecast_7374,2025-11-04 06:00:00,10833.76084583152,14617.258575613469,8127.701575403441
forecast_7375,2025-11-04 07:00:00,10245.65719119818,12237.013001289753,8856.795746624439
forecast_7376,2025-11-04 08:00:00,10596.09126483933,12072.776587629087,10161.770047509806
forecast_7377,2025-11-04 09:00:00,11616.678865504464,12821.04909259139,11203.797494574643
forecast_7378,2025-11-04 10:00:00,11361.563368654979,12737.353741009656,11609.208849157927
forecast_7379,2025-11-04 11:00:00,11184.861316562301,12452.283787425904,10133.764723763781
forecast_7380,2025-11-04 12:00:00,9311.455725530182,10293.62034040091,8762.013321203833
forecast_7381,2025-11-04 13:00:00,8944.21540621582,9199.30909250836,7882.8066642485
forecast_7382,2025-11-04 14:00:00,8178.446575054697,8031.381528436386,7096.8687555571905
forecast_7383,2025-11-04 15:00:00,7571.223331462004,7759.967461081649,6990.0316911843165
forecast_7384,2025-11-04 16:00:00,6788.264698193737,6897.217100336554,6676.881814426111
forecast_7385,2025-11-04 17:00:00,8662.13823469564,8838.070246427766,7613.945452354282
forecast_7386,2025-11-04 18:00:00,10601.827883153956,10609.097063850928,8426.426046687315
forecast_7387,2025-11-04 19:00:00,11867.994009436929,12345.696166031072,9921.583774523197
forecast_7388,2025-11-04 20:00:00,13278.742066845532,13200.681356469371,9986.25494427991
forecast_7389,2025-11-04 21:00:00,12387.192984858704,12604.088133448353,9528.084342071654
forecast_7390,2025-11-04 22:00:00,11617.974255028692,11082.445137488596,7933.750600737599
forecast_7391,2025-11-04 23:00:00,9453.066039812931,9385.493229824147,6508.686797995673
forecast_7392,2025-11-05 00:00:00,8542.250856820132,8315.96231736124,5358.996945350013
forecast_7393,2025-11-05 01:00:00,6641.922769645112,5832.318136682886,3851.904596982736
forecast_7394,2025-11-05 02:00:00,4693.086949972587,4186.829089414155,3840.9600662079
forecast_7395,2025-11-05 03:00:00,4368.782373246512,4144.165271873887,3539.7707088147467
forecast_7396,2025-11-05 04:00:00,3703.8907421561544,3543.7014727461396,3024.256863810136
forecast_7397,2025-11-05 05:00:00,3350.5823878449633,3077.2887646445574,3202.9173611690994
forecast_7398,2025-11-05 06:00:00,3334.3126559197403,3946.350214129395,1677.4904545024044
forecast_7399,2025-11-05 07:00:00,3012.5007772053536,2531.9437825406812,28.984811066627035
forecast_7400,2025-11-05 08:00:00,3678.8217594516623,3491.963417120857,32.24414715967083
forecast_7401,2025-11-05 09:00:00,3313.6012333055833,3185.5207077836762,23.362700974444685
forecast_7402,2025-11-05 10:00:00,3813.146723810423,3307.8784958142082,1134.8012429064067
forecast_7403,2025-11-05 11:00:00,4756.682029172013,4423.5056713223175,32.83075916331418
forecast_7404,2025-11-05 12:00:00,4439.212203093378,2964.2414065022135,33.56531858518199
forecast_7405,2025-11-05 13:00:00,4446.093497536131,2601.3523393901514,15.290853153862694
forecast_7406,2025-11-05 14:00:00,4423.609177219803,2556.725779101732,14.147793537945315
forecast_7407,2025-11-05 15:00:00,1979.2053467922535,27.74866443538115,19.655014142337585
forecast_7408,2025-11-05 16:00:00,1830.3379231074316,31.345825702287,26.104314983594875
forecast_7409,2025-11-05 17:00:00,2238.378337099582,2279.5941210159226,31.341172737315315
forecast_7410,2025-11-05 18:00:00,2892.613976729162,2731.1766085661598,29.01584163775209
forecast_7411,2025-11-05 19:00:00,3503.5474566683693,3513.085714741856,908.8468333879989
forecast_7412,2025-11-05 20:00:00,3809.1730419417117,3646.477160349411,1904.8316673608776
forecast_7413,2025-11-05 21:00:00,3642.00262456238,3403.9944499404983,1410.344097398325
forecast_7414,2025-11-05 22:00:00,3527.7682096592544,3375.3423978646024,901.253828163484
forecast_7415,2025-11-05 23:00:00,3587.0959607040836,3360.7603177104,4074.3785390333746
forecast_7416,2025-11-06 00:00:00,3869.236652281947,3324.5622675226855,3587.6935751385327
forecast_7417,2025-11-06 01:00:00,3547.0451696202726,3599.3194633904222,3387.436113962539
forecast_7418,2025-11-06 02:00:00,4268.2154020415055,4021.5504729936406,3457.685405271511
forecast_7419,2025-11-06 03:00:00,4588.623422022979,4088.3385803483166,3743.3596257722625
forecast_7420,2025-11-06 04:00:00,5297.713098734179,5043.12424655614,3790.1400985757928
forecast_7421,2025-11-06 05:00:00,6220.634512446269,5626.740790137698,3798.566762872729
forecast_7422,2025-11-06 06:00:00,6220.935904439004,5735.103480573219,3744.6532984655487
forecast_7423,2025-11-06 07:00:00,5277.323216031501,4958.8593645105475,3827.1077596727555
forecast_7424,2025-11-06 08:00:00,4045.969455171214,3995.0357964430373,3634.227473125637
forecast_7425,2025-11-06 09:00:00,3798.828748701291,3677.1754163455853,3174.4172567129576
forecast_7426,2025-11-06 10:00:00,3529.1816006483814,3419.4689220414966,2613.455692980549
forecast_7427,2025-11-06 11:00:00,3494.5186327175074,3482.6797855391833,159.36419360716758
forecast_7428,2025-11-06 12:00:00,3265.7012515296274,3212.960324382854,90.10112485606071
forecast_7429,2025-11-06 13:00:00,3516.008688939259,3107.0526319391092,49.626904730504855
forecast_7430,2025-11-06 14:00:00,3267.0150968023995,2963.79423446478,1064.0854939489268
forecast_7431,2025-11-06 15:00:00,3239.109022659724,2738.632363993375,53.0215891178337
forecast_7432,2025-11-06 16:00:00,2930.424810821656,3035.830991079463,1717.8700842543062
forecast_7433,2025-11-06 17:00:00,3026.8379759904296,3061.635296520008,292.26330170668865
forecast_7434,2025-11-06 18:00:00,3445.9596291980138,3337.9888244918607,1241.01008842286
forecast_7435,2025-11-06 19:00:00,3359.814214574816,3376.1358329588898,2319.8174693478204
forecast_7436,2025-11-06 20:00:00,3002.0318810199165,3017.179404094029,1131.6989836745945
forecast_7437,2025-11-06 21:00:00,3955.5897430745244,3965.0087848535577,2262.603228370349
forecast_7438,2025-11-06 22:00:00,3630.2299400025927,3820.668683311938,2231.9122118289497
forecast_7439,2025-11-06 23:00:00,3610.5007618192744,3634.7588826263805,1147.634220264191
forecast_7440,2025-11-07 00:00:00,3356.838973564272,3662.4901451253972,1633.038920868906
forecast_7441,2025-11-07 01:00:00,3496.8782348562654,2948.37103053464,2774.6003381627365
forecast_7442,2025-11-07 02:00:00,3736.7833712731745,3689.510650555072,3693.38887571647
forecast_7443,2025-11-07 03:00:00,4114.734639670732,3943.15984805467,3505.824816913048
forecast_7444,2025-11-07 04:00:00,3743.5185812344466,3619.9254540126212,3383.6877496654483
forecast_7445,2025-11-07 05:00:00,3865.3655618559856,3649.357168184397,3366.0990786883463
forecast_7446,2025-11-07 06:00:00,3728.2660081656286,3845.414234043781,3456.133504130856
forecast_7447,2025-11-07 07:00:00,3654.8516076361293,3926.769493474864,3208.7067162543763
forecast_7448,2025-11-07 08:00:00,3134.774722472136,3585.424215063968,6224.541558235011
forecast_7449,2025-11-07 09:00:00,2665.5361667419193,2923.4987916663063,25.69326835123534
forecast_7450,2025-11-07 10:00:00,1600.7100711895207,2296.235503823855,8.549673679837948
forecast_7451,2025-11-07 11:00:00,1186.7438413793113,1913.3804176500657,0.10844121751045017
forecast_7452,2025-11-07 12:00:00,20.602479032312253,20.022271208435033,6.842648835005454
forecast_7453,2025-11-07 13:00:00,65.23626933567806,69.29390209815114,43.90983931766979
forecast_7454,2025-11-07 14:00:00,1417.070677977036,1111.7457316361697,142.7538270304925
forecast_7455,2025-11-07 15:00:00,1791.561362541537,3186.2694694994034,2468.8224274546915
forecast_7456,2025-11-07 16:00:00,3024.314830024853,3770.517791189323,2957.186890558252
forecast_7457,2025-11-07 17:00:00,3261.593958583648,3531.9830306724084,2570.708259177477
forecast_7458,2025-11-07 18:00:00,3073.2123291286716,3785.119790737708,3100.33248513279
forecast_7459,2025-11-07 19:00:00,3246.4691124154947,3713.329262795488,3094.1589850171936
forecast_7460,2025-11-07 20:00:00,3176.435810611737,3416.244074279568,3103.03962559686
forecast_7461,2025-11-07 21:00:00,3304.90840128379,3472.518682880585,2954.6939070925832
forecast_7462,2025-11-07 22:00:00,3321.186848583615,3458.0882829954694,3143.506476894526
forecast_7463,2025-11-07 23:00:00,3236.151829209434,3604.088551845129,3034.018977925068
forecast_7464,2025-11-08 00:00:00,3273.2952083092327,3541.9130823514092,2906.769395448684
forecast_7465,2025-11-08 01:00:00,3347.453931679162,3388.351459432583,2962.0826233356665
forecast_7466,2025-11-08 02:00:00,3360.2941779723756,3311.9138350726203,2854.914025409597
forecast_7467,2025-11-08 03:00:00,3263.8121732559366,3314.187802903568,2944.3170902192496
forecast_7468,2025-11-08 04:00:00,3250.8377228283684,3242.227292295267,2394.1926474188663
forecast_7469,2025-11-08 05:00:00,3355.8723322469864,3343.7194271258386,2532.0127853915237
forecast_7470,2025-11-08 06:00:00,3422.8469409950167,3403.6403232910025,2782.300430559645
forecast_7471,2025-11-08 07:00:00,3497.285027471236,3420.8641783908674,2832.530014518618
forecast_7472,2025-11-08 08:00:00,3730.9291422322717,3639.2200142982774,3414.4174842629245
forecast_7473,2025-11-08 09:00:00,3787.922400531331,3762.5633741808974,2951.992798029212
forecast_7474,2025-11-08 10:00:00,3648.937926723245,3616.6613882871798,4166.080605133251
forecast_7475,2025-11-08 11:00:00,3608.6462945543435,3460.4046264612257,5814.860463812752
forecast_7476,2025-11-08 12:00:00,3202.9354367001424,3240.913230208236,2661.956295070527
forecast_7477,2025-11-08 13:00:00,3399.077345644576,3612.857838368143,2804.74414299621
forecast_7478,2025-11-08 14:00:00,3817.919668123771,3912.1015712702456,3476.0140867088494
forecast_7479,2025-11-08 15:00:00,3809.4180398706135,3634.419465782339,3369.1158059903546
forecast_7480,2025-11-08 16:00:00,3658.1318549821967,3658.0399422611763,3354.641915645969
forecast_7481,2025-11-08 17:00:00,3686.4646745869354,3791.690088367358,3495.374010044211
forecast_7482,2025-11-08 18:00:00,3886.562987920404,3901.3624502293087,3285.805798561269
forecast_7483,2025-11-08 19:00:00,3900.4239348071583,3861.607431334004,3206.300060960669
forecast_7484,2025-11-08 20:00:00,3893.7378416232955,3924.4353023414524,3529.221436813516
forecast_7485,2025-11-08 21:00:00,4509.154351444587,4733.322919277038,4046.692150497236
forecast_7486,2025-11-08 22:00:00,6024.82159292258,6410.410778532892,4803.957282446364
forecast_7487,2025-11-08 23:00:00,6991.150951361169,9881.47646932031,5978.242932135513
forecast_7488,2025-11-09 00:00:00,7404.278301434444,9347.699705754403,6338.778540126524
forecast_7489,2025-11-09 01:00:00,9602.397589558926,9929.633864513282,7001.0765879287555
forecast_7490,2025-11-09 02:00:00,8759.42992050026,9824.708843710176,6262.849546990154
forecast_7491,2025-11-09 03:00:00,9500.633669459006,10652.01563184357,5996.544749514514
forecast_7492,2025-11-09 04:00:00,10604.140162284286,11368.002959223411,7175.941583037712
forecast_7493,2025-11-09 05:00:00,12926.073741314327,12325.816769933248,8426.797065704768
forecast_7494,2025-11-09 06:00:00,13598.417160779249,13500.21573147929,9709.281955721379
forecast_7495,2025-11-09 07:00:00,15179.865319536553,14746.539238478928,11442.978592502968
forecast_7496,2025-11-09 08:00:00,15770.83596856432,15253.197340718583,12288.829163543392
forecast_7497,2025-11-09 09:00:00,14946.459497928985,15636.247120310825,12608.363931530816
forecast_7498,2025-11-09 10:00:00,13879.67735591549,15621.35048223247,12908.944336419432
forecast_7499,2025-11-09 11:00:00,12983.632117123261,13663.277557464033,11647.140932390052
forecast_7500,2025-11-09 12:00:00,12422.78510185794,12802.99930858431,10844.918013138205
forecast_7501,2025-11-09 13:00:00,12375.94742838554,12510.818139618612,10098.68441827589
forecast_7502,2025-11-09 14:00:00,12068.567792575072,12620.719527775578,9916.563781539551
forecast_7503,2025-11-09 15:00:00,12653.34650612904,12587.891832829302,9978.545710301858
forecast_7504,2025-11-09 16:00:00,13609.612643437715,13474.2553706116,10198.640968617545
forecast_7505,2025-11-09 17:00:00,13684.447727342007,13960.239335148195,10442.400515706679
forecast_7506,2025-11-09 18:00:00,14500.888246249688,14837.040979150133,11297.184283428194
forecast_7507,2025-11-09 19:00:00,15412.615990256321,15939.901449473009,12302.232105144623
forecast_7508,2025-11-09 20:00:00,16651.008231520205,17034.56119062604,13869.652396395577
forecast_7509,2025-11-09 21:00:00,16928.525659307372,17572.12363329993,14807.137695406016
forecast_7510,2025-11-09 22:00:00,16628.462264093654,17329.96610805758,14849.55218806131
forecast_7511,2025-11-09 23:00:00,15518.354267695495,16477.439538070445,13340.63229249185
forecast_7512,2025-11-10 00:00:00,14957.004501510939,15779.595233448144,12397.45779229036
forecast_7513,2025-11-10 01:00:00,14872.586942518576,15912.511646097313,12235.420937155139
forecast_7514,2025-11-10 02:00:00,14402.173800991002,15234.247755368806,11797.214432599148
forecast_7515,2025-11-10 03:00:00,14750.62569290856,15379.704250127961,12299.010725194335
forecast_7516,2025-11-10 04:00:00,14714.432861073788,15347.187430300308,12611.883250325465
forecast_7517,2025-11-10 05:00:00,14338.29805799225,14931.186891234202,12413.704644359212
forecast_7518,2025-11-10 06:00:00,15272.947607534656,15950.008131110875,13591.994057629965
forecast_7519,2025-11-10 07:00:00,15954.87727279937,16685.46788410744,14634.4905642191
forecast_7520,2025-11-10 08:00:00,16075.757476979725,17090.359193360593,13913.98696489503
forecast_7521,2025-11-10 09:00:00,15072.031558355467,16374.960684601632,12513.48226598391
forecast_7522,2025-11-10 10:00:00,13698.161246798265,14753.26366511329,11030.627713317366
forecast_7523,2025-11-10 11:00:00,11590.329461248792,12535.745668753403,9543.186003017363
forecast_7524,2025-11-10 12:00:00,9704.482418416977,10420.971101143863,7689.2864491724595
forecast_7525,2025-11-10 13:00:00,8439.319303614884,8005.106039768985,4793.634477831479
forecast_7526,2025-11-10 14:00:00,6597.833874139384,7191.836271948067,3892.235476669621
forecast_7527,2025-11-10 15:00:00,6535.584290948045,7047.419222915315,3852.3459650127616
forecast_7528,2025-11-10 16:00:00,7331.1165606069,7546.479534958069,4351.83255710525
forecast_7529,2025-11-10 17:00:00,9689.338881544321,9509.219843124249,5770.137418730259
forecast_7530,2025-11-10 18:00:00,12164.933017010826,13439.136848428961,8646.20436342638
forecast_7531,2025-11-10 19:00:00,15159.769999093709,15911.229292237096,11894.315715767483
forecast_7532,2025-11-10 20:00:00,16697.784423882524,16785.089568291725,13558.742364826832
forecast_7533,2025-11-10 21:00:00,17751.446004986665,17484.66452352292,14379.817113748992
forecast_7534,2025-11-10 22:00:00,18860.49720691098,18779.28636453291,14513.531178920082
forecast_7535,2025-11-10 23:00:00,18937.43704928933,19134.88701575917,14485.774628996816
forecast_7536,2025-11-11 00:00:00,19610.926270497708,19252.238877777523,14674.507776691624
forecast_7537,2025-11-11 01:00:00,18975.731425195027,18878.514930095807,15223.731281816938
forecast_7538,2025-11-11 02:00:00,18706.44195261427,18846.537147808438,14944.702630244581
forecast_7539,2025-11-11 03:00:00,18153.38693740402,18311.51222754212,13436.993115896254
forecast_7540,2025-11-11 04:00:00,16007.492753981684,16412.703768689502,11707.397051816612
forecast_7541,2025-11-11 05:00:00,13194.748829962971,13412.819683839596,8321.81639471439
forecast_7542,2025-11-11 06:00:00,9852.121715977846,9959.968379614647,5969.999428463167
forecast_7543,2025-11-11 07:00:00,7241.5194598851385,7156.082087155794,4311.842381459043
forecast_7544,2025-11-11 08:00:00,5758.792082541685,5319.646534246575,3791.083916501085
forecast_7545,2025-11-11 09:00:00,4818.34274822653,3859.2869171793977,3663.2744566538213
forecast_7546,2025-11-11 10:00:00,3910.7657613774186,3858.919762811412,3933.2024886252166
forecast_7547,2025-11-11 11:00:00,3899.5621952532592,4084.2241409523226,3614.144222223485
forecast_7548,2025-11-11 12:00:00,3826.3902996681645,3788.6653687319417,3415.6356408957126
forecast_7549,2025-11-11 13:00:00,3501.0964147645095,3615.972453381758,3333.404009074237
forecast_7550,2025-11-11 14:00:00,3043.8661207329837,3135.495034588743,2742.236367419268
forecast_7551,2025-11-11 15:00:00,3316.7900186057163,3247.4351309064614,3045.1614455083077
forecast_7552,2025-11-11 16:00:00,3458.4877014985354,3544.634351446956,2814.454022660396
forecast_7553,2025-11-11 17:00:00,3425.512143783023,3348.4369286608494,3231.9100841225186
forecast_7554,2025-11-11 18:00:00,3464.8333915148633,3285.138881522172,3109.6866107816895
forecast_7555,2025-11-11 19:00:00,3550.0725111364077,3752.777803193768,3570.7056720778955
forecast_7556,2025-11-11 20:00:00,3706.65458879825,3840.3537229475937,2766.7628009074688
forecast_7557,2025-11-11 21:00:00,3687.4461085409844,3598.903414196517,970.5091707507934
forecast_7558,2025-11-11 22:00:00,3403.6641752122378,3387.308147453425,1243.7374791478728
forecast_7559,2025-11-11 23:00:00,3490.3314710358477,3169.5375987491702,2701.3362964016037
forecast_7560,2025-11-12 00:00:00,3273.457149447875,3166.035614559961,1237.030529574982
forecast_7561,2025-11-12 01:00:00,3757.814293361003,3612.729409418983,3229.7696672942348
forecast_7562,2025-11-12 02:00:00,3769.9695491178036,3604.751107696737,3547.6759897511556
forecast_7563,2025-11-12 03:00:00,3519.3168524792263,3706.0743920082455,3647.7191452401867
forecast_7564,2025-11-12 04:00:00,3673.3838490175026,3656.8561520121616,3595.8502371950713
forecast_7565,2025-11-12 05:00:00,3673.4837102275837,3915.3788752716705,3595.752637080744
forecast_7566,2025-11-12 06:00:00,3923.874346351177,3955.8407325378666,3456.127862461016
forecast_7567,2025-11-12 07:00:00,4465.669181658882,4374.999239782612,3608.6947300640945
forecast_7568,2025-11-12 08:00:00,5206.831454882375,4769.356478864421,3636.459606604028
forecast_7569,2025-11-12 09:00:00,6095.654853615759,6451.67806876447,3791.0665800141487
forecast_7570,2025-11-12 10:00:00,5438.32966662041,6053.072148961726,3890.462912531247
forecast_7571,2025-11-12 11:00:00,5092.261155798636,4729.129654865344,4107.112862803707
forecast_7572,2025-11-12 12:00:00,4747.78830935504,4088.4707164865154,3858.7606217093185
forecast_7573,2025-11-12 13:00:00,4018.5765540581833,4075.158652943053,3959.3606522089826
forecast_7574,2025-11-12 14:00:00,4022.269060596378,4079.7078091893663,3797.039913351418
forecast_7575,2025-11-12 15:00:00,4091.31147354032,4112.973523934106,3848.747118793152
forecast_7576,2025-11-12 16:00:00,4631.785891700581,4686.034079842105,4171.442937740805
forecast_7577,2025-11-12 17:00:00,6725.520619398695,6922.431934824387,5854.185016570215
forecast_7578,2025-11-12 18:00:00,9656.78283961917,9675.17480567735,8137.905421474085
forecast_7579,2025-11-12 19:00:00,12890.345007381005,13153.844755621469,10413.304326361851
forecast_7580,2025-11-12 20:00:00,14661.338548612086,14916.469112630746,11854.588411549716
forecast_7581,2025-11-12 21:00:00,16346.922337079783,16180.89402170767,12957.465218720301
forecast_7582,2025-11-12 22:00:00,17367.520118180768,17090.68757383622,13867.40739325155
forecast_7583,2025-11-12 23:00:00,18707.00988567201,18064.008208541673,15630.5610418219
forecast_7584,2025-11-13 00:00:00,19486.64926729627,19104.310362542354,16900.165257265977
forecast_7585,2025-11-13 01:00:00,19207.861827593886,19156.352970786786,16220.996696805785
forecast_7586,2025-11-13 02:00:00,19234.024999048244,19236.52266044969,16600.337443099743
forecast_7587,2025-11-13 03:00:00,19017.469395328302,18990.230379604847,17155.55990172554
forecast_7588,2025-11-13 04:00:00,18345.45621646306,18096.754632496115,17216.392470493793
forecast_7589,2025-11-13 05:00:00,17285.968982300943,17418.06619463428,15586.55617105737
forecast_7590,2025-11-13 06:00:00,16683.79128594279,17293.686399294955,14910.643333695089
forecast_7591,2025-11-13 07:00:00,15053.110184781219,16125.988540044978,13722.805548448374
forecast_7592,2025-11-13 08:00:00,14105.647716233896,15025.053260169834,11805.790227756666
forecast_7593,2025-11-13 09:00:00,13668.537354914011,14799.464023734892,10322.01967590512
forecast_7594,2025-11-13 10:00:00,13855.715508030193,15106.435112166688,10023.562209109012
forecast_7595,2025-11-13 11:00:00,11329.16102144216,13256.190942439953,8951.535986832583
forecast_7596,2025-11-13 12:00:00,10090.067299169334,10504.960562046559,6654.5345147799135
forecast_7597,2025-11-13 13:00:00,6888.733245336211,7521.036609995239,4644.847467821048
forecast_7598,2025-11-13 14:00:00,4670.314111890899,4538.204096879266,3772.171561033765
forecast_7599,2025-11-13 15:00:00,3984.673549999183,3576.2594450359898,3646.182109932918
forecast_7600,2025-11-13 16:00:00,3935.4288327042086,3750.7556078583584,3760.8166539779054
forecast_7601,2025-11-13 17:00:00,5099.676532851943,4929.819878376885,3846.448946006297
forecast_7602,2025-11-13 18:00:00,6170.665141173159,5893.0412109605795,3892.4196877028726
forecast_7603,2025-11-13 19:00:00,5819.194299729734,5488.2488896248315,4063.7793106859726
forecast_7604,2025-11-13 20:00:00,5279.914290290995,5403.1241376116195,3868.4821960478316
forecast_7605,2025-11-13 21:00:00,5676.406122961677,5563.561266225383,3807.691351746091
forecast_7606,2025-11-13 22:00:00,6415.372283727419,6258.53667828362,4313.67500388833
forecast_7607,2025-11-13 23:00:00,7171.603480269407,6985.934951750956,4556.873515369604
forecast_7608,2025-11-14 00:00:00,7338.095980610783,7422.318153830745,4615.404182981166
forecast_7609,2025-11-14 01:00:00,3933.8624591778935,3801.5302021413413,3536.5854521207643
forecast_7610,2025-11-14 02:00:00,4067.6349234842996,4084.907996584239,3638.9404013756375
forecast_7611,2025-11-14 03:00:00,4569.863293589172,4725.613863557505,3743.8877775501887
forecast_7612,2025-11-14 04:00:00,4753.320281542028,4866.702816078508,3663.2100606644294
forecast_7613,2025-11-14 05:00:00,4849.296072175415,4753.416014172548,3699.851756057952
forecast_7614,2025-11-14 06:00:00,4961.028028881784,4754.107423115974,3707.407210568372
forecast_7615,2025-11-14 07:00:00,4653.135048897934,3985.6998928426924,3730.181807615563
forecast_7616,2025-11-14 08:00:00,4439.563452374431,3912.4563592227355,3722.6189505134025
forecast_7617,2025-11-14 09:00:00,4328.568484253289,3846.3805227811877,3864.7909379777548
forecast_7618,2025-11-14 10:00:00,4034.21220716671,3972.795236218903,3781.2303475898207
forecast_7619,2025-11-14 11:00:00,4018.9636379542962,3963.465618792135,3788.5310675538813
forecast_7620,2025-11-14 12:00:00,4067.026338195286,3937.484219845293,3847.36157547918
forecast_7621,2025-11-14 13:00:00,3789.3745647621267,3798.214814519428,3918.1013750343586
forecast_7622,2025-11-14 14:00:00,3649.763118563497,3808.036622727685,3872.5126058962874
forecast_7623,2025-11-14 15:00:00,3645.9383135133435,3763.5271443331503,4212.37191604594
forecast_7624,2025-11-14 16:00:00,3877.799595529679,3712.5979783123166,3748.504544402441
forecast_7625,2025-11-14 17:00:00,4129.767976418391,4175.826174697487,3775.7963720301095
forecast_7626,2025-11-14 18:00:00,5784.219593212657,6446.779340381052,4321.264082577544
forecast_7627,2025-11-14 19:00:00,8287.850993947715,8274.929949712909,5223.462950600267
forecast_7628,2025-11-14 20:00:00,9000.922193915067,9110.844618080442,6023.250104043761
forecast_7629,2025-11-14 21:00:00,9645.675831624761,9495.822456193697,6564.423974767821
forecast_7630,2025-11-14 22:00:00,9454.325337637632,9297.683092065357,6175.951643011775
forecast_7631,2025-11-14 23:00:00,8744.366398238693,8703.2420807414,6013.631154090493
forecast_7632,2025-11-15 00:00:00,8449.048810612952,8291.454019457791,5750.721092650407
forecast_7633,2025-11-15 01:00:00,6042.015939351246,5794.2503874683125,4094.0673282064467
forecast_7634,2025-11-15 02:00:00,6204.022904559084,6047.089004161637,3970.58185691353
forecast_7635,2025-11-15 03:00:00,6269.396735058362,5321.386866730149,4125.8335802676365
forecast_7636,2025-11-15 04:00:00,5826.7557865652025,5536.63712673784,4548.684663886433
forecast_7637,2025-11-15 05:00:00,5955.188435185935,4609.483136830747,3773.5568380858545
forecast_7638,2025-11-15 06:00:00,4254.64026599311,4053.038113105895,4046.776209350295
forecast_7639,2025-11-15 07:00:00,3935.68418485719,3788.801990953575,4237.8355021997395
forecast_7640,2025-11-15 08:00:00,3727.2943172014598,3650.559532696777,3876.976986090899
forecast_7641,2025-11-15 09:00:00,3859.278790580914,3801.540553497242,3383.2831836782543
forecast_7642,2025-11-15 10:00:00,3943.8626186045226,3979.7561097723164,3357.1365411662264
forecast_7643,2025-11-15 11:00:00,2626.2431324770305,3062.524579206033,3140.144180267405
forecast_7644,2025-11-15 12:00:00,3846.068420806672,4246.008472514701,3530.7423116706045
forecast_7645,2025-11-15 13:00:00,3092.9809656025323,3602.277219401688,3036.1656575882325
forecast_7646,2025-11-15 14:00:00,3486.104181418928,3779.6590324374192,3977.050625015466
forecast_7647,2025-11-15 15:00:00,3433.2619236210517,3329.2423943555145,3388.898943700762
forecast_7648,2025-11-15 16:00:00,3753.0347742377267,3551.674404082869,3448.4397910134526
forecast_7649,2025-11-15 17:00:00,3785.3707191985263,3809.4425249071487,3277.377287956252
forecast_7650,2025-11-15 18:00:00,3933.2035038300814,3887.653832723497,3984.694202953318
forecast_7651,2025-11-15 19:00:00,5542.257841590707,5547.008497302114,5542.160546460754
forecast_7652,2025-11-15 20:00:00,6392.66083934663,6618.437940361403,7109.224092240057
forecast_7653,2025-11-15 21:00:00,7289.709301875557,7558.659425053532,6928.047586844869
forecast_7654,2025-11-15 22:00:00,7875.907850925356,7794.5652357865865,6212.825096218197
forecast_7655,2025-11-15 23:00:00,7545.903144917892,7406.696767748947,5728.592370719397
forecast_7656,2025-11-16 00:00:00,7732.969664423016,7270.725409121694,5444.891788521636
forecast_7657,2025-11-16 01:00:00,8165.637485576061,7701.468515614978,5920.586457365792
forecast_7658,2025-11-16 02:00:00,8243.298633421318,7852.447658437266,6206.700195601818
forecast_7659,2025-11-16 03:00:00,8328.236670715867,8156.589019375023,6393.925326726591
forecast_7660,2025-11-16 04:00:00,8973.689027432394,8858.817836294958,6943.3501489781975
forecast_7661,2025-11-16 05:00:00,9479.266484787137,9406.062728576098,7457.868171212494
forecast_7662,2025-11-16 06:00:00,10577.275288056058,11074.06017484999,8207.7305724549
forecast_7663,2025-11-16 07:00:00,11433.339201042687,12120.844884318738,8775.957884526711
forecast_7664,2025-11-16 08:00:00,12343.528847963133,13357.950083847894,9526.416317181121
forecast_7665,2025-11-16 09:00:00,13712.964397442554,14652.78632287085,9988.010738836369
forecast_7666,2025-11-16 10:00:00,14298.79328692404,16119.112708025967,9378.843981187158
forecast_7667,2025-11-16 11:00:00,13141.89106592807,15690.301715561556,10782.124685634131
forecast_7668,2025-11-16 12:00:00,13417.93227594091,15621.02721855522,11627.552566711498
forecast_7669,2025-11-16 13:00:00,14632.735763923229,15540.501060038972,13186.149230665224
forecast_7670,2025-11-16 14:00:00,14581.211022682923,15595.523061912943,14028.286787049221
forecast_7671,2025-11-16 15:00:00,15358.964503093406,16084.84343952854,14949.086496392834
forecast_7672,2025-11-16 16:00:00,16544.963714411566,17701.91993459364,16113.835797057629
forecast_7673,2025-11-16 17:00:00,18163.946125486083,18940.558374228665,16880.17839636978
forecast_7674,2025-11-16 18:00:00,19491.490196243067,19636.09495036722,19336.53863114929
forecast_7675,2025-11-16 19:00:00,19936.47879432931,19879.6002725486,19327.32815860475
forecast_7676,2025-11-16 20:00:00,19887.542251586267,20130.73797018995,19688.127887469294
forecast_7677,2025-11-16 21:00:00,19908.431358904072,20206.565299058053,19745.72810034069
forecast_7678,2025-11-16 22:00:00,19902.515725093504,20090.320661551188,19756.14634859417
forecast_7679,2025-11-16 23:00:00,19794.774998220782,19988.177626744113,19420.290470927644
forecast_7680,2025-11-17 00:00:00,19798.436324991308,20008.49663689564,19328.51375918545
forecast_7681,2025-11-17 01:00:00,20059.350640406006,19931.626441463464,19344.271997630578
forecast_7682,2025-11-17 02:00:00,20045.04489980277,19843.298335241077,19340.267095907333
forecast_7683,2025-11-17 03:00:00,19898.445883708864,19955.885194664905,18706.218887556428
forecast_7684,2025-11-17 04:00:00,19899.431099130514,19838.146075633842,18419.409583426044
forecast_7685,2025-11-17 05:00:00,19888.111482251683,19891.687244708868,18647.958035911648
forecast_7686,2025-11-17 06:00:00,19897.749526466872,19545.549424294008,18916.526507729293
forecast_7687,2025-11-17 07:00:00,20029.985688909037,19362.705557871806,18353.489605884395
forecast_7688,2025-11-17 08:00:00,19084.502305102065,18970.90034079785,16974.600544904777
forecast_7689,2025-11-17 09:00:00,17963.908396740924,18253.985677734607,15128.091999774599
forecast_7690,2025-11-17 10:00:00,15953.657509199837,17224.09696442134,13406.636666889137
forecast_7691,2025-11-17 11:00:00,14662.815843975537,16100.619944806374,11811.667284520732
forecast_7692,2025-11-17 12:00:00,14701.44697670556,15269.900887270951,11267.761001330497
forecast_7693,2025-11-17 13:00:00,14504.0263744917,15503.860181700846,10889.59738799296
forecast_7694,2025-11-17 14:00:00,14125.992763143884,15175.03471793151,10062.63702252244
forecast_7695,2025-11-17 15:00:00,13704.24779467585,14802.055466764064,9901.222536905423
forecast_7696,2025-11-17 16:00:00,13496.659793518545,14543.069678450544,9729.484375772141
forecast_7697,2025-11-17 17:00:00,13058.109231789023,15275.807369139135,10496.809789376486
forecast_7698,2025-11-17 18:00:00,13088.041784833395,15633.345255942053,10368.511904668138
forecast_7699,2025-11-17 19:00:00,13604.718660319651,15873.740563744732,11678.754504845876
forecast_7700,2025-11-17 20:00:00,13510.248608840924,14759.239915063801,12155.11747197274
forecast_7701,2025-11-17 21:00:00,14330.020234542682,15630.43480572374,13214.71520404596
forecast_7702,2025-11-17 22:00:00,15397.722755923081,17042.710495874264,13984.701327301298
forecast_7703,2025-11-17 23:00:00,17248.04062310071,18058.05976451407,14908.814999712258
forecast_7704,2025-11-18 00:00:00,17794.359651082348,18841.932104865456,14967.459356416517
forecast_7705,2025-11-18 01:00:00,17461.10890436101,18581.395505936453,14536.098508025254
forecast_7706,2025-11-18 02:00:00,17518.183203468758,18607.586603551736,14452.850429437318
forecast_7707,2025-11-18 03:00:00,17886.69425173874,18569.38602760815,14784.248724784959
forecast_7708,2025-11-18 04:00:00,17973.51688803381,18800.83892055955,14914.498048551124
forecast_7709,2025-11-18 05:00:00,18243.738347608778,18892.19146013446,15348.802028420387
forecast_7710,2025-11-18 06:00:00,17861.855070227564,18687.54282653448,15313.100918827833
forecast_7711,2025-11-18 07:00:00,17067.421189258992,18590.647166998267,14619.118794766224
forecast_7712,2025-11-18 08:00:00,16461.12453362213,17632.924861837066,14113.94370087812
forecast_7713,2025-11-18 09:00:00,15664.983569315013,17050.18683317189,13182.606271303684
forecast_7714,2025-11-18 10:00:00,14346.799042104161,15168.506560050437,11075.955785092849
forecast_7715,2025-11-18 11:00:00,13368.017442923678,13995.665378010388,10291.337769912412
forecast_7716,2025-11-18 12:00:00,12812.506631699142,12661.115347599069,9448.546825615984
forecast_7717,2025-11-18 13:00:00,12861.85987995667,12346.673427352416,9592.888433762151
forecast_7718,2025-11-18 14:00:00,12397.966835172474,11972.568813420103,9706.420633862352
forecast_7719,2025-11-18 15:00:00,11266.940405730145,11345.887111273778,8964.914564211958
forecast_7720,2025-11-18 16:00:00,10087.01590797364,9738.724952505643,7617.731433378742
forecast_7721,2025-11-18 17:00:00,7787.004133167281,7226.175079579726,5873.61573583249
forecast_7722,2025-11-18 18:00:00,6242.360957292597,6068.6480414595435,4229.432474431302
forecast_7723,2025-11-18 19:00:00,7080.087234933729,7062.504068183946,4526.5965154210335
forecast_7724,2025-11-18 20:00:00,6047.5663069792345,6395.919786578942,4410.736460576055
forecast_7725,2025-11-18 21:00:00,7329.398712193857,7139.971546595635,4830.998932894939
forecast_7726,2025-11-18 22:00:00,9474.025043052243,9502.953274518113,5929.171838985739
forecast_7727,2025-11-18 23:00:00,10776.990031644415,10157.577476397904,7291.297022346251
forecast_7728,2025-11-19 00:00:00,10592.297112806767,10760.800463422649,7798.399297149042
forecast_7729,2025-11-19 01:00:00,11366.80685097256,11652.688891563213,7849.24035069679
forecast_7730,2025-11-19 02:00:00,11133.597720172982,11386.385289287395,7330.202918658271
forecast_7731,2025-11-19 03:00:00,10131.3452711389,10167.238338727044,6781.276884305213
forecast_7732,2025-11-19 04:00:00,7984.234283101168,7639.878133039399,5067.3487424778305
forecast_7733,2025-11-19 05:00:00,5330.2269563469545,4858.6588964032235,3727.7699082367553
forecast_7734,2025-11-19 06:00:00,4082.3663772096684,3773.199736457359,3721.4608602409367
forecast_7735,2025-11-19 07:00:00,4318.080084071061,4333.262744046458,3710.7648296500056
forecast_7736,2025-11-19 08:00:00,4350.609209051182,4171.752044682205,3644.009965033952
forecast_7737,2025-11-19 09:00:00,3704.341246608217,3910.125266157885,3448.8807334473895
forecast_7738,2025-11-19 10:00:00,3709.842026558913,3750.4582187508545,3262.8653373101783
forecast_7739,2025-11-19 11:00:00,3160.260996307605,3314.3722552986223,3266.1887784677374
forecast_7740,2025-11-19 12:00:00,3491.7977725289074,4212.994674573841,3296.7879703723825
forecast_7741,2025-11-19 13:00:00,2865.6503243210113,3474.8289591245625,3002.2349464878785
forecast_7742,2025-11-19 14:00:00,3687.7107881487796,3255.795230127416,3456.606141785139
forecast_7743,2025-11-19 15:00:00,3631.1718646014474,3518.3515645817197,3207.9177087295598
forecast_7744,2025-11-19 16:00:00,3841.288863581417,3859.6979877298063,3538.569847795914
forecast_7745,2025-11-19 17:00:00,6135.479260976509,5955.467142044012,4470.447940539394
forecast_7746,2025-11-19 18:00:00,9499.382323730038,9359.634348474505,6717.788222957122
forecast_7747,2025-11-19 19:00:00,12756.638994966563,12351.926183484675,9196.467489951307
forecast_7748,2025-11-19 20:00:00,16239.972104462864,15602.01257387729,11410.761901177473
forecast_7749,2025-11-19 21:00:00,17878.602299631628,17421.43789900125,13766.508298020133
forecast_7750,2025-11-19 22:00:00,19475.073543777657,18596.38250132543,15677.3714384862
forecast_7751,2025-11-19 23:00:00,19881.10333324249,19747.397446422565,17055.26485752508
forecast_7752,2025-11-20 00:00:00,20189.52578569331,19885.94228592168,17911.828975407356
forecast_7753,2025-11-20 01:00:00,20315.5743843909,19934.376107063476,19343.84646866632
forecast_7754,2025-11-20 02:00:00,20317.30459066777,19928.385048956134,19340.812347554205
forecast_7755,2025-11-20 03:00:00,20290.235030804066,20130.212297795508,19192.889421519765
forecast_7756,2025-11-20 04:00:00,20306.37539769888,20028.496811849895,18182.16115536511
forecast_7757,2025-11-20 05:00:00,20295.581670961732,19949.6283662687,17371.68983378713
forecast_7758,2025-11-20 06:00:00,20307.0747684236,20138.520793027383,17692.56755677105
forecast_7759,2025-11-20 07:00:00,20138.295426972138,20063.657370402605,18394.854835009777
forecast_7760,2025-11-20 08:00:00,20226.407682553025,20333.93315623291,19333.54618276079
forecast_7761,2025-11-20 09:00:00,19879.95032861678,20178.053308817907,19331.078323228587
forecast_7762,2025-11-20 10:00:00,19713.890722774922,19894.20707633409,19085.539769941915
forecast_7763,2025-11-20 11:00:00,18706.138254711568,19646.75351274252,17603.933335031532
forecast_7764,2025-11-20 12:00:00,18446.184761746852,18903.68694693972,17203.917229308867
forecast_7765,2025-11-20 13:00:00,18155.37917157462,19135.95963801505,16960.77313740431
forecast_7766,2025-11-20 14:00:00,18105.36703665911,18574.50307957841,16760.945187828307
forecast_7767,2025-11-20 15:00:00,17960.607424901005,18432.873923321873,16952.842412327573
forecast_7768,2025-11-20 16:00:00,18760.3475597126,18299.123402053767,17299.475110190167
forecast_7769,2025-11-20 17:00:00,19816.14598393978,18896.612990435275,17722.20450477302
forecast_7770,2025-11-20 18:00:00,19809.684938218776,19204.36579980274,17676.571200132068
forecast_7771,2025-11-20 19:00:00,19745.928714787795,19301.43133806205,17812.05878565903
forecast_7772,2025-11-20 20:00:00,19898.201541553313,19218.19649099336,17777.14699533435
forecast_7773,2025-11-20 21:00:00,19931.332697034893,19132.087715274785,17854.816336734526
forecast_7774,2025-11-20 22:00:00,18747.774056176924,19105.786775577133,17814.940912519665
forecast_7775,2025-11-20 23:00:00,18499.9753279841,19054.402017753353,17812.466750542335
forecast_7776,2025-11-21 00:00:00,18461.860142145866,18774.565683304834,18273.88321804595
forecast_7777,2025-11-21 01:00:00,17901.105933647774,18774.223685739365,16594.695139910382
forecast_7778,2025-11-21 02:00:00,17742.58491424409,18615.29637480642,15815.432010248045
forecast_7779,2025-11-21 03:00:00,17329.87006468284,18467.23060620153,14825.689224747492
forecast_7780,2025-11-21 04:00:00,18227.341794199187,18698.649608467895,14977.33112028435
forecast_7781,2025-11-21 05:00:00,18423.057036888084,18777.316162706804,15354.674563833976
forecast_7782,2025-11-21 06:00:00,18776.20794931753,18825.752283425005,15799.593103642692
forecast_7783,2025-11-21 07:00:00,18750.170035730414,18858.03434286668,15821.70085417871
forecast_7784,2025-11-21 08:00:00,18707.2931815561,18796.120912086793,15159.342880225166
forecast_7785,2025-11-21 09:00:00,18184.151630598728,18447.27843954782,15062.543690944034
forecast_7786,2025-11-21 10:00:00,16893.382304368777,17911.748386891693,13674.29289469776
forecast_7787,2025-11-21 11:00:00,15761.12000435009,16747.283677045412,12663.462279075158
forecast_7788,2025-11-21 12:00:00,15515.685358375455,16933.237144739574,12044.222368302382
forecast_7789,2025-11-21 13:00:00,15586.517963482876,16851.931602109555,11922.209358322938
forecast_7790,2025-11-21 14:00:00,16002.667486344457,17355.795715156637,12201.20394378538
forecast_7791,2025-11-21 15:00:00,16763.21900729534,17615.39608492046,14115.059226320895
forecast_7792,2025-11-21 16:00:00,17266.60312030629,18093.31655159689,14663.131619562198
forecast_7793,2025-11-21 17:00:00,17596.536932409253,18735.240961614334,15477.238101082772
forecast_7794,2025-11-21 18:00:00,17768.136280886225,19652.048106303522,16715.993497810494
forecast_7795,2025-11-21 19:00:00,18172.40752808663,19656.800058207376,17061.36944895509
forecast_7796,2025-11-21 20:00:00,18467.80385535235,19887.82402124458,17165.341215840457
forecast_7797,2025-11-21 21:00:00,18667.040278245793,19911.53045194658,17175.798415823214
forecast_7798,2025-11-21 22:00:00,18585.954718390578,19892.95358781925,17314.008871184356
forecast_7799,2025-11-21 23:00:00,18693.367732251547,19818.525157406275,17319.190062665137
forecast_7800,2025-11-22 00:00:00,18701.32822711695,19888.404042559883,17420.627007602685
forecast_7801,2025-11-22 01:00:00,18888.742808067695,18817.021814342974,16408.050622324216
forecast_7802,2025-11-22 02:00:00,18867.576573715818,18825.952307329506,16373.12018681909
forecast_7803,2025-11-22 03:00:00,18259.419901310965,18945.48753348676,16398.827817140686
forecast_7804,2025-11-22 04:00:00,18270.10955725533,19115.254508239705,16526.277761097826
forecast_7805,2025-11-22 05:00:00,19493.156594750657,19747.813769388744,17356.235551734702
forecast_7806,2025-11-22 06:00:00,19911.399540223072,19892.389508822016,17788.593234140808
forecast_7807,2025-11-22 07:00:00,19886.134115572004,19905.650395949277,18146.19218552269
forecast_7808,2025-11-22 08:00:00,20171.620640335805,19819.364468781787,16531.091302479814
forecast_7809,2025-11-22 09:00:00,18278.406176360884,18836.540558947592,13987.694412477073
forecast_7810,2025-11-22 10:00:00,15352.111934168493,15866.959131170433,12716.70828641303
forecast_7811,2025-11-22 11:00:00,13519.439412814467,14307.302067915392,12180.18943368165
forecast_7812,2025-11-22 12:00:00,12616.959126966656,13052.682004900613,11468.622206112103
forecast_7813,2025-11-22 13:00:00,12557.202971538729,13050.543026010266,11658.384863201736
forecast_7814,2025-11-22 14:00:00,13127.921429688264,13568.720616989864,12338.647013844131
forecast_7815,2025-11-22 15:00:00,13466.541165598543,14253.387921220105,13084.933349897592
forecast_7816,2025-11-22 16:00:00,13858.21002386607,14652.853824999607,13918.310391342227
forecast_7817,2025-11-22 17:00:00,15376.434209083704,16171.01642309652,15281.132526810832
forecast_7818,2025-11-22 18:00:00,17187.068115634876,17076.675203022238,16337.173577538093
forecast_7819,2025-11-22 19:00:00,19885.487360323004,19785.416237886286,18123.1584847581
forecast_7820,2025-11-22 20:00:00,19939.670668187067,19910.10077363607,19364.722613297687
forecast_7821,2025-11-22 21:00:00,19923.848148516507,19881.783869473005,19332.349116703626
forecast_7822,2025-11-22 22:00:00,20026.12944939178,19885.10528247986,19364.48054140804
forecast_7823,2025-11-22 23:00:00,20149.950178696865,20059.313856652683,19345.57290215713
forecast_7824,2025-11-23 00:00:00,20342.211753997868,20313.341254498802,19334.82295049677
forecast_7825,2025-11-23 01:00:00,20323.827651185988,20246.444128223247,19325.20556120827
forecast_7826,2025-11-23 02:00:00,20323.01820790166,20281.70826260881,19330.960551271615
forecast_7827,2025-11-23 03:00:00,20295.911984019163,20316.758487612384,19342.60743721718
forecast_7828,2025-11-23 04:00:00,20065.502155229588,20312.502227673238,19232.260081228593
forecast_7829,2025-11-23 05:00:00,20017.26894631681,20311.839951180573,19091.41349635274
forecast_7830,2025-11-23 06:00:00,20289.576495733807,20138.39660234175,18827.706207094543
forecast_7831,2025-11-23 07:00:00,20292.233130812627,20268.834197926983,19348.851256706053
forecast_7832,2025-11-23 08:00:00,20303.093275890413,20252.72233257635,19206.1305241598
forecast_7833,2025-11-23 09:00:00,20284.274697605488,20185.00838985276,17397.358825792537
forecast_7834,2025-11-23 10:00:00,20210.167115153272,19899.883002213006,16288.05568234153
forecast_7835,2025-11-23 11:00:00,19249.116006971904,18769.035669236397,16020.716334210621
forecast_7836,2025-11-23 12:00:00,17042.13550203152,17216.210029744638,15541.437459570501
forecast_7837,2025-11-23 13:00:00,15288.722300747579,15549.759203628022,14383.73895777573
forecast_7838,2025-11-23 14:00:00,13428.559279141095,14095.721358426772,13173.725154299116
forecast_7839,2025-11-23 15:00:00,12433.527114422794,12545.314933432493,11638.524593997125
forecast_7840,2025-11-23 16:00:00,12329.114597193275,12485.060105776074,11236.192764591298
forecast_7841,2025-11-23 17:00:00,13994.527694886472,13585.42114867212,12837.492906198788
forecast_7842,2025-11-23 18:00:00,17297.79577988468,15132.131243341086,14193.81564917643
forecast_7843,2025-11-23 19:00:00,17988.39333681947,15853.321095818657,15929.645146612114
forecast_7844,2025-11-23 20:00:00,17788.616260075618,16689.923378347412,16995.63344958104
forecast_7845,2025-11-23 21:00:00,19027.22043181254,17866.17973316327,16771.8562234365
forecast_7846,2025-11-23 22:00:00,18651.851053420418,18635.243539242176,16374.56581703717
forecast_7847,2025-11-23 23:00:00,18351.015651154474,18342.278367327704,15707.406994464054
forecast_7848,2025-11-24 00:00:00,18331.403481988626,18283.574732316472,15100.523458227566
forecast_7849,2025-11-24 01:00:00,15145.793806603773,16108.368902028848,12548.129996186526
forecast_7850,2025-11-24 02:00:00,15351.297221314944,15755.431388700368,11646.865524697085
forecast_7851,2025-11-24 03:00:00,14134.008978949314,15087.942447956104,10942.270034439714
forecast_7852,2025-11-24 04:00:00,12510.891002303466,13993.35699786521,10322.543877627144
forecast_7853,2025-11-24 05:00:00,11202.15605069858,12264.784637318613,10783.010939516977
forecast_7854,2025-11-24 06:00:00,12247.003090501417,12899.235908765933,9990.096269016105
forecast_7855,2025-11-24 07:00:00,13703.942924831694,14492.89034470078,10304.637763307781
forecast_7856,2025-11-24 08:00:00,14765.651964173456,15704.440821399321,10727.003553236278
forecast_7857,2025-11-24 09:00:00,14451.193908376126,14710.042711468092,10184.335131614123
forecast_7858,2025-11-24 10:00:00,13351.03749042781,14023.105520200557,10493.79567905691
forecast_7859,2025-11-24 11:00:00,12773.997159970195,13400.587329586495,10534.454406179337
forecast_7860,2025-11-24 12:00:00,12309.166061904814,13125.275960659836,11201.25090765171
forecast_7861,2025-11-24 13:00:00,13084.875207517787,13570.977145637564,11718.069413865667
forecast_7862,2025-11-24 14:00:00,14204.922716208546,13546.683628549796,11932.638579649614
forecast_7863,2025-11-24 15:00:00,13617.092217507301,13815.984030159138,12088.523822646639
forecast_7864,2025-11-24 16:00:00,13095.089687035867,12523.48850207576,11575.386894256168
forecast_7865,2025-11-24 17:00:00,12407.71188095994,12440.507849733362,11016.23456923446
forecast_7866,2025-11-24 18:00:00,11436.78811560034,12575.211896225599,9899.574290926605
forecast_7867,2025-11-24 19:00:00,11395.864779157215,12788.991168277378,9879.899468435444
forecast_7868,2025-11-24 20:00:00,11998.391836610563,13258.365300783484,10808.660993906182
forecast_7869,2025-11-24 21:00:00,14483.39828060516,15059.146632637749,11267.138231453695
forecast_7870,2025-11-24 22:00:00,12960.96560821426,16200.628976256126,10900.505655017132
forecast_7871,2025-11-24 23:00:00,12687.696293316774,15097.216592795301,10641.476736859711
forecast_7872,2025-11-25 00:00:00,13226.284019991019,14439.428530941388,10535.855442433638
forecast_7873,2025-11-25 01:00:00,13551.045300632519,14135.639019512202,11882.784505809774
forecast_7874,2025-11-25 02:00:00,13927.321500028685,14299.18488744035,12093.419711073748
forecast_7875,2025-11-25 03:00:00,14038.636847724942,14305.34058438585,12587.437949769897
forecast_7876,2025-11-25 04:00:00,14896.924171728284,14139.141076935375,11994.458025475617
forecast_7877,2025-11-25 05:00:00,14642.014460699853,14323.117634914033,12028.305921833113
forecast_7878,2025-11-25 06:00:00,13747.148959436141,14300.952378373076,12554.803331111101
forecast_7879,2025-11-25 07:00:00,14235.35148380409,14869.617702756352,13035.312342492727
forecast_7880,2025-11-25 08:00:00,11667.540962798836,11964.640843012954,9837.362686422222
forecast_7881,2025-11-25 09:00:00,9327.59474667167,9393.310763043857,7596.4244419088045
forecast_7882,2025-11-25 10:00:00,8168.913627217941,7668.048054343154,6206.194714607709
forecast_7883,2025-11-25 11:00:00,7528.366622991117,8474.187311305872,6587.081183327753
forecast_7884,2025-11-25 12:00:00,7090.623855115707,8018.1328419965575,6391.428050302058
forecast_7885,2025-11-25 13:00:00,7952.810159066034,8895.165799527049,7082.52197950654
forecast_7886,2025-11-25 14:00:00,9879.52921417118,10457.056774968623,7468.78309840579
forecast_7887,2025-11-25 15:00:00,10119.21125957555,10384.730013044122,7557.378515431455
forecast_7888,2025-11-25 16:00:00,11407.223007190092,12113.991105472296,8521.041422870447
forecast_7889,2025-11-25 17:00:00,11227.929375718055,11612.144138939886,9490.053468146338
forecast_7890,2025-11-25 18:00:00,11380.062899843195,12363.937996721192,9801.836229229957
forecast_7891,2025-11-25 19:00:00,10974.61535523393,11451.907377549407,9060.12627538737
forecast_7892,2025-11-25 20:00:00,10181.968712896904,10854.800128421177,8006.691989440577
forecast_7893,2025-11-25 21:00:00,9314.21812059311,10249.642656140992,6782.876609774332
forecast_7894,2025-11-25 22:00:00,8630.900117394018,9667.968098470532,6162.6577080386
forecast_7895,2025-11-25 23:00:00,8275.117092250315,8670.06953105301,5417.989432637652
forecast_7896,2025-11-26 00:00:00,6985.366158073559,7849.4900615796305,5791.819637479162
forecast_7897,2025-11-26 01:00:00,6447.084236048717,6342.5383918790185,4044.3461303183763
forecast_7898,2025-11-26 02:00:00,5762.2405465486245,5466.076559118422,3871.8415490936404
forecast_7899,2025-11-26 03:00:00,4669.206840525149,4558.865325239701,3767.9290289804007
forecast_7900,2025-11-26 04:00:00,4084.3064179773987,4011.948002124964,3291.6657978025028
forecast_7901,2025-11-26 05:00:00,3957.534518999318,3854.0960431476465,3395.0103394719667
forecast_7902,2025-11-26 06:00:00,3860.069955150218,3748.795680863247,3382.005256494376
forecast_7903,2025-11-26 07:00:00,4338.515791881762,4231.758636893431,3513.6325470329616
forecast_7904,2025-11-26 08:00:00,3760.4773200141162,3773.4939718759997,3705.1295798804217
forecast_7905,2025-11-26 09:00:00,3947.513751663363,3834.227415236467,3740.2576427627787
forecast_7906,2025-11-26 10:00:00,4098.406510598769,3911.809257476328,3895.1442905309586
forecast_7907,2025-11-26 11:00:00,4939.75384723263,5430.05466446906,3717.0163362237745
forecast_7908,2025-11-26 12:00:00,4391.685252840106,4030.746943227163,3805.321251134442
forecast_7909,2025-11-26 13:00:00,3686.0719958317786,3613.6884210037656,3435.121373214047
forecast_7910,2025-11-26 14:00:00,3760.6864204929616,3870.9735492099976,3623.9868800288014
forecast_7911,2025-11-26 15:00:00,5149.281657912816,5176.826737011201,3750.2685853166404
forecast_7912,2025-11-26 16:00:00,6221.191412971229,6223.983744565662,3919.6079405408827
forecast_7913,2025-11-26 17:00:00,7529.419474542567,7983.534284938882,4803.364406282993
forecast_7914,2025-11-26 18:00:00,9975.881151528529,10330.774301906009,6905.835607461382
forecast_7915,2025-11-26 19:00:00,12368.850627582933,13075.20314603087,8927.197503592497
forecast_7916,2025-11-26 20:00:00,14743.442400819455,14999.310430441583,10741.17897501651
forecast_7917,2025-11-26 21:00:00,15985.248633579478,16046.530188655468,11131.008694177213
forecast_7918,2025-11-26 22:00:00,17373.150289740555,17365.079929618743,11915.765470181197
forecast_7919,2025-11-26 23:00:00,17675.236806013687,17738.44703305813,14233.334663286669
forecast_7920,2025-11-27 00:00:00,18138.84727341691,18015.54172841994,14942.99417073663
forecast_7921,2025-11-27 01:00:00,15990.208454815664,17925.973141298622,15397.700164463313
forecast_7922,2025-11-27 02:00:00,18018.97843372701,18297.50862498362,15561.445065206195
forecast_7923,2025-11-27 03:00:00,16396.057122899925,17588.376565961637,15491.45041045524
forecast_7924,2025-11-27 04:00:00,16209.173452266761,17030.56340138195,13897.155251561198
forecast_7925,2025-11-27 05:00:00,17270.45677249499,16375.21159947226,13181.453465003022
forecast_7926,2025-11-27 06:00:00,15527.606221173926,15627.173764044954,11843.1326584753
forecast_7927,2025-11-27 07:00:00,15494.168140202622,17843.787770916017,12469.329407932939
forecast_7928,2025-11-27 08:00:00,16860.555064853557,16056.226143653783,12898.590642124072
forecast_7929,2025-11-27 09:00:00,14974.549834392044,15952.857912094838,14119.411296685186
forecast_7930,2025-11-27 10:00:00,14510.894330450337,16207.516335946491,14481.059767323488
forecast_7931,2025-11-27 11:00:00,13934.654763590015,15430.817936684663,14673.348120015173
forecast_7932,2025-11-27 12:00:00,14754.709913548963,15952.697805108246,15488.3560242208
forecast_7933,2025-11-27 13:00:00,15948.419235112535,17498.983655305696,16395.33987585061
forecast_7934,2025-11-27 14:00:00,17027.433217269383,18739.63858853123,17845.19646884421
forecast_7935,2025-11-27 15:00:00,18310.4326227059,18830.507786203012,18059.78627617731
forecast_7936,2025-11-27 16:00:00,18370.58070796281,19067.29969782313,18709.708919824552
forecast_7937,2025-11-27 17:00:00,18954.406680102165,19116.04247613849,18717.228422128366
forecast_7938,2025-11-27 18:00:00,18449.452383648393,19106.661642964504,18223.967042508804
forecast_7939,2025-11-27 19:00:00,18068.190976004273,19044.66745102727,18114.29708485329
forecast_7940,2025-11-27 20:00:00,17836.797340484278,18820.470792295648,18047.407462056042
forecast_7941,2025-11-27 21:00:00,18031.428106645286,18670.97867001841,17834.52859378144
forecast_7942,2025-11-27 22:00:00,18071.766570613498,18618.73619604233,17652.016247485466
forecast_7943,2025-11-27 23:00:00,18087.083898346154,18749.321189982275,17682.929070877566
forecast_7944,2025-11-28 00:00:00,18191.65217039325,19161.154699129493,17793.097707201527
forecast_7945,2025-11-28 01:00:00,17748.058725345665,18497.33574946916,17097.139455727112
forecast_7946,2025-11-28 02:00:00,17582.633321963436,18397.869293718737,17118.212024806267
forecast_7947,2025-11-28 03:00:00,17329.179838013195,18454.163167946645,16804.476256585953
forecast_7948,2025-11-28 04:00:00,16990.847618597752,18492.91910872629,16059.970311322591
forecast_7949,2025-11-28 05:00:00,17885.236903634035,17984.067564393376,14855.701743849924
forecast_7950,2025-11-28 06:00:00,16917.406307885583,18305.07331937395,14321.705159827301
forecast_7951,2025-11-28 07:00:00,16973.6676864833,17347.089108116354,12817.069750372119
forecast_7952,2025-11-28 08:00:00,15460.869786866238,16882.129726683073,10819.689063347074
forecast_7953,2025-11-28 09:00:00,13423.035482043984,15007.079923746529,8776.455872239452
forecast_7954,2025-11-28 10:00:00,11266.993054500645,11604.645777289019,7411.9327589437335
forecast_7955,2025-11-28 11:00:00,9215.672673253712,10480.940238735395,5778.779901089213
forecast_7956,2025-11-28 12:00:00,8511.710616326249,10178.740516813377,5599.559398833694
forecast_7957,2025-11-28 13:00:00,7166.833244636144,7650.540958523697,5303.054600507524
forecast_7958,2025-11-28 14:00:00,6507.20443957397,6637.280106779474,4854.311912072431
forecast_7959,2025-11-28 15:00:00,5125.054585205074,5061.720699770826,4411.132223230202
forecast_7960,2025-11-28 16:00:00,5081.970300024023,4835.152514922064,3944.4414222944024
forecast_7961,2025-11-28 17:00:00,6457.53707390022,6428.114995797816,4702.6311510330615
forecast_7962,2025-11-28 18:00:00,6888.561164438885,7015.917356388979,5102.341758157189
forecast_7963,2025-11-28 19:00:00,6844.615713701856,6757.664104002024,4796.251625183254
forecast_7964,2025-11-28 20:00:00,6984.308457353057,6808.515629418546,5052.406023976243
forecast_7965,2025-11-28 21:00:00,6861.627855588392,6627.363234136478,4825.512209753211
forecast_7966,2025-11-28 22:00:00,7290.221188022925,6802.3347701803295,5290.777877202515
forecast_7967,2025-11-28 23:00:00,7422.49575315373,6647.189196762905,5017.810226965681
forecast_7968,2025-11-29 00:00:00,7545.019899474608,7112.4799246204175,5378.483597453406
forecast_7969,2025-11-29 01:00:00,5715.747544723077,5482.168976807366,3948.6730748487635
forecast_7970,2025-11-29 02:00:00,6565.464946446266,6289.570893061899,4386.595108457738
forecast_7971,2025-11-29 03:00:00,9205.938708430398,8619.408768749157,6057.2484711357165
forecast_7972,2025-11-29 04:00:00,10793.093043246296,10939.280746914681,7855.453988614047
forecast_7973,2025-11-29 05:00:00,13120.284563808196,13435.467777353917,9629.374287471359
forecast_7974,2025-11-29 06:00:00,14272.098098342287,14631.45635519054,10622.748886402927
forecast_7975,2025-11-29 07:00:00,13875.987822597472,14270.827712395749,10214.540241396315
forecast_7976,2025-11-29 08:00:00,14314.517692590116,14336.737719071612,8693.260182370048
forecast_7977,2025-11-29 09:00:00,13585.255355584219,14168.96841753242,7788.168017489081
forecast_7978,2025-11-29 10:00:00,11376.965687564556,12855.235977781495,7105.374931363184
forecast_7979,2025-11-29 11:00:00,11220.021278742259,13019.953204460788,8484.082667583081
forecast_7980,2025-11-29 12:00:00,13158.909311854255,14746.59634276443,10084.93549773686
forecast_7981,2025-11-29 13:00:00,14316.88503135746,16228.98692112274,12970.288116152416
forecast_7982,2025-11-29 14:00:00,15884.528129584296,17352.91404162478,13854.61973610696
forecast_7983,2025-11-29 15:00:00,16937.825264593223,18368.62571532174,15208.540470132426
forecast_7984,2025-11-29 16:00:00,19557.743797898103,19180.40813702339,17193.922198418073
forecast_7985,2025-11-29 17:00:00,19893.326836007916,19894.85708590426,18300.98826467502
forecast_7986,2025-11-29 18:00:00,19729.99201748786,19957.603284001343,19328.767265868835
forecast_7987,2025-11-29 19:00:00,19616.78657585966,19937.196829659166,19373.080075252918
forecast_7988,2025-11-29 20:00:00,19969.49536960416,19886.740460682657,19357.862691239396
forecast_7989,2025-11-29 21:00:00,19901.031505235194,19912.027073356752,19334.50354188454
forecast_7990,2025-11-29 22:00:00,19906.406756249107,19790.457297223937,19323.81750594432
forecast_7991,2025-11-29 23:00:00,20070.082828290928,19892.195093213242,19331.36899467771
forecast_7992,2025-11-30 00:00:00,20312.086264627647,19931.821431089043,19323.419583185005
forecast_7993,2025-11-30 01:00:00,20280.519656847948,20008.701092031097,19336.285517556757
forecast_7994,2025-11-30 02:00:00,20111.784444584468,19894.09507928695,19333.383930641558
forecast_7995,2025-11-30 03:00:00,19888.534991811564,19826.510231972763,18658.033617801655
forecast_7996,2025-11-30 04:00:00,18733.97011652948,19222.92530780112,17915.18374318237
forecast_7997,2025-11-30 05:00:00,18423.111697419314,18691.445583821405,16486.859553051312
forecast_7998,2025-11-30 06:00:00,17972.879885311486,18226.8855873812,15317.620454988191
forecast_7999,2025-11-30 07:00:00,17807.503819068505,17583.343366781944,14077.582479214128
forecast_8000,2025-11-30 08:00:00,17321.9138764939,17501.000493490683,12493.055336043097
forecast_8001,2025-11-30 09:00:00,17350.014387742747,17697.122488701025,12496.54869595209
forecast_8002,2025-11-30 10:00:00,17025.60906898932,17551.55428072643,11653.033074512408
forecast_8003,2025-11-30 11:00:00,16036.454107042597,17359.847866556098,11708.846978884838
forecast_8004,2025-11-30 12:00:00,14714.090181923917,15746.314396888873,10505.264072277922
forecast_8005,2025-11-30 13:00:00,13351.570373597471,14308.920223744173,9996.83881276852
forecast_8006,2025-11-30 14:00:00,12823.089016736481,13250.793452642101,9292.933374816112
forecast_8007,2025-11-30 15:00:00,13162.649081238682,13366.831774490227,9647.578090943509
forecast_8008,2025-11-30 16:00:00,13961.690805544855,14460.96592529241,10702.731809882009
forecast_8009,2025-11-30 17:00:00,15087.48912349387,16460.939890231308,12908.067248958174
forecast_8010,2025-11-30 18:00:00,16727.855351051297,18093.392693536985,15606.351623104583
forecast_8011,2025-11-30 19:00:00,17902.96536509042,19226.810009825036,18425.11698007429
forecast_8012,2025-11-30 20:00:00,18764.655282030963,19933.432283595826,19444.046165470267
forecast_8013,2025-11-30 21:00:00,19918.99400253897,20146.690204650968,19690.34543116125
forecast_8014,2025-11-30 22:00:00,19921.33552047338,20333.32290213051,19748.67079028844
forecast_8015,2025-11-30 23:00:00,19888.066271062613,20313.511664425205,19341.14606652941
forecast_8016,2025-12-01 00:00:00,19906.93444697722,20321.99860721073,19354.467432941037
forecast_8017,2025-12-01 01:00:00,19881.311203783018,20312.79967889924,18044.115384098746
forecast_8018,2025-12-01 02:00:00,19701.074309768537,20313.851855517754,17749.743765994208
forecast_8019,2025-12-01 03:00:00,19274.275677659894,20108.080747776625,17750.172252220797
forecast_8020,2025-12-01 04:00:00,19480.169735791154,20177.182074515807,17743.739362292294
forecast_8021,2025-12-01 05:00:00,19881.074540423542,20206.813484511476,17606.645124733986
forecast_8022,2025-12-01 06:00:00,19585.23959892758,19930.26954402013,17714.999141402368
forecast_8023,2025-12-01 07:00:00,18998.67396257151,19866.997975424198,17120.5946510057
forecast_8024,2025-12-01 08:00:00,17823.538727089905,18294.67503483243,16024.854907046683
forecast_8025,2025-12-01 09:00:00,15774.364713153553,16610.268039642357,13206.763047923097
forecast_8026,2025-12-01 10:00:00,13010.574354121936,13584.606946120704,10265.741089294952
forecast_8027,2025-12-01 11:00:00,9912.39354026434,10705.863529234146,7529.177028999969
forecast_8028,2025-12-01 12:00:00,8091.580201758156,8607.84728162209,5379.918924262989
forecast_8029,2025-12-01 13:00:00,6639.443523668621,6746.6863518782775,4004.6938304830237
forecast_8030,2025-12-01 14:00:00,5859.571320296974,6013.364612229774,4076.9454481232824
forecast_8031,2025-12-01 15:00:00,5237.813273710193,5378.639501555006,3844.9416837853464
forecast_8032,2025-12-01 16:00:00,5305.002414578056,5626.70888582235,3798.594950769101
forecast_8033,2025-12-01 17:00:00,5496.8400578852625,5808.737704596137,3935.5006846957476
forecast_8034,2025-12-01 18:00:00,6271.309586102841,6447.342014852775,4692.144650488539
forecast_8035,2025-12-01 19:00:00,7850.536449516528,8387.293795750704,5567.537411120835
forecast_8036,2025-12-01 20:00:00,9620.94487613884,9569.23682653232,6867.955547960938
forecast_8037,2025-12-01 21:00:00,10829.034366060343,10782.33871062562,7682.6471117804
forecast_8038,2025-12-01 22:00:00,11413.23834932037,12545.337058336567,8902.754557839728
forecast_8039,2025-12-01 23:00:00,13704.86025352651,14000.260256010248,9988.568639109644
forecast_8040,2025-12-02 00:00:00,14513.245608243393,15302.516709239282,11135.734472618353
forecast_8041,2025-12-02 01:00:00,17504.33113493735,17230.64319617252,12252.287828363736
forecast_8042,2025-12-02 02:00:00,18167.49495841981,17877.303670717785,13111.64554314222
forecast_8043,2025-12-02 03:00:00,18131.594271195147,18199.253536887783,13540.547876554054
forecast_8044,2025-12-02 04:00:00,18329.557315506656,18383.59778389742,13265.565222985186
forecast_8045,2025-12-02 05:00:00,16707.87873870885,17537.56579539805,12427.556545945166
forecast_8046,2025-12-02 06:00:00,16513.20462854907,17042.03177107966,11891.08216776153
forecast_8047,2025-12-02 07:00:00,15354.987830969323,15947.066228661082,10208.600290691957
forecast_8048,2025-12-02 08:00:00,13026.305337681468,14027.156823621073,8722.43340907539
forecast_8049,2025-12-02 09:00:00,9551.827759270964,10419.304679612258,6423.127321629292
forecast_8050,2025-12-02 10:00:00,8293.146974052343,9272.315796316709,5484.367387356861
forecast_8051,2025-12-02 11:00:00,7724.140823903803,8926.517003958694,5822.741980152245
forecast_8052,2025-12-02 12:00:00,8829.49162801199,9442.904584084476,6568.617209707813
forecast_8053,2025-12-02 13:00:00,10390.969906827979,10560.478637569166,7304.5196898187605
forecast_8054,2025-12-02 14:00:00,11538.858334385697,12063.382127265993,8054.737898304148
forecast_8055,2025-12-02 15:00:00,12551.778776364314,13753.509905957333,8633.380524982724
forecast_8056,2025-12-02 16:00:00,13556.796368217481,14946.775764545984,9595.190393052442
forecast_8057,2025-12-02 17:00:00,14292.063347451807,16018.833005359842,10954.583461029617
forecast_8058,2025-12-02 18:00:00,14779.640719071405,16823.294804894318,12014.009788631507
forecast_8059,2025-12-02 19:00:00,15699.229997609704,17455.762459507478,13323.941091985509
forecast_8060,2025-12-02 20:00:00,16053.518502516672,17774.78690100957,14005.724546095742
forecast_8061,2025-12-02 21:00:00,16341.783818006807,17796.561150315578,14623.298429945655
forecast_8062,2025-12-02 22:00:00,17583.739036288112,17779.234273780618,14601.19064382321
forecast_8063,2025-12-02 23:00:00,16588.7969998937,17867.168112793937,14170.193320778764
forecast_8064,2025-12-03 00:00:00,15906.249739236117,17949.30725430208,13886.971623892054
forecast_8065,2025-12-03 01:00:00,16024.509448561053,18370.42332610958,16113.214269022877
forecast_8066,2025-12-03 02:00:00,15920.412333845443,18286.63422105912,16120.410295215286
forecast_8067,2025-12-03 03:00:00,15666.689523324178,18307.020391230217,16114.864357424007
forecast_8068,2025-12-03 04:00:00,14720.446661794787,17534.133748191798,15366.472493620358
forecast_8069,2025-12-03 05:00:00,13824.921661520726,17222.320588193972,14906.62056371912
forecast_8070,2025-12-03 06:00:00,15657.888852122735,17488.307814674234,14159.047986006846
forecast_8071,2025-12-03 07:00:00,15515.582184163122,16780.938941402816,14223.712136144515
forecast_8072,2025-12-03 08:00:00,15571.289269813367,16657.043390477153,14070.805989142473
forecast_8073,2025-12-03 09:00:00,14694.570827387415,16932.07355327438,13655.024891740419
forecast_8074,2025-12-03 10:00:00,14409.08581788056,17198.131441354475,14138.161489602548
forecast_8075,2025-12-03 11:00:00,15744.666970242102,17316.699071937106,14383.543056317752
forecast_8076,2025-12-03 12:00:00,16647.71319544751,18076.99194115327,14698.835985304151
forecast_8077,2025-12-03 13:00:00,16661.181836461274,17929.9949813005,14582.783487558296
forecast_8078,2025-12-03 14:00:00,16936.722630185217,17793.507787329534,14220.359064910619
forecast_8079,2025-12-03 15:00:00,16632.447519953213,17643.328770854456,14006.554769318229
forecast_8080,2025-12-03 16:00:00,15827.347141176424,17726.495525480474,14257.153047811338
forecast_8081,2025-12-03 17:00:00,15674.122246191622,17702.285972537324,14445.087653445196
forecast_8082,2025-12-03 18:00:00,15151.792147159813,17515.21223731619,14560.791500419782
forecast_8083,2025-12-03 19:00:00,13966.726876558549,17411.592448783354,14610.984055964202
forecast_8084,2025-12-03 20:00:00,13923.004970670361,16998.794162893246,14037.726404575486
forecast_8085,2025-12-03 21:00:00,13732.712255628,17323.769434876765,14274.28773160525
forecast_8086,2025-12-03 22:00:00,13923.764330786362,17395.458367400515,14040.491887623702
forecast_8087,2025-12-03 23:00:00,14621.855434717512,18133.556253088285,13998.186861063541
forecast_8088,2025-12-04 00:00:00,18129.070209682563,18785.82237490911,14554.59753743607
forecast_8089,2025-12-04 01:00:00,16660.803004899055,18344.39316609921,13616.369741188997
forecast_8090,2025-12-04 02:00:00,16876.941240574462,18444.551227614964,13770.14193461926
forecast_8091,2025-12-04 03:00:00,16993.915648009603,18590.142590566535,14162.456734036565
forecast_8092,2025-12-04 04:00:00,18486.993593068306,18836.473916950847,14880.770474094004
forecast_8093,2025-12-04 05:00:00,19051.541037872626,18894.50456762994,15590.30723143795
forecast_8094,2025-12-04 06:00:00,19209.3956846501,19058.501649045043,15612.137685264674
forecast_8095,2025-12-04 07:00:00,19242.008592112015,19282.022782760218,16600.08240010816
forecast_8096,2025-12-04 08:00:00,19045.488870356032,19229.605289621635,16764.565564786168
forecast_8097,2025-12-04 09:00:00,17424.778122300377,18761.401300148853,16412.4835802044
forecast_8098,2025-12-04 10:00:00,16409.500418646516,18385.64664965521,15028.295169839252
forecast_8099,2025-12-04 11:00:00,15072.201952342904,17425.14495748307,13215.745940724075
forecast_8100,2025-12-04 12:00:00,13842.222200081838,16006.648216466665,11515.688195673263
forecast_8101,2025-12-04 13:00:00,12454.25035404949,14315.2803774713,10059.948419825456
forecast_8102,2025-12-04 14:00:00,12229.40077162021,13240.029247208722,9364.697064186372
forecast_8103,2025-12-04 15:00:00,12468.691415323097,13224.01516976726,9783.65131781125
forecast_8104,2025-12-04 16:00:00,12975.1633355811,13905.597938159686,11056.089063864196
forecast_8105,2025-12-04 17:00:00,14805.367798052725,16179.172013408754,13503.599984644867
forecast_8106,2025-12-04 18:00:00,16002.213611161305,17688.766274947044,15277.863488778581
forecast_8107,2025-12-04 19:00:00,16830.703434884956,18279.506213506193,16161.388203874392
forecast_8108,2025-12-04 20:00:00,17503.46507084608,18274.879594067366,16698.24002413505
forecast_8109,2025-12-04 21:00:00,17110.995979633222,18355.12081912435,16313.655130988278
forecast_8110,2025-12-04 22:00:00,17604.94229861748,18367.370543511282,15645.03673380404
forecast_8111,2025-12-04 23:00:00,16032.147053944145,17952.03431751628,15053.552972425698
forecast_8112,2025-12-05 00:00:00,15934.671270600811,17720.42601041874,14874.981082019083
forecast_8113,2025-12-05 01:00:00,15774.232183639826,17437.6078478487,14201.95854817994
forecast_8114,2025-12-05 02:00:00,15950.658683651587,17391.470786625636,14334.034536032135
forecast_8115,2025-12-05 03:00:00,16182.868764898478,18006.775161900325,14527.946028832292
forecast_8116,2025-12-05 04:00:00,16040.398895720677,18226.344789124574,14445.7569668971
forecast_8117,2025-12-05 05:00:00,16192.583508810327,18001.624143691733,14656.753193820512
forecast_8118,2025-12-05 06:00:00,17147.970125246142,18227.775840064616,14396.924671659437
forecast_8119,2025-12-05 07:00:00,18138.09406648106,18876.013233968904,14320.496312011373
forecast_8120,2025-12-05 08:00:00,18649.63791731528,19512.672940866123,14560.15854457454
forecast_8121,2025-12-05 09:00:00,18098.724473286675,18856.215828209242,14305.855977959853
forecast_8122,2025-12-05 10:00:00,17402.866307556575,17641.81479571498,12857.568293435566
forecast_8123,2025-12-05 11:00:00,16017.908537795425,16434.56242906499,11744.401117064119
forecast_8124,2025-12-05 12:00:00,14308.295764411789,14815.493311980852,10611.077393809139
forecast_8125,2025-12-05 13:00:00,14706.355242368796,16454.478843133165,10595.429863085901
forecast_8126,2025-12-05 14:00:00,14484.90539946958,15269.854144370689,11306.22018874745
forecast_8127,2025-12-05 15:00:00,15993.369147023212,16742.016274504113,12974.09468130687
forecast_8128,2025-12-05 16:00:00,18032.336721179963,18185.53925299343,14206.25160760737
forecast_8129,2025-12-05 17:00:00,18681.692989957068,18862.542133849194,14444.295117337233
forecast_8130,2025-12-05 18:00:00,19257.731350248934,19740.933825102995,14283.951262200893
forecast_8131,2025-12-05 19:00:00,19605.524152401114,19890.606221864575,14266.308350514904
forecast_8132,2025-12-05 20:00:00,19902.72664574289,19834.676296680824,14600.127386514829
forecast_8133,2025-12-05 21:00:00,20173.34178604673,19879.81662863341,15140.384585241227
forecast_8134,2025-12-05 22:00:00,20328.172867471734,20023.59227442453,15957.139710009626
forecast_8135,2025-12-05 23:00:00,20327.500186853984,20231.628717376316,15715.999352895775
forecast_8136,2025-12-06 00:00:00,20337.016686843617,20161.316485934665,16132.028646628014
forecast_8137,2025-12-06 01:00:00,20335.492109344916,20128.92068902312,16907.7920785797
forecast_8138,2025-12-06 02:00:00,20325.24205941012,19924.843400079793,16847.88138287988
forecast_8139,2025-12-06 03:00:00,20328.960096102044,20323.890056629414,17413.414657405418
forecast_8140,2025-12-06 04:00:00,20358.606016804068,20335.534716672737,17384.573552997994
forecast_8141,2025-12-06 05:00:00,20316.365190154174,20335.987723459853,17323.642867783266
forecast_8142,2025-12-06 06:00:00,20418.45915872612,20333.761596978708,16848.74153508405
forecast_8143,2025-12-06 07:00:00,20318.064486057076,20219.342534128184,17187.200218572383
forecast_8144,2025-12-06 08:00:00,19922.404534664456,20312.590392767586,16439.02898091252
forecast_8145,2025-12-06 09:00:00,19897.3891766292,19920.864626338804,16116.06961394212
forecast_8146,2025-12-06 10:00:00,18420.98469221438,19757.762220951485,16025.936835037688
forecast_8147,2025-12-06 11:00:00,18208.86231654889,18657.068121044183,15614.952718805636
forecast_8148,2025-12-06 12:00:00,17786.00363860765,18451.697429478132,14357.10798515875
forecast_8149,2025-12-06 13:00:00,17864.11483970122,18359.258804542227,14410.623423104518
forecast_8150,2025-12-06 14:00:00,17844.68980835033,18413.34972026716,15237.538993405116
forecast_8151,2025-12-06 15:00:00,18007.164528671645,18450.383690495557,15992.706569761618
forecast_8152,2025-12-06 16:00:00,18118.589296184244,19003.3121670238,16139.460171302075
forecast_8153,2025-12-06 17:00:00,17989.886204825867,18987.443404327387,15950.279846030673
forecast_8154,2025-12-06 18:00:00,17818.642031823434,18649.207387753475,16356.160342682075
forecast_8155,2025-12-06 19:00:00,18307.09719674089,18691.618064704762,16978.892256385723
forecast_8156,2025-12-06 20:00:00,18169.53532745475,19037.5877311162,17261.39605759585
forecast_8157,2025-12-06 21:00:00,18529.799982058703,19165.22117865948,17469.011193877857
forecast_8158,2025-12-06 22:00:00,19146.483696648716,19582.969956713983,17563.00752343745
forecast_8159,2025-12-06 23:00:00,19674.31187814152,19787.003257312543,17715.675976923536
forecast_8160,2025-12-07 00:00:00,19631.478687439358,19884.61837504832,17609.235322490254
forecast_8161,2025-12-07 01:00:00,19261.503847353404,19536.04934694093,16994.766776273227
forecast_8162,2025-12-07 02:00:00,19431.159999113508,19385.54958756666,16952.905916141528
forecast_8163,2025-12-07 03:00:00,18941.998152055603,19327.93193181754,17000.12951239598
forecast_8164,2025-12-07 04:00:00,19912.037193760178,19263.158379418084,17194.22717819342
forecast_8165,2025-12-07 05:00:00,19898.579065259877,19709.702317165105,17311.27243457507
forecast_8166,2025-12-07 06:00:00,19892.12369346233,19493.700063892316,17578.00591610873
forecast_8167,2025-12-07 07:00:00,19954.93352843928,19887.470452945538,17187.319863368997
forecast_8168,2025-12-07 08:00:00,19898.918000267255,19809.480645971744,16995.13312270899
forecast_8169,2025-12-07 09:00:00,20018.03055801832,19699.851233039903,16973.990817864495
forecast_8170,2025-12-07 10:00:00,20129.358688515495,19899.29557967021,17010.260751568672
forecast_8171,2025-12-07 11:00:00,19898.91159834198,19097.366398408158,16543.658388702144
forecast_8172,2025-12-07 12:00:00,19591.436386470134,18913.600940835793,16495.296549220668
forecast_8173,2025-12-07 13:00:00,17986.143261740253,19047.948864032747,16215.738936743217
forecast_8174,2025-12-07 14:00:00,18293.109708703316,19067.02033992596,16622.9514702244
forecast_8175,2025-12-07 15:00:00,18913.50929642937,19383.567950735902,16944.403342117595
forecast_8176,2025-12-07 16:00:00,19144.901953631877,19794.7295471198,17079.68350236319
forecast_8177,2025-12-07 17:00:00,19467.034114060705,19892.889781297992,16700.014399765692
forecast_8178,2025-12-07 18:00:00,19485.38013801559,19880.42481730121,17408.66987768389
forecast_8179,2025-12-07 19:00:00,19504.199264423816,19884.567528618318,17511.46168536608
forecast_8180,2025-12-07 20:00:00,19496.48294797076,19881.460934881718,17337.978909203415
forecast_8181,2025-12-07 21:00:00,19309.980530591907,19878.99712676637,17186.210832826393
forecast_8182,2025-12-07 22:00:00,18981.77878760682,19803.550928261477,17085.48672406624
forecast_8183,2025-12-07 23:00:00,18735.007170721212,19369.98341497759,16801.902732406408
forecast_8184,2025-12-08 00:00:00,18397.544636325107,19184.613486960767,16744.620574383393
forecast_8185,2025-12-08 01:00:00,18449.276432287024,19907.59122680617,16393.489067363556
forecast_8186,2025-12-08 02:00:00,17744.321298737057,19085.935700640675,15868.913374038908
forecast_8187,2025-12-08 03:00:00,17881.67727381898,18660.902754627125,15255.331060306871
forecast_8188,2025-12-08 04:00:00,16791.854229099565,17673.80173631763,14363.909291645705
forecast_8189,2025-12-08 05:00:00,15437.244955328373,16305.749075654983,12824.662594447524
forecast_8190,2025-12-08 06:00:00,13852.384390652613,15413.216302917997,11330.557545660959
forecast_8191,2025-12-08 07:00:00,12751.797616307442,14610.654996789071,9995.545761080906
forecast_8192,2025-12-08 08:00:00,11572.376390721794,12977.866535745403,8924.340755260926
forecast_8193,2025-12-08 09:00:00,11206.024259052414,12167.776096915144,8676.577144110097
forecast_8194,2025-12-08 10:00:00,9300.83045856779,10359.109794777301,7855.468338198507
forecast_8195,2025-12-08 11:00:00,8063.130691394083,7967.969166432541,5676.277015670631
forecast_8196,2025-12-08 12:00:00,6008.580250337808,6115.7644419858125,4158.897615908666
forecast_8197,2025-12-08 13:00:00,5387.135612899766,5268.9853203235925,3786.772673324
forecast_8198,2025-12-08 14:00:00,5677.845480744845,5999.9776675808325,4030.663647439922
forecast_8199,2025-12-08 15:00:00,6649.681739631047,6721.713292057826,4386.486131565629
forecast_8200,2025-12-08 16:00:00,7109.7310665965815,7506.073542409509,4340.5358029376575
forecast_8201,2025-12-08 17:00:00,8153.7088565437125,8408.237664852912,5415.767139795954
forecast_8202,2025-12-08 18:00:00,8819.532491939646,9874.377827490622,7305.5091607467
forecast_8203,2025-12-08 19:00:00,10867.774940333582,11915.022094343536,9335.501608454299
forecast_8204,2025-12-08 20:00:00,13912.914068749298,14882.551153300878,10594.739065761312
forecast_8205,2025-12-08 21:00:00,16262.166831821969,17283.693155785753,11662.44908995434
forecast_8206,2025-12-08 22:00:00,17596.101286858477,17536.485580049928,12184.460691309196
forecast_8207,2025-12-08 23:00:00,17365.450805706372,17652.996351923295,12088.652492712694
forecast_8208,2025-12-09 00:00:00,17033.943128393064,17415.19405958842,11793.117666981812
forecast_8209,2025-12-09 01:00:00,15424.152776450925,16211.77860920703,11546.372499476349
forecast_8210,2025-12-09 02:00:00,16428.562162892347,17499.69610816572,11793.666431104259
forecast_8211,2025-12-09 03:00:00,17867.56187332936,18164.63585557173,12994.411682814633
forecast_8212,2025-12-09 04:00:00,17928.339175739922,18659.136970669806,12491.10861199117
forecast_8213,2025-12-09 05:00:00,18231.202708498284,18897.36427215529,12633.747385584295
forecast_8214,2025-12-09 06:00:00,18535.48885219115,18946.338112232865,13289.05879610268
forecast_8215,2025-12-09 07:00:00,18713.447147902236,19520.78624225232,15195.517986100009
forecast_8216,2025-12-09 08:00:00,19032.820600341027,19853.90439423241,15843.41166068465
forecast_8217,2025-12-09 09:00:00,18783.117734977066,19739.131931429354,16177.60619160905
forecast_8218,2025-12-09 10:00:00,17361.46780248156,18496.89345863701,15373.622750252374
forecast_8219,2025-12-09 11:00:00,15991.24789144838,17506.485710252986,13966.442712980725
forecast_8220,2025-12-09 12:00:00,14735.88744690994,16042.036022967803,12713.17248755035
forecast_8221,2025-12-09 13:00:00,13617.073187838321,14863.839250124181,11361.409674570577
forecast_8222,2025-12-09 14:00:00,12357.558719149534,13450.006089038152,10572.292112039862
forecast_8223,2025-12-09 15:00:00,11737.607920164564,12622.93932711813,10311.72444951693
forecast_8224,2025-12-09 16:00:00,11655.218421531561,12294.006517499456,10072.584116546457
forecast_8225,2025-12-09 17:00:00,11595.513544512807,12701.460181199322,9778.22262132625
forecast_8226,2025-12-09 18:00:00,12587.87365932538,13693.334537143,10461.412405158086
forecast_8227,2025-12-09 19:00:00,13306.107696716492,15418.926751976996,11075.356651069424
forecast_8228,2025-12-09 20:00:00,13841.693257258155,14883.647496724207,10509.122396797198
forecast_8229,2025-12-09 21:00:00,13395.090452200599,14667.528480089628,10822.462671421486
forecast_8230,2025-12-09 22:00:00,13232.049538972256,15711.670264895938,10808.129594496948
forecast_8231,2025-12-09 23:00:00,14344.117824613619,15426.423171661752,11167.0970792815
forecast_8232,2025-12-10 00:00:00,15025.408255200482,16549.095826178684,11236.245563918425
forecast_8233,2025-12-10 01:00:00,11939.843182206469,14182.384185171071,10971.557833957162
forecast_8234,2025-12-10 02:00:00,13215.892893981036,14419.04934117973,11181.886813534447
forecast_8235,2025-12-10 03:00:00,13931.261618063529,15095.925329943899,12552.327294562654
forecast_8236,2025-12-10 04:00:00,14597.90236504823,15711.064952127776,13075.796299486019
forecast_8237,2025-12-10 05:00:00,14160.839091508356,15361.238250201804,12560.44320324549
forecast_8238,2025-12-10 06:00:00,13183.147544504785,14210.360989170265,12358.09313027181
forecast_8239,2025-12-10 07:00:00,11817.13930639653,13028.242760266006,11706.139333211608
forecast_8240,2025-12-10 08:00:00,10539.344698546503,11532.13735353748,11040.551760310076
forecast_8241,2025-12-10 09:00:00,9392.015750724044,9991.261587006238,10150.822622671247
forecast_8242,2025-12-10 10:00:00,9956.749268026444,9824.218929366236,9322.295795757791
forecast_8243,2025-12-10 11:00:00,9504.99476788438,9971.3250551153,9842.918157486178
forecast_8244,2025-12-10 12:00:00,9299.624101206524,9786.74351806731,9227.767812428548
forecast_8245,2025-12-10 13:00:00,9153.01762482146,9557.641485845863,9215.06954004926
forecast_8246,2025-12-10 14:00:00,9023.383633934218,9465.049274728863,8236.466947175719
forecast_8247,2025-12-10 15:00:00,8438.40826500401,7921.192133769995,7694.012183472326
forecast_8248,2025-12-10 16:00:00,6293.314008307131,7148.295510200845,6676.128146136905
forecast_8249,2025-12-10 17:00:00,5777.243276488004,6389.944159903154,6452.360957223309
forecast_8250,2025-12-10 18:00:00,6136.564382868865,6949.218546925874,6538.588214250356
forecast_8251,2025-12-10 19:00:00,7288.97309727282,9507.803958822045,6739.670616874446
forecast_8252,2025-12-10 20:00:00,9829.63392935205,11337.120830639029,7493.617943701699
forecast_8253,2025-12-10 21:00:00,11502.043816558526,13747.039375386288,9911.317493345245
forecast_8254,2025-12-10 22:00:00,13712.449686630689,16210.757364360059,12430.065069299417
forecast_8255,2025-12-10 23:00:00,15347.121328366331,18141.62353813531,13925.376006035518
forecast_8256,2025-12-11 00:00:00,16067.539726315732,17921.651011568618,14101.574659991029
forecast_8257,2025-12-11 01:00:00,18801.4528427515,19313.0114731829,16758.832995116263
forecast_8258,2025-12-11 02:00:00,19173.82252928575,19906.169955737456,16934.197496196703
forecast_8259,2025-12-11 03:00:00,19066.756193814614,19681.26401075348,17397.221599085242
forecast_8260,2025-12-11 04:00:00,19353.129605919585,19835.41588561537,18004.521439067714
forecast_8261,2025-12-11 05:00:00,19422.377274260307,20031.713819826626,18325.29351419889
forecast_8262,2025-12-11 06:00:00,19829.37060761642,20209.82951511155,18349.52691770026
forecast_8263,2025-12-11 07:00:00,19275.0275741017,20253.42224369186,17863.68575085054
forecast_8264,2025-12-11 08:00:00,18795.79985749246,19909.098488157673,17220.211804392307
forecast_8265,2025-12-11 09:00:00,18671.655555851037,19887.12290592687,16164.884688914883
forecast_8266,2025-12-11 10:00:00,18589.283330524366,19679.135443648785,15686.940194053637
forecast_8267,2025-12-11 11:00:00,18019.42304187658,18845.882606512365,14440.617946124392
forecast_8268,2025-12-11 12:00:00,16901.7568004321,17687.544113455133,13210.937194943504
forecast_8269,2025-12-11 13:00:00,14847.224686435533,16091.43661006905,11282.141330301672
forecast_8270,2025-12-11 14:00:00,13336.002921884652,14177.349538789615,9350.268909883966
forecast_8271,2025-12-11 15:00:00,12694.130284191375,13495.207147446996,8634.129168144373
forecast_8272,2025-12-11 16:00:00,12739.168411181052,13591.7260018708,8892.100908093604
forecast_8273,2025-12-11 17:00:00,13423.889033815592,14337.998694383989,9221.710788031784
forecast_8274,2025-12-11 18:00:00,12921.990793829935,14094.731626162558,9313.157241835546
forecast_8275,2025-12-11 19:00:00,11552.935532731477,12801.68072340244,8117.67479269788
forecast_8276,2025-12-11 20:00:00,8788.30031577774,9836.935146419444,6447.52800563839
forecast_8277,2025-12-11 21:00:00,5864.36465922198,6066.8323035581525,3901.2091062724403
forecast_8278,2025-12-11 22:00:00,4034.9891084925966,4774.1463487919855,3608.539588620171
forecast_8279,2025-12-11 23:00:00,4003.4809398717475,4519.130389081023,3918.23824348922
forecast_8280,2025-12-12 00:00:00,3870.649880820113,4077.9329361167315,4082.107839140227
forecast_8281,2025-12-12 01:00:00,3305.8913577238486,3615.094096392064,2915.9107744346616
forecast_8282,2025-12-12 02:00:00,3006.8007517280425,3515.969378247144,2655.193063736019
forecast_8283,2025-12-12 03:00:00,3610.1977170892883,3329.6560977516065,3283.093316339106
forecast_8284,2025-12-12 04:00:00,3236.292994365568,3477.7547758676956,2768.156178133929
forecast_8285,2025-12-12 05:00:00,3058.642665749884,3489.571556726297,2822.2415081752115
forecast_8286,2025-12-12 06:00:00,2985.112085658957,3532.4247024481347,3565.3193952243305
forecast_8287,2025-12-12 07:00:00,4012.879042541873,3183.289376626533,3334.150651744133
forecast_8288,2025-12-12 08:00:00,4313.856913368117,3188.8316361062434,2148.529699871955
forecast_8289,2025-12-12 09:00:00,4998.626069608144,3323.0138531736416,1899.5495246811254
forecast_8290,2025-12-12 10:00:00,4784.572400149921,3592.336703044486,2308.156512075684
forecast_8291,2025-12-12 11:00:00,4639.769684781164,3948.834183822576,1753.1142157990305
forecast_8292,2025-12-12 12:00:00,3527.099675499076,3151.418618120994,57.95686819579763
forecast_8293,2025-12-12 13:00:00,4060.9788205340924,3246.6386945414965,34.904966236267434
forecast_8294,2025-12-12 14:00:00,2030.2663038524959,1457.5153450967782,26.947171204880853
forecast_8295,2025-12-12 15:00:00,1251.4039592463077,51.493772063985986,3.6281393186776536
forecast_8296,2025-12-12 16:00:00,2958.8784256052127,2132.2352435978237,2.490253571944954
forecast_8297,2025-12-12 17:00:00,3111.394923680158,2296.162442418217,3220.241487306887
forecast_8298,2025-12-12 18:00:00,3261.45788929917,2826.4274919591526,1925.7962801630554
forecast_8299,2025-12-12 19:00:00,3290.5133988580114,4757.009122440825,2298.189331997988
forecast_8300,2025-12-12 20:00:00,3628.4157377832166,4199.255541115696,3994.3388219726667
forecast_8301,2025-12-12 21:00:00,3998.049148031321,3705.6772986340634,4834.691932500291
forecast_8302,2025-12-12 22:00:00,4513.121105482621,4865.775394946631,3346.4296888818294
forecast_8303,2025-12-12 23:00:00,4003.4290528798488,5201.713922464541,3510.1989689325496
forecast_8304,2025-12-13 00:00:00,4213.573881432425,4510.791202537743,3713.0601497514863
forecast_8305,2025-12-13 01:00:00,4004.929653302716,4161.757287437476,3684.070792970236
forecast_8306,2025-12-13 02:00:00,4120.923527191735,4161.060363890339,3640.7787279233467
forecast_8307,2025-12-13 03:00:00,4629.958358514283,4454.66898516857,3680.023571042998
forecast_8308,2025-12-13 04:00:00,4486.14617723602,4941.106271009375,3749.384063220205
forecast_8309,2025-12-13 05:00:00,4933.005499881159,5167.913308487866,3807.0539368523173
forecast_8310,2025-12-13 06:00:00,4341.570961026018,4803.335412103785,3738.5217844642475
forecast_8311,2025-12-13 07:00:00,4226.425849278572,4797.074282399006,3859.392212247629
forecast_8312,2025-12-13 08:00:00,3961.8536686586745,4126.115488307497,3725.3161249081904
forecast_8313,2025-12-13 09:00:00,4035.8070565246967,3878.374783376292,3719.7061201098873
forecast_8314,2025-12-13 10:00:00,4006.3215900021073,3808.6123271063075,3482.5133286800647
forecast_8315,2025-12-13 11:00:00,4061.870890674592,3830.963130979454,3506.9884209221086
forecast_8316,2025-12-13 12:00:00,5820.982244057947,5458.588553328765,3888.153514646982
forecast_8317,2025-12-13 13:00:00,3899.4767962319374,3836.080988781215,4155.613375522984
forecast_8318,2025-12-13 14:00:00,3198.6933628974666,3215.6137909061013,4259.251955037599
forecast_8319,2025-12-13 15:00:00,2877.3203960419937,3095.294783061375,2962.3867445551573
forecast_8320,2025-12-13 16:00:00,3082.179363170903,3318.362272510848,2951.7088129367125
forecast_8321,2025-12-13 17:00:00,3887.436859678164,4158.441519450734,3485.6113329183063
forecast_8322,2025-12-13 18:00:00,4757.391349010411,5278.1146340126115,3672.5626996571223
forecast_8323,2025-12-13 19:00:00,6268.455217026765,6779.747605557651,4449.975968937641
forecast_8324,2025-12-13 20:00:00,5485.128353287592,5806.64893907166,4045.8745185160574
forecast_8325,2025-12-13 21:00:00,6946.375602195356,7480.820313018905,4690.062276258362
forecast_8326,2025-12-13 22:00:00,8120.733797250364,9669.813366983626,6147.342733467786
forecast_8327,2025-12-13 23:00:00,11757.676328641133,13309.871071560143,8376.813343085712
forecast_8328,2025-12-14 00:00:00,13082.595230289393,13619.414204797215,9976.529731944436
forecast_8329,2025-12-14 01:00:00,15353.317370625859,17535.54749374514,12580.602826078231
forecast_8330,2025-12-14 02:00:00,15133.557467871604,17810.418123276355,12666.504407402641
forecast_8331,2025-12-14 03:00:00,15236.78957674139,18001.73207012328,13306.729916113329
forecast_8332,2025-12-14 04:00:00,15738.17813125397,17732.279361717767,14299.261993697182
forecast_8333,2025-12-14 05:00:00,15975.393966517411,18008.57277461581,15209.759626750923
forecast_8334,2025-12-14 06:00:00,15841.75740623743,18380.987944862114,15215.362699294228
forecast_8335,2025-12-14 07:00:00,15297.530934225982,18204.102030441147,14969.345581623069
forecast_8336,2025-12-14 08:00:00,15430.9983795411,17988.53896934115,13533.089177787968
forecast_8337,2025-12-14 09:00:00,15803.02850911347,18044.595004920717,13552.35289545773
forecast_8338,2025-12-14 10:00:00,16071.490494178062,17993.973707478093,13118.711980590484
forecast_8339,2025-12-14 11:00:00,16195.620979363379,17871.184950177972,13434.927831267798
forecast_8340,2025-12-14 12:00:00,16189.35115401628,17687.346933801684,12954.931624421784
forecast_8341,2025-12-14 13:00:00,16008.634403088907,16690.929730144908,11937.422948075518
forecast_8342,2025-12-14 14:00:00,14167.356995779008,15627.180453756771,10499.60442662571
forecast_8343,2025-12-14 15:00:00,13667.2893698377,14814.47017791704,10415.676751291228
forecast_8344,2025-12-14 16:00:00,13482.213101387897,15021.45231200277,10070.00031285652
forecast_8345,2025-12-14 17:00:00,14366.633796519396,15575.130677855828,11202.735074995404
forecast_8346,2025-12-14 18:00:00,14487.35622227527,16891.54144716681,12128.788843218612
forecast_8347,2025-12-14 19:00:00,15473.741023524502,17688.012508533237,13622.978662050109
forecast_8348,2025-12-14 20:00:00,15855.73719619646,17894.41621202526,13970.827906366121
forecast_8349,2025-12-14 21:00:00,16592.61671007498,17945.539421310103,14042.973575873857
forecast_8350,2025-12-14 22:00:00,16954.24416577054,18148.760134093114,14118.37064996938
forecast_8351,2025-12-14 23:00:00,16823.09315481006,18106.664950334605,13990.702045315136
forecast_8352,2025-12-15 00:00:00,16409.57747237599,18346.684673743428,14134.929542686568
forecast_8353,2025-12-15 01:00:00,17380.24161345995,19042.240756099916,15051.77691192592
forecast_8354,2025-12-15 02:00:00,17837.63605306069,19129.348735406256,15420.757376194624
forecast_8355,2025-12-15 03:00:00,18778.98474635162,19867.13615102515,16297.87237946949
forecast_8356,2025-12-15 04:00:00,18804.22887503963,19753.41337515972,16015.198272636073
forecast_8357,2025-12-15 05:00:00,18781.647517628055,19896.43721276566,15818.895251470154
forecast_8358,2025-12-15 06:00:00,18887.426683667127,19523.993699364968,14933.018460035577
forecast_8359,2025-12-15 07:00:00,19232.956299410507,19880.972431343725,14909.718152577889
forecast_8360,2025-12-15 08:00:00,19041.531109859545,19129.948695506075,14233.771572292055
forecast_8361,2025-12-15 09:00:00,18608.087626425306,18515.895657939174,13744.720782214361
forecast_8362,2025-12-15 10:00:00,17976.3638724338,17988.4570674999,13079.365067586074
forecast_8363,2025-12-15 11:00:00,16002.28217179829,16218.820404009444,11797.050628005565
forecast_8364,2025-12-15 12:00:00,13963.061696061743,14600.757732022064,10404.619426455001
forecast_8365,2025-12-15 13:00:00,14442.49619893282,14998.279473151568,10730.126732409819
forecast_8366,2025-12-15 14:00:00,14608.16627992545,15001.154915725267,11742.194615945762
forecast_8367,2025-12-15 15:00:00,14192.781615782565,15145.817279075109,12325.099935459726
forecast_8368,2025-12-15 16:00:00,15057.825670285732,15739.241648040372,12819.108134906024
forecast_8369,2025-12-15 17:00:00,17348.139497303142,18115.990445178155,14296.246949551276
forecast_8370,2025-12-15 18:00:00,19586.17477937873,19712.626354140244,15719.552916640643
forecast_8371,2025-12-15 19:00:00,20314.847711455066,20112.67749031884,17135.33847866303
forecast_8372,2025-12-15 20:00:00,20321.30266388016,20260.30173591921,16993.600875060925
forecast_8373,2025-12-15 21:00:00,20313.781210821024,20228.302109793232,16614.622480374834
forecast_8374,2025-12-15 22:00:00,19886.57508318087,19883.40906920558,16252.93712322839
forecast_8375,2025-12-15 23:00:00,18903.594545265383,18928.782667559168,15626.535292780858
forecast_8376,2025-12-16 00:00:00,18027.946995746835,18772.624817192147,15426.03401014358
forecast_8377,2025-12-16 01:00:00,16853.698427336974,17385.17280395392,14496.051930766049
forecast_8378,2025-12-16 02:00:00,15769.488129585234,17052.54891846599,13931.270594077207
forecast_8379,2025-12-16 03:00:00,14464.253773439183,16363.856108857995,12607.340784880764
forecast_8380,2025-12-16 04:00:00,13844.567481843265,15584.59615203294,12339.009195740344
forecast_8381,2025-12-16 05:00:00,12828.867589005484,14182.649272891036,10590.635372043336
forecast_8382,2025-12-16 06:00:00,11452.92723545014,13064.748740338071,9628.278134892633
forecast_8383,2025-12-16 07:00:00,10740.591284289909,11624.207388538805,9017.580904150962
forecast_8384,2025-12-16 08:00:00,10621.701553680736,11084.273766466025,9079.29123205676
forecast_8385,2025-12-16 09:00:00,10044.337846545524,10390.861797513331,9315.503407934064
forecast_8386,2025-12-16 10:00:00,10180.230673234466,10409.39218608936,10348.063209780305
forecast_8387,2025-12-16 11:00:00,9697.357611905429,10081.806511369085,10326.783631167727
forecast_8388,2025-12-16 12:00:00,9487.276024509081,9716.095469890017,10389.102878435999
forecast_8389,2025-12-16 13:00:00,9853.120315977321,9983.29272446039,9390.89779882848
forecast_8390,2025-12-16 14:00:00,10147.483331625415,10554.360321720129,8758.567462778241
forecast_8391,2025-12-16 15:00:00,10236.866273812153,10735.294096036754,8412.457308682548
forecast_8392,2025-12-16 16:00:00,9715.007128492713,10360.214857371886,7383.250345032235
forecast_8393,2025-12-16 17:00:00,9549.440254308134,9738.479076643034,6608.005368895999
forecast_8394,2025-12-16 18:00:00,9540.636808088964,9820.235081665067,6622.979090058251
forecast_8395,2025-12-16 19:00:00,9469.232283101574,10112.37794581209,7368.229060179613
forecast_8396,2025-12-16 20:00:00,9338.42958587287,10537.236927917787,7180.179755012826
forecast_8397,2025-12-16 21:00:00,9867.011710832892,10543.709113230712,6926.513742206724
forecast_8398,2025-12-16 22:00:00,8657.210593920236,9662.760418972675,6627.08433793895
forecast_8399,2025-12-16 23:00:00,8440.131892676172,8880.921996900717,6320.795236327244
forecast_8400,2025-12-17 00:00:00,7992.247354966747,8782.408678167938,6039.971597668962
forecast_8401,2025-12-17 01:00:00,8606.203428390301,10544.63083673274,6438.421221611224
forecast_8402,2025-12-17 02:00:00,9563.720231891706,10240.272817699495,6014.648114714561
forecast_8403,2025-12-17 03:00:00,9084.206761848058,9956.055115630827,5568.461867757306
forecast_8404,2025-12-17 04:00:00,8665.34126414577,9266.908987062903,5129.069904182192
forecast_8405,2025-12-17 05:00:00,7997.081100912636,8840.828860031872,4647.162853128614
forecast_8406,2025-12-17 06:00:00,7156.370072265469,7742.337557683787,4555.6304159022675
forecast_8407,2025-12-17 07:00:00,6982.915972982498,7283.823880465146,4581.431285692213
forecast_8408,2025-12-17 08:00:00,6400.947818514402,6808.470988439086,4482.457480465484
forecast_8409,2025-12-17 09:00:00,6414.493331741752,6534.189854683668,4107.144485986478
forecast_8410,2025-12-17 10:00:00,5454.246938902408,5898.108085551735,4207.433220519212
forecast_8411,2025-12-17 11:00:00,6033.353235732054,6084.5586769335405,3916.476041434418
forecast_8412,2025-12-17 12:00:00,5485.55495866102,5786.720056814197,3782.2144726385636
forecast_8413,2025-12-17 13:00:00,5130.762432804117,5471.669975197138,3868.262039231311
forecast_8414,2025-12-17 14:00:00,4677.446871126861,4606.677604870985,3676.2952396426867
forecast_8415,2025-12-17 15:00:00,3989.848597794745,3976.9384975357466,3522.9121490575603
forecast_8416,2025-12-17 16:00:00,3726.0947260700386,3691.4106580960192,3555.5571400086606
forecast_8417,2025-12-17 17:00:00,3969.9631955820682,3699.0414893435545,3763.126419120616
forecast_8418,2025-12-17 18:00:00,4064.2938937847675,3772.2132065824767,3885.7000871884625
forecast_8419,2025-12-17 19:00:00,4280.585558190297,4097.956796947985,3774.7202326667143
forecast_8420,2025-12-17 20:00:00,5241.157707585474,5227.473300595592,3790.9024619186207
forecast_8421,2025-12-17 21:00:00,6410.199703653897,6482.748324607081,4371.818274497024
forecast_8422,2025-12-17 22:00:00,7849.964085304101,7826.363835437054,5545.494586987724
forecast_8423,2025-12-17 23:00:00,8647.64745879258,9482.27020926448,6173.070642810257
forecast_8424,2025-12-18 00:00:00,8856.949210168827,9096.090363450992,6057.9638212049595
forecast_8425,2025-12-18 01:00:00,13742.938207723631,14657.908857211847,9996.709753028703
forecast_8426,2025-12-18 02:00:00,14059.772240648976,14519.779357087053,10247.447555984221
forecast_8427,2025-12-18 03:00:00,14805.508346266373,16037.226411772452,10757.703081850052
forecast_8428,2025-12-18 04:00:00,16007.801091505764,16052.862628408357,10845.36588175048
forecast_8429,2025-12-18 05:00:00,17003.938297451223,16373.677596055793,10983.048963219357
forecast_8430,2025-12-18 06:00:00,17491.838146839236,16299.883689526145,10588.713006650105
forecast_8431,2025-12-18 07:00:00,16684.37664380106,15210.040609691207,10783.312025956368
forecast_8432,2025-12-18 08:00:00,14071.224082216711,13225.76047419287,10069.7794119635
forecast_8433,2025-12-18 09:00:00,12244.471957405445,10887.513573551469,8597.348837313253
forecast_8434,2025-12-18 10:00:00,9542.841087702898,8928.177560868007,6893.8219837138995
forecast_8435,2025-12-18 11:00:00,7280.115618584775,7158.788726845999,4565.475875796195
forecast_8436,2025-12-18 12:00:00,5299.998845198182,4890.776352544053,3970.377360401682
forecast_8437,2025-12-18 13:00:00,4212.070689677275,4026.0229236905684,3929.6842614247876
forecast_8438,2025-12-18 14:00:00,4020.9163646545576,3936.5425970146075,3892.637938161152
forecast_8439,2025-12-18 15:00:00,4098.023434788163,4089.7876040913784,3841.49220286039
forecast_8440,2025-12-18 16:00:00,4942.413905589549,4847.628450326671,4238.885246602048
forecast_8441,2025-12-18 17:00:00,6131.734951373859,6066.3090182852275,4101.5177613781725
forecast_8442,2025-12-18 18:00:00,7036.944182817741,7105.65592146458,4212.306671535691
forecast_8443,2025-12-18 19:00:00,8670.39457707923,8047.045908093564,4701.329076641557
forecast_8444,2025-12-18 20:00:00,9401.027408243643,9172.370599447777,5225.128431140843
forecast_8445,2025-12-18 21:00:00,9576.83197272924,9450.94056840797,6275.191529583145
forecast_8446,2025-12-18 22:00:00,10662.804296933577,11012.83002190939,6926.392971613137
forecast_8447,2025-12-18 23:00:00,11964.454239054898,12140.65854795134,8152.730341220154
forecast_8448,2025-12-19 00:00:00,11457.427189633925,15565.280149167342,8724.914487795306
forecast_8449,2025-12-19 01:00:00,17903.45385120758,18493.224813443183,14782.156516138717
forecast_8450,2025-12-19 02:00:00,18259.50456561128,18846.446317980175,15270.72007634633
forecast_8451,2025-12-19 03:00:00,18854.946008096573,19937.594863614228,15717.090962189852
forecast_8452,2025-12-19 04:00:00,17814.655394361394,18559.167860955116,14358.708318614914
forecast_8453,2025-12-19 05:00:00,18289.8307814134,18158.80610931001,13487.903511401879
forecast_8454,2025-12-19 06:00:00,18552.545800597465,19008.358442997924,13271.687795974094
forecast_8455,2025-12-19 07:00:00,18537.9881781554,18915.72009554931,13926.659016928355
forecast_8456,2025-12-19 08:00:00,18898.07629930818,19582.56442379997,14292.300204475992
forecast_8457,2025-12-19 09:00:00,18763.606509499314,19498.152002672497,15360.10077212008
forecast_8458,2025-12-19 10:00:00,18837.46968741042,18897.89489649818,16253.413681097656
forecast_8459,2025-12-19 11:00:00,19770.471343303358,19019.36446295208,16889.1010182738
forecast_8460,2025-12-19 12:00:00,19775.587284633,19701.651651103326,16862.46967849188
forecast_8461,2025-12-19 13:00:00,18785.051542540175,19344.095120281378,16484.920909798195
forecast_8462,2025-12-19 14:00:00,18616.680272756425,19458.38592563727,16256.592536663746
forecast_8463,2025-12-19 15:00:00,18457.767864517926,19636.513459841477,16258.685959717233
forecast_8464,2025-12-19 16:00:00,18370.956996680507,19176.923953369776,16278.679079124713
forecast_8465,2025-12-19 17:00:00,18880.807486217134,18822.0713830768,16502.908073254002
forecast_8466,2025-12-19 18:00:00,17070.756899676348,17952.001972987804,16878.692195413114
forecast_8467,2025-12-19 19:00:00,16838.76666408496,17628.77245008375,16861.666725440617
forecast_8468,2025-12-19 20:00:00,18094.027176632022,17524.058317271145,16678.585993673118
forecast_8469,2025-12-19 21:00:00,17932.810719260007,17679.366135432316,16502.743015382082
forecast_8470,2025-12-19 22:00:00,17457.748064638035,18004.70224764715,15876.411137000812
forecast_8471,2025-12-19 23:00:00,17454.70370502201,17947.781760177233,16108.33456655278
forecast_8472,2025-12-20 00:00:00,17615.42606871478,18368.547856047666,15999.445344822701
forecast_8473,2025-12-20 01:00:00,16044.847119134101,18201.533368514174,15450.56955390538
forecast_8474,2025-12-20 02:00:00,16225.09237506287,17971.838826237825,15318.217630843481
forecast_8475,2025-12-20 03:00:00,15833.33450413639,18000.110379172613,14525.558667665306
forecast_8476,2025-12-20 04:00:00,15483.016338318705,17956.29074921096,14491.203550197364
forecast_8477,2025-12-20 05:00:00,14445.99144253779,17400.86669635491,12471.370349033128
forecast_8478,2025-12-20 06:00:00,13991.657171912895,17486.86070592733,11952.392552801444
forecast_8479,2025-12-20 07:00:00,16352.975788992584,17595.05515549721,12724.220536244371
forecast_8480,2025-12-20 08:00:00,17292.221628743915,17703.01771589003,13321.678398480542
forecast_8481,2025-12-20 09:00:00,17276.40078072537,17694.19404306469,13531.322062179039
forecast_8482,2025-12-20 10:00:00,17261.457470297617,17589.533453144275,13498.999823539432
forecast_8483,2025-12-20 11:00:00,17282.258828055015,17960.429644170825,13603.812168290011
forecast_8484,2025-12-20 12:00:00,16686.556854649396,18367.519319037445,13965.775571059106
forecast_8485,2025-12-20 13:00:00,17407.444012271295,18018.149487845345,14129.567295199793
forecast_8486,2025-12-20 14:00:00,17098.826025370447,16913.412101714774,14253.629169841557
forecast_8487,2025-12-20 15:00:00,16627.727235355087,16828.326646443693,12281.573606375312
forecast_8488,2025-12-20 16:00:00,13432.289429865346,16132.650644435289,12081.741890784124
forecast_8489,2025-12-20 17:00:00,13221.172528113604,15350.95463559713,11051.239485091799
forecast_8490,2025-12-20 18:00:00,14382.632141099924,15132.660299161658,11073.581338703916
forecast_8491,2025-12-20 19:00:00,14646.807802020621,15728.79529079144,11003.98978817031
forecast_8492,2025-12-20 20:00:00,15237.759955275387,16244.87096647583,11763.177978201671
forecast_8493,2025-12-20 21:00:00,15945.76879872691,16963.88358227084,11245.020414972003
forecast_8494,2025-12-20 22:00:00,16463.68596705311,16698.289269412053,13971.381458448483
forecast_8495,2025-12-20 23:00:00,17278.019402316222,17661.737040283864,14342.280022931167
forecast_8496,2025-12-21 00:00:00,17425.587140925207,17893.318548212468,13650.770462211398
forecast_8497,2025-12-21 01:00:00,19908.783343396277,19571.685958997554,16898.942103015386
forecast_8498,2025-12-21 02:00:00,19999.236468083956,19852.387372655376,16794.41064588232
forecast_8499,2025-12-21 03:00:00,19877.50188311954,19714.51380590054,16898.282949262488
forecast_8500,2025-12-21 04:00:00,19933.00988875089,19440.217942695297,16699.44192304481
forecast_8501,2025-12-21 05:00:00,19014.14518956315,18981.278657797106,16463.66416146449
forecast_8502,2025-12-21 06:00:00,18457.997167204066,18994.244424905668,16182.43023025108
forecast_8503,2025-12-21 07:00:00,17845.995446295587,18486.24141010743,15517.291706865824
forecast_8504,2025-12-21 08:00:00,16400.19434981549,17459.681741386845,14576.317586419063
forecast_8505,2025-12-21 09:00:00,15178.867206310788,16949.640483491818,13023.070192717256
forecast_8506,2025-12-21 10:00:00,14555.054844171287,16642.748178027803,10810.683724079985
forecast_8507,2025-12-21 11:00:00,14301.86674246443,15782.749682198995,10704.006074317871
forecast_8508,2025-12-21 12:00:00,13093.075410605323,14178.901377491495,10013.448146541507
forecast_8509,2025-12-21 13:00:00,10591.527592333256,12247.249377852488,9015.00961826872
forecast_8510,2025-12-21 14:00:00,8265.543287137381,9010.792109792117,6656.7245142157735
forecast_8511,2025-12-21 15:00:00,5842.678873307252,6466.337044875586,4038.596467271042
forecast_8512,2025-12-21 16:00:00,4657.253802659773,4761.800891697521,3843.166506876075
forecast_8513,2025-12-21 17:00:00,4389.086839523825,4275.4674337448505,4135.672442167788
forecast_8514,2025-12-21 18:00:00,4608.849966266376,4439.07323801123,3982.639718713769
forecast_8515,2025-12-21 19:00:00,4994.532375548736,4402.01656083297,4068.146623752929
forecast_8516,2025-12-21 20:00:00,5347.736703968345,4659.262686579271,3760.8162058753387
forecast_8517,2025-12-21 21:00:00,4685.3008022752065,4257.954045179145,3802.191742016221
forecast_8518,2025-12-21 22:00:00,4248.4029322172455,3991.2132195130857,3721.794683855793
forecast_8519,2025-12-21 23:00:00,3854.863955383236,3645.991697801401,3697.229462240226
forecast_8520,2025-12-22 00:00:00,3809.3482661123426,3682.021179374605,3622.306166403316
forecast_8521,2025-12-22 01:00:00,3628.1181677020927,3585.3210752857403,3446.254116847702
forecast_8522,2025-12-22 02:00:00,3698.713403697108,3530.2612572634093,3278.3957160107316
forecast_8523,2025-12-22 03:00:00,3727.3019624732883,3258.227114668217,3218.2522839672774
forecast_8524,2025-12-22 04:00:00,3314.208166695376,3455.1956256791836,3227.680652147183
forecast_8525,2025-12-22 05:00:00,3391.4504368988464,3776.8015003613705,2698.4168546238416
forecast_8526,2025-12-22 06:00:00,3636.17588699636,3788.5139487329066,2837.7725953546887
forecast_8527,2025-12-22 07:00:00,3514.977125983711,3434.322417418877,2358.606244351663
forecast_8528,2025-12-22 08:00:00,3492.7045583323916,3683.983914620495,2314.057161899732
forecast_8529,2025-12-22 09:00:00,3452.628653507089,3620.169773818445,2309.2253719292034
forecast_8530,2025-12-22 10:00:00,3104.9451429777573,3474.3797350202726,1709.3860105996418
forecast_8531,2025-12-22 11:00:00,4244.464098093841,3555.581979247415,114.82557456660878
forecast_8532,2025-12-22 12:00:00,4067.629057115964,2480.710194708282,82.5251154452504
forecast_8533,2025-12-22 13:00:00,66.29998434770448,2440.4883098986015,44.465858298026205
forecast_8534,2025-12-22 14:00:00,2783.508120934685,2548.439550437884,35.01768815400702
forecast_8535,2025-12-22 15:00:00,2770.101533833042,2459.412541196714,16.596872568307926
forecast_8536,2025-12-22 16:00:00,31.019986025732628,3158.647616411827,6.247163759179698
forecast_8537,2025-12-22 17:00:00,7620.289919495755,8387.924276316222,2076.84622270971
forecast_8538,2025-12-22 18:00:00,4512.250968807956,5269.500100710755,2838.662843095488
forecast_8539,2025-12-22 19:00:00,4599.732123239552,4886.690799001184,4606.827627295496
forecast_8540,2025-12-22 20:00:00,3122.0138834747836,2899.4451023842244,4330.471375047697
forecast_8541,2025-12-22 21:00:00,3559.474145451833,3339.2937793599876,2886.86843516035
forecast_8542,2025-12-22 22:00:00,3839.4401504386856,3560.9047143306693,3209.849537252907
forecast_8543,2025-12-22 23:00:00,4276.0827679620215,4080.7573296764244,3392.6375510657663
forecast_8544,2025-12-23 00:00:00,4511.715988053623,4368.14566279794,3527.283973171141
forecast_8545,2025-12-23 01:00:00,5065.716610026913,5261.404232993218,3682.933266763925
forecast_8546,2025-12-23 02:00:00,5647.2669455530995,5834.772354688279,3822.2838334296725
forecast_8547,2025-12-23 03:00:00,5616.958677248982,5782.568326409312,3828.3986051868656
forecast_8548,2025-12-23 04:00:00,6191.905359933417,6633.9556770773315,3804.117533330845
forecast_8549,2025-12-23 05:00:00,6449.155482022556,6507.882362615118,3824.2964156894222
forecast_8550,2025-12-23 06:00:00,6985.359949122439,6863.822337762673,3955.350047621345
forecast_8551,2025-12-23 07:00:00,5380.975164429881,5702.261234533679,3797.976148548487
forecast_8552,2025-12-23 08:00:00,4732.620548680733,4878.473029537092,3798.617184031044
forecast_8553,2025-12-23 09:00:00,4986.515336958227,5368.745442992661,3830.6427118576953
forecast_8554,2025-12-23 10:00:00,6105.720459955764,7004.206572495208,4043.6136454603843
forecast_8555,2025-12-23 11:00:00,5776.970375277935,7351.959890515331,5094.514215542972
forecast_8556,2025-12-23 12:00:00,6260.678058312932,7795.350001572659,4769.565092462221
forecast_8557,2025-12-23 13:00:00,5629.244471778782,6836.162098310886,4290.044788853435
forecast_8558,2025-12-23 14:00:00,6829.51628255346,6516.625050779107,4136.32985142963
forecast_8559,2025-12-23 15:00:00,6761.748124052014,6564.574057645877,4158.088495334852
forecast_8560,2025-12-23 16:00:00,6244.462188596208,6661.889801560811,4611.550227609053
forecast_8561,2025-12-23 17:00:00,6154.075304114867,6708.089374396282,4611.428784293951
forecast_8562,2025-12-23 18:00:00,6582.902676845817,8150.606397632828,4601.308439745492
forecast_8563,2025-12-23 19:00:00,8439.373548436144,10135.491085418938,5152.57939670831
forecast_8564,2025-12-23 20:00:00,9704.109840561898,10940.360079987982,5177.2020371494355
forecast_8565,2025-12-23 21:00:00,9626.585946961332,11742.0206471721,5561.883540880368
forecast_8566,2025-12-23 22:00:00,9699.969551747745,12360.780049942312,5787.687486371691
forecast_8567,2025-12-23 23:00:00,8920.746809426399,10498.373764204349,5895.12371386937
forecast_8568,2025-12-24 00:00:00,8762.479091257139,10422.197066681862,5662.745047352176
forecast_8569,2025-12-24 01:00:00,6696.106672411241,7472.992671250092,4718.7541019899245
forecast_8570,2025-12-24 02:00:00,5929.893442381059,6203.825059065318,4488.265089926231
forecast_8571,2025-12-24 03:00:00,4864.699822947086,5185.86277500747,3999.082138969044
forecast_8572,2025-12-24 04:00:00,3910.5983480527407,4023.3140058754725,4176.742399464489
forecast_8573,2025-12-24 05:00:00,3804.4800948307434,3799.8366575746772,3562.0293876281244
forecast_8574,2025-12-24 06:00:00,3911.5822077522344,3842.6301872641952,3547.000799239073
forecast_8575,2025-12-24 07:00:00,3692.823957032887,3626.4237615942743,3065.3438503021925
forecast_8576,2025-12-24 08:00:00,3664.129336967731,3647.3592433410686,3263.457160392629
forecast_8577,2025-12-24 09:00:00,3629.018167551629,3343.9385089232583,3453.918631087223
forecast_8578,2025-12-24 10:00:00,3901.4314326116587,3577.2786724798007,2828.2531064640916
forecast_8579,2025-12-24 11:00:00,3469.6144313770787,3759.5753187469654,2856.76799396552
forecast_8580,2025-12-24 12:00:00,3525.203679440177,3111.465553563567,3120.157450737753
forecast_8581,2025-12-24 13:00:00,3675.569527703268,3194.4951743039555,3119.6753913455727
forecast_8582,2025-12-24 14:00:00,4232.871596976555,3750.0118026377386,1797.2326666516851
forecast_8583,2025-12-24 15:00:00,3713.327827923764,3107.6664024286174,2335.640798992204
forecast_8584,2025-12-24 16:00:00,4287.288711327066,3456.237119563983,2526.744004625993
forecast_8585,2025-12-24 17:00:00,4156.649776297245,4016.025748378377,2765.6193071957064
forecast_8586,2025-12-24 18:00:00,3966.114497804729,4053.3229398318686,2858.3723812575918
forecast_8587,2025-12-24 19:00:00,4843.798564624053,4838.696984452967,2935.062646938941
forecast_8588,2025-12-24 20:00:00,4517.922750752445,4428.671605732811,3599.233352065521
forecast_8589,2025-12-24 21:00:00,3921.0589782608063,3533.1635326914457,3803.9187813092567
forecast_8590,2025-12-24 22:00:00,4346.209002228554,3696.612938399465,3404.4656190076303
forecast_8591,2025-12-24 23:00:00,3695.1608112549347,3765.3129243992576,3587.24955386587
forecast_8592,2025-12-25 00:00:00,3803.8171241570353,3885.124887170502,3603.501271022301
forecast_8593,2025-12-25 01:00:00,4485.1031070291565,3944.9681419985845,4846.6572620010575
forecast_8594,2025-12-25 02:00:00,5141.319603317086,5495.932626546417,3825.9690945461325
forecast_8595,2025-12-25 03:00:00,6050.351433896579,6011.397280521339,4056.509880390555
forecast_8596,2025-12-25 04:00:00,7857.800362709129,7992.226437377559,4856.22772163864
forecast_8597,2025-12-25 05:00:00,9151.468721802405,9402.153623545071,5316.4322843221125
forecast_8598,2025-12-25 06:00:00,10486.6893821574,11438.031682278994,6597.555913428371
forecast_8599,2025-12-25 07:00:00,12109.598273400314,13576.077708960778,8325.042017092583
forecast_8600,2025-12-25 08:00:00,14217.191943177693,17069.78710089364,10618.554346782003
forecast_8601,2025-12-25 09:00:00,15671.6345657791,17389.353516297702,12555.479092039102
forecast_8602,2025-12-25 10:00:00,15331.72631155263,17533.44060184455,12646.53455089757
forecast_8603,2025-12-25 11:00:00,15029.647745610397,16801.103282247008,12112.533650778483
forecast_8604,2025-12-25 12:00:00,14633.640066630938,16188.917220485142,10476.395071220413
forecast_8605,2025-12-25 13:00:00,14300.87540368692,16477.994503918017,9622.231877158692
forecast_8606,2025-12-25 14:00:00,14596.972826382502,16753.99045370148,9959.802495773234
forecast_8607,2025-12-25 15:00:00,14597.29465002059,16631.243453914998,11108.458149914419
forecast_8608,2025-12-25 16:00:00,14846.243271663412,16759.107046944868,12088.13665270182
forecast_8609,2025-12-25 17:00:00,14960.991567292534,16922.534710962653,11733.437296313126
forecast_8610,2025-12-25 18:00:00,14899.289828844725,16801.305522350653,11706.362212516478
forecast_8611,2025-12-25 19:00:00,14660.26699229879,16807.711313862113,12290.234928909875
forecast_8612,2025-12-25 20:00:00,14857.471955762006,17048.546516002963,13156.733514110814
forecast_8613,2025-12-25 21:00:00,14696.889204369192,17196.821844745857,12938.38225013094
forecast_8614,2025-12-25 22:00:00,14926.059285307063,17166.515643128474,13098.32292077872
forecast_8615,2025-12-25 23:00:00,15014.42126577744,17668.369341301343,13410.047343246702
forecast_8616,2025-12-26 00:00:00,15338.80342591882,17587.521795511406,13604.135705749033
forecast_8617,2025-12-26 01:00:00,16344.206072113422,18510.64499820318,13686.72672907954
forecast_8618,2025-12-26 02:00:00,16477.55323128876,18527.443892260562,13401.047699894369
forecast_8619,2025-12-26 03:00:00,16623.234479713657,18019.15889677157,13621.444027203133
forecast_8620,2025-12-26 04:00:00,16795.31206337952,17898.196164318873,13600.266300590834
forecast_8621,2025-12-26 05:00:00,17071.92897286473,17830.183014131246,13934.618789420745
forecast_8622,2025-12-26 06:00:00,17689.050069475372,18724.704018743032,14149.674115414042
forecast_8623,2025-12-26 07:00:00,17976.33687022851,18832.66850731777,14245.864667091419
forecast_8624,2025-12-26 08:00:00,18063.23206508041,18732.692328869252,13476.843313458485
forecast_8625,2025-12-26 09:00:00,17628.22923896976,18204.11116703231,12405.211075175657
forecast_8626,2025-12-26 10:00:00,15208.456282128713,17472.349572898842,11974.949666859928
forecast_8627,2025-12-26 11:00:00,13690.92434408697,15793.08330159498,10260.139854542724
forecast_8628,2025-12-26 12:00:00,12365.651792398137,13695.41525130964,9195.40259069759
forecast_8629,2025-12-26 13:00:00,11607.851376351797,12526.567302380807,8552.496075965839
forecast_8630,2025-12-26 14:00:00,11359.918755689832,12082.611364776041,9037.650876155
forecast_8631,2025-12-26 15:00:00,11417.100080519216,11997.356791692162,9192.853528948177
forecast_8632,2025-12-26 16:00:00,11890.954808464932,12716.100334583904,8818.275804864754
forecast_8633,2025-12-26 17:00:00,12685.726812184577,13559.119476804668,9302.972109329505
forecast_8634,2025-12-26 18:00:00,12452.445700852571,13348.972923649404,9360.45006510439
forecast_8635,2025-12-26 19:00:00,13988.668378979957,14911.461234377553,10056.639540269858
forecast_8636,2025-12-26 20:00:00,15179.090442056184,16252.91224451089,11451.497308339845
forecast_8637,2025-12-26 21:00:00,17656.723757281838,17948.64202757412,13210.277059195005
forecast_8638,2025-12-26 22:00:00,18454.968457574807,18739.65237371554,13966.659335832812
forecast_8639,2025-12-26 23:00:00,19109.374960144505,19846.709832970428,13722.327463595857
forecast_8640,2025-12-27 00:00:00,19108.873258051266,19802.853409938038,13653.681611784521
forecast_8641,2025-12-27 01:00:00,19897.170914344948,20331.58154750563,14599.265104830365
forecast_8642,2025-12-27 02:00:00,19892.22941964646,19911.670308913897,14416.61714591592
forecast_8643,2025-12-27 03:00:00,19759.322008288917,19883.669643820667,14146.921441759863
forecast_8644,2025-12-27 04:00:00,18953.7426981817,19878.566617854824,14141.93702649259
forecast_8645,2025-12-27 05:00:00,18919.726577287485,19884.782457060748,14163.317388188781
forecast_8646,2025-12-27 06:00:00,18756.41718158514,19681.326546589855,14123.60565013038
forecast_8647,2025-12-27 07:00:00,18794.652425595177,19339.194366034473,14363.403136530103
forecast_8648,2025-12-27 08:00:00,18253.34470693647,18835.551379830835,14382.218217179103
forecast_8649,2025-12-27 09:00:00,17478.43495333586,18167.700548204455,14375.790206927266
forecast_8650,2025-12-27 10:00:00,15768.67272102806,17502.629503616554,13311.892116581519
forecast_8651,2025-12-27 11:00:00,15331.013966719736,17246.743458494188,12995.507003868648
forecast_8652,2025-12-27 12:00:00,15325.982032819004,16733.249176235146,12680.963950244968
forecast_8653,2025-12-27 13:00:00,15747.345972898242,16767.554838136017,13334.3242016219
forecast_8654,2025-12-27 14:00:00,15754.491647581208,16832.898344328263,13442.780206788644
forecast_8655,2025-12-27 15:00:00,15667.248306204148,16568.61815489133,13206.238029463717
forecast_8656,2025-12-27 16:00:00,15186.362579302566,16934.003029372878,13505.07809128633
forecast_8657,2025-12-27 17:00:00,15053.477598140587,17175.366868448404,14085.177139967485
forecast_8658,2025-12-27 18:00:00,15762.27345276844,17662.157335654694,15177.558890979737
forecast_8659,2025-12-27 19:00:00,16450.450330316173,18247.132114157193,15826.067492256216
forecast_8660,2025-12-27 20:00:00,17730.155075749914,18387.75534439255,16216.845634304162
forecast_8661,2025-12-27 21:00:00,18057.808159155786,19856.056449973523,16465.941801558612
forecast_8662,2025-12-27 22:00:00,18571.557925764344,19926.251240844922,16773.053712747085
forecast_8663,2025-12-27 23:00:00,18534.0648646391,19919.877994788934,16946.11229885989
forecast_8664,2025-12-28 00:00:00,18586.323262835627,19883.248451795433,17021.47055571775
forecast_8665,2025-12-28 01:00:00,19538.84576621857,20253.033527186482,17404.234989946966
forecast_8666,2025-12-28 02:00:00,19888.45497675578,20161.310408412737,17628.39025345045
forecast_8667,2025-12-28 03:00:00,19908.911506628083,20292.270793155036,17691.97462775684
forecast_8668,2025-12-28 04:00:00,19984.50739022328,20338.31269843481,17677.695097424104
forecast_8669,2025-12-28 05:00:00,20007.14318769781,20330.025175323575,17680.87812270962
forecast_8670,2025-12-28 06:00:00,19955.633839571048,20248.327532481395,17646.7078917095
forecast_8671,2025-12-28 07:00:00,19975.943534491635,20269.123590232055,17697.167512522417
forecast_8672,2025-12-28 08:00:00,19896.190879062644,20269.526645372604,17658.917913319623
forecast_8673,2025-12-28 09:00:00,19412.556323047105,19888.418324981958,17351.889103990965
forecast_8674,2025-12-28 10:00:00,18292.61949212243,19203.390698604493,17034.21023554089
forecast_8675,2025-12-28 11:00:00,16277.781878508544,17786.666773673976,16559.207301812716
forecast_8676,2025-12-28 12:00:00,15396.622063618493,16359.342246206988,15397.091790238645
forecast_8677,2025-12-28 13:00:00,15914.005981574788,16797.13848862625,15073.92736584559
forecast_8678,2025-12-28 14:00:00,15469.851360960483,16101.620291561409,13985.232277909867
forecast_8679,2025-12-28 15:00:00,15416.674654745146,16936.77973204674,12872.332786486862
forecast_8680,2025-12-28 16:00:00,15862.026609418337,16947.433746059727,13098.596840928902
forecast_8681,2025-12-28 17:00:00,16036.019415572164,17241.14225711307,13363.897894738184
forecast_8682,2025-12-28 18:00:00,15492.218183467885,16992.532278548257,13226.052437321427
forecast_8683,2025-12-28 19:00:00,15208.908787862934,17117.095221728767,13058.091617869404
forecast_8684,2025-12-28 20:00:00,14762.479698078396,17256.326678630165,13176.888008759388
forecast_8685,2025-12-28 21:00:00,16056.575846020112,17089.063361137487,14028.70663074844
forecast_8686,2025-12-28 22:00:00,16410.0810433818,17571.075774607943,14456.634286537128
forecast_8687,2025-12-28 23:00:00,17151.24300148075,18341.031607680034,14852.719222094755
forecast_8688,2025-12-29 00:00:00,17045.84725096597,18233.636405720743,15491.727622798653
forecast_8689,2025-12-29 01:00:00,18362.022660258117,19828.131732317528,16286.034462416153
forecast_8690,2025-12-29 02:00:00,18296.449062140982,19456.98921464789,16977.44602806831
forecast_8691,2025-12-29 03:00:00,19112.594824331925,19745.855784563868,17189.91386879369
forecast_8692,2025-12-29 04:00:00,19077.344499534323,19670.0156063863,17388.132018089193
forecast_8693,2025-12-29 05:00:00,19846.081584675467,19877.67038421935,17396.90312122231
forecast_8694,2025-12-29 06:00:00,18985.912794680986,19889.02733621482,17137.38940709567
forecast_8695,2025-12-29 07:00:00,18691.95172020302,19662.052916013985,17182.116855521155
forecast_8696,2025-12-29 08:00:00,19213.25886683836,19416.27374345638,17157.976814259604
forecast_8697,2025-12-29 09:00:00,18659.220250974387,19058.186227005826,15935.480822220008
forecast_8698,2025-12-29 10:00:00,18534.20516536905,19825.397065732388,15905.087452653965
forecast_8699,2025-12-29 11:00:00,18243.73938495901,19885.48601536308,16004.263130004545
forecast_8700,2025-12-29 12:00:00,18485.240855766588,19886.077885597384,16005.823068111611
forecast_8701,2025-12-29 13:00:00,18454.472552473344,20040.122966577146,15870.029242468177
forecast_8702,2025-12-29 14:00:00,17854.34762763365,18471.750583603593,15618.788620405732
forecast_8703,2025-12-29 15:00:00,17430.918431672344,17954.55318189495,15533.206733298208
forecast_8704,2025-12-29 16:00:00,17116.269449192638,17828.710199345198,15419.975298853633
forecast_8705,2025-12-29 17:00:00,17450.637047027205,18337.32301473521,15481.883627711828
forecast_8706,2025-12-29 18:00:00,17722.009183970822,18562.09612675481,15519.937076245
forecast_8707,2025-12-29 19:00:00,17607.06742463721,18271.525870016634,15123.128031449043
forecast_8708,2025-12-29 20:00:00,16973.30799958652,17962.048522159323,14282.263677720055
forecast_8709,2025-12-29 21:00:00,16080.360495761724,17331.45911085916,14129.498132727002
forecast_8710,2025-12-29 22:00:00,15013.146946704035,17824.79240208597,13637.907496815042
forecast_8711,2025-12-29 23:00:00,16637.424728421418,17813.97499092651,12984.354373854747
forecast_8712,2025-12-30 00:00:00,17194.204623731093,17812.564446185545,12652.158110631553
forecast_8713,2025-12-30 01:00:00,16263.004963245932,15434.565481033578,8995.92441785729
forecast_8714,2025-12-30 02:00:00,12672.762409601732,15009.784029687564,8922.351952238192
forecast_8715,2025-12-30 03:00:00,15204.842146692885,14679.435307036649,9097.872922182914
forecast_8716,2025-12-30 04:00:00,15346.731350237022,14328.609994884173,8355.9456026821
forecast_8717,2025-12-30 05:00:00,15062.91898808893,14413.682081618992,8082.5037760096
forecast_8718,2025-12-30 06:00:00,12094.09556755488,13335.13505107793,7678.972935570226
forecast_8719,2025-12-30 07:00:00,11686.339514672587,12697.757168009975,7273.37382199693
forecast_8720,2025-12-30 08:00:00,11043.955587423727,11843.23255654798,6670.189904175333
forecast_8721,2025-12-30 09:00:00,11118.012214581167,12285.960494441815,6730.700351454828
forecast_8722,2025-12-30 10:00:00,10729.33738799593,11797.876560099392,7064.777493787829
forecast_8723,2025-12-30 11:00:00,10830.481787054616,11831.396484447023,7593.359609710382
forecast_8724,2025-12-30 12:00:00,11193.617478501537,11754.475740228188,7451.983863680201
forecast_8725,2025-12-30 13:00:00,11804.981500999997,12425.210378906331,7936.480457056135
forecast_8726,2025-12-30 14:00:00,12196.619699572766,12308.443018208334,8632.884805998076
forecast_8727,2025-12-30 15:00:00,12961.950766106256,12771.47536275228,8738.615286669943
forecast_8728,2025-12-30 16:00:00,12975.008108953301,13797.030468138242,8968.675051956867
forecast_8729,2025-12-30 17:00:00,13286.281462392188,14151.471462870193,9405.72388099588
forecast_8730,2025-12-30 18:00:00,12928.224420594757,13931.625107449778,9558.485550205853
forecast_8731,2025-12-30 19:00:00,12988.224005406626,14504.443114309637,9737.176440182442
forecast_8732,2025-12-30 20:00:00,12958.821420698945,14891.205136128938,10088.759227272436
forecast_8733,2025-12-30 21:00:00,13367.625712384292,15288.158535502946,11018.424978597175
forecast_8734,2025-12-30 22:00:00,13642.446559395745,15471.612804999277,11851.327254409098
forecast_8735,2025-12-30 23:00:00,13792.069313354074,15580.381522185313,12436.098463108365
forecast_8736,2025-12-31 00:00:00,13922.953071960439,15744.319456964115,12461.189395172485
forecast_8737,2025-12-31 01:00:00,14656.997556224112,17082.548669439435,12999.918907771562
forecast_8738,2025-12-31 02:00:00,14792.409489646923,17331.8378078164,12716.821524296842
forecast_8739,2025-12-31 03:00:00,15091.749203869396,17505.359567076146,12883.226340676945
forecast_8740,2025-12-31 04:00:00,15099.666688951349,17604.973526441634,12471.800066898099
forecast_8741,2025-12-31 05:00:00,15576.485484897063,17993.88276629387,12815.348951925605
forecast_8742,2025-12-31 06:00:00,16199.890714795907,17600.7700854962,12689.11214157611
forecast_8743,2025-12-31 07:00:00,15965.981547398951,17416.175630954902,12091.690442125955
forecast_8744,2025-12-31 08:00:00,15385.262038554085,17331.2137662814,11943.798081553721
forecast_8745,2025-12-31 09:00:00,14392.268636693881,16151.506762773217,11134.002877540659
forecast_8746,2025-12-31 10:00:00,13683.733325695603,15320.157632849296,10405.240084452407
forecast_8747,2025-12-31 11:00:00,12706.02583950063,14139.334912056354,11000.65955417172
forecast_8748,2025-12-31 12:00:00,11610.400073998266,12533.340608145247,10312.516033848508
forecast_8749,2025-12-31 13:00:00,10229.649749362643,11654.894401781314,7869.677095870017
forecast_8750,2025-12-31 14:00:00,9736.264871981906,10573.680253011633,7582.380946856345
forecast_8751,2025-12-31 15:00:00,9956.23414860602,10691.82859589294,7739.034032686988
forecast_8752,2025-12-31 16:00:00,10120.661422703792,10916.227766528538,7922.660308786373
forecast_8753,2025-12-31 17:00:00,10061.077637358838,10952.567107569952,8366.131351096183
forecast_8754,2025-12-31 18:00:00,10252.755584693987,11405.418840541593,8646.211115452295
forecast_8755,2025-12-31 19:00:00,11076.147807475969,12709.75670470051,9407.03410194632
forecast_8756,2025-12-31 20:00:00,11672.741956792801,13124.999426725633,9923.259929217103
forecast_8757,2025-12-31 21:00:00,13245.900384675748,15651.993726091108,11071.341645933457
forecast_8758,2025-12-31 22:00:00,14721.027924423526,16391.353440194132,12123.819749125814
forecast_8759,2025-12-31 23:00:00,15796.16729762174,17314.124832632813,11900.495508974496
forecast_8760,2026-01-01 00:00:00,16031.083748194536,17442.352668778025,12344.281233980964
