forecast_id,forecast_kst_dtm,kpx_group_1,kpx_group_2,kpx_group_3
forecast_0001,2025-01-01 01:00:00,18753.157849064308,18882.037198133374,16161.47696547889
forecast_0002,2025-01-01 02:00:00,18379.131421711118,18600.454466994088,17074.03387172808
forecast_0003,2025-01-01 03:00:00,17902.85945420342,18611.215351504674,17814.78800743193
forecast_0004,2025-01-01 04:00:00,17879.19778010942,18378.804814236075,18073.598891043777
forecast_0005,2025-01-01 05:00:00,17586.565432977033,17981.07379007368,17507.704973289936
forecast_0006,2025-01-01 06:00:00,17321.92090667053,17874.11667142076,17075.231965499912
forecast_0007,2025-01-01 07:00:00,16663.487345476686,17388.61276802317,15382.115463371747
forecast_0008,2025-01-01 08:00:00,15983.352881329463,16985.033947139156,14382.739538092905
forecast_0009,2025-01-01 09:00:00,15538.31578994994,16447.9338209986,13376.539437091367
forecast_0010,2025-01-01 10:00:00,15409.725235769702,16506.976210588564,13045.806907760943
forecast_0011,2025-01-01 11:00:00,15270.036419707738,16856.900795843136,12034.219141970565
forecast_0012,2025-01-01 12:00:00,15964.036496759338,16947.879172914058,11826.169698949247
forecast_0013,2025-01-01 13:00:00,15792.301171631516,16821.927274318565,11453.071156733768
forecast_0014,2025-01-01 14:00:00,15563.078373472801,15914.68927326134,11288.745797272424
forecast_0015,2025-01-01 15:00:00,14854.229896645067,15834.513286612682,10767.182456290191
forecast_0016,2025-01-01 16:00:00,14452.354159827784,15417.415194382434,11004.2373245522
forecast_0017,2025-01-01 17:00:00,14166.782911705026,14949.626785342822,11270.14647816529
forecast_0018,2025-01-01 18:00:00,14281.439491684809,15461.879417977503,11955.641540614191
forecast_0019,2025-01-01 19:00:00,14968.05405806731,15914.968194258221,12892.01877088837
forecast_0020,2025-01-01 20:00:00,15357.765608640726,16339.788125330486,13896.95235816996
forecast_0021,2025-01-01 21:00:00,15971.814194778459,16719.918969265786,14330.939192360138
forecast_0022,2025-01-01 22:00:00,16184.294913501362,16844.03475840749,14486.710435814344
forecast_0023,2025-01-01 23:00:00,17147.40900817417,16867.53483240892,14130.438307365464
forecast_0024,2025-01-02 00:00:00,16945.67535304493,16993.669270005463,13921.121147914593
forecast_0025,2025-01-02 01:00:00,15202.68828750921,15934.962585894125,9442.265720128255
forecast_0026,2025-01-02 02:00:00,14542.078074000767,15507.84643991609,9588.178447921668
forecast_0027,2025-01-02 03:00:00,13552.535827792728,14890.680685508922,9013.339268596554
forecast_0028,2025-01-02 04:00:00,12259.428390285368,13720.533079589339,8555.887325451287
forecast_0029,2025-01-02 05:00:00,10926.463187281577,12170.125683442866,7931.335060623628
forecast_0030,2025-01-02 06:00:00,9916.981322597807,10809.598745728768,7142.0470102731815
forecast_0031,2025-01-02 07:00:00,9359.90014405828,10022.141389273933,6522.062353139458
forecast_0032,2025-01-02 08:00:00,8719.553072963357,9272.571042689024,6282.796584858137
forecast_0033,2025-01-02 09:00:00,7414.508752505982,8014.5582135831855,5231.9453171272135
forecast_0034,2025-01-02 10:00:00,5822.202739067707,6471.5234739919,4404.839514218575
forecast_0035,2025-01-02 11:00:00,6032.6610605206315,5663.3083076904595,4052.97708143493
forecast_0036,2025-01-02 12:00:00,5557.634459665932,5557.1335868732,3874.4341689789
forecast_0037,2025-01-02 13:00:00,5053.730694230754,4810.289652226092,3800.7707741301933
forecast_0038,2025-01-02 14:00:00,5626.035354283086,5465.493474172526,4226.691906675572
forecast_0039,2025-01-02 15:00:00,6400.196772665963,6287.837259805679,5005.161793461162
forecast_0040,2025-01-02 16:00:00,7235.238427323954,6870.5598084978965,5222.842025467768
forecast_0041,2025-01-02 17:00:00,7585.294650474758,7621.022731908502,5600.963174369409
forecast_0042,2025-01-02 18:00:00,8624.869715582558,8596.916794113193,6381.985594873012
forecast_0043,2025-01-02 19:00:00,8608.77628628113,9494.263977934703,6817.370880084765
forecast_0044,2025-01-02 20:00:00,9231.898064697436,10149.822991649919,7274.8927963985425
forecast_0045,2025-01-02 21:00:00,9529.878182338149,10504.454065374744,7467.630804349253
forecast_0046,2025-01-02 22:00:00,9869.406575084284,11023.626239236213,8121.53727146894
forecast_0047,2025-01-02 23:00:00,10711.044752946105,12022.58652063053,8752.375397852904
forecast_0048,2025-01-03 00:00:00,11752.683232633603,13054.050279288753,8784.647753912874
forecast_0049,2025-01-03 01:00:00,12335.495398954366,13948.96342885511,9850.07857072912
forecast_0050,2025-01-03 02:00:00,12947.313079190406,14515.352690512773,10147.25491130487
forecast_0051,2025-01-03 03:00:00,14315.3455626206,15290.638402362774,10619.227983479785
forecast_0052,2025-01-03 04:00:00,14693.932181197215,15885.809070244573,10516.614617800435
forecast_0053,2025-01-03 05:00:00,13879.107003843958,15044.667458758779,10616.363735227269
forecast_0054,2025-01-03 06:00:00,13345.066287125157,14466.10048661414,10655.217873670268
forecast_0055,2025-01-03 07:00:00,12839.848878974337,13044.795749709692,10601.101876328283
forecast_0056,2025-01-03 08:00:00,12506.967473982468,11756.801584691186,10077.320571823839
forecast_0057,2025-01-03 09:00:00,11621.69484206629,13378.314441177952,10052.464242043467
forecast_0058,2025-01-03 10:00:00,12075.841149744378,13636.401555853854,9990.382976173521
forecast_0059,2025-01-03 11:00:00,11869.722378738965,12596.76010588272,10095.76397959695
forecast_0060,2025-01-03 12:00:00,12668.67496737126,12193.735331989603,9878.855538064732
forecast_0061,2025-01-03 13:00:00,13106.297020313015,12842.908336499784,9844.580839889042
forecast_0062,2025-01-03 14:00:00,13157.575201044621,13049.958101397655,9944.185916722963
forecast_0063,2025-01-03 15:00:00,13466.698617588632,13139.602988980014,10292.093291794816
forecast_0064,2025-01-03 16:00:00,13507.781667660187,12863.61515229849,10468.200322903058
forecast_0065,2025-01-03 17:00:00,12373.482590386498,12998.57460431197,9835.077137512399
forecast_0066,2025-01-03 18:00:00,11357.141819487977,12089.276521720314,9173.1651377215
forecast_0067,2025-01-03 19:00:00,11708.026678229611,12652.447802578343,9010.370145924126
forecast_0068,2025-01-03 20:00:00,12531.590907480691,14055.38651004992,10014.048208005843
forecast_0069,2025-01-03 21:00:00,12355.590271973368,14849.244342659817,11000.15085465695
forecast_0070,2025-01-03 22:00:00,11835.259492071824,14209.315580607394,10877.79434617876
forecast_0071,2025-01-03 23:00:00,11566.86107882742,13196.191521218272,10300.260501385239
forecast_0072,2025-01-04 00:00:00,11607.015976229886,12777.172392256385,10282.957345744106
forecast_0073,2025-01-04 01:00:00,14866.604816971902,15282.037809435726,12603.034183770505
forecast_0074,2025-01-04 02:00:00,14678.954442664974,15004.897751548304,12578.42996210305
forecast_0075,2025-01-04 03:00:00,15610.247840918042,16174.653879348236,12556.632523909571
forecast_0076,2025-01-04 04:00:00,15850.897952521353,16535.66874906114,13019.150165546338
forecast_0077,2025-01-04 05:00:00,16182.734707393322,17027.7822108105,13059.111071196023
forecast_0078,2025-01-04 06:00:00,16666.096459677992,17906.402722260496,12992.897873596672
forecast_0079,2025-01-04 07:00:00,16914.89243737395,17730.117387649727,13004.264415211068
forecast_0080,2025-01-04 08:00:00,16745.674692118504,17336.922579562313,11872.105902061128
forecast_0081,2025-01-04 09:00:00,15479.560998702997,16248.485074146078,10915.10146182168
forecast_0082,2025-01-04 10:00:00,13678.121631378084,14188.956017762064,9507.104844738502
forecast_0083,2025-01-04 11:00:00,12121.839829432289,12621.215021337322,8843.654846377416
forecast_0084,2025-01-04 12:00:00,11303.46165324346,11856.561556151271,9285.627960107684
forecast_0085,2025-01-04 13:00:00,11002.441832226368,11675.328203755465,9124.795990713403
forecast_0086,2025-01-04 14:00:00,10773.110813033301,11464.157596841666,8677.656243090234
forecast_0087,2025-01-04 15:00:00,10882.06771662137,11359.16381212282,8797.838720420765
forecast_0088,2025-01-04 16:00:00,11231.794540129502,12002.584047969982,9322.919460913217
forecast_0089,2025-01-04 17:00:00,12429.488671753905,13303.232047244288,9870.893174144567
forecast_0090,2025-01-04 18:00:00,13781.838891700492,14353.09197945292,10977.005970421898
forecast_0091,2025-01-04 19:00:00,14609.177456549307,16407.098865257853,11832.161273572801
forecast_0092,2025-01-04 20:00:00,15819.79198127831,17091.244356911844,12845.54460929641
forecast_0093,2025-01-04 21:00:00,16564.737768264822,17939.389854299927,14528.766817575159
forecast_0094,2025-01-04 22:00:00,17385.069325827546,18385.367125734898,16084.460814288288
forecast_0095,2025-01-04 23:00:00,18422.89701853729,18766.158770858605,17090.931876892282
forecast_0096,2025-01-05 00:00:00,18803.553649688292,19093.8866490836,17258.053766725425
forecast_0097,2025-01-05 01:00:00,18138.910739344014,18496.327780422187,14547.198023575962
forecast_0098,2025-01-05 02:00:00,18021.584785828138,18446.288044874058,14332.94549118677
forecast_0099,2025-01-05 03:00:00,17308.10733489143,17997.898565864954,13432.28500354358
forecast_0100,2025-01-05 04:00:00,16090.462541401912,16633.492424961692,12015.22930865941
forecast_0101,2025-01-05 05:00:00,14635.80657232219,15409.352148509153,9971.689289917304
forecast_0102,2025-01-05 06:00:00,13775.53147858762,14608.101171872324,9445.55649708463
forecast_0103,2025-01-05 07:00:00,13892.1639043169,15441.305909069853,9303.878843075592
forecast_0104,2025-01-05 08:00:00,14304.470292122422,17063.793498379116,10374.164218080447
forecast_0105,2025-01-05 09:00:00,14236.73376509048,17017.113516958172,11682.070231804702
forecast_0106,2025-01-05 10:00:00,15296.318386270408,16927.99770470039,14053.33532364067
forecast_0107,2025-01-05 11:00:00,16894.81061765251,17917.697494461,15121.398044198051
forecast_0108,2025-01-05 12:00:00,17367.771334088193,17983.368846207693,15920.283440554698
forecast_0109,2025-01-05 13:00:00,16347.831446021848,18054.853604546857,14083.64338489654
forecast_0110,2025-01-05 14:00:00,15817.272790192159,17427.61110851383,13005.321768017016
forecast_0111,2025-01-05 15:00:00,15431.33758784166,17532.866417493067,12384.878191574446
forecast_0112,2025-01-05 16:00:00,14679.737443994043,17418.750046108547,11502.7530658599
forecast_0113,2025-01-05 17:00:00,14218.81252241883,16259.041271263992,11365.000240617286
forecast_0114,2025-01-05 18:00:00,14226.11011062084,15490.773282170567,11552.081748084269
forecast_0115,2025-01-05 19:00:00,14448.84381281283,15802.788479234307,13457.962754503893
forecast_0116,2025-01-05 20:00:00,14369.978478314411,15738.2532104461,13632.358412487307
forecast_0117,2025-01-05 21:00:00,14474.942592120917,14888.828477599398,13477.170418524656
forecast_0118,2025-01-05 22:00:00,14400.755149413424,14431.206753016186,13320.503358469798
forecast_0119,2025-01-05 23:00:00,14291.47093195671,14096.439744402918,12795.872845284035
forecast_0120,2025-01-06 00:00:00,12703.22892102024,14015.539858163118,11382.313362204042
forecast_0121,2025-01-06 01:00:00,11142.715775897055,12332.28464990536,8260.103501666792
forecast_0122,2025-01-06 02:00:00,11446.926356596936,12159.732681307263,8143.213086045831
forecast_0123,2025-01-06 03:00:00,11327.778639680939,11865.854169604838,7193.299399846366
forecast_0124,2025-01-06 04:00:00,10126.465928506852,11567.784834556425,6245.315126050952
forecast_0125,2025-01-06 05:00:00,8699.8533088195,9885.925834658303,5780.419628543774
forecast_0126,2025-01-06 06:00:00,6813.676803430721,8004.743628314637,4911.47355889651
forecast_0127,2025-01-06 07:00:00,5187.599265182115,5686.041676601476,4062.8419706955733
forecast_0128,2025-01-06 08:00:00,5312.297335473371,5485.129502473582,3728.654197583114
forecast_0129,2025-01-06 09:00:00,4970.665073986337,5323.468127620058,4083.6709278610915
forecast_0130,2025-01-06 10:00:00,6244.637940705517,6453.890248913182,5275.9500634255355
forecast_0131,2025-01-06 11:00:00,6970.231629715787,7214.530157110223,5508.662228089058
forecast_0132,2025-01-06 12:00:00,7710.285485800699,7887.467332973687,5994.898441958134
forecast_0133,2025-01-06 13:00:00,8414.252897375882,8283.84658474395,7177.634114676257
forecast_0134,2025-01-06 14:00:00,8930.731347346858,9405.296033910221,7439.925334915895
forecast_0135,2025-01-06 15:00:00,10136.983179074949,10761.899139152765,7884.0771648281725
forecast_0136,2025-01-06 16:00:00,10436.560138682766,11100.778796588065,8543.064337289683
forecast_0137,2025-01-06 17:00:00,11974.443265379141,12860.79845533017,9679.687157367282
forecast_0138,2025-01-06 18:00:00,13019.745868199469,13984.178183277412,10552.376712528627
forecast_0139,2025-01-06 19:00:00,13897.019321843543,15608.199111681226,11722.529767466207
forecast_0140,2025-01-06 20:00:00,14214.203816259918,15260.92655701117,12228.24047887994
forecast_0141,2025-01-06 21:00:00,14670.970165063762,16125.340056392597,12744.51186580444
forecast_0142,2025-01-06 22:00:00,15192.488575706173,17648.686904646605,12844.447915606628
forecast_0143,2025-01-06 23:00:00,15858.373886165076,18358.17278642555,13732.703355982048
forecast_0144,2025-01-07 00:00:00,16098.650439344456,18099.448267972864,14601.332516592498
forecast_0145,2025-01-07 01:00:00,16677.262544734993,19035.093228275255,16683.89397512279
forecast_0146,2025-01-07 02:00:00,16651.12923139581,19619.56364186374,16996.569902460127
forecast_0147,2025-01-07 03:00:00,16657.68749363042,19730.225299598776,17392.297698095907
forecast_0148,2025-01-07 04:00:00,16360.412701659285,18559.13435694738,17051.810057929346
forecast_0149,2025-01-07 05:00:00,16077.608897733951,17926.0516535428,16144.000847116404
forecast_0150,2025-01-07 06:00:00,15744.607379590789,17516.241801574426,15971.119020793081
forecast_0151,2025-01-07 07:00:00,15718.826055981308,17435.64964261787,15777.875085872276
forecast_0152,2025-01-07 08:00:00,15463.028624258899,17728.446428877305,15719.866627311792
forecast_0153,2025-01-07 09:00:00,15286.669406461106,17710.130845076656,15447.373418818557
forecast_0154,2025-01-07 10:00:00,15357.106478791598,17444.935742390742,15459.260004525458
forecast_0155,2025-01-07 11:00:00,15372.727583402253,17864.53171549806,15355.785452280834
forecast_0156,2025-01-07 12:00:00,15473.909106482217,17773.88187396383,15076.48729447473
forecast_0157,2025-01-07 13:00:00,15529.468666063256,17591.007942485903,14944.123450669027
forecast_0158,2025-01-07 14:00:00,15520.32210050303,17404.972567723562,14888.348315222105
forecast_0159,2025-01-07 15:00:00,15757.452174830598,17268.150586293235,14705.719584657134
forecast_0160,2025-01-07 16:00:00,15767.598701875288,17263.039513584765,14668.399099580502
forecast_0161,2025-01-07 17:00:00,15702.325588180734,17550.70032863966,14934.853626353937
forecast_0162,2025-01-07 18:00:00,15957.328615002085,17976.685932193323,14868.774961272686
forecast_0163,2025-01-07 19:00:00,16468.473089078438,18276.742245593963,16558.737050475236
forecast_0164,2025-01-07 20:00:00,16884.57612736513,18443.842955282857,17318.43769636377
forecast_0165,2025-01-07 21:00:00,17112.66117174367,19302.567911995367,17559.656427097554
forecast_0166,2025-01-07 22:00:00,16787.619877056375,19245.977955027567,17672.617641559522
forecast_0167,2025-01-07 23:00:00,16416.53704128553,18524.50784334498,17224.4737389133
forecast_0168,2025-01-08 00:00:00,16021.92905163316,18238.809235291577,16863.766555759452
forecast_0169,2025-01-08 01:00:00,15294.560964530001,17167.70991451421,15799.090668089837
forecast_0170,2025-01-08 02:00:00,15238.457725880975,17525.462510561196,15801.164497225272
forecast_0171,2025-01-08 03:00:00,14989.231035291219,16944.813407808768,15428.953506243683
forecast_0172,2025-01-08 04:00:00,14732.608445752341,16933.674575654193,15168.903635902543
forecast_0173,2025-01-08 05:00:00,14253.038875343762,16544.290070134393,14737.490829558119
forecast_0174,2025-01-08 06:00:00,14229.444715809197,16362.699163228252,14651.879054649966
forecast_0175,2025-01-08 07:00:00,14017.345980865648,16490.244296783385,14806.435771154733
forecast_0176,2025-01-08 08:00:00,14148.036720918779,17365.71916792951,14950.840323521907
forecast_0177,2025-01-08 09:00:00,14548.47146292151,16960.27237017128,14706.093870019604
forecast_0178,2025-01-08 10:00:00,15166.429981384043,17101.206723962958,14897.506590128227
forecast_0179,2025-01-08 11:00:00,15827.202862765505,17631.088465446544,15995.184392858042
forecast_0180,2025-01-08 12:00:00,16775.470335747512,17750.744453416424,16335.115233892537
forecast_0181,2025-01-08 13:00:00,16892.189657669016,18033.731383599203,16875.707280647475
forecast_0182,2025-01-08 14:00:00,16890.90041773003,17867.591000996745,16963.862548805213
forecast_0183,2025-01-08 15:00:00,16909.824668315618,17732.900414031676,16697.9287965118
forecast_0184,2025-01-08 16:00:00,16862.840293055997,17491.391020204177,16605.779655937225
forecast_0185,2025-01-08 17:00:00,16258.201176873341,17610.92655335287,16425.375002794495
forecast_0186,2025-01-08 18:00:00,16044.896873209991,17398.95991899254,16530.653587923563
forecast_0187,2025-01-08 19:00:00,16068.84058246349,17452.431738620628,16602.844395820495
forecast_0188,2025-01-08 20:00:00,16028.115986419496,17662.061360008764,16532.799857604747
forecast_0189,2025-01-08 21:00:00,15849.677814039404,17620.562796768125,16403.729462893618
forecast_0190,2025-01-08 22:00:00,15679.665229964487,17549.591651858664,16045.721121743614
forecast_0191,2025-01-08 23:00:00,15380.76248509764,17567.072612575932,16218.03445233967
forecast_0192,2025-01-09 00:00:00,15238.298522176734,17623.911666030242,16321.184761123499
forecast_0193,2025-01-09 01:00:00,15685.032175784028,18078.463180683706,15730.997977257572
forecast_0194,2025-01-09 02:00:00,15919.45751457127,18377.75957144138,15813.024767689994
forecast_0195,2025-01-09 03:00:00,16034.416533195117,18336.52753692996,15738.092370736002
forecast_0196,2025-01-09 04:00:00,16042.122197640683,18120.85843131932,15458.002988850756
forecast_0197,2025-01-09 05:00:00,17300.654085794093,17776.826328202675,15310.46511114446
forecast_0198,2025-01-09 06:00:00,17050.635154418425,17384.43109131754,14723.294889631543
forecast_0199,2025-01-09 07:00:00,16003.97840237502,17575.717773386397,14460.233989282564
forecast_0200,2025-01-09 08:00:00,14749.423592743628,17325.056451839147,14177.183388924492
forecast_0201,2025-01-09 09:00:00,14754.36750132566,17449.181096673456,14163.891267897738
forecast_0202,2025-01-09 10:00:00,15370.716150561264,17463.879337640556,14314.903409296683
forecast_0203,2025-01-09 11:00:00,15575.881409485448,17219.579230817486,14359.323098142193
forecast_0204,2025-01-09 12:00:00,16629.64195716463,17017.989418886318,14817.320097807044
forecast_0205,2025-01-09 13:00:00,16067.226472653398,16972.72995203822,14282.939114357887
forecast_0206,2025-01-09 14:00:00,15516.600817264005,17106.020032641056,13589.940442776744
forecast_0207,2025-01-09 15:00:00,14639.164511719364,16812.724724589603,12631.689877762583
forecast_0208,2025-01-09 16:00:00,14313.060448741107,16108.202709171908,11711.277777607194
forecast_0209,2025-01-09 17:00:00,14195.65349235402,16229.514977148343,11120.040304524604
forecast_0210,2025-01-09 18:00:00,13415.860142339692,16143.487698760813,11116.798567848924
forecast_0211,2025-01-09 19:00:00,12971.938119395925,15396.384318191895,11618.205133083215
forecast_0212,2025-01-09 20:00:00,16182.224415693281,16633.589617191614,12460.873481515418
forecast_0213,2025-01-09 21:00:00,17387.764091272154,17644.139061850787,13884.772567243666
forecast_0214,2025-01-09 22:00:00,18524.73216832755,19236.472784116264,15538.342492766833
forecast_0215,2025-01-09 23:00:00,19428.550892951444,19976.96071419184,17023.231711742534
forecast_0216,2025-01-10 00:00:00,19751.911856728006,20205.48089904508,18042.796784584596
forecast_0217,2025-01-10 01:00:00,16366.021052291124,16440.988798614544,13582.382078375293
forecast_0218,2025-01-10 02:00:00,17039.76065119943,17051.441160362483,14391.230656974234
forecast_0219,2025-01-10 03:00:00,17954.441539080566,18259.52351012831,15727.436623092692
forecast_0220,2025-01-10 04:00:00,18828.153347182433,19070.953586389634,15617.267539025483
forecast_0221,2025-01-10 05:00:00,19632.66993117875,19154.336401305285,14816.01023001479
forecast_0222,2025-01-10 06:00:00,18868.128965497475,18685.687648950785,13818.963489875112
forecast_0223,2025-01-10 07:00:00,17830.095587394957,17543.639099343924,11949.89699319893
forecast_0224,2025-01-10 08:00:00,16280.620509475444,15732.33714621225,10298.433471810364
forecast_0225,2025-01-10 09:00:00,13295.656504870234,12772.318602043708,9688.820841669423
forecast_0226,2025-01-10 10:00:00,7810.3328048869025,7512.896870045299,6169.247154436734
forecast_0227,2025-01-10 11:00:00,6834.142970546295,5652.077691255549,4134.812043925629
forecast_0228,2025-01-10 12:00:00,4800.331154059385,4486.82694867519,3745.10312389184
forecast_0229,2025-01-10 13:00:00,3781.798401575578,3790.405032533212,3321.628182965336
forecast_0230,2025-01-10 14:00:00,3765.566612661605,3877.3481101453517,3433.931174188695
forecast_0231,2025-01-10 15:00:00,4091.0185796392425,4054.3890990646064,3732.15795044374
forecast_0232,2025-01-10 16:00:00,5521.711961183589,5430.696277684541,4396.534439082432
forecast_0233,2025-01-10 17:00:00,8370.863735686635,7041.583640889106,6037.104829114959
forecast_0234,2025-01-10 18:00:00,9708.239649989582,9356.809097839927,7126.541652651396
forecast_0235,2025-01-10 19:00:00,11159.42947892563,10564.325903943907,8310.648010397426
forecast_0236,2025-01-10 20:00:00,11769.168121106608,11283.835112458833,8794.056912829776
forecast_0237,2025-01-10 21:00:00,11709.581913871887,11437.578661009356,8145.230954242707
forecast_0238,2025-01-10 22:00:00,11596.334571594747,11326.60000184572,8087.586457871613
forecast_0239,2025-01-10 23:00:00,11675.569066362992,11275.369558354072,8228.306434647347
forecast_0240,2025-01-11 00:00:00,12198.658603585945,11510.734418867803,8493.366642069379
forecast_0241,2025-01-11 01:00:00,13617.471555668259,13446.962794070645,7673.319990013381
forecast_0242,2025-01-11 02:00:00,13566.812972505739,13201.24952175364,9321.428990543684
forecast_0243,2025-01-11 03:00:00,13368.961630002992,13229.094386255403,9466.916995925316
forecast_0244,2025-01-11 04:00:00,13104.47771697304,12911.302911131726,9100.500881160844
forecast_0245,2025-01-11 05:00:00,12759.714032012085,12692.669067071427,8551.347726472492
forecast_0246,2025-01-11 06:00:00,12175.105267302664,11642.200119995896,6713.926803376511
forecast_0247,2025-01-11 07:00:00,8966.817566937474,8395.03932578654,6272.623126743905
forecast_0248,2025-01-11 08:00:00,8189.463900272098,7265.153704309928,5332.259054576224
forecast_0249,2025-01-11 09:00:00,7427.883128133386,6684.6437093783325,5007.956079482784
forecast_0250,2025-01-11 10:00:00,6706.209011331902,5672.579633516311,4093.412976722685
forecast_0251,2025-01-11 11:00:00,5932.5224631058,5017.215948816509,3740.0004069550255
forecast_0252,2025-01-11 12:00:00,4151.9064836884945,4246.152717086053,3732.2694784081036
forecast_0253,2025-01-11 13:00:00,4036.6605182264143,4056.666103438937,3657.360146121764
forecast_0254,2025-01-11 14:00:00,5343.8491128334435,5128.694220472528,4342.587403627873
forecast_0255,2025-01-11 15:00:00,5478.353805675066,5413.051357259704,4604.535114404028
forecast_0256,2025-01-11 16:00:00,5976.978625336891,5077.363446638961,4444.008283944068
forecast_0257,2025-01-11 17:00:00,5110.991359608759,4872.032702317415,3971.206919341124
forecast_0258,2025-01-11 18:00:00,7862.182011723635,8092.860497970848,5625.5221676289275
forecast_0259,2025-01-11 19:00:00,10479.226419787527,10089.709041369817,7360.940680577577
forecast_0260,2025-01-11 20:00:00,10919.539845940522,10515.16957095504,8463.422814076912
forecast_0261,2025-01-11 21:00:00,11630.780091001094,11273.177310946374,9397.6547467502
forecast_0262,2025-01-11 22:00:00,12527.014355443556,12232.640887479158,10108.713047168638
forecast_0263,2025-01-11 23:00:00,14012.298751268123,13696.607459875428,9989.204361959019
forecast_0264,2025-01-12 00:00:00,14672.957456016768,14303.305562348021,10338.106770815102
forecast_0265,2025-01-12 01:00:00,11066.613723897432,10442.510377219574,9092.717316498196
forecast_0266,2025-01-12 02:00:00,12091.970548217838,11570.870009006094,9509.357640530749
forecast_0267,2025-01-12 03:00:00,15018.089206483575,14019.254990910038,9896.461901925666
forecast_0268,2025-01-12 04:00:00,16098.316147478905,16029.407969387818,11078.994540904607
forecast_0269,2025-01-12 05:00:00,16893.266397436702,16557.856225216445,11860.750598024091
forecast_0270,2025-01-12 06:00:00,17555.271698957764,17566.472406013745,12616.456573342626
forecast_0271,2025-01-12 07:00:00,18403.929708447205,18198.385901351645,12900.5378301038
forecast_0272,2025-01-12 08:00:00,18654.51812938682,18468.95576906246,13229.81255404033
forecast_0273,2025-01-12 09:00:00,18460.54763515893,18336.849103536348,13354.586909309812
forecast_0274,2025-01-12 10:00:00,17062.681159664244,17180.190051857415,12421.552870113153
forecast_0275,2025-01-12 11:00:00,13361.848687429943,15163.83019871102,10955.273710750978
forecast_0276,2025-01-12 12:00:00,11386.963774984677,12298.311178552058,9383.42456931707
forecast_0277,2025-01-12 13:00:00,11009.91815960757,11763.494714060917,8923.47330589648
forecast_0278,2025-01-12 14:00:00,11256.05703426326,12381.12165750633,8863.727245782286
forecast_0279,2025-01-12 15:00:00,12204.007835111064,13544.523274068806,9428.677906092937
forecast_0280,2025-01-12 16:00:00,12586.027977102598,14026.672735241456,9862.715499294518
forecast_0281,2025-01-12 17:00:00,13395.066173733707,14819.399395799272,11223.416872740381
forecast_0282,2025-01-12 18:00:00,14113.975105172247,16100.628730118764,12436.816406597312
forecast_0283,2025-01-12 19:00:00,14896.327354786114,16958.352531105415,13408.729359852332
forecast_0284,2025-01-12 20:00:00,16337.049420844587,17758.751849709308,14270.240402132871
forecast_0285,2025-01-12 21:00:00,17436.728516301457,18714.379197561917,14230.821489427768
forecast_0286,2025-01-12 22:00:00,18430.21242198044,19100.4529838531,14787.964506655555
forecast_0287,2025-01-12 23:00:00,18840.381035744937,19311.410764102682,14876.156375492968
forecast_0288,2025-01-13 00:00:00,18889.31069584177,19383.91989844615,15144.81507810593
forecast_0289,2025-01-13 01:00:00,19923.296650084238,20194.539588090174,17290.318829703807
forecast_0290,2025-01-13 02:00:00,20259.731322070675,20194.38470821197,17741.783844060894
forecast_0291,2025-01-13 03:00:00,20344.661454483812,20314.225562630414,18628.38809113602
forecast_0292,2025-01-13 04:00:00,20353.620700865755,20330.19694786764,19036.147852506172
forecast_0293,2025-01-13 05:00:00,20340.885145435062,20355.086986379116,19140.3460801966
forecast_0294,2025-01-13 06:00:00,20326.609114942137,20331.52572294829,18904.111449967844
forecast_0295,2025-01-13 07:00:00,20321.409169058257,20334.38878697418,18388.530274116143
forecast_0296,2025-01-13 08:00:00,20210.50140279809,20332.681468849947,17737.22694654566
forecast_0297,2025-01-13 09:00:00,19917.274706635348,20324.219517691028,17604.52760235113
forecast_0298,2025-01-13 10:00:00,19939.513636380434,20316.96423313171,19038.75973791446
forecast_0299,2025-01-13 11:00:00,19654.99853217782,19992.799813761918,17836.29450152755
forecast_0300,2025-01-13 12:00:00,17799.240361228112,18549.545855154814,15895.01852546117
forecast_0301,2025-01-13 13:00:00,16315.470381944959,17603.827915266043,14782.68696345592
forecast_0302,2025-01-13 14:00:00,14855.734132622087,17086.481189763846,12965.75457634994
forecast_0303,2025-01-13 15:00:00,14678.271117826613,16452.16485789644,13063.410758546008
forecast_0304,2025-01-13 16:00:00,13889.548038947014,14889.08050578887,11808.610337921064
forecast_0305,2025-01-13 17:00:00,13218.764962974046,14188.551810971094,11672.334968210514
forecast_0306,2025-01-13 18:00:00,12536.75995857527,14260.727898121268,11288.891641709391
forecast_0307,2025-01-13 19:00:00,13047.532640535619,14302.164926819461,11933.215764179562
forecast_0308,2025-01-13 20:00:00,14951.381340389842,16410.097997746503,13119.022002971053
forecast_0309,2025-01-13 21:00:00,16783.958333747873,15975.685186345932,14042.733279016164
forecast_0310,2025-01-13 22:00:00,16766.383956548856,16682.286361803745,14701.307774699624
forecast_0311,2025-01-13 23:00:00,17359.37296080613,17600.76323317746,15530.689725872578
forecast_0312,2025-01-14 00:00:00,17521.97175716694,17786.62731666496,15835.702557434897
forecast_0313,2025-01-14 01:00:00,17397.674825689184,17690.058256693726,15856.099746968383
forecast_0314,2025-01-14 02:00:00,17373.49463524865,17686.210700237792,15809.92301566125
forecast_0315,2025-01-14 03:00:00,17768.358209103444,18053.065022578354,16684.789401050202
forecast_0316,2025-01-14 04:00:00,17993.108204527955,18353.260984589735,17314.26873299281
forecast_0317,2025-01-14 05:00:00,19574.427563842466,18960.83872191422,18037.927096280135
forecast_0318,2025-01-14 06:00:00,19911.576762509103,19253.267341260336,18181.91095778843
forecast_0319,2025-01-14 07:00:00,19521.539124509352,19105.45545469851,18070.516340772178
forecast_0320,2025-01-14 08:00:00,19109.48868032655,18960.992921917055,17294.235758721203
forecast_0321,2025-01-14 09:00:00,18444.43806664232,18533.121231971447,16306.932748358273
forecast_0322,2025-01-14 10:00:00,17163.250287055354,17627.566303491523,14646.504556064727
forecast_0323,2025-01-14 11:00:00,16383.110674352478,16006.212402676263,14211.488506188754
forecast_0324,2025-01-14 12:00:00,16024.3244378877,15314.63072042521,13232.723288609308
forecast_0325,2025-01-14 13:00:00,15521.179123354506,15146.920091568842,12437.738657566602
forecast_0326,2025-01-14 14:00:00,14875.974808871622,14478.892557622807,12149.369445915112
forecast_0327,2025-01-14 15:00:00,14161.571708595671,13476.889597745621,11521.833275804764
forecast_0328,2025-01-14 16:00:00,13449.143956073905,13525.730359402809,10934.3783952684
forecast_0329,2025-01-14 17:00:00,13249.576823507716,13236.927495984477,10922.306672757399
forecast_0330,2025-01-14 18:00:00,13229.073874913409,13262.773661236259,11297.441414469566
forecast_0331,2025-01-14 19:00:00,13154.037683654016,13117.675309094637,11386.019682531003
forecast_0332,2025-01-14 20:00:00,13125.19649021175,13128.396423667547,11631.183071181114
forecast_0333,2025-01-14 21:00:00,13232.405014621398,13249.908367606713,11806.784113151281
forecast_0334,2025-01-14 22:00:00,13289.306640288676,13409.076662092348,11998.960453587797
forecast_0335,2025-01-14 23:00:00,13489.956186998508,13520.385102536728,12208.534627963681
forecast_0336,2025-01-15 00:00:00,13803.575771500298,13515.240807725097,12385.99196380079
forecast_0337,2025-01-15 01:00:00,14051.045948697778,13693.552295040738,12555.96679741691
forecast_0338,2025-01-15 02:00:00,13741.269145891814,13728.746269350237,11777.874340680022
forecast_0339,2025-01-15 03:00:00,13592.496483760075,13206.892477836502,11093.465965759651
forecast_0340,2025-01-15 04:00:00,12894.459417929427,13252.110419062086,10154.058524949533
forecast_0341,2025-01-15 05:00:00,13067.729955769257,13214.453441159434,10055.125997957453
forecast_0342,2025-01-15 06:00:00,13423.83368444775,14985.519751830261,9904.550198548364
forecast_0343,2025-01-15 07:00:00,13356.27467951886,14925.342461819317,10247.919860477876
forecast_0344,2025-01-15 08:00:00,13599.83780830539,14801.856431363394,10639.656174064374
forecast_0345,2025-01-15 09:00:00,13104.89621907607,13500.594557211565,10563.785796386406
forecast_0346,2025-01-15 10:00:00,13019.779611132759,14527.64385019254,10473.331856384542
forecast_0347,2025-01-15 11:00:00,13290.078263612113,12834.953927844695,10340.47578356252
forecast_0348,2025-01-15 12:00:00,13131.4912802653,12658.299716553265,9910.290449333173
forecast_0349,2025-01-15 13:00:00,12255.344866491852,11747.11288071475,9471.047988907527
forecast_0350,2025-01-15 14:00:00,11343.578407428147,10748.952539195028,9376.347672388363
forecast_0351,2025-01-15 15:00:00,10875.024187629459,10930.646947428197,9421.933974592086
forecast_0352,2025-01-15 16:00:00,11971.111856813919,12140.381260188828,10143.249267432819
forecast_0353,2025-01-15 17:00:00,13178.368592369483,13542.448488782054,11157.22499994623
forecast_0354,2025-01-15 18:00:00,13867.539575971905,13612.180794819677,11409.764184217842
forecast_0355,2025-01-15 19:00:00,14476.20563884499,15859.156117547938,11905.316127252814
forecast_0356,2025-01-15 20:00:00,15474.800768515237,16849.275055724687,12808.634431935781
forecast_0357,2025-01-15 21:00:00,16253.933453164998,17432.3020813129,14299.327192451265
forecast_0358,2025-01-15 22:00:00,17977.09758080488,18532.562858903737,15536.36138483709
forecast_0359,2025-01-15 23:00:00,19541.043613933438,19739.479058046374,17374.843135226067
forecast_0360,2025-01-16 00:00:00,19917.05352602895,19884.702281291273,18254.58784987997
forecast_0361,2025-01-16 01:00:00,19891.055704193543,19948.526021980844,16536.86030925378
forecast_0362,2025-01-16 02:00:00,19982.436481499248,19971.86948933113,17813.51841119367
forecast_0363,2025-01-16 03:00:00,19972.06383869259,19971.951893897727,19324.641297560793
forecast_0364,2025-01-16 04:00:00,19999.083705504923,20260.480195641558,19368.593113917526
forecast_0365,2025-01-16 05:00:00,20039.2189815116,19997.032099794764,19529.557350828072
forecast_0366,2025-01-16 06:00:00,20125.43379567819,20072.07756360561,19704.04391175311
forecast_0367,2025-01-16 07:00:00,20118.256748442098,20214.010728082205,19677.469092524196
forecast_0368,2025-01-16 08:00:00,20056.88853916455,20125.382116718683,19588.805987047108
forecast_0369,2025-01-16 09:00:00,20067.07024939765,20251.180537133496,19331.917715516607
forecast_0370,2025-01-16 10:00:00,19970.063265195273,20111.2735270529,19333.93552508699
forecast_0371,2025-01-16 11:00:00,20087.550156993853,20225.142387342934,19372.13974073859
forecast_0372,2025-01-16 12:00:00,19887.162424139922,20237.58037840184,18978.810705045304
forecast_0373,2025-01-16 13:00:00,18496.947049868635,19439.213902628657,16649.548987288425
forecast_0374,2025-01-16 14:00:00,17697.257573067098,18704.698059683513,15689.094923331088
forecast_0375,2025-01-16 15:00:00,16472.86388211324,18739.485165300885,14458.039993784076
forecast_0376,2025-01-16 16:00:00,16458.844351346073,18634.66394750034,14669.15305918933
forecast_0377,2025-01-16 17:00:00,16773.24403416135,18519.203524177818,14965.1428394316
forecast_0378,2025-01-16 18:00:00,16982.285101088084,18079.540106447308,15431.938471711586
forecast_0379,2025-01-16 19:00:00,16071.729890105338,17545.344794305234,13903.501680889687
forecast_0380,2025-01-16 20:00:00,14247.091654729806,15257.559099771253,11912.549399079977
forecast_0381,2025-01-16 21:00:00,12016.024399043476,12806.733743364903,9638.392925140548
forecast_0382,2025-01-16 22:00:00,9571.161396310003,9941.362017615673,7298.026381657692
forecast_0383,2025-01-16 23:00:00,7486.018198137214,7651.912473865391,5282.778733063315
forecast_0384,2025-01-17 00:00:00,6363.7781094784,6601.556338169043,4327.29822446506
forecast_0385,2025-01-17 01:00:00,4584.522193600212,4374.888743296334,3615.9507173278903
forecast_0386,2025-01-17 02:00:00,3869.760827730522,3853.7907827099875,3487.555324720172
forecast_0387,2025-01-17 03:00:00,3860.481511282634,3781.1339162076215,3260.576859066189
forecast_0388,2025-01-17 04:00:00,3618.4596187698417,3473.831616775058,3026.1382156109426
forecast_0389,2025-01-17 05:00:00,3598.49919513872,3548.8969168028884,2690.4669505833663
forecast_0390,2025-01-17 06:00:00,3345.8508126168545,3541.504248456468,2793.3742339096093
forecast_0391,2025-01-17 07:00:00,3447.2845354474725,3359.890178687705,3144.8077420776453
forecast_0392,2025-01-17 08:00:00,3703.1546254717327,3633.1486406085755,3116.34071677963
forecast_0393,2025-01-17 09:00:00,3703.909297559462,3685.0506483348936,3164.549336271555
forecast_0394,2025-01-17 10:00:00,3653.90457035607,3704.586292931369,2898.00044702875
forecast_0395,2025-01-17 11:00:00,3347.5887981630253,3368.7854998336666,2858.5098178376065
forecast_0396,2025-01-17 12:00:00,3242.814487122576,3467.499608438433,3326.1489438498943
forecast_0397,2025-01-17 13:00:00,3451.3298230061846,3541.112736241887,3237.4290117587498
forecast_0398,2025-01-17 14:00:00,3684.157501404,3726.3484490640853,3536.0428886713175
forecast_0399,2025-01-17 15:00:00,3664.3206295295936,3697.4166414604924,3613.863681040995
forecast_0400,2025-01-17 16:00:00,3969.0455037666557,4035.044250802427,3729.7813077149394
forecast_0401,2025-01-17 17:00:00,6232.759105074891,6179.6174452306595,4517.881115702204
forecast_0402,2025-01-17 18:00:00,8553.433616325057,8531.985536484459,5848.38691717053
forecast_0403,2025-01-17 19:00:00,10254.156727686275,10337.759636037063,7319.388872603356
forecast_0404,2025-01-17 20:00:00,12288.013139220007,11813.35531042278,8534.638115355465
forecast_0405,2025-01-17 21:00:00,14049.98709588551,13913.16300515841,9407.818320489776
forecast_0406,2025-01-17 22:00:00,15492.029257842445,14496.786433529684,10124.078969565955
forecast_0407,2025-01-17 23:00:00,15995.146425357727,14336.23978147207,10138.099876591968
forecast_0408,2025-01-18 00:00:00,15916.874739016612,14441.066785629844,10379.365289499092
forecast_0409,2025-01-18 01:00:00,11942.518003762121,10085.383526373898,7652.381404375288
forecast_0410,2025-01-18 02:00:00,12548.30733855057,11048.168887974753,8094.326775310879
forecast_0411,2025-01-18 03:00:00,14548.883660566753,12468.131765372664,9030.31233109614
forecast_0412,2025-01-18 04:00:00,16193.232605758878,14417.608987112242,10323.526733840325
forecast_0413,2025-01-18 05:00:00,17056.908340310692,14958.697609796072,10748.559548122683
forecast_0414,2025-01-18 06:00:00,17821.94973441686,14605.79017591322,9948.248292105198
forecast_0415,2025-01-18 07:00:00,15329.115793502158,12964.176303300575,8603.861549482323
forecast_0416,2025-01-18 08:00:00,10961.12728107388,9189.107143430205,6739.04447289206
forecast_0417,2025-01-18 09:00:00,8294.075543432284,6813.068459544432,5038.420804198924
forecast_0418,2025-01-18 10:00:00,5552.706086605931,4715.808696693557,3937.324039672707
forecast_0419,2025-01-18 11:00:00,5340.556515253163,4886.537556226245,3829.711901979601
forecast_0420,2025-01-18 12:00:00,5099.622745249421,5003.795632981796,3751.6363341588626
forecast_0421,2025-01-18 13:00:00,4217.225595434906,4183.438734409413,3830.407493820233
forecast_0422,2025-01-18 14:00:00,3906.2177483038863,3921.30112157338,3750.435539594124
forecast_0423,2025-01-18 15:00:00,4023.835271820683,4216.940047123023,3953.758121399066
forecast_0424,2025-01-18 16:00:00,7387.031386361948,7585.694242901281,4882.491514050753
forecast_0425,2025-01-18 17:00:00,11450.325647413061,11493.974238614901,7749.81609693582
forecast_0426,2025-01-18 18:00:00,14299.77308997325,14245.621030522052,9947.450956072204
forecast_0427,2025-01-18 19:00:00,16736.830503886853,16999.90830264856,13033.402006544218
forecast_0428,2025-01-18 20:00:00,19473.59120708354,17724.651953009696,15283.641709787047
forecast_0429,2025-01-18 21:00:00,19771.945195527132,18256.95607948346,16093.783479910893
forecast_0430,2025-01-18 22:00:00,19922.241968374692,19256.85438040125,16741.310085822835
forecast_0431,2025-01-18 23:00:00,19926.473411994793,19500.624033163327,16571.486234541047
forecast_0432,2025-01-19 00:00:00,19901.4694785932,19901.952591019905,16477.669274218686
forecast_0433,2025-01-19 01:00:00,18036.543039238964,17991.3440276041,13735.715663373367
forecast_0434,2025-01-19 02:00:00,18153.699419240227,18242.344516202567,14702.219365165585
forecast_0435,2025-01-19 03:00:00,18713.19905071054,18814.333223690228,15803.617354733455
forecast_0436,2025-01-19 04:00:00,19838.953280655587,19328.108873419565,16080.020733744961
forecast_0437,2025-01-19 05:00:00,19888.328235865727,19218.029049404657,16346.084970748527
forecast_0438,2025-01-19 06:00:00,19759.813664726913,19117.45080552587,16380.915426907792
forecast_0439,2025-01-19 07:00:00,19826.552733445213,19049.37565053022,15846.21074327552
forecast_0440,2025-01-19 08:00:00,19388.19539429659,18738.17226348118,15534.615755262115
forecast_0441,2025-01-19 09:00:00,19002.772745645038,18422.46263065332,14516.2107011229
forecast_0442,2025-01-19 10:00:00,16190.18233560175,15530.186273963216,12921.066263230367
forecast_0443,2025-01-19 11:00:00,13135.036027578031,13071.297782606396,10701.79245896301
forecast_0444,2025-01-19 12:00:00,10515.050236848236,10627.21841758931,8397.431579628863
forecast_0445,2025-01-19 13:00:00,8388.940452009982,8066.321063479965,6934.411777538223
forecast_0446,2025-01-19 14:00:00,6833.625930971543,6624.406094201752,5488.8823019977
forecast_0447,2025-01-19 15:00:00,5738.407478483671,5721.9979912510225,4727.961539140363
forecast_0448,2025-01-19 16:00:00,5436.822430229937,5517.472125879332,4353.851085006642
forecast_0449,2025-01-19 17:00:00,7030.659173854354,6206.345213513784,4873.983586284708
forecast_0450,2025-01-19 18:00:00,8098.619956243111,7998.009605712666,6242.270828530548
forecast_0451,2025-01-19 19:00:00,9098.115831015362,9880.4561205618,7576.899132561031
forecast_0452,2025-01-19 20:00:00,10002.70672959896,10840.06233363493,8726.378999327078
forecast_0453,2025-01-19 21:00:00,11357.181422319756,12118.730243858578,9497.15041674136
forecast_0454,2025-01-19 22:00:00,12612.549292352018,13315.904239170324,10011.24377912866
forecast_0455,2025-01-19 23:00:00,12430.80377253157,12229.120635543577,9736.768130578163
forecast_0456,2025-01-20 00:00:00,11549.675401264674,11841.661332038635,9196.712485205686
forecast_0457,2025-01-20 01:00:00,8391.00850365416,8205.074817853898,6016.4823275209865
forecast_0458,2025-01-20 02:00:00,7279.498981687171,7201.7562184086455,5221.910946552548
forecast_0459,2025-01-20 03:00:00,5918.355274553133,5657.28728043043,4265.891188386649
forecast_0460,2025-01-20 04:00:00,4909.601176173314,4442.04996410442,3710.9556938828205
forecast_0461,2025-01-20 05:00:00,4510.812097566051,4116.561292847091,3816.6905718099433
forecast_0462,2025-01-20 06:00:00,3874.9229733062016,3880.4146805233363,3642.350603723747
forecast_0463,2025-01-20 07:00:00,4198.882565797701,4229.875002988554,3566.3216166840184
forecast_0464,2025-01-20 08:00:00,3758.554546903681,3676.0724789653086,3005.1614705849197
forecast_0465,2025-01-20 09:00:00,3569.6095377398165,3437.090738361943,2721.112524903991
forecast_0466,2025-01-20 10:00:00,3365.446091076088,3202.3448032997276,2783.944349249264
forecast_0467,2025-01-20 11:00:00,3907.2925058162164,3578.1772614406723,2868.3349279371296
forecast_0468,2025-01-20 12:00:00,3708.3534517448797,3337.14880849224,2617.5418157249005
forecast_0469,2025-01-20 13:00:00,3886.8886848424977,4736.811322454708,2136.796521047479
forecast_0470,2025-01-20 14:00:00,3524.310881393595,4926.135471383048,2349.971554785174
forecast_0471,2025-01-20 15:00:00,4060.349871379576,5576.9900076710965,2379.731383626623
forecast_0472,2025-01-20 16:00:00,3609.7931781413727,3374.3432396362377,2043.3361879579868
forecast_0473,2025-01-20 17:00:00,4363.739015549969,4165.261810637823,3448.0970285186345
forecast_0474,2025-01-20 18:00:00,5218.079964598285,5076.245794445709,3532.913521714901
forecast_0475,2025-01-20 19:00:00,5447.240053330362,4604.488938937694,3603.047736481381
forecast_0476,2025-01-20 20:00:00,5771.798401178164,4126.754598910505,4045.8565142046155
forecast_0477,2025-01-20 21:00:00,4359.63831828761,3290.262834946816,4249.198027694004
forecast_0478,2025-01-20 22:00:00,3980.6399956554496,3430.220306577325,3582.5532303927475
forecast_0479,2025-01-20 23:00:00,3826.0450588308136,3603.4492268410204,3317.884257986227
forecast_0480,2025-01-21 00:00:00,3850.553652251871,3463.453299205951,3461.0909664882042
forecast_0481,2025-01-21 01:00:00,3795.3465028578935,3764.2298331325005,3727.6404069658392
forecast_0482,2025-01-21 02:00:00,3979.9294094177767,3883.3982912171355,3694.131363573904
forecast_0483,2025-01-21 03:00:00,3972.606500534056,3933.063866496951,3808.6496362023927
forecast_0484,2025-01-21 04:00:00,4342.986383650574,4099.659056683466,3603.7906131733357
forecast_0485,2025-01-21 05:00:00,4651.563054639568,4108.2337512219365,3827.9804349512165
forecast_0486,2025-01-21 06:00:00,5071.6772145110635,4143.100692314352,3923.2329143593493
forecast_0487,2025-01-21 07:00:00,4586.90543671489,4206.411011395933,3725.799044547635
forecast_0488,2025-01-21 08:00:00,4120.33070074427,3851.099556334999,3590.4599335214925
forecast_0489,2025-01-21 09:00:00,3844.4283200798177,3718.6196501895183,3661.80775536857
forecast_0490,2025-01-21 10:00:00,4027.7851431558756,3746.4436273151246,3721.623124499822
forecast_0491,2025-01-21 11:00:00,4881.637810744226,5203.04518408745,3820.568416618956
forecast_0492,2025-01-21 12:00:00,5024.766050367828,5266.457765193687,4076.8068425648084
forecast_0493,2025-01-21 13:00:00,4905.203746009581,5220.67115001033,4082.093711144682
forecast_0494,2025-01-21 14:00:00,4397.741561043582,5195.170726755309,4730.498742809322
forecast_0495,2025-01-21 15:00:00,3726.27709560885,4419.122508451354,3693.7340756180424
forecast_0496,2025-01-21 16:00:00,3902.564543200466,3856.125739490796,3702.920000024953
forecast_0497,2025-01-21 17:00:00,4601.371027098024,4734.604591599465,3743.115518885716
forecast_0498,2025-01-21 18:00:00,6545.276338841222,6448.064472843611,4717.773578480233
forecast_0499,2025-01-21 19:00:00,8637.202418283661,8835.369247439323,6118.852383617658
forecast_0500,2025-01-21 20:00:00,10541.603231574085,10435.130474244655,7347.42381534964
forecast_0501,2025-01-21 21:00:00,10948.73989386947,11464.991030361509,8208.739196446528
forecast_0502,2025-01-21 22:00:00,11885.805913974114,13101.400062620267,9423.387268460683
forecast_0503,2025-01-21 23:00:00,11326.244627859392,14211.099550276725,9552.019032229702
forecast_0504,2025-01-22 00:00:00,13049.163829848152,13735.600507016994,10053.78561050541
forecast_0505,2025-01-22 01:00:00,9502.239169874763,11657.932804596872,9352.440898766825
forecast_0506,2025-01-22 02:00:00,9911.836552559274,12481.967326160911,9138.72911678034
forecast_0507,2025-01-22 03:00:00,11559.253468861401,13158.44825630941,9903.999773040887
forecast_0508,2025-01-22 04:00:00,11996.95838645912,14289.364195458284,10490.73972243544
forecast_0509,2025-01-22 05:00:00,15038.157597583433,15492.350426340021,10707.422821474782
forecast_0510,2025-01-22 06:00:00,17466.19055347129,16383.627493228276,10765.593952212237
forecast_0511,2025-01-22 07:00:00,17417.52269305695,17471.50381973442,12359.094900280377
forecast_0512,2025-01-22 08:00:00,17612.465314143108,17764.691551645006,12172.061426332013
forecast_0513,2025-01-22 09:00:00,14386.12231651742,16242.101292999967,11373.136720050867
forecast_0514,2025-01-22 10:00:00,12541.891216208065,13666.230872655091,10025.94595153227
forecast_0515,2025-01-22 11:00:00,11936.414020537806,12777.086040919616,8456.298597954474
forecast_0516,2025-01-22 12:00:00,10812.331148194346,11705.796963911058,6952.110624344569
forecast_0517,2025-01-22 13:00:00,9267.5656560896,8214.482855394372,5465.584093200915
forecast_0518,2025-01-22 14:00:00,7156.635172728701,7654.787192372183,5211.1692612680945
forecast_0519,2025-01-22 15:00:00,7094.218790808369,6959.113789459935,5052.998271475425
forecast_0520,2025-01-22 16:00:00,7717.526919171722,7126.872320904208,4514.989495371791
forecast_0521,2025-01-22 17:00:00,7951.5729664986175,7691.217130201501,5411.92415616009
forecast_0522,2025-01-22 18:00:00,8110.581211683622,8599.867654625079,5851.004410459398
forecast_0523,2025-01-22 19:00:00,8456.925027671736,8461.37570935416,6250.20285088482
forecast_0524,2025-01-22 20:00:00,8281.152178761095,8449.016884912535,5793.142078368069
forecast_0525,2025-01-22 21:00:00,8528.026086850085,8874.921617049169,5777.965298920614
forecast_0526,2025-01-22 22:00:00,8770.782477713445,8887.912172633418,6002.540803572134
forecast_0527,2025-01-22 23:00:00,8932.630245474893,8945.484612644383,6325.304739950602
forecast_0528,2025-01-23 00:00:00,9053.730704662392,8914.814556944782,6369.883742200325
forecast_0529,2025-01-23 01:00:00,14171.234379425838,14721.350261806427,9047.940521417706
forecast_0530,2025-01-23 02:00:00,14122.162980241854,14694.328627500616,8877.484804752803
forecast_0531,2025-01-23 03:00:00,14276.18500326911,14890.445430069458,8399.933543270363
forecast_0532,2025-01-23 04:00:00,14001.70131290799,14753.910525979612,8484.956811950393
forecast_0533,2025-01-23 05:00:00,13367.461028888847,14142.385193711905,8279.196275820128
forecast_0534,2025-01-23 06:00:00,11876.336346227215,13090.649329580681,7489.985989565787
forecast_0535,2025-01-23 07:00:00,10563.645803294512,11580.144356656463,7604.92331776876
forecast_0536,2025-01-23 08:00:00,9694.291143805895,10337.32748235986,7312.810819778044
forecast_0537,2025-01-23 09:00:00,8526.256529920243,8849.100609982137,5601.330987213605
forecast_0538,2025-01-23 10:00:00,6650.686314718665,6916.305242778835,4457.451140111279
forecast_0539,2025-01-23 11:00:00,4851.452955116941,4566.017717854537,3840.181777420387
forecast_0540,2025-01-23 12:00:00,3963.3819173062648,3978.5505293770807,3738.638519910479
forecast_0541,2025-01-23 13:00:00,3727.9150426384795,3946.9625840499198,3649.0217466858185
forecast_0542,2025-01-23 14:00:00,3804.2481746333333,3815.745472434942,3680.926255063336
forecast_0543,2025-01-23 15:00:00,3654.514446047453,3734.262714412971,3359.2330559264274
forecast_0544,2025-01-23 16:00:00,3642.275547658088,3621.600950326916,3226.510201092817
forecast_0545,2025-01-23 17:00:00,3657.960519943637,3759.7401200020017,3168.02513273315
forecast_0546,2025-01-23 18:00:00,4065.750924137361,3917.359542731711,3416.820235712922
forecast_0547,2025-01-23 19:00:00,5009.3640734680375,4327.853668211436,3891.7831606794166
forecast_0548,2025-01-23 20:00:00,5181.715242039776,4083.079752350556,4011.3365468180004
forecast_0549,2025-01-23 21:00:00,3957.925459062318,3884.0886485385854,4020.342435755489
forecast_0550,2025-01-23 22:00:00,4189.29261702584,3926.684438689684,4078.5149451550596
forecast_0551,2025-01-23 23:00:00,3992.8964008551625,3866.5007853157863,3910.2599889892067
forecast_0552,2025-01-24 00:00:00,4006.476021533043,3767.516259090383,3710.829470252886
forecast_0553,2025-01-24 01:00:00,3750.9489119280233,3202.138001145037,3252.315045833312
forecast_0554,2025-01-24 02:00:00,3426.6148635564036,3090.5536399462044,2917.6134805203196
forecast_0555,2025-01-24 03:00:00,3142.8539748972407,2998.072250436092,2519.6545115893596
forecast_0556,2025-01-24 04:00:00,3238.3507763122043,3028.8249350585224,3570.1759045108834
forecast_0557,2025-01-24 05:00:00,3691.7712299596305,3456.5772868575104,2005.0557956773387
forecast_0558,2025-01-24 06:00:00,4137.979865512772,3740.3861829733355,2562.2207144032714
forecast_0559,2025-01-24 07:00:00,4184.251858197172,3505.6901116282106,2600.0790514348732
forecast_0560,2025-01-24 08:00:00,4055.958526179279,3662.1431522459784,1939.154505601033
forecast_0561,2025-01-24 09:00:00,3505.4341313772015,3376.1563290877684,1124.3044339723265
forecast_0562,2025-01-24 10:00:00,3820.4793392941365,3704.0591156861497,1117.5043992584372
forecast_0563,2025-01-24 11:00:00,5071.562098687655,3568.699970728158,1068.7825195620933
forecast_0564,2025-01-24 12:00:00,3433.0542441137195,3818.143241474697,1121.1201289430292
forecast_0565,2025-01-24 13:00:00,4088.615816207797,3467.709634336852,1273.5190775782276
forecast_0566,2025-01-24 14:00:00,3593.0121211204814,4006.495071588239,2725.392279784623
forecast_0567,2025-01-24 15:00:00,3481.171390843606,4667.479713290424,2993.1165108929613
forecast_0568,2025-01-24 16:00:00,3611.372329420091,3028.9300726707074,2906.271264294612
forecast_0569,2025-01-24 17:00:00,2526.016960827243,3195.068376046314,3023.5816346842157
forecast_0570,2025-01-24 18:00:00,3260.0187600371123,3224.4579586319696,3023.65213002536
forecast_0571,2025-01-24 19:00:00,3653.4729393786233,3752.6631119001368,3453.595989485472
forecast_0572,2025-01-24 20:00:00,3895.5093188282426,3924.5630129940178,3692.0147688951897
forecast_0573,2025-01-24 21:00:00,3784.818226774966,3705.8880977428653,3710.6472836527637
forecast_0574,2025-01-24 22:00:00,3951.276436450749,4108.262389106916,3789.334658570249
forecast_0575,2025-01-24 23:00:00,4534.392982450822,4101.664299127943,4096.7151897629565
forecast_0576,2025-01-25 00:00:00,5651.278194037097,4391.843032480578,3887.69212499704
forecast_0577,2025-01-25 01:00:00,3851.177112713567,4954.123366993391,3614.3922810239887
forecast_0578,2025-01-25 02:00:00,4853.685196422476,3869.806170414404,4190.6339968617785
forecast_0579,2025-01-25 03:00:00,3947.0706513498926,4193.924592947578,4721.982792620801
forecast_0580,2025-01-25 04:00:00,4124.857010335835,4723.190530676239,4836.485957909247
forecast_0581,2025-01-25 05:00:00,4128.804219658067,4641.714596134733,4295.557789887333
forecast_0582,2025-01-25 06:00:00,3992.3072690677063,4760.582658773172,4174.709973755162
forecast_0583,2025-01-25 07:00:00,3846.7682541940067,4567.311339499881,3926.1123494338162
forecast_0584,2025-01-25 08:00:00,3704.2705414706256,4391.454429698825,3828.66151610004
forecast_0585,2025-01-25 09:00:00,6151.01616883396,4114.703170291972,3805.4471716595185
forecast_0586,2025-01-25 10:00:00,4824.255662767389,5654.288914335866,3747.5497218896503
forecast_0587,2025-01-25 11:00:00,3938.8811652716836,4843.817927934793,3693.8442555522724
forecast_0588,2025-01-25 12:00:00,3895.8731639447856,4228.905588694544,3700.9934181419826
forecast_0589,2025-01-25 13:00:00,3841.3023336970555,3855.1626493040794,3439.5499685016985
forecast_0590,2025-01-25 14:00:00,4068.816687116993,4128.108298250963,3816.768530770961
forecast_0591,2025-01-25 15:00:00,4111.685247078178,4027.5204396166764,3486.571813358637
forecast_0592,2025-01-25 16:00:00,4633.278072228734,4466.395658282491,3539.668790913114
forecast_0593,2025-01-25 17:00:00,5238.548182126001,5364.534525098709,3678.9588097583533
forecast_0594,2025-01-25 18:00:00,4246.743460596632,4827.683340269969,3706.1042632744216
forecast_0595,2025-01-25 19:00:00,4212.667522011676,3951.625735876128,3837.8565340504915
forecast_0596,2025-01-25 20:00:00,3796.37291672751,4189.447385082412,4216.9244069968145
forecast_0597,2025-01-25 21:00:00,4019.6514004359565,4779.767428113535,4185.193247704023
forecast_0598,2025-01-25 22:00:00,4456.635165010926,5145.83581788399,4324.553734102462
forecast_0599,2025-01-25 23:00:00,4824.37159608337,5340.206555905698,5138.038484096784
forecast_0600,2025-01-26 00:00:00,4952.313446256633,5322.62120032491,5349.393996055521
forecast_0601,2025-01-26 01:00:00,7159.776480213541,8654.16301702775,5819.5848926011395
forecast_0602,2025-01-26 02:00:00,6205.142822470061,5979.992550309859,5472.1987101201485
forecast_0603,2025-01-26 03:00:00,4282.586016991863,4678.810936033449,4886.070466763685
forecast_0604,2025-01-26 04:00:00,4814.593055227561,3830.6624628381664,3844.167211541493
forecast_0605,2025-01-26 05:00:00,3961.232695579101,4243.192180140016,3549.330423081783
forecast_0606,2025-01-26 06:00:00,3770.9172637816787,3877.995966509049,3452.2670225151737
forecast_0607,2025-01-26 07:00:00,3808.9011721295983,3942.459613058383,3330.3301901103528
forecast_0608,2025-01-26 08:00:00,3648.947511051768,3933.2690849352553,3507.5117022161603
forecast_0609,2025-01-26 09:00:00,3630.2589144957797,3969.681690421017,3339.4532808275976
forecast_0610,2025-01-26 10:00:00,3980.2157709326116,4099.699814577079,3457.2791337513368
forecast_0611,2025-01-26 11:00:00,3589.3537889515555,3514.4094377388337,3126.9842517549155
forecast_0612,2025-01-26 12:00:00,3228.2020511577443,3276.0870976228844,3080.2901506577014
forecast_0613,2025-01-26 13:00:00,2538.991262047958,3286.0965648735573,2469.3920383762984
forecast_0614,2025-01-26 14:00:00,2396.184967161617,2396.1467747367474,857.9859401771129
forecast_0615,2025-01-26 15:00:00,3399.27144758078,3336.0287264109534,3054.699172007371
forecast_0616,2025-01-26 16:00:00,0.19949315168830212,1.235689589541949,5.8450032288340825
forecast_0617,2025-01-26 17:00:00,2597.8177894854616,1918.7595302771977,996.7801692622335
forecast_0618,2025-01-26 18:00:00,4079.173993027588,3686.658455041014,2012.925475824013
forecast_0619,2025-01-26 19:00:00,3922.812988187919,3774.6798574944073,4010.872881730049
forecast_0620,2025-01-26 20:00:00,3455.3837177246915,4009.1004730246455,4010.872881730049
forecast_0621,2025-01-26 21:00:00,3513.7074229551195,3129.540241081786,2628.9681374859883
forecast_0622,2025-01-26 22:00:00,4204.809144976607,3897.175593441098,3376.320954151369
forecast_0623,2025-01-26 23:00:00,3436.893445088057,3702.0948740476647,3288.163889905463
forecast_0624,2025-01-27 00:00:00,3433.8683299176337,3429.269041125449,3252.7906396983085
forecast_0625,2025-01-27 01:00:00,3909.327384146872,3939.46420754215,3451.2606552427874
forecast_0626,2025-01-27 02:00:00,3779.3670678117487,3859.5715765502164,3660.0947181897204
forecast_0627,2025-01-27 03:00:00,4447.36216422696,4603.878736067213,3959.8305392117795
forecast_0628,2025-01-27 04:00:00,4109.621735593547,4711.4236443923355,3874.7795552994367
forecast_0629,2025-01-27 05:00:00,4131.520347572213,3654.1045488723594,3921.919928740748
forecast_0630,2025-01-27 06:00:00,3795.8824370254665,3833.5199147549815,3541.122460724432
forecast_0631,2025-01-27 07:00:00,3904.9873076251815,3619.3926185622936,3517.1286562775113
forecast_0632,2025-01-27 08:00:00,3886.495635757735,4308.083538696468,3355.5387536043486
forecast_0633,2025-01-27 09:00:00,4006.954374873408,4684.429329507043,3410.329151678049
forecast_0634,2025-01-27 10:00:00,4232.542144928959,4736.944635939003,3606.8133408463787
forecast_0635,2025-01-27 11:00:00,5094.278969853766,5422.816765256966,4477.567541651472
forecast_0636,2025-01-27 12:00:00,8115.313955308129,8456.39706426199,6844.607016074616
forecast_0637,2025-01-27 13:00:00,11243.890136075635,12058.565861104196,9933.964233024188
forecast_0638,2025-01-27 14:00:00,14081.170525739035,15143.993479428524,12825.817596067018
forecast_0639,2025-01-27 15:00:00,16099.386694750574,17977.175712748656,16038.561365077689
forecast_0640,2025-01-27 16:00:00,17188.847968618567,18940.266514758943,17678.514527772735
forecast_0641,2025-01-27 17:00:00,17496.087624843512,19088.852191706763,18051.326274206287
forecast_0642,2025-01-27 18:00:00,17447.97898597795,18642.174238299755,17960.813666647548
forecast_0643,2025-01-27 19:00:00,18467.292644251207,18186.95526065833,17939.560468963577
forecast_0644,2025-01-27 20:00:00,17924.761558859438,17367.59996543174,17403.168617996973
forecast_0645,2025-01-27 21:00:00,16800.48496738994,16513.30174340592,17381.361929838655
forecast_0646,2025-01-27 22:00:00,15996.07984804906,15903.577088802438,17821.70216198754
forecast_0647,2025-01-27 23:00:00,16547.324398160676,15974.956223203428,17365.931491952037
forecast_0648,2025-01-28 00:00:00,16660.354615184293,15902.022954011405,17292.567952602803
forecast_0649,2025-01-28 01:00:00,17515.971916259023,17603.239681706273,18506.636796021867
forecast_0650,2025-01-28 02:00:00,17258.071925157048,17605.786245349853,18531.790202615324
forecast_0651,2025-01-28 03:00:00,17532.617216815797,17738.031736692374,18161.29723144316
forecast_0652,2025-01-28 04:00:00,16761.25401046373,17758.83635832495,18229.902559088776
forecast_0653,2025-01-28 05:00:00,17475.12016879108,17505.874801624155,18479.119664758022
forecast_0654,2025-01-28 06:00:00,17754.98847395002,17391.138483360883,18492.867292688366
forecast_0655,2025-01-28 07:00:00,17897.142986970543,17197.493014253752,18629.75780723781
forecast_0656,2025-01-28 08:00:00,17828.712458823433,17228.86754106924,18480.017408883177
forecast_0657,2025-01-28 09:00:00,17968.57344170545,17147.799293133718,18443.770177459148
forecast_0658,2025-01-28 10:00:00,18044.363658187922,17204.87154793567,18542.18367449206
forecast_0659,2025-01-28 11:00:00,17767.42436778905,16803.292317657953,18610.50916515018
forecast_0660,2025-01-28 12:00:00,17505.21659250909,16381.325414743416,18459.393539411878
forecast_0661,2025-01-28 13:00:00,16864.556946848177,16057.034248373333,18230.0268795314
forecast_0662,2025-01-28 14:00:00,16864.51282579281,16009.602250365228,18092.5739123004
forecast_0663,2025-01-28 15:00:00,16549.735283415866,15893.854568784844,17911.773676244604
forecast_0664,2025-01-28 16:00:00,16572.742978830254,15810.207532009983,17961.84201304457
forecast_0665,2025-01-28 17:00:00,16930.727315157357,15974.862939159355,18125.097217321603
forecast_0666,2025-01-28 18:00:00,17072.57145774083,16581.22194372594,18176.69772676914
forecast_0667,2025-01-28 19:00:00,17240.303876121547,17367.53631064799,18215.367958890216
forecast_0668,2025-01-28 20:00:00,17217.965729727028,17710.548952502104,18352.63363522589
forecast_0669,2025-01-28 21:00:00,16107.760929223983,18295.710468630623,18525.938885781008
forecast_0670,2025-01-28 22:00:00,15831.817466493165,18750.728883888303,18591.458233771296
forecast_0671,2025-01-28 23:00:00,15201.708211845342,18744.938724570286,18701.36637900298
forecast_0672,2025-01-29 00:00:00,15337.050327345369,18710.46380142901,18818.255187606042
forecast_0673,2025-01-29 01:00:00,15658.661930655302,18684.51828978865,16775.9124237305
forecast_0674,2025-01-29 02:00:00,15864.41904620821,18880.29726090832,16747.59540167352
forecast_0675,2025-01-29 03:00:00,16158.940195223722,19824.16503650104,16963.95697888411
forecast_0676,2025-01-29 04:00:00,16421.46871283036,19912.918684799097,17126.046879599355
forecast_0677,2025-01-29 05:00:00,16837.103384611524,19910.699989822213,17236.492353883157
forecast_0678,2025-01-29 06:00:00,17291.21821472571,19889.69875038366,17190.892864486952
forecast_0679,2025-01-29 07:00:00,17387.183520553222,19889.132556360924,17089.92967652337
forecast_0680,2025-01-29 08:00:00,17355.640308223472,19900.404881862796,16941.542536922425
forecast_0681,2025-01-29 09:00:00,17216.01732740281,19893.204487453848,17276.586746792356
forecast_0682,2025-01-29 10:00:00,16810.87699189489,19314.249505342996,16970.544771836336
forecast_0683,2025-01-29 11:00:00,16961.61459974192,19110.32244687124,16832.099479561133
forecast_0684,2025-01-29 12:00:00,16665.546826875263,18663.926641132373,16368.058841475146
forecast_0685,2025-01-29 13:00:00,16711.400728016615,18948.49950764363,16670.511791468365
forecast_0686,2025-01-29 14:00:00,16287.630731970834,18725.96645654798,16303.85603186533
forecast_0687,2025-01-29 15:00:00,15686.14575114856,18541.43773305778,16307.715544831315
forecast_0688,2025-01-29 16:00:00,14954.197774673912,18104.725303076288,15497.174075152097
forecast_0689,2025-01-29 17:00:00,14567.21223305081,17497.7634742021,14995.20220498816
forecast_0690,2025-01-29 18:00:00,14446.9181686437,17581.762035369695,14894.176115479473
forecast_0691,2025-01-29 19:00:00,14597.728289748728,17539.836204793675,14984.738909616945
forecast_0692,2025-01-29 20:00:00,14836.52450430598,17704.08408289007,15191.853595725903
forecast_0693,2025-01-29 21:00:00,14801.92932890904,17487.35137845045,15091.153951380304
forecast_0694,2025-01-29 22:00:00,14863.49994993079,17265.718478036015,15100.007626678002
forecast_0695,2025-01-29 23:00:00,14935.365881920172,16912.35353639341,14910.779837187967
forecast_0696,2025-01-30 00:00:00,15148.025277415863,16665.846810801162,14825.74889595773
forecast_0697,2025-01-30 01:00:00,16508.88334550329,16834.824476582162,15298.377494627488
forecast_0698,2025-01-30 02:00:00,16222.558284597357,16916.077206225946,15257.142011454276
forecast_0699,2025-01-30 03:00:00,16259.16935228777,17130.6468437803,15387.401793528665
forecast_0700,2025-01-30 04:00:00,16197.923098810448,17193.111222253494,15367.07699208876
forecast_0701,2025-01-30 05:00:00,16215.875289360023,17249.28181208856,15187.43175226922
forecast_0702,2025-01-30 06:00:00,16115.89144524746,17180.284321412753,15516.153559045253
forecast_0703,2025-01-30 07:00:00,16301.100598840254,17290.71610934742,15328.329005761017
forecast_0704,2025-01-30 08:00:00,16810.933296672978,17274.78512683002,15011.051621253855
forecast_0705,2025-01-30 09:00:00,17270.748637696037,17178.787669324745,14478.20457321728
forecast_0706,2025-01-30 10:00:00,15981.839197567782,16851.42593116451,14424.711441468487
forecast_0707,2025-01-30 11:00:00,14890.304358573958,16478.610758474166,13531.46072977794
forecast_0708,2025-01-30 12:00:00,14474.094940559056,15878.246847445387,12358.56272477676
forecast_0709,2025-01-30 13:00:00,14321.939537783075,15500.201458193249,11319.945062576526
forecast_0710,2025-01-30 14:00:00,14384.856742517735,14740.964355380527,11590.726617072281
forecast_0711,2025-01-30 15:00:00,14445.196059585467,15198.200429508384,11750.26933959823
forecast_0712,2025-01-30 16:00:00,14488.412739358078,15669.144305245094,12621.189888436074
forecast_0713,2025-01-30 17:00:00,14455.746227732565,17164.1374737824,13700.45988325953
forecast_0714,2025-01-30 18:00:00,14676.892559354455,17295.571727216095,13945.432051838801
forecast_0715,2025-01-30 19:00:00,14886.409644140584,17780.7146176303,14730.282016221538
forecast_0716,2025-01-30 20:00:00,14908.934989775642,18020.20165858925,15369.741692398113
forecast_0717,2025-01-30 21:00:00,16815.32872364154,18472.056417203345,15802.393888398285
forecast_0718,2025-01-30 22:00:00,17514.816403356366,17981.795629886867,15242.08210208098
forecast_0719,2025-01-30 23:00:00,16570.62768603935,17236.39858101966,14244.34763788245
forecast_0720,2025-01-31 00:00:00,14969.333702355674,16077.961091844369,13860.26523320939
forecast_0721,2025-01-31 01:00:00,14654.07353100137,15588.76873028027,13374.776979848471
forecast_0722,2025-01-31 02:00:00,14666.100655092676,15751.074457518349,12942.675172514775
forecast_0723,2025-01-31 03:00:00,14525.30685634486,15619.450541651278,12704.364919193653
forecast_0724,2025-01-31 04:00:00,13908.407601828263,14869.182948784515,11771.920944065958
forecast_0725,2025-01-31 05:00:00,13947.892985722234,15247.446176814963,11417.91607744933
forecast_0726,2025-01-31 06:00:00,13888.875235887293,15045.56352030391,11596.805553122382
forecast_0727,2025-01-31 07:00:00,13544.686704799135,14636.980750768558,12101.978670515822
forecast_0728,2025-01-31 08:00:00,13666.0897002545,14405.441428436521,12114.909911493845
forecast_0729,2025-01-31 09:00:00,13469.572544813045,14153.814117406708,11662.16247080358
forecast_0730,2025-01-31 10:00:00,13243.096049683658,13988.691616609514,11065.371599531854
forecast_0731,2025-01-31 11:00:00,11387.865521542091,12365.97891767285,9105.30121490391
forecast_0732,2025-01-31 12:00:00,9602.019910999366,11022.807935238496,7352.088485348016
forecast_0733,2025-01-31 13:00:00,8184.1003622633825,9980.757585480433,5727.576112994478
forecast_0734,2025-01-31 14:00:00,7524.521734819232,7064.366644645818,4675.845333890789
forecast_0735,2025-01-31 15:00:00,6046.25410209579,6364.540794009553,4078.486665270805
forecast_0736,2025-01-31 16:00:00,4544.667976409501,5007.926633147397,3800.152750289261
forecast_0737,2025-01-31 17:00:00,4498.245736296438,4668.349872235967,3733.493737575632
forecast_0738,2025-01-31 18:00:00,5128.788388444142,5435.399693382059,3791.1920834343928
forecast_0739,2025-01-31 19:00:00,6284.5638375895405,6453.546929688179,3951.5719654263744
forecast_0740,2025-01-31 20:00:00,7492.616300930965,7673.3296627004365,5276.274775264752
forecast_0741,2025-01-31 21:00:00,6726.955845325379,7079.664113702585,5062.1683612126935
forecast_0742,2025-01-31 22:00:00,5516.902904098037,6030.117873066671,4435.498183412094
forecast_0743,2025-01-31 23:00:00,4927.634212161292,5051.079354276223,3704.498366963052
forecast_0744,2025-02-01 00:00:00,4670.152725495094,5243.692730253586,3763.083152530354
forecast_0745,2025-02-01 01:00:00,5794.9787812561935,5903.045744970585,3919.332912376448
forecast_0746,2025-02-01 02:00:00,5267.212764254548,5392.057727586175,3846.2355697552016
forecast_0747,2025-02-01 03:00:00,4129.671608756186,4072.110404720586,3611.15479506188
forecast_0748,2025-02-01 04:00:00,3706.760429706445,3682.3654852282775,3652.123311234866
forecast_0749,2025-02-01 05:00:00,3928.541004666105,3939.730998372632,3546.7893413085967
forecast_0750,2025-02-01 06:00:00,3744.3093469784185,3637.3264689102425,2749.347234594624
forecast_0751,2025-02-01 07:00:00,3183.1133818843796,2920.4218432302155,3273.001358972864
forecast_0752,2025-02-01 08:00:00,2852.963443286818,2930.1840699135014,2297.3566262969266
forecast_0753,2025-02-01 09:00:00,2969.722056515436,2862.6769596236168,2273.4425043847273
forecast_0754,2025-02-01 10:00:00,2995.5497826749965,2933.059072028214,2311.1840200449387
forecast_0755,2025-02-01 11:00:00,3798.4687497864184,3964.5862583404155,1196.9954567651012
forecast_0756,2025-02-01 12:00:00,5930.035415680986,4371.272176847448,828.6624084066575
forecast_0757,2025-02-01 13:00:00,3950.9073529163084,3896.241667923554,12.176975687970296
forecast_0758,2025-02-01 14:00:00,1232.4085496730959,2740.1986507356073,19.750094076238252
forecast_0759,2025-02-01 15:00:00,3010.027626597046,3821.5397636985176,893.075177517459
forecast_0760,2025-02-01 16:00:00,3987.0998094401293,4534.605968073982,2205.8185609341044
forecast_0761,2025-02-01 17:00:00,4297.518560915209,4404.60291320336,2226.027991561722
forecast_0762,2025-02-01 18:00:00,4598.870970339931,4412.198205068754,2179.842565276946
forecast_0763,2025-02-01 19:00:00,4722.3582032711465,3646.8321058431306,3297.5457125718035
forecast_0764,2025-02-01 20:00:00,4754.004932258898,4098.073587626717,3329.100426729879
forecast_0765,2025-02-01 21:00:00,4807.225771650551,3837.6668110844885,3484.94021919606
forecast_0766,2025-02-01 22:00:00,4452.224778450699,3826.8234054486607,3362.5022532787425
forecast_0767,2025-02-01 23:00:00,3854.619485487502,3620.6146044770317,3686.872386160324
forecast_0768,2025-02-02 00:00:00,3846.0920290673293,3659.914005606873,4088.8834675423927
forecast_0769,2025-02-02 01:00:00,3841.968701911147,3758.3231694740966,3156.72915966407
forecast_0770,2025-02-02 02:00:00,3885.30391847953,3744.9527569519687,3329.406638027203
forecast_0771,2025-02-02 03:00:00,3810.1020829564436,3554.121410436718,3132.670262159969
forecast_0772,2025-02-02 04:00:00,3462.633502873417,3604.1573912772656,3066.068208161076
forecast_0773,2025-02-02 05:00:00,3499.230734014575,3312.744777829218,2892.1454105901157
forecast_0774,2025-02-02 06:00:00,2926.6380225910502,3211.033795135697,1637.5673257277579
forecast_0775,2025-02-02 07:00:00,3043.7624045547004,3337.0377463556483,2240.909251068761
forecast_0776,2025-02-02 08:00:00,3645.486382095452,3429.142738921017,3037.5040172443187
forecast_0777,2025-02-02 09:00:00,3333.0926019176204,2909.0064274245365,2020.0750984237593
forecast_0778,2025-02-02 10:00:00,2736.513584612461,2526.1751537318682,1578.6747637082808
forecast_0779,2025-02-02 11:00:00,2797.274971565363,3158.346789543143,1247.2163610352388
forecast_0780,2025-02-02 12:00:00,2342.4574699923687,2564.9136454192335,1214.4957439257048
forecast_0781,2025-02-02 13:00:00,2250.210680290177,2290.920540590846,1235.5400438399718
forecast_0782,2025-02-02 14:00:00,2670.5161688408925,2595.356831841196,2170.9386163212894
forecast_0783,2025-02-02 15:00:00,3359.61237821637,3265.5513809077606,2795.80775813859
forecast_0784,2025-02-02 16:00:00,3467.6611694016565,3853.8059356886847,3377.5460273967547
forecast_0785,2025-02-02 17:00:00,3558.761219055611,3830.1424259861656,3824.0163074018506
forecast_0786,2025-02-02 18:00:00,4362.756048886795,4351.107127813842,3598.038396307925
forecast_0787,2025-02-02 19:00:00,6296.367164339571,6469.58426639911,4668.24856245727
forecast_0788,2025-02-02 20:00:00,8979.627072977384,10122.022997556945,5175.796208677469
forecast_0789,2025-02-02 21:00:00,9940.264889594539,12339.320083869705,6020.603410830993
forecast_0790,2025-02-02 22:00:00,14025.036919200427,13252.292277536153,8087.227600864871
forecast_0791,2025-02-02 23:00:00,14610.993985985619,14802.31975252245,10274.354056963059
forecast_0792,2025-02-03 00:00:00,15106.916123074054,15410.913351908328,11427.684891519973
forecast_0793,2025-02-03 01:00:00,16123.88411943774,17436.893010393636,14812.494382951561
forecast_0794,2025-02-03 02:00:00,16167.711752382142,17622.21567642336,14629.047692588294
forecast_0795,2025-02-03 03:00:00,16334.160098547969,17710.777587904075,14921.179827065705
forecast_0796,2025-02-03 04:00:00,15923.253356555097,16954.60810714485,15171.609212066125
forecast_0797,2025-02-03 05:00:00,16003.353096734509,16783.29488701799,14477.799049693462
forecast_0798,2025-02-03 06:00:00,16100.043858294364,17414.366588252593,14611.740975880002
forecast_0799,2025-02-03 07:00:00,16213.844983277955,17810.83832121923,15089.88029160015
forecast_0800,2025-02-03 08:00:00,16447.695027127997,17147.088090001806,15393.35369284412
forecast_0801,2025-02-03 09:00:00,16284.83119133741,16778.738860347486,14767.91019772094
forecast_0802,2025-02-03 10:00:00,15333.687311754362,16735.524816571575,14086.872485607044
forecast_0803,2025-02-03 11:00:00,14920.37470385212,16429.189190293204,13499.688458190283
forecast_0804,2025-02-03 12:00:00,14605.835161722782,15508.551860692674,12720.345312602474
forecast_0805,2025-02-03 13:00:00,14775.969753056399,15107.303459553246,11969.894517928506
forecast_0806,2025-02-03 14:00:00,13902.169264627837,15198.234925351631,11551.140109298216
forecast_0807,2025-02-03 15:00:00,13987.716605716421,15522.506172149053,10796.52545604717
forecast_0808,2025-02-03 16:00:00,13995.32948875478,15894.230849983363,11185.174903697412
forecast_0809,2025-02-03 17:00:00,14212.609507228664,14153.795000899436,11996.746810520655
forecast_0810,2025-02-03 18:00:00,14235.2941273586,14536.274235586587,12405.916261304286
forecast_0811,2025-02-03 19:00:00,14608.29336314296,14995.028921626816,13482.988453119371
forecast_0812,2025-02-03 20:00:00,14751.900138316685,15287.424361746509,14192.28204337646
forecast_0813,2025-02-03 21:00:00,14674.416827973588,15579.235870939216,14918.327769044216
forecast_0814,2025-02-03 22:00:00,14972.535893547007,16216.23430354613,15341.29412268185
forecast_0815,2025-02-03 23:00:00,15008.198691343556,16790.103008164395,15433.789186252705
forecast_0816,2025-02-04 00:00:00,15094.001715787994,16870.778890842594,15339.835079554794
forecast_0817,2025-02-04 01:00:00,14515.490869588679,16031.79877155861,14197.78000731341
forecast_0818,2025-02-04 02:00:00,14401.404900114743,16615.71324223663,13794.778443677093
forecast_0819,2025-02-04 03:00:00,14169.07937928833,15017.527412727466,14899.704802090568
forecast_0820,2025-02-04 04:00:00,14541.138222460848,14952.677396495845,13583.506188501728
forecast_0821,2025-02-04 05:00:00,15333.216587770605,15857.541002252232,13810.015682473573
forecast_0822,2025-02-04 06:00:00,15901.588155015294,17089.697856292372,13979.574427278818
forecast_0823,2025-02-04 07:00:00,15800.431240334547,16828.043447253447,13721.040826463062
forecast_0824,2025-02-04 08:00:00,15387.311972651556,16314.979895143179,13652.152160758576
forecast_0825,2025-02-04 09:00:00,15220.15412970179,16174.972696521063,13358.932305297496
forecast_0826,2025-02-04 10:00:00,15971.280838316337,16660.52949344259,13566.742339107372
forecast_0827,2025-02-04 11:00:00,16082.717531582952,16662.082168431036,13694.649016846304
forecast_0828,2025-02-04 12:00:00,15675.96847819271,16158.67584425037,13341.652190390292
forecast_0829,2025-02-04 13:00:00,15136.848615031611,15632.06351324092,12213.718621238077
forecast_0830,2025-02-04 14:00:00,14744.100509115695,14789.049333243911,11168.749648796524
forecast_0831,2025-02-04 15:00:00,14593.023730440113,14301.398329093621,10803.332335696432
forecast_0832,2025-02-04 16:00:00,14823.918966408464,14726.26592842433,10947.714317655551
forecast_0833,2025-02-04 17:00:00,14667.754008860466,15795.56066173636,11532.552794070058
forecast_0834,2025-02-04 18:00:00,15337.198192882533,16737.05216502903,12923.199697922459
forecast_0835,2025-02-04 19:00:00,14771.780327823239,16859.440294598546,12860.192995631129
forecast_0836,2025-02-04 20:00:00,14820.429169505825,17118.942829766722,13178.888956117404
forecast_0837,2025-02-04 21:00:00,14705.48500097033,15998.220430451403,13845.449409506024
forecast_0838,2025-02-04 22:00:00,14718.645668582238,16901.915889761127,14540.467423308271
forecast_0839,2025-02-04 23:00:00,14787.203711972952,16816.90927019326,14955.333326385498
forecast_0840,2025-02-05 00:00:00,14581.599938262754,16739.398465487397,14549.77702817179
forecast_0841,2025-02-05 01:00:00,14684.272158229809,17229.589919070953,15879.026829667582
forecast_0842,2025-02-05 02:00:00,16148.50146711438,17481.314625001793,16494.60064844926
forecast_0843,2025-02-05 03:00:00,16462.73693115349,17685.34650845814,16617.62999381695
forecast_0844,2025-02-05 04:00:00,16505.845977843594,17463.21653322667,16203.284068160088
forecast_0845,2025-02-05 05:00:00,16278.123143718587,17291.958603318133,15707.706328718961
forecast_0846,2025-02-05 06:00:00,16425.516688134307,17277.96282653482,15651.561910127646
forecast_0847,2025-02-05 07:00:00,15937.323149373175,17090.299309811773,15431.492808324934
forecast_0848,2025-02-05 08:00:00,15978.428351088898,17021.264031983217,14363.660349523667
forecast_0849,2025-02-05 09:00:00,15990.828737158345,16745.908442594868,14185.153830966981
forecast_0850,2025-02-05 10:00:00,15984.459344632493,16463.287417913256,13557.074649755737
forecast_0851,2025-02-05 11:00:00,16005.447586349042,16374.317557303939,13569.819997279297
forecast_0852,2025-02-05 12:00:00,15765.997143427516,16469.56526481011,13554.574910106578
forecast_0853,2025-02-05 13:00:00,15861.924658787237,16890.89918493336,13884.102781426494
forecast_0854,2025-02-05 14:00:00,15881.875980563229,16871.96983412273,13467.3439419609
forecast_0855,2025-02-05 15:00:00,15878.587732698303,16827.24023074395,13536.703422084389
forecast_0856,2025-02-05 16:00:00,15736.26079761105,16839.478438511647,13616.062222787337
forecast_0857,2025-02-05 17:00:00,15720.208938759217,16817.315283933294,13647.55547074636
forecast_0858,2025-02-05 18:00:00,15191.498661402373,16673.339580158572,13417.34443539833
forecast_0859,2025-02-05 19:00:00,14862.433821731302,16527.24106000442,13250.049743309006
forecast_0860,2025-02-05 20:00:00,14753.98182439962,16092.529906086791,13570.415438054051
forecast_0861,2025-02-05 21:00:00,14302.917507601554,16327.854382269321,14011.971524310033
forecast_0862,2025-02-05 22:00:00,14242.676922197581,16640.152717966972,14996.494373850232
forecast_0863,2025-02-05 23:00:00,14458.052386199977,16864.204826276422,15857.061830292596
forecast_0864,2025-02-06 00:00:00,14385.019524786963,17390.52091574744,16150.982481878953
forecast_0865,2025-02-06 01:00:00,16190.01365784391,17018.61633632579,16448.215076982782
forecast_0866,2025-02-06 02:00:00,16185.589624924365,17450.0456358445,16248.218363771472
forecast_0867,2025-02-06 03:00:00,16246.338351999779,17587.612359780545,16085.730559878966
forecast_0868,2025-02-06 04:00:00,17113.922783106995,17736.291827442914,16632.476068112843
forecast_0869,2025-02-06 05:00:00,17100.46141917897,17402.493633168615,16786.26964168883
forecast_0870,2025-02-06 06:00:00,17003.9209013176,17130.551433921486,16643.760891320617
forecast_0871,2025-02-06 07:00:00,16473.112059627674,17087.514153926728,15826.97297957516
forecast_0872,2025-02-06 08:00:00,15646.894225234339,16449.714733169385,15213.391222402804
forecast_0873,2025-02-06 09:00:00,14625.542028120455,15088.41402517296,14513.772581830604
forecast_0874,2025-02-06 10:00:00,13856.050262626019,14230.193796945814,13462.036524532392
forecast_0875,2025-02-06 11:00:00,13785.313647806084,13597.559609628854,12069.211421412014
forecast_0876,2025-02-06 12:00:00,14126.891425968226,14903.526531385005,11450.781040256437
forecast_0877,2025-02-06 13:00:00,14117.201967088886,14115.530435260674,11609.897690045089
forecast_0878,2025-02-06 14:00:00,13779.434776410337,13120.605181754325,12408.76552960457
forecast_0879,2025-02-06 15:00:00,13257.128842374692,12803.168663562728,12427.53139907354
forecast_0880,2025-02-06 16:00:00,13238.399079621568,12889.047386797081,12730.51943373943
forecast_0881,2025-02-06 17:00:00,13494.068491829234,13834.081695817324,13077.685172016509
forecast_0882,2025-02-06 18:00:00,13782.480789801588,14937.627674994064,13952.282493711291
forecast_0883,2025-02-06 19:00:00,14321.981695728748,13852.561684584698,14053.39199039185
forecast_0884,2025-02-06 20:00:00,14404.026833677453,14144.553906125639,13971.36073457973
forecast_0885,2025-02-06 21:00:00,13976.794291410175,13817.53908980158,12691.115232312652
forecast_0886,2025-02-06 22:00:00,14067.790497314232,14292.267810323117,12492.639548946141
forecast_0887,2025-02-06 23:00:00,13309.853885310185,14897.888169552114,11516.407652736241
forecast_0888,2025-02-07 00:00:00,13323.50382590084,13752.657689952339,11992.06554139552
forecast_0889,2025-02-07 01:00:00,8161.01930123825,8731.760509728163,6884.637403328601
forecast_0890,2025-02-07 02:00:00,7900.505177532989,7993.943889265288,6455.00255830274
forecast_0891,2025-02-07 03:00:00,8135.6699839099465,8448.643614547378,6014.256561461747
forecast_0892,2025-02-07 04:00:00,7892.802889743545,9226.460513343232,6748.184962036865
forecast_0893,2025-02-07 05:00:00,8500.01459932881,9411.944370366258,7120.987349479704
forecast_0894,2025-02-07 06:00:00,7677.580422156599,8794.935505710953,6316.420230247287
forecast_0895,2025-02-07 07:00:00,5959.754502848633,7217.241789796987,5347.321478376907
forecast_0896,2025-02-07 08:00:00,6186.407493192516,6582.991669054556,5278.606109388173
forecast_0897,2025-02-07 09:00:00,7194.2920329413255,7166.514064817336,5939.9799504997345
forecast_0898,2025-02-07 10:00:00,10261.080618217096,10167.022815367083,7886.663906011454
forecast_0899,2025-02-07 11:00:00,12619.37259043292,12739.652067798299,9874.100952345798
forecast_0900,2025-02-07 12:00:00,13706.395495336275,14598.561409677637,11548.10475091251
forecast_0901,2025-02-07 13:00:00,14569.772329228092,15054.122693936235,12122.631186728266
forecast_0902,2025-02-07 14:00:00,14717.338921831117,15211.852062582333,12423.306070528506
forecast_0903,2025-02-07 15:00:00,14848.349941043047,15417.812125659295,11915.706979504708
forecast_0904,2025-02-07 16:00:00,15045.116714714492,15833.285492933794,11895.205890709876
forecast_0905,2025-02-07 17:00:00,14912.788886204295,16002.367625479148,11023.324463520226
forecast_0906,2025-02-07 18:00:00,14583.339976495954,15405.641604024377,10982.565063097183
forecast_0907,2025-02-07 19:00:00,14618.261910783605,15525.537213235697,11279.514718644929
forecast_0908,2025-02-07 20:00:00,15513.51567531513,15957.29934597607,12551.743984782031
forecast_0909,2025-02-07 21:00:00,16216.937353283412,16712.616386560065,13576.789164000213
forecast_0910,2025-02-07 22:00:00,16602.789083176227,17416.60041835814,14596.110770776762
forecast_0911,2025-02-07 23:00:00,17278.838147573737,18124.734045890313,16341.544978273945
forecast_0912,2025-02-08 00:00:00,17497.53998942092,19196.49174091092,16868.787415715648
forecast_0913,2025-02-08 01:00:00,18022.145421443016,18635.42810984271,17204.420761222533
forecast_0914,2025-02-08 02:00:00,18172.95811952713,19640.223197301846,17412.734422997255
forecast_0915,2025-02-08 03:00:00,18840.97586100083,19736.667701782626,17796.795970312804
forecast_0916,2025-02-08 04:00:00,19515.197822373055,19891.944703048724,18093.563448962683
forecast_0917,2025-02-08 05:00:00,19769.25473116767,19896.399405485074,17899.662253714116
forecast_0918,2025-02-08 06:00:00,19791.54856459465,19961.208104862173,17278.490593414826
forecast_0919,2025-02-08 07:00:00,19475.372710682677,20086.18294677731,16978.50532910337
forecast_0920,2025-02-08 08:00:00,18286.987371130614,19437.724874399388,16725.506077642243
forecast_0921,2025-02-08 09:00:00,17488.446633273954,17725.990515219983,14919.927962456137
forecast_0922,2025-02-08 10:00:00,15399.579967954582,15728.017440080888,13037.045468121005
forecast_0923,2025-02-08 11:00:00,13117.334480758314,13706.884005656613,10437.60835960141
forecast_0924,2025-02-08 12:00:00,10166.202081272619,10516.330475489018,7983.2318790198715
forecast_0925,2025-02-08 13:00:00,7076.753689390965,7270.11459185181,5323.930900367264
forecast_0926,2025-02-08 14:00:00,5411.143922346384,5408.812205938474,3917.991802705255
forecast_0927,2025-02-08 15:00:00,4512.932070892321,4669.25568849902,3711.2669208763896
forecast_0928,2025-02-08 16:00:00,5233.518373752651,5331.219149096225,3933.496710395452
forecast_0929,2025-02-08 17:00:00,7193.295445628776,7374.536588959295,5392.596108154022
forecast_0930,2025-02-08 18:00:00,10189.31053805567,10188.057681908604,7338.795908357579
forecast_0931,2025-02-08 19:00:00,11833.83076800583,11890.971588887121,9265.251707546653
forecast_0932,2025-02-08 20:00:00,13624.817244784945,13288.971645489999,11107.989453860191
forecast_0933,2025-02-08 21:00:00,15938.107213881593,15458.995256255443,13233.0607213658
forecast_0934,2025-02-08 22:00:00,18207.452451287558,17696.720936613914,15409.887551354843
forecast_0935,2025-02-08 23:00:00,19608.300632585702,18875.974985403533,16574.97924269298
forecast_0936,2025-02-09 00:00:00,19831.708359909982,19129.006236057226,16539.16981470915
forecast_0937,2025-02-09 01:00:00,19214.828724655752,18340.250830168465,13136.213353610643
forecast_0938,2025-02-09 02:00:00,19409.003737569306,18362.627990849454,13855.22512836286
forecast_0939,2025-02-09 03:00:00,19876.018319914823,18942.644447461786,16473.458864126154
forecast_0940,2025-02-09 04:00:00,20227.04325683897,19435.724693857694,17256.563201094483
forecast_0941,2025-02-09 05:00:00,20051.623033901604,19743.37496141024,17499.933158406606
forecast_0942,2025-02-09 06:00:00,20278.51305250947,19899.47002524226,17509.313931366152
forecast_0943,2025-02-09 07:00:00,20112.312930462278,19887.313204574748,16649.20740214792
forecast_0944,2025-02-09 08:00:00,19879.350296250926,19482.502529002642,15606.212292080314
forecast_0945,2025-02-09 09:00:00,19031.65555789465,18244.244137979073,14637.175070194928
forecast_0946,2025-02-09 10:00:00,17512.21444240488,17348.81620412363,13056.585221412945
forecast_0947,2025-02-09 11:00:00,14207.781438743004,14994.739750193728,11436.127641790885
forecast_0948,2025-02-09 12:00:00,12195.171156315211,12649.869361916206,10173.88966636027
forecast_0949,2025-02-09 13:00:00,10751.37273009637,11566.226716828602,9471.484006911194
forecast_0950,2025-02-09 14:00:00,10534.764583871673,10899.73725338236,8991.051085560399
forecast_0951,2025-02-09 15:00:00,10884.716443751553,11740.101348915287,9062.031113040157
forecast_0952,2025-02-09 16:00:00,12323.561914155554,13567.665667333587,10490.893356714985
forecast_0953,2025-02-09 17:00:00,13847.78795084507,15492.252434463415,11916.369456065255
forecast_0954,2025-02-09 18:00:00,14762.630778708533,16174.32605689057,13295.821821464577
forecast_0955,2025-02-09 19:00:00,15801.222628458527,17051.431824075666,13815.954238360804
forecast_0956,2025-02-09 20:00:00,16574.30043733569,17475.432429496777,14225.69116702401
forecast_0957,2025-02-09 21:00:00,17079.109329202376,17543.07428966527,14273.859355376084
forecast_0958,2025-02-09 22:00:00,17414.069445996975,17737.45857852101,13802.648860345562
forecast_0959,2025-02-09 23:00:00,17918.49323344387,17731.661452927136,14382.060200890024
forecast_0960,2025-02-10 00:00:00,18145.690519980886,18075.444206221993,14871.05404360112
forecast_0961,2025-02-10 01:00:00,17760.136128399346,18324.13626855986,14782.794486747483
forecast_0962,2025-02-10 02:00:00,17815.144900838484,18361.225593993793,15003.701328314559
forecast_0963,2025-02-10 03:00:00,17868.211170095823,18590.795140511545,15871.756024659993
forecast_0964,2025-02-10 04:00:00,18542.642544285372,19789.654040747315,16573.06508621317
forecast_0965,2025-02-10 05:00:00,18810.135771499175,19933.693045267657,17912.001580292203
forecast_0966,2025-02-10 06:00:00,19012.08083573672,19906.024401182287,17871.965381902675
forecast_0967,2025-02-10 07:00:00,18601.866617026255,19899.877024425896,17746.88063317177
forecast_0968,2025-02-10 08:00:00,18170.649118987145,19571.010229916024,17380.83935313181
forecast_0969,2025-02-10 09:00:00,17615.494934882634,18030.585070943307,16312.871269974992
forecast_0970,2025-02-10 10:00:00,16172.998845357895,16978.058364936573,14797.77958184688
forecast_0971,2025-02-10 11:00:00,14663.050238286141,15672.611890286791,12669.66492099603
forecast_0972,2025-02-10 12:00:00,13843.15417272447,14747.460615932143,11449.128350409692
forecast_0973,2025-02-10 13:00:00,13361.22104525337,13952.505209399898,10516.124696399735
forecast_0974,2025-02-10 14:00:00,12986.180461043747,12747.962731376496,10067.347590020257
forecast_0975,2025-02-10 15:00:00,12937.326246171533,12688.27919887103,9775.828935473102
forecast_0976,2025-02-10 16:00:00,12706.657083361488,13030.861230737126,10318.828298441735
forecast_0977,2025-02-10 17:00:00,12319.97434565363,12770.995777972123,10461.60673994676
forecast_0978,2025-02-10 18:00:00,12013.429327014917,12389.801448515505,10288.000027153974
forecast_0979,2025-02-10 19:00:00,11298.20792819498,13411.095037954083,9774.90100385054
forecast_0980,2025-02-10 20:00:00,9863.560309923774,11262.592763328994,8756.16324880389
forecast_0981,2025-02-10 21:00:00,9245.681558658518,10733.1841673943,8204.048484426114
forecast_0982,2025-02-10 22:00:00,8448.964587490094,10495.110159193724,7554.661706828899
forecast_0983,2025-02-10 23:00:00,9834.948837046368,11037.272924085179,7989.0552360305455
forecast_0984,2025-02-11 00:00:00,10708.667856237664,11697.523979307742,8153.674815591416
forecast_0985,2025-02-11 01:00:00,11376.612367931986,12110.050809906656,9722.381306544401
forecast_0986,2025-02-11 02:00:00,11679.864791309405,12806.114135476742,9711.28274217362
forecast_0987,2025-02-11 03:00:00,11883.240233089706,13338.02731937521,10069.693367570208
forecast_0988,2025-02-11 04:00:00,11855.553089591316,13002.320054518228,9620.017996856559
forecast_0989,2025-02-11 05:00:00,11226.464702924046,11966.726902502702,8826.017597806458
forecast_0990,2025-02-11 06:00:00,9788.898495656998,10989.178803141058,8001.3207924806275
forecast_0991,2025-02-11 07:00:00,8997.62079535091,9908.534363076142,7413.719164768369
forecast_0992,2025-02-11 08:00:00,8415.51024934426,8785.100852402618,6667.766223263147
forecast_0993,2025-02-11 09:00:00,8011.240980991215,7862.383638831619,5976.862379833573
forecast_0994,2025-02-11 10:00:00,6324.380434004873,6202.966028874308,4598.001688633047
forecast_0995,2025-02-11 11:00:00,4455.781128149334,4563.40845899745,3769.405633084695
forecast_0996,2025-02-11 12:00:00,3943.628667056174,3939.2360542961646,4042.337888471774
forecast_0997,2025-02-11 13:00:00,4946.025300441938,5335.288968072895,4012.929118306589
forecast_0998,2025-02-11 14:00:00,5913.797639372566,5898.031006201495,3927.5704924786705
forecast_0999,2025-02-11 15:00:00,4215.833255047678,4124.842122482703,4031.454968071134
forecast_1000,2025-02-11 16:00:00,4869.862563777083,4762.547696129802,4086.0590800171913
forecast_1001,2025-02-11 17:00:00,3722.1028220726653,3789.946577419035,3399.806171824691
forecast_1002,2025-02-11 18:00:00,5046.799386916891,5190.393807186208,3892.8235842646727
forecast_1003,2025-02-11 19:00:00,8366.126998148819,8566.669552188188,5552.522230128705
forecast_1004,2025-02-11 20:00:00,11100.448862260328,11043.186942031685,7799.476855965348
forecast_1005,2025-02-11 21:00:00,12294.18812750834,13197.169121983668,8847.722823411685
forecast_1006,2025-02-11 22:00:00,12986.703536076211,15201.518674903835,10626.00834620557
forecast_1007,2025-02-11 23:00:00,18053.58992894266,17195.017973370574,12688.747363229493
forecast_1008,2025-02-12 00:00:00,17726.086751115006,18662.160975910396,14973.69704036493
forecast_1009,2025-02-12 01:00:00,17703.565322613274,17799.577569123954,13495.909677635998
forecast_1010,2025-02-12 02:00:00,17841.901483693906,18100.936724732663,14510.950930627187
forecast_1011,2025-02-12 03:00:00,17324.790865500174,18498.027791312143,14968.350344740506
forecast_1012,2025-02-12 04:00:00,17296.548917958084,18147.763140227493,15001.027180568879
forecast_1013,2025-02-12 05:00:00,15272.85105305656,16354.350548421207,13741.55552115004
forecast_1014,2025-02-12 06:00:00,12826.63395554898,14521.058750562186,11081.766835900375
forecast_1015,2025-02-12 07:00:00,11926.451326270098,13583.460974795586,8241.672309726078
forecast_1016,2025-02-12 08:00:00,9856.86735814992,11152.25051658124,5956.16175952904
forecast_1017,2025-02-12 09:00:00,9367.798408429162,10296.202499481939,6352.331707378508
forecast_1018,2025-02-12 10:00:00,9667.319327812733,11389.936586769318,7841.579322039897
forecast_1019,2025-02-12 11:00:00,11600.146261103346,12899.970434667857,8547.731859433663
forecast_1020,2025-02-12 12:00:00,13429.981131640705,15275.476176262331,11397.202013899012
forecast_1021,2025-02-12 13:00:00,14818.775817599513,15821.369903211058,12310.85596711991
forecast_1022,2025-02-12 14:00:00,16307.73566617139,17377.037796205503,13388.694103907228
forecast_1023,2025-02-12 15:00:00,18209.353462071787,18542.325212598913,16247.623585740861
forecast_1024,2025-02-12 16:00:00,18885.68312102586,19330.2174843105,16953.459122870026
forecast_1025,2025-02-12 17:00:00,18510.713189512382,19395.230634846634,18336.84384222896
forecast_1026,2025-02-12 18:00:00,18604.731497770877,19171.960333571362,16779.88294718772
forecast_1027,2025-02-12 19:00:00,17928.420621931808,18504.343217865156,15765.930718567284
forecast_1028,2025-02-12 20:00:00,17560.064868085952,18001.00816181374,15745.324862062575
forecast_1029,2025-02-12 21:00:00,17234.060097419915,17336.851814762384,15877.349029775993
forecast_1030,2025-02-12 22:00:00,16379.369625785575,16700.801548558207,15264.84238182157
forecast_1031,2025-02-12 23:00:00,16181.864066771957,16604.58200526409,15004.082298900239
forecast_1032,2025-02-13 00:00:00,15859.74149784864,16255.244423883507,14702.282462719513
forecast_1033,2025-02-13 01:00:00,14065.580124256649,15779.270969047637,12879.1585426622
forecast_1034,2025-02-13 02:00:00,13862.981114670689,15469.39535844919,12587.616638603471
forecast_1035,2025-02-13 03:00:00,14090.148637960858,15469.790483880808,12057.183020155655
forecast_1036,2025-02-13 04:00:00,13952.350048616143,15788.941772943097,11226.191839433157
forecast_1037,2025-02-13 05:00:00,14087.228564692005,16221.733009349326,11743.528519997217
forecast_1038,2025-02-13 06:00:00,14639.984328972312,16418.594303202473,12489.679876130765
forecast_1039,2025-02-13 07:00:00,15742.04390939585,16681.9451561587,13642.6965436461
forecast_1040,2025-02-13 08:00:00,17207.643582052704,17660.814420913513,15626.147506538608
forecast_1041,2025-02-13 09:00:00,17451.314727537527,17935.859904323523,14812.075104254876
forecast_1042,2025-02-13 10:00:00,16461.802773715022,17774.187068674943,13227.376438474554
forecast_1043,2025-02-13 11:00:00,15273.869770274747,17790.151373847166,12248.862630062833
forecast_1044,2025-02-13 12:00:00,14846.096211122285,17020.150071286876,11629.521874053813
forecast_1045,2025-02-13 13:00:00,14445.417862002038,15402.207888432325,11347.316640755238
forecast_1046,2025-02-13 14:00:00,14512.823651989382,15301.028317341757,11486.62942246626
forecast_1047,2025-02-13 15:00:00,14736.932248670697,16284.376399855106,11920.822290450325
forecast_1048,2025-02-13 16:00:00,15150.121736176949,16611.54442592611,12785.372313736307
forecast_1049,2025-02-13 17:00:00,16254.068367234684,17999.165378076126,14905.859272690734
forecast_1050,2025-02-13 18:00:00,17266.539703207665,18583.50702058078,16850.188851805477
forecast_1051,2025-02-13 19:00:00,18262.26911258137,19237.68233228716,18254.960150283125
forecast_1052,2025-02-13 20:00:00,18630.75669363098,19277.36662452169,18933.315604155203
forecast_1053,2025-02-13 21:00:00,18832.946411777386,19283.114331752364,19347.38598464971
forecast_1054,2025-02-13 22:00:00,19287.01017329812,19559.169982514104,19335.227040126952
forecast_1055,2025-02-13 23:00:00,19517.936062686706,19668.892838244992,19339.452352101154
forecast_1056,2025-02-14 00:00:00,19395.300401630444,19563.753150536155,19334.912608157752
forecast_1057,2025-02-14 01:00:00,19045.583295008597,19614.288158758813,19336.39035943466
forecast_1058,2025-02-14 02:00:00,19183.21054437378,19539.563827298633,19329.829256478628
forecast_1059,2025-02-14 03:00:00,18781.806402537848,19482.539653219086,19340.161002259076
forecast_1060,2025-02-14 04:00:00,18888.379507544112,19572.31476173205,19291.52317049706
forecast_1061,2025-02-14 05:00:00,19022.658626824817,19802.157985562433,19156.69579661712
forecast_1062,2025-02-14 06:00:00,19766.606344893808,19912.766990582866,19219.582409915707
forecast_1063,2025-02-14 07:00:00,19896.027513495403,19885.63874014268,19215.040018174022
forecast_1064,2025-02-14 08:00:00,19867.95991110521,19907.246491267826,18249.125867472056
forecast_1065,2025-02-14 09:00:00,18194.82724383559,18509.967166327446,15669.026277444855
forecast_1066,2025-02-14 10:00:00,14840.725947636742,15758.274680567994,13117.61863907136
forecast_1067,2025-02-14 11:00:00,11709.767830116894,13108.965061388477,10574.076458569645
forecast_1068,2025-02-14 12:00:00,10004.600988023794,11073.910825658,9074.405280593182
forecast_1069,2025-02-14 13:00:00,9502.273356042826,9620.102094361027,8444.120490177223
forecast_1070,2025-02-14 14:00:00,9147.879360023087,9229.657205020967,7951.985878326938
forecast_1071,2025-02-14 15:00:00,9180.256382955879,9225.59285035226,7913.995196837728
forecast_1072,2025-02-14 16:00:00,9637.313400235122,9487.179674019328,8344.145010917766
forecast_1073,2025-02-14 17:00:00,10121.980085945623,10892.34063728196,9126.38898493345
forecast_1074,2025-02-14 18:00:00,11551.443700455071,12114.537754509081,10617.778618438979
forecast_1075,2025-02-14 19:00:00,13762.984334917659,14312.751132037254,11834.757245699855
forecast_1076,2025-02-14 20:00:00,14649.128437273082,16028.68217044705,12646.766676235355
forecast_1077,2025-02-14 21:00:00,16592.951382148738,17374.081914530878,12146.079471782878
forecast_1078,2025-02-14 22:00:00,15631.810767337643,16313.790185925376,12105.779563211245
forecast_1079,2025-02-14 23:00:00,16002.431756306341,16133.782947397955,12382.636700468334
forecast_1080,2025-02-15 00:00:00,16164.38552542429,16133.359820149983,12757.485609050937
forecast_1081,2025-02-15 01:00:00,17615.270739361767,16135.675625632462,11925.563652896342
forecast_1082,2025-02-15 02:00:00,17727.59423235377,16364.842462063212,12195.333826810385
forecast_1083,2025-02-15 03:00:00,17809.470908529103,16627.91009450437,11682.286354296788
forecast_1084,2025-02-15 04:00:00,17906.357005544192,16955.233400806275,11382.93846021032
forecast_1085,2025-02-15 05:00:00,18227.616573565716,17069.044806987516,11278.331505092205
forecast_1086,2025-02-15 06:00:00,18061.64282139224,17016.95890243015,11153.406916202659
forecast_1087,2025-02-15 07:00:00,18018.843936627487,16988.64639924377,11215.900133754962
forecast_1088,2025-02-15 08:00:00,16653.805213647385,16290.465152288305,10469.930797635063
forecast_1089,2025-02-15 09:00:00,15781.671734949572,15863.120504755261,10322.07917505099
forecast_1090,2025-02-15 10:00:00,13858.845845763115,13890.879372785366,8828.87384451608
forecast_1091,2025-02-15 11:00:00,11663.255639684812,11766.63760964485,8247.881108505657
forecast_1092,2025-02-15 12:00:00,9754.293744416229,10947.010744524692,8391.573312641374
forecast_1093,2025-02-15 13:00:00,10985.8693357267,11353.32544377231,10022.68304647997
forecast_1094,2025-02-15 14:00:00,11282.910992223433,12150.657396539948,10958.566210914847
forecast_1095,2025-02-15 15:00:00,12265.504788868378,13218.510867466597,11564.176272937284
forecast_1096,2025-02-15 16:00:00,12945.177619947544,13567.292297587239,11931.053706108609
forecast_1097,2025-02-15 17:00:00,13879.121307178519,14586.891262467729,12691.584418631366
forecast_1098,2025-02-15 18:00:00,15074.391553274829,15926.465069686472,13847.974563319276
forecast_1099,2025-02-15 19:00:00,16921.009624399834,17871.888295248755,15232.031597361301
forecast_1100,2025-02-15 20:00:00,19258.849271963016,19196.15842737089,16231.632769883436
forecast_1101,2025-02-15 21:00:00,19887.728181407478,19910.352098238258,16717.86740536708
forecast_1102,2025-02-15 22:00:00,19891.893525605374,19901.45916224801,17090.372719538067
forecast_1103,2025-02-15 23:00:00,19777.463598751423,19900.34836515648,17833.8101474974
forecast_1104,2025-02-16 00:00:00,19731.61882551476,19887.304665599826,17838.297563334792
forecast_1105,2025-02-16 01:00:00,19903.489082739896,19948.506945404064,17961.10692516534
forecast_1106,2025-02-16 02:00:00,19907.838369840254,19894.57316748332,17700.030122536664
forecast_1107,2025-02-16 03:00:00,19891.37263154781,19905.951312757577,15632.232767620568
forecast_1108,2025-02-16 04:00:00,18867.18780437941,19004.348998868812,14994.672409583603
forecast_1109,2025-02-16 05:00:00,18156.450943452688,18153.11809627222,14172.363852263665
forecast_1110,2025-02-16 06:00:00,17829.90091120451,17856.273770465905,12754.347209832911
forecast_1111,2025-02-16 07:00:00,17494.29884653281,17432.97971687829,12397.524100817378
forecast_1112,2025-02-16 08:00:00,17079.369231777804,17254.172397396793,12199.505914976382
forecast_1113,2025-02-16 09:00:00,16572.111913586457,16567.95067534169,11509.177030491232
forecast_1114,2025-02-16 10:00:00,14460.23487451864,14940.046345402288,10549.665024555057
forecast_1115,2025-02-16 11:00:00,12391.221723346644,12843.367261323418,9251.17304194567
forecast_1116,2025-02-16 12:00:00,11206.80143158224,11590.302885605237,8542.498906123521
forecast_1117,2025-02-16 13:00:00,11710.847019838111,11796.701073470049,9079.751402057884
forecast_1118,2025-02-16 14:00:00,13614.789519484119,13714.889874882565,11102.289846086729
forecast_1119,2025-02-16 15:00:00,14827.426014981955,14839.138268814486,12798.377347766467
forecast_1120,2025-02-16 16:00:00,16044.006295066547,16000.359050469562,14309.968127432925
forecast_1121,2025-02-16 17:00:00,16650.630330189622,16687.050943367307,14829.889425348887
forecast_1122,2025-02-16 18:00:00,16862.53549645455,17133.973784155198,15523.12250582837
forecast_1123,2025-02-16 19:00:00,17162.939781100416,17503.02152339638,15479.412368624235
forecast_1124,2025-02-16 20:00:00,17353.57716095167,17573.71148033925,15418.083899634072
forecast_1125,2025-02-16 21:00:00,17565.053095194853,18304.654323030252,15365.164804287188
forecast_1126,2025-02-16 22:00:00,17589.288149124342,17875.853870069895,15322.236327385368
forecast_1127,2025-02-16 23:00:00,17148.156756006058,17665.453200092415,14859.86457730254
forecast_1128,2025-02-17 00:00:00,16678.774829953185,17421.682528485464,14526.212818954644
forecast_1129,2025-02-17 01:00:00,13254.99623059547,13851.160821404374,11660.287069386175
forecast_1130,2025-02-17 02:00:00,13346.58049310711,13811.265903977823,11856.707669543286
forecast_1131,2025-02-17 03:00:00,13293.275060713462,13908.969407768856,11928.898880887155
forecast_1132,2025-02-17 04:00:00,12938.825117285833,12859.486078490476,11335.976957559582
forecast_1133,2025-02-17 05:00:00,12509.84897247681,11921.566850485377,10737.88076091414
forecast_1134,2025-02-17 06:00:00,12535.51465156491,12078.20900013192,9919.706904866847
forecast_1135,2025-02-17 07:00:00,12641.520448366304,12700.24750585736,10262.533564162584
forecast_1136,2025-02-17 08:00:00,12955.114220167174,13875.748307052816,10578.082337408287
forecast_1137,2025-02-17 09:00:00,13241.87696829729,13300.783949731678,10754.458043239229
forecast_1138,2025-02-17 10:00:00,13178.913594734071,13466.704996625269,10480.12277058453
forecast_1139,2025-02-17 11:00:00,13063.113981047798,12267.970284749154,9919.343254366826
forecast_1140,2025-02-17 12:00:00,13146.135608432147,12078.109559959561,9873.42880610355
forecast_1141,2025-02-17 13:00:00,13044.198223283931,12623.260502699432,9650.522651701422
forecast_1142,2025-02-17 14:00:00,13182.552001904516,12617.032187404382,9619.095090337722
forecast_1143,2025-02-17 15:00:00,12289.001836321106,12028.555094325278,9336.443191602619
forecast_1144,2025-02-17 16:00:00,11586.522377097159,11427.507583683184,8820.395640045655
forecast_1145,2025-02-17 17:00:00,10599.510479562134,10437.907016667063,8143.362249677525
forecast_1146,2025-02-17 18:00:00,9684.019260812656,9521.580244806804,7642.8185069205565
forecast_1147,2025-02-17 19:00:00,9300.015470352582,9272.784945373529,6727.312076564876
forecast_1148,2025-02-17 20:00:00,8601.361438255972,9353.991103338913,6617.911129100563
forecast_1149,2025-02-17 21:00:00,8377.341054719216,9374.671342013136,5821.8537792772795
forecast_1150,2025-02-17 22:00:00,7928.833445199272,9368.41820461788,5266.375078524166
forecast_1151,2025-02-17 23:00:00,7261.988227369586,8802.256068949699,6066.23393278021
forecast_1152,2025-02-18 00:00:00,6807.322983768553,7527.999031165282,5984.640883651553
forecast_1153,2025-02-18 01:00:00,10298.68597167433,11278.30353544517,7900.879511578158
forecast_1154,2025-02-18 02:00:00,10792.238623910293,11422.531164324588,8520.928161417152
forecast_1155,2025-02-18 03:00:00,11461.448078022924,12107.023952213412,9756.42848466694
forecast_1156,2025-02-18 04:00:00,11462.042933327155,12695.83668931155,9581.648078166903
forecast_1157,2025-02-18 05:00:00,12127.854009686469,13650.497679057578,9692.032373433112
forecast_1158,2025-02-18 06:00:00,12809.39752901936,14494.289458849576,10175.082844173707
forecast_1159,2025-02-18 07:00:00,13870.107780759505,14903.079075724798,10636.465595889324
forecast_1160,2025-02-18 08:00:00,13174.002989155108,14238.929265449855,10468.292539235334
forecast_1161,2025-02-18 09:00:00,12619.748470589044,13235.953156766773,10054.6138947644
forecast_1162,2025-02-18 10:00:00,11894.572520871381,12311.986849587973,9882.041299533748
forecast_1163,2025-02-18 11:00:00,11702.533130430878,12450.992193088043,9633.991599417295
forecast_1164,2025-02-18 12:00:00,11887.80574913711,11447.820085183754,9134.009308597935
forecast_1165,2025-02-18 13:00:00,11945.247186863078,11343.315059806515,8793.022396707258
forecast_1166,2025-02-18 14:00:00,12322.160699199712,11603.447385232275,8978.609081865983
forecast_1167,2025-02-18 15:00:00,12356.815264299521,11528.768849468424,9153.556221565137
forecast_1168,2025-02-18 16:00:00,12565.321722856528,11658.534061759086,9263.459968039808
forecast_1169,2025-02-18 17:00:00,12664.563096053409,11948.129964675485,9241.55024270416
forecast_1170,2025-02-18 18:00:00,12693.777542087182,11770.40041346106,9397.145107831644
forecast_1171,2025-02-18 19:00:00,11652.802787216839,11406.610564937831,9463.891553994988
forecast_1172,2025-02-18 20:00:00,11445.49397328296,11214.252095601936,9719.240997229155
forecast_1173,2025-02-18 21:00:00,10318.300890477964,10626.668822305222,8803.307781342943
forecast_1174,2025-02-18 22:00:00,10282.498908574087,11361.391480052953,8191.567109802492
forecast_1175,2025-02-18 23:00:00,10070.210291918896,11464.547177948227,8072.063160495835
forecast_1176,2025-02-19 00:00:00,10933.599597617176,12753.663515678321,8108.098203631628
forecast_1177,2025-02-19 01:00:00,12297.312274059974,13443.627126816173,9878.699048076893
forecast_1178,2025-02-19 02:00:00,13132.167615173124,13848.908846219952,10346.348455427067
forecast_1179,2025-02-19 03:00:00,14662.216584372913,15520.913762715341,11158.797938510577
forecast_1180,2025-02-19 04:00:00,15085.272681399561,15929.115997048788,10696.329535378727
forecast_1181,2025-02-19 05:00:00,14863.05886693441,15955.188444321551,10766.570351670896
forecast_1182,2025-02-19 06:00:00,14938.778189906117,16338.646434293873,10936.663565061148
forecast_1183,2025-02-19 07:00:00,15673.822594762343,16349.606958870605,10752.726822446963
forecast_1184,2025-02-19 08:00:00,15351.879134896073,15706.866344224149,9990.005936302645
forecast_1185,2025-02-19 09:00:00,13529.729157103668,14079.3408774701,9222.708036978882
forecast_1186,2025-02-19 10:00:00,10775.64147133586,11472.36926832376,8167.608328329698
forecast_1187,2025-02-19 11:00:00,7874.21870246688,8194.674960907718,6351.946436086205
forecast_1188,2025-02-19 12:00:00,6256.031414172437,6508.4942289932405,5163.95230292326
forecast_1189,2025-02-19 13:00:00,5322.974294157294,5138.892734233059,4551.015584596204
forecast_1190,2025-02-19 14:00:00,5082.635819431617,5058.214631930063,4327.130551325982
forecast_1191,2025-02-19 15:00:00,5697.307808069048,5252.023408385654,4299.742659402143
forecast_1192,2025-02-19 16:00:00,5829.688862168667,5460.051530567638,4385.756875849945
forecast_1193,2025-02-19 17:00:00,5527.88747710916,5355.366246884996,4695.363062393934
forecast_1194,2025-02-19 18:00:00,5785.226763880057,5722.7131200469485,5004.158095119413
forecast_1195,2025-02-19 19:00:00,6215.085798072346,6472.87524454787,5289.7525742372845
forecast_1196,2025-02-19 20:00:00,6888.316759051531,8588.010332154596,5554.004908140055
forecast_1197,2025-02-19 21:00:00,7740.768318216576,9100.24390418755,5953.033260037624
forecast_1198,2025-02-19 22:00:00,9577.16125980245,10105.923184549443,6420.07256850037
forecast_1199,2025-02-19 23:00:00,9233.290427290896,10503.40427632905,6826.573044627758
forecast_1200,2025-02-20 00:00:00,9780.220566583344,11030.658981564058,7172.329226338494
forecast_1201,2025-02-20 01:00:00,8127.552874477513,8549.851767364327,6206.869772872454
forecast_1202,2025-02-20 02:00:00,8322.837451656776,8927.046862888741,6443.185402677546
forecast_1203,2025-02-20 03:00:00,8959.718397688615,8987.204959752748,6827.05109978203
forecast_1204,2025-02-20 04:00:00,9101.616779836246,9133.213317626143,7108.508168100522
forecast_1205,2025-02-20 05:00:00,9658.241119907256,9855.081720579965,7248.742941593603
forecast_1206,2025-02-20 06:00:00,10426.14500816493,11098.512181764185,7828.389578700718
forecast_1207,2025-02-20 07:00:00,11512.957388774928,12074.425668162603,8519.21008905162
forecast_1208,2025-02-20 08:00:00,12313.251283114958,12459.739720718318,9244.819817452533
forecast_1209,2025-02-20 09:00:00,11780.401500427986,11909.499141351933,8966.597867207205
forecast_1210,2025-02-20 10:00:00,10875.09981966242,11135.458139368908,8085.723733774031
forecast_1211,2025-02-20 11:00:00,10493.9106140788,11015.041997030303,7643.791007675814
forecast_1212,2025-02-20 12:00:00,9744.327873432136,9653.89935153354,7286.583173627513
forecast_1213,2025-02-20 13:00:00,9141.198774657609,9315.476432292418,7099.071764870803
forecast_1214,2025-02-20 14:00:00,9050.068655546205,9864.251593082403,6990.65341402155
forecast_1215,2025-02-20 15:00:00,9185.029666131219,8767.517481671874,7103.0848356784945
forecast_1216,2025-02-20 16:00:00,9470.680447235472,8524.475722069077,7010.963691132166
forecast_1217,2025-02-20 17:00:00,9838.788882598396,9633.1517099827,7023.152480453109
forecast_1218,2025-02-20 18:00:00,9312.3682214496,10158.659952644992,8130.701371458123
forecast_1219,2025-02-20 19:00:00,10443.995365992021,10439.012192733704,8978.995267133148
forecast_1220,2025-02-20 20:00:00,9885.343591337145,10240.59689321717,8536.190849521934
forecast_1221,2025-02-20 21:00:00,8974.409169202565,9718.853016465464,7847.09579322351
forecast_1222,2025-02-20 22:00:00,8309.72743518022,9653.068390384735,7377.378689531785
forecast_1223,2025-02-20 23:00:00,9131.064634791359,10333.93726997117,6813.838022820057
forecast_1224,2025-02-21 00:00:00,10333.303502071967,10953.744528041618,7177.21162638551
forecast_1225,2025-02-21 01:00:00,10989.74407218131,11891.801206577285,8255.050051632037
forecast_1226,2025-02-21 02:00:00,11236.763973236062,12161.231491855326,8675.7928473188
forecast_1227,2025-02-21 03:00:00,11654.948862938852,12516.220856488206,8855.46853822142
forecast_1228,2025-02-21 04:00:00,11398.61868813071,12196.864291340988,8666.0413640479
forecast_1229,2025-02-21 05:00:00,11629.79602600591,12249.065252518058,8422.481434393105
forecast_1230,2025-02-21 06:00:00,11859.04655012242,12827.05529176875,9529.504224196211
forecast_1231,2025-02-21 07:00:00,11910.391435341571,13063.644366467248,9897.643723049212
forecast_1232,2025-02-21 08:00:00,11773.271932795236,13013.623427248509,9563.15533444183
forecast_1233,2025-02-21 09:00:00,10016.957905610523,10759.390461211378,8172.872726883422
forecast_1234,2025-02-21 10:00:00,7291.145004368547,8158.6521444218315,6504.903458923685
forecast_1235,2025-02-21 11:00:00,5275.573321822777,5191.018034608585,4648.91980308507
forecast_1236,2025-02-21 12:00:00,4537.421684217119,4745.16243225229,4348.481264690784
forecast_1237,2025-02-21 13:00:00,4660.093254628283,4709.128530739434,4383.5992559453325
forecast_1238,2025-02-21 14:00:00,5629.450300571006,5506.869765825674,5128.956612299299
forecast_1239,2025-02-21 15:00:00,5871.113758532416,5804.375299034537,5295.973959082184
forecast_1240,2025-02-21 16:00:00,6118.230943177913,5823.3602701717155,5450.291755551306
forecast_1241,2025-02-21 17:00:00,6827.262804925251,6481.47366286485,6262.528275527247
forecast_1242,2025-02-21 18:00:00,8227.529259124185,8201.656634461684,7335.063728080809
forecast_1243,2025-02-21 19:00:00,10029.921417746002,9461.91724510044,8179.380229168741
forecast_1244,2025-02-21 20:00:00,11038.722591928321,11262.359441299099,9011.518555024219
forecast_1245,2025-02-21 21:00:00,11065.266512856091,11947.097551375477,9369.02497543008
forecast_1246,2025-02-21 22:00:00,11297.781903055602,12588.45858590034,9869.059419327477
forecast_1247,2025-02-21 23:00:00,10791.978706036349,11453.54767103375,10079.59159679217
forecast_1248,2025-02-22 00:00:00,10818.017889258066,11438.531274742762,10072.44029394919
forecast_1249,2025-02-22 01:00:00,14045.658312020647,13627.203026229981,12984.794963375547
forecast_1250,2025-02-22 02:00:00,13924.61027829443,14167.111631922338,13330.782341360366
forecast_1251,2025-02-22 03:00:00,14135.794473547796,15153.14988376869,13613.045284002346
forecast_1252,2025-02-22 04:00:00,14032.726096303979,14306.526002471679,12882.684460708238
forecast_1253,2025-02-22 05:00:00,13396.186050510258,13690.67537947123,11837.645555941668
forecast_1254,2025-02-22 06:00:00,12705.041189104208,13350.653882628772,10289.54915261777
forecast_1255,2025-02-22 07:00:00,13109.839257068259,13596.650270739421,10160.711398100486
forecast_1256,2025-02-22 08:00:00,12028.725352904026,12696.804624457056,9349.229690619384
forecast_1257,2025-02-22 09:00:00,9687.738026216992,10249.204914179509,7508.255208112604
forecast_1258,2025-02-22 10:00:00,6709.085110621595,7102.084634367288,4784.36498422938
forecast_1259,2025-02-22 11:00:00,4800.4710210817975,5194.209755386736,3870.347040180091
forecast_1260,2025-02-22 12:00:00,4946.086326349442,5029.914735661527,3875.565586326022
forecast_1261,2025-02-22 13:00:00,5431.901211283342,5278.480951621459,4119.26410563585
forecast_1262,2025-02-22 14:00:00,6485.583682299569,6138.91974928411,4836.067664402354
forecast_1263,2025-02-22 15:00:00,6754.573504697301,6470.665801524576,5225.282605033849
forecast_1264,2025-02-22 16:00:00,6951.754968737923,6801.383745669406,5788.99117713232
forecast_1265,2025-02-22 17:00:00,8232.240266035473,7783.837853823891,6520.328297402064
forecast_1266,2025-02-22 18:00:00,9307.155833981542,10228.888260275884,7912.771387907273
forecast_1267,2025-02-22 19:00:00,11300.509835859784,12018.135691232159,9624.095519399962
forecast_1268,2025-02-22 20:00:00,12897.905338603583,14756.693272410943,11340.877289646298
forecast_1269,2025-02-22 21:00:00,14441.934306474335,16473.271920054114,12743.327796158404
forecast_1270,2025-02-22 22:00:00,15490.567840293925,17288.856393497863,14054.087577290282
forecast_1271,2025-02-22 23:00:00,16366.965781688963,17638.78654905095,15422.935132693588
forecast_1272,2025-02-23 00:00:00,16703.544576911954,17768.894255158375,15922.348953997227
forecast_1273,2025-02-23 01:00:00,17065.86400055994,18348.93122489028,15678.317932618027
forecast_1274,2025-02-23 02:00:00,17266.893028452938,18597.837058428,16138.699391341099
forecast_1275,2025-02-23 03:00:00,17399.175127907652,18713.351528375988,17213.144318857867
forecast_1276,2025-02-23 04:00:00,17445.445379162076,18534.80405650875,17508.76890488924
forecast_1277,2025-02-23 05:00:00,17734.775128858382,17948.9394797069,16750.830856026107
forecast_1278,2025-02-23 06:00:00,17568.102125905738,18109.211514577957,16942.71495748023
forecast_1279,2025-02-23 07:00:00,17755.987312895122,18099.203078724557,17253.027126148016
forecast_1280,2025-02-23 08:00:00,17765.19896402362,18663.867569362264,17463.57403993279
forecast_1281,2025-02-23 09:00:00,17413.786568593503,18467.193048729187,16795.226215622104
forecast_1282,2025-02-23 10:00:00,16669.242522376615,17584.080944276084,14866.306917398
forecast_1283,2025-02-23 11:00:00,15722.710941151441,16533.524336166673,13535.860828651836
forecast_1284,2025-02-23 12:00:00,14868.312927052622,15400.905831260654,12365.574358363087
forecast_1285,2025-02-23 13:00:00,14253.496814951008,14745.588238930311,12257.561924776743
forecast_1286,2025-02-23 14:00:00,14251.037214320642,14412.761164635756,12166.601002819176
forecast_1287,2025-02-23 15:00:00,14259.208734702923,14432.391243556973,12272.246900151908
forecast_1288,2025-02-23 16:00:00,13591.917997860673,14366.94116624856,11982.459514167927
forecast_1289,2025-02-23 17:00:00,12758.407110381742,13489.30507068142,11241.58558450877
forecast_1290,2025-02-23 18:00:00,11616.040514102997,11483.772715524607,9913.298906252096
forecast_1291,2025-02-23 19:00:00,10586.752400943133,10896.571624614193,9135.653284053473
forecast_1292,2025-02-23 20:00:00,10050.04876201964,10563.659785812042,9169.422523283505
forecast_1293,2025-02-23 21:00:00,10744.891294909727,12177.001381410222,9243.174392888379
forecast_1294,2025-02-23 22:00:00,12895.084022379773,14240.182442215775,10464.516787573702
forecast_1295,2025-02-23 23:00:00,14825.22473580742,15372.266570323112,11698.873926951557
forecast_1296,2025-02-24 00:00:00,15390.111615034755,15770.941249220703,12220.715970028952
forecast_1297,2025-02-24 01:00:00,17188.621014195356,17149.718781178526,12714.429800856207
forecast_1298,2025-02-24 02:00:00,17294.536515364547,17598.377781877425,13476.48576553013
forecast_1299,2025-02-24 03:00:00,17881.02867825957,18246.50188871745,14192.266441978
forecast_1300,2025-02-24 04:00:00,17928.196042676413,18333.766885074452,14082.703761187027
forecast_1301,2025-02-24 05:00:00,17860.600414900237,18219.51328976995,13501.53437846276
forecast_1302,2025-02-24 06:00:00,17531.46573878758,17541.863887292675,12877.111722455156
forecast_1303,2025-02-24 07:00:00,17204.20356987119,17400.219743437217,12519.6314744781
forecast_1304,2025-02-24 08:00:00,16812.244193583207,16662.794825856417,12332.980595129977
forecast_1305,2025-02-24 09:00:00,15291.890359163499,15214.68814972324,10856.485255390373
forecast_1306,2025-02-24 10:00:00,13529.23975867101,13358.66746280772,9553.032856731685
forecast_1307,2025-02-24 11:00:00,10486.302156392012,10760.146187701668,7314.374888592636
forecast_1308,2025-02-24 12:00:00,9159.633242352389,9382.637420811508,6109.516512810666
forecast_1309,2025-02-24 13:00:00,8067.433294766056,7508.790221325341,5598.2017428997315
forecast_1310,2025-02-24 14:00:00,8174.907729801174,7602.458233997683,5992.715394266574
forecast_1311,2025-02-24 15:00:00,9121.759885845522,9542.116422995965,6585.456258867507
forecast_1312,2025-02-24 16:00:00,10113.435497790537,10719.19766335275,7837.442059430355
forecast_1313,2025-02-24 17:00:00,11336.76198884609,12053.824126117734,9837.444747306667
forecast_1314,2025-02-24 18:00:00,12314.081616483167,13959.937890459298,11366.423520625047
forecast_1315,2025-02-24 19:00:00,14814.134483282949,16390.82986515101,13853.888638136494
forecast_1316,2025-02-24 20:00:00,18089.12617140114,18549.058871619458,17427.63411655095
forecast_1317,2025-02-24 21:00:00,19839.439080774093,19946.588951466852,19004.20676964563
forecast_1318,2025-02-24 22:00:00,20070.91323505723,20211.400225406767,19340.088122847857
forecast_1319,2025-02-24 23:00:00,20311.703516185713,19967.028400091294,19336.142073594212
forecast_1320,2025-02-25 00:00:00,20312.731510468602,20114.07947280015,19362.294611381873
forecast_1321,2025-02-25 01:00:00,20090.241826676145,20089.221187944862,19334.381830211085
forecast_1322,2025-02-25 02:00:00,20230.93286136324,20229.528602568673,19341.276143473955
forecast_1323,2025-02-25 03:00:00,20275.135301752256,20323.722432000366,19522.60595208087
forecast_1324,2025-02-25 04:00:00,20350.14441795704,20331.39232344492,19750.66471371687
forecast_1325,2025-02-25 05:00:00,20339.31461534742,20328.200876661653,19762.33413128334
forecast_1326,2025-02-25 06:00:00,20332.150977823017,20364.31257921678,19751.23052061053
forecast_1327,2025-02-25 07:00:00,20362.109591372,20305.091609692357,19752.294262498108
forecast_1328,2025-02-25 08:00:00,20381.195171151056,20361.89939117494,19763.297850083905
forecast_1329,2025-02-25 09:00:00,20421.13485110123,20365.08038536727,19755.539206213565
forecast_1330,2025-02-25 10:00:00,20312.858418657594,20273.573476780737,19535.10787716868
forecast_1331,2025-02-25 11:00:00,19910.135830889023,20031.753538909303,18856.774759929645
forecast_1332,2025-02-25 12:00:00,17354.69535708757,18257.401979297585,15416.769363706122
forecast_1333,2025-02-25 13:00:00,16105.824155733431,17834.59269192085,14330.902706891145
forecast_1334,2025-02-25 14:00:00,16032.49150693042,16856.303155603127,13878.04061101488
forecast_1335,2025-02-25 15:00:00,16723.726352838134,17128.075459879965,15442.391002487195
forecast_1336,2025-02-25 16:00:00,17527.462311055246,17393.796415122764,16250.419791866598
forecast_1337,2025-02-25 17:00:00,18372.396573217437,18409.78199401971,16889.799227032046
forecast_1338,2025-02-25 18:00:00,19407.865546510453,19167.04507774647,17840.022283580623
forecast_1339,2025-02-25 19:00:00,19876.630912123055,19446.843829787096,19330.085309974504
forecast_1340,2025-02-25 20:00:00,19887.8059319171,19498.013512219473,19335.72407742609
forecast_1341,2025-02-25 21:00:00,19888.496715080677,19578.076259034733,19358.260065682025
forecast_1342,2025-02-25 22:00:00,19694.00579568822,19429.606292531083,19334.40211894181
forecast_1343,2025-02-25 23:00:00,19469.992221816727,19572.02188829005,19331.361632572836
forecast_1344,2025-02-26 00:00:00,19292.2778554588,19415.762560072468,19342.39671981101
forecast_1345,2025-02-26 01:00:00,19706.318669512766,19354.50523390284,17990.62775817545
forecast_1346,2025-02-26 02:00:00,19149.618370754288,19089.141198757767,17876.554995484086
forecast_1347,2025-02-26 03:00:00,18686.615329303928,19051.066977787224,17920.68223148167
forecast_1348,2025-02-26 04:00:00,18863.69865030477,19334.562718500576,17785.89742726021
forecast_1349,2025-02-26 05:00:00,19124.02883139387,19311.861873021124,18097.996378945816
forecast_1350,2025-02-26 06:00:00,18443.733065568795,19268.774720362984,17797.030195951764
forecast_1351,2025-02-26 07:00:00,17611.13793513449,18687.00468155299,17364.97519943803
forecast_1352,2025-02-26 08:00:00,16842.037204829096,18293.62731566645,16732.924088544318
forecast_1353,2025-02-26 09:00:00,16299.337124057605,17809.16793211729,15206.530861995461
forecast_1354,2025-02-26 10:00:00,15261.030496913367,16304.815461808668,13581.77842631287
forecast_1355,2025-02-26 11:00:00,13933.104708831837,14884.299941925465,11990.73206389207
forecast_1356,2025-02-26 12:00:00,13549.014943927565,14595.25126256867,10797.976120388214
forecast_1357,2025-02-26 13:00:00,13678.558166924307,14015.83030657558,10521.669775704535
forecast_1358,2025-02-26 14:00:00,13951.263658196134,14331.620150582223,10714.572769888784
forecast_1359,2025-02-26 15:00:00,14220.968921391332,14687.316932275759,11020.567029332724
forecast_1360,2025-02-26 16:00:00,14599.210939896035,14757.849729288424,11612.162284841537
forecast_1361,2025-02-26 17:00:00,14417.826336567425,15106.52433909231,11622.534179768885
forecast_1362,2025-02-26 18:00:00,14299.82111183029,15424.137581889277,12420.265855022797
forecast_1363,2025-02-26 19:00:00,14994.936727314576,16488.728370140052,14642.002745717096
forecast_1364,2025-02-26 20:00:00,16402.83893280035,17667.246214194816,16436.99422740696
forecast_1365,2025-02-26 21:00:00,17622.606291699794,18870.371618731802,17398.82263206452
forecast_1366,2025-02-26 22:00:00,18183.880095992747,19249.667277464283,17815.17527664405
forecast_1367,2025-02-26 23:00:00,18351.56570034895,19394.232664234525,17855.076425412786
forecast_1368,2025-02-27 00:00:00,18487.603074011935,19820.350744990796,18123.189809124262
forecast_1369,2025-02-27 01:00:00,19827.55626838751,19964.32838752643,19355.499989730415
forecast_1370,2025-02-27 02:00:00,19875.521717053456,20139.242405163594,19457.705015343538
forecast_1371,2025-02-27 03:00:00,19901.75855828003,20331.248101057754,19611.205939561736
forecast_1372,2025-02-27 04:00:00,19923.968123333274,20075.843686364395,19534.663966369884
forecast_1373,2025-02-27 05:00:00,19628.663779890216,19881.382939544088,19342.75294498159
forecast_1374,2025-02-27 06:00:00,19776.42975699937,19605.67856968668,19335.56789197142
forecast_1375,2025-02-27 07:00:00,19363.79490826228,19693.148258729823,18377.450487966133
forecast_1376,2025-02-27 08:00:00,19039.549106383944,19426.433163840313,17772.79558612314
forecast_1377,2025-02-27 09:00:00,18566.344181848595,18504.275815196266,16697.86835882494
forecast_1378,2025-02-27 10:00:00,17861.22299787512,17880.310041729845,14728.35812584205
forecast_1379,2025-02-27 11:00:00,15443.767421215462,16010.331817445887,14091.463631295945
forecast_1380,2025-02-27 12:00:00,14618.576221197976,15186.200522924033,13906.52552713629
forecast_1381,2025-02-27 13:00:00,13425.261473657754,13995.011943501864,12951.62942099602
forecast_1382,2025-02-27 14:00:00,12239.135699010521,12401.978876516418,10831.67949425313
forecast_1383,2025-02-27 15:00:00,11119.225088571644,10650.438041793443,8226.99362174315
forecast_1384,2025-02-27 16:00:00,9449.43755972347,10089.962107501146,6518.489605040353
forecast_1385,2025-02-27 17:00:00,8986.260701702307,9381.5213089398,6494.22318346782
forecast_1386,2025-02-27 18:00:00,8399.459804821694,8998.658005456664,7213.2721552940475
forecast_1387,2025-02-27 19:00:00,10034.564850784112,11288.737626534687,9058.941826988827
forecast_1388,2025-02-27 20:00:00,10904.73286339541,13241.056418699154,11068.342623583267
forecast_1389,2025-02-27 21:00:00,12346.493378687172,14655.723872390647,11951.496855803845
forecast_1390,2025-02-27 22:00:00,12241.82067948315,15483.930659658228,11905.282813138387
forecast_1391,2025-02-27 23:00:00,12352.5641163953,15684.89569371737,11326.54114461765
forecast_1392,2025-02-28 00:00:00,13909.328607576494,15789.149140886471,11272.860820570824
forecast_1393,2025-02-28 01:00:00,14890.788060315224,15623.56398845911,12489.57195835313
forecast_1394,2025-02-28 02:00:00,15848.012890729533,15969.607664830139,13835.05428264653
forecast_1395,2025-02-28 03:00:00,17424.669807387567,17705.611841456284,15180.267269354097
forecast_1396,2025-02-28 04:00:00,18475.390309207047,18593.839590486907,16307.931437702598
forecast_1397,2025-02-28 05:00:00,18836.28570589773,19318.69012514115,16699.933767715665
forecast_1398,2025-02-28 06:00:00,19084.616216893617,19419.102525944178,16941.9973286786
forecast_1399,2025-02-28 07:00:00,19115.569691867702,19314.42536867851,17199.917474577396
forecast_1400,2025-02-28 08:00:00,19220.68821364317,19338.680535578835,18403.33194684154
forecast_1401,2025-02-28 09:00:00,18177.70242835608,18952.811377221,17281.321728015784
forecast_1402,2025-02-28 10:00:00,17472.533225454063,18588.327323618105,17539.08874315758
forecast_1403,2025-02-28 11:00:00,15578.343317252462,16638.582011293227,15840.723829267292
forecast_1404,2025-02-28 12:00:00,14234.288744664405,16221.568571450389,14635.972323099613
forecast_1405,2025-02-28 13:00:00,13800.596130416097,15154.702365963352,13831.067243728112
forecast_1406,2025-02-28 14:00:00,12460.497994020137,14338.963783942427,12782.732043237103
forecast_1407,2025-02-28 15:00:00,13023.907508071246,14158.334134070396,12873.615919588055
forecast_1408,2025-02-28 16:00:00,13790.306997800215,14734.306796321962,13022.897811347064
forecast_1409,2025-02-28 17:00:00,14498.872976277322,16081.659286581638,13789.879282238539
forecast_1410,2025-02-28 18:00:00,15648.918080774205,16991.45825959834,14373.62180268876
forecast_1411,2025-02-28 19:00:00,16552.355147164126,17369.173215135415,13937.859346491232
forecast_1412,2025-02-28 20:00:00,16757.98958711988,17194.403856555204,13274.74487573336
forecast_1413,2025-02-28 21:00:00,15727.16828396834,15131.76944737901,10298.860177528031
forecast_1414,2025-02-28 22:00:00,12951.21804187587,12826.069779494374,8167.995081387258
forecast_1415,2025-02-28 23:00:00,10528.307776739744,10106.35559371558,7643.056738266673
forecast_1416,2025-03-01 00:00:00,9367.857332999982,9145.257972754185,7883.973223341429
forecast_1417,2025-03-01 01:00:00,10212.383801164118,8183.500564804406,5982.132051408178
forecast_1418,2025-03-01 02:00:00,9065.50876482876,8592.90620637838,5356.271654990075
forecast_1419,2025-03-01 03:00:00,6714.134381895937,6129.947931298346,4435.972016024193
forecast_1420,2025-03-01 04:00:00,5486.778208962007,5215.20823107021,3991.4977136527177
forecast_1421,2025-03-01 05:00:00,3942.4063978050235,3954.2590470635455,3432.764657236806
forecast_1422,2025-03-01 06:00:00,3812.2005227853006,3695.226080686736,3705.2845701830715
forecast_1423,2025-03-01 07:00:00,5368.325416177675,5416.093277087354,3760.161094657638
forecast_1424,2025-03-01 08:00:00,5487.931783928229,5810.237855924588,3749.9697284081117
forecast_1425,2025-03-01 09:00:00,5324.458312028399,4977.678534105382,3810.401486559324
forecast_1426,2025-03-01 10:00:00,4569.992088030014,4321.293932349438,3801.113150399964
forecast_1427,2025-03-01 11:00:00,3892.356720904557,3692.6985992399045,3476.4729260509907
forecast_1428,2025-03-01 12:00:00,3948.68361544191,3921.4798681346856,3411.068011710975
forecast_1429,2025-03-01 13:00:00,3949.206197179812,4059.114093106501,3767.9679460570974
forecast_1430,2025-03-01 14:00:00,5418.604339815933,5254.9133395856925,3905.3877680895253
forecast_1431,2025-03-01 15:00:00,5522.843763117012,5464.083390366385,3886.454581280092
forecast_1432,2025-03-01 16:00:00,4673.490626981031,4796.286058800107,3787.319211035861
forecast_1433,2025-03-01 17:00:00,5434.648234306799,5352.194970175329,3800.0158253394807
forecast_1434,2025-03-01 18:00:00,4301.152779634425,4296.267267188327,3358.188267236487
forecast_1435,2025-03-01 19:00:00,5896.680896480874,5535.537926856626,3804.725989957491
forecast_1436,2025-03-01 20:00:00,4014.6540678870724,4002.2110932001565,3683.3673045356254
forecast_1437,2025-03-01 21:00:00,3463.504693098321,3600.0144239970814,4201.689250194386
forecast_1438,2025-03-01 22:00:00,3640.0976775226395,3717.8421078761826,3862.553123972469
forecast_1439,2025-03-01 23:00:00,3859.3319559144975,4022.018084537107,3554.0126407020675
forecast_1440,2025-03-02 00:00:00,3650.899976111967,3952.0721202204145,3443.4994661024857
forecast_1441,2025-03-02 01:00:00,4148.204823886074,4096.573753782285,4030.758989856634
forecast_1442,2025-03-02 02:00:00,3817.1163914573613,3823.6040345603747,3800.905101666626
forecast_1443,2025-03-02 03:00:00,3894.326284814584,3992.7799517219923,3760.2979332728387
forecast_1444,2025-03-02 04:00:00,3991.4969297250786,3941.42559248234,3748.316237329734
forecast_1445,2025-03-02 05:00:00,3991.848547428053,3918.344584445386,3690.387188635717
forecast_1446,2025-03-02 06:00:00,3831.306400761886,3597.801702877908,3546.6186603653455
forecast_1447,2025-03-02 07:00:00,3760.0879170691187,3585.008464683636,3346.4690123883865
forecast_1448,2025-03-02 08:00:00,3557.9821817941443,3573.5516222778406,2874.0380211915317
forecast_1449,2025-03-02 09:00:00,3520.8095651461854,3557.239788136102,2801.999058437819
forecast_1450,2025-03-02 10:00:00,3875.8998115264976,3737.103499281263,3628.2633630232517
forecast_1451,2025-03-02 11:00:00,3800.813572577051,3801.604465174792,3768.9407453162435
forecast_1452,2025-03-02 12:00:00,4015.2651823705046,4397.876458806171,3728.9401072028654
forecast_1453,2025-03-02 13:00:00,4150.94207698536,4934.663051403976,3736.39889484345
forecast_1454,2025-03-02 14:00:00,4533.707954772096,5114.5421072448335,3880.170265576528
forecast_1455,2025-03-02 15:00:00,5493.192514673665,6213.338144651309,4735.128836774829
forecast_1456,2025-03-02 16:00:00,6476.637916569275,7208.5328710006725,5708.515095208363
forecast_1457,2025-03-02 17:00:00,8085.154599146181,9374.917696199996,6038.0156506669455
forecast_1458,2025-03-02 18:00:00,11611.0737269287,15121.970315855533,8379.330381803007
forecast_1459,2025-03-02 19:00:00,13696.549431090518,14911.137435439334,10176.355092157562
forecast_1460,2025-03-02 20:00:00,12906.771211334544,15253.141390626353,11985.907927391263
forecast_1461,2025-03-02 21:00:00,12824.258428005942,14334.98351282183,10997.357260815956
forecast_1462,2025-03-02 22:00:00,13084.771368866404,15727.465625749903,11806.576318846077
forecast_1463,2025-03-02 23:00:00,13442.405695881835,15828.2065800688,11341.066443187105
forecast_1464,2025-03-03 00:00:00,13291.027550938137,15998.058152101208,10690.93848758522
forecast_1465,2025-03-03 01:00:00,16485.348423380547,18315.879295104613,12389.493486668416
forecast_1466,2025-03-03 02:00:00,16384.126308809064,17393.979478214824,12413.580724186952
forecast_1467,2025-03-03 03:00:00,15948.179973339338,17053.26147512799,12161.458068961318
forecast_1468,2025-03-03 04:00:00,15525.40934526575,16750.783657254906,12350.919489181764
forecast_1469,2025-03-03 05:00:00,15234.902205007975,17481.78151095931,11783.081003729716
forecast_1470,2025-03-03 06:00:00,14235.821063435737,17619.426041661343,12360.157254665333
forecast_1471,2025-03-03 07:00:00,14522.776546072031,17801.620363084756,12608.939568133663
forecast_1472,2025-03-03 08:00:00,14328.81554503581,18476.71202445684,12790.128586890229
forecast_1473,2025-03-03 09:00:00,14054.69708091963,17962.43723619168,12897.082431164348
forecast_1474,2025-03-03 10:00:00,13832.734484424123,17836.407768461853,12699.052953499851
forecast_1475,2025-03-03 11:00:00,13909.180879908245,17473.8073548053,12570.5095500679
forecast_1476,2025-03-03 12:00:00,14168.639408585985,17169.020958493602,12430.674650496716
forecast_1477,2025-03-03 13:00:00,13544.006528028423,16862.674348507695,12556.470176930774
forecast_1478,2025-03-03 14:00:00,13386.885166438682,16893.866931332435,12584.461210125475
forecast_1479,2025-03-03 15:00:00,13693.348858218138,16904.120862738375,12727.077351316362
forecast_1480,2025-03-03 16:00:00,14335.332719944401,16848.6672924558,12684.004325861486
forecast_1481,2025-03-03 17:00:00,14764.284088131373,17001.621928009794,12836.67747404088
forecast_1482,2025-03-03 18:00:00,16160.117142229221,17119.116195151564,12981.917772987807
forecast_1483,2025-03-03 19:00:00,14652.125326488076,17796.93638309727,13450.981975915905
forecast_1484,2025-03-03 20:00:00,13636.342383490157,17182.08622515719,14238.491059501368
forecast_1485,2025-03-03 21:00:00,15144.959241023005,17554.025920095635,13657.684249912241
forecast_1486,2025-03-03 22:00:00,15725.914468852263,18099.137144475546,13767.670610035277
forecast_1487,2025-03-03 23:00:00,16095.199366982435,18289.291909521093,14199.519099134232
forecast_1488,2025-03-04 00:00:00,16008.87372218402,17685.350300381233,14305.416630334223
forecast_1489,2025-03-04 01:00:00,15545.651425139902,17482.052186957986,13628.599379533816
forecast_1490,2025-03-04 02:00:00,15649.7455073138,17417.20275548302,13664.130755882285
forecast_1491,2025-03-04 03:00:00,14918.193332587933,17202.395128802164,13696.131288872068
forecast_1492,2025-03-04 04:00:00,14977.787593782465,17209.90946869508,13242.80868150065
forecast_1493,2025-03-04 05:00:00,14910.574300370417,17547.291013695158,12806.151721609234
forecast_1494,2025-03-04 06:00:00,13519.5637997943,17526.307412461403,12193.81794230879
forecast_1495,2025-03-04 07:00:00,13409.77897261521,17739.584045723826,12154.974530892954
forecast_1496,2025-03-04 08:00:00,13485.232196622104,17539.574291908364,12135.39915991245
forecast_1497,2025-03-04 09:00:00,13657.377981028088,17539.381373702094,12037.333266571635
forecast_1498,2025-03-04 10:00:00,14030.721655426427,17620.451154378527,11939.804712810495
forecast_1499,2025-03-04 11:00:00,14070.739384387407,17884.79905809907,11898.64300774185
forecast_1500,2025-03-04 12:00:00,14307.699605568929,18056.04504773755,11939.65591033981
forecast_1501,2025-03-04 13:00:00,14701.563773746986,17670.462893725333,12209.847639156445
forecast_1502,2025-03-04 14:00:00,14617.862932231994,17551.48940235914,12741.12871042566
forecast_1503,2025-03-04 15:00:00,14416.86301917781,16892.931941969557,12628.200281722331
forecast_1504,2025-03-04 16:00:00,14088.817789887518,17485.62915469779,12909.44981845629
forecast_1505,2025-03-04 17:00:00,13903.331806894688,17230.84899008562,13014.737733238599
forecast_1506,2025-03-04 18:00:00,13254.199594525368,16993.6436531916,13281.184847070988
forecast_1507,2025-03-04 19:00:00,13868.127725234475,16596.154985987083,13379.992766002186
forecast_1508,2025-03-04 20:00:00,13713.42009722999,17175.313825161997,13316.065552808665
forecast_1509,2025-03-04 21:00:00,13562.249385787085,16591.113537277317,13382.32913353832
forecast_1510,2025-03-04 22:00:00,13483.29411908827,16634.58841687461,13307.42747782355
forecast_1511,2025-03-04 23:00:00,13704.769883130159,15946.042826475497,12902.117810889205
forecast_1512,2025-03-05 00:00:00,13274.024584524754,16198.819707677156,12568.230977880277
forecast_1513,2025-03-05 01:00:00,5640.1575583177655,6364.447470842186,5269.977517151583
forecast_1514,2025-03-05 02:00:00,6711.251024758713,6785.336387210697,4979.218307387628
forecast_1515,2025-03-05 03:00:00,5621.824181121728,6827.310255911015,4485.919731959745
forecast_1516,2025-03-05 04:00:00,6202.928678640881,6417.357501376587,4415.840744063148
forecast_1517,2025-03-05 05:00:00,3866.458993011042,4338.712981799474,3992.656811293276
forecast_1518,2025-03-05 06:00:00,5624.429534363429,6704.515283860432,4235.922317601921
forecast_1519,2025-03-05 07:00:00,5984.402701759495,6920.378303377436,4156.709140121797
forecast_1520,2025-03-05 08:00:00,5029.041781205363,5928.384844646591,3846.6537975104425
forecast_1521,2025-03-05 09:00:00,4205.702347362644,4831.109120446924,3681.6576854531913
forecast_1522,2025-03-05 10:00:00,4572.533081174552,6094.886280885587,3818.962616314025
forecast_1523,2025-03-05 11:00:00,4451.0261565389765,4995.451267197902,4023.0413125844343
forecast_1524,2025-03-05 12:00:00,4008.295589372363,4399.032636811977,3794.540873508186
forecast_1525,2025-03-05 13:00:00,3819.828885128944,4203.1462369120145,3692.1057149134185
forecast_1526,2025-03-05 14:00:00,3774.14376657291,4018.592446513646,3313.6726938040943
forecast_1527,2025-03-05 15:00:00,3861.724786094068,4028.232047371706,3355.855519054123
forecast_1528,2025-03-05 16:00:00,3713.047261128627,3813.4313877791483,3302.9243404759955
forecast_1529,2025-03-05 17:00:00,3863.480432644965,3783.5416204244166,3082.4245304701385
forecast_1530,2025-03-05 18:00:00,3362.6071408418643,3506.6251011400873,2871.716262294402
forecast_1531,2025-03-05 19:00:00,3414.626211506444,3416.373041584459,3343.8379452462673
forecast_1532,2025-03-05 20:00:00,3481.642535271225,3818.553519624064,3322.2546403492456
forecast_1533,2025-03-05 21:00:00,3827.6082401256017,3743.2611424467855,3538.0738219013465
forecast_1534,2025-03-05 22:00:00,3860.799050479005,3941.9536409029047,3333.597766063281
forecast_1535,2025-03-05 23:00:00,3628.3479503574285,3563.489437583055,3223.561322030389
forecast_1536,2025-03-06 00:00:00,3550.7620963904787,3611.4408051194705,3156.985148617664
forecast_1537,2025-03-06 01:00:00,3437.463071505488,3572.0148956320704,3365.7886955615254
forecast_1538,2025-03-06 02:00:00,3434.222707361008,3383.2488380258496,3095.6188143408335
forecast_1539,2025-03-06 03:00:00,3707.2838022664682,3313.001494378099,3100.563311099703
forecast_1540,2025-03-06 04:00:00,3662.1735288199748,3373.1726812533916,3153.938198828384
forecast_1541,2025-03-06 05:00:00,3963.9660253087227,3633.2112948193926,2897.5175681222704
forecast_1542,2025-03-06 06:00:00,3918.6367751510465,3706.4211335302275,2937.330819187328
forecast_1543,2025-03-06 07:00:00,3720.7313624356716,3680.630647428855,2995.255664894618
forecast_1544,2025-03-06 08:00:00,3467.5731535321315,3602.4888466283014,1131.6834461061612
forecast_1545,2025-03-06 09:00:00,3520.570058464356,3626.401008868698,1123.0546094688557
forecast_1546,2025-03-06 10:00:00,3408.5822931512585,3824.543925406715,1147.5331628636075
forecast_1547,2025-03-06 11:00:00,2730.569654168206,3694.4189816284206,1289.0638431944778
forecast_1548,2025-03-06 12:00:00,3007.487416048609,4628.076349945629,1723.936011482749
forecast_1549,2025-03-06 13:00:00,3164.848203343459,3108.0790229862237,2542.0011902807614
forecast_1550,2025-03-06 14:00:00,3248.4992309663426,2970.8901414784223,3256.5902662608914
forecast_1551,2025-03-06 15:00:00,3273.9193962725653,3571.169787389912,2006.7173833913578
forecast_1552,2025-03-06 16:00:00,3577.524095191051,3900.812169403411,2924.055951570934
forecast_1553,2025-03-06 17:00:00,3761.933149513755,4366.081159547616,2956.8548036025336
forecast_1554,2025-03-06 18:00:00,4116.214758022544,3579.234243561854,2999.2128136722235
forecast_1555,2025-03-06 19:00:00,3997.1657778364324,4233.063216251513,3111.1367382415406
forecast_1556,2025-03-06 20:00:00,5178.278358913713,4773.970537536846,4036.018303134352
forecast_1557,2025-03-06 21:00:00,3100.0070562226583,2916.734518475418,5246.877740881247
forecast_1558,2025-03-06 22:00:00,3016.570276445205,3234.85548624822,2628.7827547248253
forecast_1559,2025-03-06 23:00:00,3667.517278609792,3670.1837308328454,3572.0115403376763
forecast_1560,2025-03-07 00:00:00,3655.9544797841268,3733.2845755556496,3376.646528082019
forecast_1561,2025-03-07 01:00:00,3103.95982438207,3211.1909791239614,4598.43246266213
forecast_1562,2025-03-07 02:00:00,3456.4463842396513,3539.7362507202033,5356.468205113056
forecast_1563,2025-03-07 03:00:00,2598.6674957904734,3094.549541840184,3446.291725427137
forecast_1564,2025-03-07 04:00:00,2766.513351296349,3109.90762372667,3762.5886697233136
forecast_1565,2025-03-07 05:00:00,3204.558980574765,3406.6127817407196,2332.5398712544143
forecast_1566,2025-03-07 06:00:00,3191.082027682898,3317.304255498636,1705.1448446857169
forecast_1567,2025-03-07 07:00:00,2595.3079563984697,3323.8115474329516,0.0
forecast_1568,2025-03-07 08:00:00,3583.1576216666695,3474.1360380587503,651.5019922349944
forecast_1569,2025-03-07 09:00:00,3765.177442503196,4143.07506956578,652.4624979821208
forecast_1570,2025-03-07 10:00:00,3702.7061137882188,3283.0245525801643,1718.1970371812085
forecast_1571,2025-03-07 11:00:00,3935.6882494258025,3649.120284757643,1718.1970371812085
forecast_1572,2025-03-07 12:00:00,3873.542718545864,3899.2792210514535,2465.8814044092264
forecast_1573,2025-03-07 13:00:00,0.0,0.0,2.6974684837202436
forecast_1574,2025-03-07 14:00:00,2297.969239373604,1712.1464419090255,1435.7260193316906
forecast_1575,2025-03-07 15:00:00,5314.255651931392,4912.765758441461,4292.507262967935
forecast_1576,2025-03-07 16:00:00,4653.589543251305,4582.98660987323,6418.5305401491405
forecast_1577,2025-03-07 17:00:00,4546.179673117076,3849.543751734213,4635.608085070842
forecast_1578,2025-03-07 18:00:00,3452.5820330162333,3893.718352724277,5475.149319252969
forecast_1579,2025-03-07 19:00:00,3487.4220940186465,3422.054396372944,3425.3238939595976
forecast_1580,2025-03-07 20:00:00,3780.9383329165744,3547.57202465305,3376.5591295261306
forecast_1581,2025-03-07 21:00:00,3706.9099170380036,3630.486414524539,3419.938395671953
forecast_1582,2025-03-07 22:00:00,3821.4669559530357,3880.5065108696513,3566.6227579970005
forecast_1583,2025-03-07 23:00:00,4310.579405572009,4337.5777930447575,3794.752704499113
forecast_1584,2025-03-08 00:00:00,4531.747591920861,4683.497985949365,3908.5944451509395
forecast_1585,2025-03-08 01:00:00,4052.161434292556,3981.122279130673,3599.3216149092536
forecast_1586,2025-03-08 02:00:00,3934.898365552867,4225.332255366171,3582.559314533747
forecast_1587,2025-03-08 03:00:00,3950.1082830872847,4459.649174481768,3778.4373771402743
forecast_1588,2025-03-08 04:00:00,3933.1177700180365,4844.761953758261,3751.986122134292
forecast_1589,2025-03-08 05:00:00,4512.26379842103,5328.80400975516,3831.4921884922046
forecast_1590,2025-03-08 06:00:00,4956.022786520439,5218.833931696362,3831.7171381161393
forecast_1591,2025-03-08 07:00:00,5852.828164392779,5839.439273664685,4033.14241731201
forecast_1592,2025-03-08 08:00:00,5747.650353828602,5966.573388224149,3927.8647943577876
forecast_1593,2025-03-08 09:00:00,5615.099446572788,5813.208160812431,4145.616464179563
forecast_1594,2025-03-08 10:00:00,5372.023902609786,5852.124153494702,4512.3741828391685
forecast_1595,2025-03-08 11:00:00,5527.540329511537,5918.117512266841,4817.923275002357
forecast_1596,2025-03-08 12:00:00,5488.5919135472595,5667.840353528878,4845.17057087626
forecast_1597,2025-03-08 13:00:00,6320.43642342579,6266.243563025667,5189.965237786512
forecast_1598,2025-03-08 14:00:00,6425.373100352596,5978.434202716189,5920.332933399544
forecast_1599,2025-03-08 15:00:00,7122.372364755462,7138.838714416875,6216.0993331960435
forecast_1600,2025-03-08 16:00:00,7440.991017857909,7508.578956707029,6440.548287445486
forecast_1601,2025-03-08 17:00:00,7732.835904690515,7841.267525782071,6464.288309205647
forecast_1602,2025-03-08 18:00:00,9039.270519382282,9597.520953911937,7185.037873436891
forecast_1603,2025-03-08 19:00:00,9542.845621140119,10509.402186291427,7945.794196834177
forecast_1604,2025-03-08 20:00:00,10219.753264200164,11308.571319076718,8352.637322489363
forecast_1605,2025-03-08 21:00:00,10275.729674455552,11768.110956677006,8410.596614693182
forecast_1606,2025-03-08 22:00:00,11427.798299715105,12726.129914249539,10094.762102628778
forecast_1607,2025-03-08 23:00:00,11049.350979255669,11884.04511093601,8685.616347524836
forecast_1608,2025-03-09 00:00:00,11156.49250134066,12649.094561789201,9697.898245967419
forecast_1609,2025-03-09 01:00:00,7922.345880368523,7673.248732488257,5804.183322299054
forecast_1610,2025-03-09 02:00:00,7540.846352970485,7415.630947494794,5646.366374050041
forecast_1611,2025-03-09 03:00:00,6891.8187797994815,6720.290114868694,4937.6938327408025
forecast_1612,2025-03-09 04:00:00,5678.515754990053,5266.021975375649,4115.265427624854
forecast_1613,2025-03-09 05:00:00,4618.001431084132,4250.676567000585,3918.585508568502
forecast_1614,2025-03-09 06:00:00,4968.146280586204,4075.852874723414,3802.012435071653
forecast_1615,2025-03-09 07:00:00,4734.248717137196,4137.800323819881,3960.663524771861
forecast_1616,2025-03-09 08:00:00,4541.689775986845,4083.988288090744,3719.6180440213916
forecast_1617,2025-03-09 09:00:00,3813.0101295534278,3642.972618558121,3066.0249171020014
forecast_1618,2025-03-09 10:00:00,3227.60890849202,3162.1232185647964,1132.1675203579268
forecast_1619,2025-03-09 11:00:00,3038.604140837606,3419.230656772116,1150.23281441497
forecast_1620,2025-03-09 12:00:00,2125.4439895695696,2064.961913404372,6.0530009681864385
forecast_1621,2025-03-09 13:00:00,2615.9361403994003,3437.2970003072846,18.27911778000422
forecast_1622,2025-03-09 14:00:00,2376.5139337495943,3215.7012780020495,32.244004674046465
forecast_1623,2025-03-09 15:00:00,3106.2597750404166,3425.0503156539676,36.560776050689874
forecast_1624,2025-03-09 16:00:00,2770.2840980678598,2524.7046326210307,1804.5699672452959
forecast_1625,2025-03-09 17:00:00,3112.1191358153496,2857.571536172231,1788.8782739742373
forecast_1626,2025-03-09 18:00:00,5093.813025916025,4393.71729595107,3882.3523710696395
forecast_1627,2025-03-09 19:00:00,6290.7979729091085,6750.586509083473,5406.91096838636
forecast_1628,2025-03-09 20:00:00,4700.695756368038,6653.677319187813,4151.00319609702
forecast_1629,2025-03-09 21:00:00,4270.232151551831,6815.785837082543,6017.555203874784
forecast_1630,2025-03-09 22:00:00,4940.120073482441,5655.459883902434,5731.573597465109
forecast_1631,2025-03-09 23:00:00,3339.5429598401165,3450.5826512035037,3310.416841589319
forecast_1632,2025-03-10 00:00:00,3713.8859536584873,3635.497135744758,3353.079946763111
forecast_1633,2025-03-10 01:00:00,4981.079947609445,4883.620807831366,3750.425063589319
forecast_1634,2025-03-10 02:00:00,5643.746583590333,5672.0299749139285,3799.696480376981
forecast_1635,2025-03-10 03:00:00,6610.3575091297635,6392.531060993217,4306.062924960922
forecast_1636,2025-03-10 04:00:00,6813.30368285427,6620.753132384722,4546.5117616512625
forecast_1637,2025-03-10 05:00:00,6468.731654158025,6736.058421628698,4375.970095642364
forecast_1638,2025-03-10 06:00:00,6946.133825525099,7412.288937045859,4331.822065754974
forecast_1639,2025-03-10 07:00:00,7279.164877878811,7353.319321162425,4510.328490278523
forecast_1640,2025-03-10 08:00:00,6472.253016254444,6329.578736641739,4055.0974140977105
forecast_1641,2025-03-10 09:00:00,5042.008781736283,5075.222123832019,3635.854541586401
forecast_1642,2025-03-10 10:00:00,3943.4256621171808,3793.4345729802562,3486.0581095725124
forecast_1643,2025-03-10 11:00:00,3659.3913629105755,3617.417952234218,3495.3223777954654
forecast_1644,2025-03-10 12:00:00,3632.671306541549,3697.274698708565,3486.553669125855
forecast_1645,2025-03-10 13:00:00,4098.839962366908,4004.082754991892,3652.0804530782502
forecast_1646,2025-03-10 14:00:00,4441.566118467421,4694.215478493856,3974.338201327539
forecast_1647,2025-03-10 15:00:00,5072.049417045014,5059.183484642051,4592.624374937908
forecast_1648,2025-03-10 16:00:00,5112.555886493083,4965.574086380314,4197.637159315421
forecast_1649,2025-03-10 17:00:00,5107.624456406933,5129.102261144778,4128.59121945032
forecast_1650,2025-03-10 18:00:00,5650.641729528524,6081.0533634501835,4555.0106435702455
forecast_1651,2025-03-10 19:00:00,6557.987568787247,7129.060739279986,5217.491005501961
forecast_1652,2025-03-10 20:00:00,7996.162408718773,8546.957101731019,6499.994113369883
forecast_1653,2025-03-10 21:00:00,9387.431901595002,10171.854062606286,8027.329734372453
forecast_1654,2025-03-10 22:00:00,11472.022717055515,12265.59792506944,10312.080023741788
forecast_1655,2025-03-10 23:00:00,13352.730547467332,14309.306114778565,12691.141689205637
forecast_1656,2025-03-11 00:00:00,16415.79830945038,15741.982462679158,14758.25386767482
forecast_1657,2025-03-11 01:00:00,17623.999143863093,18127.16694940306,15887.865481042758
forecast_1658,2025-03-11 02:00:00,17843.701073006443,18169.056319002793,15359.187446607119
forecast_1659,2025-03-11 03:00:00,18046.643839752513,18174.580020456997,16480.75941260626
forecast_1660,2025-03-11 04:00:00,18354.90161669152,18508.79364129404,16641.382959462277
forecast_1661,2025-03-11 05:00:00,18416.14825429306,18497.506889267188,15574.155757851404
forecast_1662,2025-03-11 06:00:00,17802.766409270884,17703.968929791285,13606.650641378388
forecast_1663,2025-03-11 07:00:00,14830.761562748103,14177.053003563693,10851.559098817548
forecast_1664,2025-03-11 08:00:00,9137.653756403852,8972.422167958615,6411.1421140894345
forecast_1665,2025-03-11 09:00:00,5128.222029697296,4625.762873618015,4022.356106073641
forecast_1666,2025-03-11 10:00:00,4393.134936865058,4513.279183855576,3615.270663600562
forecast_1667,2025-03-11 11:00:00,4444.3009338765705,4358.679365119521,3518.86576852048
forecast_1668,2025-03-11 12:00:00,4008.8718698811595,3694.647988942734,3278.910152948168
forecast_1669,2025-03-11 13:00:00,3615.405389449465,3532.2464958630317,2816.2360588790807
forecast_1670,2025-03-11 14:00:00,3539.520278253287,3505.5419235440972,2903.217593533632
forecast_1671,2025-03-11 15:00:00,3704.964126705538,3532.006694227532,3191.2438549946587
forecast_1672,2025-03-11 16:00:00,3723.7504427842787,3772.715873935377,3410.7611057444074
forecast_1673,2025-03-11 17:00:00,4275.835988377125,4105.937822777187,3576.6885965227234
forecast_1674,2025-03-11 18:00:00,4232.358637720648,4202.328482317079,3699.054611950144
forecast_1675,2025-03-11 19:00:00,6148.3052554498245,5962.494866254808,3940.009666149324
forecast_1676,2025-03-11 20:00:00,9861.434808222142,9619.837842560293,5578.852234352954
forecast_1677,2025-03-11 21:00:00,12147.14128544336,12285.349780080865,7038.200283695987
forecast_1678,2025-03-11 22:00:00,14999.248714623729,14773.65796800577,8633.182423827759
forecast_1679,2025-03-11 23:00:00,16515.51240061239,16303.583716609219,11633.366598772143
forecast_1680,2025-03-12 00:00:00,16345.965366500133,16516.405072829082,14004.893102256934
forecast_1681,2025-03-12 01:00:00,15593.557303867563,16378.664185353064,10447.178647123517
forecast_1682,2025-03-12 02:00:00,14379.453827216812,15411.521926459738,10729.609312920606
forecast_1683,2025-03-12 03:00:00,14878.08920077666,15691.064380686268,11491.561380861902
forecast_1684,2025-03-12 04:00:00,15691.311957892374,16495.216091684055,13637.190503705031
forecast_1685,2025-03-12 05:00:00,17888.59460223175,18534.45591165869,15546.68843719066
forecast_1686,2025-03-12 06:00:00,18576.827721575555,19123.523511786847,16110.3572970365
forecast_1687,2025-03-12 07:00:00,18631.875798138968,19250.558419999823,16703.780282427848
forecast_1688,2025-03-12 08:00:00,19371.084895576638,19603.059146913867,16981.80516349512
forecast_1689,2025-03-12 09:00:00,19300.23422450977,18868.25340443432,17321.010426637647
forecast_1690,2025-03-12 10:00:00,18005.545615061084,18399.033496553984,17466.361206177084
forecast_1691,2025-03-12 11:00:00,16853.512975299043,17419.20505354116,16006.04043772567
forecast_1692,2025-03-12 12:00:00,16181.032635711656,17399.713807316224,14956.203688181795
forecast_1693,2025-03-12 13:00:00,16345.508373910632,17246.092651302406,14955.87412442858
forecast_1694,2025-03-12 14:00:00,16901.640085110543,17923.669986524794,15514.356317510761
forecast_1695,2025-03-12 15:00:00,17451.70187867927,18219.44376652375,16617.608637552083
forecast_1696,2025-03-12 16:00:00,18085.843049395153,19896.220622109577,17191.63024643316
forecast_1697,2025-03-12 17:00:00,18676.50101489024,19910.941886719484,17562.653858099075
forecast_1698,2025-03-12 18:00:00,18737.96841026926,19944.65272280894,17425.539037224815
forecast_1699,2025-03-12 19:00:00,18057.197070168626,18422.62524678382,16598.67949429183
forecast_1700,2025-03-12 20:00:00,16770.628658996706,17468.12939965104,14923.70312589706
forecast_1701,2025-03-12 21:00:00,14693.033172405954,16688.06288862333,13098.018859634436
forecast_1702,2025-03-12 22:00:00,13882.71890639487,15111.054049484152,11846.814770906582
forecast_1703,2025-03-12 23:00:00,13065.2107754382,14935.374101539725,11450.606727637693
forecast_1704,2025-03-13 00:00:00,12213.823872210936,14817.7479395672,11245.089444501262
forecast_1705,2025-03-13 01:00:00,12833.149429668356,15433.129316005821,11726.836437040734
forecast_1706,2025-03-13 02:00:00,12169.732761446998,15683.265026296373,11419.705695141593
forecast_1707,2025-03-13 03:00:00,12280.625235291003,15095.606812314536,12611.947686407764
forecast_1708,2025-03-13 04:00:00,12949.008799802574,14837.061628797444,12778.868681547543
forecast_1709,2025-03-13 05:00:00,12838.862118428868,14704.053703985284,12088.558446089348
forecast_1710,2025-03-13 06:00:00,12843.681886338753,14250.414040905103,11159.784500983329
forecast_1711,2025-03-13 07:00:00,11692.60919758206,13173.274906799625,8173.245962876666
forecast_1712,2025-03-13 08:00:00,10684.290857253818,12201.53174973183,7190.450936243166
forecast_1713,2025-03-13 09:00:00,10472.594554769395,10511.63715040409,6423.087807891252
forecast_1714,2025-03-13 10:00:00,8212.745353874658,8292.431339037157,4948.141413848815
forecast_1715,2025-03-13 11:00:00,5928.270447623053,5981.322171436927,3881.3885813136358
forecast_1716,2025-03-13 12:00:00,5721.602164828076,5602.517053374143,4051.0373401608085
forecast_1717,2025-03-13 13:00:00,4824.783250637196,4396.492072881706,3611.1940099423246
forecast_1718,2025-03-13 14:00:00,3972.3120368461296,3964.0568323781054,3747.9861835271818
forecast_1719,2025-03-13 15:00:00,3609.8877392113664,3500.2042183253293,3213.1651746403286
forecast_1720,2025-03-13 16:00:00,3446.711845216788,3313.7580313999565,2755.900144384461
forecast_1721,2025-03-13 17:00:00,3224.859759048493,3461.2968596170663,2591.484172352758
forecast_1722,2025-03-13 18:00:00,3830.398643547473,3509.9757107929104,3598.2227880377022
forecast_1723,2025-03-13 19:00:00,3871.3073112919997,3897.206903168885,3904.6141094481013
forecast_1724,2025-03-13 20:00:00,4284.629696532765,4199.822045537634,3822.1204038746646
forecast_1725,2025-03-13 21:00:00,4308.006124526762,4045.1540328610404,3758.7888294611603
forecast_1726,2025-03-13 22:00:00,4353.735985999411,4206.637409416875,3753.8712012075553
forecast_1727,2025-03-13 23:00:00,4242.774494123998,4040.253331673935,3706.7470544531816
forecast_1728,2025-03-14 00:00:00,3936.8505142260374,3920.8431238022035,3777.7994033580553
forecast_1729,2025-03-14 01:00:00,3961.6463474326133,4160.618149300924,4575.8336766698285
forecast_1730,2025-03-14 02:00:00,4270.298156400071,3979.544668722867,3493.1054029693632
forecast_1731,2025-03-14 03:00:00,3652.6512044204073,3822.881056755786,3598.069994820179
forecast_1732,2025-03-14 04:00:00,3734.38896668882,3793.8407180966356,3753.3915588932405
forecast_1733,2025-03-14 05:00:00,3615.307730642452,3750.396581845736,3351.759364285118
forecast_1734,2025-03-14 06:00:00,3498.2054127615547,3432.574044489052,2629.0857080431642
forecast_1735,2025-03-14 07:00:00,3080.268492920207,3214.865233040373,3238.0389137684715
forecast_1736,2025-03-14 08:00:00,3518.623601044824,3373.7497890645895,3462.729488506454
forecast_1737,2025-03-14 09:00:00,3387.9192815601596,3155.708350303071,3415.936184324266
forecast_1738,2025-03-14 10:00:00,3463.0224668962173,3231.618012243728,3654.038924179469
forecast_1739,2025-03-14 11:00:00,3605.817908987132,4103.081536411707,3633.2294907638297
forecast_1740,2025-03-14 12:00:00,3232.222993495629,3404.510673388344,3246.536174876278
forecast_1741,2025-03-14 13:00:00,3360.9131696554787,3438.6443247881853,3209.691435055941
forecast_1742,2025-03-14 14:00:00,3830.458372169223,3771.0247992363775,3354.443413125984
forecast_1743,2025-03-14 15:00:00,3887.767584436611,3825.2100841345523,3546.3839229150303
forecast_1744,2025-03-14 16:00:00,3880.2296718876783,3701.1182271448492,3449.7514002325856
forecast_1745,2025-03-14 17:00:00,3319.531983928301,3326.6939425567607,3323.652087520624
forecast_1746,2025-03-14 18:00:00,3105.9277532703054,3341.3716091916835,2827.359862110915
forecast_1747,2025-03-14 19:00:00,3419.947905951398,3251.038915126643,2903.9857629828066
forecast_1748,2025-03-14 20:00:00,3479.496049438066,3394.661261819047,2815.964857008464
forecast_1749,2025-03-14 21:00:00,3448.7197797741746,3343.46821196592,2940.890944838732
forecast_1750,2025-03-14 22:00:00,3463.3306532577512,3355.8704178040075,2922.969639102453
forecast_1751,2025-03-14 23:00:00,3814.506882922515,3533.319998340538,3151.135846808374
forecast_1752,2025-03-15 00:00:00,3837.5738180192307,3536.0196630836667,3178.756158813158
forecast_1753,2025-03-15 01:00:00,3956.2936880880857,4220.344589963695,3518.5340475423695
forecast_1754,2025-03-15 02:00:00,4682.7056201411415,4308.300182243369,3410.994323547867
forecast_1755,2025-03-15 03:00:00,4411.387044907381,4418.703297944973,3455.387029833032
forecast_1756,2025-03-15 04:00:00,4500.519873533213,4587.977270599907,3640.3510564557796
forecast_1757,2025-03-15 05:00:00,4491.09995505538,4960.9348089337,3894.2284664998338
forecast_1758,2025-03-15 06:00:00,5058.8395786729425,5497.780323389528,3970.7902422537013
forecast_1759,2025-03-15 07:00:00,5154.780522266062,6019.19447754494,4236.661554735494
forecast_1760,2025-03-15 08:00:00,6179.508829311852,6435.48747387102,5228.60009141023
forecast_1761,2025-03-15 09:00:00,7535.985525897966,8566.88428191809,6677.831289959126
forecast_1762,2025-03-15 10:00:00,8558.771805035967,9692.071615954826,7654.04737025147
forecast_1763,2025-03-15 11:00:00,8982.29592812839,10370.586896052466,8308.682589951599
forecast_1764,2025-03-15 12:00:00,8027.209166874703,9142.96514747199,7659.341571861986
forecast_1765,2025-03-15 13:00:00,6290.297596153458,7604.093697247208,5886.185380983424
forecast_1766,2025-03-15 14:00:00,4311.510740245982,5523.423046367641,3922.0223679165692
forecast_1767,2025-03-15 15:00:00,3750.351557800536,3947.5268696932612,3777.8964542694457
forecast_1768,2025-03-15 16:00:00,3447.2080949788915,4259.324394933232,3425.7086233797318
forecast_1769,2025-03-15 17:00:00,3902.6229509784007,3960.5016719013247,3557.787929729873
forecast_1770,2025-03-15 18:00:00,3594.1702346102275,3801.792994265986,3241.516378857165
forecast_1771,2025-03-15 19:00:00,3774.2153206962157,3685.3733226536197,3399.4229070754996
forecast_1772,2025-03-15 20:00:00,4088.7817535176205,4412.565558769723,3430.14407827151
forecast_1773,2025-03-15 21:00:00,4487.0864952492,4975.5568895465385,3649.719068599561
forecast_1774,2025-03-15 22:00:00,4385.04813532435,4119.425659952713,3450.071948770922
forecast_1775,2025-03-15 23:00:00,4095.2185954670063,4384.279220937547,3308.785521537328
forecast_1776,2025-03-16 00:00:00,3876.7812418404665,4130.655728076873,3322.8700399188733
forecast_1777,2025-03-16 01:00:00,3644.2215481530643,3503.6594243831146,3127.336066439174
forecast_1778,2025-03-16 02:00:00,3647.2070729347806,3695.8954247146567,3216.2266806449447
forecast_1779,2025-03-16 03:00:00,3581.9752189238848,3594.1179531438697,3140.0341955083004
forecast_1780,2025-03-16 04:00:00,3776.5256277706344,3510.594357654546,3204.8691855144475
forecast_1781,2025-03-16 05:00:00,3636.494315010474,3384.4610825236264,2228.9236694981328
forecast_1782,2025-03-16 06:00:00,3423.3960989975603,3220.353788747988,2198.676220399079
forecast_1783,2025-03-16 07:00:00,3219.7379826852216,3186.9948488690156,2847.730825075866
forecast_1784,2025-03-16 08:00:00,3547.0133668512585,3461.5777391379256,3429.682149629967
forecast_1785,2025-03-16 09:00:00,3490.2715423063755,3507.370190150317,3530.923193492458
forecast_1786,2025-03-16 10:00:00,2804.9364293929375,3414.6279317327303,2430.172908987725
forecast_1787,2025-03-16 11:00:00,2978.773481786861,3382.553259614637,4106.804626260184
forecast_1788,2025-03-16 12:00:00,3632.117319321909,3589.0632605631176,3274.4316829699324
forecast_1789,2025-03-16 13:00:00,3389.372079973773,3452.347693898998,3631.4302731812845
forecast_1790,2025-03-16 14:00:00,3773.2482496587513,3968.4738812956857,3423.4332118470406
forecast_1791,2025-03-16 15:00:00,5839.203475998247,6102.139066335529,5064.833398423516
forecast_1792,2025-03-16 16:00:00,7535.766190854809,7625.2361813972875,5419.466624596921
forecast_1793,2025-03-16 17:00:00,9002.287602457149,9244.441683168361,6932.620376002583
forecast_1794,2025-03-16 18:00:00,10784.124707133064,11045.636842840246,7736.312935086329
forecast_1795,2025-03-16 19:00:00,12510.273278521114,12520.041329124659,8916.475585436281
forecast_1796,2025-03-16 20:00:00,13313.018452840279,13761.41219719672,10536.011607853956
forecast_1797,2025-03-16 21:00:00,12782.964622896814,14214.886285403694,11223.044523086044
forecast_1798,2025-03-16 22:00:00,12136.54746942933,13514.888034251604,9542.35292002651
forecast_1799,2025-03-16 23:00:00,11026.682649497441,11580.70009118401,8434.248984909244
forecast_1800,2025-03-17 00:00:00,8884.699762874623,9761.32610270331,7496.021587262741
forecast_1801,2025-03-17 01:00:00,12182.551310121622,13770.132664232671,9682.695171524205
forecast_1802,2025-03-17 02:00:00,12350.476170999556,13739.590839604554,9827.999489828455
forecast_1803,2025-03-17 03:00:00,12412.936174703615,12869.655065760207,10135.198841951804
forecast_1804,2025-03-17 04:00:00,12186.740888254706,12501.250591876404,9229.454314525768
forecast_1805,2025-03-17 05:00:00,8719.004620317217,8730.803202648438,5969.119205611144
forecast_1806,2025-03-17 06:00:00,6835.395609767583,6818.826569823935,5293.612251104082
forecast_1807,2025-03-17 07:00:00,5910.267431899498,5032.380976815051,4092.9076722845425
forecast_1808,2025-03-17 08:00:00,4916.352417166943,4839.061407027748,3694.8861190819453
forecast_1809,2025-03-17 09:00:00,4355.261851076555,4210.953800737368,3772.975172201606
forecast_1810,2025-03-17 10:00:00,4414.3859323492625,4098.061215424672,3720.2477193318127
forecast_1811,2025-03-17 11:00:00,3876.0873318639915,3912.9879783647607,3655.612490223897
forecast_1812,2025-03-17 12:00:00,4786.712721308143,5112.825435997829,3840.6573002042765
forecast_1813,2025-03-17 13:00:00,6809.299834090119,6605.199394267359,5408.978552516141
forecast_1814,2025-03-17 14:00:00,8524.805004559852,8718.354465095745,8092.245239874007
forecast_1815,2025-03-17 15:00:00,9100.168284387195,8941.166117879631,9360.38586414719
forecast_1816,2025-03-17 16:00:00,9364.491709985525,9089.730578235698,8960.97972924413
forecast_1817,2025-03-17 17:00:00,8535.185159046761,8193.271669429809,7879.623039693195
forecast_1818,2025-03-17 18:00:00,7459.9543440308535,7172.051924641868,7118.835375498916
forecast_1819,2025-03-17 19:00:00,7795.383404494477,7251.444272430156,6760.730871726376
forecast_1820,2025-03-17 20:00:00,9074.567792455813,9378.636552190346,7666.149780154232
forecast_1821,2025-03-17 21:00:00,11474.40703973807,12320.260192588465,9228.180401334113
forecast_1822,2025-03-17 22:00:00,13123.651569675998,13048.351208498534,9905.031505568033
forecast_1823,2025-03-17 23:00:00,9622.716144750884,10132.047642803465,8206.452959871305
forecast_1824,2025-03-18 00:00:00,8418.361997355554,8547.60292599443,7311.880363096465
forecast_1825,2025-03-18 01:00:00,7235.239389310608,8056.209534879994,5393.501210370932
forecast_1826,2025-03-18 02:00:00,6675.53866835819,7310.211052931952,4791.999275044343
forecast_1827,2025-03-18 03:00:00,4525.636730119762,4976.265629102516,3680.7045341071844
forecast_1828,2025-03-18 04:00:00,3917.721750729405,4024.0613809897054,3973.7969478288046
forecast_1829,2025-03-18 05:00:00,4744.387777022187,5016.299157427643,3880.0812491914144
forecast_1830,2025-03-18 06:00:00,4047.827452950302,4108.472795957437,3955.6832250496636
forecast_1831,2025-03-18 07:00:00,3813.5228020365703,3720.497972820048,3948.851361770722
forecast_1832,2025-03-18 08:00:00,3798.6741322286616,3628.5005700539014,3409.3345086502627
forecast_1833,2025-03-18 09:00:00,3856.578283699225,3617.2316646875884,3392.041270996451
forecast_1834,2025-03-18 10:00:00,3887.194653392061,3869.7303764172816,3491.5655603100427
forecast_1835,2025-03-18 11:00:00,3711.1859590617437,3607.4822480428866,3211.458310341496
forecast_1836,2025-03-18 12:00:00,3966.781978922067,3827.8063391194037,3419.2407967739937
forecast_1837,2025-03-18 13:00:00,4221.545190633929,4086.5243503313454,3442.557277138772
forecast_1838,2025-03-18 14:00:00,4266.86045927998,4344.2069771968945,3523.98142903568
forecast_1839,2025-03-18 15:00:00,6004.540492158585,5303.701822093358,4015.2584730015587
forecast_1840,2025-03-18 16:00:00,10613.733166815966,9069.459767690516,6254.924615367826
forecast_1841,2025-03-18 17:00:00,10251.808113578409,11868.531483550238,8525.882007674081
forecast_1842,2025-03-18 18:00:00,11970.878044145873,13349.945953249751,10337.9547316275
forecast_1843,2025-03-18 19:00:00,12593.592448131942,14447.476001895442,10164.170636213972
forecast_1844,2025-03-18 20:00:00,12028.573181467502,14324.048746658968,10016.959376656241
forecast_1845,2025-03-18 21:00:00,10758.158763559482,11538.161480037861,8208.933345269576
forecast_1846,2025-03-18 22:00:00,7437.971017639186,8414.830718359395,5690.7716098533465
forecast_1847,2025-03-18 23:00:00,5819.609502266751,6061.049136734494,4041.241276975997
forecast_1848,2025-03-19 00:00:00,4472.244422107664,4982.34294438176,3826.2061500207465
forecast_1849,2025-03-19 01:00:00,4845.851140733075,3936.5413550373746,3528.3686342581595
forecast_1850,2025-03-19 02:00:00,4637.946208954001,4053.6778911130327,3655.6758692707904
forecast_1851,2025-03-19 03:00:00,4679.042984651441,4105.245610689445,3739.841265586283
forecast_1852,2025-03-19 04:00:00,4288.3769026912705,3992.4485285804335,3588.7318657074366
forecast_1853,2025-03-19 05:00:00,4041.6599044836576,3930.5839841663474,3395.9564983394216
forecast_1854,2025-03-19 06:00:00,3866.9429909423857,3898.3037509647397,3682.847959019411
forecast_1855,2025-03-19 07:00:00,3883.4511610104246,3827.4317469646317,3705.84648121657
forecast_1856,2025-03-19 08:00:00,4512.895001138802,3851.8591830117543,3719.5731511274057
forecast_1857,2025-03-19 09:00:00,4502.717057831584,4057.050906575549,3965.5890681526844
forecast_1858,2025-03-19 10:00:00,5628.0991083489525,5865.773842970279,5023.680482112591
forecast_1859,2025-03-19 11:00:00,5754.557546233088,5753.991337367436,5060.302608697064
forecast_1860,2025-03-19 12:00:00,6223.14678472147,6041.1751327470765,5320.729707754985
forecast_1861,2025-03-19 13:00:00,6538.219534310762,6297.632392565223,5834.363448615445
forecast_1862,2025-03-19 14:00:00,6932.704897067896,6905.191221252112,6668.583607756017
forecast_1863,2025-03-19 15:00:00,7276.857305739255,7167.415471923845,6885.309528947698
forecast_1864,2025-03-19 16:00:00,7881.7653845927725,7690.901820045892,7178.448831591403
forecast_1865,2025-03-19 17:00:00,7969.4448243174165,8046.866621560619,7252.302397102866
forecast_1866,2025-03-19 18:00:00,8619.849104856756,8790.487221386911,8131.864508714271
forecast_1867,2025-03-19 19:00:00,10579.977712833303,10413.224492190277,9132.161390019302
forecast_1868,2025-03-19 20:00:00,12544.26577896315,13480.48622726467,11114.976652491574
forecast_1869,2025-03-19 21:00:00,14858.152782423143,15636.137957148789,12442.549608683865
forecast_1870,2025-03-19 22:00:00,16216.430373461197,17092.026484456474,13444.755112014913
forecast_1871,2025-03-19 23:00:00,17041.384267350524,17401.261186366748,14146.520634110337
forecast_1872,2025-03-20 00:00:00,17249.536328057726,17665.41946142254,14524.357043753947
forecast_1873,2025-03-20 01:00:00,17970.69313444943,18891.431953301453,15944.017180493187
forecast_1874,2025-03-20 02:00:00,18173.856559742133,18857.113793143628,16064.928323510798
forecast_1875,2025-03-20 03:00:00,18387.35660856468,18987.999116100735,16295.475800697168
forecast_1876,2025-03-20 04:00:00,18410.522653746706,19535.35558587188,16928.537158621682
forecast_1877,2025-03-20 05:00:00,18802.58943762241,19879.88406135397,17608.706876866847
forecast_1878,2025-03-20 06:00:00,18832.960415085556,19890.790209324394,18121.260582945102
forecast_1879,2025-03-20 07:00:00,18792.16587254163,19886.692852450546,18190.20217080207
forecast_1880,2025-03-20 08:00:00,18335.28467992185,19821.651134922304,18238.411103057155
forecast_1881,2025-03-20 09:00:00,17811.53107789065,19879.396473669687,17198.691543019155
forecast_1882,2025-03-20 10:00:00,17206.30937540538,18847.04727965555,16862.39925392549
forecast_1883,2025-03-20 11:00:00,16603.03184682019,18439.69330656151,16754.367280309987
forecast_1884,2025-03-20 12:00:00,15778.667627580367,17886.450876650684,16585.226636266158
forecast_1885,2025-03-20 13:00:00,15927.816309524444,17055.43044347989,16337.397304710368
forecast_1886,2025-03-20 14:00:00,16225.413074261292,17342.859839441793,16838.109624877783
forecast_1887,2025-03-20 15:00:00,16732.95516210765,17703.421609923196,16994.078193750316
forecast_1888,2025-03-20 16:00:00,17418.54177872309,18431.36020255182,17238.10462659093
forecast_1889,2025-03-20 17:00:00,17633.239450050918,18620.34702171443,17658.92606800038
forecast_1890,2025-03-20 18:00:00,17964.429329947492,19545.996108688403,18183.31579059019
forecast_1891,2025-03-20 19:00:00,17884.559232305903,19849.991504419453,19166.469218335704
forecast_1892,2025-03-20 20:00:00,18707.33756223873,19889.56266518461,19341.328332670317
forecast_1893,2025-03-20 21:00:00,19000.943805688108,19964.66451672635,19341.526096733738
forecast_1894,2025-03-20 22:00:00,18951.259992707382,19973.353606644105,19358.772539177295
forecast_1895,2025-03-20 23:00:00,19301.077593328468,19887.515006973994,19329.35838345229
forecast_1896,2025-03-21 00:00:00,19894.794150510108,19898.691963473884,19372.190409240564
forecast_1897,2025-03-21 01:00:00,19188.03390035684,20214.59047612882,19326.91245275335
forecast_1898,2025-03-21 02:00:00,19013.192120827152,19898.200083393593,19331.26348502899
forecast_1899,2025-03-21 03:00:00,19046.404964772682,19857.489117406498,19453.760144640106
forecast_1900,2025-03-21 04:00:00,19067.99008106756,19889.632218951898,19361.130587763306
forecast_1901,2025-03-21 05:00:00,19608.809433692903,19862.34385468611,19384.639228190874
forecast_1902,2025-03-21 06:00:00,19902.609884829137,19919.24036633722,19530.194876814105
forecast_1903,2025-03-21 07:00:00,19908.117210252265,19898.352810153705,19334.741502008226
forecast_1904,2025-03-21 08:00:00,19949.344054686266,20029.470060974683,19393.58723769383
forecast_1905,2025-03-21 09:00:00,19915.52022851641,20007.337404798483,19335.945539355886
forecast_1906,2025-03-21 10:00:00,18877.263947209358,19937.452012986574,19323.873144307934
forecast_1907,2025-03-21 11:00:00,18400.320599166265,19887.39896241697,18246.40957821496
forecast_1908,2025-03-21 12:00:00,18003.187389197417,19327.120270797695,17731.684148256216
forecast_1909,2025-03-21 13:00:00,17588.639317795278,19035.34002324966,17442.153168134868
forecast_1910,2025-03-21 14:00:00,17493.359334056833,18474.698689259694,17137.21410994505
forecast_1911,2025-03-21 15:00:00,17247.839884467372,18305.8572524513,17139.054695810606
forecast_1912,2025-03-21 16:00:00,17084.766596211975,18191.06426918273,16982.860921083942
forecast_1913,2025-03-21 17:00:00,17028.893155961403,18231.445433134933,17222.247153353925
forecast_1914,2025-03-21 18:00:00,17240.94888245037,18579.166061551146,17474.735565583735
forecast_1915,2025-03-21 19:00:00,17507.119197690616,18955.929535650805,17988.53213107922
forecast_1916,2025-03-21 20:00:00,18063.533197192923,19589.399855747793,18553.904814533726
forecast_1917,2025-03-21 21:00:00,17993.873700670945,19890.15139530647,19205.19469044746
forecast_1918,2025-03-21 22:00:00,18406.939008902034,20351.0398313186,19330.482677264812
forecast_1919,2025-03-21 23:00:00,18663.515741147497,20305.03016578763,19371.742936702703
forecast_1920,2025-03-22 00:00:00,19075.359835775445,20304.107066903256,19439.328557950193
forecast_1921,2025-03-22 01:00:00,19786.505290557245,19786.367642441506,19340.30335364743
forecast_1922,2025-03-22 02:00:00,19571.981103726615,19717.47969158294,19324.548585064415
forecast_1923,2025-03-22 03:00:00,18986.922507590007,19663.506155983818,19339.78988999024
forecast_1924,2025-03-22 04:00:00,19003.2876973224,19821.305105425115,19333.013595670753
forecast_1925,2025-03-22 05:00:00,18942.123041127106,19605.189507458777,19341.157994912817
forecast_1926,2025-03-22 06:00:00,19093.967844271327,19630.976401598644,19346.381426385746
forecast_1927,2025-03-22 07:00:00,19828.324012001733,19612.363238588205,19347.4156504445
forecast_1928,2025-03-22 08:00:00,19369.674875774905,19834.98764122004,19384.793097648628
forecast_1929,2025-03-22 09:00:00,18745.731531156853,19729.658766303637,19334.2227438379
forecast_1930,2025-03-22 10:00:00,17662.11950340621,18654.335265981554,18233.546037209766
forecast_1931,2025-03-22 11:00:00,18092.130890881457,18444.85781614965,17461.411428421095
forecast_1932,2025-03-22 12:00:00,17004.72156352554,18534.42749651741,16937.59962643335
forecast_1933,2025-03-22 13:00:00,17254.396430289937,18563.18636620892,16810.67424661598
forecast_1934,2025-03-22 14:00:00,17215.13823472291,18256.9878262056,16965.549445769237
forecast_1935,2025-03-22 15:00:00,17098.962555068945,18073.912302039585,16859.148020975103
forecast_1936,2025-03-22 16:00:00,17128.901752596164,18030.349440394733,16450.622763293133
forecast_1937,2025-03-22 17:00:00,17048.1743929804,18057.452404501197,16643.958034464897
forecast_1938,2025-03-22 18:00:00,17276.76186568772,18104.67806234722,16888.561118888774
forecast_1939,2025-03-22 19:00:00,17599.488334556318,18982.430111071844,17462.24172381088
forecast_1940,2025-03-22 20:00:00,17579.87540568544,19910.016027044046,18107.892111428988
forecast_1941,2025-03-22 21:00:00,17665.182991929414,19931.52605108994,18985.72132630499
forecast_1942,2025-03-22 22:00:00,18262.460486795393,19905.15938371761,19332.923363692495
forecast_1943,2025-03-22 23:00:00,19845.915870358294,19892.480643792234,19362.34266125099
forecast_1944,2025-03-23 00:00:00,19939.725826829952,20015.166279740355,19668.13604280768
forecast_1945,2025-03-23 01:00:00,16288.21510919847,18096.38169620821,16431.642664537932
forecast_1946,2025-03-23 02:00:00,16320.516866487842,17470.87127681387,16243.56027358251
forecast_1947,2025-03-23 03:00:00,16142.709236137907,17251.634841336352,14896.5494997331
forecast_1948,2025-03-23 04:00:00,16214.333265141386,17399.32027583188,14887.563449061205
forecast_1949,2025-03-23 05:00:00,15737.499035040699,15775.051672631402,13382.71230815124
forecast_1950,2025-03-23 06:00:00,13880.101781943542,14725.599748063141,11291.035407947491
forecast_1951,2025-03-23 07:00:00,10950.239776435848,11128.200067989334,7787.887143770413
forecast_1952,2025-03-23 08:00:00,6980.745672608159,8189.282253151903,4318.792856153449
forecast_1953,2025-03-23 09:00:00,4488.472020818054,4247.217969434393,3760.7813509804623
forecast_1954,2025-03-23 10:00:00,3815.547112920755,3681.8753751800346,3665.5368038507995
forecast_1955,2025-03-23 11:00:00,3427.2957678755815,3461.471749114643,3055.0841470077335
forecast_1956,2025-03-23 12:00:00,3657.495194909481,3413.6917331739273,2960.146842394127
forecast_1957,2025-03-23 13:00:00,3362.561375622389,3150.8538510350536,2898.10392964115
forecast_1958,2025-03-23 14:00:00,3447.984016589819,3416.6613678264807,3640.18913824703
forecast_1959,2025-03-23 15:00:00,3404.131782885759,3471.154213244151,3474.982859631951
forecast_1960,2025-03-23 16:00:00,3815.2980197720244,3823.9162900808183,3724.9061148165315
forecast_1961,2025-03-23 17:00:00,3855.633645316083,4012.4622164795737,3599.815783410247
forecast_1962,2025-03-23 18:00:00,4338.677753978767,4113.149768257614,3765.578039673167
forecast_1963,2025-03-23 19:00:00,5847.79577077186,5740.82051699911,4040.7333942808095
forecast_1964,2025-03-23 20:00:00,7300.914529983115,9070.122628351442,4680.184914737801
forecast_1965,2025-03-23 21:00:00,10914.926229421755,12043.372999377816,5846.639600465644
forecast_1966,2025-03-23 22:00:00,11655.407393258094,14204.135398566614,7606.41626361966
forecast_1967,2025-03-23 23:00:00,12744.749021931888,15311.75945590508,9114.803209939402
forecast_1968,2025-03-24 00:00:00,14085.952460467735,15763.932263959645,10209.727052754868
forecast_1969,2025-03-24 01:00:00,13204.661886831183,14826.33418525958,10029.226937307803
forecast_1970,2025-03-24 02:00:00,10071.417486673772,13225.706426962146,9202.23728882508
forecast_1971,2025-03-24 03:00:00,11872.905910447384,12189.986895150178,9250.537855187426
forecast_1972,2025-03-24 04:00:00,10515.056818830106,12733.364606396539,10396.2816894445
forecast_1973,2025-03-24 05:00:00,10865.329614704686,13176.18641685248,11356.264033353576
forecast_1974,2025-03-24 06:00:00,11284.063296716899,13964.218796330852,12321.86790279332
forecast_1975,2025-03-24 07:00:00,11852.716114076266,14492.44806189558,12191.0390113285
forecast_1976,2025-03-24 08:00:00,12401.07037806923,15787.798121384074,12422.977435818031
forecast_1977,2025-03-24 09:00:00,13752.565433778194,15241.02554389527,13301.510780221692
forecast_1978,2025-03-24 10:00:00,14305.890327498631,16080.324813801077,14480.723387102551
forecast_1979,2025-03-24 11:00:00,15163.51855539846,16205.930285033153,14686.640229144765
forecast_1980,2025-03-24 12:00:00,15572.58681957075,17149.56768169529,15015.274222306203
forecast_1981,2025-03-24 13:00:00,16129.850243078934,17256.300656965097,14958.65629962172
forecast_1982,2025-03-24 14:00:00,15905.095267233488,16969.693925485288,14459.138048876192
forecast_1983,2025-03-24 15:00:00,15633.648333344963,16510.686795636266,13114.872152987436
forecast_1984,2025-03-24 16:00:00,15253.782132614755,15959.14478693,12490.973767089392
forecast_1985,2025-03-24 17:00:00,15450.85724288074,15629.698456107122,11989.33059368195
forecast_1986,2025-03-24 18:00:00,15404.854694219091,15203.083190021129,11911.293762222156
forecast_1987,2025-03-24 19:00:00,15953.571609582055,15062.85938876736,12516.242639588165
forecast_1988,2025-03-24 20:00:00,15755.270158673497,16442.101934810376,13652.071256026255
forecast_1989,2025-03-24 21:00:00,15391.081830731488,17313.326043947713,14944.062792525237
forecast_1990,2025-03-24 22:00:00,16856.443609990718,18633.819649351226,17415.998021703715
forecast_1991,2025-03-24 23:00:00,17670.019503520543,18825.78498810484,18025.647609142638
forecast_1992,2025-03-25 00:00:00,18127.553454852037,19597.05706559635,18179.106894977267
forecast_1993,2025-03-25 01:00:00,18534.63066171793,18793.19975649667,17047.732353691317
forecast_1994,2025-03-25 02:00:00,18255.41021257215,18847.398161017318,16885.983758294027
forecast_1995,2025-03-25 03:00:00,16534.897427055916,17187.714581159147,13895.68817771978
forecast_1996,2025-03-25 04:00:00,13351.645954754653,13683.638807759418,10665.352529071564
forecast_1997,2025-03-25 05:00:00,10900.211673570848,11414.191245179703,8441.664906185666
forecast_1998,2025-03-25 06:00:00,9140.82485749827,10756.094340932215,6802.033904186432
forecast_1999,2025-03-25 07:00:00,9412.144535096524,10526.153129165436,7264.246481232289
forecast_2000,2025-03-25 08:00:00,9067.395026343076,10537.596167176349,7442.435058686894
forecast_2001,2025-03-25 09:00:00,9764.11775852618,11183.08357504958,7958.009474478944
forecast_2002,2025-03-25 10:00:00,10430.447387364973,11504.80785114263,8299.774694029678
forecast_2003,2025-03-25 11:00:00,10965.823431999937,11602.176201572389,8471.251518991297
forecast_2004,2025-03-25 12:00:00,11821.363018883636,12041.539735973904,9785.833078990196
forecast_2005,2025-03-25 13:00:00,12890.03870252319,13140.129048400164,12355.936269493888
forecast_2006,2025-03-25 14:00:00,13199.960258839024,15371.981686441079,14570.254285698873
forecast_2007,2025-03-25 15:00:00,15468.184222021797,16734.974726795415,16964.89304636277
forecast_2008,2025-03-25 16:00:00,17501.649473000718,16981.624034749537,17727.00668183014
forecast_2009,2025-03-25 17:00:00,17805.08690245102,17628.513979953415,17799.45150126108
forecast_2010,2025-03-25 18:00:00,17884.563656079008,17811.52400990109,17981.604319877453
forecast_2011,2025-03-25 19:00:00,18122.547305902008,17946.693141990156,17897.226103239434
forecast_2012,2025-03-25 20:00:00,17984.27539014313,18284.214306011032,18097.233817287146
forecast_2013,2025-03-25 21:00:00,18397.791626317674,18779.952720617577,18647.045973420732
forecast_2014,2025-03-25 22:00:00,19582.08354491978,19489.22367509821,19345.595405597156
forecast_2015,2025-03-25 23:00:00,19297.795221062155,19337.4720317884,19325.034072785984
forecast_2016,2025-03-26 00:00:00,19654.672434874854,19402.153539961404,19361.667365069974
forecast_2017,2025-03-26 01:00:00,18789.55226796282,18626.199316144477,17638.103740828585
forecast_2018,2025-03-26 02:00:00,17264.352431499272,18103.098855727654,16926.326477799405
forecast_2019,2025-03-26 03:00:00,15911.337525430821,16797.277785766622,14546.54769389409
forecast_2020,2025-03-26 04:00:00,14950.132769141512,15093.984668949512,12294.603119881178
forecast_2021,2025-03-26 05:00:00,13011.199622139071,13845.415298156498,9503.728826281733
forecast_2022,2025-03-26 06:00:00,10507.028339942615,10669.941401120512,6695.877384921448
forecast_2023,2025-03-26 07:00:00,6136.743385214674,5884.940842247977,4117.904624331809
forecast_2024,2025-03-26 08:00:00,4046.8196761576924,3769.603682843175,3624.0333669726506
forecast_2025,2025-03-26 09:00:00,4152.417767107426,3710.137724885996,4794.619335386483
forecast_2026,2025-03-26 10:00:00,4673.195644281867,4820.176686159589,3978.46106539883
forecast_2027,2025-03-26 11:00:00,4506.579925783737,4340.139953981727,3730.091624401722
forecast_2028,2025-03-26 12:00:00,4037.777923553932,4081.143445388013,3592.9569487974813
forecast_2029,2025-03-26 13:00:00,4411.006587565515,3910.818614231747,4178.229357068647
forecast_2030,2025-03-26 14:00:00,3672.2111587173727,3686.1702528279393,4100.3898986854165
forecast_2031,2025-03-26 15:00:00,3738.151113369657,3891.924077528319,3612.7913986920316
forecast_2032,2025-03-26 16:00:00,3720.2218176105557,3771.7255384946825,3505.1208712274074
forecast_2033,2025-03-26 17:00:00,4145.460015963438,4656.610906955838,3794.406318404536
forecast_2034,2025-03-26 18:00:00,5364.081226052206,6626.89173932999,4014.5602412942812
forecast_2035,2025-03-26 19:00:00,7715.59987369984,9401.338362821685,6299.6803564173315
forecast_2036,2025-03-26 20:00:00,9077.677227173639,10445.464218516183,6632.528048898416
forecast_2037,2025-03-26 21:00:00,10094.798767290855,12074.683642662423,8301.16832766642
forecast_2038,2025-03-26 22:00:00,12940.993360316743,15543.625131426646,10592.83015483145
forecast_2039,2025-03-26 23:00:00,15762.944779543639,17288.96603877274,13339.065909767663
forecast_2040,2025-03-27 00:00:00,16517.781828320225,17729.468364682216,15553.881367517019
forecast_2041,2025-03-27 01:00:00,17498.57264463691,17634.86548522493,17126.136198890086
forecast_2042,2025-03-27 02:00:00,17822.0801715342,17259.32405744084,18009.772675208995
forecast_2043,2025-03-27 03:00:00,17086.985108472178,16905.887028821548,17823.741742721202
forecast_2044,2025-03-27 04:00:00,16746.642572380875,16061.142665736588,16794.10961830107
forecast_2045,2025-03-27 05:00:00,15673.971211481103,15112.662168789107,16184.73893444416
forecast_2046,2025-03-27 06:00:00,13060.920777756945,16076.678258354548,12810.091433661839
forecast_2047,2025-03-27 07:00:00,13319.158158966058,15423.92294616641,12734.781440867087
forecast_2048,2025-03-27 08:00:00,14252.172694781588,16773.666426356645,13183.278353592405
forecast_2049,2025-03-27 09:00:00,14205.511897149905,15659.893822308859,12599.580359121457
forecast_2050,2025-03-27 10:00:00,13164.36587826804,14437.115904590652,10668.19119085911
forecast_2051,2025-03-27 11:00:00,11846.263775724992,13114.019606613912,9905.553800259942
forecast_2052,2025-03-27 12:00:00,9420.720733119322,10839.317494496636,8722.491783598618
forecast_2053,2025-03-27 13:00:00,8402.39010648339,9304.551318257709,7793.396033269843
forecast_2054,2025-03-27 14:00:00,7443.245841449976,8289.73543734146,6427.369266182125
forecast_2055,2025-03-27 15:00:00,7584.467026463623,7776.247777206453,6019.288339613343
forecast_2056,2025-03-27 16:00:00,7044.697351218124,7233.711758640536,5540.235875172386
forecast_2057,2025-03-27 17:00:00,6653.7835693365505,6719.302894503508,4903.386902894981
forecast_2058,2025-03-27 18:00:00,6418.889882711616,7096.259572448023,5443.497037555706
forecast_2059,2025-03-27 19:00:00,7122.607403621966,7754.946615906136,5374.845269033981
forecast_2060,2025-03-27 20:00:00,8485.01774762133,9093.756399927728,6323.206403800365
forecast_2061,2025-03-27 21:00:00,9233.315716994544,9748.550087086083,7638.879262308619
forecast_2062,2025-03-27 22:00:00,10544.330048347596,9990.527502198067,8532.988917277964
forecast_2063,2025-03-27 23:00:00,10055.98912470083,11361.067773113786,7930.354008813911
forecast_2064,2025-03-28 00:00:00,9397.135848933549,11530.332405016865,7808.244674523285
forecast_2065,2025-03-28 01:00:00,4215.758836323314,6852.827126119135,3892.987350291322
forecast_2066,2025-03-28 02:00:00,5317.067229471946,6611.418170346137,3855.179343591513
forecast_2067,2025-03-28 03:00:00,4440.269417843064,5155.682595983367,3793.3590631928355
forecast_2068,2025-03-28 04:00:00,4077.2255589306037,3894.7875893062474,3678.1764019979228
forecast_2069,2025-03-28 05:00:00,3813.4993734922655,3707.185694390458,3902.537544147365
forecast_2070,2025-03-28 06:00:00,4253.028311200987,4103.425631628714,3623.1155445898535
forecast_2071,2025-03-28 07:00:00,3961.436324017547,3994.1239693567563,3480.22153355083
forecast_2072,2025-03-28 08:00:00,3995.901279981535,4027.3411554858517,3313.661699107009
forecast_2073,2025-03-28 09:00:00,3822.4894649055777,4239.091799993326,3652.5254352381794
forecast_2074,2025-03-28 10:00:00,3891.450758498913,4278.951118328139,3233.4836390111013
forecast_2075,2025-03-28 11:00:00,3986.380377033186,3924.7760452046264,3359.7431535801397
forecast_2076,2025-03-28 12:00:00,3832.6205682934656,4041.1233115430296,3358.183612711117
forecast_2077,2025-03-28 13:00:00,4102.282655098945,4342.337262362373,3881.4680349957316
forecast_2078,2025-03-28 14:00:00,4001.783379707648,3874.3482869186437,3895.974552535398
forecast_2079,2025-03-28 15:00:00,3880.908981259971,3853.0006933075683,3560.1539450256605
forecast_2080,2025-03-28 16:00:00,4119.403012781914,4162.0257529069195,3689.6974563070885
forecast_2081,2025-03-28 17:00:00,3582.538117398226,3486.2072419019996,3444.838956766363
forecast_2082,2025-03-28 18:00:00,3569.124775028242,3754.4683067780516,3326.1011573873357
forecast_2083,2025-03-28 19:00:00,4805.571654487879,5057.470569349186,3974.615251517843
forecast_2084,2025-03-28 20:00:00,6120.6980448431095,6465.295832616228,4063.5097899188677
forecast_2085,2025-03-28 21:00:00,5666.756983027695,6475.697201783697,4499.005250461944
forecast_2086,2025-03-28 22:00:00,4913.944030417118,5884.623551174728,3846.750491905792
forecast_2087,2025-03-28 23:00:00,4965.835085406126,5511.02444318708,4283.3551471910405
forecast_2088,2025-03-29 00:00:00,5437.660399990211,6490.666382064946,3926.022020251226
forecast_2089,2025-03-29 01:00:00,4006.0643229885336,3896.49213201583,3381.0624365998065
forecast_2090,2025-03-29 02:00:00,3799.169550338911,3896.8189633158067,3448.6555357545135
forecast_2091,2025-03-29 03:00:00,3416.288687655405,3494.161204239081,3643.349717537889
forecast_2092,2025-03-29 04:00:00,4584.775655708639,4567.308492673217,3574.807312755475
forecast_2093,2025-03-29 05:00:00,6532.1562628677075,6483.395541559447,4720.16255840756
forecast_2094,2025-03-29 06:00:00,7338.524030199506,7528.294908177958,5824.90085205672
forecast_2095,2025-03-29 07:00:00,7653.583551287797,8116.611552276474,5300.832878065074
forecast_2096,2025-03-29 08:00:00,7462.30931170596,7467.2970662568305,5254.292301810263
forecast_2097,2025-03-29 09:00:00,7114.373152446421,7231.074749039311,5867.890779121218
forecast_2098,2025-03-29 10:00:00,8027.850621216435,8762.747680800883,7297.164731062888
forecast_2099,2025-03-29 11:00:00,10146.161677485321,10893.085556804352,8641.079213545925
forecast_2100,2025-03-29 12:00:00,12215.530130870191,12171.454995831786,10040.43729328369
forecast_2101,2025-03-29 13:00:00,13000.9409555542,13318.742376647537,11182.209388139756
forecast_2102,2025-03-29 14:00:00,13796.609512267058,14641.165062662103,11878.115784741742
forecast_2103,2025-03-29 15:00:00,14398.807419342404,15043.271406965105,12367.216313072122
forecast_2104,2025-03-29 16:00:00,14777.510263434579,15550.20956466752,12535.209478785242
forecast_2105,2025-03-29 17:00:00,14959.482990083683,15589.726688535528,12198.512752540035
forecast_2106,2025-03-29 18:00:00,14488.562254277087,14793.90031004394,11089.88617096361
forecast_2107,2025-03-29 19:00:00,14278.729386419927,13679.369027526805,10442.629752908319
forecast_2108,2025-03-29 20:00:00,13138.100369123847,12521.365796910794,10135.413309991805
forecast_2109,2025-03-29 21:00:00,12911.109301782963,12414.23920373423,11295.657313751779
forecast_2110,2025-03-29 22:00:00,13000.045774375072,12308.307133830529,11670.952274043499
forecast_2111,2025-03-29 23:00:00,12787.971952399841,12056.767475475246,11589.027260048057
forecast_2112,2025-03-30 00:00:00,12827.429228576833,11738.696793023113,11554.310120268616
forecast_2113,2025-03-30 01:00:00,12733.635322235541,12106.814489002181,11056.040195187035
forecast_2114,2025-03-30 02:00:00,12422.700327228256,12018.195153617453,10866.6683659898
forecast_2115,2025-03-30 03:00:00,12366.297606465849,11418.26433719636,9957.594425483408
forecast_2116,2025-03-30 04:00:00,11357.218272916209,12831.855576545497,9596.278811421373
forecast_2117,2025-03-30 05:00:00,11230.300046540344,12492.714463068816,8724.64400408737
forecast_2118,2025-03-30 06:00:00,10510.857494993075,11588.139273823954,8151.336001006824
forecast_2119,2025-03-30 07:00:00,9745.51373483534,10186.493786461577,7578.794117732747
forecast_2120,2025-03-30 08:00:00,9123.333356163468,8556.294869394438,6894.375427138485
forecast_2121,2025-03-30 09:00:00,8199.499650575344,7992.476081650939,6599.530825291385
forecast_2122,2025-03-30 10:00:00,8718.48525262791,8423.459012838188,7255.933032429729
forecast_2123,2025-03-30 11:00:00,9612.25740592884,9358.459062270604,8047.025563822927
forecast_2124,2025-03-30 12:00:00,10861.67067846349,10372.495314306758,8444.96125532557
forecast_2125,2025-03-30 13:00:00,11656.443979745049,11303.252656456572,8922.587211058037
forecast_2126,2025-03-30 14:00:00,11352.123472945656,11026.36625276094,8662.640721407703
forecast_2127,2025-03-30 15:00:00,10151.001202946538,10134.659109978691,7530.875603299166
forecast_2128,2025-03-30 16:00:00,8429.618392558015,8138.66050528237,6135.017874632345
forecast_2129,2025-03-30 17:00:00,7915.147410157354,8126.136097418364,5570.225585894807
forecast_2130,2025-03-30 18:00:00,7289.159654995031,7700.125364932902,5532.801084452
forecast_2131,2025-03-30 19:00:00,7552.243474313369,7898.096168746294,5992.143588387338
forecast_2132,2025-03-30 20:00:00,7723.315284301212,8470.208810741577,6647.773540478214
forecast_2133,2025-03-30 21:00:00,8530.27220797975,9579.379464578062,7190.202586193705
forecast_2134,2025-03-30 22:00:00,8423.762786070967,9365.21469848991,7361.125203149309
forecast_2135,2025-03-30 23:00:00,9432.379459294316,10464.874114191842,8238.279715225717
forecast_2136,2025-03-31 00:00:00,9751.766669058046,10954.663216126552,8499.1715719095
forecast_2137,2025-03-31 01:00:00,13797.074192611928,16647.749561054028,14315.569632409697
forecast_2138,2025-03-31 02:00:00,14040.88093957498,16618.948333803495,14494.342159001237
forecast_2139,2025-03-31 03:00:00,14850.786736312477,17057.642780919057,14296.26504702571
forecast_2140,2025-03-31 04:00:00,15341.339543948578,17120.391884115783,14567.923622885492
forecast_2141,2025-03-31 05:00:00,16213.357836823106,17410.30814204306,14649.89523285962
forecast_2142,2025-03-31 06:00:00,15807.066965020695,17169.365455246872,13437.55941548363
forecast_2143,2025-03-31 07:00:00,13419.021953956104,14099.581171517311,11055.561260566694
forecast_2144,2025-03-31 08:00:00,9968.992385363237,10865.017610050965,8419.31628407417
forecast_2145,2025-03-31 09:00:00,6527.248630403875,6806.0148801126215,4670.476051871717
forecast_2146,2025-03-31 10:00:00,4378.9245821762615,4346.965183331678,3791.5612849766503
forecast_2147,2025-03-31 11:00:00,4987.134758561907,5694.842669707459,3840.1009482264326
forecast_2148,2025-03-31 12:00:00,3855.8569272193904,3875.4870568965794,3462.4828144145313
forecast_2149,2025-03-31 13:00:00,3468.1827606192887,3496.4709667191937,3537.3644761130286
forecast_2150,2025-03-31 14:00:00,3856.3535924713474,3813.624877479838,3448.3354432345236
forecast_2151,2025-03-31 15:00:00,3933.5693371081625,3904.899902568059,3517.9501578391005
forecast_2152,2025-03-31 16:00:00,4329.38207232795,3981.404644298376,3764.494045756207
forecast_2153,2025-03-31 17:00:00,4315.698854134464,4200.645672367268,4535.518675235055
forecast_2154,2025-03-31 18:00:00,4996.581867126505,4796.2007193233385,5097.43169851243
forecast_2155,2025-03-31 19:00:00,6796.632090247394,6836.310880362307,6136.597247344809
forecast_2156,2025-03-31 20:00:00,9428.173138276037,9433.305519793492,7388.774109515351
forecast_2157,2025-03-31 21:00:00,10691.049917665963,11227.90410986656,8717.558645251116
forecast_2158,2025-03-31 22:00:00,11453.420266898172,11548.710182585057,9927.89554524831
forecast_2159,2025-03-31 23:00:00,12153.130019280628,12993.06321814576,11312.565154626176
forecast_2160,2025-04-01 00:00:00,13080.093621522206,13428.613930775002,11723.070617545889
forecast_2161,2025-04-01 01:00:00,8910.380762860728,8845.750643450108,6865.611004395497
forecast_2162,2025-04-01 02:00:00,8197.787472829865,8496.470654292407,6728.362619184313
forecast_2163,2025-04-01 03:00:00,8246.602644041412,8218.384334432561,6595.202623903917
forecast_2164,2025-04-01 04:00:00,8357.620089168762,8229.75422981272,6345.7595323235555
forecast_2165,2025-04-01 05:00:00,7800.874942293409,7587.445104477099,5902.713048669717
forecast_2166,2025-04-01 06:00:00,6604.419454856284,6351.008689415403,5161.618040741728
forecast_2167,2025-04-01 07:00:00,4759.5331774893375,4613.922368676938,3957.9142347665083
forecast_2168,2025-04-01 08:00:00,4257.301038710464,4165.360102004666,3764.253757181076
forecast_2169,2025-04-01 09:00:00,3896.734585355512,3860.6464340577168,3250.041276536927
forecast_2170,2025-04-01 10:00:00,3371.6955196903687,3636.8573766483078,2823.295518255659
forecast_2171,2025-04-01 11:00:00,4102.7457544887075,3930.420549891829,2282.464318019292
forecast_2172,2025-04-01 12:00:00,1664.067717666061,1253.3881512797645,169.042655110636
forecast_2173,2025-04-01 13:00:00,142.9706345041705,137.29709276887877,157.62732095799916
forecast_2174,2025-04-01 14:00:00,3412.3887295448226,3530.1481608038644,2863.8881492372657
forecast_2175,2025-04-01 15:00:00,3289.40441129577,3569.2386332490482,3157.6358747010413
forecast_2176,2025-04-01 16:00:00,3052.3207507535512,3297.5364491375785,3130.527037350615
forecast_2177,2025-04-01 17:00:00,3151.845332343089,3408.4317388789354,3311.5295753423056
forecast_2178,2025-04-01 18:00:00,3610.3820462075705,3523.0726669327737,3320.4118483892767
forecast_2179,2025-04-01 19:00:00,2769.817425796948,2698.9270723030522,3189.4486203714955
forecast_2180,2025-04-01 20:00:00,3269.5878458848497,3425.739725485763,2458.587815266535
forecast_2181,2025-04-01 21:00:00,3387.4810049122475,3421.364056903491,2441.6406585911377
forecast_2182,2025-04-01 22:00:00,3274.2467810371145,3319.7397948748667,2565.634365534414
forecast_2183,2025-04-01 23:00:00,3886.636506354015,3685.1384437192373,3136.32873332634
forecast_2184,2025-04-02 00:00:00,3695.8527425631264,4383.004955389163,3391.808248884154
forecast_2185,2025-04-02 01:00:00,3714.2821933534046,5207.049626432967,4494.323447525234
forecast_2186,2025-04-02 02:00:00,3539.0396981333515,3966.581820341662,4767.28744328055
forecast_2187,2025-04-02 03:00:00,3633.3482590765675,3944.2600195548957,3520.831289450316
forecast_2188,2025-04-02 04:00:00,3077.9207717465297,3694.6908168382333,2116.8620535845316
forecast_2189,2025-04-02 05:00:00,3747.0195854401463,3468.382665911832,1106.6908671323306
forecast_2190,2025-04-02 06:00:00,3864.8001365632663,3356.144337882311,70.9148131109022
forecast_2191,2025-04-02 07:00:00,3042.6408060341146,3016.108326527217,45.39472251249038
forecast_2192,2025-04-02 08:00:00,2638.453498085767,3099.894919892946,17.47102869921449
forecast_2193,2025-04-02 09:00:00,2548.9064728709327,3022.178981130353,38.5987652072453
forecast_2194,2025-04-02 10:00:00,2510.3413088580924,3138.988036912229,137.15606132749673
forecast_2195,2025-04-02 11:00:00,4001.141049961018,3714.1681411344334,2197.92184968818
forecast_2196,2025-04-02 12:00:00,2505.802615279565,2360.429603813192,361.070810251622
forecast_2197,2025-04-02 13:00:00,2407.2782852808346,2457.0590496378054,2243.2004461409606
forecast_2198,2025-04-02 14:00:00,2998.1138681342577,2987.270017802987,2530.182872227683
forecast_2199,2025-04-02 15:00:00,3167.666914127651,3363.5646081839523,2863.466772506019
forecast_2200,2025-04-02 16:00:00,3234.8554167050065,3104.785455281109,2564.581405972712
forecast_2201,2025-04-02 17:00:00,3432.460437788642,3310.4738831145883,2873.9298094818428
forecast_2202,2025-04-02 18:00:00,2907.5071856706595,3630.274032416607,1858.589695033515
forecast_2203,2025-04-02 19:00:00,3991.7716810497736,5036.478903430194,2402.3453219877842
forecast_2204,2025-04-02 20:00:00,4393.713743562946,4011.103692813658,1426.5933380561212
forecast_2205,2025-04-02 21:00:00,3777.237053122711,3456.127093295122,3283.524628060624
forecast_2206,2025-04-02 22:00:00,4215.558616202987,3641.873296124065,4091.5948692000475
forecast_2207,2025-04-02 23:00:00,3347.9745521211303,3392.8569399089433,3556.7547329618037
forecast_2208,2025-04-03 00:00:00,3474.0863701154326,3442.2445997882,2690.6484803681114
forecast_2209,2025-04-03 01:00:00,3147.0871478203494,3402.9700401992577,3126.4866262431556
forecast_2210,2025-04-03 02:00:00,3234.38549184024,3372.8915149713193,3196.1758354002914
forecast_2211,2025-04-03 03:00:00,3416.4227620784905,3392.1540056791296,3113.429317550504
forecast_2212,2025-04-03 04:00:00,3518.512617560421,3582.0746148989724,3220.559924606838
forecast_2213,2025-04-03 05:00:00,3838.238640156676,3840.1067435117075,3130.016969331204
forecast_2214,2025-04-03 06:00:00,3846.2641265458574,3861.056085642828,3317.4520430722196
forecast_2215,2025-04-03 07:00:00,3575.5112737849486,3523.2514301085002,3357.8409611878624
forecast_2216,2025-04-03 08:00:00,3525.0819766384307,3566.336131006329,3371.0609039417304
forecast_2217,2025-04-03 09:00:00,3324.5609252450895,3480.001013561839,3243.2314615402433
forecast_2218,2025-04-03 10:00:00,3579.945694675472,3454.7736275934753,3913.344902021125
forecast_2219,2025-04-03 11:00:00,3549.776079400923,3508.659944302501,3916.9119405628758
forecast_2220,2025-04-03 12:00:00,2972.936217239911,3082.6661719475496,1917.2663016068648
forecast_2221,2025-04-03 13:00:00,3920.24447682869,2804.1803959634503,1874.125997936393
forecast_2222,2025-04-03 14:00:00,289.55605365275875,2419.199180773288,1212.194747214707
forecast_2223,2025-04-03 15:00:00,5505.887942437207,3574.2718143996035,1378.7737061204027
forecast_2224,2025-04-03 16:00:00,4834.591319489362,3838.459341119407,196.14406494447084
forecast_2225,2025-04-03 17:00:00,3020.8308812422524,2953.6862051935072,94.67948010432451
forecast_2226,2025-04-03 18:00:00,3482.883147597854,4551.034811688504,1311.795782859224
forecast_2227,2025-04-03 19:00:00,3010.3678388829526,2972.7105699851427,2230.546092299565
forecast_2228,2025-04-03 20:00:00,3386.730351076704,3307.2616297027494,2931.9800509183847
forecast_2229,2025-04-03 21:00:00,3418.139202063985,3261.2396689236416,2998.0372158044925
forecast_2230,2025-04-03 22:00:00,3352.974155882701,3147.924979514749,3024.10344258266
forecast_2231,2025-04-03 23:00:00,3747.0953194677118,3688.7544710398984,3355.113297322635
forecast_2232,2025-04-04 00:00:00,3810.011336866132,3939.9017023938086,3577.6523826877683
forecast_2233,2025-04-04 01:00:00,6054.967760730533,7310.552752424648,3815.277187746806
forecast_2234,2025-04-04 02:00:00,7990.3099071994175,7857.1800862125765,4314.857090421075
forecast_2235,2025-04-04 03:00:00,9174.789142727943,9207.492327616063,5348.4947438641375
forecast_2236,2025-04-04 04:00:00,8830.866844333133,9389.598448709334,6456.848907820746
forecast_2237,2025-04-04 05:00:00,9958.675810561876,10370.145099508685,7182.392358963043
forecast_2238,2025-04-04 06:00:00,10145.596402261404,10171.847667958711,7026.0257391077175
forecast_2239,2025-04-04 07:00:00,9393.553371118607,9417.383975649633,6356.660051586778
forecast_2240,2025-04-04 08:00:00,7229.254071486513,6903.762534148093,5193.704393449132
forecast_2241,2025-04-04 09:00:00,4755.889641118747,4571.976811706294,3752.5608522658554
forecast_2242,2025-04-04 10:00:00,4092.353398090788,4040.2963533703683,3616.0573311563417
forecast_2243,2025-04-04 11:00:00,3666.420097039835,3637.5246958400735,3204.579216934894
forecast_2244,2025-04-04 12:00:00,3416.670039089976,3419.6675014694906,2555.872507836727
forecast_2245,2025-04-04 13:00:00,3577.8468087261144,3433.860505404601,2915.684838809817
forecast_2246,2025-04-04 14:00:00,3797.181927236684,3466.9288381336582,2923.4845396534793
forecast_2247,2025-04-04 15:00:00,3672.2604216154114,3665.7256761680924,3176.015987994771
forecast_2248,2025-04-04 16:00:00,3496.1042141670896,3434.486909152314,3287.578043561473
forecast_2249,2025-04-04 17:00:00,3821.0504275266053,3710.9650939566577,3256.221221531508
forecast_2250,2025-04-04 18:00:00,3760.4449995085397,3774.5056518067854,3362.8122651121867
forecast_2251,2025-04-04 19:00:00,3865.01931017233,3853.3204884565585,3424.6518832643565
forecast_2252,2025-04-04 20:00:00,4041.3639902426457,3956.4818925659406,3599.0423178209003
forecast_2253,2025-04-04 21:00:00,3913.756983888371,4198.780102171302,3706.5136939302697
forecast_2254,2025-04-04 22:00:00,3826.2164074336665,3931.1284850460897,3779.7228590945156
forecast_2255,2025-04-04 23:00:00,3955.8311798753807,4486.227546995579,3735.068166468242
forecast_2256,2025-04-05 00:00:00,4128.551528711918,4586.241895089945,3735.76745870849
forecast_2257,2025-04-05 01:00:00,11314.508745047615,12209.768354354797,7174.758080257984
forecast_2258,2025-04-05 02:00:00,10888.669536316685,11891.728034631502,6284.935078033491
forecast_2259,2025-04-05 03:00:00,11552.010707686351,12536.521085414986,6239.703099991923
forecast_2260,2025-04-05 04:00:00,10578.65174091675,11477.052362903194,8125.960515284557
forecast_2261,2025-04-05 05:00:00,10514.502282321908,11548.482005535776,6230.161761946432
forecast_2262,2025-04-05 06:00:00,10202.493462174598,11933.857481331941,7108.144110962853
forecast_2263,2025-04-05 07:00:00,9227.948540862375,10479.249119903669,5939.836313869193
forecast_2264,2025-04-05 08:00:00,9039.438672258646,10421.149490386364,6046.27184413392
forecast_2265,2025-04-05 09:00:00,7329.77010454811,8057.888255242645,5743.434718751444
forecast_2266,2025-04-05 10:00:00,4080.3912059291233,5080.176961366694,5133.276273403731
forecast_2267,2025-04-05 11:00:00,6588.751895341304,7927.397157493156,5467.736249361576
forecast_2268,2025-04-05 12:00:00,9370.556583952517,11704.037726692482,8869.519180223977
forecast_2269,2025-04-05 13:00:00,11890.89834183186,12788.583854681321,10097.468041430493
forecast_2270,2025-04-05 14:00:00,11749.195697603891,14277.333597255962,10903.904210796301
forecast_2271,2025-04-05 15:00:00,12100.514194125764,14834.61890676293,12431.511147730425
forecast_2272,2025-04-05 16:00:00,14359.275089233017,15985.617230211232,12989.625932616684
forecast_2273,2025-04-05 17:00:00,14867.717969059431,16488.086541079345,14205.003739940332
forecast_2274,2025-04-05 18:00:00,15551.529513550135,16109.465330460767,14261.556701860956
forecast_2275,2025-04-05 19:00:00,15473.65197545723,16377.932842709912,13289.464933737852
forecast_2276,2025-04-05 20:00:00,14633.904780246467,16279.788642650918,13188.94760717591
forecast_2277,2025-04-05 21:00:00,13986.195348714393,16833.41931576416,13004.798522160821
forecast_2278,2025-04-05 22:00:00,13553.331433423758,16484.047263884895,13401.397939776787
forecast_2279,2025-04-05 23:00:00,14148.445432582626,17350.475775060557,13891.026241768643
forecast_2280,2025-04-06 00:00:00,14298.644179874478,17176.797102058976,14352.984732084604
forecast_2281,2025-04-06 01:00:00,14514.77528139883,17248.439016911238,14527.472856946526
forecast_2282,2025-04-06 02:00:00,15276.41651579756,17573.04761458982,14763.033983767255
forecast_2283,2025-04-06 03:00:00,15358.58342017752,17840.572140098277,15155.863025340084
forecast_2284,2025-04-06 04:00:00,15647.095052906187,17563.06414220682,15195.413857901602
forecast_2285,2025-04-06 05:00:00,15471.18572529676,16961.17853847296,14673.089484192733
forecast_2286,2025-04-06 06:00:00,14921.272113854166,17701.37117585643,13705.416698357756
forecast_2287,2025-04-06 07:00:00,14609.760462877844,16810.723443374234,13222.67996467933
forecast_2288,2025-04-06 08:00:00,14458.559924297206,16926.340235644027,12817.693241877925
forecast_2289,2025-04-06 09:00:00,13358.8298723374,15302.711482541705,12124.602955838449
forecast_2290,2025-04-06 10:00:00,12777.071885761889,13320.998188590336,10851.453101003455
forecast_2291,2025-04-06 11:00:00,13095.350716442035,13020.778109245513,10310.401170530762
forecast_2292,2025-04-06 12:00:00,12374.232727729157,13017.761695461082,10111.06782463871
forecast_2293,2025-04-06 13:00:00,12925.795842123296,12554.608458158382,10241.714521490238
forecast_2294,2025-04-06 14:00:00,12701.4449439023,12828.418626347517,10248.525084803103
forecast_2295,2025-04-06 15:00:00,12880.871761636316,12524.515457334568,10370.584296280726
forecast_2296,2025-04-06 16:00:00,13035.091586308865,12677.101956034392,10788.739416134329
forecast_2297,2025-04-06 17:00:00,13069.421922190299,13462.055162361503,10943.208471943308
forecast_2298,2025-04-06 18:00:00,13514.260698166672,14434.518223631823,11573.581658804755
forecast_2299,2025-04-06 19:00:00,14103.82978404852,14233.417570628673,11807.168592836311
forecast_2300,2025-04-06 20:00:00,13672.921823891871,14596.702737463447,12389.892545958457
forecast_2301,2025-04-06 21:00:00,13974.148630953006,15182.339985123604,13001.327312778652
forecast_2302,2025-04-06 22:00:00,13892.532485903275,15541.756234099472,13257.442964045127
forecast_2303,2025-04-06 23:00:00,14084.429883212888,16026.98809696371,13232.47990918227
forecast_2304,2025-04-07 00:00:00,14013.760342576768,15794.31067821539,13432.147136151414
forecast_2305,2025-04-07 01:00:00,16053.264755536484,17713.50488757442,15362.29541473946
forecast_2306,2025-04-07 02:00:00,15477.872032646597,17637.104272706943,14928.802155658575
forecast_2307,2025-04-07 03:00:00,15036.833626138654,17599.092730522178,14642.576648122202
forecast_2308,2025-04-07 04:00:00,15004.274675168912,16910.039481583288,13838.127055410292
forecast_2309,2025-04-07 05:00:00,15115.403890705931,16562.2339116694,13634.568933557437
forecast_2310,2025-04-07 06:00:00,14707.289885038186,16056.554243363278,12512.963852522096
forecast_2311,2025-04-07 07:00:00,15209.422350774697,15983.6793331781,11675.609469928278
forecast_2312,2025-04-07 08:00:00,15080.515980673925,15447.655445318613,10643.17902961907
forecast_2313,2025-04-07 09:00:00,13629.039123264569,14170.570147661061,9552.79784586457
forecast_2314,2025-04-07 10:00:00,12269.549875836317,12839.793957392487,8710.684968753947
forecast_2315,2025-04-07 11:00:00,10835.48241364736,11458.423931999485,8000.253480669353
forecast_2316,2025-04-07 12:00:00,10526.367282471521,10778.454445738182,7746.163530350025
forecast_2317,2025-04-07 13:00:00,10633.261958956295,10595.315311127973,7835.175526795973
forecast_2318,2025-04-07 14:00:00,11337.418691894822,11298.86568209767,8628.19172135669
forecast_2319,2025-04-07 15:00:00,12640.380444699993,12789.528189033845,10166.996434791225
forecast_2320,2025-04-07 16:00:00,13731.546480162699,14103.357080804648,12461.694487688812
forecast_2321,2025-04-07 17:00:00,15142.254638886343,16405.701420154688,13819.172821516366
forecast_2322,2025-04-07 18:00:00,15461.38149221485,17044.705921094846,15416.223240850442
forecast_2323,2025-04-07 19:00:00,16335.533298505961,17800.40539795917,16836.981631238294
forecast_2324,2025-04-07 20:00:00,17043.48239809108,18655.15661353571,17571.683926131183
forecast_2325,2025-04-07 21:00:00,18039.485653978536,19544.829451410755,18998.744135700206
forecast_2326,2025-04-07 22:00:00,18603.573927884314,19880.510686516223,19325.38533373972
forecast_2327,2025-04-07 23:00:00,19003.05345449111,19900.551594094697,19334.947098995657
forecast_2328,2025-04-08 00:00:00,19845.770726877447,20100.549967537932,19337.60152723849
forecast_2329,2025-04-08 01:00:00,19913.766998193983,19900.433335452086,19341.90213955893
forecast_2330,2025-04-08 02:00:00,19902.453043823618,19894.00015817229,19345.44303866382
forecast_2331,2025-04-08 03:00:00,19961.294529533236,19947.499717598173,19625.874383782368
forecast_2332,2025-04-08 04:00:00,19884.979684328046,19886.812436947825,19359.9170342075
forecast_2333,2025-04-08 05:00:00,19873.909030157392,19739.75000802489,19341.68966843906
forecast_2334,2025-04-08 06:00:00,19913.712855666738,19391.48869710818,19273.874079372967
forecast_2335,2025-04-08 07:00:00,19044.491319145392,19045.423233577025,17660.992042810212
forecast_2336,2025-04-08 08:00:00,17774.070989806067,18610.37086021051,15752.319420591824
forecast_2337,2025-04-08 09:00:00,16339.152569422364,17565.22871671093,13258.639521724877
forecast_2338,2025-04-08 10:00:00,15169.418789580111,15858.465140381479,11836.815970804751
forecast_2339,2025-04-08 11:00:00,13921.938166386095,14557.061842542247,10160.905408036595
forecast_2340,2025-04-08 12:00:00,12928.592804155234,13291.011058471819,9181.052104435152
forecast_2341,2025-04-08 13:00:00,12213.274866342583,12193.564620151428,8523.834109166763
forecast_2342,2025-04-08 14:00:00,11073.57103091837,10688.473255805327,8337.739286906122
forecast_2343,2025-04-08 15:00:00,9082.627122399388,9725.639444197113,6672.8286287024175
forecast_2344,2025-04-08 16:00:00,6510.928717074342,6765.29174248754,4947.266163187119
forecast_2345,2025-04-08 17:00:00,4337.510495226803,4182.08156803429,3711.4177439674877
forecast_2346,2025-04-08 18:00:00,3727.2000457813783,3817.152138974095,3683.8030315963456
forecast_2347,2025-04-08 19:00:00,4605.794695279048,4301.717527905858,3569.021153369594
forecast_2348,2025-04-08 20:00:00,4019.883106620162,3907.045009477272,3370.179101050324
forecast_2349,2025-04-08 21:00:00,3907.5649832030235,3808.3732183993693,3065.6257739508883
forecast_2350,2025-04-08 22:00:00,3542.5868878486012,3549.950296332838,2872.366419450342
forecast_2351,2025-04-08 23:00:00,3503.011604678437,3243.9833290465845,2955.884215919925
forecast_2352,2025-04-09 00:00:00,3417.96358005701,3258.9072246837854,2832.921394991334
forecast_2353,2025-04-09 01:00:00,3175.663626338048,3792.8863523003197,4808.310887978366
forecast_2354,2025-04-09 02:00:00,3619.6017124915456,3481.88895505156,5211.354126195725
forecast_2355,2025-04-09 03:00:00,3560.397370440804,3576.5611185840103,3847.125755183694
forecast_2356,2025-04-09 04:00:00,2632.5158455824444,2880.7241935631114,2430.125940045082
forecast_2357,2025-04-09 05:00:00,3282.6079022786785,3576.093160091675,3688.053857489796
forecast_2358,2025-04-09 06:00:00,3407.4973001874137,3485.085098481478,3160.095012445268
forecast_2359,2025-04-09 07:00:00,3512.716514904773,3498.3893254618724,3306.384679368767
forecast_2360,2025-04-09 08:00:00,3498.1234802212903,3581.0079456991257,3289.3027840766163
forecast_2361,2025-04-09 09:00:00,3678.5607557811422,3824.5421690399735,3674.427745103715
forecast_2362,2025-04-09 10:00:00,3679.522357190496,3665.219586673376,3744.592727914888
forecast_2363,2025-04-09 11:00:00,3644.614535082314,3701.5607171903002,3602.755463615931
forecast_2364,2025-04-09 12:00:00,4027.776042873884,3817.9939998596965,3478.310760821468
forecast_2365,2025-04-09 13:00:00,3777.579759104245,4002.6775626370586,3315.353097655909
forecast_2366,2025-04-09 14:00:00,4300.809196291304,4749.2118045589095,3765.206758570082
forecast_2367,2025-04-09 15:00:00,5939.516269636124,6161.790148601599,4308.023192494372
forecast_2368,2025-04-09 16:00:00,6585.43694222263,7992.0649586726695,4504.577396678172
forecast_2369,2025-04-09 17:00:00,6861.330309732891,7817.800534469794,5032.685677367862
forecast_2370,2025-04-09 18:00:00,9437.268011919603,8246.304232626891,5501.268225809746
forecast_2371,2025-04-09 19:00:00,7234.980527679048,8301.289495715626,5238.803359917684
forecast_2372,2025-04-09 20:00:00,7150.961229375958,8154.823146845507,5351.541140551866
forecast_2373,2025-04-09 21:00:00,5746.007582624065,6235.875143932246,4805.593395321379
forecast_2374,2025-04-09 22:00:00,7055.936605738863,8600.637292442594,5501.723697590007
forecast_2375,2025-04-09 23:00:00,7754.763331447247,7980.824812683597,6101.967285862784
forecast_2376,2025-04-10 00:00:00,8677.489454787195,9079.999830712075,6637.760288360673
forecast_2377,2025-04-10 01:00:00,6593.97705340045,7437.563704436289,5577.140159835058
forecast_2378,2025-04-10 02:00:00,7498.075531262287,8119.63018302008,5697.4130114027175
forecast_2379,2025-04-10 03:00:00,8187.177560406326,9957.423092159268,6392.807908317071
forecast_2380,2025-04-10 04:00:00,8640.54022899704,10173.911340902892,6532.290532360668
forecast_2381,2025-04-10 05:00:00,8065.628873222218,8931.87822214799,5651.61059582592
forecast_2382,2025-04-10 06:00:00,6954.599104498592,7521.023499024301,4826.869283010742
forecast_2383,2025-04-10 07:00:00,7156.433118874682,6646.767039444641,4231.497386983738
forecast_2384,2025-04-10 08:00:00,5653.742487500817,5704.82833458939,3967.8058145446944
forecast_2385,2025-04-10 09:00:00,5413.888437876582,5398.946535037988,3765.347160187235
forecast_2386,2025-04-10 10:00:00,5126.997528641814,5032.199658875547,3740.2573881347457
forecast_2387,2025-04-10 11:00:00,4416.649540657886,4461.481800450285,3542.8420565263605
forecast_2388,2025-04-10 12:00:00,3930.252351804949,3861.8084085384457,3667.6320566985396
forecast_2389,2025-04-10 13:00:00,3881.7170613319117,3786.206611898709,3472.2621160139793
forecast_2390,2025-04-10 14:00:00,3743.7000034495773,3624.5653892311398,3529.0772501827823
forecast_2391,2025-04-10 15:00:00,3796.613473540487,3806.4209916047384,3407.865075405976
forecast_2392,2025-04-10 16:00:00,3869.514943945321,3844.484402592189,3555.627180421287
forecast_2393,2025-04-10 17:00:00,3891.9760499201343,3761.684566204267,3547.8158361623355
forecast_2394,2025-04-10 18:00:00,4000.165457930324,3890.909961529586,3743.731887503929
forecast_2395,2025-04-10 19:00:00,3995.3255369888707,3924.2822989265997,3695.169738237238
forecast_2396,2025-04-10 20:00:00,4287.071198469925,4027.87679921157,3523.5524030800866
forecast_2397,2025-04-10 21:00:00,3727.084009206388,3812.273832696868,3690.209053726732
forecast_2398,2025-04-10 22:00:00,3892.0018214195607,3922.1845373593433,3798.8471898560997
forecast_2399,2025-04-10 23:00:00,3915.9897904770974,3968.04189145036,3740.7633816223765
forecast_2400,2025-04-11 00:00:00,3998.9735350418673,3913.0160091636653,3766.1065655509706
forecast_2401,2025-04-11 01:00:00,3800.3735924972802,3673.7706404232836,3317.7279884641407
forecast_2402,2025-04-11 02:00:00,3887.66288489903,3784.1404220542195,3463.1170205336307
forecast_2403,2025-04-11 03:00:00,4035.284278680081,3962.2191943925645,3283.835508102965
forecast_2404,2025-04-11 04:00:00,4270.912495695599,4176.258099207141,3532.2481350422077
forecast_2405,2025-04-11 05:00:00,4095.4013412764593,4176.090123021091,3538.240936636566
forecast_2406,2025-04-11 06:00:00,4297.371382138556,4145.842570958069,3597.325173652513
forecast_2407,2025-04-11 07:00:00,4045.820511630783,3881.1288385065523,3481.061665637502
forecast_2408,2025-04-11 08:00:00,3508.3074119634935,3701.8067948349317,2736.3497308469396
forecast_2409,2025-04-11 09:00:00,3330.9254512670905,3507.0006677811402,1081.1145488370016
forecast_2410,2025-04-11 10:00:00,3347.0521706059935,3552.28589237564,1.4362603994721943
forecast_2411,2025-04-11 11:00:00,2332.23170008882,2444.1650053864646,12.338087648202032
forecast_2412,2025-04-11 12:00:00,16.382783785717724,1115.1597743054233,35.65712484121713
forecast_2413,2025-04-11 13:00:00,143.25331178016592,171.5169012225134,174.2366892432341
forecast_2414,2025-04-11 14:00:00,2231.24865472739,2351.7712616530125,1914.197068986426
forecast_2415,2025-04-11 15:00:00,3456.445846490025,3779.602727464323,3349.572011453413
forecast_2416,2025-04-11 16:00:00,4385.989707261067,3382.431190214577,3347.7974003663403
forecast_2417,2025-04-11 17:00:00,3654.5491289761735,3722.002057791414,2903.9497388892382
forecast_2418,2025-04-11 18:00:00,3736.7112052326033,3738.4257759954808,2933.3010958822993
forecast_2419,2025-04-11 19:00:00,3783.6444842440833,3693.9831800240227,3536.2441370946335
forecast_2420,2025-04-11 20:00:00,3990.188712894768,4033.217698378738,3773.158298653954
forecast_2421,2025-04-11 21:00:00,4311.85165882871,4487.568232474223,3883.290108191187
forecast_2422,2025-04-11 22:00:00,4196.593011118103,4640.050994358123,4060.388623768501
forecast_2423,2025-04-11 23:00:00,4579.485696177327,4754.1241538510985,4249.428030999131
forecast_2424,2025-04-12 00:00:00,4637.263686480074,4674.923050011162,4454.857448221452
forecast_2425,2025-04-12 01:00:00,3546.6681233386935,3652.4392361175082,3792.3595022345717
forecast_2426,2025-04-12 02:00:00,3673.3147815569096,3685.8869030207143,3760.8310920722433
forecast_2427,2025-04-12 03:00:00,3866.723929898874,3980.0904681785546,3765.6324751818706
forecast_2428,2025-04-12 04:00:00,3998.8631768708533,4243.362084593878,3809.0903090245715
forecast_2429,2025-04-12 05:00:00,4454.327176097083,5225.322113919047,3766.067658139638
forecast_2430,2025-04-12 06:00:00,5064.031125418459,5737.370788112122,3974.9364737356223
forecast_2431,2025-04-12 07:00:00,5481.652684060957,5973.028856023723,4280.609067045504
forecast_2432,2025-04-12 08:00:00,5835.032559674512,6656.384390461488,4871.174162576798
forecast_2433,2025-04-12 09:00:00,7541.012061387223,10092.975092217272,6399.716220608205
forecast_2434,2025-04-12 10:00:00,10539.523418967821,12238.706749948155,8042.517666212487
forecast_2435,2025-04-12 11:00:00,10173.128704762312,12144.628335117717,8946.468157528318
forecast_2436,2025-04-12 12:00:00,12958.629438947632,13933.048112615892,9818.930828155442
forecast_2437,2025-04-12 13:00:00,13044.423858720753,15035.259999697711,10540.575092180306
forecast_2438,2025-04-12 14:00:00,13393.567352759781,14515.176368371693,10646.556544299026
forecast_2439,2025-04-12 15:00:00,13812.140418330537,14870.853443839449,9892.789824163725
forecast_2440,2025-04-12 16:00:00,13169.903131221303,14008.260660611395,9411.33758887527
forecast_2441,2025-04-12 17:00:00,11786.614701934262,12648.303696526093,9776.095044100972
forecast_2442,2025-04-12 18:00:00,12535.835225576775,14115.286888677181,10273.513038091127
forecast_2443,2025-04-12 19:00:00,13818.277005645346,15586.571250405597,12626.063282830546
forecast_2444,2025-04-12 20:00:00,15006.034545416398,15826.070004974701,13965.23699205746
forecast_2445,2025-04-12 21:00:00,15643.301634224887,16421.480334896984,14933.35048616741
forecast_2446,2025-04-12 22:00:00,15888.673644481682,17066.350416782636,15931.903917111362
forecast_2447,2025-04-12 23:00:00,16363.072806764021,17662.563071915047,15843.978929817045
forecast_2448,2025-04-13 00:00:00,16566.960094697242,17783.58363940959,16320.405114468867
forecast_2449,2025-04-13 01:00:00,15885.57220965136,16816.456938713436,14896.707863726084
forecast_2450,2025-04-13 02:00:00,15337.815386588974,17665.68045748386,14729.569804443021
forecast_2451,2025-04-13 03:00:00,16273.341653166784,17558.799376091825,15809.510801143673
forecast_2452,2025-04-13 04:00:00,16896.632833006766,19811.328283087674,16347.954202273275
forecast_2453,2025-04-13 05:00:00,17323.319508976387,19624.19543699848,18091.375239422414
forecast_2454,2025-04-13 06:00:00,18166.84774179124,19890.546182391317,18566.35735600597
forecast_2455,2025-04-13 07:00:00,18753.26268941197,19900.620716642654,19067.233370877766
forecast_2456,2025-04-13 08:00:00,19910.766696632934,20031.420410570066,19327.027028932003
forecast_2457,2025-04-13 09:00:00,19908.61616792949,20047.501353342363,19339.632909768785
forecast_2458,2025-04-13 10:00:00,18210.854771629194,19669.197069937447,19335.184974087057
forecast_2459,2025-04-13 11:00:00,18003.61178945915,19354.56849421923,19168.543128103956
forecast_2460,2025-04-13 12:00:00,17830.494508189833,19008.700314124602,18556.46690882196
forecast_2461,2025-04-13 13:00:00,17925.971987657613,19060.016473235984,18519.1464440433
forecast_2462,2025-04-13 14:00:00,17818.773951090803,19191.382652968252,18483.654346601434
forecast_2463,2025-04-13 15:00:00,17603.658122125467,19024.77835651565,18375.783154393106
forecast_2464,2025-04-13 16:00:00,17388.13329479254,19008.60671731293,18400.934887743195
forecast_2465,2025-04-13 17:00:00,17651.562006761946,19083.653371553934,18423.7450234768
forecast_2466,2025-04-13 18:00:00,17834.65866643116,18725.865268199588,18546.000772830746
forecast_2467,2025-04-13 19:00:00,18015.70464021127,18435.479303714437,18332.625756323065
forecast_2468,2025-04-13 20:00:00,16436.318382178604,17145.39404468128,18265.170235271897
forecast_2469,2025-04-13 21:00:00,15148.628020619053,15972.69529527522,17892.154838527236
forecast_2470,2025-04-13 22:00:00,14125.697214051022,14986.60561355443,17516.06123183695
forecast_2471,2025-04-13 23:00:00,13478.946294081214,15377.42387528559,17359.016405393548
forecast_2472,2025-04-14 00:00:00,13389.484836423335,15431.268987101617,16124.065020785336
forecast_2473,2025-04-14 01:00:00,12485.619448556616,14350.167684327995,12689.626836190644
forecast_2474,2025-04-14 02:00:00,12980.583702975178,14118.366055860473,10269.06951537178
forecast_2475,2025-04-14 03:00:00,10283.755199955565,12119.18402122317,7671.531531292819
forecast_2476,2025-04-14 04:00:00,8066.4755310122255,9890.283505977772,6875.168487034685
forecast_2477,2025-04-14 05:00:00,6542.427725803182,7743.435619425568,6132.895129517765
forecast_2478,2025-04-14 06:00:00,5679.673049403737,6203.580636190497,4925.751269288135
forecast_2479,2025-04-14 07:00:00,4313.563216427467,5533.032111578902,3927.5123037622247
forecast_2480,2025-04-14 08:00:00,4003.2224607673324,5674.815382480509,3760.7208361879743
forecast_2481,2025-04-14 09:00:00,4748.13519752398,4372.209810052164,3472.886963306381
forecast_2482,2025-04-14 10:00:00,4134.35054850207,3813.529816172947,3506.807023095153
forecast_2483,2025-04-14 11:00:00,3800.97080274649,3758.672584262906,3317.9692884179317
forecast_2484,2025-04-14 12:00:00,3926.2991311825667,4028.044490928319,3504.292816974147
forecast_2485,2025-04-14 13:00:00,3600.107288368279,4106.943503906121,3393.0642851545313
forecast_2486,2025-04-14 14:00:00,3495.224067940449,3469.084906832746,3133.4275123411403
forecast_2487,2025-04-14 15:00:00,3794.1345732487475,3656.2635979972324,3331.056036228445
forecast_2488,2025-04-14 16:00:00,3939.712203024252,3930.1041441016614,3403.5687047308443
forecast_2489,2025-04-14 17:00:00,3527.836884612418,3689.220409089336,3363.71519290908
forecast_2490,2025-04-14 18:00:00,3831.571318447684,3845.9331350624625,3356.0607845852473
forecast_2491,2025-04-14 19:00:00,3700.7355777277085,3725.0221532292207,3484.3434932938085
forecast_2492,2025-04-14 20:00:00,4380.91303902377,4545.175900545243,3511.3028154137055
forecast_2493,2025-04-14 21:00:00,4651.8700761078835,4965.037627714005,3731.1653738829773
forecast_2494,2025-04-14 22:00:00,4250.570333041147,4990.491387393494,3760.416773751504
forecast_2495,2025-04-14 23:00:00,5122.875534732764,5170.677674026962,3830.266109094689
forecast_2496,2025-04-15 00:00:00,5145.75220411917,5244.777574689118,3837.8010759552135
forecast_2497,2025-04-15 01:00:00,7668.708265950544,7617.232383521022,5022.740915069243
forecast_2498,2025-04-15 02:00:00,7233.453742112523,7477.495347302164,5334.053969143358
forecast_2499,2025-04-15 03:00:00,7216.433857861872,7494.134038872033,4733.5766419013335
forecast_2500,2025-04-15 04:00:00,7360.48660003287,7642.795896046551,5190.1038540824065
forecast_2501,2025-04-15 05:00:00,7641.364687389037,8086.336561640283,5174.092204398682
forecast_2502,2025-04-15 06:00:00,7771.487613871998,7789.34779911151,5727.956008355139
forecast_2503,2025-04-15 07:00:00,7965.4051242897785,8622.669355282704,6062.173622156043
forecast_2504,2025-04-15 08:00:00,8311.141819683013,8734.074665573715,6804.965536449545
forecast_2505,2025-04-15 09:00:00,8578.625383492577,9412.281358442619,5892.801525918385
forecast_2506,2025-04-15 10:00:00,8624.319414579322,9308.285070662305,6903.052642131221
forecast_2507,2025-04-15 11:00:00,8508.652945779808,8553.143966463897,6922.903313945453
forecast_2508,2025-04-15 12:00:00,9138.687576835135,8620.810331562605,7245.804571764828
forecast_2509,2025-04-15 13:00:00,9439.17194588372,8901.00372526527,7440.264487022413
forecast_2510,2025-04-15 14:00:00,9530.30996720389,9010.22920768138,8348.657127356038
forecast_2511,2025-04-15 15:00:00,10293.436856448448,9490.272552011746,8986.79726340321
forecast_2512,2025-04-15 16:00:00,10940.358624821998,10550.442732850626,9427.296493297825
forecast_2513,2025-04-15 17:00:00,11545.264882847947,11445.186869632831,9764.98695262763
forecast_2514,2025-04-15 18:00:00,12444.328408561043,12659.458141245752,10512.1335618566
forecast_2515,2025-04-15 19:00:00,14219.108327257038,13882.784750058041,11615.651606443736
forecast_2516,2025-04-15 20:00:00,14966.482478158352,16085.55619183943,12048.26650905833
forecast_2517,2025-04-15 21:00:00,16062.165742006686,17400.594949990766,14652.21698017921
forecast_2518,2025-04-15 22:00:00,16410.20652205412,17914.0936289695,17202.243134787965
forecast_2519,2025-04-15 23:00:00,15798.667245590083,18130.63503086886,16766.228068132117
forecast_2520,2025-04-16 00:00:00,15584.079486895436,17430.319298556504,14095.773208528877
forecast_2521,2025-04-16 01:00:00,16455.668574279833,17841.94358013436,14972.108867577004
forecast_2522,2025-04-16 02:00:00,16761.479509085417,17605.3694692206,15052.411394971778
forecast_2523,2025-04-16 03:00:00,16197.670518584486,16989.193299941075,14653.83666471208
forecast_2524,2025-04-16 04:00:00,16028.650254739834,16666.963943537106,14519.810578728502
forecast_2525,2025-04-16 05:00:00,15842.75936981457,16592.351369745036,14838.927572983637
forecast_2526,2025-04-16 06:00:00,15785.966859160195,17295.89951335711,14678.46368794086
forecast_2527,2025-04-16 07:00:00,15224.215868939144,16392.180052704487,13817.628709275703
forecast_2528,2025-04-16 08:00:00,14621.763525927154,14968.959512437961,12700.734799226544
forecast_2529,2025-04-16 09:00:00,11960.03946795481,14099.103488700026,11861.184596339928
forecast_2530,2025-04-16 10:00:00,12134.102539928037,12415.160925513355,10465.261541466474
forecast_2531,2025-04-16 11:00:00,10959.869875076201,10814.87581253136,9899.306074148086
forecast_2532,2025-04-16 12:00:00,10296.165552284996,9935.729304166274,10075.933476690203
forecast_2533,2025-04-16 13:00:00,11271.613534282329,11195.29097241769,11500.169654232719
forecast_2534,2025-04-16 14:00:00,11977.529077854619,12062.135545316942,12643.129115929209
forecast_2535,2025-04-16 15:00:00,12587.476670932516,12977.405326918213,13808.782727774245
forecast_2536,2025-04-16 16:00:00,13224.147328001167,14858.640205310085,14626.556740381622
forecast_2537,2025-04-16 17:00:00,13999.070163176702,16001.252209226297,14893.820911217439
forecast_2538,2025-04-16 18:00:00,15735.036930232089,17000.496506273652,15188.113043927844
forecast_2539,2025-04-16 19:00:00,16585.542928637977,17853.902622404734,16812.725548382856
forecast_2540,2025-04-16 20:00:00,16561.566590749324,18225.839436193386,17510.648597318996
forecast_2541,2025-04-16 21:00:00,16616.552020562773,18386.253328608596,17830.81027236313
forecast_2542,2025-04-16 22:00:00,16847.008168930814,18471.25366219522,17934.957722425097
forecast_2543,2025-04-16 23:00:00,17042.207322625185,18584.497071268113,18115.724465470536
forecast_2544,2025-04-17 00:00:00,17405.31051411267,18681.09602969228,18180.309071020147
forecast_2545,2025-04-17 01:00:00,17581.911838245684,19149.265173892774,16745.63264996685
forecast_2546,2025-04-17 02:00:00,18016.11777667865,19142.140316849516,18360.859315924637
forecast_2547,2025-04-17 03:00:00,17320.10890312624,18466.98343276494,17831.28116542781
forecast_2548,2025-04-17 04:00:00,16471.94738630635,17983.595095892564,17506.16272064281
forecast_2549,2025-04-17 05:00:00,15792.894697283864,16314.144091072423,16053.927064076279
forecast_2550,2025-04-17 06:00:00,15795.42821251542,16374.687711222521,16352.591309731451
forecast_2551,2025-04-17 07:00:00,15842.525062257248,17995.999524437804,16849.03071649927
forecast_2552,2025-04-17 08:00:00,14646.18328290871,17169.76961664447,15848.03376450454
forecast_2553,2025-04-17 09:00:00,15054.69940298014,16857.739516788097,13289.44704259814
forecast_2554,2025-04-17 10:00:00,14519.151134676978,16173.46843237081,10056.341400022739
forecast_2555,2025-04-17 11:00:00,14410.843550129975,14738.325950816501,10274.75747633292
forecast_2556,2025-04-17 12:00:00,12107.99771495038,12550.907274109624,9757.667148344708
forecast_2557,2025-04-17 13:00:00,11674.913968410943,12132.23397397079,8976.24201077272
forecast_2558,2025-04-17 14:00:00,10681.945435779027,11560.955005534617,8113.607174194672
forecast_2559,2025-04-17 15:00:00,10892.399941230708,11832.903185596982,9150.19289862888
forecast_2560,2025-04-17 16:00:00,11123.287124042381,11828.002668049166,10582.221109272567
forecast_2561,2025-04-17 17:00:00,11349.477774733155,12215.602025761005,11247.13681055034
forecast_2562,2025-04-17 18:00:00,11484.448827893795,13162.762360120956,11715.736674795302
forecast_2563,2025-04-17 19:00:00,12661.799029548749,14197.668898663977,12305.073777563102
forecast_2564,2025-04-17 20:00:00,12920.527478016085,14926.288403180408,12228.272449410173
forecast_2565,2025-04-17 21:00:00,14279.68988543169,16108.220694161942,12249.643950871916
forecast_2566,2025-04-17 22:00:00,13394.402052361032,15541.18689289813,12098.427913043743
forecast_2567,2025-04-17 23:00:00,14813.791025430126,17254.638045191863,13647.818214590277
forecast_2568,2025-04-18 00:00:00,15277.49902984564,17885.117301526894,14956.523105714843
forecast_2569,2025-04-18 01:00:00,17551.944845983475,19618.753022247958,17781.433058548424
forecast_2570,2025-04-18 02:00:00,17589.962002302702,19756.755467180355,17744.597494715952
forecast_2571,2025-04-18 03:00:00,18048.389169530044,19817.16061961889,19186.752647812365
forecast_2572,2025-04-18 04:00:00,18360.258704663967,19886.8311223956,19117.012799481006
forecast_2573,2025-04-18 05:00:00,18156.188223215,19305.676315790806,16871.80066613018
forecast_2574,2025-04-18 06:00:00,17417.338395712886,18932.094723415194,15073.357738709301
forecast_2575,2025-04-18 07:00:00,17212.85890870183,17712.321967235537,13942.603170940058
forecast_2576,2025-04-18 08:00:00,16739.86883734696,17514.366983469175,13771.105438696137
forecast_2577,2025-04-18 09:00:00,15229.962456547202,15859.725673710083,13319.994468760839
forecast_2578,2025-04-18 10:00:00,14716.948916034917,15147.90871889775,12703.268947250874
forecast_2579,2025-04-18 11:00:00,12700.401753723925,13088.745398473904,11642.178416076324
forecast_2580,2025-04-18 12:00:00,11122.496685556494,11428.29959496385,10166.281726228017
forecast_2581,2025-04-18 13:00:00,9944.539949260301,10251.64127879439,8772.641564316715
forecast_2582,2025-04-18 14:00:00,8817.249464889435,9045.777345975746,7945.541378576037
forecast_2583,2025-04-18 15:00:00,8387.52448371054,8418.824996615898,7358.12495111217
forecast_2584,2025-04-18 16:00:00,7414.707928734649,7576.499170844063,6575.120639916443
forecast_2585,2025-04-18 17:00:00,6771.993137694645,6451.709862774786,6288.003725536072
forecast_2586,2025-04-18 18:00:00,6922.322836835667,7242.748086536404,6051.5552163728835
forecast_2587,2025-04-18 19:00:00,8368.32366966783,8829.708869292126,8116.487586526113
forecast_2588,2025-04-18 20:00:00,10062.881251917952,10573.324080342747,9327.45269330525
forecast_2589,2025-04-18 21:00:00,11463.803378269251,12608.399852231702,10589.242815061009
forecast_2590,2025-04-18 22:00:00,12068.380872799708,13361.903065653929,10768.526255380437
forecast_2591,2025-04-18 23:00:00,11722.912652842828,13782.621402943954,10086.526986687813
forecast_2592,2025-04-19 00:00:00,11698.379090659875,12734.737720910862,9491.9626043813
forecast_2593,2025-04-19 01:00:00,10854.835561196767,13565.683159925307,10669.320129601303
forecast_2594,2025-04-19 02:00:00,11537.245457484361,14197.610940428713,11392.013129126697
forecast_2595,2025-04-19 03:00:00,12886.760389998959,15151.890949910307,12335.377144827788
forecast_2596,2025-04-19 04:00:00,13691.906055099913,15226.635027993561,12739.885116286376
forecast_2597,2025-04-19 05:00:00,13934.204084054289,15295.688884636105,12013.000365703645
forecast_2598,2025-04-19 06:00:00,13032.747065233538,14927.426284392628,11403.339190088514
forecast_2599,2025-04-19 07:00:00,12964.95115214735,15014.901320003622,11044.191894912172
forecast_2600,2025-04-19 08:00:00,13201.63908666051,14631.244694416811,10452.558105474744
forecast_2601,2025-04-19 09:00:00,13784.051661347705,16364.940476101037,10596.529110785648
forecast_2602,2025-04-19 10:00:00,14024.584805796876,15919.506277536691,10943.233783674006
forecast_2603,2025-04-19 11:00:00,13774.018453095236,15366.425823290618,11917.59744232532
forecast_2604,2025-04-19 12:00:00,14773.586090322235,16008.517700059825,13306.85952402278
forecast_2605,2025-04-19 13:00:00,14655.463610809335,16887.442839464922,14635.785055673772
forecast_2606,2025-04-19 14:00:00,15443.008294902442,17531.34578686617,15935.120325750357
forecast_2607,2025-04-19 15:00:00,15955.06860951531,17718.64768251177,16396.923842726213
forecast_2608,2025-04-19 16:00:00,17236.57738276974,18092.940356410018,17158.723276092274
forecast_2609,2025-04-19 17:00:00,17401.274219520812,18259.09128882036,17462.470297072152
forecast_2610,2025-04-19 18:00:00,17404.633575641456,18268.550408847525,17394.669702482537
forecast_2611,2025-04-19 19:00:00,16438.84799773423,17665.178195384444,16264.7652925835
forecast_2612,2025-04-19 20:00:00,16012.108635324888,16482.136317420074,15750.09692571111
forecast_2613,2025-04-19 21:00:00,14878.251808890467,14817.33502355106,14529.596868134153
forecast_2614,2025-04-19 22:00:00,14832.798284562923,14015.496525107426,12763.879252114277
forecast_2615,2025-04-19 23:00:00,12187.10855977076,13155.019594273881,10003.422599007927
forecast_2616,2025-04-20 00:00:00,10526.274846869761,12051.887417864684,8805.084538796542
forecast_2617,2025-04-20 01:00:00,9407.447240956328,10683.683337902852,6416.518796671213
forecast_2618,2025-04-20 02:00:00,7951.876551012222,8808.089661874583,5834.551324074132
forecast_2619,2025-04-20 03:00:00,5468.898453022299,5707.8403062982725,4243.233664406016
forecast_2620,2025-04-20 04:00:00,4328.4693821590745,4061.3851857531763,3521.8651424876
forecast_2621,2025-04-20 05:00:00,3746.4026461467142,3764.9857351301334,3533.7980167124756
forecast_2622,2025-04-20 06:00:00,3670.405375424196,3665.0352034668667,3376.0762246740187
forecast_2623,2025-04-20 07:00:00,3441.974883975961,3597.19371234054,2541.421530477979
forecast_2624,2025-04-20 08:00:00,3204.970764404013,3321.104905762954,1166.6291467493925
forecast_2625,2025-04-20 09:00:00,2896.3385084681754,3249.9650838755356,1069.2006954287606
forecast_2626,2025-04-20 10:00:00,2834.2261613617497,3286.4142678654407,1162.5110179675155
forecast_2627,2025-04-20 11:00:00,4272.7536659603775,4049.6056876147895,1135.950584306255
forecast_2628,2025-04-20 12:00:00,4056.9964950686917,2696.9040204236153,163.68546964515738
forecast_2629,2025-04-20 13:00:00,2776.2874358082377,2530.1226794239174,232.54269591897622
forecast_2630,2025-04-20 14:00:00,2508.1661579300862,2479.5062152625155,320.0977962141713
forecast_2631,2025-04-20 15:00:00,2491.4326126492824,2469.2478797945723,353.6479769864671
forecast_2632,2025-04-20 16:00:00,2540.5684554316776,2395.5308126773066,296.3720154496467
forecast_2633,2025-04-20 17:00:00,2682.015470186244,2722.096815592758,243.10482227054874
forecast_2634,2025-04-20 18:00:00,3121.644640373894,3060.909585679741,2121.529047488963
forecast_2635,2025-04-20 19:00:00,3007.528579049555,2916.486396897171,2224.3085267457814
forecast_2636,2025-04-20 20:00:00,3230.4430657012153,3113.9706888665314,2898.2562401541313
forecast_2637,2025-04-20 21:00:00,3283.8113071187627,3138.525525480997,2578.873348741083
forecast_2638,2025-04-20 22:00:00,3366.8202632446623,3135.8670247947,2759.0567769048707
forecast_2639,2025-04-20 23:00:00,3364.4680256972892,3073.617264666996,5507.39439386623
forecast_2640,2025-04-21 00:00:00,3087.027610164163,3043.227413869548,5648.485565781367
forecast_2641,2025-04-21 01:00:00,3044.8624993722497,3384.708603557454,2434.5143182088705
forecast_2642,2025-04-21 02:00:00,3319.234817945318,3290.672778058638,2421.9538390593925
forecast_2643,2025-04-21 03:00:00,3130.5467870555194,2884.7646475341685,2382.5187607728894
forecast_2644,2025-04-21 04:00:00,3018.647459830916,2923.2958742292085,2338.5987611167957
forecast_2645,2025-04-21 05:00:00,3122.9003572967545,3022.702831762003,2316.086529706346
forecast_2646,2025-04-21 06:00:00,3219.460851071212,3069.127638903456,2364.850274542915
forecast_2647,2025-04-21 07:00:00,3255.8290031019287,3268.79730090464,3022.5369440618497
forecast_2648,2025-04-21 08:00:00,3408.398802647062,3461.8616893855165,3492.652872942802
forecast_2649,2025-04-21 09:00:00,3579.5000025174318,3512.8586816744514,3750.4717853369066
forecast_2650,2025-04-21 10:00:00,3638.85960077099,3820.8088995532157,3717.038229413022
forecast_2651,2025-04-21 11:00:00,3915.700277542064,3979.1132748713526,3704.437559265654
forecast_2652,2025-04-21 12:00:00,3788.122211372008,3825.00156983823,3690.8370967325095
forecast_2653,2025-04-21 13:00:00,3840.36486450289,3992.8918636055864,3576.834334528059
forecast_2654,2025-04-21 14:00:00,3955.2223823179634,4023.446021377821,3644.943692573022
forecast_2655,2025-04-21 15:00:00,4180.421341326828,4180.386016434928,3757.096270811433
forecast_2656,2025-04-21 16:00:00,4781.471922374537,4580.224635770981,4002.9708161944395
forecast_2657,2025-04-21 17:00:00,4386.65544908713,3670.846249751445,3782.195461850669
forecast_2658,2025-04-21 18:00:00,3754.4796848097185,3839.845943667713,3507.93454049032
forecast_2659,2025-04-21 19:00:00,4389.1937935791,4850.5687409769125,3795.6506021132063
forecast_2660,2025-04-21 20:00:00,5340.883693454513,6237.68509897793,3967.0103058190407
forecast_2661,2025-04-21 21:00:00,6181.593493504681,7707.517538076668,4655.130625452628
forecast_2662,2025-04-21 22:00:00,7990.508580722653,8211.327445277102,5681.749096653175
forecast_2663,2025-04-21 23:00:00,8801.878709859688,9244.708725655222,6325.756122653508
forecast_2664,2025-04-22 00:00:00,9424.232798363333,10452.755578964076,6702.403664230028
forecast_2665,2025-04-22 01:00:00,9093.968851275647,10292.07324151327,6703.570736153163
forecast_2666,2025-04-22 02:00:00,8805.009619882134,9805.589294112782,6065.7486044851685
forecast_2667,2025-04-22 03:00:00,8127.951742318171,8942.80923448698,5208.104489563165
forecast_2668,2025-04-22 04:00:00,7748.69032807872,8471.210750237342,5024.713014536119
forecast_2669,2025-04-22 05:00:00,7744.349140588417,8086.562128097978,4670.455436961794
forecast_2670,2025-04-22 06:00:00,7262.098816648384,7892.885028833623,4110.841689825751
forecast_2671,2025-04-22 07:00:00,4887.383910907991,5280.4459832615,3597.1365823629303
forecast_2672,2025-04-22 08:00:00,5425.266079217532,6101.9568694053105,4236.293199168631
forecast_2673,2025-04-22 09:00:00,5490.252442662882,5709.0016380799225,5105.32320527458
forecast_2674,2025-04-22 10:00:00,7434.894804741578,10449.709426472276,7122.891099100423
forecast_2675,2025-04-22 11:00:00,9363.908360206407,11759.46363781294,7882.452274630205
forecast_2676,2025-04-22 12:00:00,12303.098411011171,14462.295781682176,8231.684064569547
forecast_2677,2025-04-22 13:00:00,12763.911714068572,14221.362438763725,8440.937319006935
forecast_2678,2025-04-22 14:00:00,10966.90500559235,12174.13493634934,7401.616023415593
forecast_2679,2025-04-22 15:00:00,6119.706257089627,6856.73329223355,4917.975570051174
forecast_2680,2025-04-22 16:00:00,4912.670021576466,5227.821661408659,3789.4250920734967
forecast_2681,2025-04-22 17:00:00,3856.492222592291,3887.645942890888,3547.3340297566733
forecast_2682,2025-04-22 18:00:00,3652.8948502712924,3768.124037166514,3280.903679141374
forecast_2683,2025-04-22 19:00:00,3864.092053344677,3776.56539219691,3775.8579917203265
forecast_2684,2025-04-22 20:00:00,4252.354544898879,4851.397331997318,3553.8070425964042
forecast_2685,2025-04-22 21:00:00,4562.215625533142,3956.0658251286927,3714.039029516824
forecast_2686,2025-04-22 22:00:00,3923.0611369538487,4361.0148124874895,3676.090757460335
forecast_2687,2025-04-22 23:00:00,5176.314825787683,5667.643768765683,3884.788191020324
forecast_2688,2025-04-23 00:00:00,5682.408455745897,6258.618569775711,4212.546264750041
forecast_2689,2025-04-23 01:00:00,5743.07647754383,6613.391345772039,4912.781713389271
forecast_2690,2025-04-23 02:00:00,5342.6839636129735,6348.806274038365,4631.772889772832
forecast_2691,2025-04-23 03:00:00,5093.20182959126,5749.259319302183,3788.219908806993
forecast_2692,2025-04-23 04:00:00,5145.041061579892,5810.428013061602,3862.4302696758
forecast_2693,2025-04-23 05:00:00,4692.829878053323,4993.7946327511845,3849.9937585578305
forecast_2694,2025-04-23 06:00:00,3979.5784568857543,4119.807777707577,3491.1699903977874
forecast_2695,2025-04-23 07:00:00,3807.3259468153055,3828.1286570958914,3910.375105746
forecast_2696,2025-04-23 08:00:00,4525.13308434085,4058.839823728852,3898.083187764874
forecast_2697,2025-04-23 09:00:00,3892.9550821778694,3900.7385255684626,3427.098155384151
forecast_2698,2025-04-23 10:00:00,3495.9373967239035,3532.3988832487985,3347.761575820509
forecast_2699,2025-04-23 11:00:00,3371.3279282297995,3522.276205126814,2944.423504757573
forecast_2700,2025-04-23 12:00:00,3157.8861461005476,3325.241695658377,2951.9163149842357
forecast_2701,2025-04-23 13:00:00,2985.988927620596,2975.291136899867,2557.203402739217
forecast_2702,2025-04-23 14:00:00,3350.6271496469108,3011.380098405058,2565.017991859209
forecast_2703,2025-04-23 15:00:00,3541.947313921898,3410.9060424731333,2700.0829363109774
forecast_2704,2025-04-23 16:00:00,3833.960008551183,3660.796170783093,3028.539470500838
forecast_2705,2025-04-23 17:00:00,3664.7937367605964,3700.385389223149,3309.7894640717273
forecast_2706,2025-04-23 18:00:00,3924.7489739104317,3936.0258149499323,3459.647808357191
forecast_2707,2025-04-23 19:00:00,3543.151283451286,3498.169165440476,3413.6727919154523
forecast_2708,2025-04-23 20:00:00,4553.616619100363,4794.611303866177,3818.4691811366747
forecast_2709,2025-04-23 21:00:00,6400.007123074432,6789.308226926042,4796.433474929056
forecast_2710,2025-04-23 22:00:00,9001.57173134725,9550.679431292801,7456.032597576237
forecast_2711,2025-04-23 23:00:00,11153.943994042444,11676.714714935295,9653.245410549136
forecast_2712,2025-04-24 00:00:00,12463.56574142892,12804.451428157601,10603.561115206025
forecast_2713,2025-04-24 01:00:00,15327.117651597198,15301.741017965542,13796.833460457823
forecast_2714,2025-04-24 02:00:00,15280.931425439656,15993.686165884714,11670.624808787707
forecast_2715,2025-04-24 03:00:00,15644.056367720155,16860.114090943753,11847.45932013511
forecast_2716,2025-04-24 04:00:00,16215.276006356205,17798.641123565743,13346.25317046594
forecast_2717,2025-04-24 05:00:00,16871.318764031046,17959.857105456027,14702.787293524954
forecast_2718,2025-04-24 06:00:00,17457.197912948166,18419.022303067384,15014.071725547514
forecast_2719,2025-04-24 07:00:00,16132.400319177746,17596.96034699877,13504.004341310689
forecast_2720,2025-04-24 08:00:00,14142.964162129048,15044.499188851174,10808.668043856098
forecast_2721,2025-04-24 09:00:00,11977.450976895885,12431.49863016486,8921.12182730806
forecast_2722,2025-04-24 10:00:00,10177.290621750326,10767.218707638152,7561.506679182854
forecast_2723,2025-04-24 11:00:00,10793.471549899557,10916.401366888715,8281.412261461714
forecast_2724,2025-04-24 12:00:00,11268.092460326001,11049.148966230658,8988.674145947465
forecast_2725,2025-04-24 13:00:00,12157.906726448282,12237.025003031575,10339.756836578686
forecast_2726,2025-04-24 14:00:00,13211.832583366098,13682.455863805551,11314.980394083492
forecast_2727,2025-04-24 15:00:00,14730.3806250492,15321.832897210235,12337.229153241547
forecast_2728,2025-04-24 16:00:00,15491.720144617657,16020.952283705561,12898.948673450861
forecast_2729,2025-04-24 17:00:00,15670.15510202501,16045.437588660936,14066.920083365936
forecast_2730,2025-04-24 18:00:00,16076.254755888296,16358.901117922222,14238.110995835776
forecast_2731,2025-04-24 19:00:00,16467.133934116482,17159.665076797475,14980.95469181226
forecast_2732,2025-04-24 20:00:00,16670.78852304975,17741.9818992415,15978.791388495789
forecast_2733,2025-04-24 21:00:00,16460.45133123177,17681.450276285705,16243.047187280239
forecast_2734,2025-04-24 22:00:00,15945.517242057957,17461.49039665415,15725.742798816997
forecast_2735,2025-04-24 23:00:00,15449.97824139893,16741.961217934415,14103.61603701717
forecast_2736,2025-04-25 00:00:00,15518.336347165745,16323.830966957777,14309.78907686071
forecast_2737,2025-04-25 01:00:00,14458.827949849256,16277.12827133813,12603.02095495753
forecast_2738,2025-04-25 02:00:00,13411.065718793549,16138.299845999654,12034.793483443347
forecast_2739,2025-04-25 03:00:00,12677.800243809817,15207.741395113711,11238.61071232486
forecast_2740,2025-04-25 04:00:00,12130.383894744873,14063.076262157942,10896.603974897658
forecast_2741,2025-04-25 05:00:00,12024.074840774318,13897.062232874034,10818.920145456417
forecast_2742,2025-04-25 06:00:00,11897.927271347131,13797.034517425736,10469.16179161271
forecast_2743,2025-04-25 07:00:00,12085.102197543423,13535.50318923865,10289.323704089284
forecast_2744,2025-04-25 08:00:00,12082.911823618837,14286.02325266075,9749.559014618017
forecast_2745,2025-04-25 09:00:00,12536.013810074239,13571.328107624115,9728.135779940323
forecast_2746,2025-04-25 10:00:00,12788.671832602231,13319.12836419728,9335.250961886415
forecast_2747,2025-04-25 11:00:00,12394.376613755612,12405.676721435071,9064.321883742314
forecast_2748,2025-04-25 12:00:00,11460.278466771428,12048.323742672144,8679.857039060871
forecast_2749,2025-04-25 13:00:00,11241.660630658627,11353.416542610286,8097.678198522606
forecast_2750,2025-04-25 14:00:00,11300.624542707577,11105.269750516505,8462.643240752246
forecast_2751,2025-04-25 15:00:00,11894.390106994579,11668.2453549051,8647.018571056626
forecast_2752,2025-04-25 16:00:00,12019.740250867908,12187.788536677865,9200.28061184072
forecast_2753,2025-04-25 17:00:00,13229.694218944063,12932.396307205872,9549.55998279605
forecast_2754,2025-04-25 18:00:00,13424.397179238647,12798.679574448668,9754.848511289147
forecast_2755,2025-04-25 19:00:00,13421.948227947227,12962.323081150651,10479.805255614954
forecast_2756,2025-04-25 20:00:00,13474.405664337311,13879.63174550854,10967.92687850767
forecast_2757,2025-04-25 21:00:00,13582.159017387545,15267.520435619534,11504.597962044732
forecast_2758,2025-04-25 22:00:00,13540.061759712162,14049.00218592217,11876.79592626596
forecast_2759,2025-04-25 23:00:00,12971.083817240275,13584.487542482617,10562.648031003026
forecast_2760,2025-04-26 00:00:00,12511.399642915074,13231.968294982325,9804.423599003343
forecast_2761,2025-04-26 01:00:00,9262.824016830624,11280.05861900101,8664.669618966007
forecast_2762,2025-04-26 02:00:00,10534.235157823614,11529.074433329488,9822.595095334886
forecast_2763,2025-04-26 03:00:00,12374.756426997874,13556.913984506125,11020.096891596175
forecast_2764,2025-04-26 04:00:00,13068.225223991276,14190.800383978114,11843.285787214572
forecast_2765,2025-04-26 05:00:00,12781.41721482666,14349.337537836229,12008.003194214134
forecast_2766,2025-04-26 06:00:00,13326.707445326881,15008.272992325006,12012.727481218993
forecast_2767,2025-04-26 07:00:00,14084.896771284324,14967.163557718626,12678.110219652244
forecast_2768,2025-04-26 08:00:00,15032.908977205498,16112.994071664707,12842.43467570653
forecast_2769,2025-04-26 09:00:00,14984.70782817866,15913.626555905394,12635.532465246015
forecast_2770,2025-04-26 10:00:00,14787.443084036813,15702.326547396853,11898.910844382537
forecast_2771,2025-04-26 11:00:00,13855.69205760354,14253.450287578853,11756.14756717166
forecast_2772,2025-04-26 12:00:00,13530.09686250866,13901.697023536566,11620.202332925925
forecast_2773,2025-04-26 13:00:00,13857.562529600018,14272.402953521296,11684.252321014494
forecast_2774,2025-04-26 14:00:00,14852.950328942086,14841.247463552194,11421.997484743424
forecast_2775,2025-04-26 15:00:00,15014.908868369475,15639.545521003818,12128.25969787889
forecast_2776,2025-04-26 16:00:00,15512.148840036682,16378.400375344721,13494.999477509078
forecast_2777,2025-04-26 17:00:00,16140.143768797127,17086.92278912959,15505.743172619386
forecast_2778,2025-04-26 18:00:00,16714.273182675617,17895.19780915569,16582.010692430526
forecast_2779,2025-04-26 19:00:00,17351.094550109563,18728.235814283827,17819.310509911604
forecast_2780,2025-04-26 20:00:00,18216.498275968228,19083.742376128634,19329.253151564226
forecast_2781,2025-04-26 21:00:00,19008.608066683566,19884.315905119598,19325.636187082666
forecast_2782,2025-04-26 22:00:00,19830.621382141242,19908.045532412878,19702.48297057716
forecast_2783,2025-04-26 23:00:00,19883.39310691455,19949.135423450396,19706.70508541592
forecast_2784,2025-04-27 00:00:00,19878.268590358042,19925.535944974756,19665.78932784459
forecast_2785,2025-04-27 01:00:00,19910.209578938393,19929.960013307013,19332.76080916687
forecast_2786,2025-04-27 02:00:00,19892.848380197007,19864.41494885259,19337.510314554103
forecast_2787,2025-04-27 03:00:00,19902.768345351895,19798.01979977615,19326.275007719152
forecast_2788,2025-04-27 04:00:00,19178.556206264468,19573.12484475964,19325.669616801213
forecast_2789,2025-04-27 05:00:00,19910.68895419214,19349.23838761924,19352.280046217526
forecast_2790,2025-04-27 06:00:00,19642.496028354235,19138.33568304766,19331.216937767946
forecast_2791,2025-04-27 07:00:00,18713.809448251406,19607.26786073652,19361.51874551451
forecast_2792,2025-04-27 08:00:00,18117.368527027313,19741.777185724783,18855.639422759312
forecast_2793,2025-04-27 09:00:00,17482.57352232862,18679.253265607535,16842.369949145355
forecast_2794,2025-04-27 10:00:00,16819.72629190796,18007.5627562946,15758.824468904442
forecast_2795,2025-04-27 11:00:00,16643.465614661684,17822.74685968108,15453.263147766198
forecast_2796,2025-04-27 12:00:00,16842.147911601747,17881.736191468142,16098.476862521959
forecast_2797,2025-04-27 13:00:00,17281.662464366404,18523.14899477741,16087.82209653789
forecast_2798,2025-04-27 14:00:00,17921.916768439918,18171.750439713298,15908.075160559643
forecast_2799,2025-04-27 15:00:00,17196.032670604287,18360.80545814455,15864.138057981907
forecast_2800,2025-04-27 16:00:00,17017.4055405603,18270.50478718461,15946.278141641214
forecast_2801,2025-04-27 17:00:00,17165.299613006628,17540.931804732085,15726.529311644948
forecast_2802,2025-04-27 18:00:00,17045.26502997666,17846.26187335455,15787.70076303371
forecast_2803,2025-04-27 19:00:00,17107.094298156644,18100.79227978169,16257.756680620567
forecast_2804,2025-04-27 20:00:00,17188.34223789136,18500.162877921113,17209.092128950895
forecast_2805,2025-04-27 21:00:00,17537.885972267894,18625.571130817178,17423.14385118547
forecast_2806,2025-04-27 22:00:00,17711.10041853773,18736.466056978894,17596.529488430348
forecast_2807,2025-04-27 23:00:00,17794.145795033623,18545.81934102874,17120.12326599816
forecast_2808,2025-04-28 00:00:00,18140.82694464012,18901.82863981902,17081.02443046159
forecast_2809,2025-04-28 01:00:00,15551.683529886814,17074.574303663463,15570.911187472777
forecast_2810,2025-04-28 02:00:00,15450.134279497119,17296.49677314208,15404.430560880828
forecast_2811,2025-04-28 03:00:00,14151.372980002681,16970.443046934277,14315.198303096462
forecast_2812,2025-04-28 04:00:00,13042.789450125603,15311.853132424676,12326.492736593154
forecast_2813,2025-04-28 05:00:00,10921.893981408468,13407.507584345934,9860.594661799663
forecast_2814,2025-04-28 06:00:00,9871.560685805238,12192.572674204257,6950.771817158106
forecast_2815,2025-04-28 07:00:00,8335.528739689726,10036.184661944379,5817.697292043869
forecast_2816,2025-04-28 08:00:00,8024.430441807939,8515.630416333646,4586.994813484828
forecast_2817,2025-04-28 09:00:00,6839.466112971698,7771.482091978575,4453.829852271667
forecast_2818,2025-04-28 10:00:00,6807.777890241954,6719.180371578728,4475.21709632728
forecast_2819,2025-04-28 11:00:00,9905.985825406919,8479.226430862333,6188.51623366986
forecast_2820,2025-04-28 12:00:00,10279.21712443711,10286.56299309526,8180.577257754786
forecast_2821,2025-04-28 13:00:00,11781.745339392484,11446.215278345308,9576.632848866726
forecast_2822,2025-04-28 14:00:00,12959.395396073714,12336.497348007588,9752.857220217238
forecast_2823,2025-04-28 15:00:00,11847.734342716216,11753.916029063277,8854.890884872586
forecast_2824,2025-04-28 16:00:00,9721.705612686272,9741.075360975527,7035.119736988368
forecast_2825,2025-04-28 17:00:00,6898.614005031889,6897.931147411396,5138.509196824032
forecast_2826,2025-04-28 18:00:00,5413.798190535358,5345.259939246947,3899.9939910780563
forecast_2827,2025-04-28 19:00:00,4588.396165108842,4865.58540745723,3734.666614714713
forecast_2828,2025-04-28 20:00:00,7489.015344489192,7165.888114451805,4667.811472521449
forecast_2829,2025-04-28 21:00:00,6587.264452893943,7214.962118407548,4186.442058650627
forecast_2830,2025-04-28 22:00:00,7526.3929888347,7003.876553758231,4020.887317200389
forecast_2831,2025-04-28 23:00:00,5371.837104701072,6874.09365672848,5838.843124184086
forecast_2832,2025-04-29 00:00:00,5837.060724600501,5740.18082500908,3941.38337847183
forecast_2833,2025-04-29 01:00:00,3725.1066269559847,3717.5995630261773,3774.432794777738
forecast_2834,2025-04-29 02:00:00,3847.1459062607146,3515.063286783146,3663.9398719231217
forecast_2835,2025-04-29 03:00:00,4283.818371256065,4198.692342582791,3718.9054056901464
forecast_2836,2025-04-29 04:00:00,3811.602393127299,3798.7644929567755,3358.933829023964
forecast_2837,2025-04-29 05:00:00,3967.003954064868,3892.995714578191,3670.197773353642
forecast_2838,2025-04-29 06:00:00,4685.731728424192,4557.97907604186,3919.7505458934183
forecast_2839,2025-04-29 07:00:00,3995.109466176504,4046.737785275931,4105.421939316551
forecast_2840,2025-04-29 08:00:00,6962.200469553737,7016.513005665579,4934.379431742089
forecast_2841,2025-04-29 09:00:00,7686.800597765632,7530.349727335783,5305.783507715199
forecast_2842,2025-04-29 10:00:00,6946.823032862206,6441.226348568768,4449.837608205954
forecast_2843,2025-04-29 11:00:00,7435.85556942367,6724.226546438222,4665.320041304999
forecast_2844,2025-04-29 12:00:00,6923.180225607017,6322.3323195705925,4537.08388313267
forecast_2845,2025-04-29 13:00:00,6541.77540709625,6068.441077591959,4247.365265775902
forecast_2846,2025-04-29 14:00:00,6076.492531711511,5837.394158491499,4381.897343266736
forecast_2847,2025-04-29 15:00:00,8059.699983751111,7674.229543198557,4763.454936974156
forecast_2848,2025-04-29 16:00:00,6793.808073421247,7129.736832636475,5126.34419152411
forecast_2849,2025-04-29 17:00:00,6708.164916707092,6708.960816353089,5040.907776401288
forecast_2850,2025-04-29 18:00:00,7110.670695564318,6822.160012375642,5535.80078604123
forecast_2851,2025-04-29 19:00:00,8889.098256107678,8870.276789152693,7309.5017336884885
forecast_2852,2025-04-29 20:00:00,12200.260328137974,13057.763333300587,10267.264005987312
forecast_2853,2025-04-29 21:00:00,14766.358171427892,15391.02629923082,13239.939961776505
forecast_2854,2025-04-29 22:00:00,16704.95329207351,18207.522984703384,15443.59282595728
forecast_2855,2025-04-29 23:00:00,17610.37981681821,19187.29730455151,17590.37747773191
forecast_2856,2025-04-30 00:00:00,18025.121411588854,19369.044774733775,18321.765337477125
forecast_2857,2025-04-30 01:00:00,19976.74179580837,20329.508142823714,19324.37912083424
forecast_2858,2025-04-30 02:00:00,19927.167148222412,20315.161690189256,19327.177239464316
forecast_2859,2025-04-30 03:00:00,19887.58889693067,20111.01331979,19354.711393703496
forecast_2860,2025-04-30 04:00:00,19881.621924841453,20052.56721544271,19330.30879106672
forecast_2861,2025-04-30 05:00:00,19524.087520916775,20029.693193046765,19364.180477411544
forecast_2862,2025-04-30 06:00:00,18910.46983626857,19269.20280829038,19022.141546778337
forecast_2863,2025-04-30 07:00:00,17334.608731795728,18395.687502266468,17788.311989804664
forecast_2864,2025-04-30 08:00:00,17409.996761294507,17691.58592562632,16883.680797631332
forecast_2865,2025-04-30 09:00:00,16118.671835782314,17186.359254278803,16334.25612401478
forecast_2866,2025-04-30 10:00:00,12947.132007006847,16777.14093466531,15231.916087203592
forecast_2867,2025-04-30 11:00:00,12373.981152737875,14563.779055800542,13920.422737543167
forecast_2868,2025-04-30 12:00:00,12939.312578742245,13815.92414359579,11723.061564484775
forecast_2869,2025-04-30 13:00:00,12238.157501744809,12880.45152182756,10347.727798027432
forecast_2870,2025-04-30 14:00:00,11248.163463817678,11894.280421187566,10163.582572832316
forecast_2871,2025-04-30 15:00:00,9620.091096166838,11010.605427654451,9222.080231015962
forecast_2872,2025-04-30 16:00:00,8968.431710299348,10077.138611799388,8857.747696502587
forecast_2873,2025-04-30 17:00:00,7624.994387782807,7966.292879023964,6047.229697136778
forecast_2874,2025-04-30 18:00:00,7294.531891768451,7455.836590244709,5664.955731004567
forecast_2875,2025-04-30 19:00:00,5439.2379045974985,6613.5415381191415,4184.373348319944
forecast_2876,2025-04-30 20:00:00,7223.180499778335,8894.523590677156,5058.835688802977
forecast_2877,2025-04-30 21:00:00,8915.544898168539,10880.436444538667,7012.887964623831
forecast_2878,2025-04-30 22:00:00,10006.575318413403,12086.151900877794,8248.72973320583
forecast_2879,2025-04-30 23:00:00,11030.501721637847,13191.979520396511,8524.488377767986
forecast_2880,2025-05-01 00:00:00,11090.958380254266,13469.414438891605,8513.160392536542
forecast_2881,2025-05-01 01:00:00,14400.252980035342,15241.640359559138,11900.080494746304
forecast_2882,2025-05-01 02:00:00,14605.379372219055,16597.773607986055,12220.22733883429
forecast_2883,2025-05-01 03:00:00,14919.665246028473,15900.672330093257,13047.370668145304
forecast_2884,2025-05-01 04:00:00,15265.524109818225,15864.308192091248,13918.561435656684
forecast_2885,2025-05-01 05:00:00,16134.43323883632,16323.33298919165,14378.154613115312
forecast_2886,2025-05-01 06:00:00,16437.406748205973,16847.93595012402,14796.172020973318
forecast_2887,2025-05-01 07:00:00,16911.241137345034,16909.179265813767,16378.416132549119
forecast_2888,2025-05-01 08:00:00,16776.89508682148,16683.959688474923,15518.529726415669
forecast_2889,2025-05-01 09:00:00,15688.785692471087,15782.054722289107,14188.026305848607
forecast_2890,2025-05-01 10:00:00,16249.674790234532,15780.234834535975,13959.732334615332
forecast_2891,2025-05-01 11:00:00,16380.622605269158,15778.41506566607,14194.74078602086
forecast_2892,2025-05-01 12:00:00,16920.877400235393,16408.568927823195,14939.515377889586
forecast_2893,2025-05-01 13:00:00,16835.919799313004,17437.169444249863,15736.972718172192
forecast_2894,2025-05-01 14:00:00,17221.37324922167,17769.25780260308,16520.547429217873
forecast_2895,2025-05-01 15:00:00,17939.312923289555,17955.73855698738,17098.660346959547
forecast_2896,2025-05-01 16:00:00,17041.11305026957,16772.092087211262,17196.39341565011
forecast_2897,2025-05-01 17:00:00,15824.687144635855,16434.294696728237,15928.953589786817
forecast_2898,2025-05-01 18:00:00,13602.071541563922,17190.464520141624,14398.19973134648
forecast_2899,2025-05-01 19:00:00,14922.904456478307,16305.909273660742,13707.538394752582
forecast_2900,2025-05-01 20:00:00,13480.693360780915,15674.27135544092,12065.545945324297
forecast_2901,2025-05-01 21:00:00,13729.867465798543,16512.385819594,11512.291797602638
forecast_2902,2025-05-01 22:00:00,13668.739021365502,15216.351112353857,11779.226380458113
forecast_2903,2025-05-01 23:00:00,14967.20659611245,16675.869980734682,13366.754109749283
forecast_2904,2025-05-02 00:00:00,16189.910344787033,17692.66161329152,15422.418860922935
forecast_2905,2025-05-02 01:00:00,17000.150018931614,17728.780960860437,15480.73424901163
forecast_2906,2025-05-02 02:00:00,16965.04206182083,17395.432785636334,15233.736738321302
forecast_2907,2025-05-02 03:00:00,16020.167228768338,16552.829634706315,14513.350116558944
forecast_2908,2025-05-02 04:00:00,15799.161798303725,16128.147923832816,14244.844624452953
forecast_2909,2025-05-02 05:00:00,15815.759282581805,16642.23751993296,14247.410381101658
forecast_2910,2025-05-02 06:00:00,15988.281009638971,17250.75142295328,14735.444475386077
forecast_2911,2025-05-02 07:00:00,15818.779502257705,16722.266461587893,12668.91754076179
forecast_2912,2025-05-02 08:00:00,15028.900655164278,16235.867100371697,12335.515426422415
forecast_2913,2025-05-02 09:00:00,13319.583293143372,14520.74135887585,11189.54717770816
forecast_2914,2025-05-02 10:00:00,11546.710066525186,12276.755075095072,9553.616369647722
forecast_2915,2025-05-02 11:00:00,10014.329102720276,11053.188315149851,7299.957427404808
forecast_2916,2025-05-02 12:00:00,8504.955022135671,10457.75918449924,6268.382939414197
forecast_2917,2025-05-02 13:00:00,8497.57713325445,10435.197724639525,5892.309049214228
forecast_2918,2025-05-02 14:00:00,8987.629582927684,10281.951027294237,5544.724607222718
forecast_2919,2025-05-02 15:00:00,9220.91870469728,9542.523434561612,6092.9706787835685
forecast_2920,2025-05-02 16:00:00,9055.810444597035,9223.683202482067,7065.997376210341
forecast_2921,2025-05-02 17:00:00,9605.720269486976,9426.345333203597,5622.726617718221
forecast_2922,2025-05-02 18:00:00,9842.617642071584,9294.671619594452,6182.3464441658125
forecast_2923,2025-05-02 19:00:00,9146.803869390662,9860.841530295069,7319.793527779378
forecast_2924,2025-05-02 20:00:00,9683.029815428486,9770.646724540951,8403.939505059574
forecast_2925,2025-05-02 21:00:00,10305.207660583203,10082.44837104032,8542.595578085315
forecast_2926,2025-05-02 22:00:00,10085.930551576797,10778.346330999479,8468.673470104372
forecast_2927,2025-05-02 23:00:00,10467.160970858555,10954.62129703461,9037.382014130064
forecast_2928,2025-05-03 00:00:00,10301.200748565676,11060.674795106212,9358.560758376212
forecast_2929,2025-05-03 01:00:00,9861.440401994,10493.634308596256,7907.5695052922565
forecast_2930,2025-05-03 02:00:00,9144.41225610717,10113.324662507926,7373.846353833417
forecast_2931,2025-05-03 03:00:00,8363.09246585634,9196.711048339017,6295.444718115117
forecast_2932,2025-05-03 04:00:00,7641.591072339486,7987.28471085307,5891.169758012048
forecast_2933,2025-05-03 05:00:00,6456.76684794785,7690.468314180526,5088.200081441333
forecast_2934,2025-05-03 06:00:00,4998.261666359417,6182.686853620738,4942.927123573214
forecast_2935,2025-05-03 07:00:00,3928.033673034524,4812.946165395836,3827.849284191767
forecast_2936,2025-05-03 08:00:00,3946.779192853341,4129.886744641406,3710.670996431142
forecast_2937,2025-05-03 09:00:00,6205.69382168609,6321.982759510986,4800.280720746477
forecast_2938,2025-05-03 10:00:00,8788.117987571111,9196.707898290995,6555.466895491083
forecast_2939,2025-05-03 11:00:00,11704.758669359546,12376.66846197798,9326.775438078977
forecast_2940,2025-05-03 12:00:00,11638.526724547237,13234.426209707673,11398.276338583872
forecast_2941,2025-05-03 13:00:00,11860.593777623026,13232.005747695537,11407.137231735749
forecast_2942,2025-05-03 14:00:00,12053.45792943598,13196.035263831403,11281.090971728843
forecast_2943,2025-05-03 15:00:00,13247.568847140066,13487.962429908695,11225.933636413753
forecast_2944,2025-05-03 16:00:00,13692.124030864683,14267.364479248557,11455.583713546972
forecast_2945,2025-05-03 17:00:00,14552.462598977016,13851.689817954315,11522.914108033618
forecast_2946,2025-05-03 18:00:00,13701.613768661684,13984.68137306238,11322.61938771706
forecast_2947,2025-05-03 19:00:00,13775.221555588729,14607.753187583054,11736.675196923728
forecast_2948,2025-05-03 20:00:00,14286.254750940978,15237.74394558092,11819.721606907658
forecast_2949,2025-05-03 21:00:00,15002.118965425476,15953.275458881697,12929.83573189578
forecast_2950,2025-05-03 22:00:00,14389.158377706772,15937.182014535892,11381.789685024065
forecast_2951,2025-05-03 23:00:00,14898.28931485046,16508.88010856982,11724.214755897088
forecast_2952,2025-05-04 00:00:00,14276.293947144854,16350.32555965999,12783.61377618599
forecast_2953,2025-05-04 01:00:00,14941.134160665819,18109.147097116158,15062.691249274985
forecast_2954,2025-05-04 02:00:00,14632.767632593028,16568.899370982203,14706.845376820986
forecast_2955,2025-05-04 03:00:00,15331.265987042474,15228.57131109594,14585.4399751476
forecast_2956,2025-05-04 04:00:00,15009.546271898764,15446.817109759304,14451.301853298692
forecast_2957,2025-05-04 05:00:00,15325.304449705767,16849.74096215155,14590.561996730812
forecast_2958,2025-05-04 06:00:00,15272.120801948478,16550.053549991975,14468.665942719741
forecast_2959,2025-05-04 07:00:00,14732.91417227643,15958.648439237204,13820.818897332554
forecast_2960,2025-05-04 08:00:00,13953.949347828579,14413.290523660042,13145.621191364142
forecast_2961,2025-05-04 09:00:00,13254.909485733346,13640.451202760754,11311.449175414515
forecast_2962,2025-05-04 10:00:00,13040.61954227864,13583.39204733058,10024.046611818445
forecast_2963,2025-05-04 11:00:00,13699.892347976187,14439.760374376267,9959.990963850196
forecast_2964,2025-05-04 12:00:00,14457.964323355594,16033.86101926098,11161.686261658962
forecast_2965,2025-05-04 13:00:00,15613.05331796843,16260.911853949825,13427.539028309811
forecast_2966,2025-05-04 14:00:00,15941.576730510853,16379.602823776542,14553.39076250589
forecast_2967,2025-05-04 15:00:00,16083.43055258536,16585.341539551842,14730.78089061241
forecast_2968,2025-05-04 16:00:00,16288.76997038523,16988.10202831784,14817.819231190999
forecast_2969,2025-05-04 17:00:00,16514.369000963798,17164.797182140275,15208.012603459152
forecast_2970,2025-05-04 18:00:00,16387.511197137195,17112.319799517845,14582.171728969906
forecast_2971,2025-05-04 19:00:00,15395.264770373211,16222.751402251892,13550.229547939083
forecast_2972,2025-05-04 20:00:00,13729.236741888346,16601.911996239465,11821.384148373332
forecast_2973,2025-05-04 21:00:00,11787.602128653025,13089.169863686093,10835.52090660027
forecast_2974,2025-05-04 22:00:00,9844.318177137566,10121.925503075563,7774.347024869864
forecast_2975,2025-05-04 23:00:00,8306.947463971484,7999.1548549276795,6030.093138753264
forecast_2976,2025-05-05 00:00:00,5772.07769236349,6159.023236169056,5112.546330781099
forecast_2977,2025-05-05 01:00:00,6618.656879089317,6906.0154796568795,4807.330260794494
forecast_2978,2025-05-05 02:00:00,6256.717350899782,6839.328906077697,4591.264891428006
forecast_2979,2025-05-05 03:00:00,6223.380780349077,6529.487865937333,4296.079371738961
forecast_2980,2025-05-05 04:00:00,5890.0561121176015,5399.493641097172,3853.908859626315
forecast_2981,2025-05-05 05:00:00,4670.453723114015,4750.15345394079,3783.8877817433286
forecast_2982,2025-05-05 06:00:00,3787.2310675276663,4015.906493948757,3517.442806668134
forecast_2983,2025-05-05 07:00:00,3407.3435533004654,3400.154907884731,2714.1679293231405
forecast_2984,2025-05-05 08:00:00,3411.448150313784,3343.431656787791,2520.6095534731185
forecast_2985,2025-05-05 09:00:00,3294.122336716255,3095.938523279752,3129.5168462202114
forecast_2986,2025-05-05 10:00:00,3315.559763604676,3437.4303915458067,5323.486575419089
forecast_2987,2025-05-05 11:00:00,2530.2040303982203,2395.0553083350546,54.98235426022011
forecast_2988,2025-05-05 12:00:00,5193.423486204496,5026.451933580404,1115.033190186618
forecast_2989,2025-05-05 13:00:00,2448.8971557237182,3838.794809081227,1336.699129275365
forecast_2990,2025-05-05 14:00:00,6893.280482377244,5317.311902013951,1859.171148077837
forecast_2991,2025-05-05 15:00:00,4864.324347989922,5763.74192441952,3267.640058940799
forecast_2992,2025-05-05 16:00:00,3235.2258114527826,2922.8235246752806,3365.337560758707
forecast_2993,2025-05-05 17:00:00,3745.281723053282,3442.989404132986,3288.806704799482
forecast_2994,2025-05-05 18:00:00,3837.47378878931,3754.5668793218956,3403.901714562497
forecast_2995,2025-05-05 19:00:00,5651.240794825632,6083.6038438173355,3700.1265660289478
forecast_2996,2025-05-05 20:00:00,6594.3077580462095,7005.620574396975,4241.679071360114
forecast_2997,2025-05-05 21:00:00,3889.8318856969563,4307.173993867301,3770.0921872547465
forecast_2998,2025-05-05 22:00:00,5218.417430627351,5832.972589198573,3845.85350551626
forecast_2999,2025-05-05 23:00:00,4043.4786838491436,4172.896573801325,3802.8296627920427
forecast_3000,2025-05-06 00:00:00,4448.48243921493,4798.08958836789,3525.0606720226265
forecast_3001,2025-05-06 01:00:00,3593.266172934904,3434.3353997707154,3500.1723542332234
forecast_3002,2025-05-06 02:00:00,3026.7335752174954,3228.9033661789304,1961.1744479891242
forecast_3003,2025-05-06 03:00:00,3062.6256228291327,3115.4593706262503,3426.900913421949
forecast_3004,2025-05-06 04:00:00,3647.8214394478146,3703.3887583487694,1037.1009654569607
forecast_3005,2025-05-06 05:00:00,3249.1470239174873,2987.3070021069425,2619.241294628773
forecast_3006,2025-05-06 06:00:00,3067.1108800702004,3060.5717304801224,899.4136954965995
forecast_3007,2025-05-06 07:00:00,3233.49688476179,3131.266161487221,2348.5815085854542
forecast_3008,2025-05-06 08:00:00,3315.075057254528,3215.1193537341146,3030.7814556690114
forecast_3009,2025-05-06 09:00:00,3504.091813066604,3239.823905466275,2664.4819270764838
forecast_3010,2025-05-06 10:00:00,3332.5655744363717,3503.3341141029214,4933.574767870777
forecast_3011,2025-05-06 11:00:00,2807.9158042791737,3133.60871289105,2154.5422853506066
forecast_3012,2025-05-06 12:00:00,2388.7490995217127,2593.4168791324787,938.4923318177769
forecast_3013,2025-05-06 13:00:00,2666.38999081086,2424.264190527998,2397.881150128668
forecast_3014,2025-05-06 14:00:00,2522.2210856648812,2814.8252447803275,2258.0896364967357
forecast_3015,2025-05-06 15:00:00,2544.1074581045787,2605.8544538322762,2228.205545029897
forecast_3016,2025-05-06 16:00:00,317.849034958419,2258.425974898487,1146.9778423415244
forecast_3017,2025-05-06 17:00:00,2881.488594446774,3392.9935639718656,2534.8717403643027
forecast_3018,2025-05-06 18:00:00,4475.235615719919,4752.812704837381,2091.4914317948756
forecast_3019,2025-05-06 19:00:00,3326.1304819448796,3017.9629034527156,2727.3249269253456
forecast_3020,2025-05-06 20:00:00,2800.648265564822,2870.850536637709,3058.5987469872807
forecast_3021,2025-05-06 21:00:00,3950.672354014675,4049.3609413186628,3327.4667492240114
forecast_3022,2025-05-06 22:00:00,4654.487604514484,4657.551936791201,3961.4084007517718
forecast_3023,2025-05-06 23:00:00,3738.474261233925,3730.472845573444,3771.4888902544767
forecast_3024,2025-05-07 00:00:00,3939.0410990817077,3704.966630595846,3827.7289417336874
forecast_3025,2025-05-07 01:00:00,3818.304830951436,3733.9509101211934,4043.4792448612807
forecast_3026,2025-05-07 02:00:00,3663.190459841465,3580.1657500601295,4005.0597099016954
forecast_3027,2025-05-07 03:00:00,3495.910727231914,3706.6097302008952,3879.0729882875185
forecast_3028,2025-05-07 04:00:00,3620.0988237522783,3771.183698806105,3928.6992759203276
forecast_3029,2025-05-07 05:00:00,3858.1855844639576,3896.2664048843094,3567.759896646217
forecast_3030,2025-05-07 06:00:00,4080.1320259765757,3961.1521624283455,3533.7478511648305
forecast_3031,2025-05-07 07:00:00,4008.941387646606,3988.8912376685175,3562.0112986781246
forecast_3032,2025-05-07 08:00:00,4002.9714688141466,4061.0544089484056,3634.312566366089
forecast_3033,2025-05-07 09:00:00,3824.77590487698,3813.492011690833,3365.682824165335
forecast_3034,2025-05-07 10:00:00,3760.107917263297,3663.988124221588,3485.7027961778963
forecast_3035,2025-05-07 11:00:00,3556.114149578387,3131.490259090822,2934.8271426943043
forecast_3036,2025-05-07 12:00:00,3545.76344764382,3239.9985034637784,3107.6723402768757
forecast_3037,2025-05-07 13:00:00,3491.6752101230736,3393.3157426122884,3243.0208140450663
forecast_3038,2025-05-07 14:00:00,3751.8784826539213,3646.5190800478404,3499.328407922918
forecast_3039,2025-05-07 15:00:00,3857.163982640807,3716.4596111272217,3910.182543010987
forecast_3040,2025-05-07 16:00:00,3964.6969851338736,4787.333790644677,3819.9618330541275
forecast_3041,2025-05-07 17:00:00,4614.17082219059,5546.302923403968,3998.9949789102316
forecast_3042,2025-05-07 18:00:00,5168.191110803555,5258.820393363022,4243.477012935648
forecast_3043,2025-05-07 19:00:00,4178.616007212284,4401.982004183546,3858.492566075695
forecast_3044,2025-05-07 20:00:00,3953.5033955201316,3952.609219371869,3488.250820352702
forecast_3045,2025-05-07 21:00:00,4018.5121344231816,4071.096297145919,3302.360285944437
forecast_3046,2025-05-07 22:00:00,4803.377695039906,5000.243725404287,3739.7995390147667
forecast_3047,2025-05-07 23:00:00,6074.516131248247,6027.546760994856,3913.2848424227836
forecast_3048,2025-05-08 00:00:00,5195.761757129484,5696.176780122468,4121.915431080748
forecast_3049,2025-05-08 01:00:00,5403.2426120146165,5585.110497179144,3890.4141496068996
forecast_3050,2025-05-08 02:00:00,6497.757279578174,6389.669112586507,4454.279631886629
forecast_3051,2025-05-08 03:00:00,8274.73892483649,8369.895720453562,5998.580496229295
forecast_3052,2025-05-08 04:00:00,10460.224407135891,10428.333087184817,7288.618245375213
forecast_3053,2025-05-08 05:00:00,10910.213993540887,11124.852008892767,7413.088822313402
forecast_3054,2025-05-08 06:00:00,9169.80493225949,8939.922648887508,6037.632562703499
forecast_3055,2025-05-08 07:00:00,6926.557733415878,6041.334821627091,4471.076388418367
forecast_3056,2025-05-08 08:00:00,4312.625214525134,4034.450243674229,3571.7108510456655
forecast_3057,2025-05-08 09:00:00,3770.0164206945215,3792.851304426176,3262.176799198423
forecast_3058,2025-05-08 10:00:00,3531.372462403401,3463.4561668844044,3227.1070459867424
forecast_3059,2025-05-08 11:00:00,3572.23265536043,2487.437251022716,1907.7444940645805
forecast_3060,2025-05-08 12:00:00,4394.632196312598,3014.2335556205526,3165.082136219812
forecast_3061,2025-05-08 13:00:00,3194.3246097408387,3330.981290992181,2822.5594270567403
forecast_3062,2025-05-08 14:00:00,3880.530333181868,3646.107662173412,3811.552965260031
forecast_3063,2025-05-08 15:00:00,3558.23480392305,3620.717417685996,3551.6224801498743
forecast_3064,2025-05-08 16:00:00,3851.7627678552954,3766.7706485448016,3671.6797794776317
forecast_3065,2025-05-08 17:00:00,3948.2445821545216,3780.7054734642197,3392.966860040744
forecast_3066,2025-05-08 18:00:00,3985.377785155208,3852.5371145518684,3619.962133544419
forecast_3067,2025-05-08 19:00:00,3796.788791765244,3991.286253388264,3791.579881906378
forecast_3068,2025-05-08 20:00:00,3855.480639356642,3908.5758261290625,3814.5443529905306
forecast_3069,2025-05-08 21:00:00,3799.616404930161,3822.9676170672774,3652.3185748091637
forecast_3070,2025-05-08 22:00:00,3843.236999712901,3820.158250399411,3754.8265958334396
forecast_3071,2025-05-08 23:00:00,3948.8805801706194,3954.901811868901,3656.4531138234456
forecast_3072,2025-05-09 00:00:00,4832.9922785696735,5715.413189350048,3856.614405860899
forecast_3073,2025-05-09 01:00:00,5707.41595177696,6453.330754165711,4520.160077530704
forecast_3074,2025-05-09 02:00:00,6065.064783519865,6788.512572322869,4107.829007872923
forecast_3075,2025-05-09 03:00:00,5367.833141408991,6108.979700245683,3889.4773375005557
forecast_3076,2025-05-09 04:00:00,5026.147254177922,5375.945429035813,3768.409696822651
forecast_3077,2025-05-09 05:00:00,4087.8645885869432,4610.474149706484,3773.657875304188
forecast_3078,2025-05-09 06:00:00,4258.132356906982,4057.712003292663,3657.9163020628025
forecast_3079,2025-05-09 07:00:00,5438.988393676762,3966.4869425614115,3749.3193772778013
forecast_3080,2025-05-09 08:00:00,3970.057060604172,3819.8315939623226,3483.2369315238147
forecast_3081,2025-05-09 09:00:00,4177.365122171667,4105.475696724934,3489.566700134212
forecast_3082,2025-05-09 10:00:00,3954.988358353747,4577.911458638234,3279.8307345004664
forecast_3083,2025-05-09 11:00:00,5691.022066767217,6755.270055446154,4634.9088438003155
forecast_3084,2025-05-09 12:00:00,7649.170859179143,8894.242148538831,6179.6041391806975
forecast_3085,2025-05-09 13:00:00,9084.472761804918,10498.196998406844,8251.77176697501
forecast_3086,2025-05-09 14:00:00,12012.879484757088,13666.370103496767,10329.43015912804
forecast_3087,2025-05-09 15:00:00,11938.408774282103,14008.10042035344,11429.64255274797
forecast_3088,2025-05-09 16:00:00,12390.16275784669,14510.763767264392,11903.940248288314
forecast_3089,2025-05-09 17:00:00,12521.85419490852,14717.851122486569,10675.38666132478
forecast_3090,2025-05-09 18:00:00,11746.12656676582,12250.598141137283,9260.000384494615
forecast_3091,2025-05-09 19:00:00,8517.746622463095,9795.626524834463,6504.508995719302
forecast_3092,2025-05-09 20:00:00,5578.085867813242,6467.670271696008,4304.343004445196
forecast_3093,2025-05-09 21:00:00,3855.170948033479,3938.338044040356,3583.0887375569914
forecast_3094,2025-05-09 22:00:00,3493.871532842562,3658.0720367734916,3647.2053904540085
forecast_3095,2025-05-09 23:00:00,4025.270445421883,4038.881572813764,3768.989765653593
forecast_3096,2025-05-10 00:00:00,6420.433148470133,8032.9109530703045,5986.836375991048
forecast_3097,2025-05-10 01:00:00,11838.967587279174,14270.336153868606,11211.868143553083
forecast_3098,2025-05-10 02:00:00,12821.51612791456,14746.518537992593,13455.9459923317
forecast_3099,2025-05-10 03:00:00,15068.926387339241,16760.044680315725,15192.695412773108
forecast_3100,2025-05-10 04:00:00,15187.060819614268,16539.600855797944,15301.529862851121
forecast_3101,2025-05-10 05:00:00,16138.316405136376,17779.69987157067,17277.622825418737
forecast_3102,2025-05-10 06:00:00,17575.476295786622,18356.335683840687,17245.600930676854
forecast_3103,2025-05-10 07:00:00,18358.11133990936,19024.579715991327,18310.36081256334
forecast_3104,2025-05-10 08:00:00,18644.36568477372,19055.514635016716,18445.326416446493
forecast_3105,2025-05-10 09:00:00,18730.517944149396,18896.149854192994,18421.990251924017
forecast_3106,2025-05-10 10:00:00,18683.481879777017,19014.459636122094,18337.768215717453
forecast_3107,2025-05-10 11:00:00,19441.020756561702,19116.662287469513,18561.543557547015
forecast_3108,2025-05-10 12:00:00,19802.783069445268,18998.232096548374,18709.18937536403
forecast_3109,2025-05-10 13:00:00,19900.52185114758,18927.15413873198,18412.183075936333
forecast_3110,2025-05-10 14:00:00,18610.34011541797,18766.313592522685,18153.998296078895
forecast_3111,2025-05-10 15:00:00,18167.293818661787,18599.17446916599,17804.865806687176
forecast_3112,2025-05-10 16:00:00,17068.816582765492,17790.20187203208,16697.065736015775
forecast_3113,2025-05-10 17:00:00,16474.231725159367,17245.275250014238,15342.006926676084
forecast_3114,2025-05-10 18:00:00,15232.425979108408,16806.500599992203,14251.985339908051
forecast_3115,2025-05-10 19:00:00,14171.996610077502,16216.788611843185,12800.287133176256
forecast_3116,2025-05-10 20:00:00,13186.053710176328,15484.313211520066,11567.595573582368
forecast_3117,2025-05-10 21:00:00,12482.155855650059,14505.211007019814,10282.616619247052
forecast_3118,2025-05-10 22:00:00,10838.39495769024,12499.41902258001,8863.461056579343
forecast_3119,2025-05-10 23:00:00,9993.38000237429,11120.656835630367,8483.882015345496
forecast_3120,2025-05-11 00:00:00,9484.285607606926,10363.493496353542,7996.6327688305155
forecast_3121,2025-05-11 01:00:00,9812.144575443841,10266.20474984357,7911.060722848404
forecast_3122,2025-05-11 02:00:00,9832.519693851518,10367.59274012369,8176.274621785114
forecast_3123,2025-05-11 03:00:00,10340.499341883271,11064.785809700928,7729.473857780033
forecast_3124,2025-05-11 04:00:00,11135.464163395078,11489.295364753194,7374.944217176392
forecast_3125,2025-05-11 05:00:00,11727.077163435919,10672.74023391807,7562.1977490626
forecast_3126,2025-05-11 06:00:00,8519.80578745383,9161.313585647042,6386.636032076336
forecast_3127,2025-05-11 07:00:00,6312.492109529664,6325.262400881682,4428.010966046275
forecast_3128,2025-05-11 08:00:00,4193.704290221922,4242.940996597878,3824.8290205738035
forecast_3129,2025-05-11 09:00:00,3998.278591304026,3899.5270728331357,3657.416100300779
forecast_3130,2025-05-11 10:00:00,3764.278380462974,3832.329366661303,3592.3847610523526
forecast_3131,2025-05-11 11:00:00,3547.0782117395615,3561.0657804989514,3122.906487723769
forecast_3132,2025-05-11 12:00:00,3350.7218861427286,3312.492764836439,3219.1164121161796
forecast_3133,2025-05-11 13:00:00,3813.70066919565,3834.7348412951424,3665.968343131219
forecast_3134,2025-05-11 14:00:00,4397.417806012998,4157.780254966515,3819.380285464747
forecast_3135,2025-05-11 15:00:00,5425.412273997202,4392.965359185569,3917.700518755543
forecast_3136,2025-05-11 16:00:00,4921.527727901378,4687.4684993131,3918.4602993549884
forecast_3137,2025-05-11 17:00:00,4293.959033361939,4474.113950081143,3591.2857887204586
forecast_3138,2025-05-11 18:00:00,5607.004881900754,5545.001144098398,3881.214650615589
forecast_3139,2025-05-11 19:00:00,7251.764445674373,7837.83388865423,5018.776770264087
forecast_3140,2025-05-11 20:00:00,9008.044887169277,9820.413074359505,6875.754636850567
forecast_3141,2025-05-11 21:00:00,10276.804620442654,11128.397931948904,8053.180564088062
forecast_3142,2025-05-11 22:00:00,11720.929274856646,12488.46678465883,9882.06837741598
forecast_3143,2025-05-11 23:00:00,13445.751968630399,14228.101531989883,11532.737781000957
forecast_3144,2025-05-12 00:00:00,15004.532500032192,15009.077804558841,13205.109989616583
forecast_3145,2025-05-12 01:00:00,15086.184031181758,15936.709356816606,13313.741617656051
forecast_3146,2025-05-12 02:00:00,15714.556773302545,16170.379018000114,14377.866346360712
forecast_3147,2025-05-12 03:00:00,16440.15898795205,16706.472782925528,15146.8613226035
forecast_3148,2025-05-12 04:00:00,16225.267742641156,16931.18569748657,15679.477694666233
forecast_3149,2025-05-12 05:00:00,16192.085535404318,17259.89116263309,15817.51893393665
forecast_3150,2025-05-12 06:00:00,16616.963262846988,17381.551995049424,13723.465976637897
forecast_3151,2025-05-12 07:00:00,16455.902718510722,17138.413466588983,12805.190644017537
forecast_3152,2025-05-12 08:00:00,15183.396225675193,16018.145193634222,11202.29161646747
forecast_3153,2025-05-12 09:00:00,13790.452972755327,13906.753852484708,10064.155467116814
forecast_3154,2025-05-12 10:00:00,12091.303872552857,12441.518297747989,9276.264031478398
forecast_3155,2025-05-12 11:00:00,11391.480799234098,11249.155807921232,8612.451308613932
forecast_3156,2025-05-12 12:00:00,10665.456685525007,10984.888283490487,8175.308577496034
forecast_3157,2025-05-12 13:00:00,9915.86297630617,10152.288429565087,7407.204384230824
forecast_3158,2025-05-12 14:00:00,10051.06001022464,9893.328535166638,7376.630677689855
forecast_3159,2025-05-12 15:00:00,10227.614816389581,9959.490625290391,7802.094973890548
forecast_3160,2025-05-12 16:00:00,10477.646778893017,10324.308863447459,8427.495206012512
forecast_3161,2025-05-12 17:00:00,10254.23270063751,10278.230341257287,8483.146081662395
forecast_3162,2025-05-12 18:00:00,10151.457776016401,10251.860335153511,8738.585028765074
forecast_3163,2025-05-12 19:00:00,11127.751432554913,11486.488330700602,10123.329632666428
forecast_3164,2025-05-12 20:00:00,13643.77268282979,15183.380941713513,11964.452101652698
forecast_3165,2025-05-12 21:00:00,15263.839662793845,16283.4628377011,15203.071010200005
forecast_3166,2025-05-12 22:00:00,15894.552444955389,17077.69213278732,16708.341701874637
forecast_3167,2025-05-12 23:00:00,16961.55282601497,17864.332516459348,17827.209976060003
forecast_3168,2025-05-13 00:00:00,16763.90097805083,17653.332353808735,17927.171226058366
forecast_3169,2025-05-13 01:00:00,19903.11937905691,19701.312409145885,18771.00407536051
forecast_3170,2025-05-13 02:00:00,19897.164411338636,19908.225086682363,19194.112584694878
forecast_3171,2025-05-13 03:00:00,19884.05308707014,19820.347586813856,19227.08222985753
forecast_3172,2025-05-13 04:00:00,19928.965325773308,19854.87569475874,18574.76606779895
forecast_3173,2025-05-13 05:00:00,18565.755633758145,18976.406648594762,18269.755555943386
forecast_3174,2025-05-13 06:00:00,17817.65803827737,18564.458990632425,17775.922533018515
forecast_3175,2025-05-13 07:00:00,17945.89466431988,17961.57225385924,17607.035847271785
forecast_3176,2025-05-13 08:00:00,17065.867484910523,17472.528972461536,17173.223970267805
forecast_3177,2025-05-13 09:00:00,16057.500913356564,17529.760135395107,16908.644117179974
forecast_3178,2025-05-13 10:00:00,14957.149615353597,16874.520366679975,16230.415178827076
forecast_3179,2025-05-13 11:00:00,14160.809538163763,16002.069436908525,15821.723326873873
forecast_3180,2025-05-13 12:00:00,14004.920854882395,15691.4606156955,14837.465384729567
forecast_3181,2025-05-13 13:00:00,13468.29845399988,15287.972000513637,14909.991895681522
forecast_3182,2025-05-13 14:00:00,13269.24446015939,14997.231920507,14617.362007972657
forecast_3183,2025-05-13 15:00:00,13018.459618055478,14890.544958116525,14441.438951754018
forecast_3184,2025-05-13 16:00:00,13156.077888618867,14602.907599423861,14700.370010274572
forecast_3185,2025-05-13 17:00:00,13950.72811924942,14896.298798679089,14840.175713459925
forecast_3186,2025-05-13 18:00:00,14647.83731811785,15363.905773590039,15459.477731923947
forecast_3187,2025-05-13 19:00:00,16128.685050905473,17144.253999632016,17225.593839628433
forecast_3188,2025-05-13 20:00:00,17854.091478567545,18546.780024927346,18528.846407096906
forecast_3189,2025-05-13 21:00:00,19785.353893388998,19537.35831694496,19280.48125435078
forecast_3190,2025-05-13 22:00:00,19900.74810099629,19705.121924188315,19336.696527449374
forecast_3191,2025-05-13 23:00:00,19901.01552915103,19888.4123527473,19335.50521850763
forecast_3192,2025-05-14 00:00:00,19883.70538945475,19829.174080927954,19336.747324258493
forecast_3193,2025-05-14 01:00:00,19929.498093310845,19201.927815415234,19367.10422739076
forecast_3194,2025-05-14 02:00:00,20317.776512174427,19217.618168235116,19342.843924266163
forecast_3195,2025-05-14 03:00:00,20316.389159373382,19908.23650316142,19323.190298175094
forecast_3196,2025-05-14 04:00:00,20313.68114600501,19877.318811021087,19341.23710901799
forecast_3197,2025-05-14 05:00:00,20326.847963999742,19887.552782308623,19330.327522029213
forecast_3198,2025-05-14 06:00:00,20231.490556611363,19829.23808155151,18322.377107307886
forecast_3199,2025-05-14 07:00:00,19810.846333039914,18546.936036858282,17032.280488591077
forecast_3200,2025-05-14 08:00:00,17928.427209739104,17739.988938296112,14404.186606125062
forecast_3201,2025-05-14 09:00:00,14395.744486116108,14148.747080735318,10251.027763753942
forecast_3202,2025-05-14 10:00:00,11364.775261913332,11008.988818203,7208.450863213905
forecast_3203,2025-05-14 11:00:00,8101.256971667646,8527.377447752675,4925.215887134716
forecast_3204,2025-05-14 12:00:00,6630.8098441365055,6024.367630825533,4071.2656818119285
forecast_3205,2025-05-14 13:00:00,5324.960683418153,4524.891650207417,3863.2217121701715
forecast_3206,2025-05-14 14:00:00,4276.731148194801,4373.1848437482,3832.850315656314
forecast_3207,2025-05-14 15:00:00,4175.877389805627,4215.425527345634,3858.859058426722
forecast_3208,2025-05-14 16:00:00,4401.51240122368,4408.311842851139,4141.738180737794
forecast_3209,2025-05-14 17:00:00,4862.541858607964,5148.093850915977,4163.274950659321
forecast_3210,2025-05-14 18:00:00,5644.38039060264,6308.152767042512,4378.110082508364
forecast_3211,2025-05-14 19:00:00,7783.690339543394,8284.579611212723,5733.144471540375
forecast_3212,2025-05-14 20:00:00,8666.748537281046,9573.356995522396,7083.085829072891
forecast_3213,2025-05-14 21:00:00,9872.196518859566,11199.7209328247,8205.296073697102
forecast_3214,2025-05-14 22:00:00,11018.312847960111,12279.721407743893,8709.756122402316
forecast_3215,2025-05-14 23:00:00,12247.474359861799,13432.605066401791,10172.290148971932
forecast_3216,2025-05-15 00:00:00,12824.497831415641,14491.869287535268,11274.531428731962
forecast_3217,2025-05-15 01:00:00,13391.299242096404,14648.350348174545,11198.167776487215
forecast_3218,2025-05-15 02:00:00,13146.410553422553,14685.3869370185,11059.683963046491
forecast_3219,2025-05-15 03:00:00,13133.164202420206,15049.10527534494,11691.092137225345
forecast_3220,2025-05-15 04:00:00,14186.117323203742,15740.528568496726,11792.154136220173
forecast_3221,2025-05-15 05:00:00,15874.462179500199,15742.771204526976,13007.595272498811
forecast_3222,2025-05-15 06:00:00,15626.090248742297,18023.869074555034,14001.415449555203
forecast_3223,2025-05-15 07:00:00,15930.999608329594,17992.605240341585,15646.257353844687
forecast_3224,2025-05-15 08:00:00,16874.06221359752,18434.04513258784,16931.250766346762
forecast_3225,2025-05-15 09:00:00,17687.13200053095,18660.972430323538,17050.27282269
forecast_3226,2025-05-15 10:00:00,17216.71495170355,18348.9162736944,16720.664128698198
forecast_3227,2025-05-15 11:00:00,16441.80138105072,17848.79855668282,15998.4977775459
forecast_3228,2025-05-15 12:00:00,17043.40341319779,17569.45766435926,16101.524725539612
forecast_3229,2025-05-15 13:00:00,17650.791511040992,18248.71898443318,17306.960652735652
forecast_3230,2025-05-15 14:00:00,17889.757890662346,18588.788374748172,18155.18536500347
forecast_3231,2025-05-15 15:00:00,18066.67186134078,18555.87282951687,18185.37593505324
forecast_3232,2025-05-15 16:00:00,17631.131777320148,18294.55060641285,17666.2493147609
forecast_3233,2025-05-15 17:00:00,17610.598930544485,17949.269072221072,17784.572209135145
forecast_3234,2025-05-15 18:00:00,17342.30216123292,18014.952378821905,17574.27768218768
forecast_3235,2025-05-15 19:00:00,17361.813159827456,18191.432287481723,17885.42445035026
forecast_3236,2025-05-15 20:00:00,17678.254356528105,18403.402311183207,18206.663709081233
forecast_3237,2025-05-15 21:00:00,17566.35192247215,18322.942331427595,18436.43943780354
forecast_3238,2025-05-15 22:00:00,17714.16464036379,18434.24014257207,18703.653341592966
forecast_3239,2025-05-15 23:00:00,17899.539648111047,18577.15739027909,18725.769585311355
forecast_3240,2025-05-16 00:00:00,17582.76798389528,18408.38321733313,18690.826239479364
forecast_3241,2025-05-16 01:00:00,17373.289249607413,18354.654601925966,17124.829097889633
forecast_3242,2025-05-16 02:00:00,17476.062778733514,18178.800442959626,17241.087219359688
forecast_3243,2025-05-16 03:00:00,17490.53565688065,18195.803945075953,16907.52143296481
forecast_3244,2025-05-16 04:00:00,17957.94317768823,18086.17322794727,16761.27300213887
forecast_3245,2025-05-16 05:00:00,17013.56943176277,17130.55918657646,16368.287415923241
forecast_3246,2025-05-16 06:00:00,16262.037336328793,16476.269538628945,16078.763785222196
forecast_3247,2025-05-16 07:00:00,15923.41015478506,16327.522449212684,15769.8032606619
forecast_3248,2025-05-16 08:00:00,15401.518713319261,16446.375977753556,14959.72352660321
forecast_3249,2025-05-16 09:00:00,14722.801435199233,15535.9811173893,13570.83601052433
forecast_3250,2025-05-16 10:00:00,12855.601771814421,13495.003483582586,12257.588082616801
forecast_3251,2025-05-16 11:00:00,11573.207470154517,12839.463939741188,11076.778747639682
forecast_3252,2025-05-16 12:00:00,10835.160508922792,11419.424330350326,9797.060516025169
forecast_3253,2025-05-16 13:00:00,9464.621305229892,10152.499434717643,8764.259635807568
forecast_3254,2025-05-16 14:00:00,8065.578935426613,8383.46171093459,6957.23885281079
forecast_3255,2025-05-16 15:00:00,7243.5495399676975,7646.958344287165,5948.020121528604
forecast_3256,2025-05-16 16:00:00,6562.976147315609,7144.440892623715,5046.743155850359
forecast_3257,2025-05-16 17:00:00,6478.222552550535,7125.185778002883,6486.459993357624
forecast_3258,2025-05-16 18:00:00,6073.180319838767,6407.343960240968,5173.640388620178
forecast_3259,2025-05-16 19:00:00,4966.394621568896,5551.849824561219,3793.3268906865424
forecast_3260,2025-05-16 20:00:00,6089.801038050047,6062.896458488309,5039.745023108025
forecast_3261,2025-05-16 21:00:00,4430.748830894547,5307.7408951508605,4943.288690593686
forecast_3262,2025-05-16 22:00:00,6962.202401867482,7033.406655019698,5172.4961432507835
forecast_3263,2025-05-16 23:00:00,4805.187482677764,4814.988543091818,3962.7793556982974
forecast_3264,2025-05-17 00:00:00,5804.001638265229,5423.630307752562,4094.7076935326427
forecast_3265,2025-05-17 01:00:00,5726.232583552434,6082.956071597229,4218.607843417057
forecast_3266,2025-05-17 02:00:00,5775.865997263715,6264.294723341272,4494.429775214282
forecast_3267,2025-05-17 03:00:00,5588.920835113157,6034.725581224575,4531.931513172555
forecast_3268,2025-05-17 04:00:00,4585.200254403822,4783.311865236606,3431.277997726341
forecast_3269,2025-05-17 05:00:00,3566.020613242754,3799.5958000360906,3761.5628721899766
forecast_3270,2025-05-17 06:00:00,4004.3839264370713,4524.884317742344,3937.335920378114
forecast_3271,2025-05-17 07:00:00,3886.265182380091,4257.3380344771485,3629.8891898279294
forecast_3272,2025-05-17 08:00:00,4239.752085635379,4234.866718944787,3745.9529452734305
forecast_3273,2025-05-17 09:00:00,4155.134263024596,3944.76927965599,3820.561401655932
forecast_3274,2025-05-17 10:00:00,4775.612907078913,4996.454865669908,3713.8506627474158
forecast_3275,2025-05-17 11:00:00,4468.6093187321485,5164.810659910114,3911.8813307863147
forecast_3276,2025-05-17 12:00:00,5367.403553132605,5251.2468083525555,4302.166559260167
forecast_3277,2025-05-17 13:00:00,7297.4162334579005,7547.874435403818,6263.46666303573
forecast_3278,2025-05-17 14:00:00,9295.128031923377,9047.721192711058,8747.422332436245
forecast_3279,2025-05-17 15:00:00,10933.889719540963,10899.868184251416,10351.90158626627
forecast_3280,2025-05-17 16:00:00,14000.310862064558,12628.265452102427,12091.685425595679
forecast_3281,2025-05-17 17:00:00,15231.415656137075,15185.94537861119,14079.488340968948
forecast_3282,2025-05-17 18:00:00,16915.3854196116,17587.785772496707,16342.194613178908
forecast_3283,2025-05-17 19:00:00,18284.647529835773,18376.2548544792,17851.453396900102
forecast_3284,2025-05-17 20:00:00,18926.30484964802,18993.6040204921,18826.779666104983
forecast_3285,2025-05-17 21:00:00,19106.63264261038,19151.666782584067,19327.839200381113
forecast_3286,2025-05-17 22:00:00,19890.941534396923,19211.52613354103,19331.201155460974
forecast_3287,2025-05-17 23:00:00,19878.755372562428,19197.669639639134,19343.325361132196
forecast_3288,2025-05-18 00:00:00,20009.83066162075,19106.103480774247,19273.075135514482
forecast_3289,2025-05-18 01:00:00,18189.671316028034,17997.769728846826,15548.205499062617
forecast_3290,2025-05-18 02:00:00,17674.625335790428,17817.206239249852,14949.42813031549
forecast_3291,2025-05-18 03:00:00,15749.517897449203,15827.113628385809,13175.607358511594
forecast_3292,2025-05-18 04:00:00,13731.641524747358,14288.883986009494,11201.807659705279
forecast_3293,2025-05-18 05:00:00,10579.918500102092,11394.539707765829,8528.12866189375
forecast_3294,2025-05-18 06:00:00,7869.40837674551,8233.705837244264,5649.895520038821
forecast_3295,2025-05-18 07:00:00,5140.779006043472,5340.500717116488,3850.8477975127266
forecast_3296,2025-05-18 08:00:00,3801.3842666707187,3768.222266704917,3671.1169775491308
forecast_3297,2025-05-18 09:00:00,4787.115733281812,5501.579885416592,3686.8299716825904
forecast_3298,2025-05-18 10:00:00,4040.078912366842,4546.604601614006,3475.170269328917
forecast_3299,2025-05-18 11:00:00,4382.585527046124,4406.220986744318,3389.957333413203
forecast_3300,2025-05-18 12:00:00,4248.370271987927,4073.720319526758,3591.522530610446
forecast_3301,2025-05-18 13:00:00,3761.375290278307,3797.0747530870217,3534.8236578210704
forecast_3302,2025-05-18 14:00:00,4579.415142249053,4712.571340286735,3835.908803584325
forecast_3303,2025-05-18 15:00:00,5379.332979283643,5325.055349535798,3970.494228229666
forecast_3304,2025-05-18 16:00:00,7707.32038745427,7051.235911896926,4462.668575961332
forecast_3305,2025-05-18 17:00:00,8837.841849073438,8901.607961842936,5395.045994187053
forecast_3306,2025-05-18 18:00:00,10336.434035551294,9871.908480396723,6884.3396163265925
forecast_3307,2025-05-18 19:00:00,11077.420749129436,11940.214462515307,8231.545401200648
forecast_3308,2025-05-18 20:00:00,11740.107958936302,12679.861211084086,9651.570551433393
forecast_3309,2025-05-18 21:00:00,12776.642406595858,13479.403794075984,11255.472526745027
forecast_3310,2025-05-18 22:00:00,13249.780732072444,13116.674668648764,11971.334718454445
forecast_3311,2025-05-18 23:00:00,12939.329923290734,12997.33999835635,11750.753024016443
forecast_3312,2025-05-19 00:00:00,12541.3699862867,12818.884631946654,11257.554017838218
forecast_3313,2025-05-19 01:00:00,11499.863769815904,11947.907713823028,10206.045162165517
forecast_3314,2025-05-19 02:00:00,10604.963266843115,11464.267042647285,9617.827123887797
forecast_3315,2025-05-19 03:00:00,10226.799327158784,10719.270868369631,7953.23915875151
forecast_3316,2025-05-19 04:00:00,10342.548966860952,11134.73648042674,7614.876584634708
forecast_3317,2025-05-19 05:00:00,10658.394585763057,11885.44195125735,8050.20456353803
forecast_3318,2025-05-19 06:00:00,11344.17281158858,12105.36022655741,7492.317325606681
forecast_3319,2025-05-19 07:00:00,11292.990463125287,12614.289707500273,7666.292802752035
forecast_3320,2025-05-19 08:00:00,13018.238780414855,13714.097133875193,8785.318249154088
forecast_3321,2025-05-19 09:00:00,13214.262297776606,14324.093924719498,11079.118526480568
forecast_3322,2025-05-19 10:00:00,14114.42926130492,15482.124554816934,12604.137109689475
forecast_3323,2025-05-19 11:00:00,14513.251021079825,14461.073052897995,13131.17237328469
forecast_3324,2025-05-19 12:00:00,14335.677344261734,15384.36014794862,14416.886503575883
forecast_3325,2025-05-19 13:00:00,14093.332714943741,15332.951616901792,15664.420744896746
forecast_3326,2025-05-19 14:00:00,14409.436733217302,15349.882536714846,16127.282522750136
forecast_3327,2025-05-19 15:00:00,15154.696282370674,15474.810897813271,16162.701701027378
forecast_3328,2025-05-19 16:00:00,15668.785228909614,16419.6101320518,16198.706444248808
forecast_3329,2025-05-19 17:00:00,17025.30664550802,17181.012013671843,16663.857741385425
forecast_3330,2025-05-19 18:00:00,17668.551545954248,17776.76535297897,17119.768106591124
forecast_3331,2025-05-19 19:00:00,18069.223610974997,18307.51693468778,17838.66176369729
forecast_3332,2025-05-19 20:00:00,18395.72321026918,18605.809482400502,18167.840907146438
forecast_3333,2025-05-19 21:00:00,18218.63899688536,18600.644537345794,18347.134772426765
forecast_3334,2025-05-19 22:00:00,17975.843889267904,18393.116760124394,17962.605331093768
forecast_3335,2025-05-19 23:00:00,17543.396125515905,18134.20766355621,17613.233380154237
forecast_3336,2025-05-20 00:00:00,17426.32841209073,18083.093786580142,17958.59844461796
forecast_3337,2025-05-20 01:00:00,16858.314880273545,17789.20327902506,16413.74116014786
forecast_3338,2025-05-20 02:00:00,17069.401149723217,17773.411410681056,16790.33347196286
forecast_3339,2025-05-20 03:00:00,17313.480123989728,18065.63422672799,17329.016676781415
forecast_3340,2025-05-20 04:00:00,18233.02196540492,18328.68286831994,17656.23154673165
forecast_3341,2025-05-20 05:00:00,18540.594374186905,18725.571779476322,17792.91671705319
forecast_3342,2025-05-20 06:00:00,18746.84941534855,18956.21606392623,17765.741482285357
forecast_3343,2025-05-20 07:00:00,18088.558442538946,18630.182446637424,17098.597157048065
forecast_3344,2025-05-20 08:00:00,17373.160633398933,18173.37575425988,16417.218389884667
forecast_3345,2025-05-20 09:00:00,15947.483989819444,16564.37306315489,15049.321652919181
forecast_3346,2025-05-20 10:00:00,13827.522946358751,14948.396297980613,13383.668825514422
forecast_3347,2025-05-20 11:00:00,12793.599166765243,13288.97842170141,11738.214316836746
forecast_3348,2025-05-20 12:00:00,12187.930472850427,12048.368749984225,10704.382376299121
forecast_3349,2025-05-20 13:00:00,11924.04807468975,12087.30880173836,10838.01367660192
forecast_3350,2025-05-20 14:00:00,12152.467323725345,12166.722667139406,11698.258064565971
forecast_3351,2025-05-20 15:00:00,12829.245348846607,12593.887993509888,12892.888867374028
forecast_3352,2025-05-20 16:00:00,13295.856677248677,13374.575358913942,14188.513535073002
forecast_3353,2025-05-20 17:00:00,14268.31491931452,14206.841921152132,14944.038877454683
forecast_3354,2025-05-20 18:00:00,14540.168683199452,15666.435524721815,16021.95739409941
forecast_3355,2025-05-20 19:00:00,15107.338033836251,16403.07976107622,17112.90307272912
forecast_3356,2025-05-20 20:00:00,16158.905740417627,16817.736024011265,17847.89771676519
forecast_3357,2025-05-20 21:00:00,15911.011436495348,17440.286131719065,17860.67319597214
forecast_3358,2025-05-20 22:00:00,16355.574998719265,17495.420253178632,18130.668102986827
forecast_3359,2025-05-20 23:00:00,17332.441123394954,17589.91782705517,17878.832662298453
forecast_3360,2025-05-21 00:00:00,17558.210226887353,17616.833178879275,18273.429094698793
forecast_3361,2025-05-21 01:00:00,17037.348013875628,17320.35490669397,16359.180877052617
forecast_3362,2025-05-21 02:00:00,16477.383463783117,16741.388762952716,15509.624189982289
forecast_3363,2025-05-21 03:00:00,15580.045746604232,15967.556623579005,14544.023495344556
forecast_3364,2025-05-21 04:00:00,14491.736543774477,14999.793243171844,13098.262205814224
forecast_3365,2025-05-21 05:00:00,13319.372579912619,14260.23708265336,10929.499691802046
forecast_3366,2025-05-21 06:00:00,10684.075560207259,12516.016379450093,8297.762254586723
forecast_3367,2025-05-21 07:00:00,7326.890352886867,7700.597998017543,6082.851180509091
forecast_3368,2025-05-21 08:00:00,5517.735557817065,5616.528015152641,4089.479179465658
forecast_3369,2025-05-21 09:00:00,5306.470398670813,5387.777840315818,3814.7249310499474
forecast_3370,2025-05-21 10:00:00,3736.838361570747,3790.0300298875586,3072.5669013753995
forecast_3371,2025-05-21 11:00:00,3200.6221500001284,3109.6036777631757,3104.4673035608917
forecast_3372,2025-05-21 12:00:00,3348.2839704272415,3519.9931002782164,2805.238292900448
forecast_3373,2025-05-21 13:00:00,4571.9916503542045,3636.6074176072048,3154.055351289577
forecast_3374,2025-05-21 14:00:00,4170.054487891301,3869.117749430732,3453.82496025158
forecast_3375,2025-05-21 15:00:00,3789.4822419491366,3797.711930377058,3120.86709256534
forecast_3376,2025-05-21 16:00:00,3411.016337863955,3600.2681186281034,2973.8314443705603
forecast_3377,2025-05-21 17:00:00,3487.599633982459,3855.7525957101434,3019.9588731950043
forecast_3378,2025-05-21 18:00:00,3598.7908968199877,3415.11907681906,3053.2001080160862
forecast_3379,2025-05-21 19:00:00,3769.9832420207235,3887.26021880648,3398.4340461222373
forecast_3380,2025-05-21 20:00:00,3864.5290016808676,3925.0063640066237,3409.8840673271197
forecast_3381,2025-05-21 21:00:00,3575.227990428648,3879.4201256303536,3460.9390386742234
forecast_3382,2025-05-21 22:00:00,3837.7461758578,3750.2282977345303,3477.881121130826
forecast_3383,2025-05-21 23:00:00,3718.7188645111423,3717.0770916543647,3411.2693104429427
forecast_3384,2025-05-22 00:00:00,3739.804880626022,3631.904278968991,3189.7658718390753
forecast_3385,2025-05-22 01:00:00,3686.7487249066717,3626.3722245413664,3382.7713510339267
forecast_3386,2025-05-22 02:00:00,3666.793390374934,3622.6173007748757,3307.779564962638
forecast_3387,2025-05-22 03:00:00,3621.3735069366603,3667.2707749806955,3507.4144510972455
forecast_3388,2025-05-22 04:00:00,3527.0414333518934,3340.580706623076,3423.307550490003
forecast_3389,2025-05-22 05:00:00,3539.9172218712492,3368.386309009479,3424.1316341612683
forecast_3390,2025-05-22 06:00:00,3527.184269511959,3320.775305653817,3350.6369298291434
forecast_3391,2025-05-22 07:00:00,3934.0251907178267,3774.303615201861,3304.4590265981865
forecast_3392,2025-05-22 08:00:00,3691.308438962309,3759.351047700666,3016.644886411567
forecast_3393,2025-05-22 09:00:00,3754.9047087297467,3486.1424623674816,2820.0505074148946
forecast_3394,2025-05-22 10:00:00,3846.934834665758,3882.705951052139,3195.9412406251013
forecast_3395,2025-05-22 11:00:00,3940.8412632051864,4193.018958832137,3408.903842292639
forecast_3396,2025-05-22 12:00:00,3975.966220307008,3954.6584699566215,3321.9011856642483
forecast_3397,2025-05-22 13:00:00,3742.1470530439547,3736.6475253030326,3127.7049071143265
forecast_3398,2025-05-22 14:00:00,3637.9171473820525,3733.1173613738047,3136.930362532582
forecast_3399,2025-05-22 15:00:00,3505.679512901531,3548.37129030691,2751.4880781830116
forecast_3400,2025-05-22 16:00:00,2648.2519058417797,3044.967462478612,3054.024733613191
forecast_3401,2025-05-22 17:00:00,2962.372134206763,2937.758070178808,2848.2170913471055
forecast_3402,2025-05-22 18:00:00,3448.8571490852637,3372.8401413506795,2234.1281685376425
forecast_3403,2025-05-22 19:00:00,3657.8314226455323,4357.303958211171,1521.8533785534798
forecast_3404,2025-05-22 20:00:00,3083.423744361663,2913.7652487951586,3413.508113157312
forecast_3405,2025-05-22 21:00:00,3691.755890650627,3592.9648455930014,2872.757980160556
forecast_3406,2025-05-22 22:00:00,3951.8482596758063,3909.2457591100797,3523.2422962222604
forecast_3407,2025-05-22 23:00:00,4120.6520728753,4015.5212378658202,3667.370426706736
forecast_3408,2025-05-23 00:00:00,4317.742069404687,4092.9802211151427,3741.174409520109
forecast_3409,2025-05-23 01:00:00,3935.560942910489,3833.0437862143203,3265.9042718564847
forecast_3410,2025-05-23 02:00:00,4229.10378796524,3993.0982122072987,3524.9038931093105
forecast_3411,2025-05-23 03:00:00,4048.086965325871,3812.169525313352,3816.078149522142
forecast_3412,2025-05-23 04:00:00,4093.6879639002427,3883.9176266087075,3673.8233595395955
forecast_3413,2025-05-23 05:00:00,4208.667376705434,4033.449467599266,3708.8822929893568
forecast_3414,2025-05-23 06:00:00,4305.565476874807,3953.901507085162,4390.8324322641865
forecast_3415,2025-05-23 07:00:00,3928.4521831912966,3884.8446658041744,4032.9471435951086
forecast_3416,2025-05-23 08:00:00,3742.4803888806064,3770.5796634250314,3850.518659547863
forecast_3417,2025-05-23 09:00:00,3798.4777676945337,3480.552368614451,3443.475918188865
forecast_3418,2025-05-23 10:00:00,3519.772333106712,3468.60308999183,3491.9702450477394
forecast_3419,2025-05-23 11:00:00,3507.8374090143943,3441.0464024692014,3335.9087909228524
forecast_3420,2025-05-23 12:00:00,3813.1182573054643,3517.279575592926,3432.4209993206514
forecast_3421,2025-05-23 13:00:00,3530.031959276892,3381.013946676069,3096.970471500486
forecast_3422,2025-05-23 14:00:00,3249.7326257093455,3265.7280419099475,3085.7597594615945
forecast_3423,2025-05-23 15:00:00,3292.9725241463702,3251.7402438253766,3086.321209929867
forecast_3424,2025-05-23 16:00:00,3372.8459811975754,3209.9350481762426,2831.5241852044633
forecast_3425,2025-05-23 17:00:00,3419.662447529978,3534.97495426921,3245.102779192507
forecast_3426,2025-05-23 18:00:00,3643.2297301445483,3694.479371504873,3583.95263931399
forecast_3427,2025-05-23 19:00:00,3646.461202184698,3849.8299596609418,3446.8464483631274
forecast_3428,2025-05-23 20:00:00,3929.294025525407,4252.540414907415,3520.505344492737
forecast_3429,2025-05-23 21:00:00,3909.7922651258264,4407.230462092976,3592.249181566179
forecast_3430,2025-05-23 22:00:00,4816.098968864036,5538.378051787922,3662.071523240346
forecast_3431,2025-05-23 23:00:00,4810.445717671476,5256.755114829479,3627.3976102934034
forecast_3432,2025-05-24 00:00:00,4414.665905750425,4332.414942180845,3748.6900309809325
forecast_3433,2025-05-24 01:00:00,4828.910836679991,5375.9648047081255,3667.0920093112154
forecast_3434,2025-05-24 02:00:00,4642.986235009175,5186.464715067372,3669.4432997545864
forecast_3435,2025-05-24 03:00:00,4356.665442959686,4947.053695434759,4393.578523291847
forecast_3436,2025-05-24 04:00:00,4617.9963240771785,5187.9882297301365,4045.1483144176696
forecast_3437,2025-05-24 05:00:00,4711.57202574002,5218.87996251359,3697.9494679305144
forecast_3438,2025-05-24 06:00:00,4858.089144303448,5551.900056350615,3618.0837269013387
forecast_3439,2025-05-24 07:00:00,4719.571860797857,5546.003644743937,3565.0926402804066
forecast_3440,2025-05-24 08:00:00,4376.283638378615,5231.452234233037,3420.206786715512
forecast_3441,2025-05-24 09:00:00,4463.878478677498,5399.488666386874,3449.861841000425
forecast_3442,2025-05-24 10:00:00,4067.3405077605116,5028.191114398984,3505.5822456093533
forecast_3443,2025-05-24 11:00:00,4084.30163630515,4660.987584927321,3592.557779101106
forecast_3444,2025-05-24 12:00:00,3697.8459814490475,4422.804974694444,3516.808489364914
forecast_3445,2025-05-24 13:00:00,3649.757510593374,4250.893618910922,3705.4598007474656
forecast_3446,2025-05-24 14:00:00,4053.6729561943284,4817.615280132388,3619.062471165139
forecast_3447,2025-05-24 15:00:00,4677.20817397085,5675.3184068339915,3958.2386537799457
forecast_3448,2025-05-24 16:00:00,5387.226187149714,6822.844177402891,4272.5221837176405
forecast_3449,2025-05-24 17:00:00,5675.492093321607,6814.325346927,4571.014902933482
forecast_3450,2025-05-24 18:00:00,5682.79280055442,6970.579586835877,4850.571207098063
forecast_3451,2025-05-24 19:00:00,5905.631441919848,6778.697285903578,4664.937476222773
forecast_3452,2025-05-24 20:00:00,5683.3456806713475,6949.459021713276,4309.092128740443
forecast_3453,2025-05-24 21:00:00,5421.956300268105,6279.398486947024,4233.0723064272
forecast_3454,2025-05-24 22:00:00,5412.372769959943,6402.221117812006,4159.388071356207
forecast_3455,2025-05-24 23:00:00,5241.56568089212,6497.754912808576,4028.8615658507647
forecast_3456,2025-05-25 00:00:00,5386.795322820534,6517.90398697242,3844.486184958395
forecast_3457,2025-05-25 01:00:00,3934.019322192103,4533.661077795356,3680.567688424904
forecast_3458,2025-05-25 02:00:00,3973.5700065082538,4418.609819986857,3437.5214076727293
forecast_3459,2025-05-25 03:00:00,4089.964974501122,4463.209456875664,3585.1918769187305
forecast_3460,2025-05-25 04:00:00,4150.697244638439,4000.5718408941834,3620.052519634546
forecast_3461,2025-05-25 05:00:00,4657.159010940427,4171.29833241462,3783.0605408873453
forecast_3462,2025-05-25 06:00:00,5060.289861828323,4805.681153247851,3741.920637027682
forecast_3463,2025-05-25 07:00:00,6326.03745734449,5233.087364692542,3793.713963849608
forecast_3464,2025-05-25 08:00:00,4152.309753042492,4164.163960296842,3555.1386188882398
forecast_3465,2025-05-25 09:00:00,3484.449994795113,3523.9252933461084,3489.463312016554
forecast_3466,2025-05-25 10:00:00,3672.3928151450004,3268.626693033278,3237.93718654193
forecast_3467,2025-05-25 11:00:00,3321.4093862825925,2569.751784919092,2750.286677496668
forecast_3468,2025-05-25 12:00:00,3410.8318862482784,3317.961676745447,3002.8322288881623
forecast_3469,2025-05-25 13:00:00,3810.8418960184204,3648.8209429457643,3226.883754694221
forecast_3470,2025-05-25 14:00:00,3885.7604389219614,3916.941951093166,3506.5644843660834
forecast_3471,2025-05-25 15:00:00,3869.240233223376,3766.1764531713948,3785.310867758703
forecast_3472,2025-05-25 16:00:00,3957.5408733754457,3825.6953713700545,3584.3689030447786
forecast_3473,2025-05-25 17:00:00,3759.2759208078674,3839.224995252077,3440.1470380500905
forecast_3474,2025-05-25 18:00:00,4169.939879379303,4407.573021022964,3509.0615115852625
forecast_3475,2025-05-25 19:00:00,4348.710164847924,5053.0787879664995,3740.94028986741
forecast_3476,2025-05-25 20:00:00,5107.893483284416,5792.223099487236,3855.2973197710858
forecast_3477,2025-05-25 21:00:00,6497.718158787215,6504.315099298854,4785.886972763402
forecast_3478,2025-05-25 22:00:00,7789.666210546518,7977.902881577435,5805.004496470066
forecast_3479,2025-05-25 23:00:00,8873.099174176616,9191.638125835274,6764.048492571878
forecast_3480,2025-05-26 00:00:00,9205.43577864795,9495.866849297807,7019.444169343276
forecast_3481,2025-05-26 01:00:00,7285.271815866867,7106.448756352523,6762.593190602975
forecast_3482,2025-05-26 02:00:00,6914.9398273797115,6676.695250141329,6414.826485327009
forecast_3483,2025-05-26 03:00:00,5772.084044710878,5449.043401997785,4671.422729663972
forecast_3484,2025-05-26 04:00:00,4643.399375827558,4477.724585015555,3907.9845722610917
forecast_3485,2025-05-26 05:00:00,3991.9134104112186,3995.7839966002443,3635.2041323902836
forecast_3486,2025-05-26 06:00:00,3765.453348394042,4086.321369369238,3572.853390886204
forecast_3487,2025-05-26 07:00:00,3720.2238974428833,3795.5799884145526,3189.6621422082544
forecast_3488,2025-05-26 08:00:00,3232.3487867063827,3354.1137566574766,2836.2235731808955
forecast_3489,2025-05-26 09:00:00,3591.2742190627455,3507.054364663423,2634.2196743869686
forecast_3490,2025-05-26 10:00:00,4064.5147912549282,3928.56873576425,2419.9641493626305
forecast_3491,2025-05-26 11:00:00,2902.981491372939,3877.70065916936,2484.083839829366
forecast_3492,2025-05-26 12:00:00,2685.763556396452,2683.932429365447,2544.9635446832463
forecast_3493,2025-05-26 13:00:00,3026.8870065399774,3046.760723343442,2779.671067827808
forecast_3494,2025-05-26 14:00:00,2802.195697551412,2584.801016264996,2351.0331633422165
forecast_3495,2025-05-26 15:00:00,5345.873714675297,4335.261632623684,1862.811298026411
forecast_3496,2025-05-26 16:00:00,4901.908920319068,3731.059661714993,761.9434821903965
forecast_3497,2025-05-26 17:00:00,5435.781085061265,5244.216559200795,4739.238243382168
forecast_3498,2025-05-26 18:00:00,3185.5963767518383,3857.3458483459863,4183.494333380316
forecast_3499,2025-05-26 19:00:00,3597.062961201894,3398.1845550697353,3192.684375002436
forecast_3500,2025-05-26 20:00:00,3687.949496138186,3908.829842201539,3530.521678287876
forecast_3501,2025-05-26 21:00:00,3709.3101214532126,3599.8318450400047,3362.8025331245876
forecast_3502,2025-05-26 22:00:00,3871.7688290232995,4023.1569638423634,3459.271728689217
forecast_3503,2025-05-26 23:00:00,4469.543871833775,4434.024400246664,3522.3560159478457
forecast_3504,2025-05-27 00:00:00,4403.183424132995,4561.201321506643,3704.343501427846
forecast_3505,2025-05-27 01:00:00,6457.685219761107,6210.862649824005,3847.1242300908707
forecast_3506,2025-05-27 02:00:00,7562.562058236462,7294.923083814588,4114.457763183396
forecast_3507,2025-05-27 03:00:00,8131.095991869738,8233.68120716363,4111.869786932715
forecast_3508,2025-05-27 04:00:00,7401.594283122696,7578.689757204889,3842.4117666650563
forecast_3509,2025-05-27 05:00:00,5773.685593622003,5369.67935271366,3772.777808962764
forecast_3510,2025-05-27 06:00:00,4220.85989597374,4106.090455159394,3617.060273478659
forecast_3511,2025-05-27 07:00:00,3643.8844903675863,3692.637945955131,3719.857462558017
forecast_3512,2025-05-27 08:00:00,4218.430461836793,4054.5001210202095,3810.022787496925
forecast_3513,2025-05-27 09:00:00,3503.1988819013495,3609.074406817831,3305.1274815298293
forecast_3514,2025-05-27 10:00:00,3987.7681675563417,3599.982935093082,3397.092375249428
forecast_3515,2025-05-27 11:00:00,2793.541588217711,2726.469701029148,2637.7697144543595
forecast_3516,2025-05-27 12:00:00,2432.40056639137,2427.5359636516832,1715.3900081028046
forecast_3517,2025-05-27 13:00:00,3058.3956638721606,3141.944102677418,3211.8449215833816
forecast_3518,2025-05-27 14:00:00,3921.2129700715504,3893.6052042168158,2050.0010489511815
forecast_3519,2025-05-27 15:00:00,5441.849827022826,6096.937900899672,3133.8163712729383
forecast_3520,2025-05-27 16:00:00,3366.799301054188,3683.154728523861,26.73025580856728
forecast_3521,2025-05-27 17:00:00,4493.294966149613,6315.472403378385,1942.3783596207616
forecast_3522,2025-05-27 18:00:00,3341.8860509155284,6914.197920024887,1830.8354221281863
forecast_3523,2025-05-27 19:00:00,4416.002434776702,5969.893212758884,2728.7702332219333
forecast_3524,2025-05-27 20:00:00,3633.7770714304747,3706.287941285285,3655.139213827204
forecast_3525,2025-05-27 21:00:00,3719.007408388418,3568.884423723831,3963.2644819270704
forecast_3526,2025-05-27 22:00:00,3846.8554754894217,3527.304002369056,3383.0531739168596
forecast_3527,2025-05-27 23:00:00,3658.8196751092114,3573.6098663699067,3637.130182883663
forecast_3528,2025-05-28 00:00:00,3824.778882755125,3809.294043991749,3529.996072393171
forecast_3529,2025-05-28 01:00:00,3836.5827095497816,3820.6224830507927,3485.0158312683993
forecast_3530,2025-05-28 02:00:00,3758.6488663300624,3651.9761573093406,3491.7170020832614
forecast_3531,2025-05-28 03:00:00,3800.0301797115303,3868.658294025929,3795.8196638105396
forecast_3532,2025-05-28 04:00:00,3891.3331024253753,3753.47636668839,3512.285228122707
forecast_3533,2025-05-28 05:00:00,3809.985941617623,3835.7931534235386,3693.129261564803
forecast_3534,2025-05-28 06:00:00,3869.2850306615373,4008.10757175793,3446.970154630876
forecast_3535,2025-05-28 07:00:00,3409.407167081525,3658.94159880648,3022.9619781765555
forecast_3536,2025-05-28 08:00:00,3520.7869977552537,4054.9499950430586,1992.7110607691584
forecast_3537,2025-05-28 09:00:00,3416.2549276951845,4501.971822691297,1220.8264394265557
forecast_3538,2025-05-28 10:00:00,3740.1282353328074,3981.175603921591,2.700737683958898
forecast_3539,2025-05-28 11:00:00,4189.496323014788,3884.96574774882,1435.2021529897354
forecast_3540,2025-05-28 12:00:00,3691.5797248648764,3673.8717369543315,1995.8626554972445
forecast_3541,2025-05-28 13:00:00,48.01908104483009,58.85291998116918,49.49083487720001
forecast_3542,2025-05-28 14:00:00,1772.6868688478107,2487.1570501226884,58.41764522649818
forecast_3543,2025-05-28 15:00:00,86.13147493186831,88.25595386947613,62.942288557444535
forecast_3544,2025-05-28 16:00:00,3432.5895491519072,3754.702478707309,1420.2923073566672
forecast_3545,2025-05-28 17:00:00,5262.90251077579,6189.931477193889,3178.915472816902
forecast_3546,2025-05-28 18:00:00,5231.176401691333,6026.299969952335,5403.711758061526
forecast_3547,2025-05-28 19:00:00,2907.7795957007265,2882.363335351144,3885.4802085730166
forecast_3548,2025-05-28 20:00:00,3470.821383177806,3484.322684652016,2884.5582777845993
forecast_3549,2025-05-28 21:00:00,3810.5395644296586,3660.180398734163,3478.1295820604823
forecast_3550,2025-05-28 22:00:00,3789.056851503884,3639.7308873264897,3244.5880537489825
forecast_3551,2025-05-28 23:00:00,3720.689724546217,3585.3968129595664,3353.5324355283
forecast_3552,2025-05-29 00:00:00,3621.9279509283474,3552.5234700189453,3129.6845627512857
forecast_3553,2025-05-29 01:00:00,3958.4704347949055,3621.040079026863,3220.752643222641
forecast_3554,2025-05-29 02:00:00,3564.8754690697215,3192.7675312204583,3701.7757849942627
forecast_3555,2025-05-29 03:00:00,3401.5409028097865,3181.6880181575452,2883.1323152240248
forecast_3556,2025-05-29 04:00:00,3160.081675450571,3050.55361042243,2832.99200457967
forecast_3557,2025-05-29 05:00:00,3739.4608579767155,3595.945535137491,2666.970742467305
forecast_3558,2025-05-29 06:00:00,3280.3987491553116,4130.67926193914,1783.328181299119
forecast_3559,2025-05-29 07:00:00,3116.167365918378,4073.6565515359616,1023.6541893199308
forecast_3560,2025-05-29 08:00:00,3546.0811028980957,3657.306092685331,27.973708864246703
forecast_3561,2025-05-29 09:00:00,3576.841623612429,3197.2290366449906,40.89915478820966
forecast_3562,2025-05-29 10:00:00,3581.586998198248,2981.875299963308,106.45030196461377
forecast_3563,2025-05-29 11:00:00,4421.02127323754,3001.777000935544,1268.8252630244451
forecast_3564,2025-05-29 12:00:00,2190.7356028273275,2589.59297086101,1032.9888398557846
forecast_3565,2025-05-29 13:00:00,2291.058080277246,2340.8630421491985,340.0721943570064
forecast_3566,2025-05-29 14:00:00,2283.626160589069,2335.020623780826,1485.894521498563
forecast_3567,2025-05-29 15:00:00,3892.8765933637897,3089.76483247011,2703.621665155128
forecast_3568,2025-05-29 16:00:00,3432.840767987606,2830.135367405892,3348.9952625848173
forecast_3569,2025-05-29 17:00:00,3263.8320442442273,2738.272804267866,4589.579973507662
forecast_3570,2025-05-29 18:00:00,2963.799287418244,2756.7288936580785,2932.7902187080495
forecast_3571,2025-05-29 19:00:00,3683.493683779247,3537.8927872229333,2609.6471260092094
forecast_3572,2025-05-29 20:00:00,3620.87125956973,3516.4836063860757,3287.889643607434
forecast_3573,2025-05-29 21:00:00,3368.2968151418154,3524.360690586984,3186.629677815421
forecast_3574,2025-05-29 22:00:00,3158.100067846079,3517.3635665918014,3150.2409520321953
forecast_3575,2025-05-29 23:00:00,3209.565415529173,3391.427168567066,3168.1578047560115
forecast_3576,2025-05-30 00:00:00,3176.4969738032037,3420.1094059096163,2979.0247060663455
forecast_3577,2025-05-30 01:00:00,3132.2021917480733,3378.720671580358,2856.233660151767
forecast_3578,2025-05-30 02:00:00,3289.030504314418,3410.9441935047603,3067.295413560408
forecast_3579,2025-05-30 03:00:00,3532.4779654584877,3526.4976916912196,3399.079240641731
forecast_3580,2025-05-30 04:00:00,3626.6233028506626,3702.259419852765,3226.9927204866976
forecast_3581,2025-05-30 05:00:00,3764.9045628411304,3838.9283371138017,3251.7643218086932
forecast_3582,2025-05-30 06:00:00,3577.268380776569,3703.6181982385983,3651.7110958339777
forecast_3583,2025-05-30 07:00:00,3762.5552324747737,3756.49620043521,3377.494153998764
forecast_3584,2025-05-30 08:00:00,4112.9944915724645,4102.895699223718,3609.5132749376844
forecast_3585,2025-05-30 09:00:00,3471.2756997357715,3523.457534626984,3220.883700858306
forecast_3586,2025-05-30 10:00:00,3421.4869617233126,3391.755669084107,3120.12486445599
forecast_3587,2025-05-30 11:00:00,3537.273294040261,3575.424148676327,3341.9434618592445
forecast_3588,2025-05-30 12:00:00,3390.672583892575,3330.3921755594943,3531.2343099446257
forecast_3589,2025-05-30 13:00:00,3256.785279971863,3305.669873213855,3117.224983884299
forecast_3590,2025-05-30 14:00:00,3215.263259086554,3280.3519508074073,2916.300905327332
forecast_3591,2025-05-30 15:00:00,3619.0376327497534,3499.5116913748566,3472.7895341767953
forecast_3592,2025-05-30 16:00:00,4043.2428701568006,3961.673834986644,3006.4266991397058
forecast_3593,2025-05-30 17:00:00,4923.54398888996,5075.050717352287,9103.724877788363
forecast_3594,2025-05-30 18:00:00,4056.655811265489,4401.66216323837,2788.1261868813895
forecast_3595,2025-05-30 19:00:00,3399.2163161466565,3278.8119821755777,2642.5248004675273
forecast_3596,2025-05-30 20:00:00,3527.7609770302784,3594.489864901224,2881.9207292519914
forecast_3597,2025-05-30 21:00:00,3816.7996626114286,3573.3010582897014,2930.161267012189
forecast_3598,2025-05-30 22:00:00,3684.9281397793866,3584.988751770625,2805.6613079702406
forecast_3599,2025-05-30 23:00:00,3423.9161423758455,3440.9256112424187,3315.034791582938
forecast_3600,2025-05-31 00:00:00,3506.8601977225476,3504.008406093501,3407.7981425906514
forecast_3601,2025-05-31 01:00:00,3814.0957980478515,3883.049762092023,3145.638671200606
forecast_3602,2025-05-31 02:00:00,3991.369036360674,3924.7412825223846,3093.2892012079787
forecast_3603,2025-05-31 03:00:00,3740.311634929552,3560.4263901674185,1923.7380523960592
forecast_3604,2025-05-31 04:00:00,3679.0208693811624,3854.4565492027405,2781.548023808042
forecast_3605,2025-05-31 05:00:00,3438.420830914838,3891.648916228486,2920.5040259334028
forecast_3606,2025-05-31 06:00:00,3758.344416837751,3940.6668319248583,2975.607646021041
forecast_3607,2025-05-31 07:00:00,3542.627243688786,3575.600142555849,3168.1000522272266
forecast_3608,2025-05-31 08:00:00,3546.6899612871484,3651.4021281789783,3236.0310833751414
forecast_3609,2025-05-31 09:00:00,3255.6077697493474,3439.9976674356867,2690.392220884117
forecast_3610,2025-05-31 10:00:00,3433.6105121236174,3663.527197483256,3416.191735168361
forecast_3611,2025-05-31 11:00:00,3929.827232403743,3686.211917766414,3216.432667784266
forecast_3612,2025-05-31 12:00:00,3841.956462532891,3752.975722694847,3365.4304269011905
forecast_3613,2025-05-31 13:00:00,3940.085810420608,3826.647271079802,3274.340220787438
forecast_3614,2025-05-31 14:00:00,3810.719929697506,3811.48506003893,3206.1355480650063
forecast_3615,2025-05-31 15:00:00,3914.212453159325,3801.228307075007,3523.449053413992
forecast_3616,2025-05-31 16:00:00,3725.940803809434,3912.8553895571954,3345.829835932048
forecast_3617,2025-05-31 17:00:00,3800.470608460747,3635.9424035892375,3172.3619472096757
forecast_3618,2025-05-31 18:00:00,3601.7900781862418,3670.49716383259,3080.323973433675
forecast_3619,2025-05-31 19:00:00,3762.2987586298023,3908.619187467127,3229.0215004833676
forecast_3620,2025-05-31 20:00:00,3764.445385570872,3775.557518370951,3427.481266671471
forecast_3621,2025-05-31 21:00:00,3541.820551570258,3557.1488424665504,3404.203290051145
forecast_3622,2025-05-31 22:00:00,3635.7512674529903,3612.1636209981084,3280.641881874939
forecast_3623,2025-05-31 23:00:00,3425.121623456248,3539.561201953425,3230.229752781679
forecast_3624,2025-06-01 00:00:00,3303.1621386507195,3355.1103878551085,3097.6436204333995
forecast_3625,2025-06-01 01:00:00,3641.747846256115,3711.986949779509,3083.477109870588
forecast_3626,2025-06-01 02:00:00,3773.7252245889754,3736.5355190342893,3203.138351616494
forecast_3627,2025-06-01 03:00:00,3827.6990752555203,3808.5048018799944,3702.3299931690754
forecast_3628,2025-06-01 04:00:00,3826.6681713353664,3863.6154310629668,3853.6376629419515
forecast_3629,2025-06-01 05:00:00,3879.1718341009196,4206.837323232803,3770.9378954571885
forecast_3630,2025-06-01 06:00:00,3821.77022349399,3974.559769146025,3391.9688520560862
forecast_3631,2025-06-01 07:00:00,3626.4416266096587,3600.9974744141105,2759.49093576741
forecast_3632,2025-06-01 08:00:00,3020.634357953019,3115.7738519405675,3206.9409697125748
forecast_3633,2025-06-01 09:00:00,3448.6747816428547,4100.6404368810745,1946.6857910390283
forecast_3634,2025-06-01 10:00:00,4398.81162229397,4486.944856423225,2050.576929894946
forecast_3635,2025-06-01 11:00:00,3128.8182947339105,4580.477135003944,1676.328750210104
forecast_3636,2025-06-01 12:00:00,5216.445152551028,7264.206954828312,1981.5873522692195
forecast_3637,2025-06-01 13:00:00,4313.637122376949,4433.407750836557,1054.6705247725872
forecast_3638,2025-06-01 14:00:00,4568.740888411213,4092.2775442279712,1774.2307165610416
forecast_3639,2025-06-01 15:00:00,3300.1553832455998,2209.9568155199418,1165.0416437991828
forecast_3640,2025-06-01 16:00:00,42.30769601277395,43.18791454964495,40.43289989526507
forecast_3641,2025-06-01 17:00:00,1519.4631495071815,206.03942819463734,100.6198570955155
forecast_3642,2025-06-01 18:00:00,3135.9583625707446,3268.191803590271,3023.6918188584245
forecast_3643,2025-06-01 19:00:00,3782.716283912258,3764.0658254270643,3450.953729831568
forecast_3644,2025-06-01 20:00:00,3856.9218200710666,3860.7608661605937,3757.61020495237
forecast_3645,2025-06-01 21:00:00,4085.957824248167,4023.151817627202,3747.8763500152095
forecast_3646,2025-06-01 22:00:00,4103.996643364924,3987.1120720708714,3764.126068690618
forecast_3647,2025-06-01 23:00:00,3697.2037916287095,3610.3080110453348,3536.7081103356613
forecast_3648,2025-06-02 00:00:00,3607.6909346134667,3669.4751311072514,3495.3964826175365
forecast_3649,2025-06-02 01:00:00,3740.0619141620964,3806.246655672628,3576.1062607321915
forecast_3650,2025-06-02 02:00:00,3595.494282241387,3576.388699202138,3428.7427268064653
forecast_3651,2025-06-02 03:00:00,3923.516981106446,3973.1524453701486,3444.371100628354
forecast_3652,2025-06-02 04:00:00,3690.0990531159164,3628.744314523289,3135.2286223403066
forecast_3653,2025-06-02 05:00:00,3799.0053260462164,3650.570872772135,3135.3312350605142
forecast_3654,2025-06-02 06:00:00,3534.682060471002,3479.5979742255363,3178.268426446299
forecast_3655,2025-06-02 07:00:00,3489.6387599832783,3469.1236165888195,2896.7170878001507
forecast_3656,2025-06-02 08:00:00,3516.546026794213,3396.5666280719042,2790.8641367493615
forecast_3657,2025-06-02 09:00:00,3531.1922590340855,3430.4032812632186,2582.108161505013
forecast_3658,2025-06-02 10:00:00,3451.651389508159,3193.3164968232604,3533.240395966917
forecast_3659,2025-06-02 11:00:00,4094.630718426437,4318.253766763393,6590.547861969899
forecast_3660,2025-06-02 12:00:00,4252.749629821029,3722.5324707829964,4695.17934812081
forecast_3661,2025-06-02 13:00:00,4776.984482203072,3213.758833959136,3454.503137388256
forecast_3662,2025-06-02 14:00:00,3103.9318216881843,3175.8667928227705,2901.1588369105134
forecast_3663,2025-06-02 15:00:00,3564.7692953087962,3594.750032757254,3179.1137103400406
forecast_3664,2025-06-02 16:00:00,4457.319077087249,4474.189021181704,3824.373760832804
forecast_3665,2025-06-02 17:00:00,5527.86760579483,5489.481131359139,4581.19941697441
forecast_3666,2025-06-02 18:00:00,5459.216187667126,6416.5866008477715,4497.897056656299
forecast_3667,2025-06-02 19:00:00,4243.121196751208,5295.393454407721,3960.5074137700285
forecast_3668,2025-06-02 20:00:00,4690.906622271247,3864.653585607365,4314.88434901753
forecast_3669,2025-06-02 21:00:00,3640.1315462368625,3636.484549011636,3921.2009686552033
forecast_3670,2025-06-02 22:00:00,3511.7255624968157,3642.78710239305,4106.114643016295
forecast_3671,2025-06-02 23:00:00,4086.2267136024716,4015.060407413615,3900.883128526698
forecast_3672,2025-06-03 00:00:00,4311.237114967186,4370.0448536782515,3786.034745443727
forecast_3673,2025-06-03 01:00:00,3775.213388557007,3822.3802633856762,3173.4477490226636
forecast_3674,2025-06-03 02:00:00,4138.884658396796,4211.645375046588,3472.7541357925325
forecast_3675,2025-06-03 03:00:00,4048.8479459911346,3890.2542883735246,3550.7020012546423
forecast_3676,2025-06-03 04:00:00,3910.670872821674,3937.730947719,3744.753055598747
forecast_3677,2025-06-03 05:00:00,3991.8168318949274,3877.279583904929,3893.8326824412716
forecast_3678,2025-06-03 06:00:00,3827.865872248638,3838.1101382968977,3769.5631153060745
forecast_3679,2025-06-03 07:00:00,3740.98008726347,3799.6411495805482,3809.4774407881623
forecast_3680,2025-06-03 08:00:00,3914.424429775564,3657.3946286759265,3272.8110262372197
forecast_3681,2025-06-03 09:00:00,3718.743847119134,3906.3976275416308,3622.822819738885
forecast_3682,2025-06-03 10:00:00,3698.8135721402655,3749.917484193058,3480.9342054593467
forecast_3683,2025-06-03 11:00:00,4101.465002209218,3937.416686069779,3719.3595423584597
forecast_3684,2025-06-03 12:00:00,4810.659906412549,4356.109739040174,3851.34592406967
forecast_3685,2025-06-03 13:00:00,6916.251522756454,6298.845439583989,5158.21780720803
forecast_3686,2025-06-03 14:00:00,8759.59877315202,8463.199666171491,7376.06896106436
forecast_3687,2025-06-03 15:00:00,9160.966880473534,9556.903320037738,8245.789275907253
forecast_3688,2025-06-03 16:00:00,10394.844613536661,10260.38233196502,8440.269092049237
forecast_3689,2025-06-03 17:00:00,11033.78264993543,10992.092525434584,8680.747563966046
forecast_3690,2025-06-03 18:00:00,11356.61139882312,10946.090188875152,8895.309460011422
forecast_3691,2025-06-03 19:00:00,12034.338899371623,11574.287460804588,9749.400607216068
forecast_3692,2025-06-03 20:00:00,13156.298272430315,12447.218402971634,11594.950802051697
forecast_3693,2025-06-03 21:00:00,14128.031094081774,16113.727937972313,12898.596800731058
forecast_3694,2025-06-03 22:00:00,14739.761426789213,15333.592575929482,13314.84046838886
forecast_3695,2025-06-03 23:00:00,14456.415577143642,16570.88432797113,13222.507881416504
forecast_3696,2025-06-04 00:00:00,14427.100112620374,15866.16098895506,13604.312255799554
forecast_3697,2025-06-04 01:00:00,13777.644297959823,14915.186900739192,13263.023736655796
forecast_3698,2025-06-04 02:00:00,13722.007778724605,15416.86513610219,14191.336848257179
forecast_3699,2025-06-04 03:00:00,15289.725840424448,16664.413143511643,15072.309638456161
forecast_3700,2025-06-04 04:00:00,16311.979069697361,17666.794160896385,16238.455667884222
forecast_3701,2025-06-04 05:00:00,17139.97187409747,18109.049557125334,17379.18370821091
forecast_3702,2025-06-04 06:00:00,17500.671928752254,18096.847536609403,17388.072952013095
forecast_3703,2025-06-04 07:00:00,17492.846289603232,18062.26946802959,17260.75708652208
forecast_3704,2025-06-04 08:00:00,17536.773014806615,17704.45600075617,16357.97002907208
forecast_3705,2025-06-04 09:00:00,17219.795237838305,17508.95034198615,15995.247629180021
forecast_3706,2025-06-04 10:00:00,16967.643544608323,17390.37224758943,15964.967710816905
forecast_3707,2025-06-04 11:00:00,16370.628822225843,17280.32014098373,16109.05718042543
forecast_3708,2025-06-04 12:00:00,16150.64558779264,17067.533907963792,15340.217302048928
forecast_3709,2025-06-04 13:00:00,15884.51677813774,16836.834251352382,15177.062784510848
forecast_3710,2025-06-04 14:00:00,15718.244355557901,16543.681414609062,13685.988074927192
forecast_3711,2025-06-04 15:00:00,15442.068819398517,16311.450418197319,12244.804258804965
forecast_3712,2025-06-04 16:00:00,15042.599946717915,15577.929510658149,11328.115217278322
forecast_3713,2025-06-04 17:00:00,14339.97255589651,14642.095861427624,10004.139155209818
forecast_3714,2025-06-04 18:00:00,12939.177234879751,12680.601554027313,9713.81242774953
forecast_3715,2025-06-04 19:00:00,11664.734372732766,12801.687894047973,9456.551189684895
forecast_3716,2025-06-04 20:00:00,11003.934262850462,12466.60210050441,9701.792800887773
forecast_3717,2025-06-04 21:00:00,10852.765127635672,11792.54687003403,9889.084545040752
forecast_3718,2025-06-04 22:00:00,10805.57926568421,12406.365875712678,11103.609321555665
forecast_3719,2025-06-04 23:00:00,11539.076120526921,12498.731763601187,11251.140230590649
forecast_3720,2025-06-05 00:00:00,11431.593483595845,12286.04373176904,11664.86619794718
forecast_3721,2025-06-05 01:00:00,11934.30048463651,12325.192176219496,10835.192122122133
forecast_3722,2025-06-05 02:00:00,12461.008874525212,13229.710205051848,12056.270324302639
forecast_3723,2025-06-05 03:00:00,13652.507163828335,14310.577971642282,13251.249807212558
forecast_3724,2025-06-05 04:00:00,13801.468914739697,14270.18108316697,13565.632329607755
forecast_3725,2025-06-05 05:00:00,13550.386871268709,14235.961773414205,13055.838209395306
forecast_3726,2025-06-05 06:00:00,13291.775530400253,14363.74256190183,11628.491108672704
forecast_3727,2025-06-05 07:00:00,12799.96596206684,13531.740878868708,11409.337234035307
forecast_3728,2025-06-05 08:00:00,11654.962355482889,12263.795794696833,10371.069032285905
forecast_3729,2025-06-05 09:00:00,9619.209200777457,9699.139236020466,7977.372575636812
forecast_3730,2025-06-05 10:00:00,7829.796838092675,8229.387881420362,6264.488330121514
forecast_3731,2025-06-05 11:00:00,6499.3891020487645,6052.377826223539,5152.469362983689
forecast_3732,2025-06-05 12:00:00,5952.794768292981,5576.8216699213135,4793.885340843206
forecast_3733,2025-06-05 13:00:00,5818.2273288579145,5743.431299668942,4788.485809752939
forecast_3734,2025-06-05 14:00:00,5657.608764678007,5540.988574793132,4506.902844900835
forecast_3735,2025-06-05 15:00:00,5477.503926503912,5525.056261933709,4946.44149918618
forecast_3736,2025-06-05 16:00:00,6478.810983231267,5891.788181131118,5879.971365927592
forecast_3737,2025-06-05 17:00:00,7825.96366841967,7149.417999432151,7504.139265861479
forecast_3738,2025-06-05 18:00:00,10902.295198814485,9942.348463099699,10363.441421376056
forecast_3739,2025-06-05 19:00:00,12146.599818723766,11872.372970855506,12243.211865142941
forecast_3740,2025-06-05 20:00:00,13419.374622973952,13893.764188088273,13893.09541333514
forecast_3741,2025-06-05 21:00:00,14745.362027584715,14526.816296937823,16978.814601377868
forecast_3742,2025-06-05 22:00:00,15912.622140844585,15991.391358317043,17423.765265654532
forecast_3743,2025-06-05 23:00:00,17767.811986377077,17897.506114589556,18220.512811088513
forecast_3744,2025-06-06 00:00:00,18570.031934931936,18530.157852704804,18157.651633887974
forecast_3745,2025-06-06 01:00:00,19771.61285490846,18795.825017493407,18417.737989570378
forecast_3746,2025-06-06 02:00:00,19923.814476901152,18874.012906519292,18471.055712820966
forecast_3747,2025-06-06 03:00:00,19945.312604410145,19056.553552029247,18530.91588738213
forecast_3748,2025-06-06 04:00:00,19519.741196384133,19047.80946762421,18602.29515243854
forecast_3749,2025-06-06 05:00:00,19210.71423014843,18909.026534051154,18757.08038107137
forecast_3750,2025-06-06 06:00:00,18984.387253775843,18728.75234924105,18697.418812838012
forecast_3751,2025-06-06 07:00:00,18391.062754233753,18418.558650628187,18335.6293822654
forecast_3752,2025-06-06 08:00:00,17127.09157423239,17811.578839995163,17754.46658091998
forecast_3753,2025-06-06 09:00:00,15547.758465285124,16539.09067648766,16581.300166080076
forecast_3754,2025-06-06 10:00:00,14575.455936578703,15614.978686865978,15515.569368647995
forecast_3755,2025-06-06 11:00:00,13781.416277172613,14900.307354079327,14752.19566087339
forecast_3756,2025-06-06 12:00:00,13314.28483478,14732.849124370863,14771.764943600656
forecast_3757,2025-06-06 13:00:00,13200.040491940657,14715.104421146629,14544.575883000392
forecast_3758,2025-06-06 14:00:00,14146.562572961428,14679.633458653174,14830.606392502663
forecast_3759,2025-06-06 15:00:00,14885.361423820625,15092.74747787732,15336.406903730593
forecast_3760,2025-06-06 16:00:00,14167.73174916428,14940.4345225903,15251.72374692912
forecast_3761,2025-06-06 17:00:00,13754.559108768044,14572.953179610002,14834.656033614196
forecast_3762,2025-06-06 18:00:00,13763.224076226299,14729.53308842562,14961.22928635382
forecast_3763,2025-06-06 19:00:00,14958.336144489287,16246.094099864331,16144.817109141259
forecast_3764,2025-06-06 20:00:00,16245.658432210428,17336.94812227078,17283.756024459064
forecast_3765,2025-06-06 21:00:00,16888.97821499199,17841.708258059876,18052.539819100195
forecast_3766,2025-06-06 22:00:00,17305.287381997616,18683.808047016166,19026.802371964288
forecast_3767,2025-06-06 23:00:00,17539.01766647302,18684.280913385137,19339.498772679428
forecast_3768,2025-06-07 00:00:00,17625.610770317235,18620.517558016443,19332.79921290018
forecast_3769,2025-06-07 01:00:00,19819.88709133805,19119.92269715633,19325.301762109335
forecast_3770,2025-06-07 02:00:00,18404.47433428722,18898.180734063215,19353.282656006377
forecast_3771,2025-06-07 03:00:00,18341.285289339805,18647.624269124342,19301.71742977645
forecast_3772,2025-06-07 04:00:00,19551.649304174916,18825.068351289283,18538.19651766485
forecast_3773,2025-06-07 05:00:00,19885.508692881427,18759.388938559092,18483.75478415607
forecast_3774,2025-06-07 06:00:00,18979.924692806715,18461.24108576379,18281.729672226586
forecast_3775,2025-06-07 07:00:00,17752.74707133395,17104.454700583236,16807.72540983515
forecast_3776,2025-06-07 08:00:00,15705.161792565148,15161.095169348471,14244.93054824725
forecast_3777,2025-06-07 09:00:00,12317.986188117175,12017.223533983199,11619.995069583163
forecast_3778,2025-06-07 10:00:00,9956.405418512588,9677.349335866977,9262.15149653111
forecast_3779,2025-06-07 11:00:00,8023.879989115323,8336.846031025698,8018.410994752185
forecast_3780,2025-06-07 12:00:00,6911.757416079451,6741.03086211322,6913.187798929038
forecast_3781,2025-06-07 13:00:00,5698.867859064712,5644.641799511976,5724.782989163817
forecast_3782,2025-06-07 14:00:00,5617.537634055374,5351.600363955483,5619.9920390589
forecast_3783,2025-06-07 15:00:00,5782.624487192156,5342.46023350338,5652.143635047009
forecast_3784,2025-06-07 16:00:00,6055.437106817736,5655.122476793457,5700.69031818226
forecast_3785,2025-06-07 17:00:00,5298.212198526565,5347.272866037737,5950.637662158098
forecast_3786,2025-06-07 18:00:00,4941.132430173976,5361.522415269797,5706.439122731465
forecast_3787,2025-06-07 19:00:00,6024.31449581918,6206.137306574851,6939.5712958201675
forecast_3788,2025-06-07 20:00:00,8324.125151485854,9238.315006145182,8752.568659415256
forecast_3789,2025-06-07 21:00:00,9740.996425258138,11016.61823047615,10512.573262728201
forecast_3790,2025-06-07 22:00:00,11547.875641339559,12005.765410961556,12872.630296581996
forecast_3791,2025-06-07 23:00:00,12032.609363600512,12613.508930487329,12263.103143265298
forecast_3792,2025-06-08 00:00:00,12379.70552819171,12954.386549407162,12024.65588042853
forecast_3793,2025-06-08 01:00:00,10952.845142423781,12376.00810522796,9140.22382107706
forecast_3794,2025-06-08 02:00:00,11150.123036048042,12266.34470024171,8908.28239180969
forecast_3795,2025-06-08 03:00:00,12414.68791539991,12978.78682999505,8417.232500291402
forecast_3796,2025-06-08 04:00:00,12961.347126962663,14013.049700434642,8725.651227675811
forecast_3797,2025-06-08 05:00:00,12838.689306546434,13028.13013407326,7926.500491516224
forecast_3798,2025-06-08 06:00:00,10149.103452767762,10287.122578787681,5866.805139064155
forecast_3799,2025-06-08 07:00:00,6003.369478875037,5855.734532674695,3790.451111423643
forecast_3800,2025-06-08 08:00:00,4211.00341459773,4605.369958997355,3767.927647046455
forecast_3801,2025-06-08 09:00:00,3674.776912708899,3655.6881357772368,3371.518255303766
forecast_3802,2025-06-08 10:00:00,3516.021422063772,3813.6719575276893,2790.0254964533756
forecast_3803,2025-06-08 11:00:00,118.0575402681634,98.34284539682953,90.26997206264306
forecast_3804,2025-06-08 12:00:00,1784.810332208133,2482.3389843666932,55.893580480390355
forecast_3805,2025-06-08 13:00:00,65.17088829594535,2622.8399220852143,60.22244159831759
forecast_3806,2025-06-08 14:00:00,3318.5813728693483,2255.9531253863656,42.376985064567506
forecast_3807,2025-06-08 15:00:00,3074.299741657881,2454.4346548933827,36.50729942860807
forecast_3808,2025-06-08 16:00:00,3416.3418680166837,3316.5445422114294,2789.484138502915
forecast_3809,2025-06-08 17:00:00,3513.7514711545996,3460.8642987581275,3259.2401060734724
forecast_3810,2025-06-08 18:00:00,3912.747535003426,3896.0862420523454,3690.510052469853
forecast_3811,2025-06-08 19:00:00,3899.2361648334645,3919.4427748010316,3543.6612463725696
forecast_3812,2025-06-08 20:00:00,3790.2164463416684,3758.897708435883,3516.981608409582
forecast_3813,2025-06-08 21:00:00,3588.9319782970338,3601.5170053737934,3621.5254760963508
forecast_3814,2025-06-08 22:00:00,4210.142863180269,4181.007045293952,3732.156501917621
forecast_3815,2025-06-08 23:00:00,6114.686242857563,6237.674148280219,4285.690526042958
forecast_3816,2025-06-09 00:00:00,8063.431326953616,7909.506942141038,5134.997641801839
forecast_3817,2025-06-09 01:00:00,8735.089998110752,8761.695912527008,6921.36731977197
forecast_3818,2025-06-09 02:00:00,9090.900997611141,9221.273897870164,6731.173362309883
forecast_3819,2025-06-09 03:00:00,10277.896383261948,10138.669975145707,6323.95674779784
forecast_3820,2025-06-09 04:00:00,9439.96916409199,9839.392378865921,5511.893822323485
forecast_3821,2025-06-09 05:00:00,7630.261778510784,7951.7685108688975,4081.811514668415
forecast_3822,2025-06-09 06:00:00,5584.16120934113,5454.369498866076,3874.8805325464104
forecast_3823,2025-06-09 07:00:00,3845.7769283357225,3890.4678591761167,3658.669295846632
forecast_3824,2025-06-09 08:00:00,3910.0184199529986,4006.706656091699,3482.1147652612926
forecast_3825,2025-06-09 09:00:00,3612.8313492655,3562.5023594698787,2846.5820248740665
forecast_3826,2025-06-09 10:00:00,3432.4557987928943,3349.135173208303,3936.647007835036
forecast_3827,2025-06-09 11:00:00,3072.298467863538,2891.66762097673,2750.3314911603634
forecast_3828,2025-06-09 12:00:00,2744.625516090247,2893.754525298634,2570.759186024763
forecast_3829,2025-06-09 13:00:00,3249.2036887035515,3230.1038208261016,2792.0081539792013
forecast_3830,2025-06-09 14:00:00,3801.7599077269365,3678.7745536955276,3236.6282148071905
forecast_3831,2025-06-09 15:00:00,3585.9743512897644,3671.3618550412143,3305.683630294898
forecast_3832,2025-06-09 16:00:00,3859.6561365552666,3514.1036548017055,3424.7369627034623
forecast_3833,2025-06-09 17:00:00,3913.4895222511063,3915.771622914185,3695.272408927384
forecast_3834,2025-06-09 18:00:00,4313.617153988081,4047.525080218967,3440.947146131065
forecast_3835,2025-06-09 19:00:00,3932.1667878453823,4001.0836184097766,3464.141505198994
forecast_3836,2025-06-09 20:00:00,3824.3840567172365,3870.858236365789,3731.9120415825996
forecast_3837,2025-06-09 21:00:00,5961.217443889789,5973.181161943803,4487.686646840058
forecast_3838,2025-06-09 22:00:00,7214.267121527123,7816.687015876959,5787.865522334991
forecast_3839,2025-06-09 23:00:00,8971.834305466005,9553.913685068215,6443.638485985935
forecast_3840,2025-06-10 00:00:00,9458.664052063967,9822.92908114447,6486.465033047797
forecast_3841,2025-06-10 01:00:00,13989.119981069658,14733.910456029522,10823.041301883377
forecast_3842,2025-06-10 02:00:00,14338.172475322479,15417.93557772569,11917.277917154432
forecast_3843,2025-06-10 03:00:00,15514.886854707449,16047.032069222003,13775.361764742736
forecast_3844,2025-06-10 04:00:00,16006.153922328047,16652.912541233487,14685.560732008835
forecast_3845,2025-06-10 05:00:00,16092.152763933242,16591.704956561243,14657.892723162871
forecast_3846,2025-06-10 06:00:00,15508.678184145208,16021.254640376521,13338.596740908188
forecast_3847,2025-06-10 07:00:00,15686.075007067257,15173.534688426385,11726.719644925117
forecast_3848,2025-06-10 08:00:00,13981.408382870422,14217.391790585796,9231.151237192922
forecast_3849,2025-06-10 09:00:00,12357.268624720424,11997.38879186505,7292.801218570144
forecast_3850,2025-06-10 10:00:00,9201.256081567693,9082.25236528768,6641.5988370804425
forecast_3851,2025-06-10 11:00:00,6386.727547348395,6394.5491726247865,5344.544030920835
forecast_3852,2025-06-10 12:00:00,6276.842087174011,6598.736925720707,5523.105791919775
forecast_3853,2025-06-10 13:00:00,7539.368856595176,7432.099955438509,6290.532586393397
forecast_3854,2025-06-10 14:00:00,8481.515152826265,8360.00623873679,6500.116144663462
forecast_3855,2025-06-10 15:00:00,8654.40333070552,9601.044788970177,6832.41100374286
forecast_3856,2025-06-10 16:00:00,8848.399463293948,9755.878883780095,7289.647441420399
forecast_3857,2025-06-10 17:00:00,9585.746468436379,10053.074096504799,7407.0727659569075
forecast_3858,2025-06-10 18:00:00,10476.044430394595,13963.481243757347,7741.745000653402
forecast_3859,2025-06-10 19:00:00,10816.65467031459,14878.382215639063,8487.536150035512
forecast_3860,2025-06-10 20:00:00,11674.565096687498,13857.116101781981,10062.195273884847
forecast_3861,2025-06-10 21:00:00,12993.123883782482,15185.417428503137,12327.990294988449
forecast_3862,2025-06-10 22:00:00,14284.951782306913,15166.743801454702,14327.438426595116
forecast_3863,2025-06-10 23:00:00,14927.763217926882,15773.698614744915,14527.358393022188
forecast_3864,2025-06-11 00:00:00,15040.100523337132,15937.527706081497,14707.170336516238
forecast_3865,2025-06-11 01:00:00,12893.48009666131,13718.350423369975,10599.478069663182
forecast_3866,2025-06-11 02:00:00,13485.528760260206,13738.344037853709,10482.078177738149
forecast_3867,2025-06-11 03:00:00,14427.965616110789,14809.372246079465,11041.004168298627
forecast_3868,2025-06-11 04:00:00,14519.379140287454,15045.142027842865,11355.139667119967
forecast_3869,2025-06-11 05:00:00,14507.886834801611,14873.675401113236,11579.211783768167
forecast_3870,2025-06-11 06:00:00,13957.860581667099,14262.592331532207,10409.25600685142
forecast_3871,2025-06-11 07:00:00,12980.60421682103,13017.50224572262,8888.604666239855
forecast_3872,2025-06-11 08:00:00,10837.315660089196,11123.105973271735,7351.386411203038
forecast_3873,2025-06-11 09:00:00,8093.366908874649,8102.117498418385,6329.594099345637
forecast_3874,2025-06-11 10:00:00,6823.538303273829,6779.395997534329,5172.045421808779
forecast_3875,2025-06-11 11:00:00,6208.739219080279,6006.373314800809,4856.520037855677
forecast_3876,2025-06-11 12:00:00,6190.050227527996,5894.609554601859,4679.991215361204
forecast_3877,2025-06-11 13:00:00,6385.970000675355,5874.754764687733,4733.58647279253
forecast_3878,2025-06-11 14:00:00,6193.839788056092,5872.722128490901,4657.436511607194
forecast_3879,2025-06-11 15:00:00,5886.832839596093,5494.822056446757,4372.341411665858
forecast_3880,2025-06-11 16:00:00,5787.272771465275,5602.747934645043,4533.1571038766415
forecast_3881,2025-06-11 17:00:00,5447.758828465435,5349.358610174523,3984.8554290907477
forecast_3882,2025-06-11 18:00:00,5142.815182820409,5252.840363743007,3806.01370488665
forecast_3883,2025-06-11 19:00:00,4781.878531840046,4728.153310897667,3949.558027144744
forecast_3884,2025-06-11 20:00:00,5227.051623441625,5152.170437129638,4025.204841837317
forecast_3885,2025-06-11 21:00:00,5001.321439700397,4949.324325399965,3817.516310534387
forecast_3886,2025-06-11 22:00:00,4269.845145575755,4301.869831127115,3749.199523049123
forecast_3887,2025-06-11 23:00:00,4611.547237153396,4388.825083189721,3831.0782974682943
forecast_3888,2025-06-12 00:00:00,4806.617188837011,4925.253929135608,3796.2022187965536
forecast_3889,2025-06-12 01:00:00,4450.933110541847,4366.849160050374,3668.209678152649
forecast_3890,2025-06-12 02:00:00,4390.182262286381,4396.333429871756,3815.745422126698
forecast_3891,2025-06-12 03:00:00,4548.295361270477,4449.617801355973,3735.721523334562
forecast_3892,2025-06-12 04:00:00,3744.751348663865,3948.712142676098,3378.650435972736
forecast_3893,2025-06-12 05:00:00,3754.5626900234715,3735.428773809274,3354.4868429858693
forecast_3894,2025-06-12 06:00:00,3354.5455524879735,3743.212786834236,3418.062391492363
forecast_3895,2025-06-12 07:00:00,3052.477973679653,4180.126106742945,1896.563820115959
forecast_3896,2025-06-12 08:00:00,2769.6507369657475,3654.9150113151063,1365.226518989835
forecast_3897,2025-06-12 09:00:00,4015.4692644401857,3550.893094642698,46.51248827736618
forecast_3898,2025-06-12 10:00:00,3298.6597054891276,2737.3562052097395,24.248948047463948
forecast_3899,2025-06-12 11:00:00,60.67251884642325,64.78025861605681,21.492139673654933
forecast_3900,2025-06-12 12:00:00,18.764870274498964,23.03950972235379,19.770647792503635
forecast_3901,2025-06-12 13:00:00,24.404713526940927,27.321767192127385,30.41689813168944
forecast_3902,2025-06-12 14:00:00,21.64509558926878,28.885908122134467,30.22178854573746
forecast_3903,2025-06-12 15:00:00,29.474327290761003,34.08965603455804,30.86815463437697
forecast_3904,2025-06-12 16:00:00,2927.0662457484514,2814.908810683534,17.651986483724823
forecast_3905,2025-06-12 17:00:00,4644.909905579859,5379.347568867396,3837.3895814472953
forecast_3906,2025-06-12 18:00:00,6430.201256512192,6753.349333114487,5438.393820493337
forecast_3907,2025-06-12 19:00:00,6510.967221795706,7214.859501769656,4451.814233073733
forecast_3908,2025-06-12 20:00:00,3642.132914698961,3338.5175193100167,6240.622944420052
forecast_3909,2025-06-12 21:00:00,3447.220617573835,3397.134058071667,2868.3787218687416
forecast_3910,2025-06-12 22:00:00,3670.7258800245595,3420.0484170876102,3007.156273346157
forecast_3911,2025-06-12 23:00:00,3787.9188871350348,3527.497641970294,2890.7493410554944
forecast_3912,2025-06-13 00:00:00,4064.627621992449,4020.6598969425945,3306.9408521018204
forecast_3913,2025-06-13 01:00:00,4900.557698377056,4868.45486615941,3627.1315797959073
forecast_3914,2025-06-13 02:00:00,5796.2862006499,5669.544224828423,3863.1819305299264
forecast_3915,2025-06-13 03:00:00,6401.277188671878,6711.701635022798,4143.054256087754
forecast_3916,2025-06-13 04:00:00,5517.395462458623,5520.5067912806135,3926.418055946978
forecast_3917,2025-06-13 05:00:00,4040.942160527147,4121.546544369529,3428.831563625074
forecast_3918,2025-06-13 06:00:00,3639.350397349445,3765.047939509808,3404.294885482587
forecast_3919,2025-06-13 07:00:00,3484.351435611846,3553.602096309271,2860.1089160352653
forecast_3920,2025-06-13 08:00:00,3377.3398099903225,3401.0763020601785,178.82206903303344
forecast_3921,2025-06-13 09:00:00,3735.7072286535204,3407.7809275811564,1085.1267753639727
forecast_3922,2025-06-13 10:00:00,3565.0778963493735,3452.7495759558933,2843.7350124893696
forecast_3923,2025-06-13 11:00:00,3723.1978014929878,3798.442377363141,3270.3337676113315
forecast_3924,2025-06-13 12:00:00,3454.814548993706,3455.8969017208715,3160.1074351063157
forecast_3925,2025-06-13 13:00:00,3151.5271354721103,2637.1270142792414,2985.596322492744
forecast_3926,2025-06-13 14:00:00,3367.41876551362,3069.6989067575064,2401.9471902730093
forecast_3927,2025-06-13 15:00:00,3502.2659545697784,3671.033698884465,3196.767803246476
forecast_3928,2025-06-13 16:00:00,3577.835533893794,3473.536615274201,3017.840101528331
forecast_3929,2025-06-13 17:00:00,3663.1386005495347,3644.851224973439,3626.587795139251
forecast_3930,2025-06-13 18:00:00,3820.245184392578,3860.2599927967044,3611.203198902629
forecast_3931,2025-06-13 19:00:00,3699.0274384655263,3875.096943223791,3665.0254497400047
forecast_3932,2025-06-13 20:00:00,3786.6863826859976,3756.4200961820657,3392.4060941184066
forecast_3933,2025-06-13 21:00:00,4430.311002350595,4651.712098611211,3682.350701703411
forecast_3934,2025-06-13 22:00:00,5499.596585115413,5944.78900167365,3890.789091661856
forecast_3935,2025-06-13 23:00:00,6350.801884493865,7182.814391897379,3912.767002970342
forecast_3936,2025-06-14 00:00:00,6798.335930036216,7206.361628079167,3820.2027886093497
forecast_3937,2025-06-14 01:00:00,8684.20361238271,9759.716838105383,6728.865373286737
forecast_3938,2025-06-14 02:00:00,8010.2219300602555,9481.797512823627,6095.219227122599
forecast_3939,2025-06-14 03:00:00,8155.228555476671,8451.403285118357,5904.257114238905
forecast_3940,2025-06-14 04:00:00,6177.095249202491,6517.81461842657,4749.3274026782665
forecast_3941,2025-06-14 05:00:00,4731.628951713119,5041.692881014635,3595.059624995442
forecast_3942,2025-06-14 06:00:00,4336.317038685872,3872.1317679736885,3546.726994724984
forecast_3943,2025-06-14 07:00:00,3851.0590630796405,3891.1150029145615,3486.6218774721347
forecast_3944,2025-06-14 08:00:00,3052.0988359058047,3404.117812943392,2449.040950461257
forecast_3945,2025-06-14 09:00:00,3208.014538146139,3276.598446068216,2463.5519033863497
forecast_3946,2025-06-14 10:00:00,2731.9150105297567,3192.85723558786,2256.863213915275
forecast_3947,2025-06-14 11:00:00,2839.2165572449844,3043.142496704931,2161.7226192813405
forecast_3948,2025-06-14 12:00:00,3001.716755837414,2649.7603108228454,1091.9484409316976
forecast_3949,2025-06-14 13:00:00,2599.51918807205,3047.8519221014785,1106.3848731964306
forecast_3950,2025-06-14 14:00:00,2404.075697696818,2738.5372322898097,2985.798070121518
forecast_3951,2025-06-14 15:00:00,2830.581535613995,3016.401830869744,2583.928834745436
forecast_3952,2025-06-14 16:00:00,3064.5241827173186,3082.2784081231525,2581.2260283844475
forecast_3953,2025-06-14 17:00:00,3218.328639959518,3246.755026640259,2698.0626812395585
forecast_3954,2025-06-14 18:00:00,3368.655820105274,3371.9771074637333,2720.392193550664
forecast_3955,2025-06-14 19:00:00,3840.934416433303,3703.8752613616944,3076.779334981564
forecast_3956,2025-06-14 20:00:00,3626.4114078219236,3537.8133005570076,3038.704994204183
forecast_3957,2025-06-14 21:00:00,3627.2275591332664,3486.2226991789958,2983.520048168611
forecast_3958,2025-06-14 22:00:00,3502.527779988061,3437.2750909294214,2993.589531439334
forecast_3959,2025-06-14 23:00:00,3463.02963630408,3366.1575108310512,2879.2616486020825
forecast_3960,2025-06-15 00:00:00,3479.6499144880413,3633.784678315678,2890.5821772861623
forecast_3961,2025-06-15 01:00:00,5813.131685790616,5963.060443992262,3948.6780660786044
forecast_3962,2025-06-15 02:00:00,5278.1002534515055,5655.168437634219,3831.3632394828232
forecast_3963,2025-06-15 03:00:00,5721.2664493575585,5356.309014407339,3817.3332418729206
forecast_3964,2025-06-15 04:00:00,5957.201126997762,5461.50048498982,3834.8199381587488
forecast_3965,2025-06-15 05:00:00,6272.229377471416,5846.449758151513,3866.071990724643
forecast_3966,2025-06-15 06:00:00,5645.905005924327,5330.883999475778,3777.539943122931
forecast_3967,2025-06-15 07:00:00,3997.6056457413474,3879.7240907002115,3630.90090061978
forecast_3968,2025-06-15 08:00:00,3713.8419443858224,3541.8856248149627,3244.1131616920097
forecast_3969,2025-06-15 09:00:00,3669.4150133651983,3556.999076376513,2961.5654094770202
forecast_3970,2025-06-15 10:00:00,3605.356103793581,3630.1501127579445,3009.3093976832324
forecast_3971,2025-06-15 11:00:00,3632.6568961703842,3772.7762059656116,3285.314921299864
forecast_3972,2025-06-15 12:00:00,3931.305107318302,3646.291592520682,3286.9405938185564
forecast_3973,2025-06-15 13:00:00,3578.7947301605263,3657.013262069026,3261.342499743084
forecast_3974,2025-06-15 14:00:00,3472.181484330134,3485.777302370388,3295.4062840040638
forecast_3975,2025-06-15 15:00:00,3617.1921711469686,3614.1603328789492,3436.546434844779
forecast_3976,2025-06-15 16:00:00,3619.7437418637924,3673.3339086259175,3419.107715137104
forecast_3977,2025-06-15 17:00:00,3822.847912432917,3795.9744075494305,3859.8038182057417
forecast_3978,2025-06-15 18:00:00,4152.9092972118715,4465.051695755566,4183.583020837624
forecast_3979,2025-06-15 19:00:00,4591.66107894713,4914.393335127544,4303.126722732184
forecast_3980,2025-06-15 20:00:00,6138.3899787582195,7532.059545736082,4998.667552445781
forecast_3981,2025-06-15 21:00:00,6751.53492688459,9224.731578008152,5421.890206688017
forecast_3982,2025-06-15 22:00:00,8814.701582126349,11700.300705915319,6870.20579072094
forecast_3983,2025-06-15 23:00:00,10601.879132077464,12601.293884055292,7813.970381613245
forecast_3984,2025-06-16 00:00:00,11631.772187576587,13132.83098160576,8420.952135871059
forecast_3985,2025-06-16 01:00:00,9678.294229749257,10934.38026412044,8247.709647320822
forecast_3986,2025-06-16 02:00:00,9651.64929367259,10921.87146224664,8149.314368394806
forecast_3987,2025-06-16 03:00:00,9979.8655297525,12064.48350724275,8370.218648496075
forecast_3988,2025-06-16 04:00:00,9343.946018317618,10482.175059126463,7717.167177996721
forecast_3989,2025-06-16 05:00:00,9585.103274718778,10151.289134814431,7278.583565490815
forecast_3990,2025-06-16 06:00:00,8808.69417957599,10199.125687108446,6623.054475851983
forecast_3991,2025-06-16 07:00:00,8152.034088263185,9508.051764694852,6729.4450614477555
forecast_3992,2025-06-16 08:00:00,8333.401616125446,9819.410953501158,6973.685468841967
forecast_3993,2025-06-16 09:00:00,8336.106740557358,10092.74799716379,6826.072538741372
forecast_3994,2025-06-16 10:00:00,9035.3257195181,10141.143323546332,6778.146529749691
forecast_3995,2025-06-16 11:00:00,8565.726040538937,10113.312508629077,7126.271279195236
forecast_3996,2025-06-16 12:00:00,8444.097705266313,9407.664085662891,7411.354445158961
forecast_3997,2025-06-16 13:00:00,9462.97958096277,9967.375419391004,8126.293483645801
forecast_3998,2025-06-16 14:00:00,10790.010083278257,11109.636402410679,9512.03606519697
forecast_3999,2025-06-16 15:00:00,11276.366225927031,12482.235563246632,10594.613688702188
forecast_4000,2025-06-16 16:00:00,13547.500499042393,13949.175394858941,12678.316983574554
forecast_4001,2025-06-16 17:00:00,14003.259971960324,14634.027437535531,14542.77283724023
forecast_4002,2025-06-16 18:00:00,15686.747458842501,15985.563060463786,14576.364526187048
forecast_4003,2025-06-16 19:00:00,15349.95730778968,15439.31594407044,13361.121174178374
forecast_4004,2025-06-16 20:00:00,15289.017541625448,14811.188910855166,12904.70343125252
forecast_4005,2025-06-16 21:00:00,14325.76518620042,15928.457332321235,13229.722346459608
forecast_4006,2025-06-16 22:00:00,15161.591462861597,16966.876269569388,14651.96628896453
forecast_4007,2025-06-16 23:00:00,16825.831434745905,17874.356032178013,16296.793965880386
forecast_4008,2025-06-17 00:00:00,17498.723342172292,18366.30199294277,17677.295531650125
forecast_4009,2025-06-17 01:00:00,17424.410936414108,18676.651937271105,17300.600220790646
forecast_4010,2025-06-17 02:00:00,17517.4589684573,18600.232898172075,17444.714248359924
forecast_4011,2025-06-17 03:00:00,17586.536530222376,18465.150689124388,17559.413646526125
forecast_4012,2025-06-17 04:00:00,16722.27419263609,17946.251477483802,17170.03442474327
forecast_4013,2025-06-17 05:00:00,16015.914649734028,17774.050645380412,16685.452561679307
forecast_4014,2025-06-17 06:00:00,15117.209680166097,17302.95677133598,16009.138388387913
forecast_4015,2025-06-17 07:00:00,14529.766345257764,16268.401066954702,15497.200236259336
forecast_4016,2025-06-17 08:00:00,14206.165949194237,15473.228304903247,14284.604787053919
forecast_4017,2025-06-17 09:00:00,13184.583094674213,14311.817026201035,13193.136667034092
forecast_4018,2025-06-17 10:00:00,12233.209954234724,13324.136938219972,11000.211661791325
forecast_4019,2025-06-17 11:00:00,11321.208530859953,10756.849509322123,11118.604654651088
forecast_4020,2025-06-17 12:00:00,10294.654816876819,10558.662915003493,10052.542694201016
forecast_4021,2025-06-17 13:00:00,9778.983824521421,10020.69797259628,10131.98171323519
forecast_4022,2025-06-17 14:00:00,9296.880617775729,10312.580342484358,9554.691576793013
forecast_4023,2025-06-17 15:00:00,10001.189908207883,10430.142004557163,9221.497986462007
forecast_4024,2025-06-17 16:00:00,10690.568597161482,10849.876501973293,8436.449122452452
forecast_4025,2025-06-17 17:00:00,8611.50622395658,9481.409849892209,8127.830814610823
forecast_4026,2025-06-17 18:00:00,7607.401382760808,8517.786758722581,7108.825123856675
forecast_4027,2025-06-17 19:00:00,7528.390208700874,8915.213097110303,6402.529013704729
forecast_4028,2025-06-17 20:00:00,7134.717147517858,7805.170303749592,5843.139826918294
forecast_4029,2025-06-17 21:00:00,7170.504287258635,7985.634652286497,5701.903453256024
forecast_4030,2025-06-17 22:00:00,7559.898519155584,8463.227303260535,5926.8203973225045
forecast_4031,2025-06-17 23:00:00,7922.708979031564,8453.169633155434,5977.7480774714595
forecast_4032,2025-06-18 00:00:00,7959.857610805452,8746.414251598326,6539.140691375155
forecast_4033,2025-06-18 01:00:00,9010.205272931782,10068.05265672738,7233.344369785393
forecast_4034,2025-06-18 02:00:00,10120.453752994374,10896.400653774715,8327.669079390549
forecast_4035,2025-06-18 03:00:00,12339.603871686088,12954.22825493033,10629.140621915782
forecast_4036,2025-06-18 04:00:00,13549.777263591923,14215.100073232117,11313.706344270577
forecast_4037,2025-06-18 05:00:00,14336.172454742931,14440.256787205157,11644.3653361798
forecast_4038,2025-06-18 06:00:00,13833.046328314334,13426.500679073562,10985.567288625818
forecast_4039,2025-06-18 07:00:00,12407.87226945493,12708.288038963958,9673.403860231425
forecast_4040,2025-06-18 08:00:00,11248.4656845073,11944.727005455446,8629.479290651
forecast_4041,2025-06-18 09:00:00,10118.162504875618,10678.944901641622,6883.124880834206
forecast_4042,2025-06-18 10:00:00,8312.859775986477,8280.865940010723,5686.373624786259
forecast_4043,2025-06-18 11:00:00,5676.168285477766,5834.612745688322,4305.848175605619
forecast_4044,2025-06-18 12:00:00,4581.378025107019,4452.89233825848,3612.2650737468302
forecast_4045,2025-06-18 13:00:00,4379.898610065498,4055.1782717253486,3377.036199060135
forecast_4046,2025-06-18 14:00:00,4320.257369492664,4190.821939668635,3581.597593321428
forecast_4047,2025-06-18 15:00:00,4611.374595607977,4406.149988095245,3742.846125539366
forecast_4048,2025-06-18 16:00:00,4738.993199364068,4514.9033290158595,3985.638692733333
forecast_4049,2025-06-18 17:00:00,4736.730396595031,4586.634227942298,3930.8584779649946
forecast_4050,2025-06-18 18:00:00,4420.228513272357,4339.817570510758,3996.586356227594
forecast_4051,2025-06-18 19:00:00,5280.589728974732,5546.724408533136,4342.764931717126
forecast_4052,2025-06-18 20:00:00,7562.614852303608,7880.591713384839,6344.21659670665
forecast_4053,2025-06-18 21:00:00,10859.830794810781,11322.512705760813,8156.862310846632
forecast_4054,2025-06-18 22:00:00,13214.09480634768,13743.513829104031,10394.668360185993
forecast_4055,2025-06-18 23:00:00,14102.349294765178,14801.310866383667,12231.553649445976
forecast_4056,2025-06-19 00:00:00,14127.062065861246,15459.632456450585,11959.653374476558
forecast_4057,2025-06-19 01:00:00,14541.601047710947,14907.235270164825,12616.677317175852
forecast_4058,2025-06-19 02:00:00,14484.910491631514,15058.616461684212,12865.484402132532
forecast_4059,2025-06-19 03:00:00,14381.415996520314,14973.868614165955,13038.878140326686
forecast_4060,2025-06-19 04:00:00,14672.63265255435,15606.814722905314,12606.899338917907
forecast_4061,2025-06-19 05:00:00,14879.862779350595,15638.979213346694,12248.870425081404
forecast_4062,2025-06-19 06:00:00,13127.943485507578,13748.03383538066,10415.242927294823
forecast_4063,2025-06-19 07:00:00,10445.804315626072,10838.790122840386,7885.13929584802
forecast_4064,2025-06-19 08:00:00,7083.001609004287,6696.515469690134,4958.223639645987
forecast_4065,2025-06-19 09:00:00,4576.529350953945,4594.124274421172,3753.801236161155
forecast_4066,2025-06-19 10:00:00,3538.9085196638534,3608.257999455444,3048.215369384759
forecast_4067,2025-06-19 11:00:00,3592.8503423320262,3372.00598848134,2713.516342731506
forecast_4068,2025-06-19 12:00:00,2954.2903243967853,2819.7061252408007,2816.856384044552
forecast_4069,2025-06-19 13:00:00,6016.877485361325,3650.6394974023074,2183.5459963593676
forecast_4070,2025-06-19 14:00:00,3056.7286357067774,3117.982072639288,2672.0073977494103
forecast_4071,2025-06-19 15:00:00,3495.606171831224,3428.8418169991833,2908.8587812919277
forecast_4072,2025-06-19 16:00:00,3374.4973665864254,3348.831077075923,3098.215263233495
forecast_4073,2025-06-19 17:00:00,3454.684332458062,3613.3250908933255,3397.2689717628664
forecast_4074,2025-06-19 18:00:00,3715.7448589990595,3777.1498966325153,3478.219921793466
forecast_4075,2025-06-19 19:00:00,3747.106259699914,3883.668997315502,3466.0992220345
forecast_4076,2025-06-19 20:00:00,3810.7722905390497,3997.2309997509096,3632.982438327951
forecast_4077,2025-06-19 21:00:00,5184.619797905718,5825.068247592742,3993.1984443469623
forecast_4078,2025-06-19 22:00:00,7055.09275468919,8163.211573231225,4769.6988321361505
forecast_4079,2025-06-19 23:00:00,9128.197957391967,9980.947302666847,6216.913575707992
forecast_4080,2025-06-20 00:00:00,9594.06977142147,10362.430334496008,6521.918135617947
forecast_4081,2025-06-20 01:00:00,8245.103278054114,10581.79922348272,6953.445931281566
forecast_4082,2025-06-20 02:00:00,8669.424259516923,10760.045398504879,7866.0043715675765
forecast_4083,2025-06-20 03:00:00,9704.63324849769,12269.47823930856,8930.303287505858
forecast_4084,2025-06-20 04:00:00,10993.216379467625,12763.36309654677,9902.149102381332
forecast_4085,2025-06-20 05:00:00,10681.04125387163,12588.429942610412,9823.395448206122
forecast_4086,2025-06-20 06:00:00,10703.712596039595,12844.345044486228,9262.037530757316
forecast_4087,2025-06-20 07:00:00,9864.688195782564,11771.347390611718,8683.090198659114
forecast_4088,2025-06-20 08:00:00,9645.711379462844,11036.950758782581,8227.293110546287
forecast_4089,2025-06-20 09:00:00,9654.304064837048,10976.883632625995,8150.206337745821
forecast_4090,2025-06-20 10:00:00,9306.516143446574,12438.54020063506,9234.247573494176
forecast_4091,2025-06-20 11:00:00,11844.03063237951,15999.419397555806,11416.59483585658
forecast_4092,2025-06-20 12:00:00,12006.543028438571,16089.224825888097,13433.468259607758
forecast_4093,2025-06-20 13:00:00,14640.154784534941,16610.12284574503,14397.727143463784
forecast_4094,2025-06-20 14:00:00,14476.771389425334,16538.40136720078,14972.674134643215
forecast_4095,2025-06-20 15:00:00,14999.035949715817,17199.6711801413,15680.17888331259
forecast_4096,2025-06-20 16:00:00,15471.963305981137,17079.756932141725,16196.245190074427
forecast_4097,2025-06-20 17:00:00,16041.91768719527,16902.509311980044,16685.585029628983
forecast_4098,2025-06-20 18:00:00,16526.676610009195,16969.38501183987,16225.560727197666
forecast_4099,2025-06-20 19:00:00,16599.297677938586,16849.085312613355,16282.894887979106
forecast_4100,2025-06-20 20:00:00,16580.70099394677,16797.15541084147,16362.140067609947
forecast_4101,2025-06-20 21:00:00,16521.505374210905,16942.119406196944,16543.12645360378
forecast_4102,2025-06-20 22:00:00,16578.91410488432,17051.854477638615,17492.772036396764
forecast_4103,2025-06-20 23:00:00,16682.010246795347,17277.546551816635,18438.35471335801
forecast_4104,2025-06-21 00:00:00,16935.57827492154,17529.913459149822,16993.375492925064
forecast_4105,2025-06-21 01:00:00,16480.495822875593,17879.364892788282,18480.239449163015
forecast_4106,2025-06-21 02:00:00,16273.284643943418,17724.510926725812,18266.050851882148
forecast_4107,2025-06-21 03:00:00,15587.284141693364,17566.005617490722,17995.736862288944
forecast_4108,2025-06-21 04:00:00,15343.791158354516,17531.000303525383,16904.9217269319
forecast_4109,2025-06-21 05:00:00,14957.42287680823,17350.358923150157,16689.648574577768
forecast_4110,2025-06-21 06:00:00,14819.86488205,17119.62616924901,16155.43026955294
forecast_4111,2025-06-21 07:00:00,15074.733413859209,17393.013393967434,15594.283039144111
forecast_4112,2025-06-21 08:00:00,14500.444433731062,17487.55251456657,15344.838999793597
forecast_4113,2025-06-21 09:00:00,13663.433646270392,15861.871946048552,13957.026297097065
forecast_4114,2025-06-21 10:00:00,13236.250495692626,13906.503482854449,12346.699447788926
forecast_4115,2025-06-21 11:00:00,10994.925764694597,12742.844635730573,10670.24590470532
forecast_4116,2025-06-21 12:00:00,12163.98353426474,13489.402974910756,10737.754000368639
forecast_4117,2025-06-21 13:00:00,12394.993928827755,15298.539361336325,10916.420322812453
forecast_4118,2025-06-21 14:00:00,12603.168370858499,13684.13613100288,10753.998245989713
forecast_4119,2025-06-21 15:00:00,12994.520812238745,13882.81389107094,10855.004351548416
forecast_4120,2025-06-21 16:00:00,13411.906284202752,14602.221245480554,10956.264199551331
forecast_4121,2025-06-21 17:00:00,13317.809970529013,14831.05017846522,11053.575063938848
forecast_4122,2025-06-21 18:00:00,15138.785656470698,14261.792240712348,10874.394145709397
forecast_4123,2025-06-21 19:00:00,13180.179955726968,15377.554734539675,10506.834410141584
forecast_4124,2025-06-21 20:00:00,14632.029417571124,15700.289407249853,11425.73467541495
forecast_4125,2025-06-21 21:00:00,13322.031713800821,15997.737132476097,11947.240892342455
forecast_4126,2025-06-21 22:00:00,14733.293426977403,15757.290157848338,11823.775559494692
forecast_4127,2025-06-21 23:00:00,14923.66596028877,15421.738125533946,13256.167295016763
forecast_4128,2025-06-22 00:00:00,14897.910540884737,15570.187524063407,13478.615712645815
forecast_4129,2025-06-22 01:00:00,14265.910083770994,14485.989822497848,11806.61049827769
forecast_4130,2025-06-22 02:00:00,14258.873944302668,15069.521678109159,11606.798362232114
forecast_4131,2025-06-22 03:00:00,13989.269776472547,13974.475184295572,11346.101164775613
forecast_4132,2025-06-22 04:00:00,13081.507765478844,13137.733340314562,10294.426464262066
forecast_4133,2025-06-22 05:00:00,12178.919311019348,12718.261977587003,9622.41014779172
forecast_4134,2025-06-22 06:00:00,11174.965465020601,12056.707124053548,8616.475518164467
forecast_4135,2025-06-22 07:00:00,10569.362495021247,11254.791004916373,8049.926035056987
forecast_4136,2025-06-22 08:00:00,8710.374454706285,9212.352507212216,6951.453929577422
forecast_4137,2025-06-22 09:00:00,7022.3420912149495,7252.01469817785,5778.878156451794
forecast_4138,2025-06-22 10:00:00,5977.2921564053295,5684.165852102919,4204.610005323105
forecast_4139,2025-06-22 11:00:00,5353.5431910699135,5046.410663496237,3954.2231000020197
forecast_4140,2025-06-22 12:00:00,6717.838431586975,5753.593769380178,3808.9301641060665
forecast_4141,2025-06-22 13:00:00,5593.923383844927,5148.744368741326,3828.4910791373522
forecast_4142,2025-06-22 14:00:00,4618.642433192329,4621.628179265654,3517.966046933828
forecast_4143,2025-06-22 15:00:00,3914.8833476858426,3850.3463291849007,3257.0314168482937
forecast_4144,2025-06-22 16:00:00,4027.844651048682,3969.112646072092,3376.4192872930316
forecast_4145,2025-06-22 17:00:00,4417.284355775238,4324.480838060109,3684.962770684648
forecast_4146,2025-06-22 18:00:00,4586.769332747167,4336.1262940074275,3750.599656050291
forecast_4147,2025-06-22 19:00:00,5117.249709185743,5862.006038083351,3939.5321502407473
forecast_4148,2025-06-22 20:00:00,5640.743356451331,6230.2159200643155,4541.208749350274
forecast_4149,2025-06-22 21:00:00,7206.544947415409,8000.049957732495,5438.835150240526
forecast_4150,2025-06-22 22:00:00,8600.945245418681,8781.455558229476,5941.904584364971
forecast_4151,2025-06-22 23:00:00,9169.189885610587,9091.266339201704,6114.042798999036
forecast_4152,2025-06-23 00:00:00,10040.668877437885,10316.126538150935,6398.477443111651
forecast_4153,2025-06-23 01:00:00,6123.019318338041,5889.9503383198635,4522.679764333351
forecast_4154,2025-06-23 02:00:00,5437.769527291659,5250.409509628841,4172.088814275088
forecast_4155,2025-06-23 03:00:00,4368.981382504205,4318.1756773905545,3820.7981886188627
forecast_4156,2025-06-23 04:00:00,4186.225712439726,3980.324460162972,3621.7686870230114
forecast_4157,2025-06-23 05:00:00,4048.537046921246,4033.508972030874,3528.00181480224
forecast_4158,2025-06-23 06:00:00,4135.45646896604,4200.271237931885,3520.7053464769224
forecast_4159,2025-06-23 07:00:00,3763.609347918633,3851.555234751801,3304.719987363313
forecast_4160,2025-06-23 08:00:00,3297.9156919920133,3382.4699123083533,2561.728447277477
forecast_4161,2025-06-23 09:00:00,2810.2725012599462,3014.1816432135915,56.04859280719157
forecast_4162,2025-06-23 10:00:00,3658.0002336340526,2829.3738496030956,33.25531456516598
forecast_4163,2025-06-23 11:00:00,165.79327993800675,1290.5480394474625,113.54759331777221
forecast_4164,2025-06-23 12:00:00,1334.5348828079336,1905.8086092183962,156.69785175456818
forecast_4165,2025-06-23 13:00:00,4696.127625980744,2863.6399665743425,187.97124293437895
forecast_4166,2025-06-23 14:00:00,2251.843305057259,2162.508176530643,202.70181852685812
forecast_4167,2025-06-23 15:00:00,2759.1186282260674,4422.003482078997,175.22823602198295
forecast_4168,2025-06-23 16:00:00,1333.1220090692304,1187.9018650521182,142.74164135323718
forecast_4169,2025-06-23 17:00:00,101.45756112517292,108.60438048562891,56.01764883671959
forecast_4170,2025-06-23 18:00:00,1797.1083332960504,2485.316987364361,28.584556366347776
forecast_4171,2025-06-23 19:00:00,94.32329257876718,1337.2537771310087,15.868438747552553
forecast_4172,2025-06-23 20:00:00,1278.6577325842836,2583.4735440036907,17.956567939319203
forecast_4173,2025-06-23 21:00:00,2092.3248045805794,2418.1366410274986,1583.387782689751
forecast_4174,2025-06-23 22:00:00,2731.0768995839053,2862.2853325475867,1556.2689916615857
forecast_4175,2025-06-23 23:00:00,2078.5113811129645,2058.743513888369,2130.3438754217736
forecast_4176,2025-06-24 00:00:00,2562.252097936208,2807.1190525851534,3983.3137574834245
forecast_4177,2025-06-24 01:00:00,3481.81834260554,3751.567898271581,3526.335544748582
forecast_4178,2025-06-24 02:00:00,3729.6018879313137,3501.0971965098634,1497.7423817805563
forecast_4179,2025-06-24 03:00:00,3419.346312094618,3413.04227749315,1494.505337520493
forecast_4180,2025-06-24 04:00:00,2905.427129025183,3494.952721456544,237.62099585627323
forecast_4181,2025-06-24 05:00:00,3160.298582715915,3461.3472547190377,243.64905383704905
forecast_4182,2025-06-24 06:00:00,3187.242770150934,3602.773567150628,2132.1902264401615
forecast_4183,2025-06-24 07:00:00,3539.080814709404,3465.908342713154,2737.029020113693
forecast_4184,2025-06-24 08:00:00,3523.466966513298,3350.628090831214,3362.571592067908
forecast_4185,2025-06-24 09:00:00,3571.0909644694284,3573.3451164595763,3166.0921615381335
forecast_4186,2025-06-24 10:00:00,3473.199290416125,3610.860845619034,3086.6915017965634
forecast_4187,2025-06-24 11:00:00,3559.7492446543797,3500.853909427047,3387.9757138196524
forecast_4188,2025-06-24 12:00:00,3779.282995088279,3760.251576713457,3387.1611481129044
forecast_4189,2025-06-24 13:00:00,3525.48474943684,3313.877734363205,3528.243892639644
forecast_4190,2025-06-24 14:00:00,3636.9877681468643,3437.73859303423,3449.615296746381
forecast_4191,2025-06-24 15:00:00,3520.293800695852,3439.3240792742426,3400.7437620820356
forecast_4192,2025-06-24 16:00:00,3656.6694978109,3815.6899069801866,3345.969571444335
forecast_4193,2025-06-24 17:00:00,3701.9456437833996,3782.0102571662264,3355.6578205943724
forecast_4194,2025-06-24 18:00:00,3963.191654688298,4113.69935156303,3588.286067911628
forecast_4195,2025-06-24 19:00:00,4657.260881288027,4960.460419940118,3732.9588613951273
forecast_4196,2025-06-24 20:00:00,5004.903205882563,5744.3817391091525,3874.6177042590507
forecast_4197,2025-06-24 21:00:00,6102.22220499088,7361.547535751418,4295.556924888694
forecast_4198,2025-06-24 22:00:00,6649.263133506941,7606.474465197305,4681.656048864951
forecast_4199,2025-06-24 23:00:00,7056.432823966272,7848.290518756521,5204.544806518062
forecast_4200,2025-06-25 00:00:00,7304.525545431282,7997.755630439263,5165.062559196729
forecast_4201,2025-06-25 01:00:00,5099.939675186414,5249.915091555124,4214.888452827146
forecast_4202,2025-06-25 02:00:00,4976.350631160911,5027.799019651543,3891.0490888370027
forecast_4203,2025-06-25 03:00:00,4523.582432510726,4828.853061984968,3760.154704357059
forecast_4204,2025-06-25 04:00:00,3977.4926859879256,4691.316867397684,3653.227693706724
forecast_4205,2025-06-25 05:00:00,4197.793593307085,4539.039754792638,3556.003019355769
forecast_4206,2025-06-25 06:00:00,4137.385386678641,4670.158611849131,3733.524488819041
forecast_4207,2025-06-25 07:00:00,4003.51585425455,4383.571269091927,4125.586501283165
forecast_4208,2025-06-25 08:00:00,3880.1075902981484,4130.077098028915,3740.0108845953387
forecast_4209,2025-06-25 09:00:00,3923.0436248301044,3953.8694899770394,3826.9078590829513
forecast_4210,2025-06-25 10:00:00,3920.1658407225264,3982.220832891284,3766.50381723292
forecast_4211,2025-06-25 11:00:00,3635.764237624445,3820.7712017099425,3783.7097224624963
forecast_4212,2025-06-25 12:00:00,4086.1410868169096,3980.5773218200966,3752.1498186370795
forecast_4213,2025-06-25 13:00:00,3906.5006532470743,3776.044182813715,3385.3059775041215
forecast_4214,2025-06-25 14:00:00,3022.9150783491,2964.5607552830866,2888.9855199124668
forecast_4215,2025-06-25 15:00:00,3149.380760525057,3001.9389377054163,2881.0803448345937
forecast_4216,2025-06-25 16:00:00,3272.721351018344,3406.7980474503997,2630.568993785668
forecast_4217,2025-06-25 17:00:00,3710.2012843419434,3589.808802018553,3333.7646416276516
forecast_4218,2025-06-25 18:00:00,4590.612845251662,4635.9902193100825,3717.673119179925
forecast_4219,2025-06-25 19:00:00,5032.614817389565,4939.636287737897,3681.5870584820636
forecast_4220,2025-06-25 20:00:00,4264.083482577028,4511.848641309139,3557.9462312523315
forecast_4221,2025-06-25 21:00:00,5317.944191376159,5596.316869883003,3455.3917266923863
forecast_4222,2025-06-25 22:00:00,6192.191726091139,6706.790049453631,3928.3396337675613
forecast_4223,2025-06-25 23:00:00,6849.8175309742965,7596.320510574235,4589.034891127957
forecast_4224,2025-06-26 00:00:00,6902.734694901224,7582.1750720282425,5233.510747092698
forecast_4225,2025-06-26 01:00:00,12521.979178473044,13150.422615038759,11605.569605864785
forecast_4226,2025-06-26 02:00:00,12535.187408670996,13828.951425423726,10745.151445221389
forecast_4227,2025-06-26 03:00:00,12848.95992067658,14401.724627160891,9806.421819346075
forecast_4228,2025-06-26 04:00:00,13630.274688320304,15573.309524825045,10031.056761680364
forecast_4229,2025-06-26 05:00:00,15299.094888411542,15690.392124888329,10434.332915191027
forecast_4230,2025-06-26 06:00:00,14401.137599385727,14859.300349156674,12395.70222886975
forecast_4231,2025-06-26 07:00:00,14619.886200362971,14738.955708071611,11914.781309349171
forecast_4232,2025-06-26 08:00:00,13424.305019385523,14095.456142830633,10279.167582996217
forecast_4233,2025-06-26 09:00:00,11972.29055579024,12331.563731274537,9238.16855640984
forecast_4234,2025-06-26 10:00:00,9923.656229829163,10928.350082484048,8064.650544131539
forecast_4235,2025-06-26 11:00:00,8774.450252001277,9548.453706033208,6853.288985075551
forecast_4236,2025-06-26 12:00:00,7979.770124856422,8931.326428765078,5877.518299492965
forecast_4237,2025-06-26 13:00:00,7347.684081942216,7823.053221677622,4688.065024624549
forecast_4238,2025-06-26 14:00:00,6325.89585090177,5644.308365822758,4094.1232850848173
forecast_4239,2025-06-26 15:00:00,6014.574191303824,5956.386928971984,4114.533361603228
forecast_4240,2025-06-26 16:00:00,6246.265440069017,6227.102641978278,4546.735474396154
forecast_4241,2025-06-26 17:00:00,6170.404256399681,6318.323569630526,4846.433530441198
forecast_4242,2025-06-26 18:00:00,6186.960123213418,6246.81501825828,4767.812775156704
forecast_4243,2025-06-26 19:00:00,6398.261439856176,6393.088687917427,5037.999238853093
forecast_4244,2025-06-26 20:00:00,7368.032879467352,7852.2721533923095,5717.658717668412
forecast_4245,2025-06-26 21:00:00,9409.604928161596,9422.513725725068,6198.134681832673
forecast_4246,2025-06-26 22:00:00,9365.844722961621,10104.747552728457,6229.59565327516
forecast_4247,2025-06-26 23:00:00,8632.424129399125,8655.567787463866,5788.787683364766
forecast_4248,2025-06-27 00:00:00,8044.624033845593,7839.914146412203,6075.047872594375
forecast_4249,2025-06-27 01:00:00,4951.463688875636,5009.598679299227,3892.8226164943926
forecast_4250,2025-06-27 02:00:00,4864.196189111508,4777.607187035746,3930.6329289304467
forecast_4251,2025-06-27 03:00:00,5295.996347507408,5502.16733757995,4150.131794028085
forecast_4252,2025-06-27 04:00:00,6375.8074313550715,6144.8484824173975,4367.8498070743835
forecast_4253,2025-06-27 05:00:00,6096.578650746173,5733.456411222102,4083.9147410405067
forecast_4254,2025-06-27 06:00:00,5012.200624944363,4671.082232324119,3689.0142196587744
forecast_4255,2025-06-27 07:00:00,4254.52464503446,4211.880314735272,3714.294970125883
forecast_4256,2025-06-27 08:00:00,3453.2435847707598,3464.618412101548,3013.781851844044
forecast_4257,2025-06-27 09:00:00,3415.735518720688,3430.299879358194,2528.790893683446
forecast_4258,2025-06-27 10:00:00,3876.783189166725,3794.701516958862,3241.2518499283296
forecast_4259,2025-06-27 11:00:00,4784.728396492577,4804.92129919783,3871.805226733238
forecast_4260,2025-06-27 12:00:00,4226.3084290595325,4738.862398105582,4055.2155231822635
forecast_4261,2025-06-27 13:00:00,3486.6754821653935,3500.4286785984973,3091.444220951706
forecast_4262,2025-06-27 14:00:00,3479.7982408049807,3595.5946085881174,3079.131847705839
forecast_4263,2025-06-27 15:00:00,3595.005928555674,3603.620034381314,3017.8586671471285
forecast_4264,2025-06-27 16:00:00,3459.0047555049687,3374.9164455303394,3614.088832485709
forecast_4265,2025-06-27 17:00:00,3266.9687144983736,3378.9196013290098,3561.0834869851305
forecast_4266,2025-06-27 18:00:00,3352.8352851678396,3411.7639058621417,3954.9633402655413
forecast_4267,2025-06-27 19:00:00,3488.311410821907,3510.779239008075,3001.3335713703405
forecast_4268,2025-06-27 20:00:00,3418.87426085073,3564.4077078495093,3516.4517684957286
forecast_4269,2025-06-27 21:00:00,4712.3208458473355,4848.949272567961,3515.15421837046
forecast_4270,2025-06-27 22:00:00,5377.795889440617,5478.702599549524,3867.908757833498
forecast_4271,2025-06-27 23:00:00,6308.8989260747885,6316.773150340706,4331.0738814629685
forecast_4272,2025-06-28 00:00:00,6641.041845164963,6530.285223590205,4360.866224507426
forecast_4273,2025-06-28 01:00:00,9778.043280958136,9652.732416079358,6669.598650316531
forecast_4274,2025-06-28 02:00:00,10075.608661928929,10173.652554804285,6879.678934939002
forecast_4275,2025-06-28 03:00:00,10896.500122053614,10976.788147303567,7066.420234959439
forecast_4276,2025-06-28 04:00:00,11341.306165487655,11489.9994610658,7537.267406958438
forecast_4277,2025-06-28 05:00:00,11412.079737229304,11375.147474625768,7493.857642807913
forecast_4278,2025-06-28 06:00:00,11475.634515859212,11497.852408736419,7382.387767269534
forecast_4279,2025-06-28 07:00:00,9684.12588115646,9941.423869153035,6440.48570538257
forecast_4280,2025-06-28 08:00:00,8360.220708683973,8494.730407627114,5601.186295588611
forecast_4281,2025-06-28 09:00:00,5723.919468299087,5676.954128587412,4136.24222832172
forecast_4282,2025-06-28 10:00:00,4460.79306966538,4341.465544326468,3846.0135786276965
forecast_4283,2025-06-28 11:00:00,3942.768120608304,3831.1874677560572,3755.3430739916967
forecast_4284,2025-06-28 12:00:00,3740.557926013539,3733.3962657913976,3386.6871608081706
forecast_4285,2025-06-28 13:00:00,3627.466248073459,3404.433158390674,3145.8477147911344
forecast_4286,2025-06-28 14:00:00,3654.359909566978,3774.743786571536,3336.272879550908
forecast_4287,2025-06-28 15:00:00,3857.5061046297296,3924.270512690414,3217.4155176420236
forecast_4288,2025-06-28 16:00:00,3925.632981235897,3939.145509606278,3587.927341784863
forecast_4289,2025-06-28 17:00:00,3876.0070701514246,3997.0799237096585,3659.6673907169516
forecast_4290,2025-06-28 18:00:00,4373.8481934679285,4813.658035251239,3896.879014927505
forecast_4291,2025-06-28 19:00:00,5628.530366816079,6358.524060421049,4805.143305759795
forecast_4292,2025-06-28 20:00:00,6256.620481803804,7413.760094061462,4977.335775772868
forecast_4293,2025-06-28 21:00:00,8703.644780137645,9145.28543315491,6278.873106847873
forecast_4294,2025-06-28 22:00:00,10451.606777827186,10960.797156851906,7752.5844784567835
forecast_4295,2025-06-28 23:00:00,11922.307814413352,12492.081736407907,9082.12629980673
forecast_4296,2025-06-29 00:00:00,11848.686021810941,12543.250083418865,9118.043075652433
forecast_4297,2025-06-29 01:00:00,10909.452026976202,12233.951558866118,8698.997852513461
forecast_4298,2025-06-29 02:00:00,11081.887208984957,12349.144969423502,8732.622045389373
forecast_4299,2025-06-29 03:00:00,11639.729307436397,12238.264240929242,9204.821955794287
forecast_4300,2025-06-29 04:00:00,12370.113822340547,12821.639803537024,10197.125174885763
forecast_4301,2025-06-29 05:00:00,12573.740688362996,12876.937339489554,10467.799579323813
forecast_4302,2025-06-29 06:00:00,11811.617194723272,12616.950561328247,10136.674123734389
forecast_4303,2025-06-29 07:00:00,12245.372554738175,12157.522362751854,9939.787842922518
forecast_4304,2025-06-29 08:00:00,11709.29061746939,12046.365713053101,9722.945935059532
forecast_4305,2025-06-29 09:00:00,10605.402574497768,10699.520069910524,8387.094841095326
forecast_4306,2025-06-29 10:00:00,8296.338014883895,8667.716836731766,5620.735452903662
forecast_4307,2025-06-29 11:00:00,5359.42095172611,5226.449088634651,4259.874614996099
forecast_4308,2025-06-29 12:00:00,3999.789882005163,3912.2665225256037,3680.589381100328
forecast_4309,2025-06-29 13:00:00,3776.554541208496,3884.9891400243764,3733.4527248799554
forecast_4310,2025-06-29 14:00:00,3697.8248836746957,3822.173859888606,3565.2662608898613
forecast_4311,2025-06-29 15:00:00,3833.2730932684926,3767.6665037486414,3372.0187974959285
forecast_4312,2025-06-29 16:00:00,3890.103413853773,3857.2047242162216,3485.2080332861865
forecast_4313,2025-06-29 17:00:00,3989.350875607039,3981.3585164184474,3607.670085867375
forecast_4314,2025-06-29 18:00:00,4429.958220080162,4340.761103461799,3788.863582277669
forecast_4315,2025-06-29 19:00:00,5567.071987436993,5922.749654459676,4331.429213472633
forecast_4316,2025-06-29 20:00:00,7958.827825648862,8316.354209185813,6179.395501437372
forecast_4317,2025-06-29 21:00:00,10605.964175021547,11165.753967506189,8688.203924956288
forecast_4318,2025-06-29 22:00:00,12604.5473149537,13168.496030191262,11037.693218891849
forecast_4319,2025-06-29 23:00:00,13828.994179518446,14820.601300712497,12125.281608708992
forecast_4320,2025-06-30 00:00:00,14735.566679024458,15136.146628397366,12699.47990573288
forecast_4321,2025-06-30 01:00:00,13735.369514789125,14129.558559549507,11111.606941320553
forecast_4322,2025-06-30 02:00:00,13918.202194882855,14639.28915006279,11314.327928133102
forecast_4323,2025-06-30 03:00:00,15279.008476576848,15297.320963314825,10705.795114161647
forecast_4324,2025-06-30 04:00:00,16152.124547478925,16274.888690676753,10990.633638346682
forecast_4325,2025-06-30 05:00:00,16632.804104732208,16278.081097744694,12368.176869727007
forecast_4326,2025-06-30 06:00:00,15448.729978413989,16041.425306672423,12040.975948078594
forecast_4327,2025-06-30 07:00:00,13758.79094466943,14312.459194501713,11143.253382804778
forecast_4328,2025-06-30 08:00:00,11860.675621271539,12571.725311641909,9748.623213636542
forecast_4329,2025-06-30 09:00:00,10022.582959297584,10440.640483060059,7896.631535461859
forecast_4330,2025-06-30 10:00:00,7902.122084606731,7927.120040251691,6147.091326028454
forecast_4331,2025-06-30 11:00:00,5572.030596059249,5742.123187017128,4519.559900257192
forecast_4332,2025-06-30 12:00:00,4672.292579059457,4583.536113806522,3915.41110228199
forecast_4333,2025-06-30 13:00:00,4747.412070464415,4986.670688258948,4682.705483392941
forecast_4334,2025-06-30 14:00:00,5778.744237912966,5720.196613935944,6356.1760570175875
forecast_4335,2025-06-30 15:00:00,6784.404871153523,6148.860141792915,6708.1494881489025
forecast_4336,2025-06-30 16:00:00,6904.977282198783,7060.9445398972475,6996.758458366958
forecast_4337,2025-06-30 17:00:00,6699.210965663312,6507.391535907953,6817.032823952072
forecast_4338,2025-06-30 18:00:00,6741.049195056852,7080.946648965407,6675.439778839113
forecast_4339,2025-06-30 19:00:00,8630.466272794023,8929.607946095752,7640.7548292929005
forecast_4340,2025-06-30 20:00:00,10757.072175479805,11478.37811579586,9237.931028531382
forecast_4341,2025-06-30 21:00:00,12160.880784492305,12842.704930147785,10455.614312472902
forecast_4342,2025-06-30 22:00:00,13801.19209070627,14147.565896847935,10324.047624617453
forecast_4343,2025-06-30 23:00:00,14078.118154245918,14561.380037370467,10609.477301933299
forecast_4344,2025-07-01 00:00:00,14386.441618174586,14599.38114448936,10653.216122273176
forecast_4345,2025-07-01 01:00:00,15437.598218468014,15535.202815769999,12806.569974205939
forecast_4346,2025-07-01 02:00:00,15366.556823688816,15183.73222533297,12830.840319124476
forecast_4347,2025-07-01 03:00:00,14296.11452191839,14927.483235475964,12570.505198064873
forecast_4348,2025-07-01 04:00:00,14224.13729627091,14518.389099731276,11986.056073356618
forecast_4349,2025-07-01 05:00:00,14480.440925570134,15159.921400388552,12913.490990207729
forecast_4350,2025-07-01 06:00:00,14596.71602172164,14928.059609295517,13022.283297819145
forecast_4351,2025-07-01 07:00:00,12914.314091264134,13940.96080525423,10990.364347711364
forecast_4352,2025-07-01 08:00:00,11667.527051156714,12373.908790570105,9445.207555587327
forecast_4353,2025-07-01 09:00:00,10114.122513221806,10628.597104283917,8331.759247668992
forecast_4354,2025-07-01 10:00:00,8819.654114384668,9483.275471942216,8105.56854906314
forecast_4355,2025-07-01 11:00:00,7924.801107838632,8030.778001933265,7105.897873247026
forecast_4356,2025-07-01 12:00:00,7545.179978725888,7996.448986020685,7253.876172936755
forecast_4357,2025-07-01 13:00:00,7261.876371187044,7566.465517950993,6644.630444751709
forecast_4358,2025-07-01 14:00:00,7148.064525497654,7416.117371019971,6259.699824652785
forecast_4359,2025-07-01 15:00:00,7467.9688700307415,7908.726128763859,6327.159049128353
forecast_4360,2025-07-01 16:00:00,7921.4498325089,8457.439395189518,6654.394246281375
forecast_4361,2025-07-01 17:00:00,8603.413152418832,8908.15079451225,7108.45068177408
forecast_4362,2025-07-01 18:00:00,8842.150639348454,9491.386662062789,7202.620535602485
forecast_4363,2025-07-01 19:00:00,10577.839859533055,11290.26998347661,8574.301902952786
forecast_4364,2025-07-01 20:00:00,12218.943564993851,13512.697927268055,9482.231089496918
forecast_4365,2025-07-01 21:00:00,15662.378801913601,15616.340200372271,11790.989617792911
forecast_4366,2025-07-01 22:00:00,16891.598321722875,16858.889241753302,11838.788151339855
forecast_4367,2025-07-01 23:00:00,16705.49593242693,17322.493892840754,13730.927608223325
forecast_4368,2025-07-02 00:00:00,15944.495888461244,17259.58007563326,14545.000571589371
forecast_4369,2025-07-02 01:00:00,16675.137919018012,17535.465846298695,17484.93783162087
forecast_4370,2025-07-02 02:00:00,16872.170411104853,17232.653279208385,17436.526126036508
forecast_4371,2025-07-02 03:00:00,16625.501412905032,17161.35575004241,17751.570634431184
forecast_4372,2025-07-02 04:00:00,16589.746550410026,17194.502264834355,17026.634049047367
forecast_4373,2025-07-02 05:00:00,16724.257724723146,17143.125035463436,15757.657241650462
forecast_4374,2025-07-02 06:00:00,16494.542846592027,17062.261761367405,15569.847683200624
forecast_4375,2025-07-02 07:00:00,16266.576426559239,16178.981980688715,15016.614744771787
forecast_4376,2025-07-02 08:00:00,15379.589440416958,15920.152146414857,15207.113958509888
forecast_4377,2025-07-02 09:00:00,14031.603695617488,15045.229419929394,14015.458277739777
forecast_4378,2025-07-02 10:00:00,13207.524246438901,13739.717443174817,11771.47850329131
forecast_4379,2025-07-02 11:00:00,10165.741935178155,11452.341511268362,9296.525671254389
forecast_4380,2025-07-02 12:00:00,9005.87334486679,9231.749706926495,7957.204953858705
forecast_4381,2025-07-02 13:00:00,8486.732936429848,8912.006133394774,7927.548892280917
forecast_4382,2025-07-02 14:00:00,8852.992257062144,8841.517972454434,7398.541945542594
forecast_4383,2025-07-02 15:00:00,8996.079185678514,8844.881118688927,6609.700267472512
forecast_4384,2025-07-02 16:00:00,8456.019331752359,8517.095139384086,6062.735331993579
forecast_4385,2025-07-02 17:00:00,7901.458089222055,7679.911661177101,5638.53226117241
forecast_4386,2025-07-02 18:00:00,7804.006537419536,7850.895592329317,5623.9604734612785
forecast_4387,2025-07-02 19:00:00,8901.796714272195,9129.3392529131,6555.628821349456
forecast_4388,2025-07-02 20:00:00,11357.713055970122,11754.366249161887,7413.625010007187
forecast_4389,2025-07-02 21:00:00,13727.60155141401,13914.236417424727,10981.413552280701
forecast_4390,2025-07-02 22:00:00,14796.563245126594,15235.26322028017,12545.453024894849
forecast_4391,2025-07-02 23:00:00,15712.512788713562,15976.765938009048,13760.484730010176
forecast_4392,2025-07-03 00:00:00,16297.78227849371,16497.974779702996,14499.428059991478
forecast_4393,2025-07-03 01:00:00,17221.519445226837,16897.764973423244,14636.464044337892
forecast_4394,2025-07-03 02:00:00,16025.679451265494,16309.734197716778,12228.039664612492
forecast_4395,2025-07-03 03:00:00,14981.247122551034,15742.55746872417,12412.437503016174
forecast_4396,2025-07-03 04:00:00,14523.634551517662,15294.560032366064,12643.51540612589
forecast_4397,2025-07-03 05:00:00,14958.007531507044,15567.650361662465,13248.586756551647
forecast_4398,2025-07-03 06:00:00,15129.899078046594,16060.752830335976,13578.827828752872
forecast_4399,2025-07-03 07:00:00,14749.8539276111,15095.491461372267,13219.59008644324
forecast_4400,2025-07-03 08:00:00,14615.55465634705,14861.662481283147,13586.587839807062
forecast_4401,2025-07-03 09:00:00,13106.10483882968,13805.432791661198,12965.697342457472
forecast_4402,2025-07-03 10:00:00,12396.29037427209,12652.403682473032,11345.393738656574
forecast_4403,2025-07-03 11:00:00,9556.121297904385,10167.458604474501,8405.925973717694
forecast_4404,2025-07-03 12:00:00,6334.378726446642,6673.794891673652,6097.962205775978
forecast_4405,2025-07-03 13:00:00,5640.448122831085,5098.046237349262,5753.331538915476
forecast_4406,2025-07-03 14:00:00,5143.879751593087,4920.916440628232,6166.876429201143
forecast_4407,2025-07-03 15:00:00,5677.108720282968,6035.496484001927,6777.1800004097395
forecast_4408,2025-07-03 16:00:00,6151.481420925486,6258.960643272274,6312.45404200471
forecast_4409,2025-07-03 17:00:00,7127.95941095867,6506.13884093946,5290.502525969876
forecast_4410,2025-07-03 18:00:00,10042.286934031266,9202.865700998118,5825.105383370816
forecast_4411,2025-07-03 19:00:00,10817.17559372518,12643.39911062785,7643.626226276739
forecast_4412,2025-07-03 20:00:00,13068.635183064342,14182.833508894351,9544.09748928939
forecast_4413,2025-07-03 21:00:00,13599.850357313819,14588.659433449307,11488.23323072054
forecast_4414,2025-07-03 22:00:00,14601.245690949168,15020.294106180472,12200.944294955132
forecast_4415,2025-07-03 23:00:00,13998.98000639944,14669.140457308651,13008.330725957245
forecast_4416,2025-07-04 00:00:00,13836.9927967571,14648.319062152144,13135.365097064872
forecast_4417,2025-07-04 01:00:00,15063.556750319345,16398.280883754618,15024.211810467425
forecast_4418,2025-07-04 02:00:00,15369.498166262558,17087.849181423302,15464.047253272372
forecast_4419,2025-07-04 03:00:00,15742.295587322062,17701.74164680942,16669.504896060775
forecast_4420,2025-07-04 04:00:00,16864.141979188258,18246.158255559465,17863.534817080243
forecast_4421,2025-07-04 05:00:00,17569.20673976485,18651.172970287556,18745.547814856844
forecast_4422,2025-07-04 06:00:00,17603.920069888747,18683.220060602413,18986.399386964717
forecast_4423,2025-07-04 07:00:00,17141.90429751069,18268.332584975793,18472.550318134865
forecast_4424,2025-07-04 08:00:00,16602.910456420224,18171.75662275798,18280.30841288842
forecast_4425,2025-07-04 09:00:00,15852.930036048356,17279.54339034387,17632.710322510866
forecast_4426,2025-07-04 10:00:00,15685.13351342186,16902.08996834182,16735.56783798883
forecast_4427,2025-07-04 11:00:00,15001.443452083735,16586.008990957762,15817.367013156265
forecast_4428,2025-07-04 12:00:00,14410.899320069702,16461.866146872773,15022.898854858095
forecast_4429,2025-07-04 13:00:00,14536.852565344734,16859.664348629507,14588.53051855084
forecast_4430,2025-07-04 14:00:00,13760.807587487921,17064.017826455816,15259.924163789945
forecast_4431,2025-07-04 15:00:00,14163.571990232675,17167.915737248433,14672.288305042743
forecast_4432,2025-07-04 16:00:00,14534.913700549463,16944.539476252332,14172.997215036563
forecast_4433,2025-07-04 17:00:00,14653.467155753424,16474.148456487623,14724.332175722813
forecast_4434,2025-07-04 18:00:00,14584.830438076422,16522.173519286393,15828.991454119454
forecast_4435,2025-07-04 19:00:00,15101.660065997417,16716.00198262301,17044.009660986823
forecast_4436,2025-07-04 20:00:00,15806.05527581343,17793.008613209335,18059.47333853403
forecast_4437,2025-07-04 21:00:00,16317.833455835795,18441.724718727255,19180.292225092733
forecast_4438,2025-07-04 22:00:00,17076.002108988014,19007.323327205162,19340.456302197614
forecast_4439,2025-07-04 23:00:00,17780.50043686083,19037.08549282782,19328.206791329743
forecast_4440,2025-07-05 00:00:00,18341.44248795591,19169.107793749205,19303.180315723446
forecast_4441,2025-07-05 01:00:00,14722.263606513576,17105.727275603822,16299.613438619008
forecast_4442,2025-07-05 02:00:00,14797.798033763424,17022.560765437465,16594.90603018391
forecast_4443,2025-07-05 03:00:00,15166.358573540008,17716.455399296283,18557.709753777373
forecast_4444,2025-07-05 04:00:00,15096.931544312794,17949.461927128643,16668.416046925253
forecast_4445,2025-07-05 05:00:00,15459.714224611378,17814.077254447122,16891.654820275427
forecast_4446,2025-07-05 06:00:00,15307.953214484094,17627.988834345466,17428.431220686012
forecast_4447,2025-07-05 07:00:00,16071.8624618013,17384.78405944362,17032.44874882916
forecast_4448,2025-07-05 08:00:00,15544.381512684537,17063.813828749506,16115.876425112485
forecast_4449,2025-07-05 09:00:00,14091.267243988019,15837.283123044284,13704.195616169476
forecast_4450,2025-07-05 10:00:00,13035.918017542419,14116.606697369029,12713.62701924295
forecast_4451,2025-07-05 11:00:00,12364.263504554308,11726.789467221917,10523.522006344028
forecast_4452,2025-07-05 12:00:00,11064.56235294689,11262.83716699995,9755.768654963384
forecast_4453,2025-07-05 13:00:00,11368.332081118997,10563.697526459078,10371.19320884481
forecast_4454,2025-07-05 14:00:00,10964.552902083018,10933.766260809218,11393.944778672045
forecast_4455,2025-07-05 15:00:00,11273.948651824127,11185.802830267907,11446.21867641904
forecast_4456,2025-07-05 16:00:00,11104.358013661757,11321.92599205183,11166.180586015396
forecast_4457,2025-07-05 17:00:00,12013.115266472803,11514.739204601592,10990.374180969848
forecast_4458,2025-07-05 18:00:00,12331.618400062105,11984.58722399175,11453.575211815687
forecast_4459,2025-07-05 19:00:00,13069.327411048967,12863.717813158897,12873.51123278126
forecast_4460,2025-07-05 20:00:00,14499.478558553143,15647.282463100286,14972.447080553293
forecast_4461,2025-07-05 21:00:00,15313.932755468308,17555.512094007747,16936.839581566303
forecast_4462,2025-07-05 22:00:00,15771.205658035875,17987.998759486523,18076.515505498424
forecast_4463,2025-07-05 23:00:00,16435.421381690576,18054.503537173325,17833.96803524265
forecast_4464,2025-07-06 00:00:00,16824.02092462019,18032.22531154574,18265.08480674146
forecast_4465,2025-07-06 01:00:00,17073.43994827211,17646.551734927616,18183.33105431054
forecast_4466,2025-07-06 02:00:00,17376.447264360835,17856.742997685902,18416.96234928479
forecast_4467,2025-07-06 03:00:00,18230.37838419696,17930.383504291844,18838.702957560603
forecast_4468,2025-07-06 04:00:00,17934.84637649002,18102.071556706924,18058.858341497413
forecast_4469,2025-07-06 05:00:00,17391.78725370423,18246.594712547954,17932.585107579453
forecast_4470,2025-07-06 06:00:00,16399.430792914533,17894.648982200964,17935.891971038876
forecast_4471,2025-07-06 07:00:00,16067.628488674613,17758.868761028327,17445.341570824534
forecast_4472,2025-07-06 08:00:00,16527.6581697841,17345.513125594534,16441.132211948414
forecast_4473,2025-07-06 09:00:00,15234.267227520024,16531.541855405445,15775.872538043499
forecast_4474,2025-07-06 10:00:00,14324.75960000133,15112.859869254022,13045.539868010737
forecast_4475,2025-07-06 11:00:00,12534.262302256075,13288.991353738762,10465.254800564962
forecast_4476,2025-07-06 12:00:00,10327.499299722871,10207.690606658407,8355.653119651688
forecast_4477,2025-07-06 13:00:00,7612.894871779855,7789.707900146993,5992.313440732586
forecast_4478,2025-07-06 14:00:00,5149.31757968933,5139.824170416922,4109.828155355671
forecast_4479,2025-07-06 15:00:00,4000.554257937772,3834.7734520557246,3420.192160923797
forecast_4480,2025-07-06 16:00:00,3710.3394513248795,3843.9673060122686,3472.931445879568
forecast_4481,2025-07-06 17:00:00,3929.9957726816288,3891.071506387279,3678.852340627608
forecast_4482,2025-07-06 18:00:00,4408.061577813954,4297.909502197924,3899.4852996374416
forecast_4483,2025-07-06 19:00:00,5746.71948721517,5908.81652156365,4617.189773839893
forecast_4484,2025-07-06 20:00:00,7416.1340454602405,7584.463596454107,5519.573148580944
forecast_4485,2025-07-06 21:00:00,8993.004013653592,9093.089438903413,6342.524014948841
forecast_4486,2025-07-06 22:00:00,9727.1312652184,10107.409950320574,6759.437084360509
forecast_4487,2025-07-06 23:00:00,10713.320074260906,11606.523771176306,7379.458703135722
forecast_4488,2025-07-07 00:00:00,10874.682587887635,11709.313348732227,7371.8325212710615
forecast_4489,2025-07-07 01:00:00,9811.768256135927,9964.968396154805,5796.148389446936
forecast_4490,2025-07-07 02:00:00,9584.357313439641,9949.272176833481,5551.913743201032
forecast_4491,2025-07-07 03:00:00,9203.07742664251,9787.991139029338,5233.52042367992
forecast_4492,2025-07-07 04:00:00,8272.280446816992,8486.306858038706,4549.143492178838
forecast_4493,2025-07-07 05:00:00,5943.760410085004,5854.719060892214,3828.7558444133347
forecast_4494,2025-07-07 06:00:00,3861.725962483627,3801.4077712951384,3665.5760729661333
forecast_4495,2025-07-07 07:00:00,3871.1980347918475,4303.4145221424815,3669.7733653607283
forecast_4496,2025-07-07 08:00:00,3470.901751415071,3574.149556443423,3243.5328603147896
forecast_4497,2025-07-07 09:00:00,3362.3971399636553,4341.544163973894,1795.1288108394713
forecast_4498,2025-07-07 10:00:00,3654.0825219632125,3923.483423349571,48.84442860354613
forecast_4499,2025-07-07 11:00:00,6158.092203205846,3904.104128166892,1061.2472855559292
forecast_4500,2025-07-07 12:00:00,2478.080339150918,2560.7162789512654,2298.0372571751604
forecast_4501,2025-07-07 13:00:00,2699.7343342790223,2675.319762575115,2786.426235484859
forecast_4502,2025-07-07 14:00:00,3004.14302347436,2535.2702875367695,2583.300343488272
forecast_4503,2025-07-07 15:00:00,2907.2546826249622,2295.7663049135313,212.13220395508466
forecast_4504,2025-07-07 16:00:00,2406.6913679234362,2348.117238252912,178.97245316593592
forecast_4505,2025-07-07 17:00:00,3545.4743633011994,3211.068584903484,171.79058425876693
forecast_4506,2025-07-07 18:00:00,2761.1133748546313,2858.771201529003,1779.9237200700481
forecast_4507,2025-07-07 19:00:00,2463.6386445989124,2506.043174274332,2014.8094165701866
forecast_4508,2025-07-07 20:00:00,3308.2569127941492,2985.159973757647,2520.8539370212097
forecast_4509,2025-07-07 21:00:00,3347.4490959699624,3457.689222148256,2641.392556571793
forecast_4510,2025-07-07 22:00:00,3285.735277882603,3242.808549327635,2589.006612375549
forecast_4511,2025-07-07 23:00:00,2809.4327264424387,2920.0078890753193,143.47371324132953
forecast_4512,2025-07-08 00:00:00,2509.0900825092926,3038.70690583918,138.90491697185385
forecast_4513,2025-07-08 01:00:00,3523.039448122124,3302.5724690983557,45.99484010152311
forecast_4514,2025-07-08 02:00:00,3488.4286726838545,2558.509184590568,36.05965165929637
forecast_4515,2025-07-08 03:00:00,3027.788101752894,2865.6887561010503,18.512140062472756
forecast_4516,2025-07-08 04:00:00,2364.3919337534917,2612.785693751175,18.277235602166083
forecast_4517,2025-07-08 05:00:00,2309.583964549375,2489.05646240611,34.001103700185915
forecast_4518,2025-07-08 06:00:00,3719.877835547895,3504.542856437831,31.334914348787553
forecast_4519,2025-07-08 07:00:00,3614.7266834176457,2699.847651494813,32.8139527771947
forecast_4520,2025-07-08 08:00:00,3912.84317502365,3898.677863615786,20.642433404631596
forecast_4521,2025-07-08 09:00:00,3589.320366428328,3988.4111503378645,34.36027452327976
forecast_4522,2025-07-08 10:00:00,7044.250518727686,3039.405486510618,1078.1383059028233
forecast_4523,2025-07-08 11:00:00,199.53297539668378,3048.6182032932306,2267.717685499202
forecast_4524,2025-07-08 12:00:00,339.4544001803587,3226.689670104931,1480.9825113578015
forecast_4525,2025-07-08 13:00:00,3068.9153892315826,3248.4047499425624,2597.509876181029
forecast_4526,2025-07-08 14:00:00,2919.688665185461,2895.8222716543874,3173.1283403757325
forecast_4527,2025-07-08 15:00:00,3233.083963472548,3834.204350982422,3141.2875047550992
forecast_4528,2025-07-08 16:00:00,5811.758376465682,4822.293528467304,2493.969023740779
forecast_4529,2025-07-08 17:00:00,2809.0575142503917,3386.6395905527615,243.8678250772842
forecast_4530,2025-07-08 18:00:00,1991.9254266610803,1525.2866146242663,2233.554906953841
forecast_4531,2025-07-08 19:00:00,2865.5015515175537,2787.539352877176,1121.66661894635
forecast_4532,2025-07-08 20:00:00,2934.134624224173,2864.881998000898,2049.369854818464
forecast_4533,2025-07-08 21:00:00,3094.6028569033256,3146.9798056635013,2497.6020835371587
forecast_4534,2025-07-08 22:00:00,3274.571145809479,3408.53301627018,2746.550102059643
forecast_4535,2025-07-08 23:00:00,3447.9908332473697,3530.7844560766544,2828.1604240493243
forecast_4536,2025-07-09 00:00:00,3495.3274832020625,3584.1854507520925,2716.1018099447156
forecast_4537,2025-07-09 01:00:00,3070.2756751830157,3241.9138768405264,2108.0136011940144
forecast_4538,2025-07-09 02:00:00,3060.2294453814748,3342.0986029898536,1861.443419145179
forecast_4539,2025-07-09 03:00:00,3046.566210837293,3131.952358614223,1818.166189984149
forecast_4540,2025-07-09 04:00:00,3078.172104589211,3312.073799892526,2972.6461559263503
forecast_4541,2025-07-09 05:00:00,3369.816883333541,3490.5853658295227,2493.758689236313
forecast_4542,2025-07-09 06:00:00,3525.061498806344,3547.639325379048,2852.7573731532007
forecast_4543,2025-07-09 07:00:00,3368.4152575223634,3304.1422257070094,2966.963625520924
forecast_4544,2025-07-09 08:00:00,3331.501075914751,3198.685865047148,2981.304929510526
forecast_4545,2025-07-09 09:00:00,3391.5744603812354,3457.118571433481,3196.6783216115105
forecast_4546,2025-07-09 10:00:00,3429.9773986385035,3481.1811080517436,3501.325672940454
forecast_4547,2025-07-09 11:00:00,3502.365589419632,3761.84880909664,3453.635701999251
forecast_4548,2025-07-09 12:00:00,3375.663509066239,3649.6228385810223,3476.6734590683272
forecast_4549,2025-07-09 13:00:00,3353.1718372325035,3593.5201197825986,3371.0832181202036
forecast_4550,2025-07-09 14:00:00,3381.6410389633593,3742.681942709548,3304.455511649068
forecast_4551,2025-07-09 15:00:00,3504.191323620898,3673.3841015409926,3146.727840150364
forecast_4552,2025-07-09 16:00:00,3023.438319832371,3520.3117396204916,2973.704156023812
forecast_4553,2025-07-09 17:00:00,3156.70768601891,3092.578642791756,2640.3419983225904
forecast_4554,2025-07-09 18:00:00,3114.7128378875273,3250.5231144378517,3205.626416665165
forecast_4555,2025-07-09 19:00:00,3495.099204313348,3587.1147478272583,3391.740331426718
forecast_4556,2025-07-09 20:00:00,3620.340268677882,3777.039629094867,3707.160343442263
forecast_4557,2025-07-09 21:00:00,3820.325453938805,3769.470216569994,3689.0190558565178
forecast_4558,2025-07-09 22:00:00,3770.36802230539,3825.8042604311445,3516.258988727338
forecast_4559,2025-07-09 23:00:00,3784.576338102657,3967.6463015020217,3408.6726226387923
forecast_4560,2025-07-10 00:00:00,3765.341055634911,3893.4217571378736,3428.638637817089
forecast_4561,2025-07-10 01:00:00,3856.4001879942953,3924.3551245744425,3652.9890004890703
forecast_4562,2025-07-10 02:00:00,3860.2348323789292,3986.0783938892,3617.0778772399153
forecast_4563,2025-07-10 03:00:00,3780.700128055935,3933.4213980681448,3522.853412220914
forecast_4564,2025-07-10 04:00:00,3948.470926526987,4188.885718910647,3376.4998269345033
forecast_4565,2025-07-10 05:00:00,4033.8855038015417,4523.599662972649,3557.206928722772
forecast_4566,2025-07-10 06:00:00,3989.5021704150067,5130.962169360833,3680.0499736635875
forecast_4567,2025-07-10 07:00:00,4110.7477816588025,5005.888587920593,3691.3383245062523
forecast_4568,2025-07-10 08:00:00,4283.702092258799,5351.704455980003,3861.2897273989374
forecast_4569,2025-07-10 09:00:00,5486.61154553016,6355.9550722244985,4688.024243531497
forecast_4570,2025-07-10 10:00:00,5784.991372674891,7605.427560941488,4612.083000976915
forecast_4571,2025-07-10 11:00:00,5709.64284053621,5656.8675883183505,3980.23266123609
forecast_4572,2025-07-10 12:00:00,5632.902031199281,4598.98275676994,3786.464046167724
forecast_4573,2025-07-10 13:00:00,6296.953679248947,4307.272981086831,3877.2362196211907
forecast_4574,2025-07-10 14:00:00,6217.840316828281,4298.842857351658,3747.490421932068
forecast_4575,2025-07-10 15:00:00,5190.287109550419,3961.565128860878,3916.1300982994285
forecast_4576,2025-07-10 16:00:00,4523.71413444718,3915.2894104404763,3658.7503158752997
forecast_4577,2025-07-10 17:00:00,4071.117823711712,3977.3976224695025,3832.253652279211
forecast_4578,2025-07-10 18:00:00,4108.422410030184,4449.736904759767,3709.6634199201076
forecast_4579,2025-07-10 19:00:00,4271.525876113331,5169.900834329726,3852.709590348818
forecast_4580,2025-07-10 20:00:00,5016.660454967722,5941.187236829017,4124.936896963971
forecast_4581,2025-07-10 21:00:00,5732.326485166147,7352.6147797475805,4500.364233865786
forecast_4582,2025-07-10 22:00:00,6676.8462305948615,8213.842193539404,5184.342609424125
forecast_4583,2025-07-10 23:00:00,7212.744724033157,8857.460219565117,5377.096075926988
forecast_4584,2025-07-11 00:00:00,7390.1642749956845,9060.615916750603,5547.202203266326
forecast_4585,2025-07-11 01:00:00,6902.7055262393515,7933.550884729125,5033.470843359335
forecast_4586,2025-07-11 02:00:00,6593.704081803889,7624.115179428028,4913.2553713073585
forecast_4587,2025-07-11 03:00:00,6308.632341741406,7491.372212727575,4873.1562151679855
forecast_4588,2025-07-11 04:00:00,6457.796010825117,7853.091296063037,5326.545844185047
forecast_4589,2025-07-11 05:00:00,6617.425821184418,8037.93556864321,5538.593158907642
forecast_4590,2025-07-11 06:00:00,6752.621318054683,8374.168584594921,5763.869432043836
forecast_4591,2025-07-11 07:00:00,6542.929869284455,8398.82510086906,5876.893062500893
forecast_4592,2025-07-11 08:00:00,6733.885167606383,8266.534338514242,6327.764044853244
forecast_4593,2025-07-11 09:00:00,6153.881760224266,7845.143930694755,6185.986998989969
forecast_4594,2025-07-11 10:00:00,5807.968574200323,6824.690443990399,5080.016890664411
forecast_4595,2025-07-11 11:00:00,5424.38700200966,6066.034308665082,4587.429128575954
forecast_4596,2025-07-11 12:00:00,5968.0487382627525,7269.621094072583,4563.400588865122
forecast_4597,2025-07-11 13:00:00,5317.851603967395,6593.909173818943,4480.175588818395
forecast_4598,2025-07-11 14:00:00,4641.09614788569,5794.223939358222,4207.919403298729
forecast_4599,2025-07-11 15:00:00,4413.001897736949,5113.7335747483385,3813.804954462577
forecast_4600,2025-07-11 16:00:00,3916.3721892134618,4366.016741642041,3806.0086489711057
forecast_4601,2025-07-11 17:00:00,4174.6122954270495,4517.371648275332,4004.0533098127867
forecast_4602,2025-07-11 18:00:00,4683.954113790276,5142.083847075032,3969.87230511555
forecast_4603,2025-07-11 19:00:00,4555.54779976666,5397.147018641345,3955.710138342717
forecast_4604,2025-07-11 20:00:00,5143.218544016264,5979.434463264133,4176.916139984703
forecast_4605,2025-07-11 21:00:00,5690.103708284549,6513.37215863019,4449.05681641281
forecast_4606,2025-07-11 22:00:00,6067.40781009855,6826.042564487454,4266.909947332442
forecast_4607,2025-07-11 23:00:00,5968.669061864502,6617.0096563342795,4149.581444528175
forecast_4608,2025-07-12 00:00:00,6073.017961656786,6462.825108748087,4028.213008520968
forecast_4609,2025-07-12 01:00:00,5986.587088018965,6250.488620143839,3917.767746734574
forecast_4610,2025-07-12 02:00:00,5253.017957886862,5648.847632038058,3813.8431662671114
forecast_4611,2025-07-12 03:00:00,4348.148133492456,4701.89404363638,3596.2182517175474
forecast_4612,2025-07-12 04:00:00,4154.865885918506,4483.340621845766,3476.6297486947888
forecast_4613,2025-07-12 05:00:00,3956.457639080183,4171.980523727885,3370.966699311047
forecast_4614,2025-07-12 06:00:00,3863.213408113251,3965.5116221123126,3376.9530226485494
forecast_4615,2025-07-12 07:00:00,3649.7429911550644,3752.5736574586717,3699.469416617714
forecast_4616,2025-07-12 08:00:00,3867.9644385266615,3922.9072220646567,3481.847875711887
forecast_4617,2025-07-12 09:00:00,3553.9752541097305,3398.8644550304966,3255.5809059839175
forecast_4618,2025-07-12 10:00:00,3397.3171007910237,3344.54529505322,3293.0820294142663
forecast_4619,2025-07-12 11:00:00,3118.1536469245493,3203.5951244230373,3045.591149713667
forecast_4620,2025-07-12 12:00:00,2936.710207405428,2603.0464139517435,3056.7032214610886
forecast_4621,2025-07-12 13:00:00,3075.0516392201125,2550.209990909093,2585.7090762826647
forecast_4622,2025-07-12 14:00:00,3050.0230999664004,2566.8168441668017,2605.0442328235977
forecast_4623,2025-07-12 15:00:00,2776.938517640522,2190.093417214572,193.87791286372297
forecast_4624,2025-07-12 16:00:00,1579.3313238422502,1213.244677151532,167.37028715650698
forecast_4625,2025-07-12 17:00:00,157.421219554749,168.21369180865076,132.67585235106085
forecast_4626,2025-07-12 18:00:00,107.4653722516852,107.19561972853818,86.72083691416493
forecast_4627,2025-07-12 19:00:00,2808.3940814938424,2852.4847515621523,56.708055967252854
forecast_4628,2025-07-12 20:00:00,2851.018476771594,2925.84276023579,4219.414513409268
forecast_4629,2025-07-12 21:00:00,3340.5977859912177,3266.552347848522,3369.7830010559937
forecast_4630,2025-07-12 22:00:00,3715.562555555004,3679.6913897767436,3116.263184323037
forecast_4631,2025-07-12 23:00:00,3713.279719169327,3474.709736249542,3319.0944423020433
forecast_4632,2025-07-13 00:00:00,3990.931614685336,4043.5043508886884,3502.7241419780944
forecast_4633,2025-07-13 01:00:00,3568.871597115948,3589.793425920304,3418.932357014515
forecast_4634,2025-07-13 02:00:00,3776.8245044873606,3353.1662748791,3083.80703976717
forecast_4635,2025-07-13 03:00:00,3423.5915440642616,3351.7264670014747,3161.4133820068164
forecast_4636,2025-07-13 04:00:00,3283.6184665197175,3272.743492240404,3227.976286476008
forecast_4637,2025-07-13 05:00:00,3396.583969605848,3344.362960338281,3048.0485717816546
forecast_4638,2025-07-13 06:00:00,3501.8266110921163,3386.8259653394393,3042.6512791998543
forecast_4639,2025-07-13 07:00:00,3155.02813766782,3336.02517894815,3333.8196887940435
forecast_4640,2025-07-13 08:00:00,3881.3471623459063,3590.9315043455226,2248.0425892280186
forecast_4641,2025-07-13 09:00:00,3703.800503164542,3509.3204699937323,1853.3841738025124
forecast_4642,2025-07-13 10:00:00,3818.1656186988725,3291.3135140429595,2394.246954243752
forecast_4643,2025-07-13 11:00:00,3564.8997285544747,3595.069631124272,3575.8325050138455
forecast_4644,2025-07-13 12:00:00,3761.143735540701,3422.1671856949793,3886.8897189842423
forecast_4645,2025-07-13 13:00:00,4954.5307154365355,3972.999705697916,2929.9111375036027
forecast_4646,2025-07-13 14:00:00,3620.7574636593617,3189.3973436570054,3152.3762833141204
forecast_4647,2025-07-13 15:00:00,4831.510986205966,4351.922639617487,3250.8676074902523
forecast_4648,2025-07-13 16:00:00,3361.2613997970398,3555.4290995276656,2992.193782913519
forecast_4649,2025-07-13 17:00:00,3842.2335819556943,3829.9847341475747,3313.861197424374
forecast_4650,2025-07-13 18:00:00,3863.649779150507,3807.658603917987,3466.043307297073
forecast_4651,2025-07-13 19:00:00,3813.4372323984194,4074.0806506050126,3509.627012155449
forecast_4652,2025-07-13 20:00:00,4070.125204305667,4253.93891340351,3705.262883114247
forecast_4653,2025-07-13 21:00:00,4175.608805829743,4465.813579862305,3698.246479784926
forecast_4654,2025-07-13 22:00:00,3840.471226237312,3821.343827765733,3759.7339209632746
forecast_4655,2025-07-13 23:00:00,4371.2642689589275,4201.173937348566,3739.381993467992
forecast_4656,2025-07-14 00:00:00,4463.219999239273,4677.745606513083,3898.0521801076525
forecast_4657,2025-07-14 01:00:00,4276.13885140755,5013.476115318413,3710.303280093515
forecast_4658,2025-07-14 02:00:00,4815.151011822572,4603.026995116879,3583.4262179453285
forecast_4659,2025-07-14 03:00:00,4616.310246835995,5062.14708583355,3559.7560431872494
forecast_4660,2025-07-14 04:00:00,4563.825911829404,4756.800862408237,3829.601935966413
forecast_4661,2025-07-14 05:00:00,4467.775035371595,4632.021729191788,3412.8147382601546
forecast_4662,2025-07-14 06:00:00,4075.2114738196638,4656.91362341102,3751.628710788706
forecast_4663,2025-07-14 07:00:00,4342.308907596921,4765.106870046044,3796.29015788424
forecast_4664,2025-07-14 08:00:00,4317.624610714748,4833.516575731383,3772.8317646711853
forecast_4665,2025-07-14 09:00:00,4253.283984093859,4384.497624165374,3657.6915277643607
forecast_4666,2025-07-14 10:00:00,4184.601797044438,4594.605299584499,3517.9122668334703
forecast_4667,2025-07-14 11:00:00,3949.2957868365024,4055.1198375882095,3710.6116778520577
forecast_4668,2025-07-14 12:00:00,3904.220739358165,3906.5092230137684,3655.8004087018066
forecast_4669,2025-07-14 13:00:00,3986.5645161204598,3869.093622308085,3657.8655611360664
forecast_4670,2025-07-14 14:00:00,4196.266435004124,4002.9579272142914,3565.160482403742
forecast_4671,2025-07-14 15:00:00,4665.668161349282,4612.564859083692,3756.349196395287
forecast_4672,2025-07-14 16:00:00,5048.505293421443,5159.557033616035,3789.2634252686207
forecast_4673,2025-07-14 17:00:00,5179.25758824901,5609.235831401852,3866.364398108252
forecast_4674,2025-07-14 18:00:00,5291.347918971082,5815.116385260266,3839.1941258111638
forecast_4675,2025-07-14 19:00:00,5518.309598642235,5508.347206296927,3882.452808097776
forecast_4676,2025-07-14 20:00:00,5652.987599358205,5781.7680633742175,4057.6401866682086
forecast_4677,2025-07-14 21:00:00,6202.805563976111,6351.140510055823,4128.655231428236
forecast_4678,2025-07-14 22:00:00,6953.296563908745,7918.874650847697,4620.682078693191
forecast_4679,2025-07-14 23:00:00,8315.023286664138,9484.358341965963,5934.577210909597
forecast_4680,2025-07-15 00:00:00,8738.281106348015,10655.650507030101,7103.742794462116
forecast_4681,2025-07-15 01:00:00,14307.889346785963,14277.293927086654,11636.51427847494
forecast_4682,2025-07-15 02:00:00,13594.701944791965,12996.535579268344,11656.65934083114
forecast_4683,2025-07-15 03:00:00,13919.78148131379,13717.719480603886,11187.260511030665
forecast_4684,2025-07-15 04:00:00,13743.986110558437,13613.207877364244,10746.45579762841
forecast_4685,2025-07-15 05:00:00,12805.873507070255,12695.279141796527,9191.486118869663
forecast_4686,2025-07-15 06:00:00,11564.172170847736,11589.082753356624,7971.710617481565
forecast_4687,2025-07-15 07:00:00,9299.139410135276,9627.830438873485,6736.099122830328
forecast_4688,2025-07-15 08:00:00,8593.975740524715,8816.258087817556,6360.806281012043
forecast_4689,2025-07-15 09:00:00,7634.27166935395,7543.55706259157,5460.12244737773
forecast_4690,2025-07-15 10:00:00,6640.551894903502,6797.785291019526,4612.302650476589
forecast_4691,2025-07-15 11:00:00,5079.468440914806,4932.086183005326,3784.4172494430554
forecast_4692,2025-07-15 12:00:00,3912.0416272410243,3969.6305708914565,3624.509857114091
forecast_4693,2025-07-15 13:00:00,3983.0954434453424,4036.0461236140377,3758.655465950754
forecast_4694,2025-07-15 14:00:00,5596.248221236198,5163.351259636299,3898.2997029802077
forecast_4695,2025-07-15 15:00:00,7101.507289733081,6909.1949264837785,4767.214098061727
forecast_4696,2025-07-15 16:00:00,5858.070878601433,5902.478024812711,4341.770769361615
forecast_4697,2025-07-15 17:00:00,5342.171168463802,5458.274417890984,3888.967102196963
forecast_4698,2025-07-15 18:00:00,5057.603202649438,5115.354691908342,3784.7980374035988
forecast_4699,2025-07-15 19:00:00,5297.464459458768,5430.722738257445,3757.9279560241603
forecast_4700,2025-07-15 20:00:00,7288.526254735093,7656.103777167389,4378.79970213359
forecast_4701,2025-07-15 21:00:00,8264.171304563566,8734.362297922124,5032.216374279713
forecast_4702,2025-07-15 22:00:00,7730.031556207117,8662.191456941557,5665.356230444198
forecast_4703,2025-07-15 23:00:00,8220.997273264558,8776.766754798806,5740.316982753138
forecast_4704,2025-07-16 00:00:00,8660.276090006444,9326.329497421351,5693.180446656717
forecast_4705,2025-07-16 01:00:00,14464.570185665,15169.874834891816,13099.554475518029
forecast_4706,2025-07-16 02:00:00,14785.52572207706,16040.319182671876,13639.501196141997
forecast_4707,2025-07-16 03:00:00,14561.386360883254,16648.89405685365,14900.502266909403
forecast_4708,2025-07-16 04:00:00,15361.28161813421,16512.744827363007,15056.45621307664
forecast_4709,2025-07-16 05:00:00,13389.025983546953,15275.29050370255,12572.754260635975
forecast_4710,2025-07-16 06:00:00,11571.108034717814,14917.588105246461,10299.155348921859
forecast_4711,2025-07-16 07:00:00,10141.504274148512,11124.681183322737,7836.420140799005
forecast_4712,2025-07-16 08:00:00,8212.54848795849,9385.771014503354,6576.965219845678
forecast_4713,2025-07-16 09:00:00,8402.528885542099,9403.464988369351,5033.714804419234
forecast_4714,2025-07-16 10:00:00,8321.900906811945,8427.970076579859,7054.515788912549
forecast_4715,2025-07-16 11:00:00,7233.165279090694,7844.528764987165,5699.249032639145
forecast_4716,2025-07-16 12:00:00,6464.595431309221,7217.478446584917,5119.607077431437
forecast_4717,2025-07-16 13:00:00,5735.659535863959,6419.217718031829,4956.054107801695
forecast_4718,2025-07-16 14:00:00,5713.812029145754,6204.596951544169,4633.646755149746
forecast_4719,2025-07-16 15:00:00,5815.858675981412,6004.844504207061,4393.927968679569
forecast_4720,2025-07-16 16:00:00,6812.732032875647,6630.900563424032,4587.460618899071
forecast_4721,2025-07-16 17:00:00,6277.940760162678,7900.86344442778,4814.650090520095
forecast_4722,2025-07-16 18:00:00,8343.167030288316,11303.740219401003,6525.200112733577
forecast_4723,2025-07-16 19:00:00,8652.834927118278,9766.155137791082,7091.253067743134
forecast_4724,2025-07-16 20:00:00,9930.708054440644,10722.084680940667,8275.422064838143
forecast_4725,2025-07-16 21:00:00,10617.577308391998,12409.29877636179,8303.774211066739
forecast_4726,2025-07-16 22:00:00,12264.91085055026,15170.964325531993,10375.29637225647
forecast_4727,2025-07-16 23:00:00,15322.562429206617,16508.387029739246,12488.905778676277
forecast_4728,2025-07-17 00:00:00,15983.935286588827,17015.212385791896,13827.957088715031
forecast_4729,2025-07-17 01:00:00,16576.219421685626,17754.75040386584,16472.09352710098
forecast_4730,2025-07-17 02:00:00,16635.15621387562,17820.50500784295,16389.839160252573
forecast_4731,2025-07-17 03:00:00,16518.779721471168,17951.532422635206,15480.413675767575
forecast_4732,2025-07-17 04:00:00,15391.022210777961,17357.884142423438,14246.685931605536
forecast_4733,2025-07-17 05:00:00,14586.82788673472,17324.713161240998,13571.580895096715
forecast_4734,2025-07-17 06:00:00,14374.143604528355,17264.370556951966,13983.256654734567
forecast_4735,2025-07-17 07:00:00,14862.596166539533,17491.699165407532,14116.611362117019
forecast_4736,2025-07-17 08:00:00,14362.893307336608,17294.727781449063,14193.681495916333
forecast_4737,2025-07-17 09:00:00,14214.192644939725,17042.740831180698,13772.660877893913
forecast_4738,2025-07-17 10:00:00,13716.66183968054,17032.48706388484,12876.74439918107
forecast_4739,2025-07-17 11:00:00,11875.854126374335,14560.342735431792,11967.215214713126
forecast_4740,2025-07-17 12:00:00,11238.48990802069,14336.725396414131,10853.405623074235
forecast_4741,2025-07-17 13:00:00,10302.872804551238,14056.104328443791,10433.678983478449
forecast_4742,2025-07-17 14:00:00,12021.60273316455,15388.463601464422,10540.716263235256
forecast_4743,2025-07-17 15:00:00,11486.792713091467,13371.724257962278,10862.890637463406
forecast_4744,2025-07-17 16:00:00,10354.360148863509,12161.339668098895,8801.720869240604
forecast_4745,2025-07-17 17:00:00,9666.434985408076,11670.446537585865,7663.314657751475
forecast_4746,2025-07-17 18:00:00,9598.519021980272,11591.123804776225,7474.39531892453
forecast_4747,2025-07-17 19:00:00,9757.082746571652,11497.168548768585,7692.645625475745
forecast_4748,2025-07-17 20:00:00,10917.305585297414,12641.996592223344,8791.057000917051
forecast_4749,2025-07-17 21:00:00,11182.592036114005,13523.964679350132,8551.087289565587
forecast_4750,2025-07-17 22:00:00,12441.544945508958,13911.15085498109,8609.809817850948
forecast_4751,2025-07-17 23:00:00,11914.713059023274,13829.11085087955,9118.210193106092
forecast_4752,2025-07-18 00:00:00,11660.889930218245,14218.601714662893,9171.78474253117
forecast_4753,2025-07-18 01:00:00,12106.871751607037,14701.721945946645,12126.492355002258
forecast_4754,2025-07-18 02:00:00,12314.721126002067,15595.986436942017,11793.136972281116
forecast_4755,2025-07-18 03:00:00,11523.306836248219,14824.657812191663,11397.827673279053
forecast_4756,2025-07-18 04:00:00,11687.09854340889,14346.685514795323,10812.247399784237
forecast_4757,2025-07-18 05:00:00,10667.11126966556,13598.379115261143,9171.016871098554
forecast_4758,2025-07-18 06:00:00,10757.33013028076,12850.667715028056,8996.428720436383
forecast_4759,2025-07-18 07:00:00,10349.192707391307,13347.398264191823,9377.609877610106
forecast_4760,2025-07-18 08:00:00,10070.60605899711,13292.362171200542,9630.932234022875
forecast_4761,2025-07-18 09:00:00,9637.281470672195,12441.387222980022,9352.936768820002
forecast_4762,2025-07-18 10:00:00,8747.374035020674,11227.186063713161,8403.743373087487
forecast_4763,2025-07-18 11:00:00,6932.396020929101,8213.623539271111,5768.984334936159
forecast_4764,2025-07-18 12:00:00,5343.006599070537,5846.772019025594,3951.0319742232
forecast_4765,2025-07-18 13:00:00,3846.0993565788026,3914.889107546049,3465.752117813171
forecast_4766,2025-07-18 14:00:00,3699.4028491231084,3752.8482279511745,3460.323142756126
forecast_4767,2025-07-18 15:00:00,3766.381343285078,3820.3562605168786,3585.242462603997
forecast_4768,2025-07-18 16:00:00,4308.021835177107,5024.192556420377,4050.002808353123
forecast_4769,2025-07-18 17:00:00,5596.6829062182,6960.235834978056,5034.096716631675
forecast_4770,2025-07-18 18:00:00,6902.266793470336,8926.306764171606,6992.8310090778605
forecast_4771,2025-07-18 19:00:00,8283.95402023233,10095.672075864144,7395.117178407529
forecast_4772,2025-07-18 20:00:00,9112.215943565388,10618.891149364708,7798.625310264366
forecast_4773,2025-07-18 21:00:00,9448.616260135326,11544.737215541876,8875.883283313306
forecast_4774,2025-07-18 22:00:00,9821.133583829285,11746.384341852801,8699.143459860326
forecast_4775,2025-07-18 23:00:00,10613.884280905158,12484.363055602644,9618.102683646883
forecast_4776,2025-07-19 00:00:00,10436.674900886226,12392.665442657715,9544.239463442542
forecast_4777,2025-07-19 01:00:00,9266.430918542084,10995.649151606009,7038.473798569695
forecast_4778,2025-07-19 02:00:00,8332.807223055932,10096.537609372179,6472.919747385366
forecast_4779,2025-07-19 03:00:00,6724.2667232973945,7970.037342909583,5489.980435149238
forecast_4780,2025-07-19 04:00:00,6074.624589265379,6973.543512566317,5090.246271514333
forecast_4781,2025-07-19 05:00:00,6117.42769743664,6923.529245843061,5023.886252007176
forecast_4782,2025-07-19 06:00:00,6412.078651852107,7275.088531908166,5025.493605773141
forecast_4783,2025-07-19 07:00:00,6795.213309686168,8349.207124268678,5270.064861896044
forecast_4784,2025-07-19 08:00:00,6853.736053567032,8696.505090614002,5488.608872782407
forecast_4785,2025-07-19 09:00:00,7350.319439806353,9181.17197266373,5603.012577291816
forecast_4786,2025-07-19 10:00:00,8641.892475495344,11115.959163930578,7058.853850731557
forecast_4787,2025-07-19 11:00:00,9685.154968537241,11367.950731941728,8008.180980877722
forecast_4788,2025-07-19 12:00:00,9676.09715281452,12920.571058413638,9022.653104459956
forecast_4789,2025-07-19 13:00:00,9151.900493112282,12109.560973759062,9762.40713254072
forecast_4790,2025-07-19 14:00:00,9245.174972350127,11675.93641334965,10130.542073420258
forecast_4791,2025-07-19 15:00:00,9291.450733620886,11864.188385678079,10972.358833770484
forecast_4792,2025-07-19 16:00:00,9241.239659919078,11887.365517560567,10938.655369651642
forecast_4793,2025-07-19 17:00:00,8831.892455257384,11546.571089336461,10117.279003984537
forecast_4794,2025-07-19 18:00:00,9634.239599920522,11436.461647488633,9890.377559642522
forecast_4795,2025-07-19 19:00:00,10039.104105689117,11780.663470532922,8603.38303360305
forecast_4796,2025-07-19 20:00:00,10439.946967710408,12797.489165923298,10170.384640568549
forecast_4797,2025-07-19 21:00:00,11307.389524659675,13701.019871122848,11075.609574900769
forecast_4798,2025-07-19 22:00:00,11487.601346904386,14306.548200483081,10570.192448455167
forecast_4799,2025-07-19 23:00:00,12014.778933377163,14853.608169628802,10025.315838808774
forecast_4800,2025-07-20 00:00:00,12705.078589783998,14752.763973550047,8490.989477238842
forecast_4801,2025-07-20 01:00:00,12278.298303948668,14366.564461464819,12180.277589883055
forecast_4802,2025-07-20 02:00:00,12394.375679754192,14871.065731140128,12720.965877965542
forecast_4803,2025-07-20 03:00:00,12851.73480426112,14973.56764619,13348.894609671193
forecast_4804,2025-07-20 04:00:00,12586.148496062313,14842.03754722138,12796.506931006963
forecast_4805,2025-07-20 05:00:00,12482.941041659931,14405.541835482709,11671.821707732734
forecast_4806,2025-07-20 06:00:00,11615.26679869544,13264.66185027641,10310.47618863028
forecast_4807,2025-07-20 07:00:00,10795.410234973562,12269.959180042422,9720.60138751735
forecast_4808,2025-07-20 08:00:00,9756.025783327565,11437.388391041493,8968.653061429924
forecast_4809,2025-07-20 09:00:00,9689.490533343816,10799.243623882001,8296.853322362771
forecast_4810,2025-07-20 10:00:00,8861.898802630203,10365.470482611843,7650.342646436258
forecast_4811,2025-07-20 11:00:00,7375.544484999726,8720.42696357529,6467.047550378162
forecast_4812,2025-07-20 12:00:00,6548.039183487712,6933.10306046643,6299.1754044126
forecast_4813,2025-07-20 13:00:00,5917.252722639857,6419.964013020335,5435.996272814973
forecast_4814,2025-07-20 14:00:00,5160.925180361991,5819.469222268002,4962.840488708052
forecast_4815,2025-07-20 15:00:00,4586.042358373749,5230.007127727868,4571.430626531135
forecast_4816,2025-07-20 16:00:00,4296.19739630665,5060.734923771883,4580.661478395018
forecast_4817,2025-07-20 17:00:00,4425.5376718004445,5019.030985071964,4867.461728330919
forecast_4818,2025-07-20 18:00:00,4770.150530151429,5499.656506135999,4493.015085122142
forecast_4819,2025-07-20 19:00:00,5974.166672365536,7256.25935847273,5290.613405203407
forecast_4820,2025-07-20 20:00:00,8699.967983307593,9673.429009541356,7330.665985895267
forecast_4821,2025-07-20 21:00:00,10439.474530417707,11315.90047866213,9274.676978996778
forecast_4822,2025-07-20 22:00:00,12124.494927378828,12826.428241353373,8569.39271586737
forecast_4823,2025-07-20 23:00:00,12759.792406047638,12728.068452782562,8241.485338283324
forecast_4824,2025-07-21 00:00:00,13032.034555966537,12900.864302307426,7983.692957997025
forecast_4825,2025-07-21 01:00:00,13802.692442857058,14095.840306184413,10273.01570284677
forecast_4826,2025-07-21 02:00:00,13482.626734421907,13643.133573526762,10097.862216146721
forecast_4827,2025-07-21 03:00:00,13478.512057561531,13637.373526314124,9548.009789408858
forecast_4828,2025-07-21 04:00:00,11372.041671586112,13230.846019830979,8736.010633523314
forecast_4829,2025-07-21 05:00:00,11198.37724887568,12373.187883267947,7706.801280649218
forecast_4830,2025-07-21 06:00:00,11140.743007533809,11985.922313918602,8546.100138896805
forecast_4831,2025-07-21 07:00:00,11487.800052631128,12158.886750986743,8915.585030591292
forecast_4832,2025-07-21 08:00:00,10866.608876450366,12053.890011024188,8982.988257380359
forecast_4833,2025-07-21 09:00:00,9762.9179993023,10726.593724764276,8380.215416541338
forecast_4834,2025-07-21 10:00:00,8548.736416814983,8730.454709162816,7822.534671200874
forecast_4835,2025-07-21 11:00:00,7041.492743138295,6865.643186000123,6573.304705488543
forecast_4836,2025-07-21 12:00:00,5816.301899825404,5624.356225631514,6263.43049346149
forecast_4837,2025-07-21 13:00:00,5353.779092594687,5064.761715553006,5507.126450589918
forecast_4838,2025-07-21 14:00:00,5338.980354130758,5069.812440759944,5235.002775792413
forecast_4839,2025-07-21 15:00:00,5033.889303921672,5005.481826915199,4538.755179038668
forecast_4840,2025-07-21 16:00:00,5101.703539511783,5073.978859028328,4550.117268760697
forecast_4841,2025-07-21 17:00:00,5472.644296284899,5739.4016318629065,5015.3859532768565
forecast_4842,2025-07-21 18:00:00,6787.6899621710845,7069.202617377595,6146.55426011321
forecast_4843,2025-07-21 19:00:00,10524.396058821303,10783.360873536147,8600.108848216805
forecast_4844,2025-07-21 20:00:00,12218.128376998646,13057.83739382565,11364.12103911965
forecast_4845,2025-07-21 21:00:00,14002.891877587504,14831.977907464672,13383.938047767197
forecast_4846,2025-07-21 22:00:00,14886.647744482496,15042.251780101815,13776.495649112168
forecast_4847,2025-07-21 23:00:00,14484.960455939106,15208.565457381781,13992.806840061434
forecast_4848,2025-07-22 00:00:00,15586.028480422035,15136.454941264788,13425.38991098699
forecast_4849,2025-07-22 01:00:00,14908.752484564075,15075.59998661912,12165.82799905285
forecast_4850,2025-07-22 02:00:00,13939.60179121385,14849.24679246537,12270.35427680104
forecast_4851,2025-07-22 03:00:00,13548.56130241095,14632.054878930165,12576.731176412282
forecast_4852,2025-07-22 04:00:00,13447.159919005679,14262.926802419415,12707.024371838685
forecast_4853,2025-07-22 05:00:00,14200.92504341498,14674.402627586207,13291.725208957198
forecast_4854,2025-07-22 06:00:00,15428.91078093686,15060.587866864525,12460.538821057917
forecast_4855,2025-07-22 07:00:00,15878.664574912587,15617.970206863081,11414.030941665518
forecast_4856,2025-07-22 08:00:00,14852.280050833146,15187.282148243916,10804.512764757028
forecast_4857,2025-07-22 09:00:00,12523.362080785211,12751.183196485099,10101.908052245592
forecast_4858,2025-07-22 10:00:00,8831.871897034302,8822.507211440137,7234.646867380706
forecast_4859,2025-07-22 11:00:00,5515.652428575015,5124.309492183669,4254.468198037437
forecast_4860,2025-07-22 12:00:00,3633.7878963221187,3665.179109310809,3469.3344379509163
forecast_4861,2025-07-22 13:00:00,3611.8196068987572,3478.097110978168,3372.937252142268
forecast_4862,2025-07-22 14:00:00,3985.231071880619,3613.154796849435,3591.776501210927
forecast_4863,2025-07-22 15:00:00,3799.5349757535673,3636.85091893872,3577.7045395118175
forecast_4864,2025-07-22 16:00:00,3817.880144342441,3703.201330356025,3672.5746406358207
forecast_4865,2025-07-22 17:00:00,4367.7419206794175,3635.7389339963433,3634.94794482953
forecast_4866,2025-07-22 18:00:00,4952.911144427082,4725.326964530439,3692.2797812799254
forecast_4867,2025-07-22 19:00:00,5058.081098211928,4130.557701663361,3720.684587809817
forecast_4868,2025-07-22 20:00:00,4063.4161126737195,3915.6875631932407,3760.272669770975
forecast_4869,2025-07-22 21:00:00,5081.048727128017,5095.606864363824,3906.0784244004362
forecast_4870,2025-07-22 22:00:00,6051.830266966192,6146.06546191421,4550.517000219053
forecast_4871,2025-07-22 23:00:00,6832.052387739837,6640.446317531606,5322.840508266696
forecast_4872,2025-07-23 00:00:00,6990.031390501631,6932.74010016642,5578.670938934448
forecast_4873,2025-07-23 01:00:00,7551.881958017559,7422.897716415161,5620.986985559619
forecast_4874,2025-07-23 02:00:00,8515.678628667893,8619.627782102825,5892.876388484746
forecast_4875,2025-07-23 03:00:00,9883.766845734057,9783.429624550492,6201.886818512492
forecast_4876,2025-07-23 04:00:00,9835.318570262094,9900.070396940397,6008.476518669838
forecast_4877,2025-07-23 05:00:00,9319.582558745631,9100.038252110571,5429.381242646694
forecast_4878,2025-07-23 06:00:00,7732.04992702773,7411.834848291414,4669.224402466295
forecast_4879,2025-07-23 07:00:00,5428.997119912328,5296.157504681973,3852.8542087174696
forecast_4880,2025-07-23 08:00:00,3915.842387031597,3945.2567383788014,3600.477533626281
forecast_4881,2025-07-23 09:00:00,3792.4308445236757,3886.5604667749853,3320.1268222684835
forecast_4882,2025-07-23 10:00:00,3839.639854975329,3834.525421068916,3354.7828610575953
forecast_4883,2025-07-23 11:00:00,3081.708852100424,3753.387327579879,2339.870366461609
forecast_4884,2025-07-23 12:00:00,1518.044398538624,1301.3294792168758,43.59832457926787
forecast_4885,2025-07-23 13:00:00,68.3794155375459,53.82600272694318,56.539833833026
forecast_4886,2025-07-23 14:00:00,93.55721743358048,81.7427717576242,104.46020007318495
forecast_4887,2025-07-23 15:00:00,2963.0222706096606,3382.097588024277,3170.0043306364078
forecast_4888,2025-07-23 16:00:00,5328.6520255095365,4238.9997569521865,3961.4501567037596
forecast_4889,2025-07-23 17:00:00,6559.8575935590225,5801.999561365179,5673.516214529094
forecast_4890,2025-07-23 18:00:00,7359.930727352737,5654.07256219243,6059.801513184063
forecast_4891,2025-07-23 19:00:00,3213.7142772348725,3829.233226855603,4619.648167946452
forecast_4892,2025-07-23 20:00:00,3676.438382674712,3387.4250482784705,3237.3254360361043
forecast_4893,2025-07-23 21:00:00,3959.880815375747,4053.100995916039,3743.4319082595734
forecast_4894,2025-07-23 22:00:00,4207.346238443774,4114.224133626931,3625.972306834102
forecast_4895,2025-07-23 23:00:00,5013.108529902252,4858.783257142861,3679.286426622524
forecast_4896,2025-07-24 00:00:00,5283.845899450512,5163.437921194097,3767.380010749332
forecast_4897,2025-07-24 01:00:00,5953.686572705033,5792.792919074827,3918.6454875111503
forecast_4898,2025-07-24 02:00:00,7083.236837199944,6685.932350821612,4281.815663143114
forecast_4899,2025-07-24 03:00:00,8898.82548763513,8411.943188221625,5062.460157557021
forecast_4900,2025-07-24 04:00:00,9844.634268332647,9865.078345402402,5449.379707230796
forecast_4901,2025-07-24 05:00:00,9434.340596997537,9222.4500134589,5288.346267712223
forecast_4902,2025-07-24 06:00:00,7954.220242925093,7542.765731758123,4709.410296581109
forecast_4903,2025-07-24 07:00:00,5402.572717713018,4983.117149602704,3733.748331584073
forecast_4904,2025-07-24 08:00:00,3846.63763260855,3803.461670356975,3589.473728797218
forecast_4905,2025-07-24 09:00:00,3591.670812549985,3409.228596551569,3080.2904445303984
forecast_4906,2025-07-24 10:00:00,3583.34136895882,3891.6887679766787,1102.9805188355995
forecast_4907,2025-07-24 11:00:00,4115.503940973012,5178.52161640927,1657.4289849987335
forecast_4908,2025-07-24 12:00:00,3219.5227387487803,3005.8592750705693,1472.181015822861
forecast_4909,2025-07-24 13:00:00,8.353684674296987,1356.1821421657705,1187.5837510178073
forecast_4910,2025-07-24 14:00:00,4168.124296312839,4772.003805944123,2583.331240714459
forecast_4911,2025-07-24 15:00:00,2321.395055958504,2567.7301711736413,894.6840483194052
forecast_4912,2025-07-24 16:00:00,3839.526507320901,4094.7672715876324,3572.5555856754604
forecast_4913,2025-07-24 17:00:00,2840.5151484545067,3888.9261341050164,3502.462196627178
forecast_4914,2025-07-24 18:00:00,3580.99012960433,4297.355594145672,4078.7184736213467
forecast_4915,2025-07-24 19:00:00,3338.23806915629,3163.669459288424,3772.990721338382
forecast_4916,2025-07-24 20:00:00,3431.2575787308087,3031.034245287325,4229.5538522311845
forecast_4917,2025-07-24 21:00:00,3564.6341422995333,3238.561841300952,3177.230444795331
forecast_4918,2025-07-24 22:00:00,3526.8243019030374,3427.0401601876724,3221.7501241820737
forecast_4919,2025-07-24 23:00:00,3567.7676707688097,3632.291306850863,3199.9368327052357
forecast_4920,2025-07-25 00:00:00,3723.1337625709275,3652.3415512870806,3056.563441829104
forecast_4921,2025-07-25 01:00:00,4080.2191212002635,3923.729847632727,3627.920244918217
forecast_4922,2025-07-25 02:00:00,4271.808565453408,4252.489474508826,3539.6451814759653
forecast_4923,2025-07-25 03:00:00,4116.670140700777,4142.680359293946,3536.931982768515
forecast_4924,2025-07-25 04:00:00,4175.275842931764,4059.2138845900363,3412.6128868250603
forecast_4925,2025-07-25 05:00:00,4028.8752285861588,3927.912571347706,3475.5395821991356
forecast_4926,2025-07-25 06:00:00,4087.1137260457863,4079.830101158572,3590.5313298179326
forecast_4927,2025-07-25 07:00:00,3524.7180996671304,3453.2771755719646,3342.0332081285846
forecast_4928,2025-07-25 08:00:00,3404.5750460688537,3309.260890723941,2462.7877816618025
forecast_4929,2025-07-25 09:00:00,3940.10181778121,3805.9816256320078,2257.7325961372467
forecast_4930,2025-07-25 10:00:00,3995.9608298476305,3447.377265252237,734.5246331610938
forecast_4931,2025-07-25 11:00:00,4304.301651430108,4778.221034362986,2722.4203391537167
forecast_4932,2025-07-25 12:00:00,3122.2023680752704,3069.8277854714083,1232.0791321841145
forecast_4933,2025-07-25 13:00:00,1207.0590822291128,1187.3180647290603,1137.3492350016365
forecast_4934,2025-07-25 14:00:00,2909.5312189504616,3705.6193319875547,3504.9889754597066
forecast_4935,2025-07-25 15:00:00,6192.057037999159,4790.043971873751,2756.0486146208477
forecast_4936,2025-07-25 16:00:00,3906.671788410635,3725.262289707551,3084.394590322793
forecast_4937,2025-07-25 17:00:00,4225.884983502167,3843.194881579335,2783.544225558513
forecast_4938,2025-07-25 18:00:00,4088.198644137004,3534.1094164639003,2966.4773364330495
forecast_4939,2025-07-25 19:00:00,3606.2511676112863,3393.0390673057345,2986.3701873729738
forecast_4940,2025-07-25 20:00:00,3746.9895137684885,3935.106330223788,3494.189261166537
forecast_4941,2025-07-25 21:00:00,3854.040066027511,3777.047120009668,3368.142794832231
forecast_4942,2025-07-25 22:00:00,4223.926427033948,4272.4288392416665,3541.081532041938
forecast_4943,2025-07-25 23:00:00,4263.683414645779,4707.774560560799,3927.8490170007785
forecast_4944,2025-07-26 00:00:00,4545.844676515089,4623.731270266542,3579.439553522909
forecast_4945,2025-07-26 01:00:00,7429.886050487233,7552.738666546969,4892.0885808170115
forecast_4946,2025-07-26 02:00:00,7657.258620134845,7752.403272047868,4894.956304818944
forecast_4947,2025-07-26 03:00:00,7160.339079509431,7077.283330707795,4359.125058273262
forecast_4948,2025-07-26 04:00:00,6427.0552841939625,6572.920122790921,3803.5774627600254
forecast_4949,2025-07-26 05:00:00,4554.625280574594,4536.287074015023,3404.540187117897
forecast_4950,2025-07-26 06:00:00,4019.084872253582,4023.3244612821536,3732.1323427937664
forecast_4951,2025-07-26 07:00:00,4015.337808862848,3967.2839455429817,3398.4365699755986
forecast_4952,2025-07-26 08:00:00,3471.2314732255672,3550.196755659926,3071.809811575594
forecast_4953,2025-07-26 09:00:00,3227.446121018678,3125.7044773105185,2579.0464447466948
forecast_4954,2025-07-26 10:00:00,3904.82031246016,3591.7788975467624,3820.771137264382
forecast_4955,2025-07-26 11:00:00,3903.1825367344063,3837.7984618830433,3432.033524460794
forecast_4956,2025-07-26 12:00:00,3296.16152769705,3152.4140309738254,3098.757091608687
forecast_4957,2025-07-26 13:00:00,1299.6053836536917,1267.4434149138583,2007.3106441452378
forecast_4958,2025-07-26 14:00:00,3098.0843178621353,3166.3080624596128,2185.8404993433555
forecast_4959,2025-07-26 15:00:00,3893.7566089279194,3338.5903680822917,3144.9168166990466
forecast_4960,2025-07-26 16:00:00,6555.790624421758,5898.874985994114,4083.750772609744
forecast_4961,2025-07-26 17:00:00,7349.738644174412,7111.694522890253,5073.277651935265
forecast_4962,2025-07-26 18:00:00,4791.210608866814,5037.933090297886,3532.824200554111
forecast_4963,2025-07-26 19:00:00,3487.208811612394,3557.126798100391,3790.4877836294586
forecast_4964,2025-07-26 20:00:00,3518.64484923564,3589.5776296767394,2876.4745435496247
forecast_4965,2025-07-26 21:00:00,3500.0116657336225,3774.673382911628,3228.410954713991
forecast_4966,2025-07-26 22:00:00,4062.963421437969,4028.290869678238,3463.3557229676053
forecast_4967,2025-07-26 23:00:00,4090.4462909682597,4471.327739703684,3576.1570854793526
forecast_4968,2025-07-27 00:00:00,5597.104718053484,6002.85359038219,3793.9924458590312
forecast_4969,2025-07-27 01:00:00,7389.393757775881,8267.174708457784,5417.242223725372
forecast_4970,2025-07-27 02:00:00,7847.744865090097,8241.893716870945,5313.28962301832
forecast_4971,2025-07-27 03:00:00,7082.739807154164,7641.655604075718,4742.183647065625
forecast_4972,2025-07-27 04:00:00,6749.823987671634,7204.745400490476,4394.606878824216
forecast_4973,2025-07-27 05:00:00,6501.473775765194,6531.901876156791,4222.08743183353
forecast_4974,2025-07-27 06:00:00,6211.560995666098,6711.439057188012,3973.251495318803
forecast_4975,2025-07-27 07:00:00,4836.114626032738,4869.23455641419,3770.837685293119
forecast_4976,2025-07-27 08:00:00,4060.0812646015447,4183.093325208264,3446.7668891312633
forecast_4977,2025-07-27 09:00:00,3873.7958384420413,3863.6875230055753,3191.0035865076443
forecast_4978,2025-07-27 10:00:00,3672.079715903554,3585.8259104630943,3133.5141589901946
forecast_4979,2025-07-27 11:00:00,3420.395688950855,3489.4522158105174,3004.4498807796367
forecast_4980,2025-07-27 12:00:00,2881.1511324232974,3029.246588548759,2879.03678051395
forecast_4981,2025-07-27 13:00:00,3604.899912595852,2731.386980194667,3440.220848658416
forecast_4982,2025-07-27 14:00:00,3269.1248292176037,2993.4675946359935,3072.2258835196385
forecast_4983,2025-07-27 15:00:00,3004.587769308773,3343.8446893282107,3020.870979103204
forecast_4984,2025-07-27 16:00:00,3661.529531392164,3528.841892820359,3399.9608901406455
forecast_4985,2025-07-27 17:00:00,3476.99065166031,3397.3661637721666,3320.36545150141
forecast_4986,2025-07-27 18:00:00,3674.9520383600025,3662.466978428456,3402.776580579455
forecast_4987,2025-07-27 19:00:00,3862.346662281416,3881.3035652091708,3372.034942993164
forecast_4988,2025-07-27 20:00:00,4584.281440563481,4692.02524622431,3817.5204068975463
forecast_4989,2025-07-27 21:00:00,6007.734870331082,6332.352991937242,4335.946014631898
forecast_4990,2025-07-27 22:00:00,7136.109815375567,7502.973808503922,4926.528803104573
forecast_4991,2025-07-27 23:00:00,8727.214505497734,8674.353490841204,5272.8865763028625
forecast_4992,2025-07-28 00:00:00,9540.079600045136,9209.302743254091,5722.05944391378
forecast_4993,2025-07-28 01:00:00,11763.360751667406,12188.373205065474,6804.395100207728
forecast_4994,2025-07-28 02:00:00,12395.848547992964,12452.198613067998,7143.227469838922
forecast_4995,2025-07-28 03:00:00,13272.87489427736,13084.03520300632,7623.255405878189
forecast_4996,2025-07-28 04:00:00,12052.076474043068,12033.158160396564,8029.11746400777
forecast_4997,2025-07-28 05:00:00,10852.338345101653,10540.794392556361,7143.626933312101
forecast_4998,2025-07-28 06:00:00,8486.332360947232,8273.267823633401,5751.9153180757
forecast_4999,2025-07-28 07:00:00,6313.222038804652,6037.418139467554,4568.956988964411
forecast_5000,2025-07-28 08:00:00,4490.848185673853,4480.211573535643,3725.5781007773344
forecast_5001,2025-07-28 09:00:00,3846.190886095518,3835.084181856163,3467.650315022202
forecast_5002,2025-07-28 10:00:00,3728.273169506998,3731.85332137063,3297.2530279530333
forecast_5003,2025-07-28 11:00:00,4249.902654412476,4307.641513314328,3469.951484770259
forecast_5004,2025-07-28 12:00:00,2643.454569194195,2635.106807647687,2862.890100772744
forecast_5005,2025-07-28 13:00:00,6689.814865653344,5818.52108758346,2441.851077622139
forecast_5006,2025-07-28 14:00:00,6594.904490543937,5135.817655898647,2397.6585723042085
forecast_5007,2025-07-28 15:00:00,2749.242823094213,2725.251903222232,2815.5172316752555
forecast_5008,2025-07-28 16:00:00,2307.3930907021454,2368.9970246072644,2571.4730532291123
forecast_5009,2025-07-28 17:00:00,3867.599449530148,4130.221309676968,3351.132014207745
forecast_5010,2025-07-28 18:00:00,3912.6262023858894,3682.180906286417,3569.547139669072
forecast_5011,2025-07-28 19:00:00,3639.5192448193034,4025.1622992680045,4062.4900691450002
forecast_5012,2025-07-28 20:00:00,3770.5332656498495,3500.4526000730953,3133.5998649190196
forecast_5013,2025-07-28 21:00:00,4454.317952393215,4163.914660931701,3188.4510555534207
forecast_5014,2025-07-28 22:00:00,3537.0315982669176,3496.1409841401096,3488.3916892192383
forecast_5015,2025-07-28 23:00:00,3674.0496298044663,3430.9916880142464,3525.1889504679234
forecast_5016,2025-07-29 00:00:00,3611.2334987858776,3334.7059889115653,3957.658498343898
forecast_5017,2025-07-29 01:00:00,3515.1572454784196,3563.3026781216827,3150.9703677117086
forecast_5018,2025-07-29 02:00:00,3594.3013054972785,3586.680338735764,3021.1554952049455
forecast_5019,2025-07-29 03:00:00,3659.2488489209236,3568.8527388164352,3189.6973643623646
forecast_5020,2025-07-29 04:00:00,3536.8253644892807,3748.4926658043178,3255.160929969614
forecast_5021,2025-07-29 05:00:00,3787.018397069972,3910.3973184423735,3140.3178656214736
forecast_5022,2025-07-29 06:00:00,3430.498343178471,3777.020566033862,3076.9250621237093
forecast_5023,2025-07-29 07:00:00,4042.557403578368,4551.1846193706315,1778.1055542493048
forecast_5024,2025-07-29 08:00:00,3737.567623256244,4261.156203775304,1006.931498318712
forecast_5025,2025-07-29 09:00:00,3964.4514657370796,4051.703765082129,17.85375714439237
forecast_5026,2025-07-29 10:00:00,3463.7280503120514,1637.2397944648374,16.564201675750414
forecast_5027,2025-07-29 11:00:00,28.9218601040804,2406.3564430473643,20.907149889750595
forecast_5028,2025-07-29 12:00:00,24.947733410799227,26.20016176465516,20.351328901567566
forecast_5029,2025-07-29 13:00:00,41.383868970989056,46.49648180154254,31.1144272514889
forecast_5030,2025-07-29 14:00:00,5147.9497609340915,5400.3801449337225,2724.2542226775086
forecast_5031,2025-07-29 15:00:00,89.28369611829885,85.59776313090272,1373.9182878566794
forecast_5032,2025-07-29 16:00:00,1830.023227192447,2522.009458751269,45.61555664936012
forecast_5033,2025-07-29 17:00:00,1240.040217742311,1299.3497990924093,30.314644246478736
forecast_5034,2025-07-29 18:00:00,140.55993819805465,1317.759872598975,2491.1141562354437
forecast_5035,2025-07-29 19:00:00,3410.5746611009235,4450.599812578892,3971.260505062825
forecast_5036,2025-07-29 20:00:00,3351.364043191917,3505.9312161906623,6404.83069134219
forecast_5037,2025-07-29 21:00:00,3102.243448826424,2578.310156528714,6116.924944508262
forecast_5038,2025-07-29 22:00:00,3467.8053104291052,3518.786986202561,3424.1762106532697
forecast_5039,2025-07-29 23:00:00,3558.964883142422,3430.974890973765,3415.9591879135255
forecast_5040,2025-07-30 00:00:00,3624.2469668261056,3476.2793566809764,3456.763340212134
forecast_5041,2025-07-30 01:00:00,3490.375501744183,3534.9081440733403,3391.436397644129
forecast_5042,2025-07-30 02:00:00,3522.185961059798,3533.4984507736285,3435.7283083423986
forecast_5043,2025-07-30 03:00:00,3375.9039233021963,3339.534829784071,3307.9180524351605
forecast_5044,2025-07-30 04:00:00,3501.787432319702,3207.511907238165,3124.2453963792186
forecast_5045,2025-07-30 05:00:00,3238.6020561227747,3229.5978319670326,2721.349641212558
forecast_5046,2025-07-30 06:00:00,3446.8346879881833,3469.2167672082855,2816.3669801591764
forecast_5047,2025-07-30 07:00:00,3272.495352356831,3252.1053126609913,3311.7285042877743
forecast_5048,2025-07-30 08:00:00,3893.2699222339274,3398.1554727863136,92.14961751026141
forecast_5049,2025-07-30 09:00:00,3529.660874488935,3026.3660962438885,0.09434293434495088
forecast_5050,2025-07-30 10:00:00,2619.910301618472,2882.5448684909134,24.718317159858746
forecast_5051,2025-07-30 11:00:00,143.213021453594,102.43938436790158,82.12149057659774
forecast_5052,2025-07-30 12:00:00,175.97331802517934,143.6775724035804,92.20878050904729
forecast_5053,2025-07-30 13:00:00,2294.2553916562238,2343.6263997866345,152.93193368119682
forecast_5054,2025-07-30 14:00:00,3157.6940910597677,2873.841877216052,2629.10171492609
forecast_5055,2025-07-30 15:00:00,3361.8700331424925,3049.1462548482664,2735.853983437775
forecast_5056,2025-07-30 16:00:00,2738.766102239136,2767.1599931069627,2429.178271300511
forecast_5057,2025-07-30 17:00:00,2847.8556202720047,2532.284183341505,2137.967087544243
forecast_5058,2025-07-30 18:00:00,2577.4043105166083,2575.127995290507,99.27767245945603
forecast_5059,2025-07-30 19:00:00,2971.4571229291923,3034.819837492833,110.36743798330961
forecast_5060,2025-07-30 20:00:00,2926.180612002159,3010.473922334619,2170.4384806550215
forecast_5061,2025-07-30 21:00:00,3051.145845356393,3026.9294629364535,2212.0707298518732
forecast_5062,2025-07-30 22:00:00,3614.156412300878,3515.0329390132315,2869.157336394356
forecast_5063,2025-07-30 23:00:00,3587.1518497507454,3584.159178684763,2877.0286997101116
forecast_5064,2025-07-31 00:00:00,3863.9842520511083,3836.802619836348,3148.4998203917357
forecast_5065,2025-07-31 01:00:00,4216.128789773659,4240.538371217334,3628.7772206845093
forecast_5066,2025-07-31 02:00:00,4522.106431564122,4496.810876726858,3591.2057303723923
forecast_5067,2025-07-31 03:00:00,4941.667935566398,6159.676414127888,3720.427951633531
forecast_5068,2025-07-31 04:00:00,5052.114560458951,6487.123887887372,3814.826552208443
forecast_5069,2025-07-31 05:00:00,4678.77043616182,6532.99466421798,3815.235901901537
forecast_5070,2025-07-31 06:00:00,4029.6695714579764,3951.529468217951,3779.751570009845
forecast_5071,2025-07-31 07:00:00,4194.157928188623,4154.526349940082,3652.5854044605417
forecast_5072,2025-07-31 08:00:00,3389.498354213193,3411.977115545619,3097.3213247156978
forecast_5073,2025-07-31 09:00:00,3348.67855020122,3603.333458737729,2612.5494768135604
forecast_5074,2025-07-31 10:00:00,3142.8795283524933,3457.758363256235,2349.1555538580737
forecast_5075,2025-07-31 11:00:00,2797.7361244233052,3283.0523164107044,2403.4708647553457
forecast_5076,2025-07-31 12:00:00,3045.8519676941883,3436.7199243813716,2263.611120343017
forecast_5077,2025-07-31 13:00:00,3108.765943105452,3280.5992293932254,2348.891106160532
forecast_5078,2025-07-31 14:00:00,2479.1559229763466,3017.643927811988,2112.116911796335
forecast_5079,2025-07-31 15:00:00,2278.88392457132,2310.769032880361,3626.8377045277157
forecast_5080,2025-07-31 16:00:00,2891.241809862583,2252.272454693564,3428.492990745921
forecast_5081,2025-07-31 17:00:00,2517.1352715782655,2605.109324074596,3644.0877654836136
forecast_5082,2025-07-31 18:00:00,3124.7795334712587,3010.0123533459564,28.39566492108359
forecast_5083,2025-07-31 19:00:00,2987.169979334122,2723.3612293554343,2123.3311242581867
forecast_5084,2025-07-31 20:00:00,2634.289117418227,2700.3500896357496,2588.3173480706673
forecast_5085,2025-07-31 21:00:00,3523.7597292418313,3420.4305337429773,4336.618359193578
forecast_5086,2025-07-31 22:00:00,4147.1137258075805,4107.094366675371,4098.286193313686
forecast_5087,2025-07-31 23:00:00,4209.852494851296,3512.71548795121,4377.444824564486
forecast_5088,2025-08-01 00:00:00,3229.133460772542,2966.126623808699,4265.808166857137
forecast_5089,2025-08-01 01:00:00,3659.4565511694655,3623.5439513678857,3899.2515126685043
forecast_5090,2025-08-01 02:00:00,3616.6809861462334,3252.306288782952,3580.9537511112735
forecast_5091,2025-08-01 03:00:00,3584.62377112028,3337.6496211929784,3527.159111478386
forecast_5092,2025-08-01 04:00:00,3396.599119456329,3208.9834774368237,4364.769312560699
forecast_5093,2025-08-01 05:00:00,3118.5466616373496,3788.8572585844754,3922.6031758161766
forecast_5094,2025-08-01 06:00:00,3462.585008467994,3480.108728714324,32.38584927973896
forecast_5095,2025-08-01 07:00:00,3534.7034166528238,3308.651587787713,23.23812537268984
forecast_5096,2025-08-01 08:00:00,2810.011970039324,2705.3535013795668,15.467627287914661
forecast_5097,2025-08-01 09:00:00,3327.4485345346357,2857.8854337996863,12.60489260755778
forecast_5098,2025-08-01 10:00:00,3322.2344972292117,2804.205513832038,6.530724343933044
forecast_5099,2025-08-01 11:00:00,3829.066773101701,3117.677378689589,87.09659469421325
forecast_5100,2025-08-01 12:00:00,121.84281200815035,1362.197222209131,839.6700747085943
forecast_5101,2025-08-01 13:00:00,139.17728620624803,1167.0957228995228,65.84064681072182
forecast_5102,2025-08-01 14:00:00,60.49766698137838,2961.6514310719535,38.19014584732057
forecast_5103,2025-08-01 15:00:00,52.11991048992166,38.749050440526496,30.78974016211603
forecast_5104,2025-08-01 16:00:00,1797.6334204920358,1749.9652217828566,24.484566386137153
forecast_5105,2025-08-01 17:00:00,1849.9645910101838,2888.1590447485664,14.132865473506142
forecast_5106,2025-08-01 18:00:00,1286.3354795619368,1492.3914021846806,21.60707082789164
forecast_5107,2025-08-01 19:00:00,3090.475382958581,2982.1957360752594,2229.3451804100664
forecast_5108,2025-08-01 20:00:00,3327.3599844474006,3117.9179536169527,2694.3179394004665
forecast_5109,2025-08-01 21:00:00,3175.4937159710967,3224.3298505200514,2731.4603749745834
forecast_5110,2025-08-01 22:00:00,3138.50312761039,3078.9310344979363,2793.154575634192
forecast_5111,2025-08-01 23:00:00,2796.2496089679885,2803.6896885075016,4411.493640381593
forecast_5112,2025-08-02 00:00:00,2842.9642484548117,2794.774254391767,3669.821934163063
forecast_5113,2025-08-02 01:00:00,4166.845534501915,4077.149983930819,3659.4496176546245
forecast_5114,2025-08-02 02:00:00,4665.225279388436,4588.762877994521,3638.908072177967
forecast_5115,2025-08-02 03:00:00,6142.827568008213,5792.775621111703,3859.9359143517077
forecast_5116,2025-08-02 04:00:00,6760.5898527363615,6865.976748774722,4453.2267714185
forecast_5117,2025-08-02 05:00:00,7385.205617646011,7416.537981296483,4846.43389500641
forecast_5118,2025-08-02 06:00:00,8140.068758558971,7989.603821739712,5067.80851217568
forecast_5119,2025-08-02 07:00:00,7461.607156523622,7519.765867064974,4942.45642238917
forecast_5120,2025-08-02 08:00:00,6517.88629492212,6319.287030655309,4135.515515920992
forecast_5121,2025-08-02 09:00:00,5371.5239636704155,5202.3353415218035,3724.9942286737014
forecast_5122,2025-08-02 10:00:00,4459.646458592361,4306.081738045427,3700.7346337997565
forecast_5123,2025-08-02 11:00:00,3343.152724079102,3654.3500537851364,3227.70485240691
forecast_5124,2025-08-02 12:00:00,3521.716444166029,3099.303227240852,2818.762602170934
forecast_5125,2025-08-02 13:00:00,3292.8589946479915,3488.248857089459,3048.4227520278237
forecast_5126,2025-08-02 14:00:00,3698.846872347603,3415.9699587213186,3373.6534420921453
forecast_5127,2025-08-02 15:00:00,3473.385542726353,3658.9111393254816,3120.25961403029
forecast_5128,2025-08-02 16:00:00,2974.2657139024745,3283.2518409047548,2776.3955281170083
forecast_5129,2025-08-02 17:00:00,3412.6029742133865,2828.9567773193166,2731.621919517048
forecast_5130,2025-08-02 18:00:00,3853.867491989283,3498.5387315776925,3332.6854279407066
forecast_5131,2025-08-02 19:00:00,3790.784425478506,3687.727172678821,3064.6767944852913
forecast_5132,2025-08-02 20:00:00,3763.451961012521,3757.486539472399,3572.4931855041777
forecast_5133,2025-08-02 21:00:00,4684.347059698879,4494.258203690972,3708.6692270397607
forecast_5134,2025-08-02 22:00:00,4559.094567764451,4003.4736751228584,4025.667579241774
forecast_5135,2025-08-02 23:00:00,3980.3262369356107,3932.7935031256243,3761.530064138874
forecast_5136,2025-08-03 00:00:00,4338.454644065145,3916.448261393965,3696.805276349628
forecast_5137,2025-08-03 01:00:00,5037.135215929912,4607.827958298197,3820.239745113349
forecast_5138,2025-08-03 02:00:00,4660.864963549933,4487.533520568574,3849.610248891631
forecast_5139,2025-08-03 03:00:00,4622.079853558022,4749.879548933633,3641.64582850637
forecast_5140,2025-08-03 04:00:00,3904.456776082702,4060.263538555639,3607.20293711931
forecast_5141,2025-08-03 05:00:00,3888.165295981628,3885.8857843366113,3517.3528124048044
forecast_5142,2025-08-03 06:00:00,4139.841468329625,4218.712325675211,3381.517574683251
forecast_5143,2025-08-03 07:00:00,3491.153426106148,3586.4949765383553,3165.765190619876
forecast_5144,2025-08-03 08:00:00,2721.8531389195123,3133.22024480987,4037.962358442233
forecast_5145,2025-08-03 09:00:00,3534.489494230176,4065.0215283570633,739.43640346249
forecast_5146,2025-08-03 10:00:00,3740.7288735471043,3469.409257600969,724.2289884889125
forecast_5147,2025-08-03 11:00:00,3540.0314065226385,3390.7982808876823,1192.1294888877273
forecast_5148,2025-08-03 12:00:00,4509.899913095902,4496.544381879403,4644.89870454369
forecast_5149,2025-08-03 13:00:00,5871.939206666528,3333.749619674767,4785.978338521357
forecast_5150,2025-08-03 14:00:00,3427.685758559317,3009.144683469875,2817.701356741623
forecast_5151,2025-08-03 15:00:00,3673.4921156421087,3610.522105311983,3345.7957928587084
forecast_5152,2025-08-03 16:00:00,3565.0085716211743,3582.324691863111,3289.54793702716
forecast_5153,2025-08-03 17:00:00,4153.29944825084,4193.598350582649,3756.2430512520873
forecast_5154,2025-08-03 18:00:00,4557.9580752272,4550.705568019684,3704.1352339853825
forecast_5155,2025-08-03 19:00:00,4291.70240374834,3962.7124094342494,3960.327854457697
forecast_5156,2025-08-03 20:00:00,4113.192906106915,4328.230387298426,3861.64156731731
forecast_5157,2025-08-03 21:00:00,4407.2892716874085,4782.578031755452,3847.2734480573035
forecast_5158,2025-08-03 22:00:00,5516.238679670926,6504.449559065334,4442.975748014148
forecast_5159,2025-08-03 23:00:00,6613.255038543378,7093.90858203703,4869.409998682022
forecast_5160,2025-08-04 00:00:00,6775.280937551709,9081.849761977173,5273.210162226237
forecast_5161,2025-08-04 01:00:00,8417.076254938565,8920.251635660996,6712.163780114928
forecast_5162,2025-08-04 02:00:00,9252.520652640027,10132.850926951622,7519.3815286415775
forecast_5163,2025-08-04 03:00:00,10085.287961319762,10966.491233873005,8647.682953132475
forecast_5164,2025-08-04 04:00:00,9759.272283616856,10484.726861959623,8524.335089916653
forecast_5165,2025-08-04 05:00:00,11389.017935839129,14014.10001029577,7988.021604011631
forecast_5166,2025-08-04 06:00:00,10431.861800606352,12470.076236578958,7789.281427618984
forecast_5167,2025-08-04 07:00:00,9917.35934255402,11271.358940792577,7367.178777629308
forecast_5168,2025-08-04 08:00:00,8646.147854286797,10720.301045399137,6869.518971153432
forecast_5169,2025-08-04 09:00:00,8927.215014374055,10713.930761812768,6767.082146873467
forecast_5170,2025-08-04 10:00:00,8862.961525168303,9901.298545435206,6710.682545816615
forecast_5171,2025-08-04 11:00:00,9061.307625272728,10592.724332568467,6580.860112471544
forecast_5172,2025-08-04 12:00:00,9004.41064139714,10270.623745871237,7314.001500857816
forecast_5173,2025-08-04 13:00:00,7352.588076106796,7829.352316014278,5623.592809943131
forecast_5174,2025-08-04 14:00:00,6055.205722146801,5733.227949462451,4392.934993412778
forecast_5175,2025-08-04 15:00:00,5560.9715618188475,5048.708306008467,4415.022560596529
forecast_5176,2025-08-04 16:00:00,5817.738978350889,5526.156875892596,4613.984891952093
forecast_5177,2025-08-04 17:00:00,5897.82491449584,5755.494767346386,5393.674722497275
forecast_5178,2025-08-04 18:00:00,6000.373565135896,5876.806410133223,5676.903368065544
forecast_5179,2025-08-04 19:00:00,6341.230389802067,6167.1764915931735,6095.386017895057
forecast_5180,2025-08-04 20:00:00,6116.6933704529965,6415.569394503197,5552.586200990923
forecast_5181,2025-08-04 21:00:00,7192.076739461745,6900.258292719279,7252.8080779550955
forecast_5182,2025-08-04 22:00:00,7334.421659853772,7937.818149628265,6745.432396626821
forecast_5183,2025-08-04 23:00:00,8100.324536414587,8797.445535007628,7707.061388965608
forecast_5184,2025-08-05 00:00:00,7994.41567220644,8882.739909098878,8457.686557404077
forecast_5185,2025-08-05 01:00:00,4254.872050499389,4184.912257439306,3833.902763058919
forecast_5186,2025-08-05 02:00:00,4234.9112461137765,4233.2345574399715,3764.7364909139583
forecast_5187,2025-08-05 03:00:00,3861.8919319953325,3894.1151281147872,3722.384347702149
forecast_5188,2025-08-05 04:00:00,3897.8186853104676,4134.86389029101,3617.3570984102407
forecast_5189,2025-08-05 05:00:00,4334.683468186806,4452.5846518072785,3746.2391601124204
forecast_5190,2025-08-05 06:00:00,3969.806826168163,4079.1436766754005,3520.8134669303035
forecast_5191,2025-08-05 07:00:00,3872.2931414970108,4081.082735865243,3658.775510421697
forecast_5192,2025-08-05 08:00:00,3915.0483655445732,3973.7095401572024,3307.9958342316527
forecast_5193,2025-08-05 09:00:00,3758.095186191582,3890.917364982428,3288.664053152553
forecast_5194,2025-08-05 10:00:00,3857.191225325859,3814.0309345381993,3332.440849397611
forecast_5195,2025-08-05 11:00:00,4405.81607014086,4289.234642677414,3665.421178808278
forecast_5196,2025-08-05 12:00:00,3829.2784497883963,3701.334524758568,3453.758657069602
forecast_5197,2025-08-05 13:00:00,3885.8165454795367,3951.1929536898706,3511.8515484056243
forecast_5198,2025-08-05 14:00:00,4807.979433097634,4281.325892504576,3883.160124890225
forecast_5199,2025-08-05 15:00:00,6655.853655472134,6942.286363249621,4632.127585614576
forecast_5200,2025-08-05 16:00:00,7779.159116525032,7777.993280549244,5242.51098431819
forecast_5201,2025-08-05 17:00:00,6757.4519862944235,6468.451486667013,4932.809411582143
forecast_5202,2025-08-05 18:00:00,6409.589378000122,6213.922419328826,4650.30505625246
forecast_5203,2025-08-05 19:00:00,6297.117562230533,6403.680518656261,4689.447843752598
forecast_5204,2025-08-05 20:00:00,6735.564231300541,7257.580264671307,5273.687962318328
forecast_5205,2025-08-05 21:00:00,6825.003821833958,7787.84131998136,5755.15906224005
forecast_5206,2025-08-05 22:00:00,7579.781876755541,8140.748864148919,5959.975943625066
forecast_5207,2025-08-05 23:00:00,7267.862710352468,8932.158275165912,6380.605345231453
forecast_5208,2025-08-06 00:00:00,8111.088284624654,9401.59096110737,6832.342592410115
forecast_5209,2025-08-06 01:00:00,12551.26788636236,14245.76586646898,12689.64004761225
forecast_5210,2025-08-06 02:00:00,12694.06060362331,14396.219619958518,13300.623152457196
forecast_5211,2025-08-06 03:00:00,13035.9753985958,15292.280998272186,13405.874349128571
forecast_5212,2025-08-06 04:00:00,13599.972650071668,15594.114053002162,13783.841035564841
forecast_5213,2025-08-06 05:00:00,14158.223441136104,16239.525788590114,14131.727715925537
forecast_5214,2025-08-06 06:00:00,14826.144258584469,16325.011558980568,14931.729626952476
forecast_5215,2025-08-06 07:00:00,14330.429897017055,16030.37684874588,14708.72902242116
forecast_5216,2025-08-06 08:00:00,14817.703191908862,16173.057201516789,14863.953832424251
forecast_5217,2025-08-06 09:00:00,14631.161439671354,16186.669574777477,14417.132241567706
forecast_5218,2025-08-06 10:00:00,14558.767343590102,16341.146477364347,14888.455934814141
forecast_5219,2025-08-06 11:00:00,14579.286005700744,16707.978591842446,15492.392145197451
forecast_5220,2025-08-06 12:00:00,14448.179760975903,16986.280877849425,15929.535400413244
forecast_5221,2025-08-06 13:00:00,14252.5989984018,16986.81518300759,15473.572790082053
forecast_5222,2025-08-06 14:00:00,13808.712360686588,16466.002071085688,15340.41030811176
forecast_5223,2025-08-06 15:00:00,13355.327726602904,15881.492811391074,14883.266600096898
forecast_5224,2025-08-06 16:00:00,13402.328589112918,15595.548445452236,14119.28495822431
forecast_5225,2025-08-06 17:00:00,13344.438742352417,15515.565114330042,13791.539970413958
forecast_5226,2025-08-06 18:00:00,13740.112771074646,16244.104259252537,14338.736195064253
forecast_5227,2025-08-06 19:00:00,14553.820276543753,16848.462426574453,15929.904103556655
forecast_5228,2025-08-06 20:00:00,15111.114400275232,17563.03276428638,17097.585132591714
forecast_5229,2025-08-06 21:00:00,16024.883550919973,17686.830664007462,17734.60088964481
forecast_5230,2025-08-06 22:00:00,15456.117266914842,17645.080112830157,17850.485615808368
forecast_5231,2025-08-06 23:00:00,15165.591285145818,17699.82955094121,17569.279959169082
forecast_5232,2025-08-07 00:00:00,14918.625290412798,17597.31072158349,16702.7876374811
forecast_5233,2025-08-07 01:00:00,13795.773830345455,16898.36945293197,14917.797592332437
forecast_5234,2025-08-07 02:00:00,14044.399689588345,16903.96912913595,14924.306792808658
forecast_5235,2025-08-07 03:00:00,14633.06020620145,16885.19767310421,15099.753860163644
forecast_5236,2025-08-07 04:00:00,14657.641311426441,17043.221331578403,14976.539645971161
forecast_5237,2025-08-07 05:00:00,14100.146691732056,16385.578082104817,14709.668004646172
forecast_5238,2025-08-07 06:00:00,13836.67615971831,15395.580845888408,13318.56300073107
forecast_5239,2025-08-07 07:00:00,12599.957472444996,13965.43626686445,11828.069698819309
forecast_5240,2025-08-07 08:00:00,10948.449930373014,12338.593417514881,9581.258616222492
forecast_5241,2025-08-07 09:00:00,9149.887612714027,9530.675816322682,6730.7923765723735
forecast_5242,2025-08-07 10:00:00,6308.725075270965,6543.636507218279,4420.654564168536
forecast_5243,2025-08-07 11:00:00,5015.923413873309,4867.733204256064,3650.657826669983
forecast_5244,2025-08-07 12:00:00,3881.064376232119,3745.2931068068415,3293.8097284449664
forecast_5245,2025-08-07 13:00:00,3824.8579769785565,3554.3426800493344,3221.059691756666
forecast_5246,2025-08-07 14:00:00,3882.9067421896025,3678.2493728350087,3509.475720660499
forecast_5247,2025-08-07 15:00:00,5067.610699193441,5130.3570109440225,3729.727995296717
forecast_5248,2025-08-07 16:00:00,6233.883074555008,6017.878428933164,4103.932965698873
forecast_5249,2025-08-07 17:00:00,3571.9457204329033,3703.2620018624903,3941.7842058131255
forecast_5250,2025-08-07 18:00:00,3652.1591824977977,4025.6384975124092,3990.3874522770616
forecast_5251,2025-08-07 19:00:00,3696.4595568816135,3865.4616311617806,3547.901401570111
forecast_5252,2025-08-07 20:00:00,3903.2374108084164,3908.9141599045774,3793.3505375116565
forecast_5253,2025-08-07 21:00:00,3770.8681228790438,3729.1559530900918,3536.6774556158866
forecast_5254,2025-08-07 22:00:00,3794.6725982651956,3859.6715042293386,3625.35253018928
forecast_5255,2025-08-07 23:00:00,5322.8744505167915,5534.229131992965,4031.565724052132
forecast_5256,2025-08-08 00:00:00,6051.897559049409,6441.755370432937,4541.595461566651
forecast_5257,2025-08-08 01:00:00,5479.375995316616,5759.369592474828,4027.804535106726
forecast_5258,2025-08-08 02:00:00,5958.05323210141,6095.6649081569885,3934.695710437607
forecast_5259,2025-08-08 03:00:00,5909.01129004542,5744.320953614847,3801.017885998209
forecast_5260,2025-08-08 04:00:00,5097.097438271477,4959.406931265085,3663.438873774151
forecast_5261,2025-08-08 05:00:00,3955.8014480613574,3878.1906203315825,3722.638049230292
forecast_5262,2025-08-08 06:00:00,3812.941402750556,4216.055130364188,3705.4117697904917
forecast_5263,2025-08-08 07:00:00,3681.5825906464797,3473.400026310896,2905.6908028005173
forecast_5264,2025-08-08 08:00:00,3191.1348530264636,3511.321981376319,1908.873519579519
forecast_5265,2025-08-08 09:00:00,2717.982690403435,3019.5819447857375,14.820025141312565
forecast_5266,2025-08-08 10:00:00,3604.104525649096,3497.2163062598047,0.03331009833461511
forecast_5267,2025-08-08 11:00:00,1245.4160683367334,1739.8403274661434,73.72960071287766
forecast_5268,2025-08-08 12:00:00,186.46308406249008,178.83614322589472,156.40078754295695
forecast_5269,2025-08-08 13:00:00,186.43848420233206,191.339277122533,157.1049235240327
forecast_5270,2025-08-08 14:00:00,105.8132780414151,114.68715661177801,100.73513541351457
forecast_5271,2025-08-08 15:00:00,8.706086878084315,5121.120588749376,4210.162728980531
forecast_5272,2025-08-08 16:00:00,5498.819443895635,7263.812769867348,4561.548288528993
forecast_5273,2025-08-08 17:00:00,5846.325730611486,6836.522928739747,4170.989978557339
forecast_5274,2025-08-08 18:00:00,1799.5601514823022,4111.7510230227535,2711.386872319168
forecast_5275,2025-08-08 19:00:00,3440.8536182464386,4476.493959509384,3027.9279886951854
forecast_5276,2025-08-08 20:00:00,4310.479956008579,4689.256642784878,3874.67405534701
forecast_5277,2025-08-08 21:00:00,5457.632616536949,5680.816463887105,5685.228698378988
forecast_5278,2025-08-08 22:00:00,3573.584383132914,3628.308970882863,3886.2303446467026
forecast_5279,2025-08-08 23:00:00,3849.072277046529,3579.6500051377857,3399.6407887193786
forecast_5280,2025-08-09 00:00:00,4274.125679008264,4358.527566403655,3525.566462633599
forecast_5281,2025-08-09 01:00:00,3865.068162238101,3835.13845670541,3618.1186209699404
forecast_5282,2025-08-09 02:00:00,3824.777323266623,3804.0497770814372,3358.5292201480192
forecast_5283,2025-08-09 03:00:00,3989.45477824112,4127.305872264206,3395.259060278401
forecast_5284,2025-08-09 04:00:00,4956.0035189803875,4859.278637654988,3680.222478463252
forecast_5285,2025-08-09 05:00:00,4810.910217353509,4963.336230041985,3487.7591261920365
forecast_5286,2025-08-09 06:00:00,4626.208414974084,4696.212795918263,3676.7250034372014
forecast_5287,2025-08-09 07:00:00,4535.371066172131,4648.780348213128,3575.535666551041
forecast_5288,2025-08-09 08:00:00,4243.089385388289,4042.2093822301395,3642.1237102084497
forecast_5289,2025-08-09 09:00:00,3882.843458440133,3897.4950898039406,3519.8192357424423
forecast_5290,2025-08-09 10:00:00,4054.2601916627855,3803.275911632475,3543.5541848067223
forecast_5291,2025-08-09 11:00:00,4003.5583149463178,3992.5848580275565,3617.0976890565203
forecast_5292,2025-08-09 12:00:00,4131.624907358586,4173.638721441223,3656.600935016659
forecast_5293,2025-08-09 13:00:00,3948.3996725504053,3950.742522201683,3728.365750139474
forecast_5294,2025-08-09 14:00:00,3855.76620276567,4000.973934960913,3226.537096405909
forecast_5295,2025-08-09 15:00:00,4026.2007277892912,3639.6005418214627,3378.34918099598
forecast_5296,2025-08-09 16:00:00,4007.1906089379468,3704.7522577719496,3387.662937367537
forecast_5297,2025-08-09 17:00:00,3869.2342368619384,3845.960251928045,3587.265334850789
forecast_5298,2025-08-09 18:00:00,3349.065962719226,3306.2252037121075,3158.078245242245
forecast_5299,2025-08-09 19:00:00,3852.471283361435,3939.860560715875,3561.713418070133
forecast_5300,2025-08-09 20:00:00,4006.7485942098806,4543.044309420388,3690.1240374475574
forecast_5301,2025-08-09 21:00:00,5079.182193445306,4858.984567437566,3711.2607476532266
forecast_5302,2025-08-09 22:00:00,5217.936366172507,4862.526056663133,3719.7959296170125
forecast_5303,2025-08-09 23:00:00,4507.511330495062,4719.900706403261,3741.052989028012
forecast_5304,2025-08-10 00:00:00,4424.496987919322,4491.263045295001,3634.972680583197
forecast_5305,2025-08-10 01:00:00,3177.326639596029,3052.4946904683115,3173.5417060327945
forecast_5306,2025-08-10 02:00:00,3310.996881331446,3319.7131562557574,3224.1264771192346
forecast_5307,2025-08-10 03:00:00,3497.768297045436,3898.0561071351053,3049.4077647138774
forecast_5308,2025-08-10 04:00:00,3701.7176749387113,2944.4956353967077,2335.6846425212575
forecast_5309,2025-08-10 05:00:00,2779.38949384814,2860.8865605828155,2814.830729271106
forecast_5310,2025-08-10 06:00:00,3161.966880563821,3747.548217626039,2648.915200296009
forecast_5311,2025-08-10 07:00:00,2986.772243164197,3760.7214805370545,2538.0374954724057
forecast_5312,2025-08-10 08:00:00,2874.295078597164,3351.1203601088932,807.1156692220015
forecast_5313,2025-08-10 09:00:00,3064.9421654435278,2817.821576319507,1126.0383916634846
forecast_5314,2025-08-10 10:00:00,3221.45217396198,3578.2934906888636,2663.6582010263955
forecast_5315,2025-08-10 11:00:00,3217.0476537234986,3590.1183383348693,2720.798450100378
forecast_5316,2025-08-10 12:00:00,3167.0986579135542,3714.57621292292,3005.879977960562
forecast_5317,2025-08-10 13:00:00,2688.2050449294807,2848.8990674358765,2555.3783855635597
forecast_5318,2025-08-10 14:00:00,2983.4429125383786,2955.3611628731537,2792.217935199602
forecast_5319,2025-08-10 15:00:00,2931.46264782466,2623.0655367796007,2657.7630669534965
forecast_5320,2025-08-10 16:00:00,2747.63536610921,3368.0518198694335,2961.6362164615216
forecast_5321,2025-08-10 17:00:00,1747.5357698258053,2981.171025787705,1246.4589627333696
forecast_5322,2025-08-10 18:00:00,2391.181725917052,2493.457093760648,34.66760141396033
forecast_5323,2025-08-10 19:00:00,2289.5858893044183,2387.1187417248702,16.227522651792526
forecast_5324,2025-08-10 20:00:00,2837.0707709773283,3399.0732943858957,6.810533834093908
forecast_5325,2025-08-10 21:00:00,3067.883398460663,3436.027019827524,9.027666869058107
forecast_5326,2025-08-10 22:00:00,3528.2614984660772,3990.899021236966,1084.1202538084306
forecast_5327,2025-08-10 23:00:00,3542.7103339147693,4001.324024769821,7.724084361854781
forecast_5328,2025-08-11 00:00:00,3158.1280403863825,3380.0360104919764,7.832901387015061
forecast_5329,2025-08-11 01:00:00,3299.44842670725,3095.690297061972,8.616343479124643
forecast_5330,2025-08-11 02:00:00,4556.647924478913,3845.459545976147,13.551204445153722
forecast_5331,2025-08-11 03:00:00,3766.180023729998,3581.2842183404255,1532.0974792780087
forecast_5332,2025-08-11 04:00:00,3897.0196026601484,3776.0836617082487,2386.0541493825576
forecast_5333,2025-08-11 05:00:00,3287.843549138629,3833.3602111116284,1984.4070221989773
forecast_5334,2025-08-11 06:00:00,2813.370010699719,3550.598277002382,28.148747102846915
forecast_5335,2025-08-11 07:00:00,2529.084376889361,3274.32941720628,17.45255130885268
forecast_5336,2025-08-11 08:00:00,2805.6066525688616,2739.245505686874,7.092948759182883
forecast_5337,2025-08-11 09:00:00,3587.2945598920837,3436.405048265561,7.008950589323922
forecast_5338,2025-08-11 10:00:00,3065.69197676024,3179.817697544136,0.04700165749040922
forecast_5339,2025-08-11 11:00:00,2899.5599175079656,3359.519570337438,0.0
forecast_5340,2025-08-11 12:00:00,3408.6833301640554,3013.2574920208785,0.0
forecast_5341,2025-08-11 13:00:00,1217.371077613723,1665.508970932144,0.0
forecast_5342,2025-08-11 14:00:00,3172.696991523893,2697.460075420132,2.9403796071401374
forecast_5343,2025-08-11 15:00:00,1943.0993052300869,2683.3674827355726,2067.03453926028
forecast_5344,2025-08-11 16:00:00,26.051682738795837,16.937987295945277,12.885897525404703
forecast_5345,2025-08-11 17:00:00,2725.4917487302077,3867.9362314331042,2078.251613277569
forecast_5346,2025-08-11 18:00:00,3766.7313746916752,4519.359432255898,3515.7019410758994
forecast_5347,2025-08-11 19:00:00,4097.2727938285625,4575.0187051244775,2411.445839110943
forecast_5348,2025-08-11 20:00:00,3831.669399748948,4912.214301851374,1294.8091166638806
forecast_5349,2025-08-11 21:00:00,4095.130837030506,4460.352383958599,3456.1621009692876
forecast_5350,2025-08-11 22:00:00,3698.818597194991,3879.359551428987,3804.5016771707365
forecast_5351,2025-08-11 23:00:00,3517.819151475424,3036.136829324876,2647.356571590208
forecast_5352,2025-08-12 00:00:00,3671.6196516748287,3209.7149181058485,2974.831501142733
forecast_5353,2025-08-12 01:00:00,3718.815534236295,3754.2372952589517,3373.0057960326753
forecast_5354,2025-08-12 02:00:00,4121.75952711084,3905.7244483309864,3407.2100776385173
forecast_5355,2025-08-12 03:00:00,4120.920514079322,4259.138003384283,3858.671913434045
forecast_5356,2025-08-12 04:00:00,3768.806556072645,3651.0336119262997,3574.533389013957
forecast_5357,2025-08-12 05:00:00,3720.7793672542452,3752.348662041599,3537.0379390069866
forecast_5358,2025-08-12 06:00:00,3677.521789039488,3645.7700470507193,3183.7426954752927
forecast_5359,2025-08-12 07:00:00,3383.7407496186847,3511.042891814846,2544.163667090028
forecast_5360,2025-08-12 08:00:00,2736.623010352544,3388.5319302201488,267.81650343890675
forecast_5361,2025-08-12 09:00:00,3234.880936881125,3651.5826478855465,1086.0499699140917
forecast_5362,2025-08-12 10:00:00,2703.876642475732,2653.800487942695,1210.2071964660797
forecast_5363,2025-08-12 11:00:00,3379.4752068081416,2932.2059391026423,1323.632539929519
forecast_5364,2025-08-12 12:00:00,4085.1822736947006,3520.192891420682,1307.1955074798993
forecast_5365,2025-08-12 13:00:00,6056.282303478669,3679.3537306544163,3959.76803465466
forecast_5366,2025-08-12 14:00:00,5041.440892272222,4931.02886909605,2799.1533717398415
forecast_5367,2025-08-12 15:00:00,4588.479201685385,4343.5078861171305,2450.5822090227007
forecast_5368,2025-08-12 16:00:00,6662.65723655524,5232.294422423021,3354.090414933625
forecast_5369,2025-08-12 17:00:00,4204.244643045125,3464.9991117099976,3021.556682122131
forecast_5370,2025-08-12 18:00:00,3422.6518970508605,3694.4700350684957,2805.3152172574596
forecast_5371,2025-08-12 19:00:00,3730.176924735092,3476.3482646373714,2876.2158174923816
forecast_5372,2025-08-12 20:00:00,3399.4815288525324,3424.2936973506935,2993.7684637389434
forecast_5373,2025-08-12 21:00:00,3512.6155167342104,3474.42248322626,3381.525308041699
forecast_5374,2025-08-12 22:00:00,3858.1309708940776,3806.038705105429,3424.125281801046
forecast_5375,2025-08-12 23:00:00,3738.923338939532,3668.0520213819345,3575.383779887714
forecast_5376,2025-08-13 00:00:00,3665.340157735641,3597.33214188315,3385.627573046125
forecast_5377,2025-08-13 01:00:00,4346.464263303903,4305.087920227272,3743.279355933371
forecast_5378,2025-08-13 02:00:00,4544.597893687279,4399.47160418324,3747.1351830297854
forecast_5379,2025-08-13 03:00:00,4734.803069900859,4351.692910835166,3529.24147199889
forecast_5380,2025-08-13 04:00:00,4176.116681360837,4204.1519231569355,3386.0517491873165
forecast_5381,2025-08-13 05:00:00,4517.545118504744,4703.121922512312,3631.332481095091
forecast_5382,2025-08-13 06:00:00,6474.2676120776705,6712.278485241359,4002.618117768863
forecast_5383,2025-08-13 07:00:00,7179.529165565001,7533.683804249957,4890.260345875361
forecast_5384,2025-08-13 08:00:00,6937.372333478605,7804.423794524279,5069.675947076746
forecast_5385,2025-08-13 09:00:00,7339.491497356996,8105.387558166677,5995.943271364069
forecast_5386,2025-08-13 10:00:00,7450.075659950755,9184.36001409195,6531.385269092344
forecast_5387,2025-08-13 11:00:00,7528.693976252927,9015.585310046545,6763.836574085932
forecast_5388,2025-08-13 12:00:00,6777.7745272159555,8028.571408717005,6105.22564308434
forecast_5389,2025-08-13 13:00:00,6739.5481385023995,9072.84679720343,6101.7536786694
forecast_5390,2025-08-13 14:00:00,7733.904166771308,9047.142153396337,6526.7723108046885
forecast_5391,2025-08-13 15:00:00,7355.819878005199,9397.275105871087,7370.428769808805
forecast_5392,2025-08-13 16:00:00,7589.3413045207735,9979.708640486324,7593.897107213486
forecast_5393,2025-08-13 17:00:00,7587.486833673514,11276.901412508874,7765.645771337889
forecast_5394,2025-08-13 18:00:00,8183.653709540961,12696.516788008414,8446.011288214799
forecast_5395,2025-08-13 19:00:00,9921.428352440644,13970.550013638214,10827.60973734306
forecast_5396,2025-08-13 20:00:00,13117.950737014875,16579.976709240007,15187.232089723206
forecast_5397,2025-08-13 21:00:00,15054.936077798046,16985.103860841657,17501.15240009527
forecast_5398,2025-08-13 22:00:00,15757.493648526135,17919.947733353754,17979.088950998706
forecast_5399,2025-08-13 23:00:00,15785.691100415926,18034.68691772079,18065.198948380923
forecast_5400,2025-08-14 00:00:00,15700.845475622575,18023.10414749779,18113.652367826937
forecast_5401,2025-08-14 01:00:00,16332.40721701273,18465.68737760028,18171.65531250254
forecast_5402,2025-08-14 02:00:00,15954.881613370013,18237.547087216622,18141.462680071265
forecast_5403,2025-08-14 03:00:00,15780.98137837785,18206.32220077538,17921.418331498244
forecast_5404,2025-08-14 04:00:00,15123.190248942677,17856.09141581608,16940.497157119833
forecast_5405,2025-08-14 05:00:00,15050.440706688381,17967.12728733269,16388.678557259354
forecast_5406,2025-08-14 06:00:00,14215.200202412616,16612.91593147098,15249.68364737424
forecast_5407,2025-08-14 07:00:00,13625.571267272982,16208.139322134028,14787.668512625676
forecast_5408,2025-08-14 08:00:00,13729.125233777235,17159.894300111628,14364.567667659885
forecast_5409,2025-08-14 09:00:00,13933.086207800814,16238.210548204877,14298.657870046172
forecast_5410,2025-08-14 10:00:00,13810.467221893663,16057.192646567175,13619.043120764767
forecast_5411,2025-08-14 11:00:00,13072.808929683933,15319.574002723588,12887.40101108948
forecast_5412,2025-08-14 12:00:00,12583.170263926875,14251.85703723394,12322.825975914371
forecast_5413,2025-08-14 13:00:00,12046.641851284438,13996.85979759531,11624.822431596642
forecast_5414,2025-08-14 14:00:00,11966.123001599168,13394.915087526631,11210.444102083336
forecast_5415,2025-08-14 15:00:00,11911.545540068379,14000.27655425459,11715.488202779141
forecast_5416,2025-08-14 16:00:00,12344.791801665098,14297.309043371153,12041.639009502827
forecast_5417,2025-08-14 17:00:00,11805.753575311372,13491.233265201068,12265.64055142813
forecast_5418,2025-08-14 18:00:00,12164.324734540514,14352.873549241182,11408.845481679136
forecast_5419,2025-08-14 19:00:00,12526.301547805482,14921.446237705431,11441.645242570872
forecast_5420,2025-08-14 20:00:00,13639.854943753893,15603.46643483704,12264.97087487069
forecast_5421,2025-08-14 21:00:00,14165.770492097277,16046.878938577633,13046.757396045636
forecast_5422,2025-08-14 22:00:00,14838.005083383683,16292.589688067443,13022.596864484378
forecast_5423,2025-08-14 23:00:00,14823.655281924988,15913.915200145175,12559.906649236207
forecast_5424,2025-08-15 00:00:00,14577.18429336536,15742.165924915571,12209.916261564931
forecast_5425,2025-08-15 01:00:00,14424.21837868774,14646.835463507003,10082.606666578879
forecast_5426,2025-08-15 02:00:00,13054.02559028121,13620.286592274979,9252.512961763576
forecast_5427,2025-08-15 03:00:00,11820.75481795626,12915.72541353736,8245.788520649616
forecast_5428,2025-08-15 04:00:00,11347.232944102292,11997.557298743079,7268.92026305714
forecast_5429,2025-08-15 05:00:00,11339.578524741613,11438.485624786752,6166.541048155751
forecast_5430,2025-08-15 06:00:00,10247.377525175545,10077.394001330083,5302.720489317351
forecast_5431,2025-08-15 07:00:00,8479.926133904904,8278.76615909162,4336.323951447312
forecast_5432,2025-08-15 08:00:00,5585.544000317659,5209.540370957763,3760.9723752446
forecast_5433,2025-08-15 09:00:00,3951.8547224248696,4137.272936273992,3486.58450202448
forecast_5434,2025-08-15 10:00:00,3733.9809685747587,3788.6999202435595,3177.3127471661815
forecast_5435,2025-08-15 11:00:00,3184.014750782228,3123.4477540302278,3170.950932621496
forecast_5436,2025-08-15 12:00:00,3451.8849350240657,3301.3138190140357,2995.6517914782044
forecast_5437,2025-08-15 13:00:00,3505.6395207795213,3305.9259544268057,3064.771651488373
forecast_5438,2025-08-15 14:00:00,3765.3235905843226,3639.458982964994,3132.987328973024
forecast_5439,2025-08-15 15:00:00,3644.2848475432056,4056.3477599560706,3243.202201382491
forecast_5440,2025-08-15 16:00:00,3471.764658376332,3889.6708695860984,3022.1632337559568
forecast_5441,2025-08-15 17:00:00,3412.5976784188347,3475.0028244684854,2917.6107231378855
forecast_5442,2025-08-15 18:00:00,3349.133888589239,3504.3720445559784,2415.234586901804
forecast_5443,2025-08-15 19:00:00,3492.888466297834,3488.8339690549483,2757.648133652278
forecast_5444,2025-08-15 20:00:00,3843.004235154886,3841.5069629249474,3464.2954204406747
forecast_5445,2025-08-15 21:00:00,5043.777993859826,5039.215736010158,3706.534796159044
forecast_5446,2025-08-15 22:00:00,5748.856503525088,6251.610253540892,3981.669677976329
forecast_5447,2025-08-15 23:00:00,7507.052224699681,7665.639630507542,4917.814033467193
forecast_5448,2025-08-16 00:00:00,8104.167241888066,8166.2101372944335,5622.385968894869
forecast_5449,2025-08-16 01:00:00,10696.646120433801,11028.7669125991,7748.206088947156
forecast_5450,2025-08-16 02:00:00,10786.88929266509,11568.04637860435,8034.930226324245
forecast_5451,2025-08-16 03:00:00,11454.846283336072,12382.55987355532,7964.663809003245
forecast_5452,2025-08-16 04:00:00,11871.370977987264,12300.880848974766,7921.166057563444
forecast_5453,2025-08-16 05:00:00,11762.669640018288,12390.691421860853,8192.990995275197
forecast_5454,2025-08-16 06:00:00,11931.569092420947,12156.851064721795,8371.856837368052
forecast_5455,2025-08-16 07:00:00,11062.729720039864,11701.910430358539,7855.483387125196
forecast_5456,2025-08-16 08:00:00,9110.80844623942,9578.370506689836,6685.52415735608
forecast_5457,2025-08-16 09:00:00,7817.651085604505,8202.033220708929,5195.901523604554
forecast_5458,2025-08-16 10:00:00,6404.072729665097,6206.737301467557,4258.6635923654985
forecast_5459,2025-08-16 11:00:00,5462.119012729615,5177.8031499810195,3924.9874339322096
forecast_5460,2025-08-16 12:00:00,4678.502922852268,4317.212867431865,3982.3504832647395
forecast_5461,2025-08-16 13:00:00,4896.276569409,4627.812830924037,4624.151959466517
forecast_5462,2025-08-16 14:00:00,6373.7389448395725,5878.828317415084,5508.12127565392
forecast_5463,2025-08-16 15:00:00,7664.886224617629,7882.173277544572,6217.893353184968
forecast_5464,2025-08-16 16:00:00,8419.632338771084,8504.943073292421,6211.387929303907
forecast_5465,2025-08-16 17:00:00,9381.49162239884,9053.68700888886,6570.261562811281
forecast_5466,2025-08-16 18:00:00,10136.233180160509,10705.024242470856,8001.207222280364
forecast_5467,2025-08-16 19:00:00,12088.898932947957,14028.212396840361,8926.396471611573
forecast_5468,2025-08-16 20:00:00,13110.795321372838,15631.269055874824,10503.668486721452
forecast_5469,2025-08-16 21:00:00,14905.469936338455,16633.909223328646,12260.39498677399
forecast_5470,2025-08-16 22:00:00,15209.65590611817,17553.521202311575,14225.475665640744
forecast_5471,2025-08-16 23:00:00,16953.225172810886,17515.648314373157,16080.686319150076
forecast_5472,2025-08-17 00:00:00,18956.74993869549,17672.568873420507,16026.603402437146
forecast_5473,2025-08-17 01:00:00,17235.594097081575,18132.655362829144,17602.901515076126
forecast_5474,2025-08-17 02:00:00,17235.394923215983,17976.060414407482,17489.158965106057
forecast_5475,2025-08-17 03:00:00,17102.235761711712,17877.634650509415,17414.853813444704
forecast_5476,2025-08-17 04:00:00,17344.547847479807,18095.419464903185,17524.929462046137
forecast_5477,2025-08-17 05:00:00,17480.333179802423,18020.25031565468,16941.046476654963
forecast_5478,2025-08-17 06:00:00,17171.198201727388,17733.378779377053,15982.607326820083
forecast_5479,2025-08-17 07:00:00,16275.95477855017,17029.668794733752,15185.780685175972
forecast_5480,2025-08-17 08:00:00,14947.136962160224,15927.835969056428,14478.87339583317
forecast_5481,2025-08-17 09:00:00,13559.169527072972,14776.509008671663,12635.44244113734
forecast_5482,2025-08-17 10:00:00,11902.563898886434,14566.401475865448,10567.766713882533
forecast_5483,2025-08-17 11:00:00,10409.520903379884,11794.756235370873,7908.750605708642
forecast_5484,2025-08-17 12:00:00,7955.926401927593,8031.421831871694,5772.947714380449
forecast_5485,2025-08-17 13:00:00,6350.889508768089,6455.980667143334,4780.416165433145
forecast_5486,2025-08-17 14:00:00,5603.879997627081,5623.364926968802,4203.453399924273
forecast_5487,2025-08-17 15:00:00,5121.3311883223405,5029.074008818158,3900.351835232129
forecast_5488,2025-08-17 16:00:00,5173.701515057032,5117.472201706033,3810.9551175397896
forecast_5489,2025-08-17 17:00:00,5183.427807787379,5199.3962404388285,3804.2648853626283
forecast_5490,2025-08-17 18:00:00,5896.364398440588,5503.433573380647,3830.725040748808
forecast_5491,2025-08-17 19:00:00,6526.430395072956,6392.895702365244,3877.366939307255
forecast_5492,2025-08-17 20:00:00,7062.251222045065,7082.084578865613,4223.7367315803685
forecast_5493,2025-08-17 21:00:00,7626.147260180474,8044.780454875713,4463.92423559174
forecast_5494,2025-08-17 22:00:00,8748.971739342018,8711.479150039764,4711.56901528261
forecast_5495,2025-08-17 23:00:00,8975.14020309352,9046.708624662231,4858.920932144799
forecast_5496,2025-08-18 00:00:00,9013.190773124168,9185.720301282394,5049.034525575654
forecast_5497,2025-08-18 01:00:00,10353.076608254458,10392.498604454098,5998.648746896227
forecast_5498,2025-08-18 02:00:00,10471.73742754143,10552.927177367628,6123.764608158063
forecast_5499,2025-08-18 03:00:00,10728.338225347288,10744.148858777668,6339.270639265042
forecast_5500,2025-08-18 04:00:00,10864.267583552479,10881.405620182974,6263.552131414038
forecast_5501,2025-08-18 05:00:00,10861.43508765412,10879.836302352465,6342.855516105901
forecast_5502,2025-08-18 06:00:00,10789.782255947177,10933.910942999673,6315.398192610355
forecast_5503,2025-08-18 07:00:00,11590.210657984097,11709.712551194238,6600.353831239362
forecast_5504,2025-08-18 08:00:00,11316.883529610894,11791.914079360608,6707.612051623944
forecast_5505,2025-08-18 09:00:00,10494.304939326094,10946.65799551129,7612.746305980109
forecast_5506,2025-08-18 10:00:00,9106.094730738385,9466.753718929283,6660.3467304775095
forecast_5507,2025-08-18 11:00:00,8134.637920649367,9002.858571027427,6852.403246055382
forecast_5508,2025-08-18 12:00:00,6909.198522534975,7129.806953003459,5338.077390072237
forecast_5509,2025-08-18 13:00:00,5876.835022599876,5551.3492757512895,4876.740858959199
forecast_5510,2025-08-18 14:00:00,5628.558005331045,5404.945993509599,4289.066496101614
forecast_5511,2025-08-18 15:00:00,5119.259167489004,5182.9715021745615,4542.057416098399
forecast_5512,2025-08-18 16:00:00,5592.592486347675,5619.669796320053,4386.602808775281
forecast_5513,2025-08-18 17:00:00,7569.892211176712,7364.376418213865,4484.743898785339
forecast_5514,2025-08-18 18:00:00,8983.202965897059,10098.148242148249,4655.719246114999
forecast_5515,2025-08-18 19:00:00,9306.688379244115,11832.396228292508,5846.627976205142
forecast_5516,2025-08-18 20:00:00,12430.600572490186,14086.50210060486,7652.402300791366
forecast_5517,2025-08-18 21:00:00,14087.884795020169,16022.46227922556,10482.610536644635
forecast_5518,2025-08-18 22:00:00,14831.113112631774,16820.70959632329,12470.335073558466
forecast_5519,2025-08-18 23:00:00,15260.89035968634,17538.504623777346,14623.766230734993
forecast_5520,2025-08-19 00:00:00,15174.466659143634,17784.529642003836,14910.191004005967
forecast_5521,2025-08-19 01:00:00,16313.106034045903,17960.028359838507,16518.28229063339
forecast_5522,2025-08-19 02:00:00,16633.17553752983,18292.720168553096,16797.44546021434
forecast_5523,2025-08-19 03:00:00,16512.168471067504,18160.63226632516,16368.546903232887
forecast_5524,2025-08-19 04:00:00,16576.829351750213,18167.653292074086,16584.43300476492
forecast_5525,2025-08-19 05:00:00,16669.577624911228,18041.112268970886,16492.128534205225
forecast_5526,2025-08-19 06:00:00,16298.110801865287,17959.733734836056,16464.127614347562
forecast_5527,2025-08-19 07:00:00,15782.580224446765,17333.62938899264,16505.660564540874
forecast_5528,2025-08-19 08:00:00,15599.296552434947,16955.57770035547,16301.957342631942
forecast_5529,2025-08-19 09:00:00,15473.277300442976,16354.025863393575,16123.933656838024
forecast_5530,2025-08-19 10:00:00,14430.017553612617,15021.570640596072,14363.368564075183
forecast_5531,2025-08-19 11:00:00,11684.61931208427,13208.708120814474,12569.236727537504
forecast_5532,2025-08-19 12:00:00,10737.545352111674,11787.495029880429,10444.837342697296
forecast_5533,2025-08-19 13:00:00,10166.700686880878,10635.53136944084,9633.624795178945
forecast_5534,2025-08-19 14:00:00,9587.569060585582,10035.509579662938,9004.358952594088
forecast_5535,2025-08-19 15:00:00,9249.997739621207,9602.193093441307,9626.5650594033
forecast_5536,2025-08-19 16:00:00,8640.693005993195,8417.89334544907,9328.829825843972
forecast_5537,2025-08-19 17:00:00,8374.18284689843,8988.62464425005,10289.27382192093
forecast_5538,2025-08-19 18:00:00,10238.39164278726,9735.622090130391,10126.670015474056
forecast_5539,2025-08-19 19:00:00,11176.493437798965,12476.8910998716,10754.68721232076
forecast_5540,2025-08-19 20:00:00,13829.868182335922,14418.30737384978,12516.898326362936
forecast_5541,2025-08-19 21:00:00,13893.37174608891,16637.947356011966,14438.681883324787
forecast_5542,2025-08-19 22:00:00,15036.948223299323,17010.490925155962,15710.815888062984
forecast_5543,2025-08-19 23:00:00,15368.156064857609,17730.131655342007,17090.849122896867
forecast_5544,2025-08-20 00:00:00,15793.792682265388,17900.269144908143,17730.43514046115
forecast_5545,2025-08-20 01:00:00,15411.43039999393,18207.64947151223,17722.41135505173
forecast_5546,2025-08-20 02:00:00,15740.157662115089,18281.524985048534,17919.399394635435
forecast_5547,2025-08-20 03:00:00,16252.618828191375,18507.209554392324,18141.819213317733
forecast_5548,2025-08-20 04:00:00,16360.169011568305,18477.765851804706,18117.292543256637
forecast_5549,2025-08-20 05:00:00,16359.847197850264,18054.320135587033,18040.64863107244
forecast_5550,2025-08-20 06:00:00,15821.798020535156,17230.42821916599,16541.06759623102
forecast_5551,2025-08-20 07:00:00,15255.374119250058,16194.159469332544,15391.718768442046
forecast_5552,2025-08-20 08:00:00,13060.809531884648,14077.454906902738,13523.02563449918
forecast_5553,2025-08-20 09:00:00,10183.275483837186,11802.388004171753,10533.636375157255
forecast_5554,2025-08-20 10:00:00,9411.5062690216,9921.884497255638,7540.785020232143
forecast_5555,2025-08-20 11:00:00,7493.615719114679,8689.090314553012,5775.497620178649
forecast_5556,2025-08-20 12:00:00,7801.332494539394,8308.085542879073,4715.497110871679
forecast_5557,2025-08-20 13:00:00,5753.16178650303,6841.806986423525,3728.876571222782
forecast_5558,2025-08-20 14:00:00,4361.456148410334,4539.045952633985,3759.520202581241
forecast_5559,2025-08-20 15:00:00,4923.1207633030635,5977.201569395681,3736.6747779486636
forecast_5560,2025-08-20 16:00:00,6051.02338646355,6355.41118243915,3828.9897155899293
forecast_5561,2025-08-20 17:00:00,4572.192386679379,4694.251817477489,3793.285450084286
forecast_5562,2025-08-20 18:00:00,5003.831009376586,5059.211646457171,3953.437452855818
forecast_5563,2025-08-20 19:00:00,5634.343110065572,5771.718541728068,4558.283479716878
forecast_5564,2025-08-20 20:00:00,6232.426857706116,6739.852959648347,5002.976321520937
forecast_5565,2025-08-20 21:00:00,7278.853627025512,7574.762631916327,5575.789301041087
forecast_5566,2025-08-20 22:00:00,9024.043255935809,9558.4164645648,6878.723975986627
forecast_5567,2025-08-20 23:00:00,11494.075005445466,12105.613387478612,8954.886482467844
forecast_5568,2025-08-21 00:00:00,13349.477792122407,13052.494976920914,10870.954591263053
forecast_5569,2025-08-21 01:00:00,13369.694392679543,13853.248884075456,11242.450531180508
forecast_5570,2025-08-21 02:00:00,13735.654447228073,13811.096266180712,11541.638787607644
forecast_5571,2025-08-21 03:00:00,14266.7773540172,14349.919463054079,12634.775099272001
forecast_5572,2025-08-21 04:00:00,14891.711867236783,14675.83594724167,11452.95097284204
forecast_5573,2025-08-21 05:00:00,13872.348931183,13446.718620952373,9621.117618235154
forecast_5574,2025-08-21 06:00:00,11502.128167344947,11797.80123669858,7444.557225758374
forecast_5575,2025-08-21 07:00:00,8637.021834930056,8703.514832863515,5259.5854861214075
forecast_5576,2025-08-21 08:00:00,5919.98790723567,5605.956381159163,4035.0853915384228
forecast_5577,2025-08-21 09:00:00,4014.6060014640366,4260.154524621243,3682.003748434848
forecast_5578,2025-08-21 10:00:00,4160.383082002725,4071.977408507325,3355.725522896334
forecast_5579,2025-08-21 11:00:00,4264.82023536688,3898.3945816634327,3253.4516427573376
forecast_5580,2025-08-21 12:00:00,3664.1713746291216,3702.0746307661148,2779.377403162924
forecast_5581,2025-08-21 13:00:00,2893.426888805287,2825.387493832327,2683.531704646293
forecast_5582,2025-08-21 14:00:00,2688.625161596048,4224.077235429661,923.6192139178661
forecast_5583,2025-08-21 15:00:00,2394.9282650931427,2474.0323203325825,2123.0128611366854
forecast_5584,2025-08-21 16:00:00,2738.0761018902094,3016.1549091401307,2843.139633595346
forecast_5585,2025-08-21 17:00:00,2756.478477729643,2991.73044382565,2352.199210879812
forecast_5586,2025-08-21 18:00:00,3082.848433387483,2631.5514269942555,2295.149590850729
forecast_5587,2025-08-21 19:00:00,3490.987212284279,2787.4138102847346,2905.712344514803
forecast_5588,2025-08-21 20:00:00,3790.455247502237,3508.252522112414,3126.0175964020245
forecast_5589,2025-08-21 21:00:00,3714.350734622537,3463.1923393173643,3525.8128718593202
forecast_5590,2025-08-21 22:00:00,4024.0746596836125,3933.079958171513,3460.0946156747077
forecast_5591,2025-08-21 23:00:00,4334.020506455975,4135.644795817196,3755.1772708610206
forecast_5592,2025-08-22 00:00:00,4583.488676947099,4134.209601474388,3503.522695190028
forecast_5593,2025-08-22 01:00:00,4984.196232870656,4723.362734582475,3672.8654344990982
forecast_5594,2025-08-22 02:00:00,4235.198164460165,4302.827195888653,3668.9955428036224
forecast_5595,2025-08-22 03:00:00,4550.094314452601,4282.9191195294225,3808.9559259350167
forecast_5596,2025-08-22 04:00:00,5717.075393636249,5552.644341545748,3995.554028500718
forecast_5597,2025-08-22 05:00:00,8109.591963354638,7780.17703666304,4726.66285675562
forecast_5598,2025-08-22 06:00:00,9550.977522998533,9593.40745993477,6371.090333923144
forecast_5599,2025-08-22 07:00:00,9475.083819928226,9500.98674242124,6520.048679001705
forecast_5600,2025-08-22 08:00:00,7862.540928116813,7673.054788099666,5451.334048956351
forecast_5601,2025-08-22 09:00:00,5842.9527811254875,5769.9048353044545,4274.365928053858
forecast_5602,2025-08-22 10:00:00,4196.380465966426,4093.590645781786,3719.333004758283
forecast_5603,2025-08-22 11:00:00,4549.285601477057,4299.1290666173845,3551.584270296032
forecast_5604,2025-08-22 12:00:00,3901.1376074675186,3882.182887658085,3474.6358326005816
forecast_5605,2025-08-22 13:00:00,3823.985348799478,3858.758627134622,3386.076720259055
forecast_5606,2025-08-22 14:00:00,3584.7754017983066,3836.3156396028035,3553.0584510167214
forecast_5607,2025-08-22 15:00:00,3865.7048688505192,3644.9115015785615,3376.878387628506
forecast_5608,2025-08-22 16:00:00,3924.829438666745,3748.9800550536843,3444.254326227439
forecast_5609,2025-08-22 17:00:00,4466.248991803189,4224.841177395143,3840.2364044731207
forecast_5610,2025-08-22 18:00:00,5369.503156137905,5063.840604472275,4379.085202092723
forecast_5611,2025-08-22 19:00:00,8022.499709762181,8114.312454858299,5943.822750896222
forecast_5612,2025-08-22 20:00:00,12271.458132464928,12282.526640750122,8023.865875859658
forecast_5613,2025-08-22 21:00:00,14965.840360438577,15592.83076034467,9941.771864197102
forecast_5614,2025-08-22 22:00:00,16455.991710921746,16595.57222737768,11730.843115986469
forecast_5615,2025-08-22 23:00:00,17322.60311646749,17139.49176819248,13593.913811041186
forecast_5616,2025-08-23 00:00:00,17681.547588879934,17457.36412081866,15678.95083123766
forecast_5617,2025-08-23 01:00:00,16896.888598954927,16825.72503304344,14513.147067036916
forecast_5618,2025-08-23 02:00:00,16705.093029928867,16399.160891598523,13261.186531803723
forecast_5619,2025-08-23 03:00:00,16307.178260500363,15884.386594273155,11860.248412750818
forecast_5620,2025-08-23 04:00:00,15429.92169271655,15164.208559892511,10913.147325013944
forecast_5621,2025-08-23 05:00:00,13777.457414562787,13958.636871669773,9576.663870932434
forecast_5622,2025-08-23 06:00:00,12441.36143670242,12220.132549855794,7681.453757552598
forecast_5623,2025-08-23 07:00:00,9855.099230623116,8685.798540257103,5822.611571055074
forecast_5624,2025-08-23 08:00:00,5558.416012780496,5338.567319220019,4242.209140004879
forecast_5625,2025-08-23 09:00:00,3942.8242497585857,4106.5673793925125,3413.939877689251
forecast_5626,2025-08-23 10:00:00,3529.930956401798,3778.7091946225237,2944.0080231559054
forecast_5627,2025-08-23 11:00:00,3909.36908899971,3957.1823353173872,2133.9537925582426
forecast_5628,2025-08-23 12:00:00,3080.199990314779,2574.285335071846,937.3246122733098
forecast_5629,2025-08-23 13:00:00,2972.4163333272268,1384.709427502897,834.7330553918326
forecast_5630,2025-08-23 14:00:00,2988.1033841617405,3576.7351456571005,788.2263325291837
forecast_5631,2025-08-23 15:00:00,1890.8419550671154,2843.691151203238,115.52427675679614
forecast_5632,2025-08-23 16:00:00,1920.527431168489,219.9357224421249,110.90355809184017
forecast_5633,2025-08-23 17:00:00,2918.067393507585,2332.2102068268755,103.04472731509391
forecast_5634,2025-08-23 18:00:00,3429.8083309356216,3426.017652129916,2856.485519003072
forecast_5635,2025-08-23 19:00:00,3676.023485002684,3229.335134175803,3149.1770539782033
forecast_5636,2025-08-23 20:00:00,3417.8455046710083,3504.6401145979676,3464.1561936266144
forecast_5637,2025-08-23 21:00:00,3775.335145232888,3603.7020152083637,3342.5414205257043
forecast_5638,2025-08-23 22:00:00,4064.4462735821444,4062.707895659049,3589.516528275963
forecast_5639,2025-08-23 23:00:00,3835.228015402776,3865.586122932394,3647.907740867091
forecast_5640,2025-08-24 00:00:00,3920.8297872741687,3823.272922495121,3481.4559425860343
forecast_5641,2025-08-24 01:00:00,4288.917128221824,4340.313496150867,3826.3557104245538
forecast_5642,2025-08-24 02:00:00,4448.4990986802195,4456.80761485745,3864.781379594038
forecast_5643,2025-08-24 03:00:00,4521.488183269115,4547.084928724899,3821.8901028340897
forecast_5644,2025-08-24 04:00:00,4188.9315695431305,4192.874402053473,3576.6379820400734
forecast_5645,2025-08-24 05:00:00,3896.2943388179547,3922.19522393458,3211.3843280875135
forecast_5646,2025-08-24 06:00:00,3538.222857149631,3727.687048252841,3247.4308833437854
forecast_5647,2025-08-24 07:00:00,3489.9787535305422,3577.5801270160127,3007.949522273264
forecast_5648,2025-08-24 08:00:00,2969.5402803484335,3143.571268418673,2458.7802901946243
forecast_5649,2025-08-24 09:00:00,3802.0618969434,3924.687788360913,45.22892817780534
forecast_5650,2025-08-24 10:00:00,3767.4485360379213,3782.413691394079,43.81028500602314
forecast_5651,2025-08-24 11:00:00,3989.6629306820137,3727.3899862799976,3194.4826839252337
forecast_5652,2025-08-24 12:00:00,3891.928965217278,3337.773750970842,3133.186845367867
forecast_5653,2025-08-24 13:00:00,3034.2568675365937,3020.323585217406,2808.561782690672
forecast_5654,2025-08-24 14:00:00,3620.954512044835,3508.8755781723585,3141.1605819346273
forecast_5655,2025-08-24 15:00:00,3490.4733424228643,3588.885354651311,3124.168057299866
forecast_5656,2025-08-24 16:00:00,3611.024993956376,3733.746580736747,3387.316081780312
forecast_5657,2025-08-24 17:00:00,3890.9488385808427,3891.708310585187,3641.8553063324207
forecast_5658,2025-08-24 18:00:00,4037.965976910333,4276.8707440735,3701.871410824177
forecast_5659,2025-08-24 19:00:00,3931.298817274064,3884.029233604203,3677.0583502646136
forecast_5660,2025-08-24 20:00:00,3780.0376639478795,3568.323568305409,3517.5483141758687
forecast_5661,2025-08-24 21:00:00,3750.8309905216593,3719.4587611795264,3513.530429775281
forecast_5662,2025-08-24 22:00:00,4019.1396065426575,4013.9882351053207,3448.254725587384
forecast_5663,2025-08-24 23:00:00,4207.969468801594,4197.847623731159,3643.7332882845153
forecast_5664,2025-08-25 00:00:00,4094.6032851405275,4183.7765214719375,3358.184786480478
forecast_5665,2025-08-25 01:00:00,4979.100605826749,5094.177554413978,3848.191474055399
forecast_5666,2025-08-25 02:00:00,5168.349649878105,5362.934732673608,4537.459263194217
forecast_5667,2025-08-25 03:00:00,4092.067933034517,4510.545579606423,4360.5535850519755
forecast_5668,2025-08-25 04:00:00,4136.029983938897,3930.7820761899493,3626.304747990955
forecast_5669,2025-08-25 05:00:00,3937.1919063829564,3896.9270400552878,3687.744545116477
forecast_5670,2025-08-25 06:00:00,4109.056543439384,3947.986111226378,3675.485333535921
forecast_5671,2025-08-25 07:00:00,4074.442509507353,4117.6930543030285,3723.3995965168624
forecast_5672,2025-08-25 08:00:00,3978.7089822828934,3981.7579855105887,3661.115102307221
forecast_5673,2025-08-25 09:00:00,4128.787302464419,4360.603204430339,3955.789210975127
forecast_5674,2025-08-25 10:00:00,3832.6042551893697,3629.9495704112687,3322.7146524323844
forecast_5675,2025-08-25 11:00:00,3770.7762590561438,3442.6663465846887,3622.556746769079
forecast_5676,2025-08-25 12:00:00,3551.28292789424,3464.0957608607723,3272.0252564119937
forecast_5677,2025-08-25 13:00:00,3654.062152931999,3514.3102408506898,3038.9712784096437
forecast_5678,2025-08-25 14:00:00,3553.6781131698967,3564.8296296006656,3170.101792505772
forecast_5679,2025-08-25 15:00:00,3643.01011736992,3627.6551569274147,3346.3053764559218
forecast_5680,2025-08-25 16:00:00,3750.4055639586345,3646.142462381032,3430.7784011561444
forecast_5681,2025-08-25 17:00:00,3714.6210463323678,3763.2262916751656,3713.123824418993
forecast_5682,2025-08-25 18:00:00,4840.226302516946,5093.080708681417,4035.681437286223
forecast_5683,2025-08-25 19:00:00,7058.652540718539,7703.171805397496,5806.568610114037
forecast_5684,2025-08-25 20:00:00,9298.697438599338,9708.091661632077,7900.343650509705
forecast_5685,2025-08-25 21:00:00,10079.394673777559,10574.586885321594,8863.360181217628
forecast_5686,2025-08-25 22:00:00,10393.161912303523,11317.415534972826,9359.690394140089
forecast_5687,2025-08-25 23:00:00,11262.229825652166,12727.191597296214,11161.883122454252
forecast_5688,2025-08-26 00:00:00,11850.52456531154,13704.73629400006,11889.885543748684
forecast_5689,2025-08-26 01:00:00,13136.868604138846,15786.885573971547,14503.29378765978
forecast_5690,2025-08-26 02:00:00,13358.545629845152,17144.68723643307,14667.700738625714
forecast_5691,2025-08-26 03:00:00,14069.796116711665,17369.108118118587,15059.48567687971
forecast_5692,2025-08-26 04:00:00,13782.715172971635,17460.757813624823,15429.284838492864
forecast_5693,2025-08-26 05:00:00,13684.805346578734,17148.936384605346,15724.495343343733
forecast_5694,2025-08-26 06:00:00,13697.490760033144,17338.984444624468,15513.03771837134
forecast_5695,2025-08-26 07:00:00,13403.767154810457,17087.380965551944,15126.32540610875
forecast_5696,2025-08-26 08:00:00,13034.342704205896,16551.794643584024,14832.150281331164
forecast_5697,2025-08-26 09:00:00,12859.05741923338,16078.382560636754,14295.79256688529
forecast_5698,2025-08-26 10:00:00,13330.29567531429,16131.383092712564,14205.546798425801
forecast_5699,2025-08-26 11:00:00,12762.907199792706,15345.238827370213,13865.025187947535
forecast_5700,2025-08-26 12:00:00,12436.604999821517,14950.759001554969,14119.532335842894
forecast_5701,2025-08-26 13:00:00,13694.642784929967,16245.50161088628,14594.571394777553
forecast_5702,2025-08-26 14:00:00,13774.195696229335,16171.998929910204,14563.925563429864
forecast_5703,2025-08-26 15:00:00,13818.862864199618,15911.137626436968,14164.583492716243
forecast_5704,2025-08-26 16:00:00,13234.255479138978,14313.426252145884,11995.926202521803
forecast_5705,2025-08-26 17:00:00,12904.535214767711,13335.115312998487,11269.800011999494
forecast_5706,2025-08-26 18:00:00,12164.317341523869,13062.676852336072,10057.7866635923
forecast_5707,2025-08-26 19:00:00,12699.603146334815,12815.99502193962,9987.01533468324
forecast_5708,2025-08-26 20:00:00,13316.571486541368,13762.844950966492,9767.983812028298
forecast_5709,2025-08-26 21:00:00,14437.834031142207,15035.417390995535,10129.706478008018
forecast_5710,2025-08-26 22:00:00,14705.10031169731,15059.92871989523,10639.428421953156
forecast_5711,2025-08-26 23:00:00,14752.66733433335,15092.846903585474,10499.783383966429
forecast_5712,2025-08-27 00:00:00,14693.729220665993,14839.451491915983,10469.345995977877
forecast_5713,2025-08-27 01:00:00,12299.259174187702,12694.771859100343,7928.983123321229
forecast_5714,2025-08-27 02:00:00,11243.001890786389,11319.069209570793,7017.102807035725
forecast_5715,2025-08-27 03:00:00,8478.482132537376,8319.572109081571,4960.233064873263
forecast_5716,2025-08-27 04:00:00,4795.166061954382,4414.1844684469,3683.1418563382185
forecast_5717,2025-08-27 05:00:00,3737.510518894204,3707.2069102289443,3578.8898092295485
forecast_5718,2025-08-27 06:00:00,4115.60639172622,4112.104612598352,3628.511581130144
forecast_5719,2025-08-27 07:00:00,3832.4464032596597,3583.5172092863354,3267.0129876671836
forecast_5720,2025-08-27 08:00:00,3510.839901997552,3468.581183906537,2801.6327837204226
forecast_5721,2025-08-27 09:00:00,2493.501968511115,2340.5871423098843,143.48061227943074
forecast_5722,2025-08-27 10:00:00,3844.4068112113137,3199.5683558388523,40.979908804144536
forecast_5723,2025-08-27 11:00:00,3166.999787921132,2217.3904344880784,47.45152479201895
forecast_5724,2025-08-27 12:00:00,2467.412503266442,2475.7006219338696,2150.540626042271
forecast_5725,2025-08-27 13:00:00,2717.139835317532,2922.3971219412133,2558.322509638461
forecast_5726,2025-08-27 14:00:00,2715.909217018272,2835.1368818292312,2814.553539148079
forecast_5727,2025-08-27 15:00:00,2523.5486213747586,2729.9849141978734,2715.737616372276
forecast_5728,2025-08-27 16:00:00,2510.9634578252426,3542.8767267092912,2774.3584130129307
forecast_5729,2025-08-27 17:00:00,3485.968082307441,4619.456548034851,2726.2810911519414
forecast_5730,2025-08-27 18:00:00,4110.689055837315,4154.655845381466,1973.0390145354447
forecast_5731,2025-08-27 19:00:00,2953.9575239487685,2622.5000174927573,358.12001618768943
forecast_5732,2025-08-27 20:00:00,2879.3279624231045,3010.746414866366,1290.0257810412693
forecast_5733,2025-08-27 21:00:00,3208.9550057319257,3009.3806238782404,1198.8390705482864
forecast_5734,2025-08-27 22:00:00,3033.5958165068787,3121.3814426609983,253.54236000557975
forecast_5735,2025-08-27 23:00:00,2999.5762646922044,2892.7886197648145,1800.1416584818978
forecast_5736,2025-08-28 00:00:00,3218.9969412032524,3189.24093460154,1835.9472778363195
forecast_5737,2025-08-28 01:00:00,3851.1339609680185,3872.8637200276676,3246.322080241099
forecast_5738,2025-08-28 02:00:00,3895.1865711824225,3957.748763675562,3317.690716701566
forecast_5739,2025-08-28 03:00:00,4272.2844597778985,4037.113305860005,3504.034785823886
forecast_5740,2025-08-28 04:00:00,4668.534312833511,3999.5750124589267,3810.443593138895
forecast_5741,2025-08-28 05:00:00,5422.220520087563,4209.02942482681,3883.236875329933
forecast_5742,2025-08-28 06:00:00,5361.912721798031,4421.664614702283,3724.788128406692
forecast_5743,2025-08-28 07:00:00,3830.460462854603,3961.6093975624653,3481.3918643532847
forecast_5744,2025-08-28 08:00:00,3761.526031868078,3987.726382536654,3371.0643037550867
forecast_5745,2025-08-28 09:00:00,3904.710131441452,3896.54555770571,3375.2263169017338
forecast_5746,2025-08-28 10:00:00,3604.7027025695033,3758.4428001505803,3391.532196613339
forecast_5747,2025-08-28 11:00:00,3407.6223832962983,3470.2441421824083,3007.296453366134
forecast_5748,2025-08-28 12:00:00,3816.307982743259,3730.981367741182,3001.4152971593444
forecast_5749,2025-08-28 13:00:00,3914.0971544237777,3955.5242396162057,3484.02576275886
forecast_5750,2025-08-28 14:00:00,3751.7869512218117,3676.2204460910316,3370.2670591100627
forecast_5751,2025-08-28 15:00:00,3813.484455747411,3786.753649383163,3324.8137991674344
forecast_5752,2025-08-28 16:00:00,3873.5262767219233,4078.773691677966,3647.6333694670957
forecast_5753,2025-08-28 17:00:00,3986.4725113080117,4176.5340464952305,3688.859436636543
forecast_5754,2025-08-28 18:00:00,4571.581284954241,4732.3495175215585,3778.6849296390883
forecast_5755,2025-08-28 19:00:00,6121.533029905779,6064.942920536287,4431.871767119154
forecast_5756,2025-08-28 20:00:00,8072.495408208878,8531.242058089494,6050.792667016612
forecast_5757,2025-08-28 21:00:00,9455.013534787793,10532.415588448308,7546.843574476256
forecast_5758,2025-08-28 22:00:00,10968.714512857136,12516.71731830725,9455.29423775114
forecast_5759,2025-08-28 23:00:00,12686.226084033317,14793.061693992615,11082.059347992103
forecast_5760,2025-08-29 00:00:00,13707.867623758773,15846.9896752796,12782.301311211575
forecast_5761,2025-08-29 01:00:00,15909.855844125601,18123.43806475464,16696.784376215048
forecast_5762,2025-08-29 02:00:00,15769.097758848311,18181.390992898563,16973.75918471889
forecast_5763,2025-08-29 03:00:00,15870.171971875478,18399.777676885176,17374.465854217648
forecast_5764,2025-08-29 04:00:00,16057.511687386062,18365.400856323795,17927.144554984006
forecast_5765,2025-08-29 05:00:00,16345.901914355676,18430.974390086267,18037.553287628005
forecast_5766,2025-08-29 06:00:00,16439.113937267863,18516.03991975856,18008.395848385906
forecast_5767,2025-08-29 07:00:00,16613.54805491453,18718.524792296248,18048.92057941453
forecast_5768,2025-08-29 08:00:00,16254.89872265936,18462.883225455847,18035.90531867946
forecast_5769,2025-08-29 09:00:00,15865.73277013897,18002.880700017133,17808.416137973392
forecast_5770,2025-08-29 10:00:00,15766.357949944948,17410.703088875038,17078.950810566537
forecast_5771,2025-08-29 11:00:00,14687.020196998492,16411.834390478118,15973.464454599749
forecast_5772,2025-08-29 12:00:00,13664.921286769812,15349.580965816842,14411.726090471895
forecast_5773,2025-08-29 13:00:00,12564.351979071993,13816.997674428927,12852.420024278023
forecast_5774,2025-08-29 14:00:00,12022.681591083287,13477.271384361455,12023.366707343373
forecast_5775,2025-08-29 15:00:00,11229.32291373181,12820.405672411658,11403.315020367869
forecast_5776,2025-08-29 16:00:00,11074.36910289741,12013.184115361011,10978.301771538425
forecast_5777,2025-08-29 17:00:00,10318.857785897524,10807.492150960812,10589.362554442972
forecast_5778,2025-08-29 18:00:00,10036.335503008127,10305.195790078442,10607.561015049203
forecast_5779,2025-08-29 19:00:00,11456.982724353253,11993.618658403428,11274.503684680883
forecast_5780,2025-08-29 20:00:00,13844.819297325517,14744.08832473025,12238.163146999677
forecast_5781,2025-08-29 21:00:00,15962.82504979661,16693.21465320145,13257.912287286557
forecast_5782,2025-08-29 22:00:00,16787.019675177697,17328.12671421208,13899.787142547548
forecast_5783,2025-08-29 23:00:00,17176.843966448585,17731.16072679794,16195.77483650526
forecast_5784,2025-08-30 00:00:00,17276.10972560348,17715.490995946206,16237.803378649778
forecast_5785,2025-08-30 01:00:00,14664.654400635529,15612.405752646135,13454.901603554596
forecast_5786,2025-08-30 02:00:00,15726.298126669937,16373.981493562587,13846.051497283433
forecast_5787,2025-08-30 03:00:00,15634.543354048219,16029.239073317964,13280.102228861066
forecast_5788,2025-08-30 04:00:00,15132.218515261402,15379.278001393386,11615.673643819313
forecast_5789,2025-08-30 05:00:00,13163.615666724842,13890.071400687924,8792.624191751118
forecast_5790,2025-08-30 06:00:00,11556.42415208424,11852.479119636655,7214.868941719378
forecast_5791,2025-08-30 07:00:00,10339.186648480989,10509.531607396419,6113.700845710362
forecast_5792,2025-08-30 08:00:00,8257.324103337165,8096.672124281128,5112.411937676904
forecast_5793,2025-08-30 09:00:00,6128.758573491457,6074.03629962161,3900.8070029897162
forecast_5794,2025-08-30 10:00:00,4564.48366746316,3998.7675265531266,3571.6661377558453
forecast_5795,2025-08-30 11:00:00,3897.619325278648,3854.3972634947327,3438.8422714714543
forecast_5796,2025-08-30 12:00:00,3654.4778507004667,3447.7267781925425,3364.5990841365406
forecast_5797,2025-08-30 13:00:00,3665.7959964753595,3503.4518196577283,3432.8439254923524
forecast_5798,2025-08-30 14:00:00,3927.2874035998043,3712.7256653382433,3471.9616870462605
forecast_5799,2025-08-30 15:00:00,3942.8965416796,3821.167221967907,3574.4314787589956
forecast_5800,2025-08-30 16:00:00,3992.1999375935475,3896.8406500503665,3566.783099824861
forecast_5801,2025-08-30 17:00:00,3957.7561209953647,4171.312435908422,3837.361399383588
forecast_5802,2025-08-30 18:00:00,3841.417143127353,3819.1846065071254,3828.4504989202946
forecast_5803,2025-08-30 19:00:00,4351.249894999094,4321.324415450756,3717.0620514035995
forecast_5804,2025-08-30 20:00:00,5006.059006815892,4523.902830466624,3741.167574898285
forecast_5805,2025-08-30 21:00:00,5281.422490381787,5085.141296283723,3709.4616370544763
forecast_5806,2025-08-30 22:00:00,5355.720427923359,5376.617134491281,3781.6076866441917
forecast_5807,2025-08-30 23:00:00,5278.899952866205,5132.767290422672,3721.3084338429853
forecast_5808,2025-08-31 00:00:00,5116.322222300223,4849.185986191976,3797.1960080286945
forecast_5809,2025-08-31 01:00:00,6078.6701096020015,5891.648877580328,4044.677939455733
forecast_5810,2025-08-31 02:00:00,6076.006025458529,6159.956203789045,4018.203416761181
forecast_5811,2025-08-31 03:00:00,6053.712205091226,6091.676486878589,4020.5434114736627
forecast_5812,2025-08-31 04:00:00,5661.900301817922,5434.481835109654,3724.870467085263
forecast_5813,2025-08-31 05:00:00,4811.423872267243,4870.756735129295,3361.7639707827384
forecast_5814,2025-08-31 06:00:00,3978.5584756056714,3993.5357138159584,3717.3380024447265
forecast_5815,2025-08-31 07:00:00,3860.956729647432,3828.357835522536,3632.502936719688
forecast_5816,2025-08-31 08:00:00,3995.898890056322,3829.1840187713997,3842.1065038493566
forecast_5817,2025-08-31 09:00:00,3799.3611275855696,3664.0475162188104,3336.0411533882057
forecast_5818,2025-08-31 10:00:00,3405.4871871795967,3220.868463404244,2541.513644146196
forecast_5819,2025-08-31 11:00:00,3801.6659883179777,3550.6795229679515,3327.8848952878557
forecast_5820,2025-08-31 12:00:00,3669.7275671248776,3339.1532281885125,3582.9131353860516
forecast_5821,2025-08-31 13:00:00,3679.0192636142183,3694.71121039,3376.0390990825895
forecast_5822,2025-08-31 14:00:00,3576.280785579963,3780.0878093731585,3362.4920175255274
forecast_5823,2025-08-31 15:00:00,3943.970555471706,4298.921295334983,3439.205790366499
forecast_5824,2025-08-31 16:00:00,4238.860952904596,5152.358975940405,3786.8242449234754
forecast_5825,2025-08-31 17:00:00,4687.350512211257,5671.044740639803,3895.2185069120296
forecast_5826,2025-08-31 18:00:00,5704.48132201319,6743.677389324075,4517.731987981783
forecast_5827,2025-08-31 19:00:00,7717.101860101248,8547.48735322789,5116.7297491808295
forecast_5828,2025-08-31 20:00:00,8956.827360769532,10397.85131924396,6545.270793432388
forecast_5829,2025-08-31 21:00:00,10045.767681854379,11998.832887116143,7640.171069668855
forecast_5830,2025-08-31 22:00:00,10791.892464014432,12344.659969038506,8384.323907737062
forecast_5831,2025-08-31 23:00:00,10547.967041837417,12725.832185403839,8339.382534728671
forecast_5832,2025-09-01 00:00:00,10574.017479707494,12422.924866166079,8400.016788642215
forecast_5833,2025-09-01 01:00:00,13487.12767426928,15230.164668308824,10778.60217238568
forecast_5834,2025-09-01 02:00:00,13436.244289282196,14611.0924553626,10730.353661073614
forecast_5835,2025-09-01 03:00:00,13371.41152841705,14659.960191418832,11257.619564155542
forecast_5836,2025-09-01 04:00:00,13040.746775715837,15152.689729092946,12103.84887032674
forecast_5837,2025-09-01 05:00:00,12602.2990824189,15166.5815536017,12351.854233654001
forecast_5838,2025-09-01 06:00:00,11955.287781980338,14985.080832787798,12091.631140112115
forecast_5839,2025-09-01 07:00:00,11259.050415823032,13927.792461903526,10989.172953341442
forecast_5840,2025-09-01 08:00:00,10476.651453256049,13179.885469192135,9921.79007198238
forecast_5841,2025-09-01 09:00:00,9214.338850719183,11577.941948094456,9068.489539376162
forecast_5842,2025-09-01 10:00:00,8096.9083134861485,10502.16314876997,8035.416036729665
forecast_5843,2025-09-01 11:00:00,7280.299169336165,8229.839669772993,6971.699671668077
forecast_5844,2025-09-01 12:00:00,6782.534669864655,8197.135863774707,6338.305109906243
forecast_5845,2025-09-01 13:00:00,6916.593282894205,8410.322521264148,5792.999039122687
forecast_5846,2025-09-01 14:00:00,7749.553941739762,8665.683410225683,5850.254224625674
forecast_5847,2025-09-01 15:00:00,8941.239465568846,10090.362171559924,6704.80617764886
forecast_5848,2025-09-01 16:00:00,8469.061976670013,10990.144644924074,7074.690675081382
forecast_5849,2025-09-01 17:00:00,8380.627495714067,11130.024902626823,7428.305142030236
forecast_5850,2025-09-01 18:00:00,8648.990780520417,10827.853094610076,8043.201676218132
forecast_5851,2025-09-01 19:00:00,9529.12510323102,11124.705509172018,8277.960154312414
forecast_5852,2025-09-01 20:00:00,9780.248251961253,10835.537740050604,8304.529951997585
forecast_5853,2025-09-01 21:00:00,10384.017685486915,11135.968379762742,8361.622596681318
forecast_5854,2025-09-01 22:00:00,11097.533419031135,12253.268721322145,9565.186491729795
forecast_5855,2025-09-01 23:00:00,13037.799882628622,15359.731350939033,10748.85645872539
forecast_5856,2025-09-02 00:00:00,13767.392000699494,16408.344003840673,10857.999000190066
forecast_5857,2025-09-02 01:00:00,11279.284841282566,13079.4747810447,9527.60756588122
forecast_5858,2025-09-02 02:00:00,11451.261312741948,12835.809052233475,9033.184245074812
forecast_5859,2025-09-02 03:00:00,10092.937542197918,11299.382070942154,8444.587121753335
forecast_5860,2025-09-02 04:00:00,9928.657302745964,10806.483252289965,7693.851024896421
forecast_5861,2025-09-02 05:00:00,9397.196640316952,10281.29678187161,7262.452853383239
forecast_5862,2025-09-02 06:00:00,9213.866445246827,9832.838445165968,6954.334738395416
forecast_5863,2025-09-02 07:00:00,8900.825334834162,9679.760335088564,6341.617686612511
forecast_5864,2025-09-02 08:00:00,8324.765481213504,8823.629698223305,5744.147263389189
forecast_5865,2025-09-02 09:00:00,6618.685935234366,6808.676269475919,4292.238217236018
forecast_5866,2025-09-02 10:00:00,4967.721519592578,5012.497855891016,3763.496691754634
forecast_5867,2025-09-02 11:00:00,3851.8866934865864,3862.2545790141903,3548.1250078509092
forecast_5868,2025-09-02 12:00:00,3641.9213983427603,3743.4629011326138,3421.5430295247875
forecast_5869,2025-09-02 13:00:00,3576.1800677755664,3301.1128538419966,3080.3788198839743
forecast_5870,2025-09-02 14:00:00,3420.666441334901,3075.827180010922,2743.2477335519798
forecast_5871,2025-09-02 15:00:00,2875.2680396634114,2895.8233812020544,2569.1805885894805
forecast_5872,2025-09-02 16:00:00,3306.400388968495,3774.5462145281804,3376.7418015021917
forecast_5873,2025-09-02 17:00:00,3802.8093158878846,4718.317151202146,969.4884567983655
forecast_5874,2025-09-02 18:00:00,3715.586495867259,3934.2887557756144,1161.862153707659
forecast_5875,2025-09-02 19:00:00,3692.1327431852283,3927.166784469444,1334.1960079103148
forecast_5876,2025-09-02 20:00:00,4814.292726961026,4759.265765996895,3404.0417381710463
forecast_5877,2025-09-02 21:00:00,3597.6652595618075,3488.6023699801826,3355.674716017565
forecast_5878,2025-09-02 22:00:00,3418.4252354601026,3251.6623649938047,3375.3790288306323
forecast_5879,2025-09-02 23:00:00,3545.4142154367555,3308.662683767652,3412.267423393522
forecast_5880,2025-09-03 00:00:00,3181.3771732965106,3083.0072709724623,2803.236188983666
forecast_5881,2025-09-03 01:00:00,4669.885007905267,4429.039055706917,3767.1133860215023
forecast_5882,2025-09-03 02:00:00,3653.6523338859956,3978.3856791367366,3809.74792082437
forecast_5883,2025-09-03 03:00:00,3030.5834242657465,3341.06238251098,3776.4645483388504
forecast_5884,2025-09-03 04:00:00,3959.185082612634,5482.016576859387,4371.604770211601
forecast_5885,2025-09-03 05:00:00,3626.427458610632,3901.4413527878974,3592.0451889033666
forecast_5886,2025-09-03 06:00:00,3638.27454800168,5209.449611370447,0.0
forecast_5887,2025-09-03 07:00:00,2733.8181005209653,3424.0936802007227,1037.820608333456
forecast_5888,2025-09-03 08:00:00,2718.7676111259684,3300.8880782030274,5.196506320032735
forecast_5889,2025-09-03 09:00:00,3516.1849483941132,3507.8682836213975,7.27812211137403
forecast_5890,2025-09-03 10:00:00,1194.7998200398551,1701.4099720066067,14.37331085943509
forecast_5891,2025-09-03 11:00:00,75.98395219761937,1067.3849682043813,55.04627422501537
forecast_5892,2025-09-03 12:00:00,1184.3009355261297,186.9459022663533,155.31247859409396
forecast_5893,2025-09-03 13:00:00,2556.368439597623,2250.5952673337006,212.36801261124177
forecast_5894,2025-09-03 14:00:00,2542.3513514945657,2408.978729810073,2515.741367472094
forecast_5895,2025-09-03 15:00:00,2874.0984938707034,2376.540625256537,2967.0951391544577
forecast_5896,2025-09-03 16:00:00,3736.9607171740495,2415.3683890182206,173.39057485780216
forecast_5897,2025-09-03 17:00:00,3199.0257729222067,2017.5497063567198,105.04618791232782
forecast_5898,2025-09-03 18:00:00,2938.344847896776,1985.879440415663,66.14507022554069
forecast_5899,2025-09-03 19:00:00,2865.5728635686505,1294.4738894605189,35.14487672915238
forecast_5900,2025-09-03 20:00:00,3133.7942310766107,2517.1119066185975,2348.543283736143
forecast_5901,2025-09-03 21:00:00,3137.3403688097346,2707.069965779382,58.94629243327247
forecast_5902,2025-09-03 22:00:00,2679.8679325687103,2579.3463444641006,2326.5204857018643
forecast_5903,2025-09-03 23:00:00,3848.44839913253,3781.850394785729,4393.79225111436
forecast_5904,2025-09-04 00:00:00,4427.086640668393,3760.1387455281424,3874.64469173109
forecast_5905,2025-09-04 01:00:00,2816.905267434724,2937.8102752810864,2600.2191626346016
forecast_5906,2025-09-04 02:00:00,3044.542350801435,2902.6274037012013,2140.72688983769
forecast_5907,2025-09-04 03:00:00,2980.8059520766997,3258.110481551185,2162.6141251897725
forecast_5908,2025-09-04 04:00:00,2940.931684816,3221.504938872696,159.59403996092183
forecast_5909,2025-09-04 05:00:00,3010.6957220257973,3159.9857373454715,2390.995253026459
forecast_5910,2025-09-04 06:00:00,3136.473288807602,3231.072528341987,2615.8050953680327
forecast_5911,2025-09-04 07:00:00,3147.3603958670324,3177.150963054131,2904.684585257818
forecast_5912,2025-09-04 08:00:00,3513.452559805589,3617.3011001856657,2638.38383398966
forecast_5913,2025-09-04 09:00:00,3278.74932621221,3611.8203809091424,2694.7834462016053
forecast_5914,2025-09-04 10:00:00,3432.7562702342057,3612.034490777488,3004.063722819388
forecast_5915,2025-09-04 11:00:00,2805.7415816157204,3382.31814655468,3472.112685320258
forecast_5916,2025-09-04 12:00:00,2869.716754393619,3390.34227889628,2899.595634227291
forecast_5917,2025-09-04 13:00:00,3269.653945680062,3446.79407926456,3025.8850654552148
forecast_5918,2025-09-04 14:00:00,3260.9447258232535,3522.381216380293,3178.968321445364
forecast_5919,2025-09-04 15:00:00,3106.109188405795,3387.879275315312,3243.7711309499655
forecast_5920,2025-09-04 16:00:00,3176.712159739826,3627.1369366359318,3228.4819476209127
forecast_5921,2025-09-04 17:00:00,3284.7112718872772,3570.8278143340144,3294.091997480386
forecast_5922,2025-09-04 18:00:00,3284.6433377447984,3598.1922520204116,3007.3500335773765
forecast_5923,2025-09-04 19:00:00,3182.3424039045467,3346.468033148705,2992.798860177309
forecast_5924,2025-09-04 20:00:00,3162.952962002225,3454.23003856041,3071.9520761307967
forecast_5925,2025-09-04 21:00:00,3114.501061257566,3446.6676750856104,3287.3407358940676
forecast_5926,2025-09-04 22:00:00,3189.4799452860752,3372.7153439950284,3312.172140330159
forecast_5927,2025-09-04 23:00:00,3268.3789943980437,3252.3307551607872,3228.6364665059905
forecast_5928,2025-09-05 00:00:00,3272.000513885806,3343.712305900966,3109.474690540256
forecast_5929,2025-09-05 01:00:00,3392.6924056491725,3391.263620174769,3221.5197907417246
forecast_5930,2025-09-05 02:00:00,3333.3272695875767,3516.5213974644994,3286.6317782577266
forecast_5931,2025-09-05 03:00:00,3412.8618104146894,3582.3363166567456,3106.341689004136
forecast_5932,2025-09-05 04:00:00,3226.531737600421,3446.8488542853347,3180.565159273269
forecast_5933,2025-09-05 05:00:00,3190.1103877310934,3449.6773945362725,3177.64422586603
forecast_5934,2025-09-05 06:00:00,3105.9762819057505,3350.919682050676,2932.9330393512864
forecast_5935,2025-09-05 07:00:00,3480.710090059087,3561.343336134421,2909.882327235582
forecast_5936,2025-09-05 08:00:00,3315.7562909845656,3783.1689022205246,2721.999361270175
forecast_5937,2025-09-05 09:00:00,3187.6616392147316,3611.2216624572434,2692.0291318568243
forecast_5938,2025-09-05 10:00:00,3218.4745752206463,3479.628467106331,2660.2154029009444
forecast_5939,2025-09-05 11:00:00,3721.2289696587477,3287.715614899436,137.06683362796724
forecast_5940,2025-09-05 12:00:00,88.53036590577459,84.91678406125794,59.7235567632154
forecast_5941,2025-09-05 13:00:00,17.863925669552017,19.05481912163765,10.788588240642527
forecast_5942,2025-09-05 14:00:00,16.62646959958243,17.475938766829252,16.365945013977
forecast_5943,2025-09-05 15:00:00,60.72173113043021,1368.657514032525,1133.5264071675717
forecast_5944,2025-09-05 16:00:00,102.01687686278999,105.79199699602037,47.24584192653655
forecast_5945,2025-09-05 17:00:00,2239.4024729322728,2471.3296261149926,144.13264674828667
forecast_5946,2025-09-05 18:00:00,2828.320209567522,3031.9044343564196,2535.9059157328334
forecast_5947,2025-09-05 19:00:00,3074.102166784181,3247.833840188073,2977.9176547000816
forecast_5948,2025-09-05 20:00:00,3034.051264803353,3406.280114596288,2892.6372577080756
forecast_5949,2025-09-05 21:00:00,3460.6414389316806,3418.8513891699577,3106.33114152632
forecast_5950,2025-09-05 22:00:00,4325.121295365298,4394.973778517713,3280.1162740147565
forecast_5951,2025-09-05 23:00:00,5141.693708471142,5362.2484520892585,3656.102531770147
forecast_5952,2025-09-06 00:00:00,5416.366775579974,5363.104577510546,3744.1235539060003
forecast_5953,2025-09-06 01:00:00,8327.310756590996,9680.465625089533,6487.4564745279495
forecast_5954,2025-09-06 02:00:00,9574.756446092915,10692.709358185446,7663.210706340768
forecast_5955,2025-09-06 03:00:00,11393.991035950976,12475.607506856979,9678.919395742563
forecast_5956,2025-09-06 04:00:00,13441.514874245691,14338.116615620876,10464.138641441252
forecast_5957,2025-09-06 05:00:00,13957.010318470142,15145.109857612477,11075.725074677257
forecast_5958,2025-09-06 06:00:00,14785.155181970342,15683.416941002426,11865.91520719257
forecast_5959,2025-09-06 07:00:00,14573.771188500376,15506.305854022741,11945.010190788122
forecast_5960,2025-09-06 08:00:00,14024.75356725642,14906.124039749022,12621.543767453253
forecast_5961,2025-09-06 09:00:00,13328.745391739893,15132.180313777257,12303.047332834361
forecast_5962,2025-09-06 10:00:00,12029.852374457727,13771.672295130213,11642.744288808786
forecast_5963,2025-09-06 11:00:00,10829.47118055905,13024.002503960923,11137.716284255306
forecast_5964,2025-09-06 12:00:00,11484.04919943453,12940.379707461972,11261.236972286099
forecast_5965,2025-09-06 13:00:00,11358.335951941963,12790.104687677167,11332.978349740926
forecast_5966,2025-09-06 14:00:00,11349.784569167045,12769.545561015171,11725.34864752026
forecast_5967,2025-09-06 15:00:00,11826.524698291845,13381.942070984955,11818.772684541904
forecast_5968,2025-09-06 16:00:00,11854.699772170354,13615.54509450989,12072.248290629817
forecast_5969,2025-09-06 17:00:00,11722.710940404502,13698.358799138496,12435.863946130701
forecast_5970,2025-09-06 18:00:00,11959.828159130384,13685.184908124947,12775.170212429766
forecast_5971,2025-09-06 19:00:00,11659.599257957778,13797.677922627128,13540.371280420895
forecast_5972,2025-09-06 20:00:00,12486.640336371313,14879.65657835763,14644.342676317736
forecast_5973,2025-09-06 21:00:00,13132.084147285255,15755.21536798134,15206.979344495801
forecast_5974,2025-09-06 22:00:00,13939.695022782811,16635.41545110199,16178.614930154963
forecast_5975,2025-09-06 23:00:00,14374.21813932742,17836.34097846975,17045.19106301999
forecast_5976,2025-09-07 00:00:00,14886.536380848165,18136.71584403584,17184.90125345706
forecast_5977,2025-09-07 01:00:00,15101.105389266222,18351.3783976157,18219.60784429752
forecast_5978,2025-09-07 02:00:00,14765.153984228346,18460.88277615743,17557.177566941424
forecast_5979,2025-09-07 03:00:00,14466.129246297967,18009.236966910725,17224.505768666164
forecast_5980,2025-09-07 04:00:00,14119.303441428614,17058.052839927404,16098.078933195378
forecast_5981,2025-09-07 05:00:00,13470.547728265457,15732.707932219488,14153.286727535877
forecast_5982,2025-09-07 06:00:00,12999.875649427257,14414.317703524965,13178.32487875818
forecast_5983,2025-09-07 07:00:00,12124.402132005522,12814.659255974308,11787.183562158014
forecast_5984,2025-09-07 08:00:00,11157.009050002907,11554.026047811616,10743.144165823167
forecast_5985,2025-09-07 09:00:00,8671.540504925102,9669.575228696836,9587.33298766222
forecast_5986,2025-09-07 10:00:00,7489.283976481833,7994.764175623585,7817.144209287335
forecast_5987,2025-09-07 11:00:00,6372.090303469054,6833.938310259431,5974.107083522912
forecast_5988,2025-09-07 12:00:00,5624.700396752024,5677.881866007112,4860.756417893614
forecast_5989,2025-09-07 13:00:00,4171.1992299769545,4084.42740652253,3953.035508994675
forecast_5990,2025-09-07 14:00:00,3788.128877157757,3867.5719202637624,3820.5658933466516
forecast_5991,2025-09-07 15:00:00,4068.319630992287,4098.061638713827,3863.3490712363496
forecast_5992,2025-09-07 16:00:00,4846.486378371847,4650.217226911287,4163.32332821565
forecast_5993,2025-09-07 17:00:00,5968.9470188571995,5881.015247144977,4356.50247473998
forecast_5994,2025-09-07 18:00:00,7315.344495986335,7340.197011860402,5177.054712684316
forecast_5995,2025-09-07 19:00:00,9502.77220786364,9219.442241902876,6090.186978404231
forecast_5996,2025-09-07 20:00:00,12087.79091450654,12375.780559741796,7061.59377655239
forecast_5997,2025-09-07 21:00:00,13874.240540245735,13298.308463457059,7451.06183466458
forecast_5998,2025-09-07 22:00:00,13243.015047159239,13563.62824081279,7773.006319051519
forecast_5999,2025-09-07 23:00:00,12825.164489025197,13345.170226242344,7911.341173945681
forecast_6000,2025-09-08 00:00:00,11167.082895380147,13030.159504388628,7962.921462780721
forecast_6001,2025-09-08 01:00:00,11335.134915960318,10883.727354372159,6648.375352893771
forecast_6002,2025-09-08 02:00:00,9971.046862914653,9825.37376863307,5740.797237574307
forecast_6003,2025-09-08 03:00:00,9195.664449294076,8325.187532330578,5136.302611464737
forecast_6004,2025-09-08 04:00:00,7880.371286145336,6486.075155355595,3925.0414248694256
forecast_6005,2025-09-08 05:00:00,8157.479864893384,5946.576434723933,3851.2520932200864
forecast_6006,2025-09-08 06:00:00,5551.947013020743,5580.526270856395,3772.8069871006164
forecast_6007,2025-09-08 07:00:00,4373.921255665975,4022.823236104044,3479.808736502002
forecast_6008,2025-09-08 08:00:00,3656.7573558972863,3581.8390673473023,3219.0406706691824
forecast_6009,2025-09-08 09:00:00,3423.299369811808,3201.831423746363,1448.88663661611
forecast_6010,2025-09-08 10:00:00,4111.189213117228,4094.843574688412,1012.1803840272668
forecast_6011,2025-09-08 11:00:00,3727.820299695723,3960.5101159827536,7.4092576369068635
forecast_6012,2025-09-08 12:00:00,3074.8508934127626,2997.2349765654467,2183.2124963818774
forecast_6013,2025-09-08 13:00:00,4361.966203156935,4372.245720289027,4584.677622866471
forecast_6014,2025-09-08 14:00:00,3913.058878552429,4308.1119731565195,4897.789642180026
forecast_6015,2025-09-08 15:00:00,2984.25767624138,3268.825535015953,3571.79272206485
forecast_6016,2025-09-08 16:00:00,3654.1008603101873,3687.9131804609287,3278.5022184014206
forecast_6017,2025-09-08 17:00:00,4228.59399681376,4116.746336553309,3639.092534990922
forecast_6018,2025-09-08 18:00:00,4121.660009412239,4436.910365729889,3695.438499352257
forecast_6019,2025-09-08 19:00:00,3858.2448775201997,3890.0164572090307,3557.9400921875103
forecast_6020,2025-09-08 20:00:00,3988.270085096032,3978.8592338194835,3519.7750565717433
forecast_6021,2025-09-08 21:00:00,3856.4199076574287,4085.657756829505,3463.2927990210114
forecast_6022,2025-09-08 22:00:00,3501.3914200973095,3573.0439584329215,3154.798800954044
forecast_6023,2025-09-08 23:00:00,3211.324301136384,3251.183546323412,3279.5878796902352
forecast_6024,2025-09-09 00:00:00,3571.0857818756,3960.159331482643,3435.191571277521
forecast_6025,2025-09-09 01:00:00,4063.052244728752,4041.4173726442937,3456.937513718387
forecast_6026,2025-09-09 02:00:00,3809.113902670374,3774.3777029255393,3128.2941828844564
forecast_6027,2025-09-09 03:00:00,3440.1206629094254,3341.6623963201137,3044.2239181223654
forecast_6028,2025-09-09 04:00:00,3557.843309089813,3427.057130918811,2973.5342766279127
forecast_6029,2025-09-09 05:00:00,3732.55793843817,3760.390161319857,3226.925820433196
forecast_6030,2025-09-09 06:00:00,3873.5453147071353,3493.4599590196613,3122.7404330800737
forecast_6031,2025-09-09 07:00:00,3535.3458674830986,3381.0674248784003,2813.419643140086
forecast_6032,2025-09-09 08:00:00,3671.5889618571023,3588.4149324150953,3419.6908871179444
forecast_6033,2025-09-09 09:00:00,3437.021177339185,3676.6323792246494,3053.8363894902814
forecast_6034,2025-09-09 10:00:00,3766.001802050797,3848.7663587894235,3514.6532639249567
forecast_6035,2025-09-09 11:00:00,3802.6294127866204,3971.781754786363,3428.1144177947685
forecast_6036,2025-09-09 12:00:00,3320.544411781374,3263.012598579453,2950.8068985778464
forecast_6037,2025-09-09 13:00:00,2786.4098144979694,2772.5805601475745,2237.609174664608
forecast_6038,2025-09-09 14:00:00,2551.0889995678417,2643.411579715525,150.343314088917
forecast_6039,2025-09-09 15:00:00,3601.4020278095823,2979.005950016934,57.77258597573904
forecast_6040,2025-09-09 16:00:00,2938.5343322368863,3602.440237698519,1159.6460291866024
forecast_6041,2025-09-09 17:00:00,2504.4731261239517,2610.3111802743424,1172.448316669768
forecast_6042,2025-09-09 18:00:00,3178.3701317618584,2866.7718333344264,1670.1432194204763
forecast_6043,2025-09-09 19:00:00,3063.2740016378725,3088.695618036597,2854.011515260884
forecast_6044,2025-09-09 20:00:00,3103.807072757279,3283.479244273424,2508.90332856943
forecast_6045,2025-09-09 21:00:00,3115.9422499519364,3364.727849847235,3074.8822253053563
forecast_6046,2025-09-09 22:00:00,3215.067179481509,3372.476719731285,2873.28948057497
forecast_6047,2025-09-09 23:00:00,3268.9502530400146,3390.5957848571115,2905.637273479727
forecast_6048,2025-09-10 00:00:00,3345.138151222097,3253.698751927944,2860.1634090521243
forecast_6049,2025-09-10 01:00:00,3524.699832924856,3525.3184100714434,2962.975796168556
forecast_6050,2025-09-10 02:00:00,3616.0755288975033,3669.3851728220675,2986.67447862258
forecast_6051,2025-09-10 03:00:00,3866.696428549803,3818.0343291285512,3043.505033547412
forecast_6052,2025-09-10 04:00:00,3633.2225328640056,3767.1568824091432,3077.428433686916
forecast_6053,2025-09-10 05:00:00,3740.810135974997,3708.254909817423,3309.841188400945
forecast_6054,2025-09-10 06:00:00,3775.96212897407,3772.423770851582,3152.5763141347097
forecast_6055,2025-09-10 07:00:00,3781.827574473899,3735.8646574657846,3079.527082193394
forecast_6056,2025-09-10 08:00:00,3409.565763116729,3504.118191140679,2745.178627983837
forecast_6057,2025-09-10 09:00:00,3111.3025220916115,3388.919116901519,3057.733883357486
forecast_6058,2025-09-10 10:00:00,3640.044754752491,3561.926626991136,3291.1814918822015
forecast_6059,2025-09-10 11:00:00,3721.3730282242877,3706.726826568662,3619.114535447153
forecast_6060,2025-09-10 12:00:00,3637.1171646725434,3751.262223416667,3445.1305835401286
forecast_6061,2025-09-10 13:00:00,3663.0160353285673,3670.8911369480184,3404.135727063083
forecast_6062,2025-09-10 14:00:00,3527.813358848845,3393.1811448271624,3172.9314426859996
forecast_6063,2025-09-10 15:00:00,3759.2629926867075,3401.6231993918127,3164.0918202356065
forecast_6064,2025-09-10 16:00:00,3883.6229739805626,3415.731868637371,3440.124412747093
forecast_6065,2025-09-10 17:00:00,3019.7255281276734,3317.4857414167054,10149.570717647905
forecast_6066,2025-09-10 18:00:00,3153.580128261727,3244.8354210009516,2524.010371706261
forecast_6067,2025-09-10 19:00:00,3277.4141986701607,3264.0716666933467,3070.5125011115692
forecast_6068,2025-09-10 20:00:00,3486.9950494669656,3426.6022997445416,2836.297800751478
forecast_6069,2025-09-10 21:00:00,3598.404298661043,3537.6247692054103,3094.3467323045816
forecast_6070,2025-09-10 22:00:00,3728.744388412773,3614.36634256937,3188.7556766413973
forecast_6071,2025-09-10 23:00:00,3797.041073435034,3681.0378993439294,3135.7567981994557
forecast_6072,2025-09-11 00:00:00,3831.102201021182,3627.7441455185285,3167.2653832145384
forecast_6073,2025-09-11 01:00:00,3564.278247568888,3532.7527987488943,3376.9032403825245
forecast_6074,2025-09-11 02:00:00,3514.0638692974094,3498.001985366855,3497.1358311580602
forecast_6075,2025-09-11 03:00:00,3657.1971052043486,3570.438508408038,3452.1532639659267
forecast_6076,2025-09-11 04:00:00,3530.49300175955,3466.294857420047,3233.7722088061714
forecast_6077,2025-09-11 05:00:00,3717.833730443176,3834.9910627063487,3227.103954129775
forecast_6078,2025-09-11 06:00:00,4025.292380771319,4183.824229459429,3370.321771122634
forecast_6079,2025-09-11 07:00:00,3967.596399646921,4553.369960008377,3707.388028575755
forecast_6080,2025-09-11 08:00:00,3911.3882431418997,4598.5359911307,3635.2101913607335
forecast_6081,2025-09-11 09:00:00,3843.4317944970094,4073.762980450884,3419.3063625649784
forecast_6082,2025-09-11 10:00:00,3651.5953277147037,3912.9649286000295,3608.299573586819
forecast_6083,2025-09-11 11:00:00,3697.817847666953,3821.0695853538277,3490.0309440961
forecast_6084,2025-09-11 12:00:00,3959.7589713237253,4212.028407677301,3652.848748101376
forecast_6085,2025-09-11 13:00:00,4240.378515038864,4622.506957546356,3692.268671163287
forecast_6086,2025-09-11 14:00:00,3952.382851747781,4392.670078125127,3551.910841052754
forecast_6087,2025-09-11 15:00:00,3814.476365321798,3860.659800196899,3360.7983447384763
forecast_6088,2025-09-11 16:00:00,3707.3300227873983,3730.3859807043973,3362.972860236195
forecast_6089,2025-09-11 17:00:00,3920.638372547956,3749.889740062012,3528.0463172962777
forecast_6090,2025-09-11 18:00:00,3786.850241935907,4133.852619922068,3549.383339795088
forecast_6091,2025-09-11 19:00:00,4057.0583688671823,4745.599212339163,3565.0976703225356
forecast_6092,2025-09-11 20:00:00,4800.6143908523545,5524.1544961530135,3750.478764697719
forecast_6093,2025-09-11 21:00:00,5292.809190907467,6152.388813691727,3766.155626847193
forecast_6094,2025-09-11 22:00:00,5568.2034748220185,6566.806892369142,3911.681217868216
forecast_6095,2025-09-11 23:00:00,5472.843166827968,6439.022806107922,3939.2064767769784
forecast_6096,2025-09-12 00:00:00,5492.31112352616,6548.104557915553,4031.5983627259916
forecast_6097,2025-09-12 01:00:00,5457.945399415067,6096.875833323548,3770.0091698176125
forecast_6098,2025-09-12 02:00:00,4560.936145354129,5512.70138141783,3606.689359349315
forecast_6099,2025-09-12 03:00:00,4076.584280047854,4905.775727401679,3561.79014791752
forecast_6100,2025-09-12 04:00:00,3831.9892129626114,4192.037866683804,3330.8099430395214
forecast_6101,2025-09-12 05:00:00,3794.9249174366755,4308.148323078775,3280.2420582886903
forecast_6102,2025-09-12 06:00:00,3769.7776954779256,4253.719661687437,3500.9348766837293
forecast_6103,2025-09-12 07:00:00,3469.9786952248546,4257.610831151214,3528.244577341779
forecast_6104,2025-09-12 08:00:00,3510.302789307071,4222.845517308047,3428.7225424844023
forecast_6105,2025-09-12 09:00:00,3412.9986927212854,3777.2197922860278,3253.725251175244
forecast_6106,2025-09-12 10:00:00,3917.776555397778,3964.5666780176502,3312.5296100375585
forecast_6107,2025-09-12 11:00:00,3878.360820435292,4215.083337350474,3613.0204482477766
forecast_6108,2025-09-12 12:00:00,3973.6349394234644,4795.783869816897,3778.0363292088205
forecast_6109,2025-09-12 13:00:00,3702.5058589882437,3944.9048685658795,3487.6154751200843
forecast_6110,2025-09-12 14:00:00,3864.181276077897,3489.9650690641433,3740.4908287044314
forecast_6111,2025-09-12 15:00:00,3675.392414622816,3475.239802394943,3434.487351548674
forecast_6112,2025-09-12 16:00:00,3590.7119756344637,3634.263297465203,3387.241248413231
forecast_6113,2025-09-12 17:00:00,3538.64698237548,3458.1678442067655,3530.6546039652967
forecast_6114,2025-09-12 18:00:00,3543.007316100886,3214.902915261368,3675.199751229906
forecast_6115,2025-09-12 19:00:00,3480.405748907181,3491.8595701274276,3684.5307801577073
forecast_6116,2025-09-12 20:00:00,3542.9096198484103,3866.068912230198,3909.796280887265
forecast_6117,2025-09-12 21:00:00,3944.8937669488128,4463.890660795947,3725.5481152715593
forecast_6118,2025-09-12 22:00:00,5019.947620765944,5668.537200461285,3772.264041572462
forecast_6119,2025-09-12 23:00:00,5584.16069574414,6136.149928433344,4276.569179793815
forecast_6120,2025-09-13 00:00:00,6018.833197414361,6671.295061484647,4814.693891168206
forecast_6121,2025-09-13 01:00:00,4331.3303937450155,4940.631550932379,3577.6657572785925
forecast_6122,2025-09-13 02:00:00,4289.313859535504,4666.589851109095,3631.8314208927563
forecast_6123,2025-09-13 03:00:00,4564.383400482659,4741.458689624729,4046.375945040209
forecast_6124,2025-09-13 04:00:00,5178.450543588378,6619.070516414263,5385.045605151846
forecast_6125,2025-09-13 05:00:00,6966.255862640865,7820.204699649742,6656.574457608529
forecast_6126,2025-09-13 06:00:00,8215.409089718056,9647.957144081072,7914.366454218642
forecast_6127,2025-09-13 07:00:00,11193.033116682773,12674.004548369001,11220.458549551482
forecast_6128,2025-09-13 08:00:00,11296.44388594197,13223.42279419344,12592.915967699686
forecast_6129,2025-09-13 09:00:00,12775.197134477386,14583.276535611143,14828.086004751416
forecast_6130,2025-09-13 10:00:00,12329.964191559675,14369.782368684782,13879.374625194168
forecast_6131,2025-09-13 11:00:00,11156.4847472781,12400.1056496124,11824.0939648507
forecast_6132,2025-09-13 12:00:00,7588.010409642386,7973.690093775422,7228.295566833793
forecast_6133,2025-09-13 13:00:00,5116.9661949973115,5625.130314685378,4715.257951438895
forecast_6134,2025-09-13 14:00:00,3577.2353923579744,3913.8042237752825,3781.374604334755
forecast_6135,2025-09-13 15:00:00,3672.24543593154,3410.9887898421944,3396.160508674293
forecast_6136,2025-09-13 16:00:00,3895.9339587518875,3829.263423713936,3550.5699968934914
forecast_6137,2025-09-13 17:00:00,4259.590074624262,4292.518457597237,3764.5843393892933
forecast_6138,2025-09-13 18:00:00,4199.909818003608,4402.5368609803845,3530.6073568307434
forecast_6139,2025-09-13 19:00:00,3605.0214080885175,3567.9362842807304,2993.7236734109874
forecast_6140,2025-09-13 20:00:00,3372.173211920739,3439.250005950008,3088.8158643073566
forecast_6141,2025-09-13 21:00:00,3428.714053419587,3348.135137656069,3072.908805631053
forecast_6142,2025-09-13 22:00:00,3304.047851196633,3315.0719320349763,3030.2884661004946
forecast_6143,2025-09-13 23:00:00,3365.626022230183,3398.5919353786653,3055.4379619005067
forecast_6144,2025-09-14 00:00:00,3386.540068521065,3368.943388375824,2848.223265082702
forecast_6145,2025-09-14 01:00:00,3705.1090375929534,3646.9824433250346,3040.6969599975087
forecast_6146,2025-09-14 02:00:00,3355.061879264513,3423.0758567814323,3008.4440661006383
forecast_6147,2025-09-14 03:00:00,3280.345076995561,3223.6160497394735,2769.0888297620445
forecast_6148,2025-09-14 04:00:00,3186.3618269637473,3219.821884151566,2851.8024156113847
forecast_6149,2025-09-14 05:00:00,3517.862161713581,3472.788506590231,2917.8129435195815
forecast_6150,2025-09-14 06:00:00,3612.0115830129503,3565.9967494765533,3068.6490756577
forecast_6151,2025-09-14 07:00:00,3887.96727586614,3614.7246070008746,3497.5143024108033
forecast_6152,2025-09-14 08:00:00,3909.3741781225176,3761.2693378134018,3619.990901964913
forecast_6153,2025-09-14 09:00:00,3791.2143555798652,3716.8250473205376,3424.7583432928523
forecast_6154,2025-09-14 10:00:00,3745.4591109747766,3911.066170076649,3602.648173351363
forecast_6155,2025-09-14 11:00:00,3965.082407985507,3884.961849764492,3429.0935873257467
forecast_6156,2025-09-14 12:00:00,3863.8338555769415,3870.5673853542903,3375.820584993919
forecast_6157,2025-09-14 13:00:00,3721.355568682972,3744.2491416330745,3207.8009460882436
forecast_6158,2025-09-14 14:00:00,3785.235930268251,3746.002636355618,3306.9024753433673
forecast_6159,2025-09-14 15:00:00,3871.959997475613,3889.7005829602,3445.934225117017
forecast_6160,2025-09-14 16:00:00,4066.0235533590317,4072.1681029446104,3730.1555195945048
forecast_6161,2025-09-14 17:00:00,4155.74539481359,4171.211063301915,3557.261936009742
forecast_6162,2025-09-14 18:00:00,6105.94942976972,6078.246543891792,4591.76610188676
forecast_6163,2025-09-14 19:00:00,8803.7421175538,8872.179423041689,6575.030049167688
forecast_6164,2025-09-14 20:00:00,11157.999807921222,11022.316709516579,7490.16704450852
forecast_6165,2025-09-14 21:00:00,13292.933336874597,13165.534206659959,8482.30260027167
forecast_6166,2025-09-14 22:00:00,15359.0080235205,15100.422588539623,11799.762021973342
forecast_6167,2025-09-14 23:00:00,16367.510173961053,16356.079083750183,14334.301015561408
forecast_6168,2025-09-15 00:00:00,16917.36955209009,17183.428019521747,15085.296888852063
forecast_6169,2025-09-15 01:00:00,15725.73572087479,15888.523117632885,11885.299931253521
forecast_6170,2025-09-15 02:00:00,15611.936493408739,15366.84824992993,11566.31881477278
forecast_6171,2025-09-15 03:00:00,13878.05211124273,13560.607405776176,10185.430725123128
forecast_6172,2025-09-15 04:00:00,11900.787159645126,11863.356317103997,8906.439726616962
forecast_6173,2025-09-15 05:00:00,10710.527917565201,10670.25006100028,7694.532001498646
forecast_6174,2025-09-15 06:00:00,9142.51058151474,7290.14958483161,6074.177718542734
forecast_6175,2025-09-15 07:00:00,5305.652783891684,4640.938499226222,4361.096061189631
forecast_6176,2025-09-15 08:00:00,4485.797820330846,4192.190258623312,3660.8296504326845
forecast_6177,2025-09-15 09:00:00,4026.6989149872697,3824.744111859137,3458.620355632731
forecast_6178,2025-09-15 10:00:00,3299.651644876364,3240.669673258837,2509.6155687849105
forecast_6179,2025-09-15 11:00:00,3640.848949720471,3489.471957620794,1728.2819480053797
forecast_6180,2025-09-15 12:00:00,3548.4945214471413,4246.8096947492295,3229.7912617169864
forecast_6181,2025-09-15 13:00:00,3956.588161153714,3984.960039292484,3939.537906848231
forecast_6182,2025-09-15 14:00:00,3569.00863204033,3487.482265557599,4571.837908760636
forecast_6183,2025-09-15 15:00:00,6225.900855667898,5898.517199272896,4300.305436117608
forecast_6184,2025-09-15 16:00:00,3738.395907259018,3402.003585033234,3133.5881871921893
forecast_6185,2025-09-15 17:00:00,3846.104623474623,3855.365086544799,3447.9025393051675
forecast_6186,2025-09-15 18:00:00,4499.113291359143,4289.8571393803595,3646.623523865119
forecast_6187,2025-09-15 19:00:00,5644.471410724596,5686.195206919108,3950.2199312519665
forecast_6188,2025-09-15 20:00:00,6023.567224171065,6251.139204705585,4147.035324741744
forecast_6189,2025-09-15 21:00:00,6382.749545727732,6557.38476527329,4508.7490966208015
forecast_6190,2025-09-15 22:00:00,6085.589936566028,5980.3457641809255,4229.899704779007
forecast_6191,2025-09-15 23:00:00,6161.546188674003,5426.950937013637,4070.6954046493515
forecast_6192,2025-09-16 00:00:00,5811.432964728669,5742.845090952337,4049.0251966983406
forecast_6193,2025-09-16 01:00:00,10080.37537065213,9985.131743154188,6548.192325614601
forecast_6194,2025-09-16 02:00:00,10450.527632874511,10456.181217209147,6628.010947935384
forecast_6195,2025-09-16 03:00:00,11555.182161322055,11645.78042539009,7540.400309099149
forecast_6196,2025-09-16 04:00:00,12210.573905813062,12349.518576829783,7938.420437729577
forecast_6197,2025-09-16 05:00:00,13469.078696591529,13776.993852081634,9201.98924195588
forecast_6198,2025-09-16 06:00:00,14098.520302906596,14376.47217521096,9374.887359047878
forecast_6199,2025-09-16 07:00:00,13371.760714868033,13892.225918701215,8278.646805766524
forecast_6200,2025-09-16 08:00:00,12867.289453253483,12321.290611617535,7407.9735477083605
forecast_6201,2025-09-16 09:00:00,9783.939250281801,9668.351128776996,5546.353417748323
forecast_6202,2025-09-16 10:00:00,7513.389876367655,7707.228503747429,5041.107401626671
forecast_6203,2025-09-16 11:00:00,5666.739998210639,5724.79024277867,4600.318207840945
forecast_6204,2025-09-16 12:00:00,5653.108749468458,5331.255739761923,5138.792683614029
forecast_6205,2025-09-16 13:00:00,5621.806941189564,5396.943555092996,5352.348339411607
forecast_6206,2025-09-16 14:00:00,6824.3439788483365,7029.901420386212,5742.483358714314
forecast_6207,2025-09-16 15:00:00,8921.57893150856,8625.84920101535,6841.286242049865
forecast_6208,2025-09-16 16:00:00,8030.629402275037,8345.198446725819,6796.527626133301
forecast_6209,2025-09-16 17:00:00,8092.477828670151,9345.050333716554,6582.03028721128
forecast_6210,2025-09-16 18:00:00,8520.436862679107,10021.263036875984,7217.315408069344
forecast_6211,2025-09-16 19:00:00,10752.394835062541,12069.305068866028,9677.391816058971
forecast_6212,2025-09-16 20:00:00,13084.488005166686,13958.282790223335,11372.516748986343
forecast_6213,2025-09-16 21:00:00,13427.136108818804,14235.322479849383,11138.284330428427
forecast_6214,2025-09-16 22:00:00,12595.257038721258,13565.483300211892,10732.979420025562
forecast_6215,2025-09-16 23:00:00,11585.298336685275,13197.397667838657,10447.259158540224
forecast_6216,2025-09-17 00:00:00,12249.460393734593,13222.61962802254,10796.99194813239
forecast_6217,2025-09-17 01:00:00,15135.266322620997,18238.165979426612,16796.67239717388
forecast_6218,2025-09-17 02:00:00,15512.424735159913,17999.584831353783,17233.512373881465
forecast_6219,2025-09-17 03:00:00,15964.443956724417,17778.342593468766,17434.409842894296
forecast_6220,2025-09-17 04:00:00,15591.662156389966,17231.710786359436,17714.277996127712
forecast_6221,2025-09-17 05:00:00,14646.16520224696,16293.49199362492,17549.33067697343
forecast_6222,2025-09-17 06:00:00,13844.742203780384,14984.354420091016,16231.466624736262
forecast_6223,2025-09-17 07:00:00,13223.772855684761,13177.053101080573,11151.22012993929
forecast_6224,2025-09-17 08:00:00,10155.346212916276,11213.417563718356,8815.877136636736
forecast_6225,2025-09-17 09:00:00,7560.321276931011,8629.035131085555,6360.2232245391615
forecast_6226,2025-09-17 10:00:00,5525.981111718449,5539.07892804142,4897.839516133928
forecast_6227,2025-09-17 11:00:00,3960.196025211953,4185.9014838095445,3840.773030385509
forecast_6228,2025-09-17 12:00:00,3481.612148791242,3565.1571779721494,3531.5052000140054
forecast_6229,2025-09-17 13:00:00,3333.3234667647907,3536.845619885185,3636.7906827784514
forecast_6230,2025-09-17 14:00:00,3966.866603702593,4160.521494858567,3521.601760552371
forecast_6231,2025-09-17 15:00:00,3914.7107015590923,4265.320511672704,3804.271091466492
forecast_6232,2025-09-17 16:00:00,3742.6857232026255,3943.1282203562596,3778.776479879755
forecast_6233,2025-09-17 17:00:00,3654.5709794147047,3459.102813856058,3979.00048276513
forecast_6234,2025-09-17 18:00:00,3481.9215496853267,3511.0198747073323,3629.222699971463
forecast_6235,2025-09-17 19:00:00,3394.311928197302,3592.553183195377,3617.7029105017136
forecast_6236,2025-09-17 20:00:00,3920.030023752925,3943.3207490016152,3659.1373547760427
forecast_6237,2025-09-17 21:00:00,3625.318445542561,3604.2616880305127,3363.7534826028796
forecast_6238,2025-09-17 22:00:00,3414.567842322645,3457.371997125277,3311.0757718353275
forecast_6239,2025-09-17 23:00:00,3513.7135869976073,3463.5027741944036,3130.014285906776
forecast_6240,2025-09-18 00:00:00,3643.6901891205885,3466.868668004185,3170.868727803974
forecast_6241,2025-09-18 01:00:00,2688.3865732951076,2959.7173089333014,2922.4747726282267
forecast_6242,2025-09-18 02:00:00,2682.438467957728,2946.536602040802,3067.530676119888
forecast_6243,2025-09-18 03:00:00,2727.1208966056665,2946.7595532237706,2815.8646045253536
forecast_6244,2025-09-18 04:00:00,2745.3786576935445,2986.559384692228,2437.7877840901847
forecast_6245,2025-09-18 05:00:00,3221.6050445645083,3450.1911510774667,2845.346379278324
forecast_6246,2025-09-18 06:00:00,3481.7536279080537,3878.012048410596,3253.796845421492
forecast_6247,2025-09-18 07:00:00,4105.080288710992,4529.575505331453,3565.5214203209207
forecast_6248,2025-09-18 08:00:00,4052.186537267786,4542.94499214477,3631.4093608580392
forecast_6249,2025-09-18 09:00:00,3796.085543328498,4362.00394629314,3496.2393505299633
forecast_6250,2025-09-18 10:00:00,3523.498297236664,3872.894389680738,3328.9520013740057
forecast_6251,2025-09-18 11:00:00,3390.4719933168994,3864.016026787301,3226.2943974191576
forecast_6252,2025-09-18 12:00:00,3380.2950290844583,3643.951766753594,3051.245492056082
forecast_6253,2025-09-18 13:00:00,3110.9799732065812,3493.9295597700393,2872.4861903320266
forecast_6254,2025-09-18 14:00:00,3312.6055848985193,3245.373611504962,2731.2177957971703
forecast_6255,2025-09-18 15:00:00,3196.184987030663,3407.4150062969625,3223.5763610142003
forecast_6256,2025-09-18 16:00:00,3100.499328294123,3217.6530031217408,2823.1192839884857
forecast_6257,2025-09-18 17:00:00,3250.4730312775014,3374.834020709858,2615.866983215125
forecast_6258,2025-09-18 18:00:00,3344.993864854717,3417.7247647638283,2598.822324452863
forecast_6259,2025-09-18 19:00:00,3203.5123453231645,3520.3393107263532,2638.850098538734
forecast_6260,2025-09-18 20:00:00,3297.2100620029055,3547.4533006695942,2773.9398170115464
forecast_6261,2025-09-18 21:00:00,3455.081188573652,3605.729968166061,2709.6918880937938
forecast_6262,2025-09-18 22:00:00,3453.306852992561,3700.560409913155,2886.3784383957363
forecast_6263,2025-09-18 23:00:00,3412.7794779354927,3693.8880092148943,2774.728859703721
forecast_6264,2025-09-19 00:00:00,3390.9070112172326,3551.251988800235,2742.630605511202
forecast_6265,2025-09-19 01:00:00,3430.5203027916646,3552.071346820331,2771.369472291707
forecast_6266,2025-09-19 02:00:00,3246.524145225813,3426.342577430094,2871.3395731685687
forecast_6267,2025-09-19 03:00:00,3016.3157224244187,3487.242950533436,2660.5212551088234
forecast_6268,2025-09-19 04:00:00,2942.083408606098,3378.3687783180567,2744.0660885624156
forecast_6269,2025-09-19 05:00:00,3055.7422801299886,3241.046711579359,2762.8990892520987
forecast_6270,2025-09-19 06:00:00,3076.8832715591425,2982.882083470257,2679.75095496109
forecast_6271,2025-09-19 07:00:00,3154.697897414006,3145.7766468822524,1944.3883699185715
forecast_6272,2025-09-19 08:00:00,2927.0566558099613,3008.203831764085,1862.2974597047075
forecast_6273,2025-09-19 09:00:00,3715.659918503961,3261.2132784112814,2296.558716284744
forecast_6274,2025-09-19 10:00:00,3750.952593383236,3362.879224956478,324.77322170031186
forecast_6275,2025-09-19 11:00:00,3812.9082735731313,2897.116739184675,245.37432489395775
forecast_6276,2025-09-19 12:00:00,3247.4817572035295,2070.5219321757436,190.35160807570009
forecast_6277,2025-09-19 13:00:00,1384.463178656602,171.0117332730812,123.85586926653197
forecast_6278,2025-09-19 14:00:00,133.60868304248487,127.66027292484,87.34695086607728
forecast_6279,2025-09-19 15:00:00,89.08808348719306,85.6358555951981,35.70565287620922
forecast_6280,2025-09-19 16:00:00,1813.3346387411434,2773.4182219250183,1102.3230866128536
forecast_6281,2025-09-19 17:00:00,234.49050455193057,211.46373593222845,50.24794222785944
forecast_6282,2025-09-19 18:00:00,3161.1374679329447,3233.218467221205,2946.016338724371
forecast_6283,2025-09-19 19:00:00,3958.564249031036,3953.6704526064445,3521.3127902636425
forecast_6284,2025-09-19 20:00:00,3530.158819045968,3544.7097100521596,3628.1592185817776
forecast_6285,2025-09-19 21:00:00,3491.095482024845,3549.7029402795765,3919.968694466811
forecast_6286,2025-09-19 22:00:00,3709.1932046184443,3945.811407123022,3993.3931486198007
forecast_6287,2025-09-19 23:00:00,3954.89825990458,4399.108771479287,3568.1885285175904
forecast_6288,2025-09-20 00:00:00,4101.9466808464795,4656.254785297964,3591.41910428346
forecast_6289,2025-09-20 01:00:00,5940.403252315058,6820.503639366714,3950.5910949996837
forecast_6290,2025-09-20 02:00:00,6031.42268862023,7094.652634617577,4197.1046052672145
forecast_6291,2025-09-20 03:00:00,5849.031453268734,6671.336773221425,4375.517665935896
forecast_6292,2025-09-20 04:00:00,5384.188546243756,6046.937406493307,3683.3541682977225
forecast_6293,2025-09-20 05:00:00,5505.819389492927,6385.713577684335,3853.7867168189755
forecast_6294,2025-09-20 06:00:00,5593.4188252426775,6126.768035505029,3791.3735933890002
forecast_6295,2025-09-20 07:00:00,5439.6782910630955,5919.803755594902,3810.110215546142
forecast_6296,2025-09-20 08:00:00,4197.589699168066,4822.555757839001,3399.548828084869
forecast_6297,2025-09-20 09:00:00,3725.72515732998,3888.3241457261224,3621.300034865969
forecast_6298,2025-09-20 10:00:00,3372.072071547526,3547.0538560219197,3001.8696722355157
forecast_6299,2025-09-20 11:00:00,3465.997098313887,3562.5093782092563,3119.574752282361
forecast_6300,2025-09-20 12:00:00,3567.1114366989414,3784.9966402174036,3299.6678952462485
forecast_6301,2025-09-20 13:00:00,3930.695937299334,4045.8642333684757,3355.34437774784
forecast_6302,2025-09-20 14:00:00,3877.1723806841396,4182.75386821406,3464.374329021441
forecast_6303,2025-09-20 15:00:00,3749.6266505189883,3810.0479867467398,3309.6462645260954
forecast_6304,2025-09-20 16:00:00,3818.302124612013,3533.9071639928366,3599.8847675634893
forecast_6305,2025-09-20 17:00:00,3888.106952289115,3860.3593695790823,3456.849240089671
forecast_6306,2025-09-20 18:00:00,3784.75717705327,3592.755973722313,3322.7077654829322
forecast_6307,2025-09-20 19:00:00,3472.664312442316,3597.8493238550363,3219.85187576483
forecast_6308,2025-09-20 20:00:00,3734.0098472978107,3839.121117223397,3244.856734282233
forecast_6309,2025-09-20 21:00:00,4058.070655043283,4080.3316116908677,3331.656197467279
forecast_6310,2025-09-20 22:00:00,3828.984338830587,3868.277749148084,3323.5483136933562
forecast_6311,2025-09-20 23:00:00,3686.212772942451,4019.9964911344114,3466.6055713133906
forecast_6312,2025-09-21 00:00:00,3736.4280418051767,3914.0295333734375,3389.697519617785
forecast_6313,2025-09-21 01:00:00,4395.773152763349,5097.433437495415,3777.458686493313
forecast_6314,2025-09-21 02:00:00,4038.257295577979,4268.100048879476,3686.2048289938457
forecast_6315,2025-09-21 03:00:00,3840.3026929650305,3965.877182485718,3671.573724752746
forecast_6316,2025-09-21 04:00:00,3645.734336738147,3850.7753164007613,3700.4639882749557
forecast_6317,2025-09-21 05:00:00,3782.3580802949446,3989.262466950143,3471.66321976426
forecast_6318,2025-09-21 06:00:00,3993.755718426043,4541.4553556627325,3605.924189929492
forecast_6319,2025-09-21 07:00:00,4058.252545998691,4602.605607419581,3724.3122280072444
forecast_6320,2025-09-21 08:00:00,3826.0381719922325,4156.239280743347,3386.5498709948906
forecast_6321,2025-09-21 09:00:00,3768.1551160687254,3941.1292073181485,3298.315063922168
forecast_6322,2025-09-21 10:00:00,3443.513456041795,3390.7145551595904,3101.0736298439942
forecast_6323,2025-09-21 11:00:00,3566.38659856865,3839.6574396845713,3070.2150259694668
forecast_6324,2025-09-21 12:00:00,3505.9651210610755,3795.7813371623206,3503.012677103175
forecast_6325,2025-09-21 13:00:00,3604.2000778885263,3861.5295416035538,3485.2209709835147
forecast_6326,2025-09-21 14:00:00,3661.9296387285576,3846.6065769158117,3322.590175002234
forecast_6327,2025-09-21 15:00:00,3477.7548765684887,3962.010068471005,3565.8496012763667
forecast_6328,2025-09-21 16:00:00,3460.387431378788,3602.7751538537273,3973.3601447053834
forecast_6329,2025-09-21 17:00:00,3041.168745737779,3467.7913286996645,3126.701644827474
forecast_6330,2025-09-21 18:00:00,2908.4809710061368,3288.561377157576,2920.73498678137
forecast_6331,2025-09-21 19:00:00,3167.1459271208723,3602.7171150573386,3103.620660197907
forecast_6332,2025-09-21 20:00:00,3823.661677726168,4324.589163599679,3621.327168105294
forecast_6333,2025-09-21 21:00:00,3989.346184619223,4577.948238346615,3543.3490270030516
forecast_6334,2025-09-21 22:00:00,4593.561502652604,5263.060076561613,3601.6029462051342
forecast_6335,2025-09-21 23:00:00,5090.879143935698,5938.731493449855,3836.118597034821
forecast_6336,2025-09-22 00:00:00,5130.397744858549,5874.049496962556,3836.9993507257223
forecast_6337,2025-09-22 01:00:00,4960.210939358896,5235.875867812002,3556.147314209289
forecast_6338,2025-09-22 02:00:00,5070.661217431261,5793.622060231667,3729.070646028594
forecast_6339,2025-09-22 03:00:00,5145.2685542754325,5923.014175741328,3689.3647593484584
forecast_6340,2025-09-22 04:00:00,5335.176620553482,5975.7382053538195,3736.529789292089
forecast_6341,2025-09-22 05:00:00,5327.805053067569,6167.048530344188,3755.3631904943563
forecast_6342,2025-09-22 06:00:00,5602.223953987329,6273.843495167597,3709.7444202923734
forecast_6343,2025-09-22 07:00:00,5439.133171861366,6019.652817438481,3779.8379372756945
forecast_6344,2025-09-22 08:00:00,4648.865665823676,5652.258635160618,3733.709435861388
forecast_6345,2025-09-22 09:00:00,4496.444117043645,5536.637778848102,3813.077820487654
forecast_6346,2025-09-22 10:00:00,4501.151485070319,5889.48591261481,4135.166848972067
forecast_6347,2025-09-22 11:00:00,4405.1346321292085,5772.340377701816,3872.503945283655
forecast_6348,2025-09-22 12:00:00,4257.855385895003,5248.388785869796,3582.6248813489683
forecast_6349,2025-09-22 13:00:00,3977.579938271393,4329.366395011157,3486.495371790882
forecast_6350,2025-09-22 14:00:00,3876.632031277763,3946.839736384711,3387.5010869918865
forecast_6351,2025-09-22 15:00:00,3814.1021776252433,3736.929641667695,3479.650605055819
forecast_6352,2025-09-22 16:00:00,3948.441669266354,3891.102840969821,3506.914438960617
forecast_6353,2025-09-22 17:00:00,3900.621728419984,3710.2664928156546,3536.8278198421376
forecast_6354,2025-09-22 18:00:00,3508.8743910589574,3551.274256730474,3287.4532346439178
forecast_6355,2025-09-22 19:00:00,3564.5322311063915,3749.202890092968,3346.9018561734692
forecast_6356,2025-09-22 20:00:00,3731.7937797414834,3906.0403495470086,3270.6284994575694
forecast_6357,2025-09-22 21:00:00,3847.1275726550903,3911.950082947594,3466.7205011004867
forecast_6358,2025-09-22 22:00:00,3707.139509591141,3823.87243042993,3394.249015955253
forecast_6359,2025-09-22 23:00:00,3521.54471036542,3769.853294815481,3314.5479762954033
forecast_6360,2025-09-23 00:00:00,3651.910120449933,3815.78440103356,3267.7014252439085
forecast_6361,2025-09-23 01:00:00,2892.045263269021,2937.5120701884566,2106.3710577083207
forecast_6362,2025-09-23 02:00:00,2947.3035961005394,3029.1305745831023,2592.4960156307893
forecast_6363,2025-09-23 03:00:00,3180.3299324142354,3139.4418377184143,2818.882551462064
forecast_6364,2025-09-23 04:00:00,3097.4503794067527,3103.0255225733026,2652.3829507713826
forecast_6365,2025-09-23 05:00:00,3501.5439954506096,3481.2851153502734,2934.8995321202424
forecast_6366,2025-09-23 06:00:00,3541.2851733413086,3596.8255073400865,2933.334656767509
forecast_6367,2025-09-23 07:00:00,3500.548078125554,3637.355241377614,3082.838615912185
forecast_6368,2025-09-23 08:00:00,3475.3651477465796,3544.3986617832215,3161.8886755867393
forecast_6369,2025-09-23 09:00:00,3172.786925026567,3293.0690629511587,2766.6203292103546
forecast_6370,2025-09-23 10:00:00,3203.8430709141626,3405.147586508873,2722.06927509946
forecast_6371,2025-09-23 11:00:00,3067.6682834304183,3301.1692504320376,2869.2356780583555
forecast_6372,2025-09-23 12:00:00,3299.699797153721,3371.7171143269325,3286.3714958938926
forecast_6373,2025-09-23 13:00:00,3355.0620165011237,3588.08690048409,3441.9647336961993
forecast_6374,2025-09-23 14:00:00,3148.963774197202,3211.8671893952583,3387.221356730767
forecast_6375,2025-09-23 15:00:00,3329.0219924006697,3805.471812012452,3680.839297217698
forecast_6376,2025-09-23 16:00:00,3342.7542054739097,3646.3272459188497,3418.6449863895837
forecast_6377,2025-09-23 17:00:00,3181.775435219893,3617.652903631628,3219.2964447644495
forecast_6378,2025-09-23 18:00:00,3389.56379164104,3645.0186019113944,2598.159976108887
forecast_6379,2025-09-23 19:00:00,3378.7274805986954,3294.217822326957,2726.206910674949
forecast_6380,2025-09-23 20:00:00,3362.1899518169803,3494.9460501131657,2806.639202777827
forecast_6381,2025-09-23 21:00:00,3519.464409288799,3479.5963737582265,3432.3587050196925
forecast_6382,2025-09-23 22:00:00,3667.013432116542,3478.4678948108076,3745.7902116022765
forecast_6383,2025-09-23 23:00:00,3508.514239072823,3456.137591486064,3742.7578169322665
forecast_6384,2025-09-24 00:00:00,3531.7481697793605,3516.830258104565,3612.9141162912188
forecast_6385,2025-09-24 01:00:00,3783.83994064398,3433.432203980837,3890.5311797732334
forecast_6386,2025-09-24 02:00:00,3852.221394011876,3598.1628133179643,4016.9159977967115
forecast_6387,2025-09-24 03:00:00,3897.370932375844,3848.801787081995,3920.736956901109
forecast_6388,2025-09-24 04:00:00,4857.414690715492,4205.0652455520885,3990.8950587254044
forecast_6389,2025-09-24 05:00:00,4705.983461049992,5363.4022148776385,3825.7566484945155
forecast_6390,2025-09-24 06:00:00,5884.548214579119,5812.252584844541,3801.6300047906648
forecast_6391,2025-09-24 07:00:00,5726.259943754906,5093.50995139622,3765.533569810655
forecast_6392,2025-09-24 08:00:00,5597.1874190672925,4859.9227044182235,5021.781938035128
forecast_6393,2025-09-24 09:00:00,5966.11865865621,6638.047894914199,4229.86688222499
forecast_6394,2025-09-24 10:00:00,5748.962476515562,6918.623034704847,5167.595587642374
forecast_6395,2025-09-24 11:00:00,6902.681510307643,8561.440699412165,6639.62440553427
forecast_6396,2025-09-24 12:00:00,8009.783236172999,9779.5368647357,8439.88496376786
forecast_6397,2025-09-24 13:00:00,9608.84992698299,11050.077686112332,9891.144205242965
forecast_6398,2025-09-24 14:00:00,9939.8609871661,11322.91515538979,9553.019518344565
forecast_6399,2025-09-24 15:00:00,10352.544291221404,11097.686114375017,9417.414781868454
forecast_6400,2025-09-24 16:00:00,9430.771473100263,11011.716121561994,8270.503640803745
forecast_6401,2025-09-24 17:00:00,8958.770332861224,11144.505929939822,7992.441883076565
forecast_6402,2025-09-24 18:00:00,10421.56612101054,11869.723557567693,8717.231782764668
forecast_6403,2025-09-24 19:00:00,12005.019309094856,14572.566408140872,10263.620412789858
forecast_6404,2025-09-24 20:00:00,12839.41095753965,15808.306380559023,12707.867932918864
forecast_6405,2025-09-24 21:00:00,13689.070755625917,17088.475979429968,14690.512267145918
forecast_6406,2025-09-24 22:00:00,14592.940468362554,17184.301005893496,15739.81504835396
forecast_6407,2025-09-24 23:00:00,14928.895037113316,17940.57697956735,16582.9523449299
forecast_6408,2025-09-25 00:00:00,14914.400062616965,17904.92013765301,16723.434620591757
forecast_6409,2025-09-25 01:00:00,16433.019119265082,18617.515618374284,17084.483587743303
forecast_6410,2025-09-25 02:00:00,16068.786982229696,18162.54081388273,16960.450353080967
forecast_6411,2025-09-25 03:00:00,15671.003609988438,17920.21850786895,16790.421292593954
forecast_6412,2025-09-25 04:00:00,14832.589130368684,16927.158570720963,15437.740187278536
forecast_6413,2025-09-25 05:00:00,14356.695014610725,15754.66489542908,14634.400085562222
forecast_6414,2025-09-25 06:00:00,13955.387770686062,15304.862792503582,13551.773787636866
forecast_6415,2025-09-25 07:00:00,13792.212474859485,15288.41096139408,12892.847083788762
forecast_6416,2025-09-25 08:00:00,14049.760240965958,15450.993154139396,12688.470944738727
forecast_6417,2025-09-25 09:00:00,13903.789920371728,15425.859226980247,12488.207675531652
forecast_6418,2025-09-25 10:00:00,14188.525568028816,16039.25729976357,13197.08912227352
forecast_6419,2025-09-25 11:00:00,13463.372198686337,15619.232472861706,13790.939892276834
forecast_6420,2025-09-25 12:00:00,13051.356056581204,15149.809324256867,13580.54830840638
forecast_6421,2025-09-25 13:00:00,12883.327542884826,14047.992125633948,13590.201152303982
forecast_6422,2025-09-25 14:00:00,11033.222577698682,13482.421673398327,12732.92233602222
forecast_6423,2025-09-25 15:00:00,11171.658470118675,13270.811068602792,11257.280349004368
forecast_6424,2025-09-25 16:00:00,12832.472185212708,13942.774470901531,10874.040944083661
forecast_6425,2025-09-25 17:00:00,13440.618372251509,14692.707738710395,11585.465095002308
forecast_6426,2025-09-25 18:00:00,15827.82363755035,14657.192444975837,12852.769006123188
forecast_6427,2025-09-25 19:00:00,13993.866441295377,14494.10362973109,12874.756561199525
forecast_6428,2025-09-25 20:00:00,14282.059728167891,15640.142131995817,13244.71236503819
forecast_6429,2025-09-25 21:00:00,16037.2834184832,16514.101525525904,12177.879705581528
forecast_6430,2025-09-25 22:00:00,18268.106998502502,18041.85090904943,12113.413112596761
forecast_6431,2025-09-25 23:00:00,18093.047507507767,17947.039484609373,10926.843421143441
forecast_6432,2025-09-26 00:00:00,17695.955952770128,17619.8698837303,10786.114941793157
forecast_6433,2025-09-26 01:00:00,11679.51323277553,11801.325680801017,7332.4067269166835
forecast_6434,2025-09-26 02:00:00,11187.318430922489,11351.57237438658,7101.407844402319
forecast_6435,2025-09-26 03:00:00,10683.22722155369,10098.333118686482,5892.290157692008
forecast_6436,2025-09-26 04:00:00,8821.470794006842,8100.020779418313,4687.130712670636
forecast_6437,2025-09-26 05:00:00,6998.22218601067,5737.240036781662,3830.509383664791
forecast_6438,2025-09-26 06:00:00,4225.582453170881,3924.9801798713515,3563.4430102869114
forecast_6439,2025-09-26 07:00:00,3713.6963837775606,3809.779174320727,3152.7266890594406
forecast_6440,2025-09-26 08:00:00,3165.1859544888553,3151.6554912972306,2526.955899004002
forecast_6441,2025-09-26 09:00:00,1949.8105874991509,2398.0767069114404,99.35685449685246
forecast_6442,2025-09-26 10:00:00,3819.8874830041755,3194.3706722791762,45.717611259607146
forecast_6443,2025-09-26 11:00:00,3298.3833208246447,2658.7941400298578,35.808489671032376
forecast_6444,2025-09-26 12:00:00,2869.0042970113564,1344.9185903393093,24.371943104281858
forecast_6445,2025-09-26 13:00:00,1970.123764479084,26.574428068638568,14.220196741944541
forecast_6446,2025-09-26 14:00:00,1985.9719380539502,1193.5103759276544,20.112770517242613
forecast_6447,2025-09-26 15:00:00,1994.3387170662984,1198.565228090539,24.407490289089257
forecast_6448,2025-09-26 16:00:00,2905.7653435341567,2237.960914221167,32.83071336975207
forecast_6449,2025-09-26 17:00:00,3128.623619786753,3073.654347292558,45.78425610169644
forecast_6450,2025-09-26 18:00:00,2576.0641323577165,2811.165503980969,56.40073741445206
forecast_6451,2025-09-26 19:00:00,2624.093981515316,3010.5448746083002,44.994075558736895
forecast_6452,2025-09-26 20:00:00,3089.6045102283606,3386.3493497710765,35.7208629120931
forecast_6453,2025-09-26 21:00:00,3241.6935208362556,3873.2156592828123,1125.0262959851268
forecast_6454,2025-09-26 22:00:00,3535.0894808402413,4486.238489299204,2235.020463255945
forecast_6455,2025-09-26 23:00:00,3142.1357500141844,3021.3125935953794,2070.656980152004
forecast_6456,2025-09-27 00:00:00,3285.9644460862087,3643.331692621693,1288.808754419521
forecast_6457,2025-09-27 01:00:00,3526.5254123042496,3708.888806433072,1195.8882716979438
forecast_6458,2025-09-27 02:00:00,2901.5572157249385,3306.7178700179215,1188.7187757334761
forecast_6459,2025-09-27 03:00:00,2856.720639141914,3419.2520194279587,1228.8458787905067
forecast_6460,2025-09-27 04:00:00,3403.8353788493864,3396.0117825266348,1671.0164292375682
forecast_6461,2025-09-27 05:00:00,3237.5655386799467,3385.5483197267868,1674.743798012827
forecast_6462,2025-09-27 06:00:00,3288.768558938283,3149.828065340918,980.4569230736472
forecast_6463,2025-09-27 07:00:00,3280.214473943513,3384.5993658923567,2825.881399139932
forecast_6464,2025-09-27 08:00:00,3068.615353765174,2833.413626710666,2439.774037667701
forecast_6465,2025-09-27 09:00:00,3305.8485708682447,3045.9768489402227,2351.194143793723
forecast_6466,2025-09-27 10:00:00,3353.022796107373,3190.4493970233034,1220.6547236254194
forecast_6467,2025-09-27 11:00:00,3446.086346787321,3050.4272441034354,182.3253514872303
forecast_6468,2025-09-27 12:00:00,4310.054769475425,5111.294369906896,2373.8694891456075
forecast_6469,2025-09-27 13:00:00,4024.9344682101237,5319.2501833511615,2352.773524635787
forecast_6470,2025-09-27 14:00:00,3035.256559630755,3993.392906252838,4103.420635541541
forecast_6471,2025-09-27 15:00:00,5572.943937303763,4527.155605669235,4776.374593560715
forecast_6472,2025-09-27 16:00:00,5143.971407307964,4504.25493228374,4833.042055241098
forecast_6473,2025-09-27 17:00:00,3816.553454865797,2807.0195520571006,3479.2734338338832
forecast_6474,2025-09-27 18:00:00,3568.3931629900326,3024.451475405527,2895.4729374804874
forecast_6475,2025-09-27 19:00:00,3334.1423792863734,3219.9760916539094,2648.611742412527
forecast_6476,2025-09-27 20:00:00,3034.13566758284,3075.6800731549,3327.434623669657
forecast_6477,2025-09-27 21:00:00,3365.92203400477,3137.376993863465,4949.65325495852
forecast_6478,2025-09-27 22:00:00,3737.9256806081494,3390.2198755468617,3264.4555702058638
forecast_6479,2025-09-27 23:00:00,3795.5982257994297,3421.9160479493503,3431.2621290282705
forecast_6480,2025-09-28 00:00:00,3725.956207306416,3448.701404808133,3509.0801118211043
forecast_6481,2025-09-28 01:00:00,4790.826851665572,5039.195394647789,3735.0987453388902
forecast_6482,2025-09-28 02:00:00,4810.498502656568,5682.970275966876,3762.0676351006064
forecast_6483,2025-09-28 03:00:00,5169.645242818731,6489.416746103996,3799.5095627653072
forecast_6484,2025-09-28 04:00:00,5172.119359026121,5862.945886800245,3723.1873654526094
forecast_6485,2025-09-28 05:00:00,4901.039169276503,4855.988021163766,3641.6800486106877
forecast_6486,2025-09-28 06:00:00,4210.387653905635,4335.378995146383,3766.43959411557
forecast_6487,2025-09-28 07:00:00,4345.270002764061,4940.474873609338,3628.3841888547913
forecast_6488,2025-09-28 08:00:00,5159.476942600126,4634.5333605029,3412.260970002515
forecast_6489,2025-09-28 09:00:00,5228.13154644406,4443.582028113884,3756.482941599772
forecast_6490,2025-09-28 10:00:00,5597.543837769739,5617.876464324203,3817.887409869635
forecast_6491,2025-09-28 11:00:00,4653.807665855915,5138.508850219989,3834.355184610924
forecast_6492,2025-09-28 12:00:00,3921.643258423916,4175.408372652354,3526.3709952255067
forecast_6493,2025-09-28 13:00:00,4280.152224189933,4397.619087089425,3407.4014453079485
forecast_6494,2025-09-28 14:00:00,4014.213420972854,4261.3642964377,3748.1039273880406
forecast_6495,2025-09-28 15:00:00,4596.404015961411,4999.638064263213,3785.5952400057777
forecast_6496,2025-09-28 16:00:00,4505.1624334768,5147.123809435172,3763.995669561331
forecast_6497,2025-09-28 17:00:00,5541.050336618054,6090.512542126656,3877.145618068448
forecast_6498,2025-09-28 18:00:00,4891.218069192198,5113.950681215352,3790.99650596996
forecast_6499,2025-09-28 19:00:00,5457.311152614256,5191.861382315964,3861.654353024327
forecast_6500,2025-09-28 20:00:00,5158.50976373942,7062.153132277419,3809.579240913887
forecast_6501,2025-09-28 21:00:00,7872.901286921564,6987.731303037374,4266.024788166403
forecast_6502,2025-09-28 22:00:00,7573.755378108317,7313.931731772844,4370.854543633923
forecast_6503,2025-09-28 23:00:00,7955.9995391523935,7318.646841843575,4772.793391821908
forecast_6504,2025-09-29 00:00:00,7444.347109045815,6593.246656892688,4476.256240322846
forecast_6505,2025-09-29 01:00:00,5540.988096791838,6204.328840535468,3701.0337292108657
forecast_6506,2025-09-29 02:00:00,5749.924398533964,5604.111347531745,3709.894308202186
forecast_6507,2025-09-29 03:00:00,5922.460221724633,5122.535756767628,3664.8713145860243
forecast_6508,2025-09-29 04:00:00,5730.374718229632,6279.181523351446,3740.029879153239
forecast_6509,2025-09-29 05:00:00,4380.367690697184,4098.487467593805,3747.82499647938
forecast_6510,2025-09-29 06:00:00,4427.560489845523,4024.7905446427512,4126.297791474558
forecast_6511,2025-09-29 07:00:00,4250.689356042113,4266.6847042293775,3752.6482117892383
forecast_6512,2025-09-29 08:00:00,3755.5897128211427,3535.1240895446113,3166.2068175370136
forecast_6513,2025-09-29 09:00:00,2676.3232869267126,2780.884365799843,4037.624480513877
forecast_6514,2025-09-29 10:00:00,3481.4167314236465,3017.9257878205217,74.49619391428247
forecast_6515,2025-09-29 11:00:00,3384.1143743420716,2911.4096100046545,21.793599645476444
forecast_6516,2025-09-29 12:00:00,3666.225544411476,3358.2539712976763,26.05029786105606
forecast_6517,2025-09-29 13:00:00,2886.4983907323412,2052.7568652466653,27.30232760584344
forecast_6518,2025-09-29 14:00:00,1634.6735205250282,125.36561107647749,91.0618115944421
forecast_6519,2025-09-29 15:00:00,2788.703488455965,2055.4934067726754,129.94687402821276
forecast_6520,2025-09-29 16:00:00,2880.4749328526505,2183.0093979756302,139.0917416055345
forecast_6521,2025-09-29 17:00:00,3177.7705058015326,2142.224256406485,76.06213694922512
forecast_6522,2025-09-29 18:00:00,2869.1594251280826,3820.5360594632607,1138.3793023853602
forecast_6523,2025-09-29 19:00:00,3625.1786568703315,4077.5948908400187,1112.7492237920533
forecast_6524,2025-09-29 20:00:00,3368.5404685655435,4211.730494507066,4327.921961715039
forecast_6525,2025-09-29 21:00:00,5388.415682645217,4896.018992397383,3420.3864858291736
forecast_6526,2025-09-29 22:00:00,3599.6615855594573,3778.081139151983,3909.3773200467253
forecast_6527,2025-09-29 23:00:00,3708.95355723934,3692.5849949306494,3260.59870142992
forecast_6528,2025-09-30 00:00:00,3862.629980497892,3873.8359673788004,3109.821624869039
forecast_6529,2025-09-30 01:00:00,3802.2843470857233,3626.0947103586386,3292.401149164134
forecast_6530,2025-09-30 02:00:00,3776.522509612564,3710.07218023984,3232.2278053921377
forecast_6531,2025-09-30 03:00:00,3844.697415931909,3855.1407966255697,3287.895539293212
forecast_6532,2025-09-30 04:00:00,3825.772770038587,3733.1293240691743,3326.7233958868214
forecast_6533,2025-09-30 05:00:00,3824.2615860587644,3786.1763396058627,3332.3061702148602
forecast_6534,2025-09-30 06:00:00,3717.047414273804,3669.636272903633,3262.435856659219
forecast_6535,2025-09-30 07:00:00,3614.3864837992023,3717.826642694992,3143.763981426117
forecast_6536,2025-09-30 08:00:00,3541.0692388097978,3472.2611536442587,3062.113462286615
forecast_6537,2025-09-30 09:00:00,3374.1148676555363,3296.0940185658865,2491.765236249704
forecast_6538,2025-09-30 10:00:00,3889.257112105322,3594.9890072797148,1743.8566639224002
forecast_6539,2025-09-30 11:00:00,3685.1783657527844,3832.88043447795,3466.863159103133
forecast_6540,2025-09-30 12:00:00,3384.8335257871145,3440.7098467177525,3351.6326292273066
forecast_6541,2025-09-30 13:00:00,3053.823528426867,3020.0999613319677,2797.4785903718944
forecast_6542,2025-09-30 14:00:00,3245.582552341058,3128.662549392419,2962.7278874915833
forecast_6543,2025-09-30 15:00:00,3479.8646820948957,3229.777288420771,3067.958560548571
forecast_6544,2025-09-30 16:00:00,3814.2973499481973,3601.4471939118757,3363.9735508423673
forecast_6545,2025-09-30 17:00:00,4033.2384895700156,3771.174249240195,3563.900298792844
forecast_6546,2025-09-30 18:00:00,4559.005861821718,4485.528796807962,3938.1214540535198
forecast_6547,2025-09-30 19:00:00,3945.8068741052025,3836.1404822117192,3696.7412263665133
forecast_6548,2025-09-30 20:00:00,4349.0562368216615,4128.414980163054,3545.097488803368
forecast_6549,2025-09-30 21:00:00,5191.321546204422,5034.906943733416,3756.0835478577255
forecast_6550,2025-09-30 22:00:00,5631.858354062306,5183.817701739238,3814.471960357198
forecast_6551,2025-09-30 23:00:00,6335.581800953753,5578.635361656833,3998.276691775018
forecast_6552,2025-10-01 00:00:00,5854.845630569194,5951.458089937903,4186.217100868349
forecast_6553,2025-10-01 01:00:00,8896.099015050322,8637.183718195378,5651.885164612236
forecast_6554,2025-10-01 02:00:00,9240.840456941463,8416.608902336902,5773.8321778304835
forecast_6555,2025-10-01 03:00:00,9573.504572108424,9217.446722533647,6103.094312933049
forecast_6556,2025-10-01 04:00:00,8820.101128206812,8671.244811107736,5855.1713675471065
forecast_6557,2025-10-01 05:00:00,8311.21550198992,7807.717845291683,5738.643334408125
forecast_6558,2025-10-01 06:00:00,7427.534804888404,7048.492359924801,4956.6165445268525
forecast_6559,2025-10-01 07:00:00,6184.940901240175,5752.226682050747,3974.838067989779
forecast_6560,2025-10-01 08:00:00,4481.86023065754,4418.471366052505,3690.7974739844312
forecast_6561,2025-10-01 09:00:00,3911.1108409416765,3823.868587047638,3559.5743223724944
forecast_6562,2025-10-01 10:00:00,4176.973171569059,4073.296939887853,3666.009803222004
forecast_6563,2025-10-01 11:00:00,3508.73842978729,3396.9128677830745,2879.340867962074
forecast_6564,2025-10-01 12:00:00,2960.953545037235,2755.9614746751804,2319.066612678214
forecast_6565,2025-10-01 13:00:00,3428.175808985402,3286.2925995932296,3044.2637315611632
forecast_6566,2025-10-01 14:00:00,3710.8836715576845,3463.7452177820546,3328.404599313451
forecast_6567,2025-10-01 15:00:00,3618.9694501586,3194.8393506437665,3148.489620585659
forecast_6568,2025-10-01 16:00:00,3731.004061840069,3752.1688247390557,3409.4505663908717
forecast_6569,2025-10-01 17:00:00,4353.492660462995,4016.666200360031,3590.3295243086786
forecast_6570,2025-10-01 18:00:00,3849.077164535162,3803.18941648038,3894.85066350408
forecast_6571,2025-10-01 19:00:00,4833.028704099969,5149.590901330973,3763.2968436953306
forecast_6572,2025-10-01 20:00:00,6894.665503351414,7123.856542188366,4549.054851895303
forecast_6573,2025-10-01 21:00:00,7641.711500574866,7947.627650115891,4420.273542378259
forecast_6574,2025-10-01 22:00:00,7587.036030314101,7757.8230829738595,4291.341913570411
forecast_6575,2025-10-01 23:00:00,7407.786927704715,7069.814727246004,4210.219827795519
forecast_6576,2025-10-02 00:00:00,6943.296171790427,7097.067058136734,4085.232998016131
forecast_6577,2025-10-02 01:00:00,6165.0849041006995,6592.042622827933,3968.132182686987
forecast_6578,2025-10-02 02:00:00,5836.710937785276,6036.4464569888605,3838.3736096597286
forecast_6579,2025-10-02 03:00:00,4945.668200014362,4596.299537255817,3422.207513771135
forecast_6580,2025-10-02 04:00:00,4008.71632286104,3856.928885734406,3798.354678090274
forecast_6581,2025-10-02 05:00:00,4148.939639663303,4050.7939954644216,3715.759628670521
forecast_6582,2025-10-02 06:00:00,3929.0358494825123,4005.6733144019213,3649.329713245572
forecast_6583,2025-10-02 07:00:00,3963.2899280208076,3833.5166879474364,3301.6684022534996
forecast_6584,2025-10-02 08:00:00,3468.852766533049,3504.455047277145,2958.718356881211
forecast_6585,2025-10-02 09:00:00,2951.410871718736,3125.967079982736,2366.842064979003
forecast_6586,2025-10-02 10:00:00,1344.6031704418604,2174.776779482501,67.65262925708194
forecast_6587,2025-10-02 11:00:00,3453.3398350161056,3272.542913327569,0.0
forecast_6588,2025-10-02 12:00:00,3741.8231583570423,2987.297323335986,6.186706216363046
forecast_6589,2025-10-02 13:00:00,4203.8704304835155,2643.5265806776015,18.96116017548242
forecast_6590,2025-10-02 14:00:00,40.79152323233083,46.320918849675515,785.8643878168745
forecast_6591,2025-10-02 15:00:00,38.45935302443509,39.06910882171007,40.505655287777394
forecast_6592,2025-10-02 16:00:00,32.62815177164734,31.189851881146737,28.038555491394106
forecast_6593,2025-10-02 17:00:00,27.51893634189278,1186.725193534375,10.802659464378952
forecast_6594,2025-10-02 18:00:00,3997.877483849958,4473.800329336727,1290.9164231272084
forecast_6595,2025-10-02 19:00:00,3415.8905582445022,3806.59171524667,1088.447612948133
forecast_6596,2025-10-02 20:00:00,3899.6698095054608,4988.579053425914,1119.8294990551553
forecast_6597,2025-10-02 21:00:00,4419.888760872706,5242.4792898157475,2131.1649743685966
forecast_6598,2025-10-02 22:00:00,4102.02654228303,4517.64905801526,2251.02079487349
forecast_6599,2025-10-02 23:00:00,3620.2670199549893,3766.287230136994,1199.3766626433417
forecast_6600,2025-10-03 00:00:00,3028.4617045212053,3106.149097629034,160.6436244831272
forecast_6601,2025-10-03 01:00:00,3455.6254089246254,3638.711307479426,3126.1636099650373
forecast_6602,2025-10-03 02:00:00,3495.833821080992,3468.3960336428836,3179.8954643784987
forecast_6603,2025-10-03 03:00:00,3490.1318130278846,3524.8445937375996,2928.5191782095035
forecast_6604,2025-10-03 04:00:00,3490.118651235168,3502.881099757322,3076.9280966852593
forecast_6605,2025-10-03 05:00:00,3639.5068503445927,3740.1396152333327,3322.6075114857335
forecast_6606,2025-10-03 06:00:00,3387.770009393212,3626.795288287401,3690.120966484527
forecast_6607,2025-10-03 07:00:00,3648.0694712558115,3916.1665830890006,3373.141099733851
forecast_6608,2025-10-03 08:00:00,3866.5157007089506,4352.3550068167815,3215.19593426079
forecast_6609,2025-10-03 09:00:00,4450.028960931432,5134.493318816841,3393.905950080616
forecast_6610,2025-10-03 10:00:00,4617.742588944677,5290.488664213927,3641.1397085620256
forecast_6611,2025-10-03 11:00:00,4535.760015253141,5591.060831455456,3792.693866080632
forecast_6612,2025-10-03 12:00:00,4060.5705350174007,4912.948346348907,3866.899916954285
forecast_6613,2025-10-03 13:00:00,3763.6585793627155,4538.620563438236,3708.7430964865043
forecast_6614,2025-10-03 14:00:00,3482.7016026750657,3971.9987192148515,3318.9225461034716
forecast_6615,2025-10-03 15:00:00,3599.4243322516104,3922.363538817963,3397.9977084543398
forecast_6616,2025-10-03 16:00:00,3756.0880721017074,4249.7256080710695,3375.8140830772286
forecast_6617,2025-10-03 17:00:00,4041.6188218768684,4506.415298276495,3555.8774909992326
forecast_6618,2025-10-03 18:00:00,4474.2555032152,5149.136787479945,3738.703687132702
forecast_6619,2025-10-03 19:00:00,4708.513724838632,5278.897564722841,3924.2005237136063
forecast_6620,2025-10-03 20:00:00,5167.988555313596,5615.809272579162,3917.2927980554905
forecast_6621,2025-10-03 21:00:00,4538.185363548587,5189.464269757684,3672.0391260307138
forecast_6622,2025-10-03 22:00:00,4100.471141105426,4698.6219451635725,3622.1173223634028
forecast_6623,2025-10-03 23:00:00,3959.7786172238207,4294.152719436154,3472.3489413256093
forecast_6624,2025-10-04 00:00:00,3889.0516346801855,4378.965334376849,3330.0678965802576
forecast_6625,2025-10-04 01:00:00,3786.9517677416893,3902.800775404299,3630.769917943907
forecast_6626,2025-10-04 02:00:00,3591.0311649003606,3795.6095265749555,3746.5773994192423
forecast_6627,2025-10-04 03:00:00,3709.861650946587,3787.2253351101162,3714.3770124632074
forecast_6628,2025-10-04 04:00:00,3783.363660420993,3841.444527997157,3751.846487258928
forecast_6629,2025-10-04 05:00:00,3662.921408550874,3827.1436045256974,3571.914076744969
forecast_6630,2025-10-04 06:00:00,3831.409285785197,3743.1022383205477,3406.9938606807623
forecast_6631,2025-10-04 07:00:00,3467.0915263863158,3507.3847176228605,2862.1758154083805
forecast_6632,2025-10-04 08:00:00,3237.2425380734053,3354.8767343487125,2847.7431609129653
forecast_6633,2025-10-04 09:00:00,3337.656059679815,3328.0482462040795,2789.175920398547
forecast_6634,2025-10-04 10:00:00,2781.5523731839053,3127.46272479112,2299.69548421844
forecast_6635,2025-10-04 11:00:00,2642.1676566801275,3374.7256454883027,2538.4196144388966
forecast_6636,2025-10-04 12:00:00,2981.4655322703456,3209.13399740706,2595.5947575127047
forecast_6637,2025-10-04 13:00:00,3114.554558638672,3144.234398222936,2807.9665643863855
forecast_6638,2025-10-04 14:00:00,3589.6692458120574,3356.136557051408,3117.101255133619
forecast_6639,2025-10-04 15:00:00,3139.043660802769,3490.794452183895,2608.4365626465105
forecast_6640,2025-10-04 16:00:00,3394.1099141594177,3393.5754857788006,2899.119093582644
forecast_6641,2025-10-04 17:00:00,2933.8160680007145,3331.7391656758564,3283.1983029462153
forecast_6642,2025-10-04 18:00:00,3134.7334209731343,3466.6154869828893,3275.479933852905
forecast_6643,2025-10-04 19:00:00,2727.4292716162386,3433.134760214789,3452.490105789146
forecast_6644,2025-10-04 20:00:00,2682.0748502996094,3433.834503804608,3302.1085330315514
forecast_6645,2025-10-04 21:00:00,2610.1029191104763,3317.634582548261,2976.793085233032
forecast_6646,2025-10-04 22:00:00,4053.509802970016,4022.0917990651305,2048.6325538361034
forecast_6647,2025-10-04 23:00:00,3891.1487442084767,3442.1920244390553,2837.8059189451546
forecast_6648,2025-10-05 00:00:00,3650.8342518448944,3262.951647556553,167.4696778591305
forecast_6649,2025-10-05 01:00:00,3378.226346872629,3209.6493508998055,3165.270417265371
forecast_6650,2025-10-05 02:00:00,3337.7502812556413,3229.2218517965252,3058.1215856552894
forecast_6651,2025-10-05 03:00:00,3322.7868053005923,3006.3439364033084,3324.413392614761
forecast_6652,2025-10-05 04:00:00,2842.084650373171,2479.288557809055,102.76923326921994
forecast_6653,2025-10-05 05:00:00,3313.475278775042,3183.488044929776,778.6712772231124
forecast_6654,2025-10-05 06:00:00,3476.5354623037524,3369.5622525111753,44.90651961988477
forecast_6655,2025-10-05 07:00:00,4299.611598882864,3072.451863970237,30.42170609788274
forecast_6656,2025-10-05 08:00:00,3473.2095722324766,3393.842080492646,37.22088271510874
forecast_6657,2025-10-05 09:00:00,3591.151304914383,3500.1561880473305,23.00964373059564
forecast_6658,2025-10-05 10:00:00,3159.3221536015726,3407.496710881642,34.57108650898531
forecast_6659,2025-10-05 11:00:00,3476.175797178336,4146.995356405237,27.373055363281495
forecast_6660,2025-10-05 12:00:00,3532.8279005370514,3109.17357312423,22.00838889790019
forecast_6661,2025-10-05 13:00:00,3646.845030106309,2815.5627402679843,8.24924278738958
forecast_6662,2025-10-05 14:00:00,2604.042777185053,2511.202399856674,6.340790921322699
forecast_6663,2025-10-05 15:00:00,2364.0123560310312,2723.0367013863156,1325.3837454031425
forecast_6664,2025-10-05 16:00:00,2335.459992480085,2300.6714121385253,41.553350742955026
forecast_6665,2025-10-05 17:00:00,2327.0239311779983,2155.803745779124,53.34917679828369
forecast_6666,2025-10-05 18:00:00,3146.253713227508,3453.143526158614,2944.4035704353487
forecast_6667,2025-10-05 19:00:00,3317.6345007889486,3345.669033284002,3376.7152866735278
forecast_6668,2025-10-05 20:00:00,3317.1730685180473,3540.8708026080103,3141.3259576266955
forecast_6669,2025-10-05 21:00:00,3671.9266439178236,3706.3850854678703,3163.7586594762424
forecast_6670,2025-10-05 22:00:00,3094.731629741713,3387.351882574869,3242.4846757814057
forecast_6671,2025-10-05 23:00:00,3324.456316568576,3409.4367725405455,3007.3205564087016
forecast_6672,2025-10-06 00:00:00,3256.8242741625063,3331.858971862066,2795.2311854520854
forecast_6673,2025-10-06 01:00:00,3337.779493179088,3339.5807564182096,3169.683007368376
forecast_6674,2025-10-06 02:00:00,3349.6030787000805,3405.5165849304008,2792.1868201146876
forecast_6675,2025-10-06 03:00:00,3524.6700513848978,3706.1285162048957,3218.449876556371
forecast_6676,2025-10-06 04:00:00,3956.4102793229263,4420.668079260375,3524.3852239229614
forecast_6677,2025-10-06 05:00:00,4381.24012765547,5240.660492919625,3532.672558276942
forecast_6678,2025-10-06 06:00:00,6207.375605758719,7798.783988008047,4288.830510309337
forecast_6679,2025-10-06 07:00:00,7461.132695108729,9483.095587158856,5806.947362959253
forecast_6680,2025-10-06 08:00:00,8305.534494959495,10711.676020075423,7779.20130211309
forecast_6681,2025-10-06 09:00:00,8327.279770286443,10500.389966826375,8508.702399953401
forecast_6682,2025-10-06 10:00:00,7472.489852397761,10096.137363706795,7839.9756929886635
forecast_6683,2025-10-06 11:00:00,6940.728788222875,8875.49204771504,6630.443127200103
forecast_6684,2025-10-06 12:00:00,5874.950060571565,7943.181648263196,5131.148388083562
forecast_6685,2025-10-06 13:00:00,4785.353549615592,6552.015629677221,3985.763203039117
forecast_6686,2025-10-06 14:00:00,4262.073363689513,4966.558521957228,3613.996677301598
forecast_6687,2025-10-06 15:00:00,3786.4833519940444,4724.913401036371,3420.142021027276
forecast_6688,2025-10-06 16:00:00,4205.217430222599,5088.949877331959,3626.1561038488703
forecast_6689,2025-10-06 17:00:00,4956.231806386266,6049.1542966819625,4138.115827263826
forecast_6690,2025-10-06 18:00:00,5654.130613313855,6751.188216077147,4263.675652884276
forecast_6691,2025-10-06 19:00:00,7003.756648919723,8231.01611479135,5522.077945000431
forecast_6692,2025-10-06 20:00:00,8332.194614312744,10124.818086846739,7561.107985349611
forecast_6693,2025-10-06 21:00:00,9822.320981564675,12779.476629926514,10295.450658413545
forecast_6694,2025-10-06 22:00:00,11413.371295473398,14193.006329549988,11436.8377169248
forecast_6695,2025-10-06 23:00:00,12239.438669766472,14835.788483384968,12461.916422604776
forecast_6696,2025-10-07 00:00:00,11784.072091284579,14837.629764967609,11346.875845416316
forecast_6697,2025-10-07 01:00:00,10370.916758444599,12042.083403105356,7578.000887693116
forecast_6698,2025-10-07 02:00:00,9630.34903557902,11577.79355670687,7752.331831434682
forecast_6699,2025-10-07 03:00:00,9069.438988401842,10944.520565383891,7285.622046568943
forecast_6700,2025-10-07 04:00:00,9419.379769631552,11287.15458854681,7387.602622843816
forecast_6701,2025-10-07 05:00:00,9754.5570015979,11690.748308512028,7981.2898699553025
forecast_6702,2025-10-07 06:00:00,9649.173345217949,11511.569927285393,7629.96967348982
forecast_6703,2025-10-07 07:00:00,8713.734949215877,10512.147096078796,7024.573726088723
forecast_6704,2025-10-07 08:00:00,7445.982752563814,9410.084126964333,5798.03883089486
forecast_6705,2025-10-07 09:00:00,6307.002712213043,7557.2208800388025,5099.043571470171
forecast_6706,2025-10-07 10:00:00,4984.0999729158675,5847.024525628489,3984.3142379261362
forecast_6707,2025-10-07 11:00:00,4131.9761350843955,4653.895739845742,3757.0606997711902
forecast_6708,2025-10-07 12:00:00,3499.4310143023645,3983.6884824148356,3716.95928982305
forecast_6709,2025-10-07 13:00:00,3487.7169291949344,3598.770958879255,3606.2093264438854
forecast_6710,2025-10-07 14:00:00,3324.437553314278,3278.3345512275846,3800.549307820086
forecast_6711,2025-10-07 15:00:00,3365.8701049502456,3293.4755448877127,3633.338149508547
forecast_6712,2025-10-07 16:00:00,3448.5044663140766,3368.99762738434,3764.678055530485
forecast_6713,2025-10-07 17:00:00,3456.504696488719,3293.1452691816753,3385.86077102688
forecast_6714,2025-10-07 18:00:00,3550.234329227837,3381.452912936423,3291.197746896549
forecast_6715,2025-10-07 19:00:00,3298.464572636155,3329.1590450340454,3126.2699544975617
forecast_6716,2025-10-07 20:00:00,3462.2924846070655,3294.142816111321,2850.930957407279
forecast_6717,2025-10-07 21:00:00,2972.762333630407,2993.9059811007446,2375.670492099843
forecast_6718,2025-10-07 22:00:00,2910.5171550297664,2962.6234251160877,2044.2448499533336
forecast_6719,2025-10-07 23:00:00,2967.37089155687,2792.4941608102667,1174.609684854064
forecast_6720,2025-10-08 00:00:00,3002.371125268141,2916.5304479726988,2102.128017502814
forecast_6721,2025-10-08 01:00:00,3312.823960551308,3128.7585689122575,1641.9940215310846
forecast_6722,2025-10-08 02:00:00,2586.10157601401,2325.527200067908,76.7539064367802
forecast_6723,2025-10-08 03:00:00,2630.175201846158,2422.270130563721,76.31346838380776
forecast_6724,2025-10-08 04:00:00,2627.2622761621683,2584.1511010152067,106.06943672293446
forecast_6725,2025-10-08 05:00:00,3241.5495366335917,2871.65745723913,1422.3834802547683
forecast_6726,2025-10-08 06:00:00,3349.674897648801,3067.6942266863957,1444.9447400539386
forecast_6727,2025-10-08 07:00:00,3329.0930010168518,3301.138445593183,2220.8599329869294
forecast_6728,2025-10-08 08:00:00,3065.5523848212756,3317.8889455536387,2233.164140596328
forecast_6729,2025-10-08 09:00:00,2809.6606056349015,3308.615503083901,2196.628796824248
forecast_6730,2025-10-08 10:00:00,2708.1365418729565,3108.130513137134,2533.8531610247687
forecast_6731,2025-10-08 11:00:00,2817.1474191098664,3061.3738765146622,1842.5448909352942
forecast_6732,2025-10-08 12:00:00,2727.0262036336453,2788.4165785937116,1772.5799417434728
forecast_6733,2025-10-08 13:00:00,2428.0362074002505,2650.0760245169618,1741.2382206259383
forecast_6734,2025-10-08 14:00:00,2364.209884385529,2655.113225173185,2421.1031973360637
forecast_6735,2025-10-08 15:00:00,2874.68660277105,3085.705381469805,2832.980453854708
forecast_6736,2025-10-08 16:00:00,2782.601540646743,2544.7702248975916,2914.641201570893
forecast_6737,2025-10-08 17:00:00,3426.785437738284,3363.8942451355992,3003.155246068447
forecast_6738,2025-10-08 18:00:00,3106.3405709511003,3423.8344182624223,3379.4193079898632
forecast_6739,2025-10-08 19:00:00,3404.2580504148386,3511.3894189966104,3155.6850145489125
forecast_6740,2025-10-08 20:00:00,3722.728254388616,3828.058132632702,3215.119894184862
forecast_6741,2025-10-08 21:00:00,3652.224411524746,4104.653994025287,3331.7471749823576
forecast_6742,2025-10-08 22:00:00,3903.358728148924,4749.498809791908,3522.250982216434
forecast_6743,2025-10-08 23:00:00,4508.7858588287545,5668.059492458993,3988.2126084957445
forecast_6744,2025-10-09 00:00:00,5016.841094581797,6297.914547225423,4609.140874835753
forecast_6745,2025-10-09 01:00:00,5309.88554944361,6573.815901473329,4827.577007290698
forecast_6746,2025-10-09 02:00:00,5125.679562146381,6582.337188472278,4555.482814706
forecast_6747,2025-10-09 03:00:00,5186.846842663161,6626.130922777395,4451.750693479214
forecast_6748,2025-10-09 04:00:00,5161.373988526906,6686.138141729642,4419.348019839469
forecast_6749,2025-10-09 05:00:00,5428.993711241455,6774.662331178922,4753.599710279132
forecast_6750,2025-10-09 06:00:00,5362.791679177239,7038.454492831658,5066.81112257361
forecast_6751,2025-10-09 07:00:00,5016.658131995194,6731.093918420463,4819.885812588392
forecast_6752,2025-10-09 08:00:00,4543.245390997984,5823.805528454183,4584.923989307031
forecast_6753,2025-10-09 09:00:00,4173.198633003505,5397.330157538351,4053.351052041086
forecast_6754,2025-10-09 10:00:00,3846.2942322963686,4578.284841678226,3756.4670027887882
forecast_6755,2025-10-09 11:00:00,3572.2884585432034,3886.304858663822,3509.439021056495
forecast_6756,2025-10-09 12:00:00,3771.6641796474732,3743.518745045563,3425.759026222339
forecast_6757,2025-10-09 13:00:00,3590.9526527021862,3386.864123094623,3164.5121549086757
forecast_6758,2025-10-09 14:00:00,3298.376767222902,3554.495905506078,2918.4704461389856
forecast_6759,2025-10-09 15:00:00,3125.6515808555187,3473.435575975244,2692.21866176863
forecast_6760,2025-10-09 16:00:00,3056.5372698493306,3569.978911137053,2611.2231764093026
forecast_6761,2025-10-09 17:00:00,3075.458863403415,3478.6433826062575,2649.1823752827413
forecast_6762,2025-10-09 18:00:00,3166.2867491836096,3583.3821382930905,2560.6709343728585
forecast_6763,2025-10-09 19:00:00,3197.380561495299,3416.311573791266,2511.5783246671344
forecast_6764,2025-10-09 20:00:00,3233.1598521728693,3286.258192659651,2619.181467777658
forecast_6765,2025-10-09 21:00:00,3326.277265191326,2698.48549986742,2378.072647634246
forecast_6766,2025-10-09 22:00:00,3026.7452040546164,2981.8652043718225,2762.5996674611206
forecast_6767,2025-10-09 23:00:00,3359.311786645222,3153.6660686938494,2890.1804308046535
forecast_6768,2025-10-10 00:00:00,3053.8247560486093,3269.9260840652973,2769.557822812165
forecast_6769,2025-10-10 01:00:00,3245.939582329365,3456.4259682350944,3005.4249584310946
forecast_6770,2025-10-10 02:00:00,3493.0849908346695,3578.0561576892437,2742.02915508677
forecast_6771,2025-10-10 03:00:00,3863.4141483974686,3745.772425853248,2901.3571743502957
forecast_6772,2025-10-10 04:00:00,4023.4179003355357,3919.88289564891,3194.9531962092656
forecast_6773,2025-10-10 05:00:00,3897.112184676327,3846.426605204225,3171.072186294146
forecast_6774,2025-10-10 06:00:00,3883.376323733074,3816.113606028616,3087.5381930438334
forecast_6775,2025-10-10 07:00:00,3876.733790465935,3947.396601215141,3258.9781931537123
forecast_6776,2025-10-10 08:00:00,4182.111813249001,3988.7919277737283,3444.421881930617
forecast_6777,2025-10-10 09:00:00,3909.3477087176734,4017.1148554611623,3467.9948752079717
forecast_6778,2025-10-10 10:00:00,3625.8308015733646,3555.2112604899075,3122.624623981923
forecast_6779,2025-10-10 11:00:00,3610.0624072114388,3670.5315749615133,3036.5561928552866
forecast_6780,2025-10-10 12:00:00,3712.3725564260367,3694.4947211696785,3172.765814734322
forecast_6781,2025-10-10 13:00:00,3745.516832367116,3700.4456420863903,3232.4111205896406
forecast_6782,2025-10-10 14:00:00,3730.7497719576945,3829.713899920842,3432.6752074684873
forecast_6783,2025-10-10 15:00:00,3789.0219595996314,3882.0500340123917,3341.0222745267256
forecast_6784,2025-10-10 16:00:00,3458.332898102875,3769.51628532743,2702.8117154298643
forecast_6785,2025-10-10 17:00:00,3275.7954258866052,3580.2277199104633,2365.0496764673603
forecast_6786,2025-10-10 18:00:00,3484.5437629467838,3316.449531618049,2329.413813232892
forecast_6787,2025-10-10 19:00:00,3450.2439084814496,3509.2199560171453,2942.9638868023853
forecast_6788,2025-10-10 20:00:00,3516.521053487442,3423.9138163752814,2943.9404059245844
forecast_6789,2025-10-10 21:00:00,3813.794655785593,3650.1830446616514,3320.2181438794855
forecast_6790,2025-10-10 22:00:00,4532.430399422378,4031.2896269492817,3682.428770342504
forecast_6791,2025-10-10 23:00:00,4078.5456340025057,3673.306378427775,3757.4464409829247
forecast_6792,2025-10-11 00:00:00,4716.881871723755,3795.761528975411,3837.0806172136263
forecast_6793,2025-10-11 01:00:00,5588.824905565827,5053.082052068939,3910.6945397452323
forecast_6794,2025-10-11 02:00:00,4770.130602283543,5564.274954668942,4043.197663587914
forecast_6795,2025-10-11 03:00:00,5236.467907035735,6649.316073097113,4614.856691129632
forecast_6796,2025-10-11 04:00:00,6980.053311083794,7662.207683413173,5338.183299842519
forecast_6797,2025-10-11 05:00:00,7738.942634318021,8401.241052664487,5929.8399385846105
forecast_6798,2025-10-11 06:00:00,8085.588980859033,9095.992745445099,5448.80559391992
forecast_6799,2025-10-11 07:00:00,8363.339067855188,9502.214974232467,6162.022300089846
forecast_6800,2025-10-11 08:00:00,8771.831501047964,9670.045577480907,6833.0417503128065
forecast_6801,2025-10-11 09:00:00,9266.51551212731,10219.879452369254,7281.858485891227
forecast_6802,2025-10-11 10:00:00,9405.486499155098,10311.905008476686,7525.589447272246
forecast_6803,2025-10-11 11:00:00,9297.590190612169,10619.613596633066,7805.456307575139
forecast_6804,2025-10-11 12:00:00,10041.308440074692,10568.393251585367,8023.593717944474
forecast_6805,2025-10-11 13:00:00,10395.522052807111,10945.33209917752,8403.480082929107
forecast_6806,2025-10-11 14:00:00,10327.73927152177,11177.41166662096,9091.623967549333
forecast_6807,2025-10-11 15:00:00,10626.920129208971,11088.64943157513,9480.26896636057
forecast_6808,2025-10-11 16:00:00,10939.586785602452,11554.902111187648,9326.290313123236
forecast_6809,2025-10-11 17:00:00,11432.425720642737,11920.705265050765,9686.315147579817
forecast_6810,2025-10-11 18:00:00,11609.754259577418,12187.802737476879,9713.667939032632
forecast_6811,2025-10-11 19:00:00,11903.731035932724,12944.063938634206,10937.252028777917
forecast_6812,2025-10-11 20:00:00,15150.153918277581,13554.48739830407,11733.468522829337
forecast_6813,2025-10-11 21:00:00,12133.68162885051,13783.115969356923,11708.385567199415
forecast_6814,2025-10-11 22:00:00,11943.969657723987,14231.846433595485,10780.451247982031
forecast_6815,2025-10-11 23:00:00,11240.943686924613,13685.788291587725,9851.858757771202
forecast_6816,2025-10-12 00:00:00,10796.852429896173,13005.382850022548,11840.92558179766
forecast_6817,2025-10-12 01:00:00,15440.906590335273,11780.640684618453,10420.097440320218
forecast_6818,2025-10-12 02:00:00,14073.7233139529,10537.174118008026,9297.41778201288
forecast_6819,2025-10-12 03:00:00,12671.327060761594,9877.554942773713,9403.902573673291
forecast_6820,2025-10-12 04:00:00,8815.030717686845,10257.549709547668,8364.477861283238
forecast_6821,2025-10-12 05:00:00,4367.833335059042,5415.557552106222,5291.580838468638
forecast_6822,2025-10-12 06:00:00,3951.755529589612,4337.802825970312,3734.6260632331728
forecast_6823,2025-10-12 07:00:00,3928.9794861771866,4392.369067243367,3693.876473913987
forecast_6824,2025-10-12 08:00:00,3824.1141740622347,4043.579151953015,3405.9055265952807
forecast_6825,2025-10-12 09:00:00,3944.931518049534,4061.255643137298,3350.479177955672
forecast_6826,2025-10-12 10:00:00,4227.486154344052,4381.426337323252,3698.342039909372
forecast_6827,2025-10-12 11:00:00,4324.992596224895,4856.077100473177,3801.9699592627835
forecast_6828,2025-10-12 12:00:00,4313.43890906588,5063.6136629605735,3752.1974556444115
forecast_6829,2025-10-12 13:00:00,4399.346360025063,4925.4968914674355,3788.7384292427314
forecast_6830,2025-10-12 14:00:00,4560.006135798544,4722.484659567527,3742.2879392566037
forecast_6831,2025-10-12 15:00:00,4607.958316147237,5017.542189093573,3766.568262258732
forecast_6832,2025-10-12 16:00:00,4733.519085274179,5496.4407879965,3837.6948356956646
forecast_6833,2025-10-12 17:00:00,5074.95411459675,5843.950568525274,4210.7114579636445
forecast_6834,2025-10-12 18:00:00,5209.41465619431,6814.5319701718745,4480.411407252036
forecast_6835,2025-10-12 19:00:00,5637.286384518699,7658.928522421181,5366.4785370101745
forecast_6836,2025-10-12 20:00:00,5824.260398591506,7721.336622335921,4805.952835226107
forecast_6837,2025-10-12 21:00:00,5459.091868478609,6759.472398607381,4788.515903845993
forecast_6838,2025-10-12 22:00:00,4378.305481248605,5367.21355685511,3770.4170488518293
forecast_6839,2025-10-12 23:00:00,3583.030637998679,4255.978308769232,3343.499876630653
forecast_6840,2025-10-13 00:00:00,3614.5931543986967,4165.908305147781,3419.574315564985
forecast_6841,2025-10-13 01:00:00,3396.6444274680953,3676.3797633189693,3002.1464426325892
forecast_6842,2025-10-13 02:00:00,3360.4465971581308,3232.388568814169,2844.6980458328567
forecast_6843,2025-10-13 03:00:00,3251.786002777108,3053.7405059941243,2596.469242894335
forecast_6844,2025-10-13 04:00:00,3482.427925004438,3236.2332353764127,2755.1166496748365
forecast_6845,2025-10-13 05:00:00,3326.1992437607723,3423.0785660113283,2751.9180211368844
forecast_6846,2025-10-13 06:00:00,3761.911069730212,3969.2321388365494,3319.6148123290454
forecast_6847,2025-10-13 07:00:00,3679.821425383694,3975.31335119134,3591.9216481806393
forecast_6848,2025-10-13 08:00:00,3630.5961338297125,3863.8525340881456,3427.2726157740244
forecast_6849,2025-10-13 09:00:00,3507.2004463752005,3790.5668722061405,3602.566975595822
forecast_6850,2025-10-13 10:00:00,3794.8996224358752,3812.881999133714,3718.869271099081
forecast_6851,2025-10-13 11:00:00,3970.4320194883567,3871.9393752836936,3612.1975327710384
forecast_6852,2025-10-13 12:00:00,3968.6548902890113,3814.1465591693154,3475.760213887411
forecast_6853,2025-10-13 13:00:00,3677.73301134413,3581.7481311988126,3330.905464818019
forecast_6854,2025-10-13 14:00:00,3573.488498929272,3503.601740458541,3605.588973791309
forecast_6855,2025-10-13 15:00:00,3542.2585478436517,3751.8569472976988,3315.3352916248195
forecast_6856,2025-10-13 16:00:00,3857.0569180585712,4373.439387913091,3379.34593088733
forecast_6857,2025-10-13 17:00:00,3926.642872401355,4677.843813181894,3345.655247029622
forecast_6858,2025-10-13 18:00:00,4143.84247133087,4922.719839538345,3463.0907260747094
forecast_6859,2025-10-13 19:00:00,4028.260973070009,4825.414376674232,3453.483974073653
forecast_6860,2025-10-13 20:00:00,4476.474210807466,5233.585301522249,3760.791988474106
forecast_6861,2025-10-13 21:00:00,4774.366423304847,5702.553971826278,3858.8333380954746
forecast_6862,2025-10-13 22:00:00,4899.942440355932,5895.260048975688,3790.1739257963627
forecast_6863,2025-10-13 23:00:00,4634.438847957536,5587.247966946126,3720.245619740753
forecast_6864,2025-10-14 00:00:00,4415.590524099738,5248.32445871941,3478.8547880669084
forecast_6865,2025-10-14 01:00:00,6584.911887661831,7896.47816297659,5234.228952644492
forecast_6866,2025-10-14 02:00:00,6203.668000549208,7542.476175097216,4805.685051254343
forecast_6867,2025-10-14 03:00:00,6032.615381440236,7519.579228090927,4716.650457757369
forecast_6868,2025-10-14 04:00:00,5793.259908182159,6979.706146444277,4112.320610123149
forecast_6869,2025-10-14 05:00:00,5781.180588616862,7207.989030864237,4065.2581712285823
forecast_6870,2025-10-14 06:00:00,5758.399049522567,7259.50543033467,4129.023154184545
forecast_6871,2025-10-14 07:00:00,5443.62070977359,6693.4266080659745,4108.5634811005275
forecast_6872,2025-10-14 08:00:00,5367.459271164598,6626.015346492199,4168.847853386787
forecast_6873,2025-10-14 09:00:00,5076.362575927183,6240.765596765666,4060.9351071197957
forecast_6874,2025-10-14 10:00:00,4614.555176980784,5975.967797896712,3946.9153888137275
forecast_6875,2025-10-14 11:00:00,4448.287398741598,5710.100556662862,3840.602047546462
forecast_6876,2025-10-14 12:00:00,4231.294289243787,5571.441649204926,3828.922560322424
forecast_6877,2025-10-14 13:00:00,4130.685447999273,5683.149275355246,3827.0603933633197
forecast_6878,2025-10-14 14:00:00,4158.994269405764,5344.7328519010225,3885.839283748411
forecast_6879,2025-10-14 15:00:00,3925.643433018783,4940.1285034984585,3872.526734652688
forecast_6880,2025-10-14 16:00:00,3851.592619456516,4505.531756063975,3648.4676254692486
forecast_6881,2025-10-14 17:00:00,3860.9928154318904,4619.476482142711,3356.8486489393395
forecast_6882,2025-10-14 18:00:00,4018.461682852072,4585.868779398628,3466.1599793177434
forecast_6883,2025-10-14 19:00:00,3867.839822985666,4085.2367094965366,3373.032787192409
forecast_6884,2025-10-14 20:00:00,3805.512301339252,4487.254079731472,3372.9306281471504
forecast_6885,2025-10-14 21:00:00,3934.18790945763,4521.3390650729225,3370.334703496705
forecast_6886,2025-10-14 22:00:00,3922.98340042519,4291.014267723175,3327.640340618369
forecast_6887,2025-10-14 23:00:00,3806.5417866503863,4038.9470409168207,3258.0527272158915
forecast_6888,2025-10-15 00:00:00,3741.6183955949814,4020.8449891905525,3261.2333613986357
forecast_6889,2025-10-15 01:00:00,3981.7514899060293,4369.041831252388,3238.1100414464204
forecast_6890,2025-10-15 02:00:00,3992.1914637079954,4283.634250690536,3242.0755108094877
forecast_6891,2025-10-15 03:00:00,3878.872206062536,4279.061969726115,3290.5990198821414
forecast_6892,2025-10-15 04:00:00,3791.8612674008737,4147.618223748323,3137.39483340581
forecast_6893,2025-10-15 05:00:00,3705.1704878226224,3990.238949998386,2990.40405905027
forecast_6894,2025-10-15 06:00:00,3622.1513586415545,3947.8342153485137,2913.605369875951
forecast_6895,2025-10-15 07:00:00,3548.2449027916173,3795.2616359098674,2918.7116126998576
forecast_6896,2025-10-15 08:00:00,3377.1904464776253,3591.8375527214284,2928.3522249084463
forecast_6897,2025-10-15 09:00:00,3354.639257254988,3490.38516270712,3075.830606165308
forecast_6898,2025-10-15 10:00:00,3334.2708882320862,3288.413441102902,3142.9954219759366
forecast_6899,2025-10-15 11:00:00,3349.1427955826553,3577.9591887526494,3087.731830440763
forecast_6900,2025-10-15 12:00:00,3547.6192372401124,3579.8019599967206,3444.3565190184677
forecast_6901,2025-10-15 13:00:00,3197.5796819941324,3502.2467462335685,2585.555426804702
forecast_6902,2025-10-15 14:00:00,2876.5231956084954,3141.7521949619504,2317.7670899121017
forecast_6903,2025-10-15 15:00:00,2978.117728156703,2738.7231525894326,2292.6236741111625
forecast_6904,2025-10-15 16:00:00,3282.2717567866657,2957.4297207484315,2542.5395565303497
forecast_6905,2025-10-15 17:00:00,3276.323177964255,2999.389034801795,2657.761384156425
forecast_6906,2025-10-15 18:00:00,3331.4303536821103,3286.1852783004665,3131.136392153838
forecast_6907,2025-10-15 19:00:00,3491.8769440932415,3455.293915836936,3250.6241598381607
forecast_6908,2025-10-15 20:00:00,3508.1604737407097,3601.4096397861144,3833.1762640684424
forecast_6909,2025-10-15 21:00:00,3825.5699691608907,3989.855694026198,3791.8643210323926
forecast_6910,2025-10-15 22:00:00,3785.440113928568,3976.9419853161658,3928.176576436185
forecast_6911,2025-10-15 23:00:00,3874.3945042324845,4284.452670823704,3726.5928061313844
forecast_6912,2025-10-16 00:00:00,3765.0237915983435,4341.599762910593,3962.8854251690877
forecast_6913,2025-10-16 01:00:00,4204.773997172936,3829.0359271946713,3895.4230718331573
forecast_6914,2025-10-16 02:00:00,4357.403347266755,4430.451026887482,3756.030230894333
forecast_6915,2025-10-16 03:00:00,4128.432815449073,3928.712851628347,3652.3732227563005
forecast_6916,2025-10-16 04:00:00,4004.0766317844764,4101.948759966911,3540.295680102843
forecast_6917,2025-10-16 05:00:00,3763.0343222010456,3957.9939943042623,3593.735395031525
forecast_6918,2025-10-16 06:00:00,3792.182822430545,3881.3239602470085,3707.552167626873
forecast_6919,2025-10-16 07:00:00,3712.421072037525,3868.705036516533,3707.3176006708018
forecast_6920,2025-10-16 08:00:00,3684.2209645445632,4120.71857607266,3814.8464171898063
forecast_6921,2025-10-16 09:00:00,3809.6128205876603,3677.7100896883217,3791.9028807940317
forecast_6922,2025-10-16 10:00:00,3782.599500861776,3824.486909815122,3770.824153554024
forecast_6923,2025-10-16 11:00:00,3977.8601278621345,3851.890250399506,3818.480823457386
forecast_6924,2025-10-16 12:00:00,3786.7965296896123,4040.3454265216415,3642.213951283513
forecast_6925,2025-10-16 13:00:00,3927.98274788006,4287.4858544197305,3718.705733550799
forecast_6926,2025-10-16 14:00:00,3846.113852447318,4257.893956991944,3737.742328989672
forecast_6927,2025-10-16 15:00:00,3679.065563957826,4020.3394464369003,3466.1130321920045
forecast_6928,2025-10-16 16:00:00,3655.4198352029975,3918.297337287002,3273.4799270931667
forecast_6929,2025-10-16 17:00:00,3767.8113430056283,3978.887288091481,3310.088848802952
forecast_6930,2025-10-16 18:00:00,3685.7368005065537,4194.892015569701,3483.2027294300556
forecast_6931,2025-10-16 19:00:00,3710.368503559592,4429.803561284761,3369.083652050459
forecast_6932,2025-10-16 20:00:00,4118.600235627704,5108.103347332337,3666.338687032059
forecast_6933,2025-10-16 21:00:00,4448.129510988908,5481.463317612111,3719.392084970116
forecast_6934,2025-10-16 22:00:00,4329.23326170916,5370.103143548675,3781.7920392439873
forecast_6935,2025-10-16 23:00:00,4031.6566310999533,5004.522559101654,3691.1285756445823
forecast_6936,2025-10-17 00:00:00,4011.933461380194,4785.095818789405,3488.6848315363695
forecast_6937,2025-10-17 01:00:00,4209.872081597699,4929.436088271111,3476.5816705240027
forecast_6938,2025-10-17 02:00:00,4054.258099683292,4638.836583904965,3331.8557648466044
forecast_6939,2025-10-17 03:00:00,3900.3448510212224,4320.422486951894,3320.2950368104334
forecast_6940,2025-10-17 04:00:00,3820.668343587927,4406.452703776268,3451.698607116349
forecast_6941,2025-10-17 05:00:00,4017.170045301631,4160.362734243424,3367.851414470423
forecast_6942,2025-10-17 06:00:00,3806.2739385745012,3857.328882021709,3271.2470867506904
forecast_6943,2025-10-17 07:00:00,3443.5837482365814,3420.4316567079504,3114.1944183169794
forecast_6944,2025-10-17 08:00:00,3482.005683993484,3207.2244056535333,2992.242088103409
forecast_6945,2025-10-17 09:00:00,3432.389795073093,3406.523127709436,3129.4790134710056
forecast_6946,2025-10-17 10:00:00,3690.8846065408065,3630.072299467911,3005.9946751867483
forecast_6947,2025-10-17 11:00:00,3272.0684087697737,3143.119758719465,2675.1996608981126
forecast_6948,2025-10-17 12:00:00,3203.422394689894,2854.4273864813204,2239.3006796149425
forecast_6949,2025-10-17 13:00:00,3675.7119084493065,2801.5911552532098,3160.3062992790847
forecast_6950,2025-10-17 14:00:00,3661.2320573134175,2810.2753188440574,2889.102856624742
forecast_6951,2025-10-17 15:00:00,4080.288855523725,3002.663251104322,3212.293708678177
forecast_6952,2025-10-17 16:00:00,3890.237146510568,3106.219418505935,2730.6816667588005
forecast_6953,2025-10-17 17:00:00,3741.726783562144,3194.952795542716,2707.907309898886
forecast_6954,2025-10-17 18:00:00,3825.828809381663,3400.3443565729153,3408.285742517356
forecast_6955,2025-10-17 19:00:00,4045.6286437503704,3880.875281784706,3728.8397817047207
forecast_6956,2025-10-17 20:00:00,3926.9701493574717,5418.823011785306,3556.276600586759
forecast_6957,2025-10-17 21:00:00,3775.7388016050986,3780.533430927613,3602.062035756732
forecast_6958,2025-10-17 22:00:00,4046.2595009309152,4498.189413287549,3651.999447861816
forecast_6959,2025-10-17 23:00:00,4433.116182684517,5254.00392152847,3800.9991926395287
forecast_6960,2025-10-18 00:00:00,4250.674875329712,4783.032482616201,3728.1499055751647
forecast_6961,2025-10-18 01:00:00,4087.18066464994,3974.312726111738,3728.316444484993
forecast_6962,2025-10-18 02:00:00,4459.226143609006,5211.964532460423,3929.3576883472665
forecast_6963,2025-10-18 03:00:00,4566.392843614331,4487.201018860402,3761.5211211897117
forecast_6964,2025-10-18 04:00:00,4400.053104397125,3906.4744250627823,3732.8781070395385
forecast_6965,2025-10-18 05:00:00,4457.051668096886,4064.219242681998,3916.152945312569
forecast_6966,2025-10-18 06:00:00,4050.258638650726,3906.206121467857,3392.6200724246814
forecast_6967,2025-10-18 07:00:00,3704.0769741515123,4085.979625886955,3850.817287721618
forecast_6968,2025-10-18 08:00:00,3400.2851931010237,3625.719752610965,3085.9948428647826
forecast_6969,2025-10-18 09:00:00,3360.3164584775004,3374.517062083656,3005.694501576101
forecast_6970,2025-10-18 10:00:00,3388.651322263563,3476.5207386930297,3153.551109795799
forecast_6971,2025-10-18 11:00:00,3566.127511621091,3545.829338937185,3122.784064581064
forecast_6972,2025-10-18 12:00:00,3479.358711583011,3634.6112896954387,3278.0169695537993
forecast_6973,2025-10-18 13:00:00,3706.962056525358,3708.284947397746,3254.7760418398743
forecast_6974,2025-10-18 14:00:00,3735.379246832732,3851.733073598161,3382.523733622313
forecast_6975,2025-10-18 15:00:00,3812.7681245256476,3996.84408986294,3380.794549047449
forecast_6976,2025-10-18 16:00:00,3713.7592972196203,3742.3659779624372,3383.024550669709
forecast_6977,2025-10-18 17:00:00,3419.87322549626,3474.511512159111,3238.4863919593045
forecast_6978,2025-10-18 18:00:00,3166.4977587646663,3432.286826867362,2929.866149151095
forecast_6979,2025-10-18 19:00:00,3126.413409575723,3501.6141412888765,3358.3285050104287
forecast_6980,2025-10-18 20:00:00,3291.049294094337,3676.1807120862227,2998.703769480189
forecast_6981,2025-10-18 21:00:00,3023.9895301521747,3452.8715616476206,2738.379706789654
forecast_6982,2025-10-18 22:00:00,3077.0442062326747,3350.83908194688,2804.9457643018177
forecast_6983,2025-10-18 23:00:00,2992.3503936476354,3295.1192428127047,3091.168636866211
forecast_6984,2025-10-19 00:00:00,2773.0309011488066,3229.8434324460127,2962.0888759963727
forecast_6985,2025-10-19 01:00:00,2594.1263717404154,2807.104658851603,2977.684677094586
forecast_6986,2025-10-19 02:00:00,2654.732936399349,2834.6805475162587,2968.2210565176
forecast_6987,2025-10-19 03:00:00,3058.6159379825376,2782.531095074765,2854.6489933856406
forecast_6988,2025-10-19 04:00:00,3292.7550038162512,3028.5782241722095,1450.5020812299701
forecast_6989,2025-10-19 05:00:00,3238.41488832683,3256.0375961111586,1108.8447806837144
forecast_6990,2025-10-19 06:00:00,3104.239440805157,3527.5912568210492,100.61728113237797
forecast_6991,2025-10-19 07:00:00,3059.865699908108,3253.4192343799336,1062.7301774621492
forecast_6992,2025-10-19 08:00:00,3311.603458754494,3529.491262285164,1138.3836451826564
forecast_6993,2025-10-19 09:00:00,3676.7993247873987,3457.15995589494,2469.7436757710084
forecast_6994,2025-10-19 10:00:00,4201.538422004009,3758.1102582015005,3134.2854711155805
forecast_6995,2025-10-19 11:00:00,4360.3384023697245,3740.380610447951,3724.749559756218
forecast_6996,2025-10-19 12:00:00,4132.589004479204,3637.36136810628,3637.316161870769
forecast_6997,2025-10-19 13:00:00,3783.6727356915158,3818.563872581489,3379.3585230653403
forecast_6998,2025-10-19 14:00:00,3680.220489033347,3745.384880608814,3751.3031458928526
forecast_6999,2025-10-19 15:00:00,4413.929015583699,4203.824365703445,4006.1766583835347
forecast_7000,2025-10-19 16:00:00,5156.222247663512,5667.491903900182,4592.234549805807
forecast_7001,2025-10-19 17:00:00,5405.429585275316,5542.30695186529,4544.5207432798725
forecast_7002,2025-10-19 18:00:00,5406.673019102834,5842.453687405828,4601.261117700762
forecast_7003,2025-10-19 19:00:00,5862.267010325613,6073.7498587642,4478.125781824001
forecast_7004,2025-10-19 20:00:00,5919.883034499932,5964.825858830015,4180.600223671553
forecast_7005,2025-10-19 21:00:00,6130.0366800812435,6242.730998679374,3834.7792771689187
forecast_7006,2025-10-19 22:00:00,6360.266779428724,6344.135056191803,4024.2716508293406
forecast_7007,2025-10-19 23:00:00,6166.882114123902,6117.095332696574,3934.013751500846
forecast_7008,2025-10-20 00:00:00,4459.359003979255,4555.1472832188065,3734.5348774220884
forecast_7009,2025-10-20 01:00:00,3730.107196094221,3783.2339055400853,3793.2914376023605
forecast_7010,2025-10-20 02:00:00,3726.998408818331,3846.400371805766,3622.8229001127347
forecast_7011,2025-10-20 03:00:00,3604.343661081945,3731.2558072671873,3595.2316237641544
forecast_7012,2025-10-20 04:00:00,3861.8806264180757,3852.759894304433,3388.9549535949805
forecast_7013,2025-10-20 05:00:00,3957.921466184182,3796.3676603442,3739.4465280199697
forecast_7014,2025-10-20 06:00:00,3736.0005978095364,3739.0230544879896,3410.628181457536
forecast_7015,2025-10-20 07:00:00,3630.8197459094968,3646.7091498077875,3209.6272892646093
forecast_7016,2025-10-20 08:00:00,3836.1245500937034,3879.8056151414803,3185.5864327495133
forecast_7017,2025-10-20 09:00:00,3363.769380925617,3593.890068371643,3057.0231878722207
forecast_7018,2025-10-20 10:00:00,3509.5122376566583,3528.1539743972694,2846.7086286215686
forecast_7019,2025-10-20 11:00:00,3507.061577577458,3656.73485314915,3346.1683045217087
forecast_7020,2025-10-20 12:00:00,3464.750000800674,3761.8157630308156,3385.706563671693
forecast_7021,2025-10-20 13:00:00,3485.5433778421584,4192.12476539648,3523.0769380920306
forecast_7022,2025-10-20 14:00:00,3122.6903262350947,3776.1544552103173,3195.4390063686174
forecast_7023,2025-10-20 15:00:00,2742.8215075444728,3679.5157387444924,2995.511830358954
forecast_7024,2025-10-20 16:00:00,3310.713787289191,3693.2490239538224,3071.0362490903144
forecast_7025,2025-10-20 17:00:00,3331.1716038911313,3641.420034236784,3142.9155840629583
forecast_7026,2025-10-20 18:00:00,3419.720068582447,3711.842309811072,2869.025846653637
forecast_7027,2025-10-20 19:00:00,2844.620259779479,3285.550018914154,186.39986244409326
forecast_7028,2025-10-20 20:00:00,2770.3187430589646,3006.5930981394035,65.85793843275593
forecast_7029,2025-10-20 21:00:00,2847.377994677272,2982.1532147732287,13.731399076914956
forecast_7030,2025-10-20 22:00:00,2996.7505577742218,3059.0293674053464,3.605794569791681
forecast_7031,2025-10-20 23:00:00,3132.4629861287026,3407.0779986090065,1476.6122030415536
forecast_7032,2025-10-21 00:00:00,3630.8819323253433,3607.3348846393233,1437.4253297065297
forecast_7033,2025-10-21 01:00:00,3327.0512707272737,3130.2626962466397,2297.245145817303
forecast_7034,2025-10-21 02:00:00,3428.3333027644276,3548.4849562528343,2994.8525019746526
forecast_7035,2025-10-21 03:00:00,3600.280747728561,3883.7943769393505,3005.029681046474
forecast_7036,2025-10-21 04:00:00,3923.949352391003,3844.547460289113,2801.1330469227523
forecast_7037,2025-10-21 05:00:00,3675.0256686692123,3515.704060726762,2677.4964291817455
forecast_7038,2025-10-21 06:00:00,3215.942089589419,2858.0434425205867,2902.2422176644086
forecast_7039,2025-10-21 07:00:00,3419.6462205928083,3145.2068338276563,3562.625009580731
forecast_7040,2025-10-21 08:00:00,3021.0238655464946,3075.2475280141975,2476.32718127306
forecast_7041,2025-10-21 09:00:00,2564.0470542961616,3568.6978232482934,2458.080799181013
forecast_7042,2025-10-21 10:00:00,2572.709814333531,2972.044879639126,1750.0282716069257
forecast_7043,2025-10-21 11:00:00,3654.069059507422,3118.29737165386,12.728047198690314
forecast_7044,2025-10-21 12:00:00,3447.0230663275697,2803.133926334153,3.6352100526496685
forecast_7045,2025-10-21 13:00:00,2870.9442143135175,2422.7299322160666,2366.2386689234554
forecast_7046,2025-10-21 14:00:00,2290.392269987987,2387.739992198511,2188.5478370638057
forecast_7047,2025-10-21 15:00:00,2703.4547337166796,2686.9236975722442,2419.3062832028886
forecast_7048,2025-10-21 16:00:00,3306.9934494383056,3529.9163475692912,3296.646789705134
forecast_7049,2025-10-21 17:00:00,2902.53388170472,3714.6449420972053,2784.645169489829
forecast_7050,2025-10-21 18:00:00,4130.444137497159,3330.024428594833,2562.884841186112
forecast_7051,2025-10-21 19:00:00,4736.101748806992,4140.8312421433675,3105.8422416614135
forecast_7052,2025-10-21 20:00:00,3915.6128854628128,3342.819921547593,2955.0913198682247
forecast_7053,2025-10-21 21:00:00,3534.263900060202,3537.271439581072,3205.8452848598054
forecast_7054,2025-10-21 22:00:00,3143.4116570755136,3347.5121473869485,2951.040917902821
forecast_7055,2025-10-21 23:00:00,3224.274604199621,3263.147073923515,2951.870250120417
forecast_7056,2025-10-22 00:00:00,3378.8674687407997,3323.194567494718,3243.790790178069
forecast_7057,2025-10-22 01:00:00,3854.7820302350146,3082.2997459997164,2827.9361384923336
forecast_7058,2025-10-22 02:00:00,2965.5096275437595,3114.1160708644966,3287.8648650285204
forecast_7059,2025-10-22 03:00:00,2643.345104955479,2954.8445535928518,3434.3233432874817
forecast_7060,2025-10-22 04:00:00,3050.2116504157675,2768.4293738057377,3183.5434264390087
forecast_7061,2025-10-22 05:00:00,2944.1558071848985,2952.820738746969,3002.0096994867836
forecast_7062,2025-10-22 06:00:00,3172.2367133103066,3112.0652724625193,2845.56026535694
forecast_7063,2025-10-22 07:00:00,3234.747289461492,3255.0282892108144,2969.3700347884337
forecast_7064,2025-10-22 08:00:00,3331.4338512698473,3590.27613051863,3137.911114356467
forecast_7065,2025-10-22 09:00:00,3275.1550376604796,3486.9396042581193,2988.40039939184
forecast_7066,2025-10-22 10:00:00,3286.567379265551,3330.2178520824255,3213.1585621396766
forecast_7067,2025-10-22 11:00:00,3375.9579792776863,3372.8248916246052,3090.7512212529396
forecast_7068,2025-10-22 12:00:00,3278.6978182545977,3517.174577432769,3350.274015735517
forecast_7069,2025-10-22 13:00:00,3385.7866422996244,3537.0926767558276,3218.224027417999
forecast_7070,2025-10-22 14:00:00,2864.8273431913763,3247.2665846013565,2972.7051921559696
forecast_7071,2025-10-22 15:00:00,3170.4914888565427,3696.4182520964746,3080.7482881488913
forecast_7072,2025-10-22 16:00:00,3214.9838583606665,3600.3633751678235,2964.1705523174255
forecast_7073,2025-10-22 17:00:00,3159.4093443951006,2760.7778350534104,2659.2461242144173
forecast_7074,2025-10-22 18:00:00,2855.224115842584,2461.6984448812977,279.4147410887126
forecast_7075,2025-10-22 19:00:00,2946.4610135048106,2893.549988886351,3056.717580221571
forecast_7076,2025-10-22 20:00:00,3186.547347943715,2953.734269228941,2254.733144372917
forecast_7077,2025-10-22 21:00:00,3284.6820082678455,3147.2308019039538,2488.7259492264343
forecast_7078,2025-10-22 22:00:00,3350.345347346186,3397.2663356476737,2696.0724461722975
forecast_7079,2025-10-22 23:00:00,3652.893727469396,3520.1630849925737,3114.2117824037914
forecast_7080,2025-10-23 00:00:00,3292.8597439845166,3499.266602880808,3219.557089741936
forecast_7081,2025-10-23 01:00:00,3169.4954881015906,2898.2521917039894,1040.3842033197661
forecast_7082,2025-10-23 02:00:00,2950.0363975513437,2992.7899469155245,1061.5241935014799
forecast_7083,2025-10-23 03:00:00,3140.343698634082,3077.6536825101416,1039.8734673037054
forecast_7084,2025-10-23 04:00:00,3274.976829610002,3574.3440475831385,1054.6957660253315
forecast_7085,2025-10-23 05:00:00,3634.1578097730667,3576.2325468656945,2.0129507852462862
forecast_7086,2025-10-23 06:00:00,3625.851212426237,3500.1025684878828,0.7923621097453251
forecast_7087,2025-10-23 07:00:00,3551.499924548853,3507.153857585874,0.3758053211070779
forecast_7088,2025-10-23 08:00:00,3604.0809609073867,3332.5287334862805,0.37827251891920594
forecast_7089,2025-10-23 09:00:00,3206.4699450531543,3314.961397810183,0.5670202639061908
forecast_7090,2025-10-23 10:00:00,3224.8537279041843,3211.3743717624657,1.774618915978647
forecast_7091,2025-10-23 11:00:00,3967.605901046624,3304.9879216920726,9.534000112334729
forecast_7092,2025-10-23 12:00:00,1157.7964383257092,2467.731213444313,18.990282648676306
forecast_7093,2025-10-23 13:00:00,1228.150258544344,2904.0259201523945,2367.9739501393747
forecast_7094,2025-10-23 14:00:00,1220.1338741660436,2543.0699793453514,2219.774363891658
forecast_7095,2025-10-23 15:00:00,7401.146768458416,4930.670603562049,3939.604738431245
forecast_7096,2025-10-23 16:00:00,12265.793541969124,8416.583250193884,12872.29644076475
forecast_7097,2025-10-23 17:00:00,7427.129658157841,4981.985263836143,12317.977852791157
forecast_7098,2025-10-23 18:00:00,5099.654471576842,5023.05046449642,4503.084692282038
forecast_7099,2025-10-23 19:00:00,4557.807481196341,4292.29028565707,4576.44375057339
forecast_7100,2025-10-23 20:00:00,3266.880438903584,3622.937109228976,3142.691217923562
forecast_7101,2025-10-23 21:00:00,3473.1928078519327,3368.558973481409,3005.0458469551086
forecast_7102,2025-10-23 22:00:00,3957.0235785041878,3346.670428299376,2738.414610099805
forecast_7103,2025-10-23 23:00:00,4079.7747965137296,3793.1240219087645,3020.299707533511
forecast_7104,2025-10-24 00:00:00,4256.623237182981,3934.433516085625,3073.865732999159
forecast_7105,2025-10-24 01:00:00,4071.0779582629825,4081.941878067661,3039.64824159538
forecast_7106,2025-10-24 02:00:00,3772.6970991650483,3362.6449841557305,2921.527696575914
forecast_7107,2025-10-24 03:00:00,3533.9495007683868,3360.161150523132,2925.2137293746305
forecast_7108,2025-10-24 04:00:00,3424.431648653062,3543.0836374342525,3190.435304835525
forecast_7109,2025-10-24 05:00:00,3171.404152314558,3441.5335483782133,3437.827482629766
forecast_7110,2025-10-24 06:00:00,3234.9808421086655,3308.046744185034,2996.4307119139908
forecast_7111,2025-10-24 07:00:00,3413.62179868227,3614.2487965040436,2789.507609806853
forecast_7112,2025-10-24 08:00:00,3517.9993908942783,3741.6112198755077,3023.987844661553
forecast_7113,2025-10-24 09:00:00,3901.9932756799676,3986.421902546987,3393.7680903087653
forecast_7114,2025-10-24 10:00:00,4435.154170272054,4842.009171576205,3783.9101669566708
forecast_7115,2025-10-24 11:00:00,4476.677996057757,4681.626754908051,3839.071989593124
forecast_7116,2025-10-24 12:00:00,3794.434506676867,3962.8613684183533,3433.564287845659
forecast_7117,2025-10-24 13:00:00,3588.167533056394,3590.0398485919623,3534.480967173372
forecast_7118,2025-10-24 14:00:00,3462.8314136947693,3606.505538649334,2895.051472306987
forecast_7119,2025-10-24 15:00:00,3440.2521177709586,3388.0995800666146,3149.435679161934
forecast_7120,2025-10-24 16:00:00,3481.3825136694595,3477.774253738266,3137.637912373706
forecast_7121,2025-10-24 17:00:00,4017.943882665226,4009.728700191541,3513.758176362171
forecast_7122,2025-10-24 18:00:00,4235.801353102749,4050.0256710664894,3525.4486966566824
forecast_7123,2025-10-24 19:00:00,4013.054652600694,3812.971049989591,3547.6360260797096
forecast_7124,2025-10-24 20:00:00,4130.004880892379,3901.319794031847,3672.1413389842874
forecast_7125,2025-10-24 21:00:00,3743.775796163129,3722.372658898144,3631.9128735274835
forecast_7126,2025-10-24 22:00:00,4061.3061452704446,3901.267253196772,3575.9617294884106
forecast_7127,2025-10-24 23:00:00,3862.3630214435843,3872.0799797112104,3615.2146243423954
forecast_7128,2025-10-25 00:00:00,3516.5911411851166,3569.7516343109905,4375.3987221591315
forecast_7129,2025-10-25 01:00:00,3981.2897022815355,3826.140713293727,3707.3138515838464
forecast_7130,2025-10-25 02:00:00,4052.9999394887595,3879.7297581881708,3833.305052633738
forecast_7131,2025-10-25 03:00:00,4114.281027945292,3960.9710624306313,3959.491993326691
forecast_7132,2025-10-25 04:00:00,4185.202251716965,3908.7053349896696,3941.780409438204
forecast_7133,2025-10-25 05:00:00,4145.639068615231,4149.321726465553,3744.267774805747
forecast_7134,2025-10-25 06:00:00,4335.708382441679,4291.232486954603,3806.854797214896
forecast_7135,2025-10-25 07:00:00,3999.1980118771603,4048.127019091246,3641.1950655168716
forecast_7136,2025-10-25 08:00:00,4143.051425967539,4063.4743809048364,3662.4743485478416
forecast_7137,2025-10-25 09:00:00,3807.677482322729,3752.1621025718437,3599.6140424901037
forecast_7138,2025-10-25 10:00:00,3836.4578705780996,3517.7519668115942,3430.9210589877434
forecast_7139,2025-10-25 11:00:00,3467.228728032525,3435.2948759009855,3216.206892027025
forecast_7140,2025-10-25 12:00:00,3380.8748901730683,3618.086255246943,3199.471276570502
forecast_7141,2025-10-25 13:00:00,3680.495259862811,3649.967252740307,3375.686393753538
forecast_7142,2025-10-25 14:00:00,3371.256718123885,3342.818182874373,2847.459964639048
forecast_7143,2025-10-25 15:00:00,2968.1239866923847,2486.7027285737363,2546.5580013021895
forecast_7144,2025-10-25 16:00:00,4164.662058264282,3778.194842935923,3135.9482869663075
forecast_7145,2025-10-25 17:00:00,2922.8995012815994,3088.0704450620524,2836.591567319975
forecast_7146,2025-10-25 18:00:00,2509.1360819524157,2355.186878837269,3485.341895360046
forecast_7147,2025-10-25 19:00:00,2636.5091732663072,2644.907255873545,4470.421267705588
forecast_7148,2025-10-25 20:00:00,3429.154549542776,3260.2104051782994,3905.4645455983864
forecast_7149,2025-10-25 21:00:00,3614.4964277615973,3504.2858920931617,3517.688681948031
forecast_7150,2025-10-25 22:00:00,3771.419133881533,3796.76046510647,3425.5531719935884
forecast_7151,2025-10-25 23:00:00,4858.5844685020575,5091.04106057039,3959.006365024075
forecast_7152,2025-10-26 00:00:00,5017.082835959331,4546.100683392503,4085.0838863665917
forecast_7153,2025-10-26 01:00:00,4614.079765355676,4750.258067584206,4007.286989738058
forecast_7154,2025-10-26 02:00:00,3959.852188898953,5093.2375253631335,4113.0535718411675
forecast_7155,2025-10-26 03:00:00,3834.069182383968,4328.285149295693,3596.890313228711
forecast_7156,2025-10-26 04:00:00,3873.2730944603272,4670.529923322365,3742.1952006821402
forecast_7157,2025-10-26 05:00:00,3999.498297552122,3883.3335403678234,3693.765746685331
forecast_7158,2025-10-26 06:00:00,3937.974905095737,3902.2216622576084,3664.153783911982
forecast_7159,2025-10-26 07:00:00,4643.5813765367875,4263.519616936055,3784.6862780614247
forecast_7160,2025-10-26 08:00:00,5996.336651325011,5576.125398691336,3756.531983236173
forecast_7161,2025-10-26 09:00:00,4865.464174117764,4717.251631230817,3755.5183164952223
forecast_7162,2025-10-26 10:00:00,4273.874688015361,4034.8263463377293,3793.599568546624
forecast_7163,2025-10-26 11:00:00,3859.1111983215337,3859.6403359567603,3755.9522680437976
forecast_7164,2025-10-26 12:00:00,3929.797826250605,3875.2377256803356,3585.1306843303564
forecast_7165,2025-10-26 13:00:00,3878.82565585143,3833.3687370662356,3531.4485124617113
forecast_7166,2025-10-26 14:00:00,4097.98499876494,3978.286421360626,3403.38187001043
forecast_7167,2025-10-26 15:00:00,4409.634619200197,4468.742811644895,3651.3547160058984
forecast_7168,2025-10-26 16:00:00,4571.672548852429,4059.9845727484635,3723.5319881743976
forecast_7169,2025-10-26 17:00:00,4931.521081635031,4661.752236689391,3761.1684953635163
forecast_7170,2025-10-26 18:00:00,6051.852730994349,5658.823430088537,4325.871105949893
forecast_7171,2025-10-26 19:00:00,6367.72601468809,6889.88390395797,5228.186240111166
forecast_7172,2025-10-26 20:00:00,9986.43192747407,10007.305824798861,6574.086400244019
forecast_7173,2025-10-26 21:00:00,11357.265257688165,13399.434078096958,8289.5100683751
forecast_7174,2025-10-26 22:00:00,12552.246089870741,15311.269977190772,9386.113805135776
forecast_7175,2025-10-26 23:00:00,12116.491468474806,13815.20910909102,10650.469349095887
forecast_7176,2025-10-27 00:00:00,12235.495203065111,13919.600043102213,10600.223773597962
forecast_7177,2025-10-27 01:00:00,14783.674535547087,15842.152829111963,13546.590444575526
forecast_7178,2025-10-27 02:00:00,16668.631591715373,17466.8171137154,14382.238736209405
forecast_7179,2025-10-27 03:00:00,17404.293678565515,18058.75352440055,15465.661179733606
forecast_7180,2025-10-27 04:00:00,17270.032394201447,18199.044091533196,15670.33870503913
forecast_7181,2025-10-27 05:00:00,16383.019687838656,17654.30742131711,15662.874252193282
forecast_7182,2025-10-27 06:00:00,14977.895576360164,16669.168489862976,12191.418577713563
forecast_7183,2025-10-27 07:00:00,13606.77080007652,17339.672973579763,10880.525803691098
forecast_7184,2025-10-27 08:00:00,13209.408231832793,16433.483561020563,10324.002560993202
forecast_7185,2025-10-27 09:00:00,13065.784181876896,14647.78782245621,9749.785823576047
forecast_7186,2025-10-27 10:00:00,11977.985264721794,13300.135888349245,8687.446297994404
forecast_7187,2025-10-27 11:00:00,11325.28787756429,12029.360171553086,8534.510725670572
forecast_7188,2025-10-27 12:00:00,11330.25037669852,12095.87169793479,8678.61900757118
forecast_7189,2025-10-27 13:00:00,11875.502456279431,12716.807227635116,9272.52699702141
forecast_7190,2025-10-27 14:00:00,12752.542054557765,13437.845516899084,9829.083033184339
forecast_7191,2025-10-27 15:00:00,13741.249439086749,14283.371149576375,10117.463843170633
forecast_7192,2025-10-27 16:00:00,14472.361039590302,14967.196540814384,10766.392502336474
forecast_7193,2025-10-27 17:00:00,14264.294031125879,15455.506981920367,10862.827825008053
forecast_7194,2025-10-27 18:00:00,13645.676627594348,15298.820694620894,9932.380360320192
forecast_7195,2025-10-27 19:00:00,12692.157938365903,14920.899163088374,9991.505226648425
forecast_7196,2025-10-27 20:00:00,12323.177789921998,13556.993198982806,10611.442885774577
forecast_7197,2025-10-27 21:00:00,12408.665683913514,13031.608145397387,10865.257125987084
forecast_7198,2025-10-27 22:00:00,12485.923641740535,13411.030953527043,10614.052736766707
forecast_7199,2025-10-27 23:00:00,12127.592633344431,13732.376470724703,10330.7069177504
forecast_7200,2025-10-28 00:00:00,13298.212907890176,13515.657334453346,10117.721854103474
forecast_7201,2025-10-28 01:00:00,12363.331764167873,14830.131922214467,10372.254260190817
forecast_7202,2025-10-28 02:00:00,13700.59612555599,15156.831252329122,10617.606533404603
forecast_7203,2025-10-28 03:00:00,14089.079666948524,15197.482787435669,11385.945863766434
forecast_7204,2025-10-28 04:00:00,13635.117334837387,14568.565991234842,9531.626493329131
forecast_7205,2025-10-28 05:00:00,12350.634124034123,13860.760025683234,9054.662885840864
forecast_7206,2025-10-28 06:00:00,11543.52201819768,12939.561609103874,8936.877256904827
forecast_7207,2025-10-28 07:00:00,10636.428604820634,12032.270529710755,7978.851305311563
forecast_7208,2025-10-28 08:00:00,8838.946317975178,9560.260928767197,6914.883315653161
forecast_7209,2025-10-28 09:00:00,6920.7108233339795,7249.682851921001,5646.749946379738
forecast_7210,2025-10-28 10:00:00,6066.15202853682,6083.730509110413,4962.398133472268
forecast_7211,2025-10-28 11:00:00,4056.2000914530804,4267.052692630089,3997.3798042564895
forecast_7212,2025-10-28 12:00:00,3870.074115766666,3862.002732041553,3432.6998703362106
forecast_7213,2025-10-28 13:00:00,4230.598298740444,3847.2232458245735,3337.9263188255914
forecast_7214,2025-10-28 14:00:00,4162.854578834094,4108.230972174809,3393.1936328584093
forecast_7215,2025-10-28 15:00:00,4082.5361597522733,4070.238363455044,3599.43893565254
forecast_7216,2025-10-28 16:00:00,3871.2667737266197,3809.3214673134053,3692.669496003721
forecast_7217,2025-10-28 17:00:00,3904.301929341264,3935.9451157559524,3715.415675216369
forecast_7218,2025-10-28 18:00:00,4795.120927566527,4790.3777443223025,3800.0132261113254
forecast_7219,2025-10-28 19:00:00,7321.76798551627,7990.496980492166,5839.86639433687
forecast_7220,2025-10-28 20:00:00,8377.224758735167,8870.395842330863,7187.5773888654085
forecast_7221,2025-10-28 21:00:00,9088.213238596389,10146.399676058672,8103.5537631088755
forecast_7222,2025-10-28 22:00:00,9534.417025086017,10429.723240485466,7597.247951646733
forecast_7223,2025-10-28 23:00:00,9523.045118800295,9649.060014357583,7254.33635064631
forecast_7224,2025-10-29 00:00:00,9363.468407096832,9712.44558462548,7375.763169449874
forecast_7225,2025-10-29 01:00:00,5914.492311185789,6120.973887890751,3778.0229938430216
forecast_7226,2025-10-29 02:00:00,5999.028344050178,5321.6674989251205,3812.088644057923
forecast_7227,2025-10-29 03:00:00,5903.027523652147,5354.991890700652,3880.386883587921
forecast_7228,2025-10-29 04:00:00,5531.3290286361635,4950.013381335421,3683.877276602616
forecast_7229,2025-10-29 05:00:00,4665.716957368636,4463.9763408338495,3361.7290738208258
forecast_7230,2025-10-29 06:00:00,4120.740475921657,4087.2697960770556,3447.7439844115524
forecast_7231,2025-10-29 07:00:00,3836.240277432174,3742.863450178626,3748.116106055463
forecast_7232,2025-10-29 08:00:00,3996.50089318229,3948.135882094373,3541.56078087524
forecast_7233,2025-10-29 09:00:00,3553.2207788581577,3645.711787988187,3014.6736236284637
forecast_7234,2025-10-29 10:00:00,2559.2749504876306,2989.231512698511,1292.4503983997758
forecast_7235,2025-10-29 11:00:00,1065.404960011861,2066.206569548674,0.07036068417056554
forecast_7236,2025-10-29 12:00:00,2957.3257720163037,2061.685095840226,1.767185626429222
forecast_7237,2025-10-29 13:00:00,3037.458980782348,2147.200236428825,7.621080497390441
forecast_7238,2025-10-29 14:00:00,12.0746570026557,2098.716989564199,2206.916979333117
forecast_7239,2025-10-29 15:00:00,2644.7504472345827,3624.937232835523,3432.8549735990846
forecast_7240,2025-10-29 16:00:00,4133.595325353341,4770.883281384567,4154.082457079975
forecast_7241,2025-10-29 17:00:00,3863.310979003383,3919.0523764562686,5877.691236400969
forecast_7242,2025-10-29 18:00:00,6052.192943873048,6131.056076747051,3834.3504541585257
forecast_7243,2025-10-29 19:00:00,3615.9426829155423,4242.180344639884,3556.065131858236
forecast_7244,2025-10-29 20:00:00,3768.6460124868663,3484.0079494277184,3470.703103393136
forecast_7245,2025-10-29 21:00:00,4018.133681398064,3857.8986148848635,3491.573766015291
forecast_7246,2025-10-29 22:00:00,4173.802734917734,4112.730084182169,3433.0930590841076
forecast_7247,2025-10-29 23:00:00,4698.025876251232,4609.41140239895,3612.2808292852237
forecast_7248,2025-10-30 00:00:00,5052.868438059411,4983.529259400707,3850.438533668732
forecast_7249,2025-10-30 01:00:00,7925.0402403158705,7766.73718795062,5055.535070863653
forecast_7250,2025-10-30 02:00:00,9963.257093308528,9828.491624262413,6130.017796063845
forecast_7251,2025-10-30 03:00:00,12702.729158023287,12333.654002765135,7470.910156453058
forecast_7252,2025-10-30 04:00:00,13557.795285872802,14090.200176990937,8300.662156737926
forecast_7253,2025-10-30 05:00:00,13324.735753848654,13534.252430107017,9232.185999094176
forecast_7254,2025-10-30 06:00:00,12941.367987040903,12610.50598354579,8750.666902581024
forecast_7255,2025-10-30 07:00:00,11970.611175653617,11580.90265908126,7882.517487247694
forecast_7256,2025-10-30 08:00:00,10494.86509490697,9903.378908898048,6217.8408593320755
forecast_7257,2025-10-30 09:00:00,9172.580713437044,7882.81294658254,4784.1473687213875
forecast_7258,2025-10-30 10:00:00,6183.838275625302,5606.945714386519,3956.746830529915
forecast_7259,2025-10-30 11:00:00,4007.825551469977,4141.6859148787935,3883.826198746262
forecast_7260,2025-10-30 12:00:00,5367.025666496197,5476.877350231282,3918.2495953350294
forecast_7261,2025-10-30 13:00:00,4318.517705490675,4261.561805147661,3598.3071395966094
forecast_7262,2025-10-30 14:00:00,4010.7665921181656,4018.5668498283226,3449.583314380726
forecast_7263,2025-10-30 15:00:00,4219.355460603065,3684.681892376789,3353.92202614308
forecast_7264,2025-10-30 16:00:00,3880.6276336178216,3870.0051594978304,3388.5047132390678
forecast_7265,2025-10-30 17:00:00,4989.189719192509,4842.079567166711,3853.3172220699753
forecast_7266,2025-10-30 18:00:00,3993.3178269030827,4207.339797421232,3632.9503063974767
forecast_7267,2025-10-30 19:00:00,4015.51847254712,3867.935931182345,3526.877738349496
forecast_7268,2025-10-30 20:00:00,4109.286438821199,3854.1565284532767,3416.2665976661538
forecast_7269,2025-10-30 21:00:00,4022.086868937522,3945.6087339620112,3729.807954658977
forecast_7270,2025-10-30 22:00:00,3857.9349843555756,3723.821796390339,3664.5740411330016
forecast_7271,2025-10-30 23:00:00,4128.188028649155,4097.537564606483,3701.5491481908552
forecast_7272,2025-10-31 00:00:00,3987.5322429353373,3946.5088066139792,3629.9412409117185
forecast_7273,2025-10-31 01:00:00,3868.6930505185833,3225.4739985274105,2851.042435003164
forecast_7274,2025-10-31 02:00:00,3323.9211680941644,2805.8399714383263,3096.3214518927466
forecast_7275,2025-10-31 03:00:00,3563.7945467163463,3302.2630617075215,3212.9333097973836
forecast_7276,2025-10-31 04:00:00,3431.4805771399892,3289.3869994556203,2166.704914761792
forecast_7277,2025-10-31 05:00:00,3389.5228077235197,3491.2922589801387,837.1034404295493
forecast_7278,2025-10-31 06:00:00,3156.13605057786,3700.678726720238,94.785578140796
forecast_7279,2025-10-31 07:00:00,3636.8761106967295,3430.955105939466,95.50940063462478
forecast_7280,2025-10-31 08:00:00,2729.264024958684,2959.194817642871,110.59176067431585
forecast_7281,2025-10-31 09:00:00,3790.585865941605,3472.2808021735814,1075.4842649843342
forecast_7282,2025-10-31 10:00:00,3622.5012609220234,3082.0211558603346,1763.274112046177
forecast_7283,2025-10-31 11:00:00,2961.221831991571,2965.3833390139284,1684.045476477978
forecast_7284,2025-10-31 12:00:00,4600.352322821574,2781.8047839803844,808.8434827006178
forecast_7285,2025-10-31 13:00:00,115.57141698974638,116.98827420159985,73.13890567196879
forecast_7286,2025-10-31 14:00:00,86.26967335301227,90.72616575269609,61.24322593333218
forecast_7287,2025-10-31 15:00:00,68.09539795079974,75.44345269405598,53.33589354787795
forecast_7288,2025-10-31 16:00:00,73.22803731813842,67.4954209996941,48.62877209198369
forecast_7289,2025-10-31 17:00:00,4174.840890619085,5312.829319521747,2197.069602429079
forecast_7290,2025-10-31 18:00:00,3774.0069816288224,3657.5581983141246,3249.6243592210885
forecast_7291,2025-10-31 19:00:00,3914.275052665077,4023.946147564909,3910.132726275956
forecast_7292,2025-10-31 20:00:00,5178.951311007419,4654.618630136346,3928.959273866223
forecast_7293,2025-10-31 21:00:00,7221.662392144551,6781.881632398078,4587.37642292421
forecast_7294,2025-10-31 22:00:00,8756.488740368302,8640.979873937556,5493.554740941564
forecast_7295,2025-10-31 23:00:00,9248.113000356643,9048.553434117339,5604.517823293961
forecast_7296,2025-11-01 00:00:00,8705.847941694448,9571.484961158258,5753.921804051172
forecast_7297,2025-11-01 01:00:00,8922.120450659286,9938.949169017766,6438.034597635764
forecast_7298,2025-11-01 02:00:00,8600.888930004961,9246.321929063157,6151.069846564011
forecast_7299,2025-11-01 03:00:00,8530.3288102346,8823.745183352614,6552.924092458582
forecast_7300,2025-11-01 04:00:00,9331.895731920025,9724.084934009912,9240.47143297819
forecast_7301,2025-11-01 05:00:00,11534.493627401063,12417.852606165445,10561.033956298797
forecast_7302,2025-11-01 06:00:00,12785.61014134992,14208.712620180564,12036.371065211051
forecast_7303,2025-11-01 07:00:00,13466.639373520851,14799.289126064252,12214.364440083395
forecast_7304,2025-11-01 08:00:00,14044.076936341984,14947.97776585537,12272.331398275915
forecast_7305,2025-11-01 09:00:00,14673.389790079207,15844.283855285774,11950.37417085146
forecast_7306,2025-11-01 10:00:00,14680.45052064989,15988.151601199519,12030.151209649308
forecast_7307,2025-11-01 11:00:00,14505.255092222478,14963.999725865177,11253.917909651474
forecast_7308,2025-11-01 12:00:00,13670.22679217267,13736.95621531681,10298.27010063043
forecast_7309,2025-11-01 13:00:00,13764.194293671835,12996.764878080568,9931.018097933898
forecast_7310,2025-11-01 14:00:00,13799.61801230208,13103.933322276194,9927.237568100243
forecast_7311,2025-11-01 15:00:00,13595.169481029345,13156.503792112064,9833.524376965282
forecast_7312,2025-11-01 16:00:00,13539.086109076517,13336.958547905462,9987.096183917874
forecast_7313,2025-11-01 17:00:00,13285.579275611542,13257.996724067301,9899.125748855387
forecast_7314,2025-11-01 18:00:00,12954.027105753963,14032.306636474299,10234.970824450169
forecast_7315,2025-11-01 19:00:00,13519.747934418592,14187.985952828845,11118.86330472334
forecast_7316,2025-11-01 20:00:00,14050.65324903178,15369.853675212245,12553.169804626088
forecast_7317,2025-11-01 21:00:00,15232.715559476328,14988.382193604255,13375.209279608489
forecast_7318,2025-11-01 22:00:00,16254.660163559363,15915.14486475824,14311.282497441121
forecast_7319,2025-11-01 23:00:00,16564.203423491952,16441.410921299383,15122.331007991832
forecast_7320,2025-11-02 00:00:00,16935.761820854237,17188.55455916413,15969.880940021674
forecast_7321,2025-11-02 01:00:00,16709.15631147872,17371.135204291204,15703.474623129167
forecast_7322,2025-11-02 02:00:00,16542.191411392807,17025.047052546008,15292.648471486658
forecast_7323,2025-11-02 03:00:00,16504.167144298775,16846.82465830028,14468.324974742323
forecast_7324,2025-11-02 04:00:00,16337.156300777493,16766.973397339032,14280.000805644651
forecast_7325,2025-11-02 05:00:00,16516.86758076183,16881.52917850014,14577.894789173919
forecast_7326,2025-11-02 06:00:00,16876.33413866929,17347.885571504714,15054.966177739096
forecast_7327,2025-11-02 07:00:00,17294.400112484338,17626.830574491432,15715.880114281375
forecast_7328,2025-11-02 08:00:00,17687.141148137373,18147.207138053698,16512.575837404132
forecast_7329,2025-11-02 09:00:00,17575.138378588144,18176.339226018186,16412.59914951759
forecast_7330,2025-11-02 10:00:00,17411.556388079458,18254.488973903037,16465.224253056334
forecast_7331,2025-11-02 11:00:00,16908.05678791237,17740.285749792107,15329.932343659491
forecast_7332,2025-11-02 12:00:00,16306.88248924265,17095.73167791922,14173.786854739468
forecast_7333,2025-11-02 13:00:00,15719.715618730308,16502.72337632233,13000.297908128132
forecast_7334,2025-11-02 14:00:00,14919.522165914923,16158.829424980562,11300.918161701522
forecast_7335,2025-11-02 15:00:00,14512.77467426802,15964.278082203966,10483.15597786406
forecast_7336,2025-11-02 16:00:00,13841.268335552504,14818.033560789498,9919.006503153027
forecast_7337,2025-11-02 17:00:00,13402.397027680714,13555.802345778084,9741.182778055365
forecast_7338,2025-11-02 18:00:00,12890.243764516585,13224.684594392453,10155.541611438233
forecast_7339,2025-11-02 19:00:00,12361.574420624673,12664.817991322727,9987.436257365543
forecast_7340,2025-11-02 20:00:00,10341.617460198797,11609.018893888651,8777.35565534712
forecast_7341,2025-11-02 21:00:00,8264.720936699592,9064.97798487925,7420.968444462075
forecast_7342,2025-11-02 22:00:00,8446.88259079003,9526.59957997175,6796.863098383142
forecast_7343,2025-11-02 23:00:00,8665.33440309675,10144.762195817893,6773.42451441243
forecast_7344,2025-11-03 00:00:00,8880.027189391752,10152.658056787564,6651.553061214594
forecast_7345,2025-11-03 01:00:00,9893.154150572831,10779.32766767652,8184.016041399085
forecast_7346,2025-11-03 02:00:00,8751.259564791104,9418.004626401354,6926.949852775177
forecast_7347,2025-11-03 03:00:00,7847.039104518298,8514.9968561359,6634.208295787089
forecast_7348,2025-11-03 04:00:00,6835.48486635153,7775.934490741561,5855.598903894601
forecast_7349,2025-11-03 05:00:00,6482.459668904108,7144.86330878575,4838.537222229763
forecast_7350,2025-11-03 06:00:00,5020.30337579767,5485.569816994402,4095.287977048571
forecast_7351,2025-11-03 07:00:00,4457.573246625404,4699.31861756625,3604.664996191401
forecast_7352,2025-11-03 08:00:00,3961.0650484273965,4193.760139848816,3438.580352094908
forecast_7353,2025-11-03 09:00:00,3719.715149274445,3954.6938907641015,3280.299703018571
forecast_7354,2025-11-03 10:00:00,3286.346933468146,3518.7105780301763,2950.6746353373546
forecast_7355,2025-11-03 11:00:00,3023.614422772852,3352.7644486991476,2963.0573815977086
forecast_7356,2025-11-03 12:00:00,2299.254978993867,2765.9071993981834,2356.714859774894
forecast_7357,2025-11-03 13:00:00,2409.6879704151097,125.67667231225292,848.3970064828037
forecast_7358,2025-11-03 14:00:00,47.29185053642667,45.76545251621454,39.78911336878661
forecast_7359,2025-11-03 15:00:00,20.900031252240183,19.624083651008164,14.707499773352886
forecast_7360,2025-11-03 16:00:00,21.074902578501213,10.129792304530103,1085.0222129018123
forecast_7361,2025-11-03 17:00:00,1782.3698558431179,4114.143304430713,1291.4632250758311
forecast_7362,2025-11-03 18:00:00,2988.246530929108,2833.042926216,3310.599333998497
forecast_7363,2025-11-03 19:00:00,3787.6784187963844,3524.885792460697,3228.361078018831
forecast_7364,2025-11-03 20:00:00,4468.04122276182,3981.536363015836,3787.128188910922
forecast_7365,2025-11-03 21:00:00,4085.6237095236934,3933.9812810190137,3773.5716256877818
forecast_7366,2025-11-03 22:00:00,5087.437674091421,4866.565909057716,3900.525614001571
forecast_7367,2025-11-03 23:00:00,7530.590030637458,7559.040697399664,5158.588173954979
forecast_7368,2025-11-04 00:00:00,8594.625632814648,9176.181136711155,6227.586533595398
forecast_7369,2025-11-04 01:00:00,8081.464831460814,9267.648395922433,5880.425470854935
forecast_7370,2025-11-04 02:00:00,8403.41379670457,9554.638784746661,6010.3943654363
forecast_7371,2025-11-04 03:00:00,9264.849726440416,10800.730011929034,6597.086599370227
forecast_7372,2025-11-04 04:00:00,9949.833182664737,11588.483621575388,7813.791317349994
forecast_7373,2025-11-04 05:00:00,10975.451981278178,12488.808202212855,8213.021337131247
forecast_7374,2025-11-04 06:00:00,11103.343050130323,14468.436960951833,8538.58270665688
forecast_7375,2025-11-04 07:00:00,11307.260153024545,12708.706226509554,8919.418869550833
forecast_7376,2025-11-04 08:00:00,11344.392794175226,12617.20018229284,10229.437196568493
forecast_7377,2025-11-04 09:00:00,12438.398268041923,12761.511662644978,11241.454576810242
forecast_7378,2025-11-04 10:00:00,12770.874331822462,14229.056870183196,11615.569283266796
forecast_7379,2025-11-04 11:00:00,11878.325875773835,12507.32077483526,10227.680601865506
forecast_7380,2025-11-04 12:00:00,8998.407494169916,10275.314776411858,8426.780512669182
forecast_7381,2025-11-04 13:00:00,8740.250027062206,9001.13778325329,7731.689467315439
forecast_7382,2025-11-04 14:00:00,7928.4507704083435,7524.97000410149,7062.711471966989
forecast_7383,2025-11-04 15:00:00,7136.07171297139,7167.44029433584,6799.399631313851
forecast_7384,2025-11-04 16:00:00,6538.576627634188,6436.325946855955,6102.374741307869
forecast_7385,2025-11-04 17:00:00,8188.870800172618,8405.755397457653,7227.979222577295
forecast_7386,2025-11-04 18:00:00,9525.8162133837,9942.666688815692,7953.454741030477
forecast_7387,2025-11-04 19:00:00,11119.893840031898,11513.219702577795,9138.993258963503
forecast_7388,2025-11-04 20:00:00,10915.69662869356,11268.453368839268,9523.294920276678
forecast_7389,2025-11-04 21:00:00,10906.431379906653,11058.432515338516,8872.347593072358
forecast_7390,2025-11-04 22:00:00,11117.517767189975,10970.048290852003,7781.206987529649
forecast_7391,2025-11-04 23:00:00,9525.299742341344,9812.372543013977,6141.893978532083
forecast_7392,2025-11-05 00:00:00,8571.10117860068,8425.106206267974,5212.837134091677
forecast_7393,2025-11-05 01:00:00,6917.9424048583705,6692.591271045643,3995.206839689527
forecast_7394,2025-11-05 02:00:00,5621.341500248314,5133.908075732344,3829.4035762192216
forecast_7395,2025-11-05 03:00:00,4231.543829567479,4045.005502712703,3738.093769576677
forecast_7396,2025-11-05 04:00:00,4320.262787034374,4242.299636331395,3625.1317060156516
forecast_7397,2025-11-05 05:00:00,3663.3070259540295,3504.0817853315,2959.9252419266145
forecast_7398,2025-11-05 06:00:00,2912.8652851451793,2798.07133012343,1668.5990240888473
forecast_7399,2025-11-05 07:00:00,2982.8485464394985,2583.319096426899,19.065170942045775
forecast_7400,2025-11-05 08:00:00,3642.1580765776644,3465.466664090411,17.24846227156684
forecast_7401,2025-11-05 09:00:00,3309.668282415878,3236.44667882623,13.092882377565301
forecast_7402,2025-11-05 10:00:00,3766.436186868632,3251.934549348839,1116.8438261519616
forecast_7403,2025-11-05 11:00:00,4671.934906796862,4386.7407947073425,19.103676854136893
forecast_7404,2025-11-05 12:00:00,4408.022638624075,2941.5851295393613,15.108946339377729
forecast_7405,2025-11-05 13:00:00,4418.245528934498,2589.839887379701,7.238233566190142
forecast_7406,2025-11-05 14:00:00,4513.599427893508,2545.8558346597824,6.632357461834943
forecast_7407,2025-11-05 15:00:00,1966.7863446326094,11.833368164980044,6.180334608760978
forecast_7408,2025-11-05 16:00:00,1818.0296498006705,15.362465657763194,7.822748999953324
forecast_7409,2025-11-05 17:00:00,2206.5760222225103,2260.6432909426467,6.913009590258822
forecast_7410,2025-11-05 18:00:00,2830.369147931338,2691.3748747143586,7.103982228550816
forecast_7411,2025-11-05 19:00:00,3469.9671150054337,3467.049859677884,882.0920275572996
forecast_7412,2025-11-05 20:00:00,3862.898730762397,3579.084594966612,1875.9677246102808
forecast_7413,2025-11-05 21:00:00,3717.808924328358,3361.8863410253753,1369.6328598644666
forecast_7414,2025-11-05 22:00:00,3484.6885863237258,3319.8773932481254,845.9747395701037
forecast_7415,2025-11-05 23:00:00,3290.88990497335,3315.8718454851237,4045.6763784544614
forecast_7416,2025-11-06 00:00:00,3547.4047629639763,2900.496196078021,3590.1852986955405
forecast_7417,2025-11-06 01:00:00,3740.0078816088767,3874.2201225748936,3944.0008364731643
forecast_7418,2025-11-06 02:00:00,3896.852396723535,3933.561722828114,3783.965656531631
forecast_7419,2025-11-06 03:00:00,5489.685976568422,5221.502269626226,3762.886704457172
forecast_7420,2025-11-06 04:00:00,6705.848065988027,6089.104101926203,3970.8803759321286
forecast_7421,2025-11-06 05:00:00,7631.676270154835,6805.806305718816,4005.5602000444173
forecast_7422,2025-11-06 06:00:00,7369.334432473509,6362.440515697615,3797.7464304338437
forecast_7423,2025-11-06 07:00:00,5489.171757725504,5217.373126486376,3813.6778624633266
forecast_7424,2025-11-06 08:00:00,4144.728964191921,4033.4442876659277,3744.6774769040517
forecast_7425,2025-11-06 09:00:00,3860.665521136124,3757.6948895243063,3592.0014804767566
forecast_7426,2025-11-06 10:00:00,3615.8329154845605,3873.7003820986406,3413.121678697476
forecast_7427,2025-11-06 11:00:00,2801.9812036779217,3099.494357839829,2131.8773478370385
forecast_7428,2025-11-06 12:00:00,3274.505984642155,3218.3216599202974,36.4922899859447
forecast_7429,2025-11-06 13:00:00,3499.0700971427054,3086.9238118978033,21.451071803741122
forecast_7430,2025-11-06 14:00:00,3208.8019480855146,2891.1106078284447,1071.5050607355504
forecast_7431,2025-11-06 15:00:00,3157.3250797195624,2679.4757165834226,21.188721944321728
forecast_7432,2025-11-06 16:00:00,2899.293002145447,3026.169505057681,1680.172765173096
forecast_7433,2025-11-06 17:00:00,2970.204689599501,2985.1798990898146,223.2118428408373
forecast_7434,2025-11-06 18:00:00,3451.641185008402,3446.7688618794155,1248.3492393730642
forecast_7435,2025-11-06 19:00:00,3278.6767968848794,3260.778345410655,2203.5885779007203
forecast_7436,2025-11-06 20:00:00,3092.833606771606,3273.2927525454725,1053.1009423028638
forecast_7437,2025-11-06 21:00:00,3930.425593398321,3808.597915309814,2221.840918476165
forecast_7438,2025-11-06 22:00:00,3651.0394706622437,3626.1746549161894,2195.0361269078076
forecast_7439,2025-11-06 23:00:00,3618.3797485401346,3538.105368344612,1108.5948564959037
forecast_7440,2025-11-07 00:00:00,3353.558544496952,3609.8743245845612,1598.3153579414004
forecast_7441,2025-11-07 01:00:00,3766.292504433506,3415.027422963475,2790.6642820287375
forecast_7442,2025-11-07 02:00:00,3793.9846844167646,3963.9749049380944,3512.77559800765
forecast_7443,2025-11-07 03:00:00,5255.463950207324,4959.117055123482,3743.5232534173288
forecast_7444,2025-11-07 04:00:00,4859.198627163033,4866.693409942428,4014.9540703966227
forecast_7445,2025-11-07 05:00:00,4069.4136184829194,3923.8383242474174,3753.643705153116
forecast_7446,2025-11-07 06:00:00,4229.972118607192,4128.45812835598,3771.2958427819226
forecast_7447,2025-11-07 07:00:00,4778.540755597368,4633.551947398853,3675.7013695865053
forecast_7448,2025-11-07 08:00:00,3224.369662980895,3472.587370222134,2619.281782727672
forecast_7449,2025-11-07 09:00:00,2676.5562447245543,2950.879024268725,34.90423228399324
forecast_7450,2025-11-07 10:00:00,1630.3590290419957,2298.942779300333,7.143175289746439
forecast_7451,2025-11-07 11:00:00,1193.1350774272812,1917.9680653994658,3.7166597424676566
forecast_7452,2025-11-07 12:00:00,27.916036053329876,14.407184261164499,9.452150668699314
forecast_7453,2025-11-07 13:00:00,95.6395838273065,87.41804368183438,52.74305793907675
forecast_7454,2025-11-07 14:00:00,1470.488347626441,1155.0651078520814,164.7616334012251
forecast_7455,2025-11-07 15:00:00,1838.7042849403238,3200.814586319757,2475.9355486961504
forecast_7456,2025-11-07 16:00:00,3026.775862255646,3751.7438116630315,2987.438990341091
forecast_7457,2025-11-07 17:00:00,2839.3889565816103,3429.900658224414,2562.2440271021615
forecast_7458,2025-11-07 18:00:00,3188.288806255039,3733.943467857735,2945.271840500732
forecast_7459,2025-11-07 19:00:00,3322.06363390184,3578.954686647892,2844.781010799464
forecast_7460,2025-11-07 20:00:00,3236.82600855747,3444.5381377942476,3188.1172338686215
forecast_7461,2025-11-07 21:00:00,3361.697938229135,3505.2306790194043,3163.1370262264904
forecast_7462,2025-11-07 22:00:00,3317.029431409681,3596.3916414276778,3134.3751117508905
forecast_7463,2025-11-07 23:00:00,3271.0077761591506,3699.8250746671647,3070.8051281852263
forecast_7464,2025-11-08 00:00:00,3280.240261299279,3676.477523628288,3040.5907724806953
forecast_7465,2025-11-08 01:00:00,3522.5727638126414,3509.3064356211976,3310.37504094626
forecast_7466,2025-11-08 02:00:00,3398.7154983448104,3391.4192781105676,3178.148312089973
forecast_7467,2025-11-08 03:00:00,3347.2777182783493,3339.68428947582,3058.7276210527
forecast_7468,2025-11-08 04:00:00,3230.4937854071554,3381.537316841717,2527.9624674970273
forecast_7469,2025-11-08 05:00:00,3517.9796969924514,3513.8377303859506,2870.051495045885
forecast_7470,2025-11-08 06:00:00,3693.031069777681,3585.8136034442127,3146.064973225043
forecast_7471,2025-11-08 07:00:00,3804.0801510068477,3701.973238859488,3321.636043988881
forecast_7472,2025-11-08 08:00:00,3982.1299544053236,3881.8776504146504,3517.698474132986
forecast_7473,2025-11-08 09:00:00,4245.909321941862,3969.414299158809,3302.057216589504
forecast_7474,2025-11-08 10:00:00,3958.4841453334006,3905.651966178254,3549.1270233886253
forecast_7475,2025-11-08 11:00:00,3592.0134902731015,3709.0564684735114,3542.314102975724
forecast_7476,2025-11-08 12:00:00,3800.4252377542134,3653.800807944242,3330.88964047867
forecast_7477,2025-11-08 13:00:00,3952.3872741008004,3866.144021868405,3497.1380028697445
forecast_7478,2025-11-08 14:00:00,3968.168004896476,4135.00681201526,3845.489679234658
forecast_7479,2025-11-08 15:00:00,3984.9503213702533,3873.5745287783407,3675.231371962938
forecast_7480,2025-11-08 16:00:00,3844.385522857365,3739.2693489736316,3582.6711119002107
forecast_7481,2025-11-08 17:00:00,3733.7985614540853,3742.8532611410023,3672.438254946374
forecast_7482,2025-11-08 18:00:00,3896.0943292034945,4060.581374288332,3464.8567630467205
forecast_7483,2025-11-08 19:00:00,3847.855902293288,3920.677630132077,3315.636717848104
forecast_7484,2025-11-08 20:00:00,3933.9638776751567,3983.2310578305,3544.640057303685
forecast_7485,2025-11-08 21:00:00,4654.655167619448,5032.423584160799,3844.5063371850974
forecast_7486,2025-11-08 22:00:00,6196.979321758009,6507.410119218361,4673.738081277764
forecast_7487,2025-11-08 23:00:00,7425.976710563294,9449.658617426414,5833.712391156226
forecast_7488,2025-11-09 00:00:00,7459.9099871726785,8952.842555665573,6578.805703788248
forecast_7489,2025-11-09 01:00:00,9260.239075601618,9847.27678275872,7042.694874321698
forecast_7490,2025-11-09 02:00:00,9225.55960962437,9678.803702632076,6763.2794829499
forecast_7491,2025-11-09 03:00:00,10100.835723596027,10503.365228383564,6157.084926514615
forecast_7492,2025-11-09 04:00:00,10978.135165476344,11372.463610405652,7194.193665213528
forecast_7493,2025-11-09 05:00:00,12255.600170752043,12920.497234958359,8413.354929512732
forecast_7494,2025-11-09 06:00:00,14699.44850611175,14367.99699384845,10126.344970218586
forecast_7495,2025-11-09 07:00:00,15126.92672029838,14654.588202580462,11351.250809769414
forecast_7496,2025-11-09 08:00:00,15669.084853890992,15319.26887205138,11767.666228180631
forecast_7497,2025-11-09 09:00:00,16164.531241803905,15681.801641826247,12290.587280623324
forecast_7498,2025-11-09 10:00:00,13756.93371747166,16071.038627494865,12520.915268182462
forecast_7499,2025-11-09 11:00:00,12882.48515140509,13433.115842346971,11281.80440244681
forecast_7500,2025-11-09 12:00:00,12426.83428767392,12762.806168340034,10671.760005104683
forecast_7501,2025-11-09 13:00:00,12828.605609503846,12645.982857512696,9906.286280948492
forecast_7502,2025-11-09 14:00:00,12636.376082254674,13066.045022204971,9940.490927127992
forecast_7503,2025-11-09 15:00:00,13328.996556040365,13073.836603489566,10224.56222248701
forecast_7504,2025-11-09 16:00:00,13904.675246004726,14078.500779923128,10296.57127742939
forecast_7505,2025-11-09 17:00:00,13497.641148190924,14015.371995430498,10357.021670330112
forecast_7506,2025-11-09 18:00:00,14186.955705214179,15086.541832366542,11320.463875008636
forecast_7507,2025-11-09 19:00:00,15237.252835660405,15822.499460101268,12377.335591757894
forecast_7508,2025-11-09 20:00:00,16472.44947151233,16817.84530576249,13806.2828853678
forecast_7509,2025-11-09 21:00:00,16797.768182100215,17493.488803071366,14624.753439866688
forecast_7510,2025-11-09 22:00:00,16103.540729844104,16928.125123634123,13428.290831140504
forecast_7511,2025-11-09 23:00:00,15163.770698856659,15762.657566537871,12442.242615540885
forecast_7512,2025-11-10 00:00:00,14782.098582559795,14830.8113180154,11944.993844361468
forecast_7513,2025-11-10 01:00:00,14414.874985754626,15446.8825535222,11310.835214034889
forecast_7514,2025-11-10 02:00:00,14359.263143071548,13895.835159724827,11891.037084746076
forecast_7515,2025-11-10 03:00:00,14513.257926312306,14456.621604592227,11604.520496462113
forecast_7516,2025-11-10 04:00:00,14308.29727660836,14671.933839353565,11918.76393556939
forecast_7517,2025-11-10 05:00:00,14217.066768182363,14681.621080902269,12681.420014612926
forecast_7518,2025-11-10 06:00:00,15179.176894336126,15662.584747661771,13833.401938137451
forecast_7519,2025-11-10 07:00:00,15794.252288607857,16381.382746707277,14485.16095665833
forecast_7520,2025-11-10 08:00:00,16010.238011907339,17109.330952567998,13828.16105923869
forecast_7521,2025-11-10 09:00:00,15182.486521860288,16348.569346516568,12735.53937213348
forecast_7522,2025-11-10 10:00:00,13838.554332329475,14595.2958506697,10888.916216085354
forecast_7523,2025-11-10 11:00:00,11518.679153614885,12118.400041589532,9468.09584607556
forecast_7524,2025-11-10 12:00:00,9641.538987426904,10107.938097554057,7546.2188850805105
forecast_7525,2025-11-10 13:00:00,8399.457927970903,8154.612587730039,5097.793413935128
forecast_7526,2025-11-10 14:00:00,6755.260533217471,6850.980683218552,4076.095636836465
forecast_7527,2025-11-10 15:00:00,6936.102551824403,7042.115178290016,4055.5080263610903
forecast_7528,2025-11-10 16:00:00,7556.396904343049,7581.056200406616,4519.015494505106
forecast_7529,2025-11-10 17:00:00,9978.07542734078,10030.724251524714,5692.825468529299
forecast_7530,2025-11-10 18:00:00,12835.425296940233,13281.695077533643,8675.234218612526
forecast_7531,2025-11-10 19:00:00,15475.366934780639,15796.995692490855,11624.808150690933
forecast_7532,2025-11-10 20:00:00,17135.396196175912,17411.013241826768,13993.59108768651
forecast_7533,2025-11-10 21:00:00,18416.881152404447,17762.711396389805,14575.349325327303
forecast_7534,2025-11-10 22:00:00,18709.10279672198,18711.142302936696,14611.86986922369
forecast_7535,2025-11-10 23:00:00,18809.11748510149,18852.105414811118,14981.248880462905
forecast_7536,2025-11-11 00:00:00,18749.296690603558,18920.401991808478,14814.920833761322
forecast_7537,2025-11-11 01:00:00,18675.957444259704,18216.316358770193,15010.240350616883
forecast_7538,2025-11-11 02:00:00,18598.870664551803,18483.708616299864,14693.510672392762
forecast_7539,2025-11-11 03:00:00,17550.584053895112,17598.590488560592,13355.979081823421
forecast_7540,2025-11-11 04:00:00,16149.490703354659,16589.934392724503,11542.533879727154
forecast_7541,2025-11-11 05:00:00,12970.251006021741,13269.953114431844,8216.416317919624
forecast_7542,2025-11-11 06:00:00,9604.582561768779,9743.9949212441,5871.807913197364
forecast_7543,2025-11-11 07:00:00,6979.347427835086,6844.111924844791,4062.6379730351114
forecast_7544,2025-11-11 08:00:00,4949.9422156984965,4564.795225601924,3752.0226334958716
forecast_7545,2025-11-11 09:00:00,4487.774770727811,4172.212193611468,3909.5666503751736
forecast_7546,2025-11-11 10:00:00,4187.467180214586,3992.661724885696,3840.1743539893027
forecast_7547,2025-11-11 11:00:00,3927.0427941378907,3873.4930542864113,3754.2199086190526
forecast_7548,2025-11-11 12:00:00,4525.887524727762,4463.365346333929,4445.215973898877
forecast_7549,2025-11-11 13:00:00,3842.871393534188,3730.562158711781,3663.500714231219
forecast_7550,2025-11-11 14:00:00,3262.8030044401025,3254.0956507149813,3218.1184991481027
forecast_7551,2025-11-11 15:00:00,3733.1319544180783,3503.9586794970755,3066.0633054685413
forecast_7552,2025-11-11 16:00:00,3499.2116482508623,3377.7648253948064,2741.030827872093
forecast_7553,2025-11-11 17:00:00,3419.9921646940256,3317.5469886979436,2778.2658220394796
forecast_7554,2025-11-11 18:00:00,3324.0055532332854,3061.6370681621643,2991.2808241760986
forecast_7555,2025-11-11 19:00:00,3476.668543466492,3288.0303419960237,3509.4398556145734
forecast_7556,2025-11-11 20:00:00,3735.2715596355765,3692.731381359096,2802.7426480671265
forecast_7557,2025-11-11 21:00:00,3692.994742383767,3608.85993801301,1013.7193385648304
forecast_7558,2025-11-11 22:00:00,3223.8396032778046,2516.848302122948,1326.9875040279642
forecast_7559,2025-11-11 23:00:00,2843.6498241602685,2611.2212239330283,2734.2901225988785
forecast_7560,2025-11-12 00:00:00,2759.766223588763,2539.764428512787,1397.6182846486502
forecast_7561,2025-11-12 01:00:00,3246.008524769083,3363.5385000117176,3295.7637280482495
forecast_7562,2025-11-12 02:00:00,3680.8308718239055,3309.3409334184744,3612.122128227466
forecast_7563,2025-11-12 03:00:00,3439.767186530558,3341.8467111847826,3723.9689013966213
forecast_7564,2025-11-12 04:00:00,3734.7390301529385,3537.1127619185013,3472.518737275229
forecast_7565,2025-11-12 05:00:00,3814.8822631505845,3751.262396994617,3335.632734660876
forecast_7566,2025-11-12 06:00:00,4896.920759377216,4716.862917866834,3759.2189734735543
forecast_7567,2025-11-12 07:00:00,5269.35986038552,5459.814463381445,3814.1934820230153
forecast_7568,2025-11-12 08:00:00,4975.518165316921,4590.468996071487,3651.322578288752
forecast_7569,2025-11-12 09:00:00,6676.333296127445,6536.592157896933,3770.0759219249044
forecast_7570,2025-11-12 10:00:00,5318.233599585028,5747.431606625205,3993.029573078077
forecast_7571,2025-11-12 11:00:00,4881.6484094235875,4862.148959855352,3944.7127742103153
forecast_7572,2025-11-12 12:00:00,4335.245384587929,4225.017820214237,3924.05424772531
forecast_7573,2025-11-12 13:00:00,4260.949761817212,4567.255007981411,4126.763096053762
forecast_7574,2025-11-12 14:00:00,4376.891767877165,4407.362788862139,3949.61417514078
forecast_7575,2025-11-12 15:00:00,4469.459831295973,4330.4888670816445,4059.8101616306235
forecast_7576,2025-11-12 16:00:00,5073.374567215742,4920.735277989272,4361.75846317025
forecast_7577,2025-11-12 17:00:00,6953.523000233848,7200.068704319651,6185.743377506038
forecast_7578,2025-11-12 18:00:00,9924.764485020965,9860.785274616086,8399.367941387996
forecast_7579,2025-11-12 19:00:00,12911.645750111447,13215.69151783717,10801.497064806343
forecast_7580,2025-11-12 20:00:00,14845.771699949082,14929.635666369008,11895.367407065141
forecast_7581,2025-11-12 21:00:00,16254.401745016996,16236.06762613601,12912.913038243676
forecast_7582,2025-11-12 22:00:00,17560.676653868217,17179.12953373368,14044.968814929372
forecast_7583,2025-11-12 23:00:00,18366.594779919786,17885.51145226027,15420.117137943327
forecast_7584,2025-11-13 00:00:00,19003.15356578247,18692.346527885155,15895.232414632366
forecast_7585,2025-11-13 01:00:00,18921.24238990095,18883.009789308624,16042.026310742573
forecast_7586,2025-11-13 02:00:00,19154.849450589172,18835.51940865003,16230.59741311443
forecast_7587,2025-11-13 03:00:00,18662.032248174426,18608.55090706678,16542.494235636586
forecast_7588,2025-11-13 04:00:00,17925.071534688486,17989.742761051413,16093.0262965895
forecast_7589,2025-11-13 05:00:00,16538.59959599065,16910.059071388634,14876.63479391986
forecast_7590,2025-11-13 06:00:00,15809.016128083118,16332.181199118082,13781.18949831152
forecast_7591,2025-11-13 07:00:00,14352.28309546027,15428.86299292157,12807.72298030347
forecast_7592,2025-11-13 08:00:00,13952.71512305146,14720.593090736265,11043.90528299614
forecast_7593,2025-11-13 09:00:00,12577.82458325617,13686.475424962304,10061.873442735718
forecast_7594,2025-11-13 10:00:00,11613.359046927664,13363.32282399762,9669.603768737812
forecast_7595,2025-11-13 11:00:00,10721.917706253766,12840.3768520933,8758.469504625651
forecast_7596,2025-11-13 12:00:00,10115.725216659206,10559.410615057606,6603.156859659179
forecast_7597,2025-11-13 13:00:00,7131.409297624032,7661.855541088785,4605.865126267819
forecast_7598,2025-11-13 14:00:00,4882.424340956635,4697.4674423280585,3756.6392006349397
forecast_7599,2025-11-13 15:00:00,4045.516672754435,3971.710113887518,3724.4432357366154
forecast_7600,2025-11-13 16:00:00,4070.1782813226214,3892.581402045042,3794.9017507022386
forecast_7601,2025-11-13 17:00:00,5031.626230594117,5377.119594865301,3852.408297259427
forecast_7602,2025-11-13 18:00:00,6175.429186321949,6042.386061187786,3931.3948700976853
forecast_7603,2025-11-13 19:00:00,5984.5996324576945,5760.467762168819,4023.8674104776364
forecast_7604,2025-11-13 20:00:00,5185.179361376054,5498.967272165439,3780.298469751676
forecast_7605,2025-11-13 21:00:00,5346.152228593856,5477.114614563984,3904.6781941295912
forecast_7606,2025-11-13 22:00:00,6203.762665997516,6497.718437056074,4340.393010051417
forecast_7607,2025-11-13 23:00:00,7046.425283276481,7256.839845443751,4549.93603664039
forecast_7608,2025-11-14 00:00:00,7506.446701506987,7876.353724965974,4809.643982909611
forecast_7609,2025-11-14 01:00:00,4276.3372148946455,4398.471380925538,3709.861898002588
forecast_7610,2025-11-14 02:00:00,4412.08494823745,4522.647752194492,3895.9626999624084
forecast_7611,2025-11-14 03:00:00,4440.570238496185,4289.776164708242,3704.07612058358
forecast_7612,2025-11-14 04:00:00,4902.264137313583,4564.530909357725,3589.7641516097
forecast_7613,2025-11-14 05:00:00,5534.35031400387,4973.425909088639,3684.725367623108
forecast_7614,2025-11-14 06:00:00,6224.345965310574,4688.958224016137,3612.045503261923
forecast_7615,2025-11-14 07:00:00,5051.89143780297,3915.0188660555714,3762.063265816269
forecast_7616,2025-11-14 08:00:00,4050.8007345911974,3831.8383702974593,3784.5933679428244
forecast_7617,2025-11-14 09:00:00,4065.2204340182725,3860.8646128789387,3975.622263740413
forecast_7618,2025-11-14 10:00:00,4098.0882005305175,3971.5905611880244,3817.065626918899
forecast_7619,2025-11-14 11:00:00,4081.2581341771306,4032.2883843834666,3806.331316319406
forecast_7620,2025-11-14 12:00:00,3996.1525430991833,3924.334428806463,3923.9557074398795
forecast_7621,2025-11-14 13:00:00,3873.3394784699262,3842.5052244370913,3867.9900368021304
forecast_7622,2025-11-14 14:00:00,3967.0876583836634,3882.9908858606514,3796.701328178833
forecast_7623,2025-11-14 15:00:00,3890.3680005425017,3906.8683807345087,3931.760230109714
forecast_7624,2025-11-14 16:00:00,3978.1436675089494,3933.8397237852023,3739.7838481753793
forecast_7625,2025-11-14 17:00:00,4193.3149745632645,4221.771987027145,3783.9025227590773
forecast_7626,2025-11-14 18:00:00,5823.518458007788,6234.847390742528,4441.983630099437
forecast_7627,2025-11-14 19:00:00,7773.484997130278,7949.323358642735,5389.09101513193
forecast_7628,2025-11-14 20:00:00,9090.46455713764,9290.51376671342,6096.815397805875
forecast_7629,2025-11-14 21:00:00,9584.401514027446,9154.021312161618,6375.595772966166
forecast_7630,2025-11-14 22:00:00,9657.626006380331,9419.882298600452,6283.561405926325
forecast_7631,2025-11-14 23:00:00,8437.564066103074,8497.829960059044,5768.141697071405
forecast_7632,2025-11-15 00:00:00,8370.997963832482,7932.712402309931,5748.621456315492
forecast_7633,2025-11-15 01:00:00,6693.167082206882,6447.7214748301085,4510.542801923945
forecast_7634,2025-11-15 02:00:00,6740.247704606233,6304.964395462664,4322.651354792823
forecast_7635,2025-11-15 03:00:00,6031.231547376285,5215.736450263214,4305.079795166832
forecast_7636,2025-11-15 04:00:00,5685.235414271518,5034.240020235234,4143.735100711235
forecast_7637,2025-11-15 05:00:00,5025.022783801966,4332.7819130289345,3901.2379406321193
forecast_7638,2025-11-15 06:00:00,4636.875235636894,3967.2357276729804,3725.571096902611
forecast_7639,2025-11-15 07:00:00,4048.993142412205,3859.629044566322,4207.359849630685
forecast_7640,2025-11-15 08:00:00,3921.552686579855,3906.3662868948522,3927.6102565923275
forecast_7641,2025-11-15 09:00:00,3821.7021285449664,4039.943997914599,3689.090381369575
forecast_7642,2025-11-15 10:00:00,5154.28818537902,5404.018556884999,4005.834685779212
forecast_7643,2025-11-15 11:00:00,3618.6868134009032,3758.601617258984,3194.349362176758
forecast_7644,2025-11-15 12:00:00,3135.665672957261,3262.641613104254,3119.449730726964
forecast_7645,2025-11-15 13:00:00,2970.5928483499324,3223.5332705749947,2792.5164243211157
forecast_7646,2025-11-15 14:00:00,3202.9927408454687,3020.1846979874017,3209.4778097864455
forecast_7647,2025-11-15 15:00:00,3813.5129734508214,3568.0326705589264,3545.2381746817937
forecast_7648,2025-11-15 16:00:00,4794.356408125935,4851.623201074572,3920.007599124264
forecast_7649,2025-11-15 17:00:00,5334.345480792448,6020.945277592039,3320.7095189513566
forecast_7650,2025-11-15 18:00:00,3902.295339072871,3829.815555002614,3983.928685818221
forecast_7651,2025-11-15 19:00:00,5195.912743219961,5221.400163586121,5342.815911568842
forecast_7652,2025-11-15 20:00:00,6453.228534582636,6655.728828208867,6476.57768969355
forecast_7653,2025-11-15 21:00:00,7121.870170050836,7207.291554559308,6988.19630896932
forecast_7654,2025-11-15 22:00:00,8104.678137982925,7809.531169069935,6788.82348256568
forecast_7655,2025-11-15 23:00:00,8466.428363207564,7886.45390196948,5801.392954600267
forecast_7656,2025-11-16 00:00:00,8309.392829232316,7997.431198090697,5607.8642066735765
forecast_7657,2025-11-16 01:00:00,8104.0041344352785,8276.041662335247,5902.428073896848
forecast_7658,2025-11-16 02:00:00,8432.28114550545,8278.276642529554,5986.210662929434
forecast_7659,2025-11-16 03:00:00,8453.198691338092,8354.613174338332,6072.109060448374
forecast_7660,2025-11-16 04:00:00,8581.775135763522,8484.896694124414,6509.504040657342
forecast_7661,2025-11-16 05:00:00,9052.66829762432,8901.14776559254,7573.991102275206
forecast_7662,2025-11-16 06:00:00,10068.39317298867,10346.423836222652,8142.394506421199
forecast_7663,2025-11-16 07:00:00,11286.712157948146,11784.260885986503,8969.499334261474
forecast_7664,2025-11-16 08:00:00,12098.987146163656,13251.656476629882,9763.487706570811
forecast_7665,2025-11-16 09:00:00,13391.251995127794,14525.808512742276,9836.950785345743
forecast_7666,2025-11-16 10:00:00,13291.955102805548,15399.888540044341,9441.855511449976
forecast_7667,2025-11-16 11:00:00,13814.49235285351,15325.685445959865,10753.951099815797
forecast_7668,2025-11-16 12:00:00,13179.881112511714,16042.74491209628,11629.098163559007
forecast_7669,2025-11-16 13:00:00,14868.952871850013,15909.422164965594,12590.856873361114
forecast_7670,2025-11-16 14:00:00,14643.797590059105,15723.838326275663,13422.901110086117
forecast_7671,2025-11-16 15:00:00,15190.51510308396,15960.291210636198,14366.999039240363
forecast_7672,2025-11-16 16:00:00,16557.76058778311,17675.678844331167,16173.017873566694
forecast_7673,2025-11-16 17:00:00,18145.07937312472,18903.742556384666,16702.797494433828
forecast_7674,2025-11-16 18:00:00,19208.817599192993,19395.800392519785,19363.454662118977
forecast_7675,2025-11-16 19:00:00,19938.697833943013,19886.02986030127,19343.40540673858
forecast_7676,2025-11-16 20:00:00,19894.140515550353,19916.27984896548,19696.450622001375
forecast_7677,2025-11-16 21:00:00,19904.191069302684,19886.347675633482,19743.69492119192
forecast_7678,2025-11-16 22:00:00,19883.010532051972,20210.95999569442,19752.47537905389
forecast_7679,2025-11-16 23:00:00,19788.339326809128,20219.020785516786,19455.79234016663
forecast_7680,2025-11-17 00:00:00,19797.485309606753,20147.794509131647,19338.53928767415
forecast_7681,2025-11-17 01:00:00,20002.0698158841,19990.120312555104,19341.524405757744
forecast_7682,2025-11-17 02:00:00,19884.766857675557,19871.101472225553,19111.697350614188
forecast_7683,2025-11-17 03:00:00,19918.128695388168,19911.69414075689,18681.168727363533
forecast_7684,2025-11-17 04:00:00,19888.49448134216,19892.166938009977,18450.866101362448
forecast_7685,2025-11-17 05:00:00,19907.823697194068,19842.31341900344,18770.937719652215
forecast_7686,2025-11-17 06:00:00,19889.317516814866,19482.378647655576,18716.548824321322
forecast_7687,2025-11-17 07:00:00,19895.053129280706,19209.960028026395,18478.33368439649
forecast_7688,2025-11-17 08:00:00,19150.08520877096,18834.01948425319,16928.458140812247
forecast_7689,2025-11-17 09:00:00,18138.274334000496,18171.31449614679,14748.5141443094
forecast_7690,2025-11-17 10:00:00,15819.302855159081,16854.886465024072,13529.448001192217
forecast_7691,2025-11-17 11:00:00,14482.98892697881,15993.369722189995,11800.231814332848
forecast_7692,2025-11-17 12:00:00,14280.30850882402,15133.495345629844,11165.218039888032
forecast_7693,2025-11-17 13:00:00,14142.380191407672,14514.349014086187,10471.16882981325
forecast_7694,2025-11-17 14:00:00,13513.346718330227,13925.20434869929,10106.531409706497
forecast_7695,2025-11-17 15:00:00,13173.665357659029,13826.666331990235,9963.376261735091
forecast_7696,2025-11-17 16:00:00,13074.050524472736,13622.218824023059,9894.27978878798
forecast_7697,2025-11-17 17:00:00,13131.7972108765,14340.163653582944,10461.974906035895
forecast_7698,2025-11-17 18:00:00,13082.900420963057,14832.679080525115,10508.961763561958
forecast_7699,2025-11-17 19:00:00,13802.690665224694,15361.350949068445,11670.874788599525
forecast_7700,2025-11-17 20:00:00,13832.26693120162,15113.083408127544,12130.608267949503
forecast_7701,2025-11-17 21:00:00,14632.899725960826,15672.410946828084,13214.418572557486
forecast_7702,2025-11-17 22:00:00,16507.025215144717,17817.851947189385,14282.738255559725
forecast_7703,2025-11-17 23:00:00,17426.739768415053,18058.39149032109,14967.516236052323
forecast_7704,2025-11-18 00:00:00,17596.642651133167,18249.394360109174,15093.237023167449
forecast_7705,2025-11-18 01:00:00,17413.334144019307,18485.3440438605,14843.162903886618
forecast_7706,2025-11-18 02:00:00,17441.5244369128,18224.078859906756,14713.820243558735
forecast_7707,2025-11-18 03:00:00,17644.84912999569,18387.743086351606,14871.007056815362
forecast_7708,2025-11-18 04:00:00,17722.370228735355,18497.85039651819,14877.864103687038
forecast_7709,2025-11-18 05:00:00,17563.41782823116,18438.030345404837,15092.728291800295
forecast_7710,2025-11-18 06:00:00,17147.55228612361,18177.102131894928,14853.597823677845
forecast_7711,2025-11-18 07:00:00,16694.62919684045,17729.364718197707,14830.569403942354
forecast_7712,2025-11-18 08:00:00,16400.999711337692,17482.860519012684,13817.0537093722
forecast_7713,2025-11-18 09:00:00,15706.170235904508,16914.550495712527,13104.404537040942
forecast_7714,2025-11-18 10:00:00,14280.412574526874,15053.569178199266,11279.973800542015
forecast_7715,2025-11-18 11:00:00,13086.41439140167,14313.334081562252,10349.575825107582
forecast_7716,2025-11-18 12:00:00,12026.647825475793,11974.336305255525,9658.949564437946
forecast_7717,2025-11-18 13:00:00,12117.16370002973,11905.378994538247,9676.577911286127
forecast_7718,2025-11-18 14:00:00,12150.703658021486,11696.196938943536,9411.836437878466
forecast_7719,2025-11-18 15:00:00,11720.502111433323,11444.825554286313,9057.355604150263
forecast_7720,2025-11-18 16:00:00,10429.210843556903,10160.1022992615,7865.959894799885
forecast_7721,2025-11-18 17:00:00,8271.351426163581,7298.516486368161,5814.326907272028
forecast_7722,2025-11-18 18:00:00,6046.384596635974,6139.0841254396755,4150.054786800743
forecast_7723,2025-11-18 19:00:00,6261.928216535647,6434.4437494287495,4243.473952405359
forecast_7724,2025-11-18 20:00:00,5434.984844017007,5594.117273021646,4145.330287482159
forecast_7725,2025-11-18 21:00:00,6604.283130654266,6501.103178061509,4750.477622084726
forecast_7726,2025-11-18 22:00:00,8225.56596332909,8522.524732922446,5853.610166508626
forecast_7727,2025-11-18 23:00:00,9914.685422974544,9930.027437028539,6858.109163366683
forecast_7728,2025-11-19 00:00:00,10354.717533051857,10390.905859894368,7686.7953057950335
forecast_7729,2025-11-19 01:00:00,11382.367960290549,11721.735370619941,7015.739072838177
forecast_7730,2025-11-19 02:00:00,11401.206164463167,11805.219255083635,6969.652803766543
forecast_7731,2025-11-19 03:00:00,9847.955652715194,10147.747265202343,6554.971307905793
forecast_7732,2025-11-19 04:00:00,7611.8271553743025,7091.136134096771,4939.9769931999
forecast_7733,2025-11-19 05:00:00,5115.652277514039,4668.933350511005,3688.029973292373
forecast_7734,2025-11-19 06:00:00,5237.757270134533,4609.952155116082,3863.6278529375472
forecast_7735,2025-11-19 07:00:00,4820.427898105672,4200.271101791204,3876.0838648371855
forecast_7736,2025-11-19 08:00:00,4075.79128721261,3839.061149261689,3685.979668933546
forecast_7737,2025-11-19 09:00:00,3952.0800076470905,3914.53276899556,3621.7408606373183
forecast_7738,2025-11-19 10:00:00,4168.555202051563,4458.388069957707,3620.1573975156016
forecast_7739,2025-11-19 11:00:00,3926.543890822193,4191.306969638935,3492.1359452220086
forecast_7740,2025-11-19 12:00:00,3545.0748649924644,3663.8230172918743,3243.114335888163
forecast_7741,2025-11-19 13:00:00,3186.3387738955375,3455.990199349546,3023.1300135803804
forecast_7742,2025-11-19 14:00:00,3671.9695753116334,3392.9379479907575,3451.315852000374
forecast_7743,2025-11-19 15:00:00,3975.450615282834,3845.7435785303883,3514.819169504015
forecast_7744,2025-11-19 16:00:00,3933.4022214639863,4006.8593452755263,3556.7634719905054
forecast_7745,2025-11-19 17:00:00,6005.879146943911,5921.32938550569,4650.154180402454
forecast_7746,2025-11-19 18:00:00,9334.93334012437,8991.773775735819,6551.911296777211
forecast_7747,2025-11-19 19:00:00,13216.438198880125,11724.144180827769,8852.854945494528
forecast_7748,2025-11-19 20:00:00,16327.9639306316,14572.793428742083,10917.612367237927
forecast_7749,2025-11-19 21:00:00,17887.153030351194,17561.979874024462,13652.917766472028
forecast_7750,2025-11-19 22:00:00,19898.49158101734,18978.830412911135,16190.333678747227
forecast_7751,2025-11-19 23:00:00,19945.246689690855,19897.93071905711,17354.26629065063
forecast_7752,2025-11-20 00:00:00,20295.62886894581,19918.746009072118,18035.74082413996
forecast_7753,2025-11-20 01:00:00,20323.717967973393,19990.847905152354,19064.033806027266
forecast_7754,2025-11-20 02:00:00,20320.1316186581,19900.84314264155,19313.703551814193
forecast_7755,2025-11-20 03:00:00,20312.404335357493,20144.004057295566,19371.508081909396
forecast_7756,2025-11-20 04:00:00,20053.760902553306,20027.799690544703,18776.692396369584
forecast_7757,2025-11-20 05:00:00,20034.625889749073,19954.926929432353,17448.338555323826
forecast_7758,2025-11-20 06:00:00,20287.403002623254,20231.509168960267,18711.33022861767
forecast_7759,2025-11-20 07:00:00,20233.028640923098,20087.359950580638,18896.83455992682
forecast_7760,2025-11-20 08:00:00,20323.762275796093,20248.16882690038,19340.94704458928
forecast_7761,2025-11-20 09:00:00,19879.784829338783,19897.782185475247,19333.39802462397
forecast_7762,2025-11-20 10:00:00,19106.956543453663,19881.39413924838,19249.623029988878
forecast_7763,2025-11-20 11:00:00,18551.206601141348,19885.47217077391,17865.13001313951
forecast_7764,2025-11-20 12:00:00,18294.388532172306,19202.95857719421,17285.835230302284
forecast_7765,2025-11-20 13:00:00,18122.048029544196,19912.58544399466,17042.67188882094
forecast_7766,2025-11-20 14:00:00,17963.260685306297,18808.8331311081,16785.860263763036
forecast_7767,2025-11-20 15:00:00,17860.605379246448,18761.561181079618,16866.602258811916
forecast_7768,2025-11-20 16:00:00,18610.05374198783,18383.790821383955,17204.258242773732
forecast_7769,2025-11-20 17:00:00,19502.668566163564,18928.261065416467,17718.97107786498
forecast_7770,2025-11-20 18:00:00,19690.441284382858,19207.431922823624,17765.192314432188
forecast_7771,2025-11-20 19:00:00,19656.696594408215,19248.134108360213,17848.99940179503
forecast_7772,2025-11-20 20:00:00,19902.380091278395,19454.511979264083,17780.319405174127
forecast_7773,2025-11-20 21:00:00,19937.844124577252,19346.0465448918,17818.906957362513
forecast_7774,2025-11-20 22:00:00,18881.335056153574,19289.96998757974,17583.605665351275
forecast_7775,2025-11-20 23:00:00,18482.488487353843,19080.257769312866,17652.23445087371
forecast_7776,2025-11-21 00:00:00,18119.109595794678,18767.16449679396,18080.544181059216
forecast_7777,2025-11-21 01:00:00,18020.868394340974,18869.32689533137,16698.338544382543
forecast_7778,2025-11-21 02:00:00,17738.332998171605,18667.43855938919,16083.655366729492
forecast_7779,2025-11-21 03:00:00,17206.38809283837,18398.896824864674,15649.237118118375
forecast_7780,2025-11-21 04:00:00,17779.21207137809,18543.400170646393,15853.02355844985
forecast_7781,2025-11-21 05:00:00,18331.9788364042,18603.8237260942,15704.508147836234
forecast_7782,2025-11-21 06:00:00,18567.019436101964,18541.979859473882,16306.215899664656
forecast_7783,2025-11-21 07:00:00,18639.641747217778,18421.908265035072,16205.205436954206
forecast_7784,2025-11-21 08:00:00,18492.041814996624,18357.058955545242,15329.195661843693
forecast_7785,2025-11-21 09:00:00,17508.057686725133,17939.781698931532,14237.14894416288
forecast_7786,2025-11-21 10:00:00,16558.206698611753,17851.209853307122,13248.299494026616
forecast_7787,2025-11-21 11:00:00,15451.981792545837,16705.06574831273,12355.141339770793
forecast_7788,2025-11-21 12:00:00,15056.787697700085,15774.08222497626,11631.311865781334
forecast_7789,2025-11-21 13:00:00,15046.420717148161,15669.774427578786,11533.464290594426
forecast_7790,2025-11-21 14:00:00,15628.624640792703,16287.486754911479,11864.582496142235
forecast_7791,2025-11-21 15:00:00,16290.675193639618,17125.95177611153,13270.146353026561
forecast_7792,2025-11-21 16:00:00,16663.629778186954,18078.330765671024,14434.029210844905
forecast_7793,2025-11-21 17:00:00,16999.874737543436,18658.508600164165,15524.622645387142
forecast_7794,2025-11-21 18:00:00,17357.886026327447,19621.958590306003,16189.381487565908
forecast_7795,2025-11-21 19:00:00,17885.356628014688,19743.06579869943,16385.190277283054
forecast_7796,2025-11-21 20:00:00,18115.553391557656,19778.922820350468,17014.746766545206
forecast_7797,2025-11-21 21:00:00,18471.68995872333,19891.306119978875,16906.75654152358
forecast_7798,2025-11-21 22:00:00,18541.95801861208,19891.722571828894,18141.994511112185
forecast_7799,2025-11-21 23:00:00,18633.55901733615,19892.448155237314,17516.4320184063
forecast_7800,2025-11-22 00:00:00,18696.086550516648,19877.391897379894,17440.00686791737
forecast_7801,2025-11-22 01:00:00,17667.515067967146,18892.05999196492,15978.97431712969
forecast_7802,2025-11-22 02:00:00,17942.537335495468,18874.0730467093,15792.558370442315
forecast_7803,2025-11-22 03:00:00,17950.228794469727,18924.38746192317,15789.522654202952
forecast_7804,2025-11-22 04:00:00,18402.066753777144,18982.399501651093,15816.529180485084
forecast_7805,2025-11-22 05:00:00,18897.417405315035,19211.164160340795,16335.391990026397
forecast_7806,2025-11-22 06:00:00,19825.022155443436,19912.3517250336,17776.891067603337
forecast_7807,2025-11-22 07:00:00,19914.29992214268,19910.3574738998,17809.034481046896
forecast_7808,2025-11-22 08:00:00,19812.070514885523,19248.03797685903,16522.75581129479
forecast_7809,2025-11-22 09:00:00,17928.774009663503,18410.03406207858,13579.197169216985
forecast_7810,2025-11-22 10:00:00,15238.920524338659,15573.348146391845,12288.818688572277
forecast_7811,2025-11-22 11:00:00,13324.65177663919,13953.011407303891,11875.51004878409
forecast_7812,2025-11-22 12:00:00,12579.280520030083,13034.094139004503,11214.633464878054
forecast_7813,2025-11-22 13:00:00,12710.22603262774,13224.492599318735,11426.792430255298
forecast_7814,2025-11-22 14:00:00,12645.541409643825,13788.181208249,12151.991410489152
forecast_7815,2025-11-22 15:00:00,13477.984987999283,13983.99021571923,13027.297768379232
forecast_7816,2025-11-22 16:00:00,13888.888550663696,14918.359832061691,13961.973338915583
forecast_7817,2025-11-22 17:00:00,15338.21499603195,16704.590069599468,15364.435866419615
forecast_7818,2025-11-22 18:00:00,18223.245016470726,17252.37473738875,17075.522355915586
forecast_7819,2025-11-22 19:00:00,19656.498513242746,19438.46708851425,18243.225945621918
forecast_7820,2025-11-22 20:00:00,19688.348575248205,19262.851704756755,19086.954695496803
forecast_7821,2025-11-22 21:00:00,19905.294558514313,19896.69312725938,19344.945946018655
forecast_7822,2025-11-22 22:00:00,19944.080078947267,19882.418453248767,19338.20243551629
forecast_7823,2025-11-22 23:00:00,20198.234329436837,19902.125759624174,19340.4113791971
forecast_7824,2025-11-23 00:00:00,20313.81641340425,20292.60619122459,19328.2229308741
forecast_7825,2025-11-23 01:00:00,20307.745881978433,20316.599533296114,19342.675758674093
forecast_7826,2025-11-23 02:00:00,20308.83545782078,20282.465028491566,19336.48518260847
forecast_7827,2025-11-23 03:00:00,20305.305309992582,20235.865069641182,19341.22593692624
forecast_7828,2025-11-23 04:00:00,20306.738934635763,20198.019084573163,19335.594777435264
forecast_7829,2025-11-23 05:00:00,20265.8922222043,20285.271043306646,19353.31139935627
forecast_7830,2025-11-23 06:00:00,19969.569684581948,20319.562652154065,19055.458443242333
forecast_7831,2025-11-23 07:00:00,20131.290792184314,20279.28738183696,19337.212317366255
forecast_7832,2025-11-23 08:00:00,20237.298242260968,20087.070469782335,19341.056842943657
forecast_7833,2025-11-23 09:00:00,19946.6552004336,19911.308736637162,18787.2111766043
forecast_7834,2025-11-23 10:00:00,19999.789045859252,19897.444347305896,15979.655241716458
forecast_7835,2025-11-23 11:00:00,19269.952099222817,18664.12250228851,15960.230495499778
forecast_7836,2025-11-23 12:00:00,17461.533083586462,17383.214003513956,15436.829624957178
forecast_7837,2025-11-23 13:00:00,15348.087808956565,15833.766678978278,14351.494542009652
forecast_7838,2025-11-23 14:00:00,13105.203366698272,14028.65850202657,12928.561248546483
forecast_7839,2025-11-23 15:00:00,12349.031206071435,12406.789479493815,11666.985943105312
forecast_7840,2025-11-23 16:00:00,12286.94717983502,12253.97065849475,11381.557236501425
forecast_7841,2025-11-23 17:00:00,13468.374971649617,13466.243816118978,12776.162592927365
forecast_7842,2025-11-23 18:00:00,16850.625933631996,15222.17715250131,14062.797370338349
forecast_7843,2025-11-23 19:00:00,18386.294412301286,16224.913696475563,15942.304832891057
forecast_7844,2025-11-23 20:00:00,18317.567355331557,16882.831862647814,16743.914041618606
forecast_7845,2025-11-23 21:00:00,18650.31555614848,18319.563249679202,16755.258557622885
forecast_7846,2025-11-23 22:00:00,18552.907544077963,18384.52529818463,16087.84298999569
forecast_7847,2025-11-23 23:00:00,18146.859940832073,18114.739183664457,15403.786756563692
forecast_7848,2025-11-24 00:00:00,17861.553217823406,17833.842690173056,14872.579756818508
forecast_7849,2025-11-24 01:00:00,16445.406172101466,17220.74347945441,12819.609876396098
forecast_7850,2025-11-24 02:00:00,16000.2906498251,16878.062585896063,11901.646816695587
forecast_7851,2025-11-24 03:00:00,14894.68546298943,15813.883981599753,11094.206336955289
forecast_7852,2025-11-24 04:00:00,13258.475916665418,14243.237179931468,10622.276255218956
forecast_7853,2025-11-24 05:00:00,11908.93903845843,12672.633637655257,10933.052166138323
forecast_7854,2025-11-24 06:00:00,12223.689522159559,12961.699871587598,11045.128946948475
forecast_7855,2025-11-24 07:00:00,13863.685656621028,14807.677518934766,11055.824929350738
forecast_7856,2025-11-24 08:00:00,14423.645634111881,15461.476900165746,10589.696629445223
forecast_7857,2025-11-24 09:00:00,14098.393240926462,14563.536109910008,10084.628632822347
forecast_7858,2025-11-24 10:00:00,13093.394954613013,13907.622020188133,10432.118990866325
forecast_7859,2025-11-24 11:00:00,12726.454506437078,13449.045811822572,10272.831452736278
forecast_7860,2025-11-24 12:00:00,12433.525785768443,13112.59528597424,10944.560571360133
forecast_7861,2025-11-24 13:00:00,13110.840067148909,13279.820354390233,11322.232868596631
forecast_7862,2025-11-24 14:00:00,13598.32787775947,13171.75751648681,11720.014554096344
forecast_7863,2025-11-24 15:00:00,12856.562399953835,13314.047161675546,11597.78674140548
forecast_7864,2025-11-24 16:00:00,12452.999046195258,12415.569689537917,10935.047492539426
forecast_7865,2025-11-24 17:00:00,12128.648795338695,12255.896628261731,10671.927919725144
forecast_7866,2025-11-24 18:00:00,11430.937102905564,12493.863576604192,9924.100997268684
forecast_7867,2025-11-24 19:00:00,11748.868200732604,12518.019233499304,10274.981856301672
forecast_7868,2025-11-24 20:00:00,11758.500208462297,13155.336017939235,10511.415068416269
forecast_7869,2025-11-24 21:00:00,12967.868121379199,14126.020284245793,10913.067350289539
forecast_7870,2025-11-24 22:00:00,12746.98763573938,14531.45223557786,10609.971849649393
forecast_7871,2025-11-24 23:00:00,12560.291381604477,13728.060576944295,10755.320225189735
forecast_7872,2025-11-25 00:00:00,12915.932970398735,14168.985234009968,10752.215286740304
forecast_7873,2025-11-25 01:00:00,12862.569174774871,14053.758368724579,11458.674301739407
forecast_7874,2025-11-25 02:00:00,13171.207641512698,13837.295917764206,11456.034866767066
forecast_7875,2025-11-25 03:00:00,13182.072031547972,13746.765331740427,11885.826912211816
forecast_7876,2025-11-25 04:00:00,14410.117798913978,14023.09163380259,11647.260126748546
forecast_7877,2025-11-25 05:00:00,15212.091802504512,14985.463768264295,11838.915082428657
forecast_7878,2025-11-25 06:00:00,14271.614010980325,14837.879473748248,13037.625514185282
forecast_7879,2025-11-25 07:00:00,14141.20340053847,14661.11192618903,12554.313549241722
forecast_7880,2025-11-25 08:00:00,12017.196012359731,13037.075241049002,10403.29832493189
forecast_7881,2025-11-25 09:00:00,9927.372178305925,10444.488345236688,8547.856654585286
forecast_7882,2025-11-25 10:00:00,8649.450278661456,8347.259900260806,6522.320479662376
forecast_7883,2025-11-25 11:00:00,7662.305250998351,8827.565647373478,6909.532950665599
forecast_7884,2025-11-25 12:00:00,7706.7993230607135,8257.750038891147,6538.1466941742365
forecast_7885,2025-11-25 13:00:00,8329.601856786712,9356.14102543474,7029.487039725225
forecast_7886,2025-11-25 14:00:00,10193.548536722788,10424.111100342172,7588.476057317257
forecast_7887,2025-11-25 15:00:00,10517.158832674155,10511.787030422187,8276.95349528635
forecast_7888,2025-11-25 16:00:00,11758.089409922837,11700.220086059137,8778.387451069695
forecast_7889,2025-11-25 17:00:00,11303.561590385234,11860.150395699013,9175.69296767543
forecast_7890,2025-11-25 18:00:00,11250.040734822524,12167.69449705627,9515.248694245274
forecast_7891,2025-11-25 19:00:00,10767.823726690101,11356.622229132201,8861.239992269646
forecast_7892,2025-11-25 20:00:00,10119.739530822037,10829.583456037568,8014.676130961234
forecast_7893,2025-11-25 21:00:00,9398.437694814573,10443.41003916558,7347.297240370902
forecast_7894,2025-11-25 22:00:00,8682.186224292791,9812.140950968194,6615.912427741266
forecast_7895,2025-11-25 23:00:00,8005.635291205268,8596.933292907339,5829.446316147621
forecast_7896,2025-11-26 00:00:00,7484.723110391189,7978.5934509715435,6210.97926959884
forecast_7897,2025-11-26 01:00:00,5967.063819787203,6135.995396746209,3924.408921249638
forecast_7898,2025-11-26 02:00:00,5793.6409181440495,5398.094301834905,3839.202510667373
forecast_7899,2025-11-26 03:00:00,5009.098080358029,4751.417686771518,3754.4621623171483
forecast_7900,2025-11-26 04:00:00,4061.9416663819197,3955.190669902158,3836.716468633061
forecast_7901,2025-11-26 05:00:00,4393.024602688913,4242.237557628718,3713.168301933785
forecast_7902,2025-11-26 06:00:00,3919.490263865574,3810.743128716586,3629.028252437512
forecast_7903,2025-11-26 07:00:00,3999.074913204328,3991.0695676432783,3645.951872284515
forecast_7904,2025-11-26 08:00:00,4098.159167521112,3894.288548864808,3659.240949475955
forecast_7905,2025-11-26 09:00:00,4179.7751080800235,3965.1257951567577,3696.9178042943486
forecast_7906,2025-11-26 10:00:00,3976.5196723558893,3951.3841944034893,3775.507180838948
forecast_7907,2025-11-26 11:00:00,4091.6861028952603,4184.032520473594,3704.491392861476
forecast_7908,2025-11-26 12:00:00,3941.388811582136,3894.719088806998,3437.641315428083
forecast_7909,2025-11-26 13:00:00,3925.2943251782217,3845.654555551955,3425.9254051351654
forecast_7910,2025-11-26 14:00:00,4149.526432992487,4063.1362445772565,3637.6567601630077
forecast_7911,2025-11-26 15:00:00,5503.705676887188,5505.592356930412,3790.0556862477356
forecast_7912,2025-11-26 16:00:00,7474.54828191389,6879.297344367357,4044.3554118969196
forecast_7913,2025-11-26 17:00:00,8459.219758833471,8306.439748411798,4977.949334926436
forecast_7914,2025-11-26 18:00:00,10633.510398946653,10850.605262695824,6944.057331703004
forecast_7915,2025-11-26 19:00:00,13133.517931108732,13352.403613239741,8659.8347667773
forecast_7916,2025-11-26 20:00:00,15429.105025106792,15987.921404326955,10340.244580724122
forecast_7917,2025-11-26 21:00:00,16491.67893807835,16619.830251668798,11115.842052182292
forecast_7918,2025-11-26 22:00:00,17335.96784647534,17416.01714227704,11550.164145914592
forecast_7919,2025-11-26 23:00:00,17158.753993558617,18039.5984425858,12464.622389061686
forecast_7920,2025-11-27 00:00:00,18407.23728191493,17725.668767057014,12704.054557483432
forecast_7921,2025-11-27 01:00:00,15870.917218318918,17664.316852912143,14698.298350374209
forecast_7922,2025-11-27 02:00:00,16947.6788797049,17983.474430427465,15086.358195419114
forecast_7923,2025-11-27 03:00:00,16666.577756118873,17752.58420781163,15016.551200366803
forecast_7924,2025-11-27 04:00:00,15725.758532898375,16804.329839484948,14278.935052465886
forecast_7925,2025-11-27 05:00:00,16693.97771027598,16129.931237122966,13623.133647314487
forecast_7926,2025-11-27 06:00:00,15406.593690472015,15514.189039634864,12211.086396551014
forecast_7927,2025-11-27 07:00:00,14956.900782473353,15983.914744611775,12480.145821444636
forecast_7928,2025-11-27 08:00:00,16355.600504196498,16358.208708332984,13125.472960685498
forecast_7929,2025-11-27 09:00:00,14698.493162665454,16248.03283135293,14344.80206015895
forecast_7930,2025-11-27 10:00:00,14335.394354936801,16134.848013674142,14779.127253060948
forecast_7931,2025-11-27 11:00:00,13535.294473233238,15818.584339014236,14556.911580294753
forecast_7932,2025-11-27 12:00:00,14573.905465691882,16237.874921165121,15743.677712621418
forecast_7933,2025-11-27 13:00:00,15646.373059956291,17309.087473685348,16434.986320416396
forecast_7934,2025-11-27 14:00:00,17446.53849911645,18924.491491659937,17486.993046258292
forecast_7935,2025-11-27 15:00:00,18151.137936222087,18932.307820013724,18208.254984525007
forecast_7936,2025-11-27 16:00:00,18225.818088878248,19083.69359664892,18259.19857542112
forecast_7937,2025-11-27 17:00:00,18534.257369036022,19040.013217021853,18376.90874452136
forecast_7938,2025-11-27 18:00:00,18241.51038008852,19037.224316065218,18262.37012909656
forecast_7939,2025-11-27 19:00:00,18190.86531787341,18873.106957837612,18099.894521329865
forecast_7940,2025-11-27 20:00:00,17825.662252372244,18730.42520148673,17962.463489246653
forecast_7941,2025-11-27 21:00:00,17960.364431980506,18347.96066333075,17836.178666696786
forecast_7942,2025-11-27 22:00:00,18057.990301323945,18440.943359798286,17631.041351654763
forecast_7943,2025-11-27 23:00:00,17977.004817789457,18518.6111814902,17548.342879377724
forecast_7944,2025-11-28 00:00:00,18152.3888709267,18817.783003582637,17698.845247369893
forecast_7945,2025-11-28 01:00:00,17849.332027193163,18652.434867072898,17120.897848740577
forecast_7946,2025-11-28 02:00:00,17762.687695650246,18806.090893004024,17079.384873461517
forecast_7947,2025-11-28 03:00:00,17518.571103861694,18626.193019160008,16817.422652870526
forecast_7948,2025-11-28 04:00:00,16921.735360507966,18691.364109990813,16120.337782301367
forecast_7949,2025-11-28 05:00:00,17876.56996648926,18150.121688611744,14418.340795481314
forecast_7950,2025-11-28 06:00:00,17431.696039635983,18504.69647445141,14125.485145969296
forecast_7951,2025-11-28 07:00:00,17249.97030745704,17652.024939484334,12180.394022195404
forecast_7952,2025-11-28 08:00:00,16022.319571189852,17294.698844291026,10297.149328735417
forecast_7953,2025-11-28 09:00:00,13229.881316257806,15227.068525579723,8436.043017779211
forecast_7954,2025-11-28 10:00:00,11118.851034246823,11307.298156615363,6993.389233205543
forecast_7955,2025-11-28 11:00:00,9474.285897214055,10089.929925055474,5848.738334106178
forecast_7956,2025-11-28 12:00:00,8380.77085801801,10052.70122453126,5674.833322872794
forecast_7957,2025-11-28 13:00:00,7872.456800815137,8050.081340744878,5548.36546108832
forecast_7958,2025-11-28 14:00:00,6465.346017245463,6917.797738362258,4811.73892047016
forecast_7959,2025-11-28 15:00:00,5625.279787209471,5342.515860230494,4624.066842201936
forecast_7960,2025-11-28 16:00:00,5812.00893287342,5391.276378036481,4505.431602710144
forecast_7961,2025-11-28 17:00:00,6814.502836562324,7173.209295258572,4903.556015267197
forecast_7962,2025-11-28 18:00:00,7000.246554845627,7348.499046995668,4863.73204661831
forecast_7963,2025-11-28 19:00:00,6836.661506330567,6725.2264141127025,4585.152238983334
forecast_7964,2025-11-28 20:00:00,6540.02302949917,6081.82849532138,4442.760746680107
forecast_7965,2025-11-28 21:00:00,6038.458198400031,5832.866727603779,4360.554831412588
forecast_7966,2025-11-28 22:00:00,6147.9641813692015,5757.192434890011,4505.764474668012
forecast_7967,2025-11-28 23:00:00,6291.061994294706,5969.849596021147,4708.587948952863
forecast_7968,2025-11-29 00:00:00,6673.213939966586,6334.936545512201,4911.856904399786
forecast_7969,2025-11-29 01:00:00,7442.784991422025,6906.047180850288,4300.826031175107
forecast_7970,2025-11-29 02:00:00,8309.490530274637,7363.406514268672,4797.216182389059
forecast_7971,2025-11-29 03:00:00,10061.190791270874,9254.628136876632,6154.126506657635
forecast_7972,2025-11-29 04:00:00,10980.148815527411,11155.854201286747,7862.66786341605
forecast_7973,2025-11-29 05:00:00,13053.661552353455,13626.149481230523,9621.324294942699
forecast_7974,2025-11-29 06:00:00,13523.793400970355,14227.784062014985,10551.359805064456
forecast_7975,2025-11-29 07:00:00,13256.474007724657,13990.368066801298,10774.87000245842
forecast_7976,2025-11-29 08:00:00,13554.391048559053,14021.732071827324,9092.860281884414
forecast_7977,2025-11-29 09:00:00,12570.646439846902,13992.103714137618,7937.266567975032
forecast_7978,2025-11-29 10:00:00,10989.223084993857,13420.215186570998,7420.761834639187
forecast_7979,2025-11-29 11:00:00,11640.767140667147,14054.91869945834,8692.558703887866
forecast_7980,2025-11-29 12:00:00,12893.349138624772,15369.12447934233,10174.161438431567
forecast_7981,2025-11-29 13:00:00,14334.554392048854,16692.29145367949,13014.56055088046
forecast_7982,2025-11-29 14:00:00,15863.799017454456,17101.565055070172,13740.46806503582
forecast_7983,2025-11-29 15:00:00,16789.795214317033,18143.35085243748,15155.35341226278
forecast_7984,2025-11-29 16:00:00,18549.458767484353,18955.7557739042,17129.43785927805
forecast_7985,2025-11-29 17:00:00,19846.601752899405,19879.44474056894,18349.395795928274
forecast_7986,2025-11-29 18:00:00,19319.628420160458,19896.34917970357,19324.887742073395
forecast_7987,2025-11-29 19:00:00,19181.872069726465,19991.299993032226,19330.951748055908
forecast_7988,2025-11-29 20:00:00,19159.130243065185,19887.531097395,19333.105118589283
forecast_7989,2025-11-29 21:00:00,19143.03237435273,19832.846846051398,19324.60165610879
forecast_7990,2025-11-29 22:00:00,19252.09508206012,19853.0960658813,19327.92727280551
forecast_7991,2025-11-29 23:00:00,19883.195529591358,19984.62508124402,19330.34252859961
forecast_7992,2025-11-30 00:00:00,19886.41529202047,20004.255740814562,19329.294772286674
forecast_7993,2025-11-30 01:00:00,20066.495943930513,20068.17075573129,19341.11956360038
forecast_7994,2025-11-30 02:00:00,19939.46464722294,19819.043867848948,19323.12347220096
forecast_7995,2025-11-30 03:00:00,19893.826554208947,19399.061103297656,18612.49886975381
forecast_7996,2025-11-30 04:00:00,18425.064056248728,18883.73439796866,17772.58692197214
forecast_7997,2025-11-30 05:00:00,18301.959381195713,18521.403583562664,16447.478502865575
forecast_7998,2025-11-30 06:00:00,17727.09728301774,18089.622876666945,15201.740089135297
forecast_7999,2025-11-30 07:00:00,17685.33857384627,17675.062842920364,14376.317652227806
forecast_8000,2025-11-30 08:00:00,17321.489535824898,17608.76874440145,12726.93707706058
forecast_8001,2025-11-30 09:00:00,17141.80455722746,17817.130055890953,12362.126499052076
forecast_8002,2025-11-30 10:00:00,15579.266579521738,17092.427072401097,11596.085563508661
forecast_8003,2025-11-30 11:00:00,14906.103850247267,17093.412984644423,10938.438584123487
forecast_8004,2025-11-30 12:00:00,13885.921163851232,14852.906993504259,10141.533297862938
forecast_8005,2025-11-30 13:00:00,13089.82440444251,14562.939360239436,9552.226173183026
forecast_8006,2025-11-30 14:00:00,13486.56549777867,13710.975115356325,9357.027817146682
forecast_8007,2025-11-30 15:00:00,13343.267208740095,13846.567777332946,9729.134503905754
forecast_8008,2025-11-30 16:00:00,13690.179618487757,14410.579648716788,10522.517727692302
forecast_8009,2025-11-30 17:00:00,14944.728774208157,16463.696932730836,12795.515187186411
forecast_8010,2025-11-30 18:00:00,16177.490679373828,18416.24320823013,15596.226665442917
forecast_8011,2025-11-30 19:00:00,17639.508012236776,19345.04321040975,18480.510784757214
forecast_8012,2025-11-30 20:00:00,19190.492153713076,20029.139980103042,19441.52058295254
forecast_8013,2025-11-30 21:00:00,19903.29214159809,20316.492979599763,19650.92430336962
forecast_8014,2025-11-30 22:00:00,19913.04431071546,20277.58646739081,19754.63139109177
forecast_8015,2025-11-30 23:00:00,19914.76055003635,20328.051721390533,19345.337050414688
forecast_8016,2025-12-01 00:00:00,19888.397110469166,20224.652957905208,19345.136500649525
forecast_8017,2025-12-01 01:00:00,19900.790179646232,20337.54855570459,18133.300614873286
forecast_8018,2025-12-01 02:00:00,19812.066937696472,20289.381958005753,17785.566665908285
forecast_8019,2025-12-01 03:00:00,19464.354289583956,20290.621012790023,17724.528592114744
forecast_8020,2025-12-01 04:00:00,19611.027167008036,20239.22974385791,17698.952113812145
forecast_8021,2025-12-01 05:00:00,19882.23674992995,20255.213563656736,17542.748722446744
forecast_8022,2025-12-01 06:00:00,19388.140026905025,19931.42699008701,17490.005569364683
forecast_8023,2025-12-01 07:00:00,18784.219454702055,19657.51112651792,17113.822147919534
forecast_8024,2025-12-01 08:00:00,17859.314476441894,18158.947891259144,16208.506126505035
forecast_8025,2025-12-01 09:00:00,15470.231723204195,16113.688615270472,13055.878838518827
forecast_8026,2025-12-01 10:00:00,12766.742619389337,13050.327177675334,9979.956649519627
forecast_8027,2025-12-01 11:00:00,10051.422002852889,10452.625469328017,7342.039511867318
forecast_8028,2025-12-01 12:00:00,7842.783661159022,8198.525154385845,5082.799266074592
forecast_8029,2025-12-01 13:00:00,6438.089314581709,6467.4654206806545,3879.4653296648644
forecast_8030,2025-12-01 14:00:00,5705.505383705674,5738.052368427253,3991.53320959643
forecast_8031,2025-12-01 15:00:00,5136.255132080792,5242.1255490531485,3799.163880871603
forecast_8032,2025-12-01 16:00:00,5315.585523238793,5741.040470882164,3780.2761432195175
forecast_8033,2025-12-01 17:00:00,5854.663844324168,6048.329122034828,3995.674179374223
forecast_8034,2025-12-01 18:00:00,6626.3865860062815,6770.653763088098,4733.657999874089
forecast_8035,2025-12-01 19:00:00,7948.036139077123,8346.071373348232,5375.22999783629
forecast_8036,2025-12-01 20:00:00,10011.492946309701,9747.278957245662,6804.193854514654
forecast_8037,2025-12-01 21:00:00,11739.333763951146,11428.63330802788,8465.219905818089
forecast_8038,2025-12-01 22:00:00,13487.260329330375,13367.06605691839,8967.786381901644
forecast_8039,2025-12-01 23:00:00,14214.830767317291,14800.268924672664,9789.051386361074
forecast_8040,2025-12-02 00:00:00,14986.073826881267,15492.768569175436,11210.97289563576
forecast_8041,2025-12-02 01:00:00,15389.825919197556,15897.554624228185,12423.889795907202
forecast_8042,2025-12-02 02:00:00,16888.935537434816,16614.34430213125,13088.831947733337
forecast_8043,2025-12-02 03:00:00,17844.283494868338,17410.86213112458,13671.973861507116
forecast_8044,2025-12-02 04:00:00,18188.737469004518,17834.591057130943,13507.833379132091
forecast_8045,2025-12-02 05:00:00,17906.237406871125,17804.024325916416,12592.183372200727
forecast_8046,2025-12-02 06:00:00,16809.91687893806,17032.220259575966,12350.85008973387
forecast_8047,2025-12-02 07:00:00,15716.016351083412,15646.444804432826,10575.354155441106
forecast_8048,2025-12-02 08:00:00,13195.94719583629,13978.075987870821,9089.667345456333
forecast_8049,2025-12-02 09:00:00,10258.720661148081,10819.317460645763,6292.84398213334
forecast_8050,2025-12-02 10:00:00,9084.357612096825,9626.876726168759,5439.85690295573
forecast_8051,2025-12-02 11:00:00,8141.893608690769,9006.767276729262,5928.312064567222
forecast_8052,2025-12-02 12:00:00,8737.683722256179,9189.928681835743,6814.701160180717
forecast_8053,2025-12-02 13:00:00,9667.670079985486,10322.735636019415,7171.621857462223
forecast_8054,2025-12-02 14:00:00,11418.079836929366,11899.151285374035,7960.141304800893
forecast_8055,2025-12-02 15:00:00,11923.142971780639,13352.331813519937,8737.423412220523
forecast_8056,2025-12-02 16:00:00,12851.57851568669,14493.436430805641,9781.607211137622
forecast_8057,2025-12-02 17:00:00,14292.014588677383,15607.349223179028,10925.685651737027
forecast_8058,2025-12-02 18:00:00,15046.805229414407,16614.646945631117,12083.129893275101
forecast_8059,2025-12-02 19:00:00,15670.279438935891,17344.73749873169,13225.65106986953
forecast_8060,2025-12-02 20:00:00,15862.947015531166,17633.53671163023,14059.58022453349
forecast_8061,2025-12-02 21:00:00,16047.362170156617,17712.85158223387,14605.806070974993
forecast_8062,2025-12-02 22:00:00,17135.310744598803,17780.4380179223,14551.802176545265
forecast_8063,2025-12-02 23:00:00,16198.505096595272,17547.66968494689,14243.864413222773
forecast_8064,2025-12-03 00:00:00,15729.521128231067,17436.00791692062,13930.200268005166
forecast_8065,2025-12-03 01:00:00,15513.487889364123,18507.683809030612,15779.514367969115
forecast_8066,2025-12-03 02:00:00,15379.583622431988,18380.38333360609,15951.850415005978
forecast_8067,2025-12-03 03:00:00,15367.62340985646,18197.64549165442,15966.80331800127
forecast_8068,2025-12-03 04:00:00,15146.98135165423,17737.81833231455,15509.475603553079
forecast_8069,2025-12-03 05:00:00,14268.508058185098,17438.25850534857,14874.52574181244
forecast_8070,2025-12-03 06:00:00,14058.345339039026,17063.963154601613,14204.805125232891
forecast_8071,2025-12-03 07:00:00,13954.910216493441,16639.248467820384,13617.37820564966
forecast_8072,2025-12-03 08:00:00,13809.639164595017,16450.568166567424,13705.326305951063
forecast_8073,2025-12-03 09:00:00,14007.857282798343,17194.031860853996,13731.269393946297
forecast_8074,2025-12-03 10:00:00,14885.595699523426,17496.503330298157,14083.14151669869
forecast_8075,2025-12-03 11:00:00,16231.174935363892,17603.460398112995,14411.906709919496
forecast_8076,2025-12-03 12:00:00,16443.656317573284,18407.693812812493,14845.293847325376
forecast_8077,2025-12-03 13:00:00,16424.451792760854,18129.846223572196,15023.414325125577
forecast_8078,2025-12-03 14:00:00,16402.57447292846,17958.253753144258,14531.354233744996
forecast_8079,2025-12-03 15:00:00,15710.660075336496,17903.36156521562,14512.144426755509
forecast_8080,2025-12-03 16:00:00,15318.466848329002,17878.101634136285,14553.19000956138
forecast_8081,2025-12-03 17:00:00,15046.153589063526,17724.26924616563,14549.839393113585
forecast_8082,2025-12-03 18:00:00,14146.334722875172,17399.722120582544,14610.139440190085
forecast_8083,2025-12-03 19:00:00,13491.166305669638,17361.95585483578,14401.641822628231
forecast_8084,2025-12-03 20:00:00,13082.665111792836,16790.260261619078,14025.955926082494
forecast_8085,2025-12-03 21:00:00,12864.276199010586,17100.282266360136,14220.939515678554
forecast_8086,2025-12-03 22:00:00,12886.925967862124,16988.14110028719,13887.261299708332
forecast_8087,2025-12-03 23:00:00,13978.014308190068,17841.640023777847,13961.849231353513
forecast_8088,2025-12-04 00:00:00,17489.406211608682,18618.663389955782,14227.37367129027
forecast_8089,2025-12-04 01:00:00,16110.44110583553,18066.021870927405,13503.902266555406
forecast_8090,2025-12-04 02:00:00,16431.199165755064,18198.936163779774,13705.271404433572
forecast_8091,2025-12-04 03:00:00,17132.535918821715,18001.488379933824,13987.700033314872
forecast_8092,2025-12-04 04:00:00,17783.778529155163,18496.314565350578,14621.569360664387
forecast_8093,2025-12-04 05:00:00,18799.843311665772,18700.74029899081,14912.923310240114
forecast_8094,2025-12-04 06:00:00,19256.14527139054,18934.90160193087,15320.139323472285
forecast_8095,2025-12-04 07:00:00,19143.945638531102,18979.053147758234,15649.425229255541
forecast_8096,2025-12-04 08:00:00,18838.99883162016,18889.462863382218,16144.800761314345
forecast_8097,2025-12-04 09:00:00,17219.123594402987,18571.846692255574,16306.337355249085
forecast_8098,2025-12-04 10:00:00,16284.023319996722,18144.90911893791,15067.929854503514
forecast_8099,2025-12-04 11:00:00,14555.193832730392,17136.16603852447,13267.837919860576
forecast_8100,2025-12-04 12:00:00,13590.788606214819,15956.677495806769,11699.862108629857
forecast_8101,2025-12-04 13:00:00,12634.696210639353,14287.885940342396,10257.034678414757
forecast_8102,2025-12-04 14:00:00,11972.28765089278,13121.33926985465,9502.331675276202
forecast_8103,2025-12-04 15:00:00,12380.549027744042,12853.592982966331,9995.12394495805
forecast_8104,2025-12-04 16:00:00,13022.769216021441,13669.29800074022,10920.80400973203
forecast_8105,2025-12-04 17:00:00,14632.349951702236,15733.210027218116,13378.491473619244
forecast_8106,2025-12-04 18:00:00,15886.975202485364,17677.11619121217,15279.771743546242
forecast_8107,2025-12-04 19:00:00,16683.743556655743,18130.21927224777,16117.606054003778
forecast_8108,2025-12-04 20:00:00,17281.69221363924,18161.42527555344,16503.27430569445
forecast_8109,2025-12-04 21:00:00,17048.693877107715,18317.373441476764,16254.130199332596
forecast_8110,2025-12-04 22:00:00,17250.89090046527,18246.716907954393,15629.668943960183
forecast_8111,2025-12-04 23:00:00,16312.028409870885,17717.748417796174,15049.429302240342
forecast_8112,2025-12-05 00:00:00,16264.124201832889,17511.89673168741,14907.82987515347
forecast_8113,2025-12-05 01:00:00,15978.849078971547,17338.6270813429,14240.561582140303
forecast_8114,2025-12-05 02:00:00,16105.734178509081,17397.9549539332,14375.62011458315
forecast_8115,2025-12-05 03:00:00,16614.551628245616,17934.63902187008,14561.523549566315
forecast_8116,2025-12-05 04:00:00,16193.332122774362,18170.537791535015,14239.539062274553
forecast_8117,2025-12-05 05:00:00,16376.30056225341,17589.31207395805,14621.138362037102
forecast_8118,2025-12-05 06:00:00,17465.888606805605,18039.60097916149,14537.018177800881
forecast_8119,2025-12-05 07:00:00,17970.45538296034,18666.48171469371,14577.28357635335
forecast_8120,2025-12-05 08:00:00,18230.572069901675,19440.74858907217,15290.475947061188
forecast_8121,2025-12-05 09:00:00,18386.34045848509,19206.579704391523,13895.864204177107
forecast_8122,2025-12-05 10:00:00,17515.836855678237,17890.307503868793,12729.859811648384
forecast_8123,2025-12-05 11:00:00,15799.121510211324,16739.5728834613,11640.090651055258
forecast_8124,2025-12-05 12:00:00,14193.85478333596,15267.622327802243,10674.356226587292
forecast_8125,2025-12-05 13:00:00,13317.426681309831,15686.906403109537,10563.862500432579
forecast_8126,2025-12-05 14:00:00,14266.632607304638,14954.834124489444,11353.07105060373
forecast_8127,2025-12-05 15:00:00,15689.93651052954,16412.437336479423,12737.039269720688
forecast_8128,2025-12-05 16:00:00,17506.846420387115,18224.234594038793,14016.705556955305
forecast_8129,2025-12-05 17:00:00,19486.6017765439,18959.043022442744,14435.353259403268
forecast_8130,2025-12-05 18:00:00,19895.22302041405,19886.23125782343,14232.442943403084
forecast_8131,2025-12-05 19:00:00,19885.22721551281,19879.282078431534,14399.078380987716
forecast_8132,2025-12-05 20:00:00,20112.4063036708,19917.947900287283,14586.988311330218
forecast_8133,2025-12-05 21:00:00,20028.375681966252,20182.209593742646,15059.953694358408
forecast_8134,2025-12-05 22:00:00,20338.72279683794,19922.25708128924,15390.136484965846
forecast_8135,2025-12-05 23:00:00,20344.7480673998,20314.00362851358,16456.629931507996
forecast_8136,2025-12-06 00:00:00,20364.09615257246,20317.454666120273,16661.276109195147
forecast_8137,2025-12-06 01:00:00,20319.857678316555,20316.284451519205,16954.827165745442
forecast_8138,2025-12-06 02:00:00,20342.633911240056,20266.00884596455,17160.92579055251
forecast_8139,2025-12-06 03:00:00,20334.976277914873,20327.222349002124,17424.053466877227
forecast_8140,2025-12-06 04:00:00,20340.714684244263,20326.93041773945,17415.11403719526
forecast_8141,2025-12-06 05:00:00,20380.563854188655,20374.76324550201,17414.855690141052
forecast_8142,2025-12-06 06:00:00,20384.026947250935,20341.356398660715,17358.774890331344
forecast_8143,2025-12-06 07:00:00,20263.13797502982,20329.30162751644,17208.072236717668
forecast_8144,2025-12-06 08:00:00,19986.904651352634,20207.62281329452,16831.906583324562
forecast_8145,2025-12-06 09:00:00,19741.883921918743,19913.937936378086,16381.146698935125
forecast_8146,2025-12-06 10:00:00,18576.600855919543,19886.798751171544,16050.320532933922
forecast_8147,2025-12-06 11:00:00,18255.640100400302,18544.56522393184,15671.600046813523
forecast_8148,2025-12-06 12:00:00,17825.26061175578,18284.319941875143,14467.376885123984
forecast_8149,2025-12-06 13:00:00,17752.29732729059,18374.896073653585,14370.82258929228
forecast_8150,2025-12-06 14:00:00,17707.45391199534,18532.08279808033,15340.003075293504
forecast_8151,2025-12-06 15:00:00,17901.770078271813,18552.218641814172,15969.468534753289
forecast_8152,2025-12-06 16:00:00,18014.199200514744,18996.071917740508,16066.142148604476
forecast_8153,2025-12-06 17:00:00,17862.048547575127,18897.339696886345,15912.459508611077
forecast_8154,2025-12-06 18:00:00,17855.548813499252,18563.520209290462,15957.723122838646
forecast_8155,2025-12-06 19:00:00,18375.62001282234,18541.94411275299,16722.721484795387
forecast_8156,2025-12-06 20:00:00,18076.890097950105,18991.108209381837,16982.48758523634
forecast_8157,2025-12-06 21:00:00,18522.117048977238,19229.014711874082,17225.10270862404
forecast_8158,2025-12-06 22:00:00,18808.691016067507,19402.376602156608,17458.263771334252
forecast_8159,2025-12-06 23:00:00,19387.179144929254,19447.172148650647,17581.34173146215
forecast_8160,2025-12-07 00:00:00,19342.413556514573,19749.06159860321,17650.32094743452
forecast_8161,2025-12-07 01:00:00,18608.597688667287,19178.78366011135,16817.493767419448
forecast_8162,2025-12-07 02:00:00,18786.281133537213,19114.36051637627,16927.270633128486
forecast_8163,2025-12-07 03:00:00,18618.809960969826,19172.426721583943,16927.03978450512
forecast_8164,2025-12-07 04:00:00,19783.872338292527,19086.954709638616,17180.662344070915
forecast_8165,2025-12-07 05:00:00,19924.481440297663,19298.4844165547,17320.34570599635
forecast_8166,2025-12-07 06:00:00,19888.57502104441,19332.876405564137,17433.60204161437
forecast_8167,2025-12-07 07:00:00,19889.34201703989,19751.19403818326,17200.14515070422
forecast_8168,2025-12-07 08:00:00,19885.604201166552,19770.870008066297,17032.150424380878
forecast_8169,2025-12-07 09:00:00,19912.986250497594,19377.949828753306,17052.151342752757
forecast_8170,2025-12-07 10:00:00,19904.77346695419,19373.519798709276,17062.99157520912
forecast_8171,2025-12-07 11:00:00,19539.233600945892,19019.436003696024,16304.97454129122
forecast_8172,2025-12-07 12:00:00,18671.00174568038,19261.074512280524,16541.225790556375
forecast_8173,2025-12-07 13:00:00,18339.042926442482,19636.47298393289,16337.924209562387
forecast_8174,2025-12-07 14:00:00,18354.78387005846,18978.71508306318,16627.328491871165
forecast_8175,2025-12-07 15:00:00,18935.214124041137,19231.22454654304,16638.17296190338
forecast_8176,2025-12-07 16:00:00,19558.674228208707,19826.088195134547,16831.109123217462
forecast_8177,2025-12-07 17:00:00,19723.139808103613,20089.66061305288,17091.553801780643
forecast_8178,2025-12-07 18:00:00,19584.72786400381,20303.865386149217,17652.04139747178
forecast_8179,2025-12-07 19:00:00,19708.51896695742,19887.753764613528,17431.23202032962
forecast_8180,2025-12-07 20:00:00,19612.44258325968,19883.49466480459,17436.64119321342
forecast_8181,2025-12-07 21:00:00,19259.61494887671,19877.13332627085,17324.954779897344
forecast_8182,2025-12-07 22:00:00,18662.626207567995,19774.33500920755,17247.43602575495
forecast_8183,2025-12-07 23:00:00,18497.44325490913,19282.11605595642,17086.69386042828
forecast_8184,2025-12-08 00:00:00,18391.217336850706,18837.036570795914,16810.3445214792
forecast_8185,2025-12-08 01:00:00,18399.714933433348,19933.21577951947,16195.975376983295
forecast_8186,2025-12-08 02:00:00,18093.262064873805,19235.810976948516,15729.269555814939
forecast_8187,2025-12-08 03:00:00,18011.689058068347,18779.144477321537,15163.898985092568
forecast_8188,2025-12-08 04:00:00,16890.37288528656,17718.03568456595,14321.111371160338
forecast_8189,2025-12-08 05:00:00,15660.096145452439,16817.96128437884,12807.666537794432
forecast_8190,2025-12-08 06:00:00,14383.309343106683,15520.186808571434,11286.463681881012
forecast_8191,2025-12-08 07:00:00,13025.408690624956,14317.347776013507,9786.551730421235
forecast_8192,2025-12-08 08:00:00,11739.208418964043,13004.609876495551,8662.770646931285
forecast_8193,2025-12-08 09:00:00,11361.239869134026,12159.456927776377,8371.167752102501
forecast_8194,2025-12-08 10:00:00,9682.278684371542,10629.973893299582,7740.100018037884
forecast_8195,2025-12-08 11:00:00,8275.0791729977,8217.342059125369,5699.039572061068
forecast_8196,2025-12-08 12:00:00,5934.113246068327,6026.7429322465605,4167.189690359693
forecast_8197,2025-12-08 13:00:00,5279.254864059041,4961.88595969604,3817.973921630701
forecast_8198,2025-12-08 14:00:00,5566.384618924568,5304.684437088275,3950.810635483504
forecast_8199,2025-12-08 15:00:00,6367.794608021184,6457.470220817337,4204.1123388410715
forecast_8200,2025-12-08 16:00:00,6727.183959995692,7416.012671703147,4163.046720954157
forecast_8201,2025-12-08 17:00:00,7968.698059805964,9020.969194935278,5538.909535886328
forecast_8202,2025-12-08 18:00:00,8712.56809367874,10044.078900553028,7162.868784517399
forecast_8203,2025-12-08 19:00:00,10370.480733841034,12709.296688404964,8882.407680347127
forecast_8204,2025-12-08 20:00:00,14029.15126984075,15588.743649593323,10377.809879215803
forecast_8205,2025-12-08 21:00:00,16078.364117810812,17238.707570653598,11504.687067145389
forecast_8206,2025-12-08 22:00:00,17174.95985930482,17727.760213947317,12158.204812772934
forecast_8207,2025-12-08 23:00:00,17119.132500031028,17823.985242297542,11997.350189574052
forecast_8208,2025-12-09 00:00:00,16980.751149386226,17751.181647250716,11734.480932306762
forecast_8209,2025-12-09 01:00:00,14880.122856658296,15900.3675201753,11101.398346357837
forecast_8210,2025-12-09 02:00:00,15841.079714213916,17681.27931151874,11319.632893054466
forecast_8211,2025-12-09 03:00:00,17167.22739687438,18236.34735110472,11973.603729385739
forecast_8212,2025-12-09 04:00:00,17607.068699851272,18835.824715500945,12103.485767635162
forecast_8213,2025-12-09 05:00:00,17841.99134500797,18768.476526370698,12373.812060685754
forecast_8214,2025-12-09 06:00:00,18333.376346760782,19094.466241482813,12517.999967153411
forecast_8215,2025-12-09 07:00:00,18610.41091090067,19727.64565613957,13252.594445032244
forecast_8216,2025-12-09 08:00:00,18775.517558215393,19884.529638031712,15270.094470348426
forecast_8217,2025-12-09 09:00:00,18542.765604471737,19780.41319072568,15248.38322179107
forecast_8218,2025-12-09 10:00:00,17522.913510514147,18527.68649423516,15007.075307597317
forecast_8219,2025-12-09 11:00:00,16292.514217045065,17920.26630281765,13818.342156584682
forecast_8220,2025-12-09 12:00:00,14766.565531685757,16313.670754247893,12535.198751839818
forecast_8221,2025-12-09 13:00:00,13537.367186042486,14861.605466067185,11115.427492458788
forecast_8222,2025-12-09 14:00:00,12214.080952803732,13298.334887471092,10369.315442431347
forecast_8223,2025-12-09 15:00:00,11272.670884707122,12483.174233331752,9831.402530216299
forecast_8224,2025-12-09 16:00:00,10541.467093348921,11978.217885771272,9506.269324889263
forecast_8225,2025-12-09 17:00:00,10739.717017803794,12741.37310336867,9538.977416680938
forecast_8226,2025-12-09 18:00:00,11874.465373529707,13640.372295895118,9908.615080876147
forecast_8227,2025-12-09 19:00:00,13140.575066782796,14684.879240375478,10652.758183281598
forecast_8228,2025-12-09 20:00:00,13456.211301624257,14916.445016325151,10585.222706022303
forecast_8229,2025-12-09 21:00:00,13135.23299134127,15067.209305869177,10726.565963532723
forecast_8230,2025-12-09 22:00:00,12865.743746710952,15172.660739366596,10492.250038910417
forecast_8231,2025-12-09 23:00:00,12772.97187199727,15144.861848052182,10710.216719076303
forecast_8232,2025-12-10 00:00:00,12688.079832255138,16121.67945219612,10672.926035093413
forecast_8233,2025-12-10 01:00:00,12350.968401666665,13735.242800849745,10822.184676945002
forecast_8234,2025-12-10 02:00:00,13331.455193687805,14712.712478684263,11337.052026967422
forecast_8235,2025-12-10 03:00:00,14341.783593275115,15787.426965787821,12876.317801838848
forecast_8236,2025-12-10 04:00:00,14825.07778886631,16132.957568255857,12828.125984043385
forecast_8237,2025-12-10 05:00:00,14554.383881310836,15977.971614738966,12213.337165758212
forecast_8238,2025-12-10 06:00:00,14068.861536174401,15293.500790113127,12175.816555234056
forecast_8239,2025-12-10 07:00:00,12921.114812978109,14190.780034742553,11596.599766626194
forecast_8240,2025-12-10 08:00:00,11067.678034912655,12488.934667674921,11246.23151054827
forecast_8241,2025-12-10 09:00:00,10175.676301140022,10919.38894162684,10903.523699080763
forecast_8242,2025-12-10 10:00:00,9768.849523027513,9907.199005516772,10442.126340973713
forecast_8243,2025-12-10 11:00:00,9150.922062618898,10086.302404347703,10684.581487322459
forecast_8244,2025-12-10 12:00:00,8598.64447730869,9934.38027330989,9789.983981330684
forecast_8245,2025-12-10 13:00:00,8906.56123868059,9724.780816895694,10021.570536631894
forecast_8246,2025-12-10 14:00:00,9056.379519470003,9658.479618768473,8696.729915360796
forecast_8247,2025-12-10 15:00:00,8456.889978132116,8076.159010654305,8153.188567335044
forecast_8248,2025-12-10 16:00:00,6396.6933779395495,7734.34728389996,6368.459800572866
forecast_8249,2025-12-10 17:00:00,6340.115584246226,7401.091096445313,6177.764179664963
forecast_8250,2025-12-10 18:00:00,7304.74647008923,8173.485080555943,6503.336932100013
forecast_8251,2025-12-10 19:00:00,8580.570741695692,10858.815790597833,6806.363223870141
forecast_8252,2025-12-10 20:00:00,10483.19731191747,12098.068428799177,7435.718489117871
forecast_8253,2025-12-10 21:00:00,11577.88686958944,14886.514809214661,9557.242831137095
forecast_8254,2025-12-10 22:00:00,13885.326939261498,16237.211338911988,12164.50643083493
forecast_8255,2025-12-10 23:00:00,15063.999487456462,17566.286869744108,13795.505600321258
forecast_8256,2025-12-11 00:00:00,15580.707871129005,17090.387798843665,14025.637663313346
forecast_8257,2025-12-11 01:00:00,18641.244478826102,19440.65387834458,16624.718713727674
forecast_8258,2025-12-11 02:00:00,18921.054068615562,19911.469803494143,16603.587814938415
forecast_8259,2025-12-11 03:00:00,18792.590252777634,19610.44628658315,17036.68766549914
forecast_8260,2025-12-11 04:00:00,19138.878729126845,19889.517584201578,17714.789269630375
forecast_8261,2025-12-11 05:00:00,19218.525805251542,20069.549034444117,18138.607653751755
forecast_8262,2025-12-11 06:00:00,19895.245145345398,20233.15074332565,18180.869275515495
forecast_8263,2025-12-11 07:00:00,19694.042588174572,20227.7339561972,17755.69851446033
forecast_8264,2025-12-11 08:00:00,18414.788836610653,19907.428567471183,16751.83176732731
forecast_8265,2025-12-11 09:00:00,18403.40193680058,19882.79873451721,16291.20809888925
forecast_8266,2025-12-11 10:00:00,18446.04217692213,19781.67501329219,15933.624369835485
forecast_8267,2025-12-11 11:00:00,18289.036162154294,18877.54730727658,14634.062586033268
forecast_8268,2025-12-11 12:00:00,17118.73226708783,17935.968427648266,12855.686885130133
forecast_8269,2025-12-11 13:00:00,15015.620960526847,16410.857997344723,11111.195062890589
forecast_8270,2025-12-11 14:00:00,13381.564376876782,14461.21343657965,9288.707920065503
forecast_8271,2025-12-11 15:00:00,12635.231293515804,13617.725362897789,8548.144730700058
forecast_8272,2025-12-11 16:00:00,12676.822124795572,13526.440316864737,8450.380199589605
forecast_8273,2025-12-11 17:00:00,13151.254313887142,13960.12062144314,9082.62420430884
forecast_8274,2025-12-11 18:00:00,12626.627532617622,13710.63687436097,9176.674714392673
forecast_8275,2025-12-11 19:00:00,11494.859495626346,12735.01046609636,8535.382477616507
forecast_8276,2025-12-11 20:00:00,9001.464228521025,9621.105432557528,6498.45612140673
forecast_8277,2025-12-11 21:00:00,6134.264428361543,6203.3791614458505,3956.159295700368
forecast_8278,2025-12-11 22:00:00,3980.1955935639166,4616.2268182682465,3709.126400864239
forecast_8279,2025-12-11 23:00:00,3901.0097792322604,3971.7423230630284,3880.4791548863604
forecast_8280,2025-12-12 00:00:00,3770.967581617204,4229.947299008697,4104.839075934271
forecast_8281,2025-12-12 01:00:00,3857.7990602748528,3918.6670255213903,3411.0282738312544
forecast_8282,2025-12-12 02:00:00,3612.1813204552673,3887.147746912194,3260.9559343282203
forecast_8283,2025-12-12 03:00:00,3586.0641438857447,3378.61655807746,3288.4288652412565
forecast_8284,2025-12-12 04:00:00,3662.3673919730772,3732.6513054762804,3009.748578080388
forecast_8285,2025-12-12 05:00:00,3366.8781354576695,3439.963929449508,3026.1812483454746
forecast_8286,2025-12-12 06:00:00,3217.484118539497,3489.9684483527176,3309.327566260777
forecast_8287,2025-12-12 07:00:00,3496.3491989989134,3094.493379230915,2964.925144279836
forecast_8288,2025-12-12 08:00:00,4330.951714662037,3343.5799281229865,2120.2200107318577
forecast_8289,2025-12-12 09:00:00,4990.996956718468,3418.239793574157,1478.308154463247
forecast_8290,2025-12-12 10:00:00,4894.224510359903,3570.2357367004793,1717.1473569598325
forecast_8291,2025-12-12 11:00:00,4604.660074218663,3919.1560652769567,1722.0459052183696
forecast_8292,2025-12-12 12:00:00,3504.3705948966503,3152.8788358568977,54.00325000503425
forecast_8293,2025-12-12 13:00:00,4033.298472855295,3238.846237634908,28.550446099753945
forecast_8294,2025-12-12 14:00:00,1991.5959099688941,1439.2543544979467,5.499288501290811
forecast_8295,2025-12-12 15:00:00,1205.501156225706,31.908473637682928,2.739413979756013
forecast_8296,2025-12-12 16:00:00,2922.3716954589686,2120.948913003541,4.489852263790227
forecast_8297,2025-12-12 17:00:00,3191.873385190174,2289.321951920053,3272.716193023683
forecast_8298,2025-12-12 18:00:00,3220.0651892697256,2832.0384714748443,1941.7753844687425
forecast_8299,2025-12-12 19:00:00,3239.5715328653073,4760.363830706994,2299.7292420111394
forecast_8300,2025-12-12 20:00:00,3252.0835404162326,3446.6515963279558,3052.901683380735
forecast_8301,2025-12-12 21:00:00,4000.8809421074134,3762.484911705571,3680.4181216231423
forecast_8302,2025-12-12 22:00:00,5588.700038791501,5593.464834013359,4280.260976538224
forecast_8303,2025-12-12 23:00:00,4882.120988892735,6289.892257396827,4091.4769991439775
forecast_8304,2025-12-13 00:00:00,4196.548957727557,6540.65422806725,3939.9905635197133
forecast_8305,2025-12-13 01:00:00,4171.294552100312,4484.59039066936,3962.782135888023
forecast_8306,2025-12-13 02:00:00,4531.445947206297,4895.232300797348,3800.1764100396495
forecast_8307,2025-12-13 03:00:00,5082.387132601081,5377.820322361096,3774.2692175248358
forecast_8308,2025-12-13 04:00:00,5053.087164135303,5766.302347579601,3836.8862766739453
forecast_8309,2025-12-13 05:00:00,5153.404613270853,5612.427386294678,3855.3809188271266
forecast_8310,2025-12-13 06:00:00,4645.954682950175,4498.887895946846,3796.3564810000944
forecast_8311,2025-12-13 07:00:00,4231.288797638918,4754.564208782441,3812.0350824342395
forecast_8312,2025-12-13 08:00:00,4176.4750933553,4435.839081576258,3723.9958117548554
forecast_8313,2025-12-13 09:00:00,4049.7342832529034,4138.689459287692,3790.2159847161793
forecast_8314,2025-12-13 10:00:00,5232.548615341989,4667.220425356925,3723.8779691278
forecast_8315,2025-12-13 11:00:00,4029.4445335387777,3731.6196540898695,3700.005114097876
forecast_8316,2025-12-13 12:00:00,4687.479803030625,4029.2216682845115,3550.413088493869
forecast_8317,2025-12-13 13:00:00,3735.1285664979023,3612.9048518307854,3834.6153491999517
forecast_8318,2025-12-13 14:00:00,3445.1665794982614,3609.407897342172,3549.10780574509
forecast_8319,2025-12-13 15:00:00,3592.6568370040736,3652.298196100689,3283.0636063158645
forecast_8320,2025-12-13 16:00:00,3333.926543243839,3411.1875647978723,3625.9858030712157
forecast_8321,2025-12-13 17:00:00,4001.921515708688,4315.31019876356,3443.4466515297963
forecast_8322,2025-12-13 18:00:00,4797.360244510131,5483.38313444911,3590.4378960071685
forecast_8323,2025-12-13 19:00:00,6178.042701655421,6941.176094915828,4229.245469752555
forecast_8324,2025-12-13 20:00:00,5405.793678414292,5879.680106625673,4013.2853402829255
forecast_8325,2025-12-13 21:00:00,6671.9040424710665,7188.796929387453,4287.532680367908
forecast_8326,2025-12-13 22:00:00,6778.240318970562,8437.547741574806,5160.30186483641
forecast_8327,2025-12-13 23:00:00,9859.464965962043,13078.25658638465,7354.98138365321
forecast_8328,2025-12-14 00:00:00,12684.107485655606,13234.047923324493,9248.49047837852
forecast_8329,2025-12-14 01:00:00,15219.95275693175,17295.652338541535,12132.654618464552
forecast_8330,2025-12-14 02:00:00,14971.299825225784,17549.464488467227,12313.273764492687
forecast_8331,2025-12-14 03:00:00,15074.612770770886,17553.21256993047,12951.628970488826
forecast_8332,2025-12-14 04:00:00,15963.619357236195,17827.66207506776,14189.361152751433
forecast_8333,2025-12-14 05:00:00,16094.207825239591,17722.30744333385,14703.9919449868
forecast_8334,2025-12-14 06:00:00,15717.309783493036,18116.73257036763,14898.268074478085
forecast_8335,2025-12-14 07:00:00,15132.83293085568,17584.793762466274,14730.546491274736
forecast_8336,2025-12-14 08:00:00,15150.202623469326,17590.26511235577,13491.187695373761
forecast_8337,2025-12-14 09:00:00,15671.747949372158,17639.974461555747,13131.432741332132
forecast_8338,2025-12-14 10:00:00,16226.367998754373,17538.004208759583,13156.82868699984
forecast_8339,2025-12-14 11:00:00,16704.62401824216,17716.97795527855,13320.434318186797
forecast_8340,2025-12-14 12:00:00,16468.950701936614,17662.54218032246,13353.038726226598
forecast_8341,2025-12-14 13:00:00,15343.489961946425,16861.13870314273,12121.996363274844
forecast_8342,2025-12-14 14:00:00,14139.042244903894,15685.60589803693,11089.685833723583
forecast_8343,2025-12-14 15:00:00,13272.524132804554,14157.336671073344,10175.986936804224
forecast_8344,2025-12-14 16:00:00,13087.429095576017,14489.328745409652,10285.378355688496
forecast_8345,2025-12-14 17:00:00,13908.96795305397,15109.183634279487,11172.771361892928
forecast_8346,2025-12-14 18:00:00,14779.29423562373,16596.062988253263,11883.811149535435
forecast_8347,2025-12-14 19:00:00,15630.393569003716,17557.26824979354,13334.565084754628
forecast_8348,2025-12-14 20:00:00,16110.030717208088,17816.778160644826,13946.988889304963
forecast_8349,2025-12-14 21:00:00,16297.226913975877,17976.162847789332,14466.884136712246
forecast_8350,2025-12-14 22:00:00,16451.79675590614,18111.564906026237,14111.932664282624
forecast_8351,2025-12-14 23:00:00,16525.380543832518,18124.948329912022,14323.232274416172
forecast_8352,2025-12-15 00:00:00,16600.894477830516,18188.122440048042,14499.221080474763
forecast_8353,2025-12-15 01:00:00,17177.795777246916,18706.94639289614,15078.020076039527
forecast_8354,2025-12-15 02:00:00,17432.036234420713,18753.16393698807,15365.55570604531
forecast_8355,2025-12-15 03:00:00,18528.90071958434,19288.216516345357,15860.745271798516
forecast_8356,2025-12-15 04:00:00,18644.552476018336,19932.00741044089,15806.000288963609
forecast_8357,2025-12-15 05:00:00,18719.796159138055,19898.74492893229,15803.7907992703
forecast_8358,2025-12-15 06:00:00,18938.245921114383,19728.113029342556,15323.39781315762
forecast_8359,2025-12-15 07:00:00,19880.64976974062,19898.073620902178,14972.215325274256
forecast_8360,2025-12-15 08:00:00,19034.127356976303,19628.798104903693,14388.18562977108
forecast_8361,2025-12-15 09:00:00,18544.611135422605,18733.04306133487,13718.867526956707
forecast_8362,2025-12-15 10:00:00,18203.582451157472,18265.11869368653,12675.75155689818
forecast_8363,2025-12-15 11:00:00,16596.141164238812,17055.999741743002,12371.351649068934
forecast_8364,2025-12-15 12:00:00,14674.546020565846,15613.113562917537,10472.080719438069
forecast_8365,2025-12-15 13:00:00,14322.26063278133,15170.072540904099,10729.174460494194
forecast_8366,2025-12-15 14:00:00,13843.435783447203,14214.56015725692,11577.371657875397
forecast_8367,2025-12-15 15:00:00,14288.151156133421,15072.160619682929,12173.462394675327
forecast_8368,2025-12-15 16:00:00,14962.19702965975,15673.82328438265,12727.667786635833
forecast_8369,2025-12-15 17:00:00,17794.054284460148,18251.505308187563,14051.578555988737
forecast_8370,2025-12-15 18:00:00,19883.44282844557,19745.033837601302,15547.41343383851
forecast_8371,2025-12-15 19:00:00,20286.198600473563,19908.974823776844,16788.841410642777
forecast_8372,2025-12-15 20:00:00,20286.097482738554,20143.04013156896,17400.859186470076
forecast_8373,2025-12-15 21:00:00,20200.982476870988,19959.132682808275,17405.864574371553
forecast_8374,2025-12-15 22:00:00,20006.22688298981,19898.476333197337,16406.447183560456
forecast_8375,2025-12-15 23:00:00,19172.24881738723,18920.656665653387,15469.182118877094
forecast_8376,2025-12-16 00:00:00,18449.163901644875,18725.9337067449,15602.122937208527
forecast_8377,2025-12-16 01:00:00,17393.580797338516,17470.800575776364,14760.226328743205
forecast_8378,2025-12-16 02:00:00,16650.852435050332,17318.99372046765,14234.955508912244
forecast_8379,2025-12-16 03:00:00,14906.726580568064,16462.612101116825,12688.996908437493
forecast_8380,2025-12-16 04:00:00,13900.27605808405,15666.613192838795,12119.192155014867
forecast_8381,2025-12-16 05:00:00,12761.856527795893,14225.078806923311,10593.813716782252
forecast_8382,2025-12-16 06:00:00,11509.276460676545,12539.312631835583,9824.644470529567
forecast_8383,2025-12-16 07:00:00,10379.157470873766,11410.809917190836,8930.649001001819
forecast_8384,2025-12-16 08:00:00,10459.471647202801,10872.186072809254,9500.97896620739
forecast_8385,2025-12-16 09:00:00,10035.29898754318,10125.38186579279,9519.487335075686
forecast_8386,2025-12-16 10:00:00,10064.075984013709,10110.038016649196,10288.831963350496
forecast_8387,2025-12-16 11:00:00,9388.741215686508,9829.493374960184,10108.126329316832
forecast_8388,2025-12-16 12:00:00,9122.748899870689,9615.90556258707,10321.597504202184
forecast_8389,2025-12-16 13:00:00,9409.625978070031,9847.397806470466,9850.380030555456
forecast_8390,2025-12-16 14:00:00,9667.551044545513,9922.214835153052,9008.607762156656
forecast_8391,2025-12-16 15:00:00,9641.797134513805,9961.097803197837,8099.757977635406
forecast_8392,2025-12-16 16:00:00,9314.450957023593,9832.476150139095,7224.931671374175
forecast_8393,2025-12-16 17:00:00,9840.694097410285,9423.951532580057,6858.099230139814
forecast_8394,2025-12-16 18:00:00,9849.784152317226,9898.394317902294,6495.313433533257
forecast_8395,2025-12-16 19:00:00,9728.33708569996,10070.750650719878,6958.4054694497745
forecast_8396,2025-12-16 20:00:00,9297.05120188289,9888.244730643362,6986.61196522848
forecast_8397,2025-12-16 21:00:00,9446.887737074312,9945.16547955575,6981.158597073921
forecast_8398,2025-12-16 22:00:00,8365.839510424552,9058.30491465482,6590.192263964362
forecast_8399,2025-12-16 23:00:00,8513.475251206644,9014.842553397373,6319.154904029244
forecast_8400,2025-12-17 00:00:00,8297.34600994167,9100.891584955305,6174.369517137772
forecast_8401,2025-12-17 01:00:00,8288.824674705862,9133.135426125487,6561.2831536212525
forecast_8402,2025-12-17 02:00:00,8656.403143429437,9207.6088440449,6459.842777587984
forecast_8403,2025-12-17 03:00:00,8376.550321130739,9276.2855216012,5706.072798046812
forecast_8404,2025-12-17 04:00:00,8034.311065986421,8716.67629987278,5440.73347644613
forecast_8405,2025-12-17 05:00:00,7349.835648870511,8162.209222839433,4942.512650296959
forecast_8406,2025-12-17 06:00:00,6688.314837888052,7211.456904191923,4856.6589987986645
forecast_8407,2025-12-17 07:00:00,6417.632981617974,6815.011573306472,4586.911522449449
forecast_8408,2025-12-17 08:00:00,6217.104549612933,6809.64543777824,4587.653630837251
forecast_8409,2025-12-17 09:00:00,6467.371078636029,7043.957315087942,4204.4776872388875
forecast_8410,2025-12-17 10:00:00,5396.504716098019,6302.521358392646,3945.133767063614
forecast_8411,2025-12-17 11:00:00,5935.664464133533,6778.524891508527,4222.286504426333
forecast_8412,2025-12-17 12:00:00,5589.82204551159,5982.646376332863,3888.1661739261485
forecast_8413,2025-12-17 13:00:00,5115.650570326836,5437.532068378415,3847.9817706039908
forecast_8414,2025-12-17 14:00:00,4575.812246668021,4488.389208836466,3716.707240621471
forecast_8415,2025-12-17 15:00:00,3877.4263615934037,3855.712560176786,3473.441903617945
forecast_8416,2025-12-17 16:00:00,3789.244264285516,3785.6750383546882,4018.565897094718
forecast_8417,2025-12-17 17:00:00,3979.0057653545064,3782.975051565007,4870.13175048646
forecast_8418,2025-12-17 18:00:00,4169.43540428828,3908.13037719245,3921.9327275678666
forecast_8419,2025-12-17 19:00:00,4310.515305587684,4278.719937832492,3771.6019075246813
forecast_8420,2025-12-17 20:00:00,5294.712676192236,5253.029162130204,3827.7596049379504
forecast_8421,2025-12-17 21:00:00,6556.616094788649,6435.371758131241,4226.280021414128
forecast_8422,2025-12-17 22:00:00,7800.614860594659,7744.289431364544,5378.0182807083565
forecast_8423,2025-12-17 23:00:00,8862.030204561013,9052.765406353657,6447.878041414338
forecast_8424,2025-12-18 00:00:00,9249.254880776194,9373.268309446568,6231.038405405762
forecast_8425,2025-12-18 01:00:00,13058.731810854737,14117.41989659933,9802.569446334619
forecast_8426,2025-12-18 02:00:00,13632.69987612849,14409.286942144985,10073.36196646872
forecast_8427,2025-12-18 03:00:00,14727.004248399373,15401.129452574822,10582.049142532533
forecast_8428,2025-12-18 04:00:00,15659.51525113039,15917.705910682962,10617.423051037476
forecast_8429,2025-12-18 05:00:00,16982.980153497843,16631.719396265158,10679.833009018052
forecast_8430,2025-12-18 06:00:00,17104.51217740858,16464.19509137619,10137.026416677694
forecast_8431,2025-12-18 07:00:00,17102.66561562291,16006.974678646413,10675.573485904966
forecast_8432,2025-12-18 08:00:00,14897.866220654134,14342.792792160615,10042.025887117356
forecast_8433,2025-12-18 09:00:00,12916.77721277416,11546.914299989294,8382.576638637536
forecast_8434,2025-12-18 10:00:00,9021.884527530794,8423.342647858499,6092.223326501064
forecast_8435,2025-12-18 11:00:00,6874.337010815156,6671.037253075121,4515.253640224862
forecast_8436,2025-12-18 12:00:00,5115.872588775223,4864.505914614967,3928.5526806822245
forecast_8437,2025-12-18 13:00:00,4303.11042178753,4052.3471833479093,3887.417461248391
forecast_8438,2025-12-18 14:00:00,4094.938216242126,3983.1995732549344,3863.2984116160324
forecast_8439,2025-12-18 15:00:00,4519.953141734202,4335.429304540349,3898.1604008007353
forecast_8440,2025-12-18 16:00:00,5087.222545016752,4831.879648753392,4109.581311665891
forecast_8441,2025-12-18 17:00:00,6223.255923152777,6097.4813052938025,4057.42035557986
forecast_8442,2025-12-18 18:00:00,6621.607580022951,7334.147777612494,4407.986013173069
forecast_8443,2025-12-18 19:00:00,8016.413050142101,8455.324331563788,4959.718880263298
forecast_8444,2025-12-18 20:00:00,9002.329826568566,9439.27616352879,5241.152720197316
forecast_8445,2025-12-18 21:00:00,10157.511754734702,10365.673103418352,6737.904312439754
forecast_8446,2025-12-18 22:00:00,10536.95304585548,11415.977121485255,7398.424842912558
forecast_8447,2025-12-18 23:00:00,12243.608957592514,12793.053996804021,8391.593949379601
forecast_8448,2025-12-19 00:00:00,11253.264563548953,15994.797952090397,8716.184913968867
forecast_8449,2025-12-19 01:00:00,17285.299009370945,18539.94857261433,14824.776000235759
forecast_8450,2025-12-19 02:00:00,17673.419482496905,18572.40100315483,15068.71975614432
forecast_8451,2025-12-19 03:00:00,18440.534710957327,19519.163621854143,15437.334312104946
forecast_8452,2025-12-19 04:00:00,17618.509296704335,18711.257166759377,14455.755808936901
forecast_8453,2025-12-19 05:00:00,17183.705284083062,18273.351882874405,13413.85317657688
forecast_8454,2025-12-19 06:00:00,17315.843078978334,18226.8276009299,13306.711067813292
forecast_8455,2025-12-19 07:00:00,17533.591383994666,18670.364100188166,14056.559463890148
forecast_8456,2025-12-19 08:00:00,16640.785653823663,18786.606279254498,14508.401904787608
forecast_8457,2025-12-19 09:00:00,18275.470069096664,18935.303594273737,15094.220150228191
forecast_8458,2025-12-19 10:00:00,18831.798871315026,18976.045965759015,16365.251048215237
forecast_8459,2025-12-19 11:00:00,19752.627713725895,19377.222277557474,16991.889893677122
forecast_8460,2025-12-19 12:00:00,19508.71443881536,19612.47153525332,17036.411731985067
forecast_8461,2025-12-19 13:00:00,18953.070528448923,19118.742489055167,16708.559137550903
forecast_8462,2025-12-19 14:00:00,18615.874225920357,18990.3668432784,16322.660282015278
forecast_8463,2025-12-19 15:00:00,17682.434828938185,18995.07326370194,16310.513341983187
forecast_8464,2025-12-19 16:00:00,18369.850085997932,18674.024708646473,16237.771838822839
forecast_8465,2025-12-19 17:00:00,18460.486614761427,18548.355678710977,16668.198764810517
forecast_8466,2025-12-19 18:00:00,16269.102037925366,17750.646947341007,17007.1519764805
forecast_8467,2025-12-19 19:00:00,16076.08135313579,17806.597954507008,17378.76974318568
forecast_8468,2025-12-19 20:00:00,17862.854664045986,17912.735515713975,16765.41530571553
forecast_8469,2025-12-19 21:00:00,17347.723406734065,17835.192826443003,16386.369047615186
forecast_8470,2025-12-19 22:00:00,16860.20398444951,17850.30502244904,15962.123095429928
forecast_8471,2025-12-19 23:00:00,16775.607158593226,17918.389730679457,16077.249927800853
forecast_8472,2025-12-20 00:00:00,17018.80785500329,18031.30774829504,16121.221531296593
forecast_8473,2025-12-20 01:00:00,15688.553553572228,17820.408582179563,15485.64427982898
forecast_8474,2025-12-20 02:00:00,15723.721712461316,17382.725822512435,15220.44880660223
forecast_8475,2025-12-20 03:00:00,14867.56108118231,17770.40884840618,14017.17977464666
forecast_8476,2025-12-20 04:00:00,15469.617591899232,18056.511426841826,13347.697493967476
forecast_8477,2025-12-20 05:00:00,15273.62803124624,17779.286248855587,13060.606301515958
forecast_8478,2025-12-20 06:00:00,15273.063785570292,17591.110811509236,12441.649704583828
forecast_8479,2025-12-20 07:00:00,15475.06936592193,17447.370383769867,11775.349557465886
forecast_8480,2025-12-20 08:00:00,16636.9148797139,17307.43299139735,12445.033612712585
forecast_8481,2025-12-20 09:00:00,16856.06904352372,17281.61198675236,14241.525958652142
forecast_8482,2025-12-20 10:00:00,17066.65764713552,17220.802005803387,14427.351026580884
forecast_8483,2025-12-20 11:00:00,17573.156112921115,17516.22346189102,14484.056393201214
forecast_8484,2025-12-20 12:00:00,15994.24206290685,17809.56599776823,14078.737606614302
forecast_8485,2025-12-20 13:00:00,16533.973755330564,17872.093907202947,15160.342907949815
forecast_8486,2025-12-20 14:00:00,15799.65328987216,17093.124216551874,14325.023898229663
forecast_8487,2025-12-20 15:00:00,16214.453695507971,17136.36657315033,12111.32386550654
forecast_8488,2025-12-20 16:00:00,13134.377842151349,15575.62929382972,11423.298732774005
forecast_8489,2025-12-20 17:00:00,12804.630968651187,14716.230990537188,10725.000110305884
forecast_8490,2025-12-20 18:00:00,13634.604626781831,14724.492186646903,10691.037586179695
forecast_8491,2025-12-20 19:00:00,14236.03329996039,15215.38016816862,11254.037860301967
forecast_8492,2025-12-20 20:00:00,14938.21448848454,15821.93944656056,11844.005702745915
forecast_8493,2025-12-20 21:00:00,15230.93607577189,16347.222768986012,11308.76549780912
forecast_8494,2025-12-20 22:00:00,16372.789372674239,16998.503187362407,14246.300437468204
forecast_8495,2025-12-20 23:00:00,17283.991855087745,17520.17167325637,14580.626822273858
forecast_8496,2025-12-21 00:00:00,17565.43061987032,17949.46489102459,13950.540797987724
forecast_8497,2025-12-21 01:00:00,20120.693114181846,19736.936242648586,16967.624324782646
forecast_8498,2025-12-21 02:00:00,20316.226613558403,19925.189357155577,17019.01083785145
forecast_8499,2025-12-21 03:00:00,19913.66666811063,19880.260161289578,17052.019464800058
forecast_8500,2025-12-21 04:00:00,19884.5666491634,19454.125614576027,16948.58199558178
forecast_8501,2025-12-21 05:00:00,18846.2711750773,19031.12515844187,16654.44414927913
forecast_8502,2025-12-21 06:00:00,18416.242774001563,18615.72782759806,16339.910903005626
forecast_8503,2025-12-21 07:00:00,18291.760409658888,18326.905229834552,15725.306092245764
forecast_8504,2025-12-21 08:00:00,17008.634182943242,17495.702267872704,14443.468505656903
forecast_8505,2025-12-21 09:00:00,15785.397145448142,17209.95159203673,13334.27568608883
forecast_8506,2025-12-21 10:00:00,14815.728272750868,16774.83397696168,11678.41193857239
forecast_8507,2025-12-21 11:00:00,13975.737974565329,16045.572330999446,10887.785235835017
forecast_8508,2025-12-21 12:00:00,12585.183590923925,14054.510182613902,9717.293149481013
forecast_8509,2025-12-21 13:00:00,10490.892375320149,12157.273714797504,8108.780842317569
forecast_8510,2025-12-21 14:00:00,7972.818348904648,8541.885196437093,6238.335722332632
forecast_8511,2025-12-21 15:00:00,5486.793524372738,6094.50211544922,3944.5891178624925
forecast_8512,2025-12-21 16:00:00,4464.357185331258,4476.613531984589,4021.5390079149206
forecast_8513,2025-12-21 17:00:00,4247.489804524553,4264.3306970842405,4091.940936179336
forecast_8514,2025-12-21 18:00:00,4756.512288454416,4631.630310605071,4024.297039437921
forecast_8515,2025-12-21 19:00:00,5134.162634866352,4839.756733868221,3899.102498134374
forecast_8516,2025-12-21 20:00:00,5273.75603535396,4783.601975067123,3864.5934644468894
forecast_8517,2025-12-21 21:00:00,4756.815472713374,4272.681030427705,3979.350044112008
forecast_8518,2025-12-21 22:00:00,3986.206511245996,3963.3049801410993,3735.682594784623
forecast_8519,2025-12-21 23:00:00,3846.944133177346,3864.2334185008754,3766.090851922172
forecast_8520,2025-12-22 00:00:00,3819.109512843853,3729.0743243572074,3578.2224619434473
forecast_8521,2025-12-22 01:00:00,3875.9052033846588,3593.737352003433,3684.845925617944
forecast_8522,2025-12-22 02:00:00,3754.008639205735,3756.748839632629,3448.2686010352045
forecast_8523,2025-12-22 03:00:00,3627.1571012771847,3414.89979802775,3351.298993086617
forecast_8524,2025-12-22 04:00:00,3417.8034454689337,3472.1295909016994,3108.6895545797133
forecast_8525,2025-12-22 05:00:00,3236.413280605943,3572.131514417807,2660.4993554099387
forecast_8526,2025-12-22 06:00:00,3383.835844325311,3455.504905916316,2714.2537273934663
forecast_8527,2025-12-22 07:00:00,3257.939512559314,3232.9215579674315,2292.3181149041857
forecast_8528,2025-12-22 08:00:00,3260.816590192918,3474.3874350460605,2313.2251220893204
forecast_8529,2025-12-22 09:00:00,3400.365763996603,3701.6698114958313,2211.1664293877316
forecast_8530,2025-12-22 10:00:00,3070.4022369813983,3437.9379227859104,115.45318203793316
forecast_8531,2025-12-22 11:00:00,4496.240343112305,3530.6886070150795,10.499682612857839
forecast_8532,2025-12-22 12:00:00,4158.256321626718,2509.7252987883653,20.13146486186736
forecast_8533,2025-12-22 13:00:00,88.96128427592886,2445.00067726209,25.140230464070775
forecast_8534,2025-12-22 14:00:00,3162.400210711367,2482.251509559365,23.42272602677252
forecast_8535,2025-12-22 15:00:00,2777.5945164244918,2544.0461982404795,9.889729283139841
forecast_8536,2025-12-22 16:00:00,18.11729951790361,3106.197687766612,0.021554986485884706
forecast_8537,2025-12-22 17:00:00,7310.360283843489,8368.558178824513,2061.0755225072526
forecast_8538,2025-12-22 18:00:00,3073.9376702503805,2999.993053994073,2809.617695262751
forecast_8539,2025-12-22 19:00:00,3438.7638668261447,3579.402811206856,2599.6154554825303
forecast_8540,2025-12-22 20:00:00,3838.278638709756,3503.052902607477,3215.5134241179144
forecast_8541,2025-12-22 21:00:00,3654.258778700205,3491.8216466843483,3110.5982595282417
forecast_8542,2025-12-22 22:00:00,4117.829849026634,3879.943027599731,3335.042480649258
forecast_8543,2025-12-22 23:00:00,4129.805744245821,4061.909278163626,3674.227062680221
forecast_8544,2025-12-23 00:00:00,3957.801727138281,4218.554839405374,3742.8401422742986
forecast_8545,2025-12-23 01:00:00,4993.97198046207,5042.875328856216,3717.163946015074
forecast_8546,2025-12-23 02:00:00,5354.515321134343,5498.822987869434,3749.1559836801266
forecast_8547,2025-12-23 03:00:00,5327.580699369298,5346.187315983645,3858.192752752112
forecast_8548,2025-12-23 04:00:00,5851.8486821852175,6125.403701030783,3811.0855613735766
forecast_8549,2025-12-23 05:00:00,6004.982304122863,6216.452995096945,3877.659839170496
forecast_8550,2025-12-23 06:00:00,6433.983889917183,6581.651781601346,3972.802976128352
forecast_8551,2025-12-23 07:00:00,5932.0444636333905,5806.740601041328,3895.9656888130767
forecast_8552,2025-12-23 08:00:00,4974.993062057349,5161.032811043958,3858.807138487746
forecast_8553,2025-12-23 09:00:00,5570.440603488303,6105.93247451661,3838.1349595284596
forecast_8554,2025-12-23 10:00:00,6184.673822020616,6942.997554974135,4087.869993115236
forecast_8555,2025-12-23 11:00:00,5777.458172509197,7447.5117985267625,5125.820353482238
forecast_8556,2025-12-23 12:00:00,6616.580016232712,8234.71017585048,4759.8568953241365
forecast_8557,2025-12-23 13:00:00,6144.623359647914,7617.651127517676,4448.687872033669
forecast_8558,2025-12-23 14:00:00,7067.592400729559,7506.776525957489,4210.823674508163
forecast_8559,2025-12-23 15:00:00,6730.825272053133,7143.282541204844,4329.239544657158
forecast_8560,2025-12-23 16:00:00,6285.574975436838,6327.793450592014,4447.597326936915
forecast_8561,2025-12-23 17:00:00,6465.979873464691,6779.150104183077,4344.181565559947
forecast_8562,2025-12-23 18:00:00,7041.9176490656455,8519.570927385375,4324.198671092333
forecast_8563,2025-12-23 19:00:00,8825.029558409546,10380.08643867451,5856.2095901688845
forecast_8564,2025-12-23 20:00:00,9534.375716004475,11258.404788903417,5497.279570547901
forecast_8565,2025-12-23 21:00:00,10020.502697879148,12085.288039687835,5802.535156646953
forecast_8566,2025-12-23 22:00:00,9944.102930180754,12595.909867514798,6022.11130025012
forecast_8567,2025-12-23 23:00:00,9321.386506124014,10735.922448664725,6641.039586933734
forecast_8568,2025-12-24 00:00:00,8366.407027901654,10508.791972128476,6600.785433052403
forecast_8569,2025-12-24 01:00:00,6900.354899450878,7708.334567952034,5097.36513847537
forecast_8570,2025-12-24 02:00:00,6464.975032393405,6784.336329260916,4800.945147160971
forecast_8571,2025-12-24 03:00:00,6089.465405186269,6540.766753516806,4335.343230377694
forecast_8572,2025-12-24 04:00:00,4106.529256942809,4007.4338457911235,4373.709460096724
forecast_8573,2025-12-24 05:00:00,3937.8132162752536,4001.7915670464163,3777.922576898556
forecast_8574,2025-12-24 06:00:00,3858.8807452076285,3831.1029182027364,3648.4606095197164
forecast_8575,2025-12-24 07:00:00,3889.5337734126147,3807.1227931783465,3708.2925534703886
forecast_8576,2025-12-24 08:00:00,4256.888028499898,4163.261359405695,3574.0284530052604
forecast_8577,2025-12-24 09:00:00,3802.168636158473,3563.5933284811267,2949.940412358176
forecast_8578,2025-12-24 10:00:00,3207.441928265152,3464.3970725926806,2855.5495691470796
forecast_8579,2025-12-24 11:00:00,3479.890289892478,3758.7495644606565,2912.2546671399136
forecast_8580,2025-12-24 12:00:00,3457.318704412896,3129.1782949095073,3126.7549113155414
forecast_8581,2025-12-24 13:00:00,3695.393367120431,3207.392821965704,3126.7391675475933
forecast_8582,2025-12-24 14:00:00,4243.25393195976,3760.3367796634125,1799.1643933668497
forecast_8583,2025-12-24 15:00:00,3739.2327843859675,3115.05310955293,2296.124407069351
forecast_8584,2025-12-24 16:00:00,4232.074846721717,3462.5884276148845,2486.7977133333334
forecast_8585,2025-12-24 17:00:00,4147.095811489548,4010.7502480492226,2780.670957673377
forecast_8586,2025-12-24 18:00:00,3955.595093809237,4067.8429750210357,2857.4194900820266
forecast_8587,2025-12-24 19:00:00,4882.2169216748425,4839.011251441777,2890.3011810332328
forecast_8588,2025-12-24 20:00:00,3638.0845046765303,3595.323559830686,3598.1704055652103
forecast_8589,2025-12-24 21:00:00,3918.1773558952814,3801.435251925887,3708.888792917981
forecast_8590,2025-12-24 22:00:00,4934.5949176188815,4577.334744340326,3724.878045720566
forecast_8591,2025-12-24 23:00:00,5247.23362269988,4649.119896021016,4228.138550167175
forecast_8592,2025-12-25 00:00:00,5639.651197941041,5527.199545771714,4482.523890502736
forecast_8593,2025-12-25 01:00:00,4386.434213309519,3976.9317571125657,4421.532078364433
forecast_8594,2025-12-25 02:00:00,4718.759632780535,4787.677055738355,3785.8246183743336
forecast_8595,2025-12-25 03:00:00,5766.637485693293,5587.953133114408,4027.963593730588
forecast_8596,2025-12-25 04:00:00,7156.502709380444,7209.396905198134,4939.824825390568
forecast_8597,2025-12-25 05:00:00,8396.535333474432,8912.286846251112,5462.910876917061
forecast_8598,2025-12-25 06:00:00,10326.924758829111,11631.402224728114,7053.479484540188
forecast_8599,2025-12-25 07:00:00,12005.869469272327,14307.545652331899,9300.608274577162
forecast_8600,2025-12-25 08:00:00,14069.487887905349,16706.79943166588,11189.136110349284
forecast_8601,2025-12-25 09:00:00,15064.92326190212,16762.85769617779,12450.103908194951
forecast_8602,2025-12-25 10:00:00,15127.101164592497,16946.463072595252,12763.162254439207
forecast_8603,2025-12-25 11:00:00,14682.749215724101,16303.38824239671,12094.364604766353
forecast_8604,2025-12-25 12:00:00,14156.357131110475,16285.41525829852,10495.731017782398
forecast_8605,2025-12-25 13:00:00,13479.634255537063,15854.855272131828,9551.265069871115
forecast_8606,2025-12-25 14:00:00,13695.256474374526,16342.942278726325,10001.172326818702
forecast_8607,2025-12-25 15:00:00,14030.315791604364,16306.597324492706,10973.667862979326
forecast_8608,2025-12-25 16:00:00,14598.265328151607,16424.520465921814,11578.786660602525
forecast_8609,2025-12-25 17:00:00,14811.743595263422,16624.138064865318,11558.60307316719
forecast_8610,2025-12-25 18:00:00,14701.886403934699,17098.309595021237,11698.86330801861
forecast_8611,2025-12-25 19:00:00,14923.4768197052,16745.492737597688,12401.498041863375
forecast_8612,2025-12-25 20:00:00,15217.145538058732,16805.76172567151,13110.49337834306
forecast_8613,2025-12-25 21:00:00,14833.322543108105,17029.639909327812,13484.761108940691
forecast_8614,2025-12-25 22:00:00,14436.620246705534,16980.935793558518,13469.741706740198
forecast_8615,2025-12-25 23:00:00,14476.14911388851,17456.48445465139,13616.833866399393
forecast_8616,2025-12-26 00:00:00,14693.651046433632,17813.223624855695,13594.734927848494
forecast_8617,2025-12-26 01:00:00,16092.399348080038,18292.382786322345,13619.686708509502
forecast_8618,2025-12-26 02:00:00,16052.81496963526,18221.232209944967,13424.304989240407
forecast_8619,2025-12-26 03:00:00,16300.48831140386,17773.64710373036,13736.782114125008
forecast_8620,2025-12-26 04:00:00,16575.255784046014,17686.79744259392,13776.55943985072
forecast_8621,2025-12-26 05:00:00,17073.180929450526,17795.021093843603,13772.776147942986
forecast_8622,2025-12-26 06:00:00,17413.54082827165,18394.972521876032,14105.09100696174
forecast_8623,2025-12-26 07:00:00,17821.9674653195,18910.32327811316,14243.78599398074
forecast_8624,2025-12-26 08:00:00,18048.493687223418,18513.846369182334,13205.172267495893
forecast_8625,2025-12-26 09:00:00,17076.028789173895,17826.719402978422,13113.884158831457
forecast_8626,2025-12-26 10:00:00,15422.81829109817,16975.65912437108,11516.301600740318
forecast_8627,2025-12-26 11:00:00,13626.74932817663,14955.603153010617,10235.729203150606
forecast_8628,2025-12-26 12:00:00,12283.493041675973,13140.8003865242,8946.81562742373
forecast_8629,2025-12-26 13:00:00,11469.607236052665,12148.795069487325,8799.15066180841
forecast_8630,2025-12-26 14:00:00,11254.868948985379,11882.747894208964,8691.584974241992
forecast_8631,2025-12-26 15:00:00,11302.401939273113,11904.962186225444,8462.254223236476
forecast_8632,2025-12-26 16:00:00,11496.639766765415,12193.87871755555,8337.654553748216
forecast_8633,2025-12-26 17:00:00,12515.641668602055,13281.630159372628,9207.97390354088
forecast_8634,2025-12-26 18:00:00,12071.873896245386,13381.73850672738,9426.21350179709
forecast_8635,2025-12-26 19:00:00,13505.479962759373,14754.126289898471,9814.829863675306
forecast_8636,2025-12-26 20:00:00,14713.980764376407,15837.19643355983,10933.625150461194
forecast_8637,2025-12-26 21:00:00,17156.526848645302,17860.881294184874,12768.320293672123
forecast_8638,2025-12-26 22:00:00,18459.93093332851,18501.556375947563,13426.401571515597
forecast_8639,2025-12-26 23:00:00,18743.394166005495,19492.228355214327,13743.251195866284
forecast_8640,2025-12-27 00:00:00,18886.321705853607,19310.43724219259,13626.158610570472
forecast_8641,2025-12-27 01:00:00,20197.173265944675,20297.961654723807,15052.574056991087
forecast_8642,2025-12-27 02:00:00,19894.227643457198,20205.73811758113,14714.206992119742
forecast_8643,2025-12-27 03:00:00,19887.3011301881,19934.905100589815,14414.348894066876
forecast_8644,2025-12-27 04:00:00,18852.461478366364,19883.59970541236,14433.690277470068
forecast_8645,2025-12-27 05:00:00,18800.735707784013,19816.167101682997,14451.440827352928
forecast_8646,2025-12-27 06:00:00,18654.82277191315,19207.713814224666,14096.685939296376
forecast_8647,2025-12-27 07:00:00,18458.168419887465,18944.4905027847,14516.491746683829
forecast_8648,2025-12-27 08:00:00,17890.634623191934,18542.230646042273,14424.92193655327
forecast_8649,2025-12-27 09:00:00,17053.210024639193,18190.585653205173,14301.497375137551
forecast_8650,2025-12-27 10:00:00,16036.32554527629,17571.153994659147,13601.571252710693
forecast_8651,2025-12-27 11:00:00,15469.633432680757,17158.34655278928,13077.122942365784
forecast_8652,2025-12-27 12:00:00,15501.198273148193,16768.263043636383,12804.368837334356
forecast_8653,2025-12-27 13:00:00,15573.114464688235,16948.375824763883,13295.810340313305
forecast_8654,2025-12-27 14:00:00,15556.67703889123,16874.178399410383,13349.671171349495
forecast_8655,2025-12-27 15:00:00,15204.805706204737,16445.466716143725,13094.881459692539
forecast_8656,2025-12-27 16:00:00,14698.634656385779,16680.282997334878,13062.107695905846
forecast_8657,2025-12-27 17:00:00,15189.349569201262,17173.757405197655,13963.250489435577
forecast_8658,2025-12-27 18:00:00,15883.063157958277,17590.661393183644,14907.620226007979
forecast_8659,2025-12-27 19:00:00,16525.879047917748,18191.90739152706,15502.467479966226
forecast_8660,2025-12-27 20:00:00,17399.525314299328,18515.13735647815,16156.560515202867
forecast_8661,2025-12-27 21:00:00,18020.584265922513,19887.09172053602,16820.726271382227
forecast_8662,2025-12-27 22:00:00,18316.711030429105,19876.133219055097,17750.266447250844
forecast_8663,2025-12-27 23:00:00,18325.59384948586,19823.87622838706,17857.05261203049
forecast_8664,2025-12-28 00:00:00,18401.27144175929,19883.9535110665,17612.967415876694
forecast_8665,2025-12-28 01:00:00,19216.193198388537,20047.406962277346,16876.121723896587
forecast_8666,2025-12-28 02:00:00,19482.897971861166,20319.673827096118,17388.993098651496
forecast_8667,2025-12-28 03:00:00,19916.9206855158,20309.075664018692,17217.358292029076
forecast_8668,2025-12-28 04:00:00,19891.820370231624,20319.433192937166,17476.948023013658
forecast_8669,2025-12-28 05:00:00,19886.38522517927,20318.47772372276,17270.979687757197
forecast_8670,2025-12-28 06:00:00,19890.719282576258,20318.363753959664,17180.378101747283
forecast_8671,2025-12-28 07:00:00,19894.967345664703,20332.165169879296,17407.52432765338
forecast_8672,2025-12-28 08:00:00,19881.075258309742,20306.976985240177,17253.616914712893
forecast_8673,2025-12-28 09:00:00,19306.92016409619,19931.882836645014,17002.21176641595
forecast_8674,2025-12-28 10:00:00,18348.797878760124,18739.7404815495,16973.65584649109
forecast_8675,2025-12-28 11:00:00,16714.885377815997,17854.07286588014,16554.22692069831
forecast_8676,2025-12-28 12:00:00,15445.889400613782,16421.916728939126,15994.46931060947
forecast_8677,2025-12-28 13:00:00,14620.657042033115,15804.8865797471,15159.692264613755
forecast_8678,2025-12-28 14:00:00,14601.452567150798,15402.367846239933,13371.394113721268
forecast_8679,2025-12-28 15:00:00,14655.32932507368,16017.767072637736,12916.546642383477
forecast_8680,2025-12-28 16:00:00,14998.177112559784,15903.511758730278,12993.476311208979
forecast_8681,2025-12-28 17:00:00,14815.630583159957,16203.371377930594,13345.063729912936
forecast_8682,2025-12-28 18:00:00,15023.707050575655,16688.26922164486,13091.087594087405
forecast_8683,2025-12-28 19:00:00,14981.539949909673,16780.586199356167,13026.500348856429
forecast_8684,2025-12-28 20:00:00,14648.268856844026,16949.12444618291,13021.64384813425
forecast_8685,2025-12-28 21:00:00,15592.663002678943,17260.642183677493,14017.964641427277
forecast_8686,2025-12-28 22:00:00,15569.30643580745,17707.103526105195,14332.768965173957
forecast_8687,2025-12-28 23:00:00,16272.466296579712,18125.103363458784,14842.909751209807
forecast_8688,2025-12-29 00:00:00,16045.880887787842,18151.40431672266,15187.242958955361
forecast_8689,2025-12-29 01:00:00,17790.29039992464,19465.08735079743,16950.17413956254
forecast_8690,2025-12-29 02:00:00,18181.39606428147,19199.004858367323,17018.45317005963
forecast_8691,2025-12-29 03:00:00,18781.853148770708,19534.385860038183,17361.158225705265
forecast_8692,2025-12-29 04:00:00,19026.18029865795,19748.533203369065,17552.016263939684
forecast_8693,2025-12-29 05:00:00,19425.50715109662,19897.250076958913,17526.921724909447
forecast_8694,2025-12-29 06:00:00,18987.692793561953,19890.932693483723,17265.29934207383
forecast_8695,2025-12-29 07:00:00,18698.454473008052,19868.928001699012,17075.227654590206
forecast_8696,2025-12-29 08:00:00,18916.68222023441,19774.37089049433,16900.77889843245
forecast_8697,2025-12-29 09:00:00,18545.55720964695,19230.44213353885,16423.646567857613
forecast_8698,2025-12-29 10:00:00,18283.18201201664,19855.774954511035,16193.488578486656
forecast_8699,2025-12-29 11:00:00,18128.701322481502,19928.090706793966,16216.851867876909
forecast_8700,2025-12-29 12:00:00,18183.366371683387,19875.32405295728,16207.425754301776
forecast_8701,2025-12-29 13:00:00,18347.30363146871,19673.564684796413,16069.312730567552
forecast_8702,2025-12-29 14:00:00,17619.139674717622,18105.009155822492,15557.971037762041
forecast_8703,2025-12-29 15:00:00,17210.02662377562,17680.256472783105,15596.373837495514
forecast_8704,2025-12-29 16:00:00,17036.94605536503,17600.21013560575,15380.79718083152
forecast_8705,2025-12-29 17:00:00,17449.54421464271,18277.63227933018,15405.11509977493
forecast_8706,2025-12-29 18:00:00,17702.499495754702,18595.98884154413,15530.061754452317
forecast_8707,2025-12-29 19:00:00,17897.19524097211,18384.05550628804,15327.188754264316
forecast_8708,2025-12-29 20:00:00,17009.617349774795,17891.954930522017,14482.908764430493
forecast_8709,2025-12-29 21:00:00,16361.181435238635,17646.94339616423,14701.085598245381
forecast_8710,2025-12-29 22:00:00,15613.575577852134,17163.326331861343,14034.357162828785
forecast_8711,2025-12-29 23:00:00,15531.788920793175,17137.371398998446,13473.80681127846
forecast_8712,2025-12-30 00:00:00,15261.585917161176,17362.15645454173,13152.363578762794
forecast_8713,2025-12-30 01:00:00,12126.472040163826,13964.407459437409,9070.119902196897
forecast_8714,2025-12-30 02:00:00,12141.527167582426,13408.471770221238,9030.799321664135
forecast_8715,2025-12-30 03:00:00,11611.48260933375,13029.920620644136,9064.475208568472
forecast_8716,2025-12-30 04:00:00,11552.662506763707,12921.283996406764,8815.234830423507
forecast_8717,2025-12-30 05:00:00,11472.58823347426,12936.520475843934,7911.126525812733
forecast_8718,2025-12-30 06:00:00,11611.327100940105,13228.151079223757,7449.749580692873
forecast_8719,2025-12-30 07:00:00,11372.845193964962,12774.803287911582,7018.787691535059
forecast_8720,2025-12-30 08:00:00,11036.500972150818,12000.277965734604,6537.434365507052
forecast_8721,2025-12-30 09:00:00,10472.366949410518,12337.93691527623,6245.16826046506
forecast_8722,2025-12-30 10:00:00,11043.646635135823,11911.419197235138,7204.0263154887625
forecast_8723,2025-12-30 11:00:00,10867.23759382804,11776.247532561852,7994.128018938968
forecast_8724,2025-12-30 12:00:00,11288.602007358617,11831.405946594365,7659.74070630281
forecast_8725,2025-12-30 13:00:00,11839.820319357881,12157.72943476866,8294.720650110477
forecast_8726,2025-12-30 14:00:00,12212.688851458659,12156.442625951076,8776.08712143572
forecast_8727,2025-12-30 15:00:00,12740.474303285113,12957.951008127382,8995.288822572591
forecast_8728,2025-12-30 16:00:00,12409.86021624353,13731.083279864342,9490.740530520512
forecast_8729,2025-12-30 17:00:00,12745.312071193837,14142.99875595458,9821.881593823562
forecast_8730,2025-12-30 18:00:00,12508.119544508578,13915.0750517482,9817.95259930431
forecast_8731,2025-12-30 19:00:00,12887.147269875819,14471.193471245262,9965.977978862004
forecast_8732,2025-12-30 20:00:00,13245.682781157233,14900.49999858808,10512.620238667569
forecast_8733,2025-12-30 21:00:00,13431.320455708272,15183.451683367333,11252.523418195115
forecast_8734,2025-12-30 22:00:00,13636.399350023528,15483.92274071002,11967.974759204426
forecast_8735,2025-12-30 23:00:00,14021.75375991274,15808.107542047906,12244.236144141723
forecast_8736,2025-12-31 00:00:00,14390.53532961489,16132.104365727055,12222.580641077197
forecast_8737,2025-12-31 01:00:00,14547.762981767262,17296.876761470234,12922.163504020731
forecast_8738,2025-12-31 02:00:00,14509.198212427134,17330.48257665237,12734.37885891844
forecast_8739,2025-12-31 03:00:00,15167.818548327596,17457.06796453772,13158.453048557514
forecast_8740,2025-12-31 04:00:00,15116.00216481006,17486.631994910982,12391.097838410637
forecast_8741,2025-12-31 05:00:00,15467.835488673045,17569.98225500074,12759.991510880413
forecast_8742,2025-12-31 06:00:00,15807.002880691201,17480.206941463643,12630.558306998319
forecast_8743,2025-12-31 07:00:00,15551.1651196736,17370.07691225519,12212.167602828878
forecast_8744,2025-12-31 08:00:00,14310.574864759603,16739.62394248454,12114.086597044105
forecast_8745,2025-12-31 09:00:00,13732.057723032212,15820.965364619626,11363.278781645233
forecast_8746,2025-12-31 10:00:00,12858.518220727712,14826.990995502596,10960.371173788028
forecast_8747,2025-12-31 11:00:00,11902.34226686061,13665.532668488198,10209.691634107288
forecast_8748,2025-12-31 12:00:00,11295.199979108953,12018.928559699323,9600.194009440662
forecast_8749,2025-12-31 13:00:00,10137.490230452664,11416.471606567253,8158.080872498585
forecast_8750,2025-12-31 14:00:00,9810.490274606567,10151.923560367239,7656.828666090088
forecast_8751,2025-12-31 15:00:00,9859.268763051612,10610.019912950715,7616.188647335428
forecast_8752,2025-12-31 16:00:00,10101.331513545323,11011.55748958373,8116.357190613666
forecast_8753,2025-12-31 17:00:00,10311.805904807723,11222.644752273796,8805.128122034219
forecast_8754,2025-12-31 18:00:00,10723.793415502721,11669.239335890852,9198.267726489075
forecast_8755,2025-12-31 19:00:00,11470.593351566204,12539.827552672343,9837.333758250594
forecast_8756,2025-12-31 20:00:00,12166.713208162391,13225.1230412419,9897.371600336292
forecast_8757,2025-12-31 21:00:00,13150.599848684646,14577.187257870733,10974.322951937986
forecast_8758,2025-12-31 22:00:00,14060.083453038715,15460.343467170764,11922.941444985861
forecast_8759,2025-12-31 23:00:00,15164.637123493076,16534.916653568314,12699.359538235325
forecast_8760,2026-01-01 00:00:00,15414.092706682919,16690.906749475744,12768.239951370088
